election_id,region_id,candidate_name,bloc,contest_votes,official_pred,err_pp,abs_err_pp,reproduced_legacy_pred,replacement_base_pred,base_stage_prediction,frozen_reproduction_difference,frozen_reproduction_guard_required,candidate_name_y,landscape_confidence,landscape_axis_conservative,landscape_axis_liberal,landscape_axis_progressive,landscape_axis_centrist,landscape_axis_anti_establishment,landscape_axis_reform,landscape_axis_regionalist,landscape_bloc_alignment,landscape_left_right,landscape_centrist,landscape_reform_anti_establishment,landscape_regionalist,landscape_legacy_confidence,landscape_legacy_blend,major_party_core_eligible,durable_core_raw,recent_bloc_base,critical_support_raw,bloc_vote_volatility,layer_effective_elections,direct_party_core_raw,candidate_ballot_core_raw,direct_party_recent_base,candidate_ballot_recent_base,direct_party_effective_elections,candidate_ballot_effective_elections,direct_party_reliability,candidate_personal_vote_raw,candidate_conversion_gap_raw,regional_accent_conservative_share,regional_accent_conservative_trend,regional_accent_conservative_volatility,regional_accent_conservative_reliability,regional_accent_liberal_share,regional_accent_liberal_trend,regional_accent_liberal_volatility,regional_accent_liberal_reliability,regional_accent_progressive_share,regional_accent_progressive_trend,regional_accent_progressive_volatility,regional_accent_progressive_reliability,regional_accent_centrist_share,regional_accent_centrist_trend,regional_accent_centrist_volatility,regional_accent_centrist_reliability,regional_accent_regionalist_share,regional_accent_regionalist_trend,regional_accent_regionalist_volatility,regional_accent_regionalist_reliability,regional_accent_reform_share,regional_accent_reform_trend,regional_accent_reform_volatility,regional_accent_reform_reliability,core_voting_mass,critical_voting_mass,swing_voting_mass,candidate_camp,candidate_camp_origin_weight,candidate_camp_claim,candidate_source_camp,candidate_claim_camp_conservative,candidate_claim_camp_liberal,candidate_claim_camp_progressive,candidate_claim_camp_centrist,regional_accent_signal,regional_accent_reliability,regional_accent_volatility,camp_core_voting_mass,camp_critical_voting_mass,camp_core_total,camp_critical_total,camp_swing_voting_mass,camp_core_regional_mean,camp_core_regional_lean,issue_pref_economy,issue_attention_economy,issue_pref_housing,issue_attention_housing,issue_pref_integrity_candidate,issue_attention_integrity_candidate,issue_pref_regime,issue_attention_regime,issue_pref_social,issue_attention_social,issue_pref_security,issue_attention_security,issue_pref_coalition,issue_attention_coalition,issue_pref_regional,issue_attention_regional,issue_preference_strength,issue_attention_strength,nonvoter_reservoir,join_slot,preliminary_slot,preliminary_mean_share,shadow_pred,pre_hierarchy_pred,slot,layer_pred,camp_regional_anchored_pred,regional_accent_signal_diagnostic,regional_accent_signal_scaled,regional_accent_reliability_diagnostic,regional_accent_log_shift,regional_accent_anchored_pred,camp_terrain_pred,camp_floor_anchored_pred,national_contestable_profile,camp_composition_pred,camp_anchored_pred,terrain_pred,anchored_pred,core_voting_mass_effective,critical_voting_mass_effective,swing_voting_mass_effective,core_preference_log_shift,critical_preference_log_shift,swing_preference_log_shift,preference_log_shift,turnout_log_shift,layer_pred_diagnostic,regional_offset_gain,regional_offset_target,regional_offset_shift,regional_offset_profile_source,regional_offset_profile_reliability,wasted_vote_resistance,major_party_gravity,strategic_transfer_confidence,strategic_lane_reservoir,strategic_lane_pressure,strategic_lane_transfer_out,strategic_lane_transfer_in,strategic_lane_transfer_net,lineage_identity_distinctiveness,lineage_identity_score,lineage_identity_log_shift,lineage_identity_transfer,lineage_identity_gain,lineage_identity_candidate_lineage,lineage_identity_evidence,direct_mega_issue,direct_mega_score,direct_mega_log_shift,government_direction_score,government_evidence_weight,government_evidence_count,government_negative_evidence_mass,government_positive_evidence_mass,government_negative_share,government_negative_issue_count,government_rejection_breadth,government_rejection_strength,mega_issue_intensity_response,party_base_resistance,conversion_resistance,incumbent_burden_resistance,incumbent_burden_exposure,government_burden_log_shift,rupture_extra_log_shift,incumbent_shock_log_shift,regime_core_floor,dominant_slot,runner_up_slot,contest_regime,dominance_activation,regime_base_activation,regime_rejection_activation,regime_certainty,regime_reliability,structural_score_gap,directional_advantage,cumulative_rejection_advantage,dominant_cumulative_rejection,runner_cumulative_rejection,contest_regime_log_shift,critical_regime_log_shift,swing_regime_log_shift,automatic_contest_response_gain,rejection_beneficiary_transfer_in,rejection_beneficiary_transfer_out,rejection_beneficiary_transfer_net,rejection_beneficiary_rate,rejection_beneficiary_core_floor,selected_stage,v24_pre_extension_pred,strong_veto_transfer_in,strong_veto_transfer_out,strong_veto_transfer_net,strong_veto_rate,strong_veto_projected_margin,strong_veto_rupture_floor_activation,strong_veto_effective_floor,v24_post_strong_veto_pred,v24_post_lineage_ceiling_pred,weak_lane_refusal_transfer_in,weak_lane_refusal_transfer_out,weak_lane_refusal_transfer_net,weak_lane_refusal_reservoir,weak_lane_refusal_rate,weak_lane_refusal_floor,v24_post_weak_lane_refusal_pred,predicted_share,v27_prior_election_vote_weight,v26_pre_regional_polarization_pred
pres_2025,sido_11,이재명,더불어민주당,6439139.0,,0.0,0.0,0.0,0.3333333333333333,0.3522110587340172,0.0,False,이재명,0.6666666666666665,0.2896721245338289,0.2694803092555142,0.1927200456185204,0.3388533344108213,0.4916281666208978,0.4620622309416932,0.0444649943024245,-0.0133271234205082,0.009654995848395,-0.0014988873637945,0.0113748022201705,-0.0042965297210332,0.0,0.0,0.0,0.3943268321224833,0.4212125409088231,0.0268857087863397,0.0656505871287893,35.06250786664815,0.3943268321224833,0.4255274279248547,0.4212125409088231,0.4682090657078718,14.02907786819996,21.03342999844819,0.8752267587415122,0.0469965247990487,0.0469965247990487,0.0,0.0,0.0,0.0,0.0,0.0,0.0,0.0,0.0,0.0,0.0,0.0,0.0,0.0,0.0,0.0,0.0,0.0,0.0,0.0,0.0,0.0,0.0,0.0,0.3845110885888714,0.0262164588122875,0.0999999999999998,0.0,1.0,1.0,0.0,0.0,0.8355622415872942,0.0,0.0,0.0,0.0,0.0,0.3845110885888714,0.0219054830916759,0.7611241181323437,0.1388758818676564,0.0999999999999998,0.3820726113902847,0.0024384771985867,0.0,0.0,0.0,0.0,0.0,0.0,0.0,0.0,0.0,0.0,0.0,0.0,0.0,0.0,0.0,0.0,0.0,0.0,0.0,A,B,0.3231645941150721,0.3522110587340172,0.3532932458600065,A,0.5603003692096424,0.3522110587340172,0.0,0.0,0.0,0.0,0.3522110587340172,0.3845110885888714,0.3522110587340172,3.597361467823355e-09,0.3845110894481943,0.3522110587340172,0.4459486532745606,0.3639282580515851,0.3236640176176025,0.0220678275314033,0.0181964129025792,0.0,0.0,0.0,0.0,0.0,0.3639282580515852,0.0,0.3639282580515852,0.0,none,0.0,0.0,0.0,0.0,0.0,0.0,0.0,0.0,0.0,0.0,0.0,0.0,0.0,0.0,,none,,0.0,0.0,0.0,0.0,0.0,0.0,0.0,0.0,0.0,0.0,0.0,2.0,1.0,0.0,1.0,0.0,0.0,0.0,0.0,0.2832794090607099,A,B,rupture_landslide,1.0,1.0,1.0,1.0,0.8635527978308968,0.0783465085851456,0.2864759333307043,0.1357048353688699,-0.0,0.1357048353688699,0.6499999999999999,0.4874999999999999,0.8124999999999999,0.6499999999999999,0.0,0.0,0.0,0.0,0.2832794090607099,structural_mega_shock_regime,0.4159250074274386,0.046336169058614,0.0,0.046336169058614,0.1572516557269645,0.1078253881362512,0.894435410009439,0.0,0.4622611764860527,0.5550170395283577,0.0052833296812843,0.0,0.0052833296812843,0.0,0.0,0.0,0.5603003692096421,0.5603003692096424,6439139.0,0.5603003692096421
pres_2025,sido_26,이재명,더불어민주당,2180178.0,,0.0,0.0,0.0,0.3333333333333333,0.2653125557427138,0.0,False,이재명,0.6666666666666665,0.2896721245338289,0.2694803092555142,0.1927200456185204,0.3388533344108213,0.4916281666208978,0.4620622309416932,0.0444649943024245,-0.0133271234205082,0.009654995848395,-0.0014988873637945,0.0113748022201705,-0.0042965297210332,0.0,0.0,0.0,0.3054198612100216,0.3395769866689582,0.0341571254589366,0.0793605811254056,34.35675871001022,0.3088718342321752,0.2812058620466623,0.3395769866689582,0.3379298708265014,14.02907786819996,20.32768084181026,0.8752267587415122,0.0,-0.0016471158424568,0.0,0.0,0.0,0.0,0.0,0.0,0.0,0.0,0.0,0.0,0.0,0.0,0.0,0.0,0.0,0.0,0.0,0.0,0.0,0.0,0.0,0.0,0.0,0.0,0.2967645799337299,0.0331891480416677,0.0999999999999999,0.0,1.0,1.0,0.0,0.0,0.8355622415872942,0.0,0.0,0.0,0.0,0.0,0.2967645799337299,0.0277315989340684,0.777238187091744,0.122761812908256,0.0999999999999998,0.3820726113902847,-0.0853080314565548,0.0,0.0,0.0,0.0,0.0,0.0,0.0,0.0,0.0,0.0,0.0,0.0,0.0,0.0,0.0,0.0,0.0,0.0,0.0,A,B,0.3231645941150721,0.2653125557427138,0.2659302376556051,A,0.48361315896373874,0.2653125557427139,0.0,0.0,0.0,0.0,0.2653125557427139,0.2967645799337299,0.2653125557427139,3.597361467823355e-09,0.2967645807350846,0.2653125557427139,0.356484983549669,0.2767091092185832,0.2364319079275617,0.0264417458300923,0.0138354554609291,0.0,0.0,0.0,0.0,0.0,0.2767091092185832,0.0,0.2767091092185832,0.0,none,0.0,0.0,0.0,0.0,0.0,0.0,0.0,0.0,0.0,0.0,0.0,0.0,0.0,0.0,,none,,0.0,0.0,0.0,0.0,0.0,0.0,0.0,0.0,0.0,0.0,0.0,2.0,1.0,0.0,1.0,0.0,0.0,0.0,0.0,0.2069315324385115,A,B,rupture_landslide,1.0,1.0,1.0,1.0,0.8635527978308968,0.0783465085851456,0.2864759333307043,0.1357048353688699,-0.0,0.1357048353688699,0.6499999999999999,0.4874999999999999,0.8124999999999999,0.6499999999999999,0.0,0.0,0.0,0.0,0.2069315324385115,structural_mega_shock_regime,0.3520837748186185,0.063212895646467,0.0,0.063212895646467,0.1572516557269645,0.1078253881362512,0.894435410009439,0.0,0.4152966704650855,0.4809988393391941,0.0026143196245468,0.0,0.0026143196245468,0.0,0.0,0.0,0.483613158963741,0.48361315896373874,2180178.0,0.483613158963741
pres_2025,sido_27,이재명,더불어민주당,1596806.0,,0.0,0.0,0.0,0.3333333333333333,0.1062625645161674,0.0,False,이재명,0.6666666666666665,0.2896721245338289,0.2694803092555142,0.1927200456185204,0.3388533344108213,0.4916281666208978,0.4620622309416932,0.0444649943024245,-0.0133271234205082,0.009654995848395,-0.0014988873637945,0.0113748022201705,-0.0042965297210332,0.0,0.0,0.0,0.1748212876601016,0.2080641789691696,0.033242891309068,0.0663556337948098,33.667672371790005,0.1818766670726151,0.1253310540761785,0.2080641789691696,0.190743456122455,14.02907786819996,19.63859450359005,0.8752267587415122,0.0,-0.0173207228467145,0.0,0.0,0.0,0.0,0.0,0.0,0.0,0.0,0.0,0.0,0.0,0.0,0.0,0.0,0.0,0.0,0.0,0.0,0.0,0.0,0.0,0.0,0.0,0.0,0.1671013094632183,0.0317749099233781,0.0999999999999999,0.0,1.0,1.0,0.0,0.0,0.8355622415872942,0.0,0.0,0.0,0.0,0.0,0.1671013094632183,0.0265499149618121,0.7677312446850216,0.1322687553149784,0.0999999999999999,0.3820726113902847,-0.2149713019270663,0.0,0.0,0.0,0.0,0.0,0.0,0.0,0.0,0.0,0.0,0.0,0.0,0.0,0.0,0.0,0.0,0.0,0.0,0.0,A,B,0.3231645941150721,0.1062625645161674,0.1064922770098679,A,0.33699877149043417,0.1062625645161674,0.0,0.0,0.0,0.0,0.1062625645161674,0.1671013094632183,0.1062625645161674,3.597361467823355e-09,0.167101310298773,0.1062625645161674,0.2095024758382132,0.1191675534314231,0.0951214859728868,0.0180876897869651,0.0059583776715711,0.0,0.0,0.0,0.0,0.0,0.1191675534314231,0.0,0.1191675534314231,0.0,none,0.0,0.0,0.0,0.0,0.0,0.0,0.0,0.0,0.0,0.0,0.0,0.0,0.0,0.0,,none,,0.0,0.0,0.0,0.0,0.0,0.0,0.0,0.0,0.0,0.0,0.0,2.0,1.0,0.0,1.0,0.0,0.0,0.0,0.0,0.0832528698547259,A,B,rupture_landslide,1.0,1.0,1.0,1.0,0.8635527978308968,0.0783465085851456,0.2864759333307043,0.1357048353688699,-0.0,0.1357048353688699,0.6499999999999999,0.4874999999999999,0.8124999999999999,0.6499999999999999,0.0,0.0,0.0,0.0,0.0832528698547259,structural_mega_shock_regime,0.2095219289300059,0.0844596284121869,0.0,0.0844596284121869,0.1572516557269645,0.1078253881362512,0.894435410009439,0.0,0.2939815573421929,0.3351797421148926,0.0018190293755408,0.0,0.0018190293755408,0.0,0.0,0.0,0.3369987714904335,0.33699877149043417,1596806.0,0.3369987714904335
pres_2025,sido_28,이재명,더불어민주당,1867054.0,,0.0,0.0,0.0,0.3333333333333333,0.3691984292295733,0.0,False,이재명,0.6666666666666665,0.2896721245338289,0.2694803092555142,0.1927200456185204,0.3388533344108213,0.4916281666208978,0.4620622309416932,0.0444649943024245,-0.0133271234205082,0.009654995848395,-0.0014988873637945,0.0113748022201705,-0.0042965297210332,0.0,0.0,0.0,0.3933174165746846,0.4272914162253518,0.0339739996506671,0.082563239526873,34.70813157875724,0.3933174165746846,0.4124647625273149,0.4272914162253518,0.4568958200477477,14.02907786819996,20.67905371055728,0.8752267587415122,0.0296044038223959,0.0296044038223959,0.0,0.0,0.0,0.0,0.0,0.0,0.0,0.0,0.0,0.0,0.0,0.0,0.0,0.0,0.0,0.0,0.0,0.0,0.0,0.0,0.0,0.0,0.0,0.0,0.385499735361537,0.0332987234294473,0.1,0.0,1.0,1.0,0.0,0.0,0.8355622415872942,0.0,0.0,0.0,0.0,0.0,0.385499735361537,0.0278231559907043,0.7629448654001488,0.1370551345998511,0.1,0.3820726113902847,0.0034271239712522,0.0,0.0,0.0,0.0,0.0,0.0,0.0,0.0,0.0,0.0,0.0,0.0,0.0,0.0,0.0,0.0,0.0,0.0,0.0,A,B,0.3231645941150721,0.3691984292295733,0.3702734944392507,A,0.5797682040013353,0.3691984292295733,0.0,0.0,0.0,0.0,0.3691984292295733,0.385499735361537,0.3691984292295733,3.597361467823355e-09,0.38549973621431,0.3691984292295733,0.4557183017139417,0.3800134132901194,0.3323085694872968,0.0287041731383165,0.019000670664506,0.0,0.0,0.0,0.0,0.0,0.3800134132901194,0.0,0.3800134132901194,0.0,none,0.0,0.0,0.0,0.0,0.0,0.0,0.0,0.0,0.0,0.0,0.0,0.0,0.0,0.0,,none,,0.0,0.0,0.0,0.0,0.0,0.0,0.0,0.0,0.0,0.0,0.0,2.0,1.0,0.0,1.0,0.0,0.0,0.0,0.0,0.2908453521743954,A,B,rupture_landslide,1.0,1.0,1.0,1.0,0.8635527978308968,0.0783465085851456,0.2864759333307043,0.1357048353688699,-0.0,0.1357048353688699,0.6499999999999999,0.4874999999999999,0.8124999999999999,0.6499999999999999,0.0,0.0,0.0,0.0,0.2908453521743954,structural_mega_shock_regime,0.4346036427912005,0.0457677908984556,0.0,0.0457677908984556,0.1572516557269645,0.1078253881362512,0.894435410009439,0.0,0.4803714336896562,0.5751401194804519,0.0046280845208828,0.0,0.0046280845208828,0.0,0.0,0.0,0.5797682040013347,0.5797682040013353,1867054.0,0.5797682040013347
pres_2025,sido_29,이재명,더불어민주당,978601.0,,0.0,0.0,0.0,0.3333333333333333,0.7000023780928258,0.0,False,이재명,0.6666666666666665,0.2896721245338289,0.2694803092555142,0.1927200456185204,0.3388533344108213,0.4916281666208978,0.4620622309416932,0.0444649943024245,-0.0133271234205082,0.009654995848395,-0.0014988873637945,0.0113748022201705,-0.0042965297210332,0.0,0.0,0.0,0.6863614049784048,0.6867728656799058,0.0004114607015009,0.0831226153602848,34.70813157875724,0.6863614049784047,0.7516571637595643,0.6867728656799058,0.7935430509068995,14.02907786819996,20.67905371055728,0.8752267587415122,0.1067701852269936,0.1067701852269936,0.0,0.0,0.0,0.0,0.0,0.0,0.0,0.0,0.0,0.0,0.0,0.0,0.0,0.0,0.0,0.0,0.0,0.0,0.0,0.0,0.0,0.0,0.0,0.0,0.6863614049784048,0.0004114607015009,0.160869101038261,0.0,1.0,1.0,0.0,0.0,0.8355622415872942,0.0,0.0,0.0,0.0,0.0,0.6863614049784048,0.0003438010260712,0.7304862471969895,0.1086446517647494,0.160869101038261,0.3820726113902847,0.3042887935881201,0.0,0.0,0.0,0.0,0.0,0.0,0.0,0.0,0.0,0.0,0.0,0.0,0.0,0.0,0.0,0.0,0.0,0.0,0.0,A,B,0.3231645941150721,0.7000023780928258,0.7023480235680286,A,0.8527162062319993,0.700002378092826,0.0,0.0,0.0,0.0,0.700002378092826,0.6991681265118943,0.700002378092826,3.597361467823355e-09,0.6863614059479431,0.700002378092826,0.7993816189683436,0.7124247832022657,0.6763980561801148,0.0004054878620375,0.0356212391601132,0.0,0.0,0.0,0.0,0.0,0.7124247832022657,0.0,0.7124247832022657,0.0,none,0.0,0.0,0.0,0.0,0.0,0.0,0.0,0.0,0.0,0.0,0.0,0.0,0.0,0.0,,none,,0.0,0.0,0.0,0.0,0.0,0.0,0.0,0.0,0.0,0.0,0.0,2.0,1.0,0.0,1.0,0.0,0.0,0.0,0.0,0.5920016783295812,A,B,rupture_landslide,1.0,1.0,1.0,1.0,0.8635527978308968,0.0783465085851456,0.2864759333307043,0.1357048353688699,-0.0,0.1357048353688699,0.6499999999999999,0.4874999999999999,0.8124999999999999,0.6499999999999999,0.0,0.0,0.0,0.0,0.5920016783295812,structural_mega_shock_regime,0.7182233474273056,0.0021473871491233,0.0,0.0021473871491233,0.1572516557269645,0.1078253881362512,0.894435410009439,0.0,0.720370734576429,0.8326877817149912,0.0200284245170085,0.0,0.0200284245170085,0.0,0.0,0.0,0.8527162062319998,0.8527162062319993,978601.0,0.8527162062319998
pres_2025,sido_30,이재명,더불어민주당,936401.0,,0.0,0.0,0.0,0.3333333333333333,0.3404982189171094,0.0,False,이재명,0.6666666666666665,0.2896721245338289,0.2694803092555142,0.1927200456185204,0.3388533344108213,0.4916281666208978,0.4620622309416932,0.0444649943024245,-0.0133271234205082,0.009654995848395,-0.0014988873637945,0.0113748022201705,-0.0042965297210332,0.0,0.0,0.0,0.3694777649206199,0.409166057516259,0.0396882925956391,0.0971202791007463,34.522429958879755,0.3694777649206199,0.3704285830542227,0.409166057516259,0.4463664696038951,14.02907786819996,20.4933520906798,0.8752267587415122,0.037200412087636,0.037200412087636,0.0,0.0,0.0,0.0,0.0,0.0,0.0,0.0,0.0,0.0,0.0,0.0,0.0,0.0,0.0,0.0,0.0,0.0,0.0,0.0,0.0,0.0,0.0,0.0,0.360628023190121,0.0387376775044405,0.0999999999999999,0.0,1.0,1.0,0.0,0.0,0.8355622415872942,0.0,0.0,0.0,0.0,0.0,0.360628023190121,0.032367740649496,0.6887439079916914,0.2112560920083086,0.0999999999999999,0.3820726113902847,-0.0214445882001636,0.0,0.0,0.0,0.0,0.0,0.0,0.0,0.0,0.0,0.0,0.0,0.0,0.0,0.0,0.0,0.0,0.0,0.0,0.0,A,B,0.3231645941150721,0.3404982189171094,0.3417108191479817,A,0.5296236177847529,0.3404982189171094,0.0,0.0,0.0,0.0,0.3404982189171094,0.3606280231901211,0.3404982189171094,3.597361467823355e-09,0.3606280243098217,0.3404982189171094,0.4334155225862725,0.3521128818757548,0.3020607019939338,0.0324465357880332,0.0176056440937877,0.0,0.0,0.0,0.0,0.0,0.3521128818757548,0.0,0.3521128818757548,0.0,none,0.0,0.0,0.0,0.0,0.0,0.0,0.0,0.0,0.0,0.0,0.0,0.0,0.0,0.0,,none,,0.0,0.0,0.0,0.0,0.0,0.0,0.0,0.0,0.0,0.0,0.0,2.0,1.0,0.0,1.0,0.0,0.0,0.0,0.0,0.2643716091493366,A,B,rupture_landslide,1.0,1.0,1.0,1.0,0.8635527978308968,0.0783465085851456,0.2864759333307043,0.1357048353688699,-0.0,0.1357048353688699,0.6499999999999999,0.4874999999999999,0.8124999999999999,0.6499999999999999,0.0,0.0,0.0,0.0,0.2643716091493366,structural_mega_shock_regime,0.4011163436125255,0.0422393246639609,0.0,0.0422393246639609,0.1572516557269645,0.1078253881362512,0.894435410009439,0.0,0.4433556682764864,0.5201065354407018,0.0095170823440504,0.0,0.0095170823440504,0.0,0.0,0.0,0.5296236177847523,0.5296236177847529,936401.0,0.5296236177847523
pres_2025,sido_31,이재명,더불어민주당,728390.0,,0.0,0.0,0.0,0.3333333333333333,0.259240797265962,0.0,False,이재명,0.6666666666666665,0.2896721245338289,0.2694803092555142,0.1927200456185204,0.3388533344108213,0.4916281666208978,0.4620622309416932,0.0444649943024245,-0.0133271234205082,0.009654995848395,-0.0014988873637945,0.0113748022201705,-0.0042965297210332,0.0,0.0,0.0,0.2457411422180484,0.3059443086361247,0.0602031664180763,0.1133420463343305,31.930221309628195,0.2596533381291737,0.1541746935159604,0.3059443086361247,0.2997813670850028,13.163478905420616,18.76674240420758,0.8681041459895431,0.0,-0.0061629415511219,0.0,0.0,0.0,0.0,0.0,0.0,0.0,0.0,0.0,0.0,0.0,0.0,0.0,0.0,0.0,0.0,0.0,0.0,0.0,0.0,0.0,0.0,0.0,0.0,0.2457411422180484,0.0602031664180763,0.1577469575465357,0.0,1.0,1.0,0.0,0.0,0.8355622415872942,0.0,0.0,0.0,0.0,0.0,0.2457411422180484,0.0503034926829407,0.694167092866242,0.1480859495872222,0.1577469575465357,0.3820726113902847,-0.1363314691722362,0.0,0.0,0.0,0.0,0.0,0.0,0.0,0.0,0.0,0.0,0.0,0.0,0.0,0.0,0.0,0.0,0.0,0.0,0.0,A,B,0.3231645941150721,0.259240797265962,0.2599413498520609,A,0.4952743478979531,0.2592407972659619,0.0,0.0,0.0,0.0,0.2592407972659619,0.2592407972659619,0.2592407972659619,3.597361467823355e-09,0.2457411433182399,0.2592407972659619,0.3468387556767685,0.2701905420673128,0.2061717901670436,0.0505092247969034,0.0135095271033656,0.0,0.0,0.0,0.0,0.0,0.2701905420673128,0.0,0.2701905420673128,0.0,none,0.0,0.0,0.0,0.0,0.0,0.0,0.0,0.0,0.0,0.0,0.0,0.0,0.0,0.0,,none,,0.0,0.0,0.0,0.0,0.0,0.0,0.0,0.0,0.0,0.0,0.0,2.0,1.0,0.0,1.0,0.0,0.0,0.0,0.0,0.1789785858300967,A,B,rupture_landslide,1.0,1.0,1.0,1.0,0.8635527978308968,0.0783465085851456,0.2864759333307043,0.1357048353688699,-0.0,0.1357048353688699,0.6499999999999999,0.4874999999999999,0.8124999999999999,0.6499999999999999,0.0,0.0,0.0,0.0,0.1789785858300967,structural_mega_shock_regime,0.3491923045743401,0.0592511668597652,0.0,0.0592511668597652,0.1572516557269645,0.1078253881362512,0.894435410009439,0.0,0.4084434714341054,0.4925931310134426,0.0026812168845128,0.0,0.0026812168845128,0.0,0.0,0.0,0.4952743478979554,0.4952743478979531,728390.0,0.4952743478979554
pres_2025,sido_36,이재명,더불어민주당,229891.0,,0.0,0.0,0.0,0.3333333333333333,0.3897774804659818,0.0,False,이재명,0.6666666666666665,0.2896721245338289,0.2694803092555142,0.1927200456185204,0.3388533344108213,0.4916281666208978,0.4620622309416932,0.0444649943024245,-0.0133271234205082,0.009654995848395,-0.0014988873637945,0.0113748022201705,-0.0042965297210332,0.0,0.0,0.0,0.438544925344059,0.4709459123658089,0.0324009870217499,0.0803724902869325,15.790646940971822,0.438544925344059,0.4782520893528443,0.4709459123658089,0.482140147534863,6.549710037541216,9.240936903430606,0.766073938037883,0.0111942351690541,0.0111942351690541,0.0,0.0,0.0,0.0,0.0,0.0,0.0,0.0,0.0,0.0,0.0,0.0,0.0,0.0,0.0,0.0,0.0,0.0,0.0,0.0,0.0,0.0,0.0,0.0,0.4308259472584656,0.0318306862513641,0.0999999999999999,0.0,1.0,1.0,0.0,0.0,0.8355622415872942,0.0,0.0,0.0,0.0,0.0,0.4308259472584656,0.0265965195554517,0.682276405747414,0.2177235942525859,0.0999999999999999,0.3820726113902847,0.0487533358681809,0.0,0.0,0.0,0.0,0.0,0.0,0.0,0.0,0.0,0.0,0.0,0.0,0.0,0.0,0.0,0.0,0.0,0.0,0.0,A,B,0.3231645941150721,0.3897774804659818,0.3910877139988008,A,0.6147696532056922,0.3897774804659818,0.0,0.0,0.0,0.0,0.3897774804659818,0.4308259472584656,0.3897774804659818,3.597361467823355e-09,0.4308259484014322,0.3897774804659818,0.5016343815564279,0.4037595931022876,0.3571819611688879,0.0263896522782853,0.0201879796551143,0.0,0.0,0.0,0.0,0.0,0.4037595931022875,0.0,0.4037595931022875,0.0,none,0.0,0.0,0.0,0.0,0.0,0.0,0.0,0.0,0.0,0.0,0.0,0.0,0.0,0.0,,none,,0.0,0.0,0.0,0.0,0.0,0.0,0.0,0.0,0.0,0.0,0.0,2.0,1.0,0.0,1.0,0.0,0.0,0.0,0.0,0.2736277915887442,A,B,rupture_landslide,1.0,1.0,1.0,1.0,0.8635527978308968,0.0783465085851456,0.2864759333307043,0.1357048353688699,-0.0,0.1357048353688699,0.6499999999999999,0.4874999999999999,0.8124999999999999,0.6499999999999999,0.0,0.0,0.0,0.0,0.2736277915887442,structural_mega_shock_regime,0.4760526909900148,0.0351264093092469,0.0,0.0351264093092469,0.1572516557269645,0.1078253881362512,0.894435410009439,0.0,0.5111791002992617,0.6051811168690844,0.0095885363366068,0.0,0.0095885363366068,0.0,0.0,0.0,0.6147696532056912,0.6147696532056922,229891.0,0.6147696532056912
pres_2025,sido_41,이재명,더불어민주당,8691376.0,,0.0,0.0,0.0,0.3333333333333333,0.3785873811430518,0.0,False,이재명,0.6666666666666665,0.2896721245338289,0.2694803092555142,0.1927200456185204,0.3388533344108213,0.4916281666208978,0.4620622309416932,0.0444649943024245,-0.0133271234205082,0.009654995848395,-0.0014988873637945,0.0113748022201705,-0.0042965297210332,0.0,0.0,0.0,0.3944024483838901,0.4257402265847109,0.0313377782008207,0.0767549849167038,34.775343292054046,0.3944024483838901,0.4212375645405484,0.4257402265847109,0.4703347355294481,14.02907786819996,20.746265423854087,0.8752267587415122,0.0445945089447372,0.0445945089447372,0.0,0.0,0.0,0.0,0.0,0.0,0.0,0.0,0.0,0.0,0.0,0.0,0.0,0.0,0.0,0.0,0.0,0.0,0.0,0.0,0.0,0.0,0.0,0.0,0.3871212311133439,0.0307592392673244,0.0999999999999999,0.0,1.0,1.0,0.0,0.0,0.8355622415872942,0.0,0.0,0.0,0.0,0.0,0.3871212311133439,0.0257012589117255,0.7597735145667994,0.1402264854332006,0.0999999999999999,0.3820726113902847,0.0050486197230592,0.0,0.0,0.0,0.0,0.0,0.0,0.0,0.0,0.0,0.0,0.0,0.0,0.0,0.0,0.0,0.0,0.0,0.0,0.0,A,B,0.3231645941150721,0.3785873811430518,0.3797037794751556,A,0.5842196604645999,0.3785873811430518,0.0,0.0,0.0,0.0,0.3785873811430518,0.3871212311133439,0.3785873811430518,3.597361467823355e-09,0.3871212319775254,0.3785873811430518,0.4557392084949734,0.3882313595620419,0.3416717982701562,0.0271479933137836,0.019411567978102,0.0,0.0,0.0,0.0,0.0,0.388231359562042,0.0,0.388231359562042,0.0,none,0.0,0.0,0.0,0.0,0.0,0.0,0.0,0.0,0.0,0.0,0.0,0.0,0.0,0.0,,none,,0.0,0.0,0.0,0.0,0.0,0.0,0.0,0.0,0.0,0.0,0.0,2.0,1.0,0.0,1.0,0.0,0.0,0.0,0.0,0.2990403005533726,A,B,rupture_landslide,1.0,1.0,1.0,1.0,0.8635527978308968,0.0783465085851456,0.2864759333307043,0.1357048353688699,-0.0,0.1357048353688699,0.6499999999999999,0.4874999999999999,0.8124999999999999,0.6499999999999999,0.0,0.0,0.0,0.0,0.2990403005533726,structural_mega_shock_regime,0.4409300740612353,0.0444209731742855,0.0,0.0444209731742855,0.1572516557269645,0.1078253881362512,0.894435410009439,0.0,0.4853510472355209,0.5790704457447041,0.005149214719895,0.0,0.005149214719895,0.0,0.0,0.0,0.5842196604645992,0.5842196604645999,8691376.0,0.5842196604645992
pres_2025,sido_42,이재명,더불어민주당,1005840.0,,0.0,0.0,0.0,0.3333333333333333,0.2780182003575578,0.0,False,이재명,0.6666666666666665,0.2896721245338289,0.2694803092555142,0.1927200456185204,0.3388533344108213,0.4916281666208978,0.4620622309416932,0.0444649943024245,-0.0133271234205082,0.009654995848395,-0.0014988873637945,0.0113748022201705,-0.0042965297210332,0.0,0.0,0.0,0.3423429278880955,0.3725187825114813,0.0301758546233857,0.0747601160972957,35.06250786664815,0.342374967974541,0.342118181454272,0.3725187825114813,0.3892322366437145,14.02907786819996,21.03342999844819,0.8752267587415122,0.0167134541322331,0.0167134541322331,0.0,0.0,0.0,0.0,0.0,0.0,0.0,0.0,0.0,0.0,0.0,0.0,0.0,0.0,0.0,0.0,0.0,0.0,0.0,0.0,0.0,0.0,0.0,0.0,0.3335209513957015,0.0293982405456899,0.0999999999999999,0.0,1.0,1.0,0.0,0.0,0.8355622415872942,0.0,0.0,0.0,0.0,0.0,0.3335209513957015,0.0245640597690791,0.7854029767162176,0.1145970232837823,0.0999999999999998,0.3820726113902847,-0.0485516599945832,0.0,0.0,0.0,0.0,0.0,0.0,0.0,0.0,0.0,0.0,0.0,0.0,0.0,0.0,0.0,0.0,0.0,0.0,0.0,A,B,0.3231645941150721,0.2780182003575578,0.278705428152915,A,0.5050295715562936,0.2780182003575578,0.0,0.0,0.0,0.0,0.2780182003575578,0.3335209513957015,0.2780182003575578,3.597361467823355e-09,0.3335209521676845,0.2780182003575578,0.3907210119771471,0.2921060518100065,0.2550218228956492,0.0224789263238568,0.0146053025905003,0.0,0.0,0.0,0.0,0.0,0.2921060518100065,0.0,0.2921060518100065,0.0,none,0.0,0.0,0.0,0.0,0.0,0.0,0.0,0.0,0.0,0.0,0.0,0.0,0.0,0.0,,none,,0.0,0.0,0.0,0.0,0.0,0.0,0.0,0.0,0.0,0.0,0.0,2.0,1.0,0.0,1.0,0.0,0.0,0.0,0.0,0.223201923461311,A,B,rupture_landslide,1.0,1.0,1.0,1.0,0.8635527978308968,0.0783465085851456,0.2864759333307043,0.1357048353688699,-0.0,0.1357048353688699,0.6499999999999999,0.4874999999999999,0.8124999999999999,0.6499999999999999,0.0,0.0,0.0,0.0,0.223201923461311,structural_mega_shock_regime,0.3670251587084343,0.0597028419293101,0.0,0.0597028419293101,0.1572516557269645,0.1078253881362512,0.894435410009439,0.0,0.4267280006377445,0.5023908829718705,0.0026386885844226,0.0,0.0026386885844226,0.0,0.0,0.0,0.5050295715562931,0.5050295715562936,1005840.0,0.5050295715562931
pres_2025,sido_43,이재명,더불어민주당,1010209.0,,0.0,0.0,0.0,0.3333333333333333,0.3220883822966306,0.0,False,이재명,0.6666666666666665,0.2896721245338289,0.2694803092555142,0.1927200456185204,0.3388533344108213,0.4916281666208978,0.4620622309416932,0.0444649943024245,-0.0133271234205082,0.009654995848395,-0.0014988873637945,0.0113748022201705,-0.0042965297210332,0.0,0.0,0.0,0.3694278398156161,0.3997848725511403,0.0303570327355242,0.0740523736347662,34.87546419219996,0.3694278398156161,0.386712091884954,0.3997848725511403,0.432456498624689,14.02907786819996,20.846386324000004,0.8752267587415122,0.0326716260735486,0.0326716260735486,0.0,0.0,0.0,0.0,0.0,0.0,0.0,0.0,0.0,0.0,0.0,0.0,0.0,0.0,0.0,0.0,0.0,0.0,0.0,0.0,0.0,0.0,0.0,0.0,0.362910001186268,0.0298214416963249,0.1,0.0,1.0,1.0,0.0,0.0,0.8355622415872942,0.0,0.0,0.0,0.0,0.0,0.362910001186268,0.024917670671146,0.7609169750732592,0.1390830249267407,0.1,0.3820726113902847,-0.0191626102040167,0.0,0.0,0.0,0.0,0.0,0.0,0.0,0.0,0.0,0.0,0.0,0.0,0.0,0.0,0.0,0.0,0.0,0.0,0.0,A,B,0.3231645941150721,0.3220883822966306,0.3230076199436522,A,0.53376939611399,0.3220883822966306,0.0,0.0,0.0,0.0,0.3220883822966306,0.362910001186268,0.3220883822966306,3.597361467823355e-09,0.362910002046336,0.3220883822966306,0.424940281112256,0.3349448696485838,0.2940357920971169,0.0241618340690377,0.0167472434824292,0.0,0.0,0.0,0.0,0.0,0.3349448696485838,0.0,0.3349448696485838,0.0,none,0.0,0.0,0.0,0.0,0.0,0.0,0.0,0.0,0.0,0.0,0.0,0.0,0.0,0.0,,none,,0.0,0.0,0.0,0.0,0.0,0.0,0.0,0.0,0.0,0.0,0.0,2.0,1.0,0.0,1.0,0.0,0.0,0.0,0.0,0.2573479932711527,A,B,rupture_landslide,1.0,1.0,1.0,1.0,0.8635527978308968,0.0783465085851456,0.2864759333307043,0.1357048353688699,-0.0,0.1357048353688699,0.6499999999999999,0.4874999999999999,0.8124999999999999,0.6499999999999999,0.0,0.0,0.0,0.0,0.2573479932711527,structural_mega_shock_regime,0.3932733773847553,0.051714356908056,0.0,0.051714356908056,0.1572516557269645,0.1078253881362512,0.894435410009439,0.0,0.4449877342928113,0.529495677275457,0.0042737188385337,0.0,0.0042737188385337,0.0,0.0,0.0,0.5337693961139907,0.53376939611399,1010209.0,0.5337693961139907
pres_2025,sido_44,이재명,더불어민주당,1312113.0,,0.0,0.0,0.0,0.3333333333333333,0.3016408781731783,0.0,False,이재명,0.6666666666666665,0.2896721245338289,0.2694803092555142,0.1927200456185204,0.3388533344108213,0.4916281666208978,0.4620622309416932,0.0444649943024245,-0.0133271234205082,0.009654995848395,-0.0014988873637945,0.0113748022201705,-0.0042965297210332,0.0,0.0,0.0,0.3334651714290529,0.3724872301504685,0.0390220587214155,0.0960706500280008,34.87546419219996,0.3334651714290529,0.3527074205802574,0.3724872301504685,0.4146261582870291,14.02907786819996,20.846386324000004,0.8752267587415122,0.0421389281365606,0.0421389281365606,0.0,0.0,0.0,0.0,0.0,0.0,0.0,0.0,0.0,0.0,0.0,0.0,0.0,0.0,0.0,0.0,0.0,0.0,0.0,0.0,0.0,0.0,0.0,0.0,0.3334651714290529,0.0390220587214155,0.1149520178630706,0.0,1.0,1.0,0.0,0.0,0.8355622415872942,0.0,0.0,0.0,0.0,0.0,0.3334651714290529,0.032605358856617,0.6981691486185684,0.1868788335183609,0.1149520178630706,0.3820726113902847,-0.0486074399612317,0.0,0.0,0.0,0.0,0.0,0.0,0.0,0.0,0.0,0.0,0.0,0.0,0.0,0.0,0.0,0.0,0.0,0.0,0.0,A,B,0.3231645941150721,0.3016408781731783,0.3027194870668892,A,0.5002740958701517,0.3016408781731783,0.0,0.0,0.0,0.0,0.3016408781731783,0.3334651714290529,0.3016408781731783,3.597361467823355e-09,0.3334651725148476,0.3016408781731783,0.407161457766464,0.314830950622339,0.2677565591554335,0.0313328439357886,0.0157415475311169,0.0,0.0,0.0,0.0,0.0,0.314830950622339,0.0,0.314830950622339,0.0,none,0.0,0.0,0.0,0.0,0.0,0.0,0.0,0.0,0.0,0.0,0.0,0.0,0.0,0.0,,none,,0.0,0.0,0.0,0.0,0.0,0.0,0.0,0.0,0.0,0.0,0.0,2.0,1.0,0.0,1.0,0.0,0.0,0.0,0.0,0.23434770540139,A,B,rupture_landslide,1.0,1.0,1.0,1.0,0.8635527978308968,0.0783465085851456,0.2864759333307043,0.1357048353688699,-0.0,0.1357048353688699,0.6499999999999999,0.4874999999999999,0.8124999999999999,0.6499999999999999,0.0,0.0,0.0,0.0,0.23434770540139,structural_mega_shock_regime,0.3657985007780516,0.0470167020893753,0.0,0.0470167020893753,0.1572516557269645,0.1078253881362512,0.894435410009439,0.0,0.4128152028674269,0.4924514936906277,0.0078226021795237,0.0,0.0078226021795237,0.0,0.0,0.0,0.5002740958701515,0.5002740958701517,1312113.0,0.5002740958701515
pres_2025,sido_45,이재명,더불어민주당,1225419.0,,0.0,0.0,0.0,0.3333333333333333,0.6818486805864982,0.0,False,이재명,0.6666666666666665,0.2896721245338289,0.2694803092555142,0.1927200456185204,0.3388533344108213,0.4916281666208978,0.4620622309416932,0.0444649943024245,-0.0133271234205082,0.009654995848395,-0.0014988873637945,0.0113748022201705,-0.0042965297210332,0.0,0.0,0.0,0.644310072607243,0.6763162953130104,0.0320062227057673,0.0805274636457205,35.06250786664815,0.6443100726072432,0.7728680178506913,0.6763162953130104,0.811990451808847,14.02907786819996,21.03342999844819,0.8752267587415122,0.1356741564958365,0.1356741564958365,0.0,0.0,0.0,0.0,0.0,0.0,0.0,0.0,0.0,0.0,0.0,0.0,0.0,0.0,0.0,0.0,0.0,0.0,0.0,0.0,0.0,0.0,0.0,0.0,0.644310072607243,0.0320062227057673,0.1409623202593469,0.0,1.0,1.0,0.0,0.0,0.8355622415872942,0.0,0.0,0.0,0.0,0.0,0.644310072607243,0.0267431911887731,0.723602840395488,0.1354348393451651,0.1409623202593469,0.3820726113902847,0.2622374612169583,0.0,0.0,0.0,0.0,0.0,0.0,0.0,0.0,0.0,0.0,0.0,0.0,0.0,0.0,0.0,0.0,0.0,0.0,0.0,A,B,0.3231645941150721,0.6818486805864982,0.6838770964192106,A,0.8374587237204046,0.6818486805864983,0.0,0.0,0.0,0.0,0.6818486805864983,0.6813160764843362,0.6818486805864983,3.597361467823355e-09,0.6443100736015436,0.6818486805864983,0.7724312673942575,0.6931715039374681,0.6273492386181438,0.0311636901224508,0.0346585751968734,0.0,0.0,0.0,0.0,0.0,0.6931715039374682,0.0,0.6931715039374682,0.0,none,0.0,0.0,0.0,0.0,0.0,0.0,0.0,0.0,0.0,0.0,0.0,0.0,0.0,0.0,,none,,0.0,0.0,0.0,0.0,0.0,0.0,0.0,0.0,0.0,0.0,0.0,2.0,1.0,0.0,1.0,0.0,0.0,0.0,0.0,0.5490728407147136,A,B,rupture_landslide,1.0,1.0,1.0,1.0,0.8635527978308968,0.0783465085851456,0.2864759333307043,0.1357048353688699,-0.0,0.1357048353688699,0.6499999999999999,0.4874999999999999,0.8124999999999999,0.6499999999999999,0.0,0.0,0.0,0.0,0.5490728407147136,structural_mega_shock_regime,0.7123176480135825,0.0073185923664342,0.0,0.0073185923664342,0.1572516557269645,0.1078253881362512,0.894435410009439,0.0,0.7196362403800167,0.8224243376727011,0.0150343860477043,0.0,0.0150343860477043,0.0,0.0,0.0,0.8374587237204054,0.8374587237204046,1225419.0,0.8374587237204054
pres_2025,sido_46,이재명,더불어민주당,1271616.0,,0.0,0.0,0.0,0.3333333333333333,0.6983482249017785,0.0,False,이재명,0.6666666666666665,0.2896721245338289,0.2694803092555142,0.1927200456185204,0.3388533344108213,0.4916281666208978,0.4620622309416932,0.0444649943024245,-0.0133271234205082,0.009654995848395,-0.0014988873637945,0.0113748022201705,-0.0042965297210332,0.0,0.0,0.0,0.6714632431517412,0.6971405852923903,0.025677342140649,0.0854310337134301,35.06250786664815,0.6714632431517412,0.7574243429463532,0.6971405852923903,0.8108050370888935,14.02907786819996,21.03342999844819,0.8752267587415122,0.1136644517965032,0.1136644517965032,0.0,0.0,0.0,0.0,0.0,0.0,0.0,0.0,0.0,0.0,0.0,0.0,0.0,0.0,0.0,0.0,0.0,0.0,0.0,0.0,0.0,0.0,0.0,0.0,0.6714632431517412,0.025677342140649,0.1493351010181369,0.0,1.0,1.0,0.0,0.0,0.8355622415872942,0.0,0.0,0.0,0.0,0.0,0.6714632431517412,0.0214550175570446,0.7273241088973031,0.1233407900845598,0.1493351010181369,0.3820726113902847,0.2893906317614565,0.0,0.0,0.0,0.0,0.0,0.0,0.0,0.0,0.0,0.0,0.0,0.0,0.0,0.0,0.0,0.0,0.0,0.0,0.0,A,B,0.3231645941150721,0.6983482249017785,0.7005700107259348,A,0.8519032653677245,0.6983482249017785,0.0,0.0,0.0,0.0,0.6983482249017785,0.6970479905769942,0.6983482249017785,3.597361467823355e-09,0.671463244132655,0.6983482249017785,0.8014284880039341,0.7112332577895479,0.6507850066236319,0.0248865882764386,0.0355616628894773,0.0,0.0,0.0,0.0,0.0,0.7112332577895479,0.0,0.7112332577895479,0.0,none,0.0,0.0,0.0,0.0,0.0,0.0,0.0,0.0,0.0,0.0,0.0,0.0,0.0,0.0,,none,,0.0,0.0,0.0,0.0,0.0,0.0,0.0,0.0,0.0,0.0,0.0,2.0,1.0,0.0,1.0,0.0,0.0,0.0,0.0,0.5695844519847749,A,B,rupture_landslide,1.0,1.0,1.0,1.0,0.8635527978308968,0.0783465085851456,0.2864759333307043,0.1357048353688699,-0.0,0.1357048353688699,0.6499999999999999,0.4874999999999999,0.8124999999999999,0.6499999999999999,0.0,0.0,0.0,0.0,0.5695844519847749,structural_mega_shock_regime,0.7222341358634702,0.0035694393205569,0.0,0.0035694393205569,0.1572516557269645,0.1078253881362512,0.894435410009439,0.0,0.7258035751840272,0.8339388748425218,0.0179643905252033,0.0,0.0179643905252033,0.0,0.0,0.0,0.8519032653677251,0.8519032653677245,1271616.0,0.8519032653677251
pres_2025,sido_47,이재명,더불어민주당,1757696.0,,0.0,0.0,0.0,0.3333333333333333,0.0942816181584083,0.0,False,이재명,0.6666666666666665,0.2896721245338289,0.2694803092555142,0.1927200456185204,0.3388533344108213,0.4916281666208978,0.4620622309416932,0.0444649943024245,-0.0133271234205082,0.009654995848395,-0.0014988873637945,0.0113748022201705,-0.0042965297210332,0.0,0.0,0.0,0.1635333392321462,0.1969446246718237,0.0334112854396775,0.0644380069746611,34.87546419219996,0.171680287498159,0.1063862534261016,0.1969446246718237,0.1710065093236525,14.02907786819996,20.846386324000004,0.8752267587415122,0.0,-0.0259381153481711,0.0,0.0,0.0,0.0,0.0,0.0,0.0,0.0,0.0,0.0,0.0,0.0,0.0,0.0,0.0,0.0,0.0,0.0,0.0,0.0,0.0,0.0,0.0,0.0,0.1586881966543839,0.0324213806140214,0.0999999999999998,0.0,1.0,1.0,0.0,0.0,0.8355622415872942,0.0,0.0,0.0,0.0,0.0,0.1586881966543839,0.0270900814612066,0.7797074132548529,0.120292586745147,0.0999999999999999,0.3820726113902847,-0.2233844147359007,0.0,0.0,0.0,0.0,0.0,0.0,0.0,0.0,0.0,0.0,0.0,0.0,0.0,0.0,0.0,0.0,0.0,0.0,0.0,A,B,0.3231645941150721,0.0942816181584083,0.0944751769119896,A,0.3264268133535153,0.0942816181584083,0.0,0.0,0.0,0.0,0.0942816181584083,0.1586881966543839,0.0942816181584083,3.597361467823355e-09,0.158688197446856,0.0942816181584083,0.2005377390842462,0.107563633274138,0.0848498817911096,0.0173355698193215,0.0053781816637069,0.0,0.0,0.0,0.0,0.0,0.107563633274138,0.0,0.107563633274138,0.0,none,0.0,0.0,0.0,0.0,0.0,0.0,0.0,0.0,0.0,0.0,0.0,0.0,0.0,0.0,,none,,0.0,0.0,0.0,0.0,0.0,0.0,0.0,0.0,0.0,0.0,0.0,2.0,1.0,0.0,1.0,0.0,0.0,0.0,0.0,0.0742628870196333,A,B,rupture_landslide,1.0,1.0,1.0,1.0,0.8635527978308968,0.0783465085851456,0.2864759333307043,0.1357048353688699,-0.0,0.1357048353688699,0.6499999999999999,0.4874999999999999,0.8124999999999999,0.6499999999999999,0.0,0.0,0.0,0.0,0.0742628870196333,structural_mega_shock_regime,0.1968576919459981,0.0876778602914032,0.0,0.0876778602914032,0.1572516557269645,0.1078253881362512,0.894435410009439,0.0,0.2845355522374013,0.3250024855542489,0.0014243277992661,0.0,0.0014243277992661,0.0,0.0,0.0,0.3264268133535151,0.3264268133535153,1757696.0,0.3264268133535151
pres_2025,sido_48,이재명,더불어민주당,2124344.0,,0.0,0.0,0.0,0.3333333333333333,0.2537350572254133,0.0,False,이재명,0.6666666666666665,0.2896721245338289,0.2694803092555142,0.1927200456185204,0.3388533344108213,0.4916281666208978,0.4620622309416932,0.0444649943024245,-0.0133271234205082,0.009654995848395,-0.0014988873637945,0.0113748022201705,-0.0042965297210332,0.0,0.0,0.0,0.2554997213001066,0.3013257575051536,0.0458260362050469,0.0846815067431006,34.775343292054046,0.2689031205111503,0.1614810556849558,0.3013257575051536,0.2994169710099452,14.02907786819996,20.746265423854087,0.8752267587415122,0.0,-0.0019087864952083,0.0,0.0,0.0,0.0,0.0,0.0,0.0,0.0,0.0,0.0,0.0,0.0,0.0,0.0,0.0,0.0,0.0,0.0,0.0,0.0,0.0,0.0,0.0,0.0,0.2554997213001066,0.0458260362050469,0.1125856127150621,0.0,1.0,1.0,0.0,0.0,0.8355622415872942,0.0,0.0,0.0,0.0,0.0,0.2554997213001066,0.0382905055345495,0.7588392181737231,0.1285751691112147,0.112585612715062,0.3820726113902847,-0.126572890090178,0.0,0.0,0.0,0.0,0.0,0.0,0.0,0.0,0.0,0.0,0.0,0.0,0.0,0.0,0.0,0.0,0.0,0.0,0.0,A,B,0.3231645941150721,0.2537350572254133,0.2542969529058664,A,0.4735460208308669,0.2537350572254134,0.0,0.0,0.0,0.0,0.2537350572254133,0.2554997213001066,0.2537350572254133,3.597361467823355e-09,0.2554997221676491,0.2537350572254134,0.3298926743901681,0.2632547593710077,0.2120576823460413,0.0380343390564159,0.0131627379685503,0.0,0.0,0.0,0.0,0.0,0.2632547593710077,0.0,0.2632547593710077,0.0,none,0.0,0.0,0.0,0.0,0.0,0.0,0.0,0.0,0.0,0.0,0.0,0.0,0.0,0.0,,none,,0.0,0.0,0.0,0.0,0.0,0.0,0.0,0.0,0.0,0.0,0.0,2.0,1.0,0.0,1.0,0.0,0.0,0.0,0.0,0.1855985579859629,A,B,rupture_landslide,1.0,1.0,1.0,1.0,0.8635527978308968,0.0783465085851456,0.2864759333307043,0.1357048353688699,-0.0,0.1357048353688699,0.6499999999999999,0.4874999999999999,0.8124999999999999,0.6499999999999999,0.0,0.0,0.0,0.0,0.1855985579859629,structural_mega_shock_regime,0.3420974866535458,0.065816863274201,0.0,0.065816863274201,0.1572516557269645,0.1078253881362512,0.894435410009439,0.0,0.4079143499277468,0.4713491802869914,0.0021968405438779,0.0,0.0021968405438779,0.0,0.0,0.0,0.4735460208308694,0.4735460208308669,2124344.0,0.4735460208308694
pres_2025,sido_50,이재명,더불어민주당,405238.0,,0.0,0.0,0.0,0.3333333333333333,0.4067950811354839,0.0,False,이재명,0.6666666666666665,0.2896721245338289,0.2694803092555142,0.1927200456185204,0.3388533344108213,0.4916281666208978,0.4620622309416932,0.0444649943024245,-0.0133271234205082,0.009654995848395,-0.0014988873637945,0.0113748022201705,-0.0042965297210332,0.0,0.0,0.0,0.3908225738046021,0.4314061579966288,0.0405835841920266,0.075000329686795,23.170173341986587,0.3908225738046021,0.4558027838733273,0.4314061579966288,0.5176706126785382,8.142187280770322,15.027986061216264,0.8028038780360507,0.0862644546819094,0.0862644546819094,0.0,0.0,0.0,0.0,0.0,0.0,0.0,0.0,0.0,0.0,0.0,0.0,0.0,0.0,0.0,0.0,0.0,0.0,0.0,0.0,0.0,0.0,0.0,0.0,0.3908225738046021,0.0405835841920266,0.145283230037314,0.0,1.0,1.0,0.0,0.0,0.8355622415872942,0.0,0.0,0.0,0.0,0.0,0.3908225738046021,0.0339101105791364,0.7132533605414471,0.1414634094212389,0.145283230037314,0.3820726113902847,0.0087499624143174,0.0,0.0,0.0,0.0,0.0,0.0,0.0,0.0,0.0,0.0,0.0,0.0,0.0,0.0,0.0,0.0,0.0,0.0,0.0,A,B,0.3231645941150721,0.4067950811354839,0.4079252875970481,A,0.6348201774516061,0.4067950811354839,0.0,0.0,0.0,0.0,0.4067950811354839,0.4067950811354839,0.4067950811354839,3.597361467823355e-09,0.3908225748361335,0.4067950811354839,0.4905066613472831,0.4172590286619588,0.359105989279462,0.0372900879493989,0.0208629514330979,0.0,0.0,0.0,0.0,0.0,0.4172590286619588,0.0,0.4172590286619588,0.0,none,0.0,0.0,0.0,0.0,0.0,0.0,0.0,0.0,0.0,0.0,0.0,0.0,0.0,0.0,,none,,0.0,0.0,0.0,0.0,0.0,0.0,0.0,0.0,0.0,0.0,0.0,2.0,1.0,0.0,1.0,0.0,0.0,0.0,0.0,0.2882916808195245,A,B,rupture_landslide,1.0,1.0,1.0,1.0,0.8635527978308968,0.0783465085851456,0.2864759333307043,0.1357048353688699,-0.0,0.1357048353688699,0.6499999999999999,0.4874999999999999,0.8124999999999999,0.6499999999999999,0.0,0.0,0.0,0.0,0.2882916808195245,structural_mega_shock_regime,0.4897415660339275,0.0396845168969831,0.0,0.0396845168969831,0.1572516557269645,0.1078253881362512,0.894435410009439,0.0,0.5294260829309106,0.6299266136246869,0.0048935638269187,0.0,0.0048935638269187,0.0,0.0,0.0,0.6348201774516057,0.6348201774516061,405238.0,0.6348201774516057
pres_2025,sido_11,김문수,국민의힘,6439139.0,,0.0,0.0,0.0,0.3333333333333333,0.3970035866043374,0.0,False,김문수,0.6666666666666665,0.3039798473671175,0.2854430103182108,0.2059941231017316,0.3380180462866254,0.4157732321866589,0.3952119947262228,0.0404072443721303,-0.0247493876306958,0.0094478848886181,-0.0020557461132584,-0.0361935879963992,-0.0070016963412293,0.0,0.0,0.0,0.3862271525665093,0.4190325835763422,0.0328054310098329,0.0820542635674238,35.06250786664815,0.3862271525665093,0.408949928545479,0.4190325835763422,0.4442192487169692,14.02907786819996,21.03342999844819,0.8752267587415122,0.0251866651406269,0.0251866651406269,0.0,0.0,0.0,0.0,0.0,0.0,0.0,0.0,0.0,0.0,0.0,0.0,0.0,0.0,0.0,0.0,0.0,0.0,0.0,0.0,0.0,0.0,0.0,0.0,0.3766130295434722,0.0319888249078112,0.0999999999999998,0.0,1.0,1.0,0.0,0.8404784394951577,0.0,0.0,0.0,0.0,0.0,0.0,0.3766130295434722,0.026885917639801,0.7611241181323437,0.1388758818676564,0.0999999999999998,0.3574392489243773,0.0191737806190949,0.0,0.0,0.0,0.0,0.0,0.0,0.0,0.0,0.0,0.0,0.0,0.0,0.0,0.0,0.0,0.0,0.0,0.0,0.0,B,A,0.4382298074353157,0.3970035866043374,0.3982234011437759,B,0.3483309883954819,0.3970035866043374,0.0,0.0,0.0,0.0,0.3970035866043374,0.3945748472755396,0.3970035866043374,0.1621454333252048,0.4153456629198438,0.3970035866043374,0.4483022131117172,0.4034159149177597,0.3532414349486913,0.0300036842231804,0.0201707957458879,0.0,0.0,0.0,0.0,0.0,0.4034159149177598,0.0,0.4034159149177598,0.0,none,0.0,0.0,0.0,0.0,0.0,0.0,0.0,0.0,0.0,0.0,0.0,0.0,0.0,0.0,,none,regime_change,-0.3212603539057819,-0.1285041415623128,-0.1758110803387189,6.417923106449169,17.0,1.2793337124490471,0.1509917175733914,0.894435410009439,13.0,1.0,0.1572516557269645,2.0,0.9469018075427992,0.0,0.9469018075427992,0.045822611103696,-0.0080561227620817,-0.1285041415623128,-0.1365602643243945,0.3091663561633438,A,B,rupture_landslide,1.0,1.0,1.0,1.0,0.8635527978308968,0.0783465085851456,0.2864759333307043,0.1357048353688699,-0.0,0.1357048353688699,-0.6499999999999999,-0.4874999999999999,-0.8124999999999999,0.6499999999999999,0.0,0.0,0.0,0.0,0.3091663561633438,structural_mega_shock_regime,0.3272995390417914,0.0,0.046336169058614,-0.046336169058614,0.1572516557269645,0.1078253881362512,0.894435410009439,0.0326370196272591,0.2809633699831773,0.3373405895977914,0.0109903987976907,0.0,0.0109903987976907,0.0,0.0,0.0,0.3483309883954821,0.3483309883954819,6439139.0,0.3483309883954821
pres_2025,sido_26,김문수,국민의힘,2180178.0,,0.0,0.0,0.0,0.3333333333333333,0.5445216921403561,0.0,False,김문수,0.6666666666666665,0.3039798473671175,0.2854430103182108,0.2059941231017316,0.3380180462866254,0.4157732321866589,0.3952119947262228,0.0404072443721303,-0.0247493876306958,0.0094478848886181,-0.0020557461132584,-0.0361935879963992,-0.0070016963412293,0.0,0.0,0.0,0.4944868503042001,0.5284094714852404,0.0339226211810402,0.0858177284496879,34.70813157875724,0.4944868503042001,0.5371305070588704,0.5284094714852404,0.5832521294356061,14.02907786819996,20.67905371055728,0.8752267587415122,0.0548426579503656,0.0548426579503656,0.0,0.0,0.0,0.0,0.0,0.0,0.0,0.0,0.0,0.0,0.0,0.0,0.0,0.0,0.0,0.0,0.0,0.0,0.0,0.0,0.0,0.0,0.0,0.0,0.4804736071580141,0.032961289371158,0.0999999999999999,0.0,1.0,1.0,0.0,0.8404784394951577,0.0,0.0,0.0,0.0,0.0,0.0,0.4804736071580141,0.0277032530544192,0.777238187091744,0.122761812908256,0.0999999999999998,0.3574392489243773,0.1230343582336368,0.0,0.0,0.0,0.0,0.0,0.0,0.0,0.0,0.0,0.0,0.0,0.0,0.0,0.0,0.0,0.0,0.0,0.0,0.0,B,A,0.4382298074353157,0.5445216921403561,0.5457894090015898,B,0.4520390553092619,0.5445216921403562,0.0,0.0,0.0,0.0,0.5445216921403562,0.5365974896609049,0.5445216921403562,0.1621454333252048,0.5165934178403314,0.5445216921403562,0.5678870657432078,0.5474423638407127,0.4804736071580141,0.032961289371158,0.0340074673115404,0.0,0.0,0.0,0.0,0.0,0.5474423638407127,0.0,0.5474423638407127,0.0,none,0.0,0.0,0.0,0.0,0.0,0.0,0.0,0.0,0.0,0.0,0.0,0.0,0.0,0.0,,none,regime_change,-0.3212603539057819,-0.1285041415623128,-0.1758110803387189,6.417923106449169,17.0,1.2793337124490471,0.1509917175733914,0.894435410009439,13.0,1.0,0.1572516557269645,2.0,0.9469018075427992,0.0,0.9469018075427992,0.045822611103696,-0.0080561227620817,-0.1285041415623128,-0.1365602643243945,0.4205233578537513,A,B,rupture_landslide,1.0,1.0,1.0,1.0,0.8635527978308968,0.0783465085851456,0.2864759333307043,0.1357048353688699,-0.0,0.1357048353688699,-0.6499999999999999,-0.4874999999999999,-0.8124999999999999,0.6499999999999999,0.0,0.0,0.0,0.0,0.4205233578537513,structural_mega_shock_regime,0.4463779406744491,0.0,0.063212895646467,-0.063212895646467,0.1572516557269645,0.1078253881362512,0.894435410009439,0.0443923758532852,0.3831650450279821,0.4437838177884065,0.008255237520853,0.0,0.008255237520853,0.0,0.0,0.0,0.4520390553092595,0.4520390553092619,2180178.0,0.4520390553092595
pres_2025,sido_27,김문수,국민의힘,1596806.0,,0.0,0.0,0.0,0.3333333333333333,0.7171329840997185,0.0,False,김문수,0.6666666666666665,0.3039798473671175,0.2854430103182108,0.2059941231017316,0.3380180462866254,0.4157732321866589,0.3952119947262228,0.0404072443721303,-0.0247493876306958,0.0094478848886181,-0.0020557461132584,-0.0361935879963992,-0.0070016963412293,0.0,0.0,0.0,0.6283786705201846,0.66520694488739,0.0368282743672053,0.0943778054107497,34.70813157875724,0.6283786705201846,0.6601757110006092,0.66520694488739,0.7292601792113835,14.02907786819996,20.67905371055728,0.8752267587415122,0.0640532343239935,0.0640532343239935,0.0,0.0,0.0,0.0,0.0,0.0,0.0,0.0,0.0,0.0,0.0,0.0,0.0,0.0,0.0,0.0,0.0,0.0,0.0,0.0,0.0,0.0,0.0,0.0,0.6006299352218033,0.0352019651290739,0.0999999999999999,0.0,1.0,1.0,0.0,0.8404784394951577,0.0,0.0,0.0,0.0,0.0,0.0,0.6006299352218033,0.0295864927188469,0.7677312446850216,0.1322687553149784,0.0999999999999999,0.3574392489243773,0.243190686297426,0.0,0.0,0.0,0.0,0.0,0.0,0.0,0.0,0.0,0.0,0.0,0.0,0.0,0.0,0.0,0.0,0.0,0.0,0.0,B,A,0.4382298074353157,0.7171329840997185,0.7186832422441786,B,0.5901026029617975,0.7171329840997185,0.0,0.0,0.0,0.0,0.7171329840997185,0.6929510738111693,0.7171329840997185,0.1621454333252048,0.6382912532002565,0.7171329840997185,0.7075451987608491,0.7159345109323598,0.6006299352218033,0.0352019651290739,0.0801026105814826,0.0,0.0,0.0,0.0,0.0,0.7159345109323598,0.0,0.7159345109323598,0.0,none,0.0,0.0,0.0,0.0,0.0,0.0,0.0,0.0,0.0,0.0,0.0,0.0,0.0,0.0,,none,regime_change,-0.3212603539057819,-0.1285041415623128,-0.1758110803387189,6.417923106449169,17.0,1.2793337124490471,0.1509917175733914,0.894435410009439,13.0,1.0,0.1572516557269645,2.0,0.9469018075427992,0.0,0.9469018075427992,0.045822611103696,-0.0080561227620817,-0.1285041415623128,-0.1365602643243945,0.5256873914073034,A,B,rupture_landslide,1.0,1.0,1.0,1.0,0.8635527978308968,0.0783465085851456,0.2864759333307043,0.1357048353688699,-0.0,0.1357048353688699,-0.6499999999999999,-0.4874999999999999,-0.8124999999999999,0.6499999999999999,0.0,0.0,0.0,0.0,0.5256873914073034,structural_mega_shock_regime,0.5925924739289663,0.0,0.0844596284121869,-0.0844596284121869,0.1572516557269645,0.1078253881362512,0.894435410009439,0.0554939739371195,0.5081328455167793,0.5793419072277857,0.0107606957340127,0.0,0.0107606957340127,0.0,0.0,0.0,0.5901026029617984,0.5901026029617975,1596806.0,0.5901026029617984
pres_2025,sido_28,김문수,국민의힘,1867054.0,,0.0,0.0,0.0,0.3333333333333333,0.3930916398759018,0.0,False,김문수,0.6666666666666665,0.3039798473671175,0.2854430103182108,0.2059941231017316,0.3380180462866254,0.4157732321866589,0.3952119947262228,0.0404072443721303,-0.0247493876306958,0.0094478848886181,-0.0020557461132584,-0.0361935879963992,-0.0070016963412293,0.0,0.0,0.0,0.3850994691507506,0.4205718920010272,0.0354724228502765,0.0858531053053135,34.70813157875724,0.3857918909105355,0.3802424497579217,0.4205718920010272,0.4415565920479869,14.02907786819996,20.67905371055728,0.8752267587415122,0.0209847000469597,0.0209847000469597,0.0,0.0,0.0,0.0,0.0,0.0,0.0,0.0,0.0,0.0,0.0,0.0,0.0,0.0,0.0,0.0,0.0,0.0,0.0,0.0,0.0,0.0,0.0,0.0,0.3774451300386118,0.0347673635724126,0.1,0.0,1.0,1.0,0.0,0.8404784394951577,0.0,0.0,0.0,0.0,0.0,0.0,0.3774451300386118,0.0292212194807022,0.7629448654001488,0.1370551345998511,0.1,0.3574392489243773,0.0200058811142345,0.0,0.0,0.0,0.0,0.0,0.0,0.0,0.0,0.0,0.0,0.0,0.0,0.0,0.0,0.0,0.0,0.0,0.0,0.0,B,A,0.4382298074353157,0.3930916398759018,0.3942362794864426,B,0.3413469481309817,0.3930916398759018,0.0,0.0,0.0,0.0,0.3930916398759018,0.3920849216491311,0.3930916398759018,0.1621454333252048,0.4158825375602695,0.3930916398759018,0.4515216575986147,0.4003953920912409,0.3482934858070557,0.0320821366796231,0.020019769604562,0.0,0.0,0.0,0.0,0.0,0.4003953920912409,0.0,0.4003953920912409,0.0,none,0.0,0.0,0.0,0.0,0.0,0.0,0.0,0.0,0.0,0.0,0.0,0.0,0.0,0.0,,none,regime_change,-0.3212603539057819,-0.1285041415623128,-0.1758110803387189,6.417923106449169,17.0,1.2793337124490471,0.1509917175733914,0.894435410009439,13.0,1.0,0.1572516557269645,2.0,0.9469018075427992,0.0,0.9469018075427992,0.045822611103696,-0.0080561227620817,-0.1285041415623128,-0.1365602643243945,0.3048357786736923,A,B,rupture_landslide,1.0,1.0,1.0,1.0,0.8635527978308968,0.0783465085851456,0.2864759333307043,0.1357048353688699,-0.0,0.1357048353688699,-0.6499999999999999,-0.4874999999999999,-0.8124999999999999,0.6499999999999999,0.0,0.0,0.0,0.0,0.3048357786736923,structural_mega_shock_regime,0.3232279339571896,0.0,0.0457677908984556,-0.0457677908984556,0.1572516557269645,0.1078253881362512,0.894435410009439,0.0321798639901417,0.2774601430587339,0.3321980630783284,0.0091488850526538,0.0,0.0091488850526538,0.0,0.0,0.0,0.3413469481309822,0.3413469481309817,1867054.0,0.3413469481309822
pres_2025,sido_29,김문수,국민의힘,978601.0,,0.0,0.0,0.0,0.3333333333333333,0.0265682588439259,0.0,False,김문수,0.6666666666666665,0.3039798473671175,0.2854430103182108,0.2059941231017316,0.3380180462866254,0.4157732321866589,0.3952119947262228,0.0404072443721303,-0.0247493876306958,0.0094478848886181,-0.0020557461132584,-0.0361935879963992,-0.0070016963412293,0.0,0.0,0.0,0.0441248422185846,0.0604502164028905,0.0163253741843058,0.0283979393508973,27.57613235441446,0.0488950200682868,0.0157553095833446,0.0604502164028905,0.0602561186616932,11.8945387484917,15.68159360592276,0.8560585539252171,0.0,-0.0001940977411972,0.0,0.0,0.0,0.0,0.0,0.0,0.0,0.0,0.0,0.0,0.0,0.0,0.0,0.0,0.0,0.0,0.0,0.0,0.0,0.0,0.0,0.0,0.0,0.0,0.0441248422185846,0.0163253741843058,0.160869101038261,0.0,1.0,1.0,0.0,0.8404784394951577,0.0,0.0,0.0,0.0,0.0,0.0,0.0441248422185846,0.0137211250185999,0.7304862471969895,0.1086446517647494,0.160869101038261,0.3574392489243773,-0.3133144067057926,0.0,0.0,0.0,0.0,0.0,0.0,0.0,0.0,0.0,0.0,0.0,0.0,0.0,0.0,0.0,0.0,0.0,0.0,0.0,B,A,0.4382298074353157,0.0265682588439259,0.0266572867073898,B,0.026908475788463705,0.0265682588439259,0.0,0.0,0.0,0.0,0.0265682588439259,0.0441248422185846,0.0265682588439259,0.1621454333252048,0.0878252664539309,0.0265682588439259,0.0647242283192646,0.0313377550283432,0.0217308539071164,0.0080400133698096,0.0015668877514171,0.0,0.0,0.0,0.0,0.0,0.0313377550283432,0.0,0.0313377550283432,0.0,none,0.0,0.0,0.0,0.0,0.0,0.0,0.0,0.0,0.0,0.0,0.0,0.0,0.0,0.0,,none,regime_change,-0.3212603539057819,-0.1285041415623128,-0.1758110803387189,6.417923106449169,17.0,1.2793337124490471,0.1509917175733914,0.894435410009439,13.0,1.0,0.1572516557269645,2.0,0.9469018075427992,0.0,0.9469018075427992,0.045822611103696,-0.0080561227620817,-0.1285041415623128,-0.1365602643243945,0.0186028833712862,A,B,rupture_landslide,1.0,1.0,1.0,1.0,0.8635527978308968,0.0783465085851456,0.2864759333307043,0.1357048353688699,-0.0,0.1357048353688699,-0.6499999999999999,-0.4874999999999999,-0.8124999999999999,0.6499999999999999,0.0,0.0,0.0,0.0,0.0186028833712862,structural_mega_shock_regime,0.0236557363367406,0.0,0.0021473871491233,-0.0021473871491233,0.1572516557269645,0.1078253881362512,0.894435410009439,0.01,0.0215083491876173,0.0248618367095649,0.0020466390788987,0.0,0.0020466390788987,0.0,0.0,0.0,0.0269084757884636,0.026908475788463705,978601.0,0.0269084757884636
pres_2025,sido_30,김문수,국민의힘,936401.0,,0.0,0.0,0.0,0.3333333333333333,0.3689697235482777,0.0,False,김문수,0.6666666666666665,0.3039798473671175,0.2854430103182108,0.2059941231017316,0.3380180462866254,0.4157732321866589,0.3952119947262228,0.0404072443721303,-0.0247493876306958,0.0094478848886181,-0.0020557461132584,-0.0361935879963992,-0.0070016963412293,0.0,0.0,0.0,0.336167784963076,0.374518998186977,0.0383512132239009,0.0864377008318506,34.70813157875724,0.3402986535741092,0.3071916462593319,0.374518998186977,0.4006143721958844,14.02907786819996,20.67905371055728,0.8752267587415122,0.0260953740089074,0.0260953740089074,0.0,0.0,0.0,0.0,0.0,0.0,0.0,0.0,0.0,0.0,0.0,0.0,0.0,0.0,0.0,0.0,0.0,0.0,0.0,0.0,0.0,0.0,0.0,0.0,0.3281158848015703,0.0374326238951067,0.0999999999999999,0.0,1.0,1.0,0.0,0.8404784394951577,0.0,0.0,0.0,0.0,0.0,0.0,0.3281158848015703,0.0314613133175684,0.6887439079916914,0.2112560920083086,0.0999999999999999,0.3574392489243773,-0.0293233641228069,0.0,0.0,0.0,0.0,0.0,0.0,0.0,0.0,0.0,0.0,0.0,0.0,0.0,0.0,0.0,0.0,0.0,0.0,0.0,B,A,0.4382298074353157,0.3689697235482777,0.3702837180043498,B,0.31883731788409575,0.3689697235482777,0.0,0.0,0.0,0.0,0.3689697235482777,0.3664880857145593,0.3689697235482777,0.1621454333252048,0.3785846387153673,0.3689697235482777,0.4024454810515048,0.3731541932361811,0.3181956008568111,0.0363008827175608,0.018657709661809,0.0,0.0,0.0,0.0,0.0,0.3731541932361811,0.0,0.3731541932361811,0.0,none,0.0,0.0,0.0,0.0,0.0,0.0,0.0,0.0,0.0,0.0,0.0,0.0,0.0,0.0,,none,regime_change,-0.3212603539057819,-0.1285041415623128,-0.1758110803387189,6.417923106449169,17.0,1.2793337124490471,0.1509917175733914,0.894435410009439,13.0,1.0,0.1572516557269645,2.0,0.9469018075427992,0.0,0.9469018075427992,0.045822611103696,-0.0080561227620817,-0.1285041415623128,-0.1365602643243945,0.2784933043837148,A,B,rupture_landslide,1.0,1.0,1.0,1.0,0.8635527978308968,0.0783465085851456,0.2864759333307043,0.1357048353688699,-0.0,0.1357048353688699,-0.6499999999999999,-0.4874999999999999,-0.8124999999999999,0.6499999999999999,0.0,0.0,0.0,0.0,0.2784933043837148,structural_mega_shock_regime,0.2980087607107572,0.0,0.0422393246639609,-0.0422393246639609,0.1572516557269645,0.1078253881362512,0.894435410009439,0.0293990314923833,0.2557694360467963,0.300046587361916,0.0187907305221799,0.0,0.0187907305221799,0.0,0.0,0.0,0.3188373178840958,0.31883731788409575,936401.0,0.3188373178840958
pres_2025,sido_31,김문수,국민의힘,728390.0,,0.0,0.0,0.0,0.3333333333333333,0.5201109394622538,0.0,False,김문수,0.6666666666666665,0.3039798473671175,0.2854430103182108,0.2059941231017316,0.3380180462866254,0.4157732321866589,0.3952119947262228,0.0404072443721303,-0.0247493876306958,0.0094478848886181,-0.0020557461132584,-0.0361935879963992,-0.0070016963412293,0.0,0.0,0.0,0.4484259506481935,0.4827338193426405,0.034307868694447,0.0848725033746591,33.597475020756164,0.4484259506481935,0.5135872522495861,0.4827338193426405,0.530642913871738,14.02907786819996,19.568397152556205,0.8752267587415122,0.0479090945290974,0.0479090945290974,0.0,0.0,0.0,0.0,0.0,0.0,0.0,0.0,0.0,0.0,0.0,0.0,0.0,0.0,0.0,0.0,0.0,0.0,0.0,0.0,0.0,0.0,0.0,0.0,0.4484259506481935,0.034307868694447,0.1577469575465357,0.0,1.0,1.0,0.0,0.8404784394951577,0.0,0.0,0.0,0.0,0.0,0.0,0.4484259506481935,0.0288350239427136,0.694167092866242,0.1480859495872222,0.1577469575465357,0.3574392489243773,0.0909867017238162,0.0,0.0,0.0,0.0,0.0,0.0,0.0,0.0,0.0,0.0,0.0,0.0,0.0,0.0,0.0,0.0,0.0,0.0,0.0,B,A,0.4382298074353157,0.5201109394622538,0.5215164476520965,B,0.4409945737824051,0.5201109394622537,0.0,0.0,0.0,0.0,0.5201109394622537,0.5201109394622537,0.5201109394622537,0.1621454333252048,0.4980153599005038,0.5201109394622537,0.5647797376294815,0.5256945392331572,0.4484259506481935,0.034307868694447,0.0429607198905166,0.0,0.0,0.0,0.0,0.0,0.5256945392331572,0.0,0.5256945392331572,0.0,none,0.0,0.0,0.0,0.0,0.0,0.0,0.0,0.0,0.0,0.0,0.0,0.0,0.0,0.0,,none,regime_change,-0.3212603539057819,-0.1285041415623128,-0.1758110803387189,6.417923106449169,17.0,1.2793337124490471,0.1509917175733914,0.894435410009439,13.0,1.0,0.1572516557269645,2.0,0.9469018075427992,0.0,0.9469018075427992,0.045822611103696,-0.0080561227620817,-0.1285041415623128,-0.1365602643243945,0.3924743913213997,A,B,rupture_landslide,1.0,1.0,1.0,1.0,0.8635527978308968,0.0783465085851456,0.2864759333307043,0.1357048353688699,-0.0,0.1357048353688699,-0.6499999999999999,-0.4874999999999999,-0.8124999999999999,0.6499999999999999,0.0,0.0,0.0,0.0,0.3924743913213997,structural_mega_shock_regime,0.4182234045296537,0.0,0.0592511668597652,-0.0592511668597652,0.1572516557269645,0.1078253881362512,0.894435410009439,0.0414313982016385,0.3589722376698884,0.4329295750029872,0.0080649987794155,0.0,0.0080649987794155,0.0,0.0,0.0,0.4409945737824028,0.4409945737824051,728390.0,0.4409945737824028
pres_2025,sido_36,김문수,국민의힘,229891.0,,0.0,0.0,0.0,0.3333333333333333,0.3359327055173173,0.0,False,김문수,0.6666666666666665,0.3039798473671175,0.2854430103182108,0.2059941231017316,0.3380180462866254,0.4157732321866589,0.3952119947262228,0.0404072443721303,-0.0247493876306958,0.0094478848886181,-0.0020557461132584,-0.0361935879963992,-0.0070016963412293,0.0,0.0,0.0,0.2559556202393945,0.3251123239837605,0.0691567037443659,0.0893025189887792,15.790646940971822,0.2795695060226276,0.1786235678694976,0.3251123239837605,0.3832719266525608,6.549710037541216,9.240936903430606,0.766073938037883,0.0581596026688003,0.0581596026688003,0.0,0.0,0.0,0.0,0.0,0.0,0.0,0.0,0.0,0.0,0.0,0.0,0.0,0.0,0.0,0.0,0.0,0.0,0.0,0.0,0.0,0.0,0.0,0.0,0.2514504584889483,0.0679394531280104,0.0999999999999999,0.0,1.0,1.0,0.0,0.8404784394951577,0.0,0.0,0.0,0.0,0.0,0.0,0.2514504584889483,0.0571016455451846,0.682276405747414,0.2177235942525859,0.0999999999999999,0.3574392489243773,-0.1059887904354289,0.0,0.0,0.0,0.0,0.0,0.0,0.0,0.0,0.0,0.0,0.0,0.0,0.0,0.0,0.0,0.0,0.0,0.0,0.0,B,A,0.4382298074353157,0.3359327055173173,0.3370619403181919,B,0.2603336225710253,0.3359327055173173,0.0,0.0,0.0,0.0,0.3359327055173173,0.3262667724967893,0.3359327055173173,0.1621454333252048,0.3029678883566755,0.3359327055173173,0.3529831821686905,0.338064015098739,0.2514504584889483,0.0679394531280104,0.0186741034817802,0.0,0.0,0.0,0.0,0.0,0.338064015098739,0.0,0.338064015098739,0.0,none,0.0,0.0,0.0,0.0,0.0,0.0,0.0,0.0,0.0,0.0,0.0,0.0,0.0,0.0,,none,regime_change,-0.3212603539057819,-0.1285041415623128,-0.1758110803387189,6.417923106449169,17.0,1.2793337124490471,0.1509917175733914,0.894435410009439,13.0,1.0,0.1572516557269645,2.0,0.9469018075427992,0.0,0.9469018075427992,0.045822611103696,-0.0080561227620817,-0.1285041415623128,-0.1365602643243945,0.1926296429560599,A,B,rupture_landslide,1.0,1.0,1.0,1.0,0.8635527978308968,0.0783465085851456,0.2864759333307043,0.1357048353688699,-0.0,0.1357048353688699,-0.6499999999999999,-0.4874999999999999,-0.8124999999999999,0.6499999999999999,0.0,0.0,0.0,0.0,0.1926296429560599,structural_mega_shock_regime,0.2437119087563279,0.0,0.0351264093092469,-0.0351264093092469,0.1572516557269645,0.1078253881362512,0.894435410009439,0.0203348692786846,0.208585499447081,0.2469428140629767,0.0133908085080496,0.0,0.0133908085080496,0.0,0.0,0.0,0.2603336225710263,0.2603336225710253,229891.0,0.2603336225710263
pres_2025,sido_41,김문수,국민의힘,8691376.0,,0.0,0.0,0.0,0.3333333333333333,0.3806941559044018,0.0,False,김문수,0.6666666666666665,0.3039798473671175,0.2854430103182108,0.2059941231017316,0.3380180462866254,0.4157732321866589,0.3952119947262228,0.0404072443721303,-0.0247493876306958,0.0094478848886181,-0.0020557461132584,-0.0361935879963992,-0.0070016963412293,0.0,0.0,0.0,0.3796613597430361,0.4140284498217219,0.0343670900786858,0.0848998576787313,35.06250786664815,0.3796613597430361,0.3964684107227149,0.4140284498217219,0.4380737484866995,14.02907786819996,21.03342999844819,0.8752267587415122,0.0240452986649775,0.0240452986649775,0.0,0.0,0.0,0.0,0.0,0.0,0.0,0.0,0.0,0.0,0.0,0.0,0.0,0.0,0.0,0.0,0.0,0.0,0.0,0.0,0.0,0.0,0.0,0.0,0.3726522834534555,0.0337326258383021,0.0999999999999999,0.0,1.0,1.0,0.0,0.8404784394951577,0.0,0.0,0.0,0.0,0.0,0.0,0.3726522834534555,0.0283515447246502,0.7597735145667994,0.1402264854332006,0.0999999999999999,0.3574392489243773,0.0152130345290782,0.0,0.0,0.0,0.0,0.0,0.0,0.0,0.0,0.0,0.0,0.0,0.0,0.0,0.0,0.0,0.0,0.0,0.0,0.0,B,A,0.4382298074353157,0.3806941559044018,0.3818167668044538,B,0.331134430330565,0.3806941559044018,0.0,0.0,0.0,0.0,0.3806941559044018,0.3804182753751958,0.3806941559044018,0.1621454333252048,0.4116039110302128,0.3806941559044018,0.4444543248821978,0.3886641770266262,0.3385823643206934,0.0306486038546015,0.0194332088513313,0.0,0.0,0.0,0.0,0.0,0.3886641770266263,0.0,0.3886641770266263,0.0,none,0.0,0.0,0.0,0.0,0.0,0.0,0.0,0.0,0.0,0.0,0.0,0.0,0.0,0.0,,none,regime_change,-0.3212603539057819,-0.1285041415623128,-0.1758110803387189,6.417923106449169,17.0,1.2793337124490471,0.1509917175733914,0.894435410009439,13.0,1.0,0.1572516557269645,2.0,0.9469018075427992,0.0,0.9469018075427992,0.045822611103696,-0.0080561227620817,-0.1285041415623128,-0.1365602643243945,0.2963363452914383,A,B,rupture_landslide,1.0,1.0,1.0,1.0,0.8635527978308968,0.0783465085851456,0.2864759333307043,0.1357048353688699,-0.0,0.1357048353688699,-0.6499999999999999,-0.4874999999999999,-0.8124999999999999,0.6499999999999999,0.0,0.0,0.0,0.0,0.2963363452914383,structural_mega_shock_regime,0.313765966341661,0.0,0.0444209731742855,-0.0444209731742855,0.1572516557269645,0.1078253881362512,0.894435410009439,0.0312826247899919,0.2693449931673753,0.3213544632094935,0.009779967121072,0.0,0.009779967121072,0.0,0.0,0.0,0.3311344303305655,0.331134430330565,8691376.0,0.3311344303305655
pres_2025,sido_42,김문수,국민의힘,1005840.0,,0.0,0.0,0.0,0.3333333333333333,0.5201031310134993,0.0,False,김문수,0.6666666666666665,0.3039798473671175,0.2854430103182108,0.2059941231017316,0.3380180462866254,0.4157732321866589,0.3952119947262228,0.0404072443721303,-0.0247493876306958,0.0094478848886181,-0.0020557461132584,-0.0361935879963992,-0.0070016963412293,0.0,0.0,0.0,0.463834775479181,0.4964654761653584,0.0326307006861774,0.0788350004127853,35.06250786664815,0.4648969683578414,0.4563839821762946,0.4964654761653584,0.5225532316804461,14.02907786819996,21.03342999844819,0.8752267587415122,0.0260877555150876,0.0260877555150876,0.0,0.0,0.0,0.0,0.0,0.0,0.0,0.0,0.0,0.0,0.0,0.0,0.0,0.0,0.0,0.0,0.0,0.0,0.0,0.0,0.0,0.0,0.0,0.0,0.4518820253205162,0.0317898266650324,0.0999999999999999,0.0,1.0,1.0,0.0,0.8404784394951577,0.0,0.0,0.0,0.0,0.0,0.0,0.4518820253205162,0.026718663907248,0.7854029767162176,0.1145970232837823,0.0999999999999998,0.3574392489243773,0.0944427763961389,0.0,0.0,0.0,0.0,0.0,0.0,0.0,0.0,0.0,0.0,0.0,0.0,0.0,0.0,0.0,0.0,0.0,0.0,0.0,B,A,0.4382298074353157,0.5201031310134993,0.5213887638520153,B,0.43350212650522013,0.5201031310134993,0.0,0.0,0.0,0.0,0.5201031310134993,0.5060843890344278,0.5201031310134993,0.1621454333252048,0.4866779526511641,0.5201031310134993,0.5356821650868986,0.5220505102726741,0.4518820253205162,0.0317898266650324,0.0383786582871255,0.0,0.0,0.0,0.0,0.0,0.5220505102726741,0.0,0.5220505102726741,0.0,none,0.0,0.0,0.0,0.0,0.0,0.0,0.0,0.0,0.0,0.0,0.0,0.0,0.0,0.0,,none,regime_change,-0.3212603539057819,-0.1285041415623128,-0.1758110803387189,6.417923106449169,17.0,1.2793337124490471,0.1509917175733914,0.894435410009439,13.0,1.0,0.1572516557269645,2.0,0.9469018075427992,0.0,0.9469018075427992,0.045822611103696,-0.0080561227620817,-0.1285041415623128,-0.1365602643243945,0.3954992403548253,A,B,rupture_landslide,1.0,1.0,1.0,1.0,0.8635527978308968,0.0783465085851456,0.2864759333307043,0.1357048353688699,-0.0,0.1357048353688699,-0.6499999999999999,-0.4874999999999999,-0.8124999999999999,0.6499999999999999,0.0,0.0,0.0,0.0,0.3954992403548253,structural_mega_shock_regime,0.4214150287195478,0.0,0.0597028419293101,-0.0597028419293101,0.1572516557269645,0.1078253881362512,0.894435410009439,0.0417507151496354,0.3617121867902376,0.4258471547019459,0.0076549718032746,0.0,0.0076549718032746,0.0,0.0,0.0,0.4335021265052206,0.43350212650522013,1005840.0,0.4335021265052206
pres_2025,sido_43,김문수,국민의힘,1010209.0,,0.0,0.0,0.0,0.3333333333333333,0.4449146991594246,0.0,False,김문수,0.6666666666666665,0.3039798473671175,0.2854430103182108,0.2059941231017316,0.3380180462866254,0.4157732321866589,0.3952119947262228,0.0404072443721303,-0.0247493876306958,0.0094478848886181,-0.0020557461132584,-0.0361935879963992,-0.0070016963412293,0.0,0.0,0.0,0.4051551517290758,0.439070246930344,0.0339150952012682,0.0796026500304333,35.06250786664815,0.4073680382306719,0.3896327732068853,0.439070246930344,0.4631906916945971,14.02907786819996,21.03342999844819,0.8752267587415122,0.024120444764253,0.024120444764253,0.0,0.0,0.0,0.0,0.0,0.0,0.0,0.0,0.0,0.0,0.0,0.0,0.0,0.0,0.0,0.0,0.0,0.0,0.0,0.0,0.0,0.0,0.0,0.0,0.3980069738869912,0.0333167290420443,0.1,0.0,1.0,1.0,0.0,0.8404784394951577,0.0,0.0,0.0,0.0,0.0,0.0,0.3980069738869912,0.0280019924343404,0.7609169750732592,0.1390830249267407,0.1,0.3574392489243773,0.0405677249626139,0.0,0.0,0.0,0.0,0.0,0.0,0.0,0.0,0.0,0.0,0.0,0.0,0.0,0.0,0.0,0.0,0.0,0.0,0.0,B,A,0.4382298074353157,0.4449146991594246,0.4461844821247847,B,0.38333852720247225,0.4449146991594246,0.0,0.0,0.0,0.0,0.4449146991594246,0.4380736219341848,0.4449146991594246,0.1621454333252048,0.4367731945644383,0.4449146991594246,0.475815172844978,0.4487772583701189,0.3934067464255489,0.0329316490260641,0.0224388629185059,0.0,0.0,0.0,0.0,0.0,0.4487772583701189,0.0,0.4487772583701189,0.0,none,0.0,0.0,0.0,0.0,0.0,0.0,0.0,0.0,0.0,0.0,0.0,0.0,0.0,0.0,,none,regime_change,-0.3212603539057819,-0.1285041415623128,-0.1758110803387189,6.417923106449169,17.0,1.2793337124490471,0.1509917175733914,0.894435410009439,13.0,1.0,0.1572516557269645,2.0,0.9469018075427992,0.0,0.9469018075427992,0.045822611103696,-0.0080561227620817,-0.1285041415623128,-0.1365602643243945,0.3443201115410771,A,B,rupture_landslide,1.0,1.0,1.0,1.0,0.8635527978308968,0.0783465085851456,0.2864759333307043,0.1357048353688699,-0.0,0.1357048353688699,-0.6499999999999999,-0.4874999999999999,-0.8124999999999999,0.6499999999999999,0.0,0.0,0.0,0.0,0.3443201115410771,structural_mega_shock_regime,0.3652116832579334,0.0,0.051714356908056,-0.051714356908056,0.1572516557269645,0.1078253881362512,0.894435410009439,0.036348011400338,0.3134973263498774,0.3730338307042971,0.0103046964981739,0.0,0.0103046964981739,0.0,0.0,0.0,0.383338527202471,0.38333852720247225,1010209.0,0.383338527202471
pres_2025,sido_44,김문수,국민의힘,1312113.0,,0.0,0.0,0.0,0.3333333333333333,0.406644122047946,0.0,False,김문수,0.6666666666666665,0.3039798473671175,0.2854430103182108,0.2059941231017316,0.3380180462866254,0.4157732321866589,0.3952119947262228,0.0404072443721303,-0.0247493876306958,0.0094478848886181,-0.0020557461132584,-0.0361935879963992,-0.0070016963412293,0.0,0.0,0.0,0.3647039771895155,0.401201483316801,0.0364975061272854,0.0843021640206724,35.06250786664815,0.3681395597747147,0.34060494938432,0.401201483316801,0.4271938827317429,14.02907786819996,21.03342999844819,0.8752267587415122,0.0259923994149419,0.0259923994149419,0.0,0.0,0.0,0.0,0.0,0.0,0.0,0.0,0.0,0.0,0.0,0.0,0.0,0.0,0.0,0.0,0.0,0.0,0.0,0.0,0.0,0.0,0.0,0.0,0.3647039771895155,0.0364975061272854,0.1149520178630706,0.0,1.0,1.0,0.0,0.8404784394951577,0.0,0.0,0.0,0.0,0.0,0.0,0.3647039771895155,0.0306753669953258,0.6981691486185684,0.1868788335183609,0.1149520178630706,0.3574392489243773,0.0072647282651382,0.0,0.0,0.0,0.0,0.0,0.0,0.0,0.0,0.0,0.0,0.0,0.0,0.0,0.0,0.0,0.0,0.0,0.0,0.0,B,A,0.4382298074353157,0.406644122047946,0.4080982020429138,B,0.3582502831667579,0.406644122047946,0.0,0.0,0.0,0.0,0.406644122047946,0.4026438376506548,0.406644122047946,0.1621454333252048,0.4136444713776732,0.406644122047946,0.4479460456983692,0.4118068625042488,0.3556273505776414,0.0355891688013949,0.0205903431252124,0.0,0.0,0.0,0.0,0.0,0.4118068625042488,0.0,0.4118068625042488,0.0,none,0.0,0.0,0.0,0.0,0.0,0.0,0.0,0.0,0.0,0.0,0.0,0.0,0.0,0.0,,none,regime_change,-0.3212603539057819,-0.1285041415623128,-0.1758110803387189,6.417923106449169,17.0,1.2793337124490471,0.1509917175733914,0.894435410009439,13.0,1.0,0.1572516557269645,2.0,0.9469018075427992,0.0,0.9469018075427992,0.045822611103696,-0.0080561227620817,-0.1285041415623128,-0.1365602643243945,0.3112545733659005,A,B,rupture_landslide,1.0,1.0,1.0,1.0,0.8635527978308968,0.0783465085851456,0.2864759333307043,0.1357048353688699,-0.0,0.1357048353688699,-0.6499999999999999,-0.4874999999999999,-0.8124999999999999,0.6499999999999999,0.0,0.0,0.0,0.0,0.3112545733659005,structural_mega_shock_regime,0.33184764929452,0.0,0.0470167020893753,-0.0470167020893753,0.1572516557269645,0.1078253881362512,0.894435410009439,0.0328574614200582,0.2848309472051447,0.3397777611536638,0.0184725220130943,0.0,0.0184725220130943,0.0,0.0,0.0,0.3582502831667581,0.3582502831667579,1312113.0,0.3582502831667581
pres_2025,sido_45,김문수,국민의힘,1225419.0,,0.0,0.0,0.0,0.3333333333333333,0.0753147575842735,0.0,False,김문수,0.6666666666666665,0.3039798473671175,0.2854430103182108,0.2059941231017316,0.3380180462866254,0.4157732321866589,0.3952119947262228,0.0404072443721303,-0.0247493876306958,0.0094478848886181,-0.0020557461132584,-0.0361935879963992,-0.0070016963412293,0.0,0.0,0.0,0.0792927677882449,0.1021156325992748,0.0228228648110299,0.0413158881152042,32.49056649950156,0.0861656965070761,0.0310823416987099,0.1021156325992748,0.0841060340280479,14.02907786819996,18.4614886313016,0.8752267587415122,0.0,-0.0180095985712269,0.0,0.0,0.0,0.0,0.0,0.0,0.0,0.0,0.0,0.0,0.0,0.0,0.0,0.0,0.0,0.0,0.0,0.0,0.0,0.0,0.0,0.0,0.0,0.0,0.0792927677882449,0.0228228648110299,0.1409623202593469,0.0,1.0,1.0,0.0,0.8404784394951577,0.0,0.0,0.0,0.0,0.0,0.0,0.0792927677882449,0.0191821258011833,0.723602840395488,0.1354348393451651,0.1409623202593469,0.3574392489243773,-0.2781464811361323,0.0,0.0,0.0,0.0,0.0,0.0,0.0,0.0,0.0,0.0,0.0,0.0,0.0,0.0,0.0,0.0,0.0,0.0,0.0,B,A,0.4382298074353157,0.0753147575842735,0.0755388097106037,B,0.059772056065227605,0.0753147575842735,0.0,0.0,0.0,0.0,0.0753147575842735,0.0792927677882449,0.0753147575842735,0.1621454333252048,0.1241093050021743,0.0753147575842735,0.1127321755781243,0.0799919348335049,0.0590080349562858,0.0169843031355438,0.0039995967416752,0.0,0.0,0.0,0.0,0.0,0.0799919348335049,0.0,0.0799919348335049,0.0,none,0.0,0.0,0.0,0.0,0.0,0.0,0.0,0.0,0.0,0.0,0.0,0.0,0.0,0.0,,none,regime_change,-0.3212603539057819,-0.1285041415623128,-0.1758110803387189,6.417923106449169,17.0,1.2793337124490471,0.1509917175733914,0.894435410009439,13.0,1.0,0.1572516557269645,2.0,0.9469018075427992,0.0,0.9469018075427992,0.045822611103696,-0.0080561227620817,-0.1285041415623128,-0.1365602643243945,0.0516454111744958,A,B,rupture_landslide,1.0,1.0,1.0,1.0,0.8635527978308968,0.0783465085851456,0.2864759333307043,0.1357048353688699,-0.0,0.1357048353688699,-0.6499999999999999,-0.4874999999999999,-0.8124999999999999,0.6499999999999999,0.0,0.0,0.0,0.0,0.0516454111744958,structural_mega_shock_regime,0.0565406378877272,0.0,0.0073185923664342,-0.0073185923664342,0.1572516557269645,0.1078253881362512,0.894435410009439,0.01,0.049222045521293,0.0562525980700583,0.003519457995169,0.0,0.003519457995169,0.0,0.0,0.0,0.0597720560652274,0.059772056065227605,1225419.0,0.0597720560652274
pres_2025,sido_46,김문수,국민의힘,1271616.0,,0.0,0.0,0.0,0.3333333333333333,0.0420032908686284,0.0,False,김문수,0.6666666666666665,0.3039798473671175,0.2854430103182108,0.2059941231017316,0.3380180462866254,0.4157732321866589,0.3952119947262228,0.0404072443721303,-0.0247493876306958,0.0094478848886181,-0.0020557461132584,-0.0361935879963992,-0.0070016963412293,0.0,0.0,0.0,0.0558608657455619,0.070458678090062,0.0145978123445001,0.0265562601745266,29.556926110993608,0.0605716425203903,0.0249502418567046,0.070458678090062,0.0711762555385461,13.123366003681324,16.433560107312285,0.8677543081670337,0.000717577448484,0.000717577448484,0.0,0.0,0.0,0.0,0.0,0.0,0.0,0.0,0.0,0.0,0.0,0.0,0.0,0.0,0.0,0.0,0.0,0.0,0.0,0.0,0.0,0.0,0.0,0.0,0.0558608657455619,0.0145978123445001,0.1493351010181369,0.0,1.0,1.0,0.0,0.8404784394951577,0.0,0.0,0.0,0.0,0.0,0.0,0.0558608657455619,0.0122691465393485,0.7273241088973031,0.1233407900845598,0.1493351010181369,0.3574392489243773,-0.3015783831788153,0.0,0.0,0.0,0.0,0.0,0.0,0.0,0.0,0.0,0.0,0.0,0.0,0.0,0.0,0.0,0.0,0.0,0.0,0.0,B,A,0.4382298074353157,0.0420032908686284,0.0421369237939973,B,0.03593693836149355,0.0420032908686284,0.0,0.0,0.0,0.0,0.0420032908686284,0.0558608657455619,0.0420032908686284,0.1621454333252048,0.100074016265745,0.0420032908686284,0.0767312437750228,0.0463442849819277,0.0349054276072763,0.0091216431255549,0.0023172142490963,0.0,0.0,0.0,0.0,0.0,0.0463442849819277,0.0,0.0463442849819277,0.0,none,0.0,0.0,0.0,0.0,0.0,0.0,0.0,0.0,0.0,0.0,0.0,0.0,0.0,0.0,,none,regime_change,-0.3212603539057819,-0.1285041415623128,-0.1758110803387189,6.417923106449169,17.0,1.2793337124490471,0.1509917175733914,0.894435410009439,13.0,1.0,0.1572516557269645,2.0,0.9469018075427992,0.0,0.9469018075427992,0.045822611103696,-0.0080561227620817,-0.1285041415623128,-0.1365602643243945,0.0302893351846266,A,B,rupture_landslide,1.0,1.0,1.0,1.0,0.8635527978308968,0.0783465085851456,0.2864759333307043,0.1357048353688699,-0.0,0.1357048353688699,-0.6499999999999999,-0.4874999999999999,-0.8124999999999999,0.6499999999999999,0.0,0.0,0.0,0.0,0.0302893351846266,structural_mega_shock_regime,0.0326988981709326,0.0,0.0035694393205569,-0.0035694393205569,0.1572516557269645,0.1078253881362512,0.894435410009439,0.01,0.0291294588503757,0.0334693696325408,0.0024675687289529,0.0,0.0024675687289529,0.0,0.0,0.0,0.0359369383614937,0.03593693836149355,1271616.0,0.0359369383614937
pres_2025,sido_47,김문수,국민의힘,1757696.0,,0.0,0.0,0.0,0.3333333333333333,0.7379808510314776,0.0,False,김문수,0.6666666666666665,0.3039798473671175,0.2854430103182108,0.2059941231017316,0.3380180462866254,0.4157732321866589,0.3952119947262228,0.0404072443721303,-0.0247493876306958,0.0094478848886181,-0.0020557461132584,-0.0361935879963992,-0.0070016963412293,0.0,0.0,0.0,0.6399804670992242,0.6723413733283973,0.032360906229173,0.0831489450104281,35.06250786664815,0.6399804670992241,0.6786815057190065,0.6723413733283973,0.7459637565621581,14.02907786819996,21.03342999844819,0.8752267587415122,0.0736223832337608,0.0736223832337608,0.0,0.0,0.0,0.0,0.0,0.0,0.0,0.0,0.0,0.0,0.0,0.0,0.0,0.0,0.0,0.0,0.0,0.0,0.0,0.0,0.0,0.0,0.0,0.0,0.621019216600469,0.0314021218897708,0.0999999999999998,0.0,1.0,1.0,0.0,0.8404784394951577,0.0,0.0,0.0,0.0,0.0,0.0,0.621019216600469,0.0263928064027513,0.7797074132548529,0.120292586745147,0.0999999999999999,0.3574392489243773,0.2635799676760917,0.0,0.0,0.0,0.0,0.0,0.0,0.0,0.0,0.0,0.0,0.0,0.0,0.0,0.0,0.0,0.0,0.0,0.0,0.0,B,A,0.4382298074353157,0.7379808510314776,0.739495914693755,B,0.6112852040833706,0.7379808510314776,0.0,0.0,0.0,0.0,0.7379808510314776,0.7115209958274122,0.7379808510314776,0.1621454333252048,0.6567386535365911,0.7379808510314776,0.7262194235933876,0.7365106726017163,0.621019216600469,0.0314021218897708,0.0840893341114765,0.0,0.0,0.0,0.0,0.0,0.7365106726017163,0.0,0.7365106726017163,0.0,none,0.0,0.0,0.0,0.0,0.0,0.0,0.0,0.0,0.0,0.0,0.0,0.0,0.0,0.0,,none,regime_change,-0.3212603539057819,-0.1285041415623128,-0.1758110803387189,6.417923106449169,17.0,1.2793337124490471,0.1509917175733914,0.894435410009439,13.0,1.0,0.1572516557269645,2.0,0.9469018075427992,0.0,0.9469018075427992,0.045822611103696,-0.0080561227620817,-0.1285041415623128,-0.1365602643243945,0.5435326360614217,A,B,rupture_landslide,1.0,1.0,1.0,1.0,0.8635527978308968,0.0783465085851456,0.2864759333307043,0.1357048353688699,-0.0,0.1357048353688699,-0.6499999999999999,-0.4874999999999999,-0.8124999999999999,0.6499999999999999,0.0,0.0,0.0,0.0,0.5435326360614217,structural_mega_shock_regime,0.614941787902035,0.0,0.0876778602914032,-0.0876778602914032,0.1572516557269645,0.1078253881362512,0.894435410009439,0.0573777998723127,0.5272639276106318,0.6022519353700149,0.0090332687133565,0.0,0.0090332687133565,0.0,0.0,0.0,0.6112852040833714,0.6112852040833706,1757696.0,0.6112852040833714
pres_2025,sido_48,김문수,국민의힘,2124344.0,,0.0,0.0,0.0,0.3333333333333333,0.5653603137234531,0.0,False,김문수,0.6666666666666665,0.3039798473671175,0.2854430103182108,0.2059941231017316,0.3380180462866254,0.4157732321866589,0.3952119947262228,0.0404072443721303,-0.0247493876306958,0.0094478848886181,-0.0020557461132584,-0.0361935879963992,-0.0070016963412293,0.0,0.0,0.0,0.5033394968736166,0.5345387197941365,0.0311992229205199,0.0792490297266733,35.06250786664815,0.5033394968736166,0.5592474198556946,0.5345387197941365,0.6034287846130807,14.02907786819996,21.03342999844819,0.8752267587415122,0.0688900648189442,0.0688900648189442,0.0,0.0,0.0,0.0,0.0,0.0,0.0,0.0,0.0,0.0,0.0,0.0,0.0,0.0,0.0,0.0,0.0,0.0,0.0,0.0,0.0,0.0,0.0,0.0,0.5033394968736166,0.0311992229205199,0.1125856127150621,0.0,1.0,1.0,0.0,0.8404784394951577,0.0,0.0,0.0,0.0,0.0,0.0,0.5033394968736166,0.0262222741937001,0.7588392181737231,0.1285751691112147,0.112585612715062,0.3574392489243773,0.1459002479492392,0.0,0.0,0.0,0.0,0.0,0.0,0.0,0.0,0.0,0.0,0.0,0.0,0.0,0.0,0.0,0.0,0.0,0.0,0.0,B,A,0.4382298074353157,0.5653603137234531,0.5666123027928963,B,0.4686764202951178,0.5653603137234532,0.0,0.0,0.0,0.0,0.5653603137234531,0.5649097808162391,0.5653603137234531,0.1621454333252048,0.5424426163438834,0.5653603137234532,0.5981901571194712,0.5694640441479554,0.5033394968736166,0.0311992229205199,0.0349253243538189,0.0,0.0,0.0,0.0,0.0,0.5694640441479555,0.0,0.5694640441479555,0.0,none,0.0,0.0,0.0,0.0,0.0,0.0,0.0,0.0,0.0,0.0,0.0,0.0,0.0,0.0,,none,regime_change,-0.3212603539057819,-0.1285041415623128,-0.1758110803387189,6.417923106449169,17.0,1.2793337124490471,0.1509917175733914,0.894435410009439,13.0,1.0,0.1572516557269645,2.0,0.9469018075427992,0.0,0.9469018075427992,0.045822611103696,-0.0080561227620817,-0.1285041415623128,-0.1365602643243945,0.4405361963952789,A,B,rupture_landslide,1.0,1.0,1.0,1.0,0.8635527978308968,0.0783465085851456,0.2864759333307043,0.1357048353688699,-0.0,0.1357048353688699,-0.6499999999999999,-0.4874999999999999,-0.8124999999999999,0.6499999999999999,0.0,0.0,0.0,0.0,0.4405361963952789,structural_mega_shock_regime,0.4650498259900252,0.0,0.065816863274201,-0.065816863274201,0.1572516557269645,0.1078253881362512,0.894435410009439,0.0465050229484688,0.3992329627158242,0.4613177490641907,0.007358671230925,0.0,0.007358671230925,0.0,0.0,0.0,0.4686764202951157,0.4686764202951178,2124344.0,0.4686764202951157
pres_2025,sido_50,김문수,국민의힘,405238.0,,0.0,0.0,0.0,0.3333333333333333,0.366368751820351,0.0,False,김문수,0.6666666666666665,0.3039798473671175,0.2854430103182108,0.2059941231017316,0.3380180462866254,0.4157732321866589,0.3952119947262228,0.0404072443721303,-0.0247493876306958,0.0094478848886181,-0.0020557461132584,-0.0361935879963992,-0.0070016963412293,0.0,0.0,0.0,0.3224307867368449,0.3571212800042179,0.034690493267373,0.0686804326344245,22.91768621704156,0.3224307867368449,0.378568215632677,0.3571212800042179,0.3911859117684718,8.142187280770322,14.775498936271234,0.8028038780360507,0.0340646317642538,0.0340646317642538,0.0,0.0,0.0,0.0,0.0,0.0,0.0,0.0,0.0,0.0,0.0,0.0,0.0,0.0,0.0,0.0,0.0,0.0,0.0,0.0,0.0,0.0,0.0,0.0,0.3224307867368449,0.034690493267373,0.145283230037314,0.0,1.0,1.0,0.0,0.8404784394951577,0.0,0.0,0.0,0.0,0.0,0.0,0.3224307867368449,0.0291566116466789,0.7132533605414471,0.1414634094212389,0.145283230037314,0.3574392489243773,-0.0350084621875323,0.0,0.0,0.0,0.0,0.0,0.0,0.0,0.0,0.0,0.0,0.0,0.0,0.0,0.0,0.0,0.0,0.0,0.0,0.0,B,A,0.4382298074353157,0.366368751820351,0.3673866410471991,B,0.2927963600000421,0.366368751820351,0.0,0.0,0.0,0.0,0.366368751820351,0.366368751820351,0.366368751820351,0.1621454333252048,0.3689254448463982,0.366368751820351,0.4103485156534175,0.3718662222994844,0.3189562455776699,0.0343166656068402,0.0185933111149742,0.0,0.0,0.0,0.0,0.0,0.3718662222994844,0.0,0.3718662222994844,0.0,none,0.0,0.0,0.0,0.0,0.0,0.0,0.0,0.0,0.0,0.0,0.0,0.0,0.0,0.0,,none,regime_change,-0.3212603539057819,-0.1285041415623128,-0.1758110803387189,6.417923106449169,17.0,1.2793337124490471,0.1509917175733914,0.894435410009439,13.0,1.0,0.1572516557269645,2.0,0.9469018075427992,0.0,0.9469018075427992,0.045822611103696,-0.0080561227620817,-0.1285041415623128,-0.1365602643243945,0.2560593108735723,A,B,rupture_landslide,1.0,1.0,1.0,1.0,0.8635527978308968,0.0783465085851456,0.2864759333307043,0.1357048353688699,-0.0,0.1357048353688699,-0.6499999999999999,-0.4874999999999999,-0.8124999999999999,0.6499999999999999,0.0,0.0,0.0,0.0,0.2560593108735723,structural_mega_shock_regime,0.2793939061979203,0.0,0.0396845168969831,-0.0396845168969831,0.1572516557269645,0.1078253881362512,0.894435410009439,0.0270307961656342,0.2397093893009372,0.2852132313172911,0.0075831286827515,0.0,0.0075831286827515,0.0,0.0,0.0,0.2927963600000426,0.2927963600000421,405238.0,0.2927963600000426
pres_2025,sido_11,이준석,제3지대,6439139.0,,0.0,0.0,0.0,0.3333333333333333,0.2507853546616455,0.0,False,이준석,0.6666666666666665,0.2693955478524616,0.2903968019198479,0.2175240293476766,0.3464336156720926,0.5081001920681283,0.4859221561626372,0.0678571279773684,0.0380765110512041,-0.0191028807370131,0.0035546334770529,0.0248187857762286,0.0112982260622626,0.0,0.0,0.0,0.0,0.1076423708738509,0.082729945525615,0.0575911307601245,20.562455359817918,0.0,0.0,0.1076423708738509,0.0895016509244357,7.703506159879082,12.85894919993883,0.7938889338505946,0.0,-0.0181407199494152,0.0,0.0,0.0,0.0,0.0,0.0,0.0,0.0,0.0,0.0,0.0,0.0,0.0,0.0,0.0,0.0,0.0,0.0,0.0,0.0,0.0,0.0,0.0,0.0,0.0,0.0806705981475576,0.0999999999999998,0.0,1.0,1.0,0.0,0.1595215605048424,0.1644377584127059,1.0,1.0,0.0,0.0,0.0,0.0,0.0900844811361794,0.7611241181323437,0.1388758818676564,0.0999999999999998,0.0,0.0,0.0,0.0,0.0,0.0,0.0,0.0,0.0,0.0,0.0,0.0,0.0,0.0,0.0,0.0,0.0,0.0,0.0,0.0,0.0,C,C,0.2386055984496121,0.2507853546616455,0.2484833529962175,C,0.09136864239487573,0.2507853546616455,0.0,0.0,0.0,0.0,0.2507853546616455,0.2209140641355889,0.2507853546616455,0.8378545630774338,0.2001432476319618,0.2507853546616455,0.1057491336137221,0.232655827030655,0.0,0.0806705981475576,0.1519852288830973,0.0,0.0,0.0,0.0,0.0,0.232655827030655,0.0,0.232655827030655,0.0,none,0.0,0.0,0.0,0.0,0.0,0.0,0.0,0.0,0.0,0.0,0.0,0.0,0.0,0.0,,none,,0.0,0.0,0.0,0.0,0.0,0.0,0.0,0.0,0.0,0.0,0.0,2.0,0.254959332242485,0.8031275929059034,0.8031275929059034,0.1544761413894931,0.0,0.0,0.0,0.0,A,B,rupture_landslide,1.0,1.0,1.0,1.0,0.8635527978308968,0.0783465085851456,0.2864759333307043,0.1357048353688699,-0.0,0.1357048353688699,0.0,0.0,0.0,0.6499999999999999,0.0,0.0,0.0,0.0,0.0,structural_mega_shock_regime,0.25677545353077,0.0,0.0,0.0,0.1572516557269645,0.1078253881362512,0.894435410009439,0.0,0.25677545353077,0.1076423708738509,0.0,0.0162737284789751,-0.0162737284789751,0.097642370873851,0.1666666666666666,0.01,0.0913686423948758,0.09136864239487573,6439139.0,0.0913686423948758
pres_2025,sido_26,이준석,제3지대,2180178.0,,0.0,0.0,0.0,0.3333333333333333,0.19016575211693,0.0,False,이준석,0.6666666666666665,0.2693955478524616,0.2903968019198479,0.2175240293476766,0.3464336156720926,0.5081001920681283,0.4859221561626372,0.0678571279773684,0.0380765110512041,-0.0191028807370131,0.0035546334770529,0.0248187857762286,0.0112982260622626,0.0,0.0,0.0,0.0,0.0752173428723992,0.0582624734076545,0.0419409468204353,18.864695230349472,0.0,0.0,0.0752173428723992,0.0729983789466817,7.703506159879082,11.16118907047039,0.7938889338505946,0.0,-0.0022189639257175,0.0,0.0,0.0,0.0,0.0,0.0,0.0,0.0,0.0,0.0,0.0,0.0,0.0,0.0,0.0,0.0,0.0,0.0,0.0,0.0,0.0,0.0,0.0,0.0,0.0,0.0566113754954301,0.0999999999999999,0.0,1.0,1.0,0.0,0.1595215605048424,0.1644377584127059,1.0,1.0,0.0,0.0,0.0,0.0,0.0673269609197682,0.777238187091744,0.122761812908256,0.0999999999999998,0.0,0.0,0.0,0.0,0.0,0.0,0.0,0.0,0.0,0.0,0.0,0.0,0.0,0.0,0.0,0.0,0.0,0.0,0.0,0.0,0.0,C,C,0.2386055984496121,0.19016575211693,0.188280353342805,C,0.0643477857269994,0.19016575211693,0.0,0.0,0.0,0.0,0.19016575211693,0.1666379304053652,0.19016575211693,0.8378545630774338,0.1866420014245838,0.19016575211693,0.0756279507071231,0.1758485269407042,0.0,0.0566113754954301,0.119237151445274,0.0,0.0,0.0,0.0,0.0,0.1758485269407042,0.0,0.1758485269407042,0.0,none,0.0,0.0,0.0,0.0,0.0,0.0,0.0,0.0,0.0,0.0,0.0,0.0,0.0,0.0,,none,,0.0,0.0,0.0,0.0,0.0,0.0,0.0,0.0,0.0,0.0,0.0,2.0,0.254959332242485,0.8031275929059034,0.8031275929059034,0.1544761413894931,0.0,0.0,0.0,0.0,A,B,rupture_landslide,1.0,1.0,1.0,1.0,0.8635527978308968,0.0783465085851456,0.2864759333307043,0.1357048353688699,-0.0,0.1357048353688699,0.0,0.0,0.0,0.6499999999999999,0.0,0.0,0.0,0.0,0.0,structural_mega_shock_regime,0.2015382845069322,0.0,0.0,0.0,0.1572516557269645,0.1078253881362512,0.894435410009439,0.0,0.2015382845069322,0.0752173428723992,0.0,0.0108695571453998,-0.0108695571453998,0.0652173428723992,0.1666666666666666,0.01,0.0643477857269994,0.0643477857269994,2180178.0,0.0643477857269994
pres_2025,sido_27,이준석,제3지대,1596806.0,,0.0,0.0,0.0,0.3333333333333333,0.1766044513841141,0.0,False,이준석,0.6666666666666665,0.2693955478524616,0.2903968019198479,0.2175240293476766,0.3464336156720926,0.5081001920681283,0.4859221561626372,0.0678571279773684,0.0380765110512041,-0.0191028807370131,0.0035546334770529,0.0248187857762286,0.0112982260622626,0.0,0.0,0.0,0.0,0.0854783506573217,0.0683083251586159,0.042839703557464,18.864695230349472,0.0,0.0,0.0854783506573217,0.0783735838600078,7.703506159879082,11.16118907047039,0.7938889338505946,0.0,-0.0071047667973138,0.0,0.0,0.0,0.0,0.0,0.0,0.0,0.0,0.0,0.0,0.0,0.0,0.0,0.0,0.0,0.0,0.0,0.0,0.0,0.0,0.0,0.0,0.0,0.0,0.0,0.0652918802625263,0.0999999999999999,0.0,1.0,1.0,0.0,0.1595215605048424,0.1644377584127059,1.0,1.0,0.0,0.0,0.0,0.0,0.0761323476343192,0.7677312446850216,0.1322687553149784,0.0999999999999999,0.0,0.0,0.0,0.0,0.0,0.0,0.0,0.0,0.0,0.0,0.0,0.0,0.0,0.0,0.0,0.0,0.0,0.0,0.0,0.0,0.0,C,C,0.2386055984496121,0.1766044513841141,0.1748244807459535,C,0.07289862554776831,0.1766044513841141,0.0,0.0,0.0,0.0,0.1766044513841141,0.1399476167256123,0.1766044513841141,0.8378545630774338,0.1946074365009705,0.1766044513841141,0.0829523254009377,0.1648979356362171,0.0,0.0652918802625263,0.0996060553736907,0.0,0.0,0.0,0.0,0.0,0.1648979356362171,0.0,0.1648979356362171,0.0,none,0.0,0.0,0.0,0.0,0.0,0.0,0.0,0.0,0.0,0.0,0.0,0.0,0.0,0.0,,none,,0.0,0.0,0.0,0.0,0.0,0.0,0.0,0.0,0.0,0.0,0.0,2.0,0.254959332242485,0.8031275929059034,0.8031275929059034,0.1544761413894931,0.0,0.0,0.0,0.0,A,B,rupture_landslide,1.0,1.0,1.0,1.0,0.8635527978308968,0.0783465085851456,0.2864759333307043,0.1357048353688699,-0.0,0.1357048353688699,0.0,0.0,0.0,0.6499999999999999,0.0,0.0,0.0,0.0,0.0,structural_mega_shock_regime,0.1978855971410278,0.0,0.0,0.0,0.1572516557269645,0.1078253881362512,0.894435410009439,0.0,0.1978855971410278,0.0854783506573217,0.0,0.0125797251095536,-0.0125797251095536,0.0754783506573217,0.1666666666666666,0.01,0.0728986255477681,0.07289862554776831,1596806.0,0.0728986255477681
pres_2025,sido_28,이준석,제3지대,1867054.0,,0.0,0.0,0.0,0.3333333333333333,0.2377099308945248,0.0,False,이준석,0.6666666666666665,0.2693955478524616,0.2903968019198479,0.2175240293476766,0.3464336156720926,0.5081001920681283,0.4859221561626372,0.0678571279773684,0.0380765110512041,-0.0191028807370131,0.0035546334770529,0.0248187857762286,0.0112982260622626,0.0,0.0,0.0,0.0,0.0926618174412197,0.0703881001312281,0.0574302538437323,17.25848575697267,0.0,0.0,0.0926618174412197,0.1152049319759918,7.084291665759753,10.174194091212918,0.7798397416566509,0.022543114534772,0.022543114534772,0.0,0.0,0.0,0.0,0.0,0.0,0.0,0.0,0.0,0.0,0.0,0.0,0.0,0.0,0.0,0.0,0.0,0.0,0.0,0.0,0.0,0.0,0.0,0.0,0.0,0.0689890475979911,0.1,0.0,1.0,1.0,0.0,0.1595215605048424,0.1644377584127059,1.0,1.0,0.0,0.0,0.0,0.0,0.0800107591284445,0.7629448654001488,0.1370551345998511,0.1,0.0,0.0,0.0,0.0,0.0,0.0,0.0,0.0,0.0,0.0,0.0,0.0,0.0,0.0,0.0,0.0,0.0,0.0,0.0,0.0,0.0,C,C,0.2386055984496121,0.2377099308945248,0.2354902260743067,C,0.078884847867683,0.2377099308945248,0.0,0.0,0.0,0.0,0.2377099308945248,0.2224153429893318,0.2377099308945248,0.8378545630774338,0.1986177262254205,0.2377099308945248,0.0927600406874436,0.2195911946186397,0.0,0.0689890475979911,0.1506021470206485,0.0,0.0,0.0,0.0,0.0,0.2195911946186397,0.0,0.2195911946186397,0.0,none,0.0,0.0,0.0,0.0,0.0,0.0,0.0,0.0,0.0,0.0,0.0,0.0,0.0,0.0,,none,,0.0,0.0,0.0,0.0,0.0,0.0,0.0,0.0,0.0,0.0,0.0,2.0,0.254959332242485,0.8031275929059034,0.8031275929059034,0.1544761413894931,0.0,0.0,0.0,0.0,A,B,rupture_landslide,1.0,1.0,1.0,1.0,0.8635527978308968,0.0783465085851456,0.2864759333307043,0.1357048353688699,-0.0,0.1357048353688699,0.0,0.0,0.0,0.6499999999999999,0.0,0.0,0.0,0.0,0.0,structural_mega_shock_regime,0.2421684232516099,0.0,0.0,0.0,0.1572516557269645,0.1078253881362512,0.894435410009439,0.0,0.2421684232516099,0.0926618174412197,0.0,0.0137769695735366,-0.0137769695735366,0.0826618174412197,0.1666666666666666,0.01,0.0788848478676831,0.078884847867683,1867054.0,0.0788848478676831
pres_2025,sido_29,이준석,제3지대,978601.0,,0.0,0.0,0.0,0.3333333333333333,0.2734293630632481,0.0,False,이준석,0.6666666666666665,0.2693955478524616,0.2903968019198479,0.2175240293476766,0.3464336156720926,0.5081001920681283,0.4859221561626372,0.0678571279773684,0.0380765110512041,-0.0191028807370131,0.0035546334770529,0.0248187857762286,0.0112982260622626,0.0,0.0,0.0,0.0,0.1424503815754437,0.0919078168789426,0.1085602666600448,19.18332548749526,0.0,0.0,0.1424503815754437,0.1530872239956539,7.703506159879082,11.47981932761618,0.7938889338505946,0.0106368424202101,0.0106368424202101,0.0,0.0,0.0,0.0,0.0,0.0,0.0,0.0,0.0,0.0,0.0,0.0,0.0,0.0,0.0,0.0,0.0,0.0,0.0,0.0,0.0,0.0,0.0,0.0,0.0,0.0919078168789426,0.160869101038261,0.0,1.0,1.0,0.0,0.1595215605048424,0.1644377584127059,1.0,1.0,0.0,0.0,0.0,0.0,0.0945797257200783,0.7304862471969895,0.1086446517647494,0.160869101038261,0.0,0.0,0.0,0.0,0.0,0.0,0.0,0.0,0.0,0.0,0.0,0.0,0.0,0.0,0.0,0.0,0.0,0.0,0.0,0.0,0.0,C,C,0.2386055984496121,0.2734293630632481,0.2709946897245816,C,0.12037531797953704,0.2734293630632481,0.0,0.0,0.0,0.0,0.2734293630632481,0.256707031269521,0.2734293630632481,0.8378545630774338,0.2258133275981258,0.2734293630632481,0.1358941527123916,0.2562374617693911,0.0,0.0919078168789426,0.1643296448904485,0.0,0.0,0.0,0.0,0.0,0.2562374617693911,0.0,0.2562374617693911,0.0,none,0.0,0.0,0.0,0.0,0.0,0.0,0.0,0.0,0.0,0.0,0.0,0.0,0.0,0.0,,none,,0.0,0.0,0.0,0.0,0.0,0.0,0.0,0.0,0.0,0.0,0.0,2.0,0.254959332242485,0.8031275929059034,0.8031275929059034,0.1544761413894931,0.0,0.0,0.0,0.0,A,B,rupture_landslide,1.0,1.0,1.0,1.0,0.8635527978308968,0.0783465085851456,0.2864759333307043,0.1357048353688699,-0.0,0.1357048353688699,0.0,0.0,0.0,0.6499999999999999,0.0,0.0,0.0,0.0,0.0,structural_mega_shock_regime,0.2581209162359538,0.0,0.0,0.0,0.1572516557269645,0.1078253881362512,0.894435410009439,0.0,0.2581209162359538,0.1424503815754437,0.0,0.0220750635959072,-0.0220750635959072,0.1324503815754437,0.1666666666666666,0.01,0.1203753179795364,0.12037531797953704,978601.0,0.1203753179795364
pres_2025,sido_30,이준석,제3지대,936401.0,,0.0,0.0,0.0,0.3333333333333333,0.2905320575346129,0.0,False,이준석,0.6666666666666665,0.2693955478524616,0.2903968019198479,0.2175240293476766,0.3464336156720926,0.5081001920681283,0.4859221561626372,0.0678571279773684,0.0380765110512041,-0.0191028807370131,0.0035546334770529,0.0248187857762286,0.0112982260622626,0.0,0.0,0.0,0.0,0.1798468771973821,0.1384007697048743,0.1093007594056117,18.19998107654564,0.0,0.0,0.1798468771973821,0.2116626239080898,7.703506159879082,10.496474916666552,0.7938889338505946,0.0318157467107076,0.0318157467107076,0.0,0.0,0.0,0.0,0.0,0.0,0.0,0.0,0.0,0.0,0.0,0.0,0.0,0.0,0.0,0.0,0.0,0.0,0.0,0.0,0.0,0.0,0.0,0.0,0.0,0.1350857906087613,0.0999999999999999,0.0,1.0,1.0,0.0,0.1595215605048424,0.1644377584127059,1.0,1.0,0.0,0.0,0.0,0.0,0.1474270380412441,0.6887439079916914,0.2112560920083086,0.0999999999999999,0.0,0.0,0.0,0.0,0.0,0.0,0.0,0.0,0.0,0.0,0.0,0.0,0.0,0.0,0.0,0.0,0.0,0.0,0.0,0.0,0.0,C,C,0.2386055984496121,0.2905320575346129,0.2880054628476685,C,0.1515390643311515,0.2905320575346129,0.0,0.0,0.0,0.0,0.2905320575346129,0.2728838910953197,0.2905320575346129,0.8378545630774338,0.2607873369748109,0.2905320575346129,0.1641389963622226,0.2747329248880641,0.0,0.1350857906087613,0.1396471342793028,0.0,0.0,0.0,0.0,0.0,0.2747329248880641,0.0,0.2747329248880641,0.0,none,0.0,0.0,0.0,0.0,0.0,0.0,0.0,0.0,0.0,0.0,0.0,0.0,0.0,0.0,,none,,0.0,0.0,0.0,0.0,0.0,0.0,0.0,0.0,0.0,0.0,0.0,2.0,0.254959332242485,0.8031275929059034,0.8031275929059034,0.1544761413894931,0.0,0.0,0.0,0.0,A,B,rupture_landslide,1.0,1.0,1.0,1.0,0.8635527978308968,0.0783465085851456,0.2864759333307043,0.1357048353688699,-0.0,0.1357048353688699,0.0,0.0,0.0,0.6499999999999999,0.0,0.0,0.0,0.0,0.0,structural_mega_shock_regime,0.3008748956767172,0.0,0.0,0.0,0.1572516557269645,0.1078253881362512,0.894435410009439,0.0,0.3008748956767172,0.1798468771973821,0.0,0.0283078128662303,-0.0283078128662303,0.1698468771973821,0.1666666666666666,0.01,0.1515390643311518,0.1515390643311515,936401.0,0.1515390643311518
pres_2025,sido_31,이준석,제3지대,728390.0,,0.0,0.0,0.0,0.3333333333333333,0.2206482632717843,0.0,False,이준석,0.6666666666666665,0.2693955478524616,0.2903968019198479,0.2175240293476766,0.3464336156720926,0.5081001920681283,0.4859221561626372,0.0678571279773684,0.0380765110512041,-0.0191028807370131,0.0035546334770529,0.0248187857762286,0.0112982260622626,0.0,0.0,0.0,0.0,0.0744772939835702,0.0535749144746988,0.0496100003184011,16.2721663205037,0.0,0.0,0.0744772939835702,0.0695998732501447,7.084291665759753,9.187874654743949,0.7798397416566509,0.0,-0.0048774207334254,0.0,0.0,0.0,0.0,0.0,0.0,0.0,0.0,0.0,0.0,0.0,0.0,0.0,0.0,0.0,0.0,0.0,0.0,0.0,0.0,0.0,0.0,0.0,0.0,0.0,0.0535749144746988,0.1577469575465357,0.0,1.0,1.0,0.0,0.1595215605048424,0.1644377584127059,1.0,1.0,0.0,0.0,0.0,0.0,0.0689474329615678,0.694167092866242,0.1480859495872222,0.1577469575465357,0.0,0.0,0.0,0.0,0.0,0.0,0.0,0.0,0.0,0.0,0.0,0.0,0.0,0.0,0.0,0.0,0.0,0.0,0.0,0.0,0.0,C,C,0.2386055984496121,0.2206482632717843,0.2185422024958426,C,0.06373107831964185,0.2206482632717842,0.0,0.0,0.0,0.0,0.2206482632717842,0.2206482632717843,0.2206482632717842,0.8378545630774338,0.2562434967812562,0.2206482632717842,0.0883815066937498,0.2041149186995299,0.0,0.0535749144746988,0.1505400042248311,0.0,0.0,0.0,0.0,0.0,0.2041149186995299,0.0,0.2041149186995299,0.0,none,0.0,0.0,0.0,0.0,0.0,0.0,0.0,0.0,0.0,0.0,0.0,0.0,0.0,0.0,,none,,0.0,0.0,0.0,0.0,0.0,0.0,0.0,0.0,0.0,0.0,0.0,2.0,0.254959332242485,0.8031275929059034,0.8031275929059034,0.1544761413894931,0.0,0.0,0.0,0.0,A,B,rupture_landslide,1.0,1.0,1.0,1.0,0.8635527978308968,0.0783465085851456,0.2864759333307043,0.1357048353688699,-0.0,0.1357048353688699,0.0,0.0,0.0,0.6499999999999999,0.0,0.0,0.0,0.0,0.0,structural_mega_shock_regime,0.2325842908960061,0.0,0.0,0.0,0.1572516557269645,0.1078253881362512,0.894435410009439,0.0,0.2325842908960061,0.0744772939835702,0.0,0.0107462156639283,-0.0107462156639283,0.0644772939835702,0.1666666666666666,0.01,0.0637310783196418,0.06373107831964185,728390.0,0.0637310783196418
pres_2025,sido_36,이준석,제3지대,229891.0,,0.0,0.0,0.0,0.3333333333333333,0.2742898140167008,0.0,False,이준석,0.6666666666666665,0.2693955478524616,0.2903968019198479,0.2175240293476766,0.3464336156720926,0.5081001920681283,0.4859221561626372,0.0678571279773684,0.0380765110512041,-0.0191028807370131,0.0035546334770529,0.0248187857762286,0.0112982260622626,0.0,0.0,0.0,0.0,0.147876069067939,0.1200667912195482,0.0740183850537063,10.320618549881312,0.0,0.0,0.147876069067939,0.1992689782991794,4.692358538095219,5.628260011786095,0.7011516958311023,0.0513929092312404,0.0513929092312404,0.0,0.0,0.0,0.0,0.0,0.0,0.0,0.0,0.0,0.0,0.0,0.0,0.0,0.0,0.0,0.0,0.0,0.0,0.0,0.0,0.0,0.0,0.0,0.0,0.0,0.1179534548732113,0.0999999999999999,0.0,1.0,1.0,0.0,0.1595215605048424,0.1644377584127059,1.0,1.0,0.0,0.0,0.0,0.0,0.1340254291519496,0.682276405747414,0.2177235942525859,0.0999999999999999,0.0,0.0,0.0,0.0,0.0,0.0,0.0,0.0,0.0,0.0,0.0,0.0,0.0,0.0,0.0,0.0,0.0,0.0,0.0,0.0,0.0,C,C,0.2386055984496121,0.2742898140167008,0.2718503456830073,C,0.12489672422328246,0.2742898140167008,0.0,0.0,0.0,0.0,0.2742898140167008,0.2429072802447449,0.2742898140167008,0.8378545630774338,0.2662061632418923,0.2742898140167008,0.1453824362748814,0.2581763917989734,0.0,0.1179534548732113,0.140222936925762,0.0,0.0,0.0,0.0,0.0,0.2581763917989733,0.0,0.2581763917989733,0.0,none,0.0,0.0,0.0,0.0,0.0,0.0,0.0,0.0,0.0,0.0,0.0,0.0,0.0,0.0,,none,,0.0,0.0,0.0,0.0,0.0,0.0,0.0,0.0,0.0,0.0,0.0,2.0,0.254959332242485,0.8031275929059034,0.8031275929059034,0.1544761413894931,0.0,0.0,0.0,0.0,A,B,rupture_landslide,1.0,1.0,1.0,1.0,0.8635527978308968,0.0783465085851456,0.2864759333307043,0.1357048353688699,-0.0,0.1357048353688699,0.0,0.0,0.0,0.6499999999999999,0.0,0.0,0.0,0.0,0.0,structural_mega_shock_regime,0.2802354002536573,0.0,0.0,0.0,0.1572516557269645,0.1078253881362512,0.894435410009439,0.0,0.2802354002536573,0.147876069067939,0.0,0.0229793448446565,-0.0229793448446565,0.137876069067939,0.1666666666666666,0.01,0.1248967242232825,0.12489672422328246,229891.0,0.1248967242232825
pres_2025,sido_41,이준석,제3지대,8691376.0,,0.0,0.0,0.0,0.3333333333333333,0.2407184629525463,0.0,False,이준석,0.6666666666666665,0.2693955478524616,0.2903968019198479,0.2175240293476766,0.3464336156720926,0.5081001920681283,0.4859221561626372,0.0678571279773684,0.0380765110512041,-0.0191028807370131,0.0035546334770529,0.0248187857762286,0.0112982260622626,0.0,0.0,0.0,0.0,0.0995750910458024,0.0771590842453019,0.0580584616978025,19.5803392882785,0.0,0.0,0.0995750910458024,0.1093337179838235,7.703506159879082,11.876833128399417,0.7938889338505946,0.0097586269380211,0.0097586269380211,0.0,0.0,0.0,0.0,0.0,0.0,0.0,0.0,0.0,0.0,0.0,0.0,0.0,0.0,0.0,0.0,0.0,0.0,0.0,0.0,0.0,0.0,0.0,0.0,0.0,0.075734620327574,0.0999999999999999,0.0,1.0,1.0,0.0,0.1595215605048424,0.1644377584127059,1.0,1.0,0.0,0.0,0.0,0.0,0.0861736817968248,0.7597735145667994,0.1402264854332006,0.0999999999999999,0.0,0.0,0.0,0.0,0.0,0.0,0.0,0.0,0.0,0.0,0.0,0.0,0.0,0.0,0.0,0.0,0.0,0.0,0.0,0.0,0.0,C,C,0.2386055984496121,0.2407184629525463,0.2384794537203904,C,0.08464590920483515,0.2407184629525463,0.0,0.0,0.0,0.0,0.2407184629525463,0.2324604935114603,0.2407184629525463,0.8378545630774338,0.2012748569922617,0.2407184629525463,0.0998064666228286,0.2231044634113316,0.0,0.075734620327574,0.1473698430837576,0.0,0.0,0.0,0.0,0.0,0.2231044634113316,0.0,0.2231044634113316,0.0,none,0.0,0.0,0.0,0.0,0.0,0.0,0.0,0.0,0.0,0.0,0.0,0.0,0.0,0.0,,none,,0.0,0.0,0.0,0.0,0.0,0.0,0.0,0.0,0.0,0.0,0.0,2.0,0.254959332242485,0.8031275929059034,0.8031275929059034,0.1544761413894931,0.0,0.0,0.0,0.0,A,B,rupture_landslide,1.0,1.0,1.0,1.0,0.8635527978308968,0.0783465085851456,0.2864759333307043,0.1357048353688699,-0.0,0.1357048353688699,0.0,0.0,0.0,0.6499999999999999,0.0,0.0,0.0,0.0,0.0,structural_mega_shock_regime,0.2453039595971036,0.0,0.0,0.0,0.1572516557269645,0.1078253881362512,0.894435410009439,0.0,0.2453039595971036,0.0995750910458024,0.0,0.014929181840967,-0.014929181840967,0.0895750910458024,0.1666666666666666,0.01,0.0846459092048353,0.08464590920483515,8691376.0,0.0846459092048353
pres_2025,sido_42,이준석,제3지대,1005840.0,,0.0,0.0,0.0,0.3333333333333333,0.201878668628943,0.0,False,이준석,0.6666666666666665,0.2693955478524616,0.2903968019198479,0.2175240293476766,0.3464336156720926,0.5081001920681283,0.4859221561626372,0.0678571279773684,0.0380765110512041,-0.0191028807370131,0.0035546334770529,0.0248187857762286,0.0112982260622626,0.0,0.0,0.0,0.0,0.0717619623261836,0.0548216785811606,0.0491905493063567,18.7792991198309,0.0,0.0,0.0717619623261836,0.1067430720885106,7.703506159879082,11.075792959951816,0.7938889338505946,0.034981109762327,0.034981109762327,0.0,0.0,0.0,0.0,0.0,0.0,0.0,0.0,0.0,0.0,0.0,0.0,0.0,0.0,0.0,0.0,0.0,0.0,0.0,0.0,0.0,0.0,0.0,0.0,0.0,0.05340895607306,0.0999999999999999,0.0,1.0,1.0,0.0,0.1595215605048424,0.1644377584127059,1.0,1.0,0.0,0.0,0.0,0.0,0.0633142996074552,0.7854029767162176,0.1145970232837823,0.0999999999999998,0.0,0.0,0.0,0.0,0.0,0.0,0.0,0.0,0.0,0.0,0.0,0.0,0.0,0.0,0.0,0.0,0.0,0.0,0.0,0.0,0.0,C,C,0.2386055984496121,0.201878668628943,0.1999058079950696,C,0.061468301938486375,0.201878668628943,0.0,0.0,0.0,0.0,0.201878668628943,0.1603946595698708,0.201878668628943,0.8378545630774338,0.1798010951811513,0.201878668628943,0.0735968229359543,0.1858434379173194,0.0,0.05340895607306,0.1324344818442593,0.0,0.0,0.0,0.0,0.0,0.1858434379173194,0.0,0.1858434379173194,0.0,none,0.0,0.0,0.0,0.0,0.0,0.0,0.0,0.0,0.0,0.0,0.0,0.0,0.0,0.0,,none,,0.0,0.0,0.0,0.0,0.0,0.0,0.0,0.0,0.0,0.0,0.0,2.0,0.254959332242485,0.8031275929059034,0.8031275929059034,0.1544761413894931,0.0,0.0,0.0,0.0,A,B,rupture_landslide,1.0,1.0,1.0,1.0,0.8635527978308968,0.0783465085851456,0.2864759333307043,0.1357048353688699,-0.0,0.1357048353688699,0.0,0.0,0.0,0.6499999999999999,0.0,0.0,0.0,0.0,0.0,structural_mega_shock_regime,0.2115598125720179,0.0,0.0,0.0,0.1572516557269645,0.1078253881362512,0.894435410009439,0.0,0.2115598125720179,0.0717619623261836,0.0,0.0102936603876972,-0.0102936603876972,0.0617619623261836,0.1666666666666666,0.01,0.0614683019384863,0.061468301938486375,1005840.0,0.0614683019384863
pres_2025,sido_43,이준석,제3지대,1010209.0,,0.0,0.0,0.0,0.3333333333333333,0.2329969185439446,0.0,False,이준석,0.6666666666666665,0.2693955478524616,0.2903968019198479,0.2175240293476766,0.3464336156720926,0.5081001920681283,0.4859221561626372,0.0678571279773684,0.0380765110512041,-0.0191028807370131,0.0035546334770529,0.0248187857762286,0.0112982260622626,0.0,0.0,0.0,0.0,0.0974704920202459,0.0773088185396187,0.0554299793603765,19.25736049128249,0.0,0.0,0.0974704920202459,0.1248170805628044,7.703506159879082,11.553854331403413,0.7938889338505946,0.0273465885425585,0.0273465885425585,0.0,0.0,0.0,0.0,0.0,0.0,0.0,0.0,0.0,0.0,0.0,0.0,0.0,0.0,0.0,0.0,0.0,0.0,0.0,0.0,0.0,0.0,0.0,0.0,0.0,0.0759448541883714,0.1,0.0,1.0,1.0,0.0,0.1595215605048424,0.1644377584127059,1.0,1.0,0.0,0.0,0.0,0.0,0.0861633618212542,0.7609169750732592,0.1390830249267407,0.1,0.0,0.0,0.0,0.0,0.0,0.0,0.0,0.0,0.0,0.0,0.0,0.0,0.0,0.0,0.0,0.0,0.0,0.0,0.0,0.0,0.0,C,C,0.2386055984496121,0.2329969185439446,0.230807897931563,C,0.08289207668353779,0.2329969185439446,0.0,0.0,0.0,0.0,0.2329969185439446,0.1990163768795471,0.2329969185439446,0.8378545630774338,0.2003168033892256,0.2329969185439446,0.0992445460427659,0.2162778719812973,0.0,0.0759448541883714,0.1403330177929258,0.0,0.0,0.0,0.0,0.0,0.2162778719812973,0.0,0.2162778719812973,0.0,none,0.0,0.0,0.0,0.0,0.0,0.0,0.0,0.0,0.0,0.0,0.0,0.0,0.0,0.0,,none,,0.0,0.0,0.0,0.0,0.0,0.0,0.0,0.0,0.0,0.0,0.0,2.0,0.254959332242485,0.8031275929059034,0.8031275929059034,0.1544761413894931,0.0,0.0,0.0,0.0,A,B,rupture_landslide,1.0,1.0,1.0,1.0,0.8635527978308968,0.0783465085851456,0.2864759333307043,0.1357048353688699,-0.0,0.1357048353688699,0.0,0.0,0.0,0.6499999999999999,0.0,0.0,0.0,0.0,0.0,structural_mega_shock_regime,0.2415149393573112,0.0,0.0,0.0,0.1572516557269645,0.1078253881362512,0.894435410009439,0.0,0.2415149393573112,0.0974704920202459,0.0,0.0145784153367076,-0.0145784153367076,0.0874704920202459,0.1666666666666666,0.01,0.0828920766835382,0.08289207668353779,1010209.0,0.0828920766835382
pres_2025,sido_44,이준석,제3지대,1312113.0,,0.0,0.0,0.0,0.3333333333333333,0.2917149997788756,0.0,False,이준석,0.6666666666666665,0.2693955478524616,0.2903968019198479,0.2175240293476766,0.3464336156720926,0.5081001920681283,0.4859221561626372,0.0678571279773684,0.0380765110512041,-0.0191028807370131,0.0035546334770529,0.0248187857762286,0.0112982260622626,0.0,0.0,0.0,0.0,0.1677707451557085,0.1113592686696599,0.1231612195439112,19.097197014263703,0.0,0.0,0.1677707451557085,0.1942733835110736,7.703506159879082,11.39369085438462,0.7938889338505946,0.0265026383553651,0.0265026383553651,0.0,0.0,0.0,0.0,0.0,0.0,0.0,0.0,0.0,0.0,0.0,0.0,0.0,0.0,0.0,0.0,0.0,0.0,0.0,0.0,0.0,0.0,0.0,0.0,0.0,0.1113592686696599,0.1149520178630706,0.0,1.0,1.0,0.0,0.1595215605048424,0.1644377584127059,1.0,1.0,0.0,0.0,0.0,0.0,0.123598107666418,0.6981691486185684,0.1868788335183609,0.1149520178630706,0.0,0.0,0.0,0.0,0.0,0.0,0.0,0.0,0.0,0.0,0.0,0.0,0.0,0.0,0.0,0.0,0.0,0.0,0.0,0.0,0.0,C,C,0.2386055984496121,0.2917149997788756,0.2891823108901969,C,0.1414756209630903,0.2917149997788756,0.0,0.0,0.0,0.0,0.2917149997788756,0.2638909909202923,0.2917149997788756,0.8378545630774338,0.2528903561074792,0.2917149997788756,0.1448924965351669,0.273362186873412,0.0,0.1113592686696599,0.1620029182037521,0.0,0.0,0.0,0.0,0.0,0.273362186873412,0.0,0.273362186873412,0.0,none,0.0,0.0,0.0,0.0,0.0,0.0,0.0,0.0,0.0,0.0,0.0,0.0,0.0,0.0,,none,,0.0,0.0,0.0,0.0,0.0,0.0,0.0,0.0,0.0,0.0,0.0,2.0,0.254959332242485,0.8031275929059034,0.8031275929059034,0.1544761413894931,0.0,0.0,0.0,0.0,A,B,rupture_landslide,1.0,1.0,1.0,1.0,0.8635527978308968,0.0783465085851456,0.2864759333307043,0.1357048353688699,-0.0,0.1357048353688699,0.0,0.0,0.0,0.6499999999999999,0.0,0.0,0.0,0.0,0.0,structural_mega_shock_regime,0.3023538499274284,0.0,0.0,0.0,0.1572516557269645,0.1078253881362512,0.894435410009439,0.0,0.3023538499274284,0.1677707451557085,0.0,0.026295124192618,-0.026295124192618,0.1577707451557085,0.1666666666666666,0.01,0.1414756209630904,0.1414756209630903,1312113.0,0.1414756209630904
pres_2025,sido_45,이준석,제3지대,1225419.0,,0.0,0.0,0.0,0.3333333333333333,0.2428365618292282,0.0,False,이준석,0.6666666666666665,0.2693955478524616,0.2903968019198479,0.2175240293476766,0.3464336156720926,0.5081001920681283,0.4859221561626372,0.0678571279773684,0.0380765110512041,-0.0191028807370131,0.0035546334770529,0.0248187857762286,0.0112982260622626,0.0,0.0,0.0,0.0,0.1213230642572406,0.0806057518283677,0.0913219494772717,19.25736049128249,0.0,0.0,0.1213230642572406,0.1353111438143049,7.703506159879082,11.553854331403413,0.7938889338505946,0.0139880795570642,0.0139880795570642,0.0,0.0,0.0,0.0,0.0,0.0,0.0,0.0,0.0,0.0,0.0,0.0,0.0,0.0,0.0,0.0,0.0,0.0,0.0,0.0,0.0,0.0,0.0,0.0,0.0,0.0806057518283677,0.1409623202593469,0.0,1.0,1.0,0.0,0.1595215605048424,0.1644377584127059,1.0,1.0,0.0,0.0,0.0,0.0,0.0895095223552085,0.723602840395488,0.1354348393451651,0.1409623202593469,0.0,0.0,0.0,0.0,0.0,0.0,0.0,0.0,0.0,0.0,0.0,0.0,0.0,0.0,0.0,0.0,0.0,0.0,0.0,0.0,0.0,C,C,0.2386055984496121,0.2428365618292282,0.2405840938701857,C,0.10276922021436773,0.2428365618292282,0.0,0.0,0.0,0.0,0.2428365618292282,0.2393911557274187,0.2428365618292282,0.8378545630774338,0.2315806213962822,0.2428365618292282,0.1148365570276181,0.2268365612290269,0.0,0.0806057518283677,0.1462308094006591,0.0,0.0,0.0,0.0,0.0,0.2268365612290269,0.0,0.2268365612290269,0.0,none,0.0,0.0,0.0,0.0,0.0,0.0,0.0,0.0,0.0,0.0,0.0,0.0,0.0,0.0,,none,,0.0,0.0,0.0,0.0,0.0,0.0,0.0,0.0,0.0,0.0,0.0,2.0,0.254959332242485,0.8031275929059034,0.8031275929059034,0.1544761413894931,0.0,0.0,0.0,0.0,A,B,rupture_landslide,1.0,1.0,1.0,1.0,0.8635527978308968,0.0783465085851456,0.2864759333307043,0.1357048353688699,-0.0,0.1357048353688699,0.0,0.0,0.0,0.6499999999999999,0.0,0.0,0.0,0.0,0.0,structural_mega_shock_regime,0.2311417140986902,0.0,0.0,0.0,0.1572516557269645,0.1078253881362512,0.894435410009439,0.0,0.2311417140986902,0.1213230642572406,0.0,0.0185538440428734,-0.0185538440428734,0.1113230642572406,0.1666666666666666,0.01,0.1027692202143671,0.10276922021436773,1225419.0,0.1027692202143671
pres_2025,sido_46,이준석,제3지대,1271616.0,,0.0,0.0,0.0,0.3333333333333333,0.2596484842295931,0.0,False,이준석,0.6666666666666665,0.2693955478524616,0.2903968019198479,0.2175240293476766,0.3464336156720926,0.5081001920681283,0.4859221561626372,0.0678571279773684,0.0380765110512041,-0.0191028807370131,0.0035546334770529,0.0248187857762286,0.0112982260622626,0.0,0.0,0.0,0.0,0.1325917555249373,0.0830656355994106,0.1080809549481558,18.346529149548196,0.0,0.0,0.1325917555249373,0.1576093301799937,7.703506159879082,10.64302298966911,0.7938889338505946,0.0250175746550564,0.0250175746550564,0.0,0.0,0.0,0.0,0.0,0.0,0.0,0.0,0.0,0.0,0.0,0.0,0.0,0.0,0.0,0.0,0.0,0.0,0.0,0.0,0.0,0.0,0.0,0.0,0.0,0.0830656355994106,0.1493351010181369,0.0,1.0,1.0,0.0,0.1595215605048424,0.1644377584127059,1.0,1.0,0.0,0.0,0.0,0.0,0.0896166259881666,0.7273241088973031,0.1233407900845598,0.1493351010181369,0.0,0.0,0.0,0.0,0.0,0.0,0.0,0.0,0.0,0.0,0.0,0.0,0.0,0.0,0.0,0.0,0.0,0.0,0.0,0.0,0.0,C,C,0.2386055984496121,0.2596484842295931,0.2572930654800678,C,0.11215979627078188,0.2596484842295931,0.0,0.0,0.0,0.0,0.2596484842295931,0.2470911436774438,0.2596484842295931,0.8378545630774338,0.2284627396016,0.2596484842295931,0.1218402682210431,0.2424224572285243,0.0,0.0830656355994106,0.1593568216291136,0.0,0.0,0.0,0.0,0.0,0.2424224572285243,0.0,0.2424224572285243,0.0,none,0.0,0.0,0.0,0.0,0.0,0.0,0.0,0.0,0.0,0.0,0.0,0.0,0.0,0.0,,none,,0.0,0.0,0.0,0.0,0.0,0.0,0.0,0.0,0.0,0.0,0.0,2.0,0.254959332242485,0.8031275929059034,0.8031275929059034,0.1544761413894931,0.0,0.0,0.0,0.0,A,B,rupture_landslide,1.0,1.0,1.0,1.0,0.8635527978308968,0.0783465085851456,0.2864759333307043,0.1357048353688699,-0.0,0.1357048353688699,0.0,0.0,0.0,0.6499999999999999,0.0,0.0,0.0,0.0,0.0,structural_mega_shock_regime,0.2450669659655971,0.0,0.0,0.0,0.1572516557269645,0.1078253881362512,0.894435410009439,0.0,0.2450669659655971,0.1325917555249373,0.0,0.0204319592541562,-0.0204319592541562,0.1225917555249373,0.1666666666666666,0.01,0.1121597962707811,0.11215979627078188,1271616.0,0.1121597962707811
pres_2025,sido_47,이준석,제3지대,1757696.0,,0.0,0.0,0.0,0.3333333333333333,0.1677375308101141,0.0,False,이준석,0.6666666666666665,0.2693955478524616,0.2903968019198479,0.2175240293476766,0.3464336156720926,0.5081001920681283,0.4859221561626372,0.0678571279773684,0.0380765110512041,-0.0191028807370131,0.0035546334770529,0.0248187857762286,0.0112982260622626,0.0,0.0,0.0,0.0,0.0727455790757362,0.05819322485265,0.037223933397706,19.5803392882785,0.0,0.0,0.0727455790757362,0.0799764625524561,7.703506159879082,11.876833128399417,0.7938889338505946,0.0072308834767198,0.0072308834767198,0.0,0.0,0.0,0.0,0.0,0.0,0.0,0.0,0.0,0.0,0.0,0.0,0.0,0.0,0.0,0.0,0.0,0.0,0.0,0.0,0.0,0.0,0.0,0.0,0.0,0.0564690842413547,0.0999999999999998,0.0,1.0,1.0,0.0,0.1595215605048424,0.1644377584127059,1.0,1.0,0.0,0.0,0.0,0.0,0.0668096988811891,0.7797074132548529,0.120292586745147,0.0999999999999999,0.0,0.0,0.0,0.0,0.0,0.0,0.0,0.0,0.0,0.0,0.0,0.0,0.0,0.0,0.0,0.0,0.0,0.0,0.0,0.0,0.0,C,C,0.2386055984496121,0.1677375308101141,0.1660289083942553,C,0.062287982563114026,0.1677375308101141,0.0,0.0,0.0,0.0,0.1677375308101141,0.1297908075182037,0.1677375308101141,0.8378545630774338,0.1845731490165529,0.1677375308101141,0.0732428373223661,0.1559256941241456,0.0,0.0564690842413547,0.0994566098827909,0.0,0.0,0.0,0.0,0.0,0.1559256941241456,0.0,0.1559256941241456,0.0,none,0.0,0.0,0.0,0.0,0.0,0.0,0.0,0.0,0.0,0.0,0.0,0.0,0.0,0.0,,none,,0.0,0.0,0.0,0.0,0.0,0.0,0.0,0.0,0.0,0.0,0.0,2.0,0.254959332242485,0.8031275929059034,0.8031275929059034,0.1544761413894931,0.0,0.0,0.0,0.0,A,B,rupture_landslide,1.0,1.0,1.0,1.0,0.8635527978308968,0.0783465085851456,0.2864759333307043,0.1357048353688699,-0.0,0.1357048353688699,0.0,0.0,0.0,0.6499999999999999,0.0,0.0,0.0,0.0,0.0,structural_mega_shock_regime,0.1882005201519669,0.0,0.0,0.0,0.1572516557269645,0.1078253881362512,0.894435410009439,0.0,0.1882005201519669,0.0727455790757362,0.0,0.0104575965126227,-0.0104575965126227,0.0627455790757362,0.1666666666666666,0.01,0.0622879825631135,0.062287982563114026,1757696.0,0.0622879825631135
pres_2025,sido_48,이준석,제3지대,2124344.0,,0.0,0.0,0.0,0.3333333333333333,0.1809046290511335,0.0,False,이준석,0.6666666666666665,0.2693955478524616,0.2903968019198479,0.2175240293476766,0.3464336156720926,0.5081001920681283,0.4859221561626372,0.0678571279773684,0.0380765110512041,-0.0191028807370131,0.0035546334770529,0.0248187857762286,0.0112982260622626,0.0,0.0,0.0,0.0,0.0673330706488178,0.0515499099856478,0.0400499518406206,19.25736049128249,0.0,0.0,0.0673330706488178,0.06670888162598,7.703506159879082,11.553854331403413,0.7938889338505946,0.0,-0.0006241890228378,0.0,0.0,0.0,0.0,0.0,0.0,0.0,0.0,0.0,0.0,0.0,0.0,0.0,0.0,0.0,0.0,0.0,0.0,0.0,0.0,0.0,0.0,0.0,0.0,0.0,0.0515499099856478,0.1125856127150621,0.0,1.0,1.0,0.0,0.1595215605048424,0.1644377584127059,1.0,1.0,0.0,0.0,0.0,0.0,0.064062389382965,0.7588392181737231,0.1285751691112147,0.112585612715062,0.0,0.0,0.0,0.0,0.0,0.0,0.0,0.0,0.0,0.0,0.0,0.0,0.0,0.0,0.0,0.0,0.0,0.0,0.0,0.0,0.0,C,C,0.2386055984496121,0.1809046290511335,0.1790907443012373,C,0.05777755887401525,0.1809046290511335,0.0,0.0,0.0,0.0,0.1809046290511335,0.1795904978836543,0.1809046290511335,0.8378545630774338,0.2020576614884675,0.1809046290511335,0.0719171684903607,0.1672811964810369,0.0,0.0515499099856478,0.1157312864953891,0.0,0.0,0.0,0.0,0.0,0.1672811964810369,0.0,0.1672811964810369,0.0,none,0.0,0.0,0.0,0.0,0.0,0.0,0.0,0.0,0.0,0.0,0.0,0.0,0.0,0.0,,none,,0.0,0.0,0.0,0.0,0.0,0.0,0.0,0.0,0.0,0.0,0.0,2.0,0.254959332242485,0.8031275929059034,0.8031275929059034,0.1544761413894931,0.0,0.0,0.0,0.0,A,B,rupture_landslide,1.0,1.0,1.0,1.0,0.8635527978308968,0.0783465085851456,0.2864759333307043,0.1357048353688699,-0.0,0.1357048353688699,0.0,0.0,0.0,0.6499999999999999,0.0,0.0,0.0,0.0,0.0,structural_mega_shock_regime,0.1928526873564288,0.0,0.0,0.0,0.1572516557269645,0.1078253881362512,0.894435410009439,0.0,0.1928526873564288,0.0673330706488178,0.0,0.0095555117748029,-0.0095555117748029,0.0573330706488178,0.1666666666666666,0.01,0.0577775588740149,0.05777755887401525,2124344.0,0.0577775588740149
pres_2025,sido_50,이준석,제3지대,405238.0,,0.0,0.0,0.0,0.3333333333333333,0.2268361670441649,0.0,False,이준석,0.6666666666666665,0.2693955478524616,0.2903968019198479,0.2175240293476766,0.3464336156720926,0.5081001920681283,0.4859221561626372,0.0678571279773684,0.0380765110512041,-0.0191028807370131,0.0035546334770529,0.0248187857762286,0.0112982260622626,0.0,0.0,0.0,0.0,0.0848601550580219,0.0661893319618392,0.0515054103444907,13.861389329695085,0.0,0.0,0.0848601550580219,0.109895775919071,6.253568420319005,7.607820909376077,0.7576805694036156,0.025035620861049,0.025035620861049,0.0,0.0,0.0,0.0,0.0,0.0,0.0,0.0,0.0,0.0,0.0,0.0,0.0,0.0,0.0,0.0,0.0,0.0,0.0,0.0,0.0,0.0,0.0,0.0,0.0,0.0661893319618392,0.145283230037314,0.0,1.0,1.0,0.0,0.1595215605048424,0.1644377584127059,1.0,1.0,0.0,0.0,0.0,0.0,0.0783966871954235,0.7132533605414471,0.1414634094212389,0.145283230037314,0.0,0.0,0.0,0.0,0.0,0.0,0.0,0.0,0.0,0.0,0.0,0.0,0.0,0.0,0.0,0.0,0.0,0.0,0.0,0.0,0.0,C,C,0.2386055984496121,0.2268361670441649,0.2246880713557528,C,0.07238346254835179,0.2268361670441649,0.0,0.0,0.0,0.0,0.2268361670441649,0.2268361670441649,0.2268361670441649,0.8378545630774338,0.2402519803174683,0.2268361670441649,0.0991448229992992,0.2108747490385567,0.0,0.0661893319618392,0.1446854170767174,0.0,0.0,0.0,0.0,0.0,0.2108747490385567,0.0,0.2108747490385567,0.0,none,0.0,0.0,0.0,0.0,0.0,0.0,0.0,0.0,0.0,0.0,0.0,0.0,0.0,0.0,,none,,0.0,0.0,0.0,0.0,0.0,0.0,0.0,0.0,0.0,0.0,0.0,2.0,0.254959332242485,0.8031275929059034,0.8031275929059034,0.1544761413894931,0.0,0.0,0.0,0.0,A,B,rupture_landslide,1.0,1.0,1.0,1.0,0.8635527978308968,0.0783465085851456,0.2864759333307043,0.1357048353688699,-0.0,0.1357048353688699,0.0,0.0,0.0,0.6499999999999999,0.0,0.0,0.0,0.0,0.0,structural_mega_shock_regime,0.2308645277681522,0.0,0.0,0.0,0.1572516557269645,0.1078253881362512,0.894435410009439,0.0,0.2308645277681522,0.0848601550580219,0.0,0.0124766925096703,-0.0124766925096703,0.0748601550580219,0.1666666666666666,0.01,0.0723834625483516,0.07238346254835179,405238.0,0.0723834625483516
