task_id,source_id,date,category_id,page,status,last_error,output_file
yonhap_20010101_all_p001,yonhap,2001-01-01,all,1,pending,,data\raw_lake\source_archive\source=yonhap\year=2001\month=01\part.jsonl
yonhap_20010101_politics_p001,yonhap,2001-01-01,politics,1,pending,,data\raw_lake\source_archive\source=yonhap\year=2001\month=01\part.jsonl
yonhap_20010101_economy_p001,yonhap,2001-01-01,economy,1,pending,,data\raw_lake\source_archive\source=yonhap\year=2001\month=01\part.jsonl
yonhap_20010101_society_p001,yonhap,2001-01-01,society,1,pending,,data\raw_lake\source_archive\source=yonhap\year=2001\month=01\part.jsonl
yonhap_20010102_all_p001,yonhap,2001-01-02,all,1,pending,,data\raw_lake\source_archive\source=yonhap\year=2001\month=01\part.jsonl
yonhap_20010102_politics_p001,yonhap,2001-01-02,politics,1,pending,,data\raw_lake\source_archive\source=yonhap\year=2001\month=01\part.jsonl
yonhap_20010102_economy_p001,yonhap,2001-01-02,economy,1,pending,,data\raw_lake\source_archive\source=yonhap\year=2001\month=01\part.jsonl
yonhap_20010102_society_p001,yonhap,2001-01-02,society,1,pending,,data\raw_lake\source_archive\source=yonhap\year=2001\month=01\part.jsonl
yonhap_20010103_all_p001,yonhap,2001-01-03,all,1,pending,,data\raw_lake\source_archive\source=yonhap\year=2001\month=01\part.jsonl
yonhap_20010103_politics_p001,yonhap,2001-01-03,politics,1,pending,,data\raw_lake\source_archive\source=yonhap\year=2001\month=01\part.jsonl
yonhap_20010103_economy_p001,yonhap,2001-01-03,economy,1,pending,,data\raw_lake\source_archive\source=yonhap\year=2001\month=01\part.jsonl
yonhap_20010103_society_p001,yonhap,2001-01-03,society,1,pending,,data\raw_lake\source_archive\source=yonhap\year=2001\month=01\part.jsonl
yonhap_20010104_all_p001,yonhap,2001-01-04,all,1,pending,,data\raw_lake\source_archive\source=yonhap\year=2001\month=01\part.jsonl
yonhap_20010104_politics_p001,yonhap,2001-01-04,politics,1,pending,,data\raw_lake\source_archive\source=yonhap\year=2001\month=01\part.jsonl
yonhap_20010104_economy_p001,yonhap,2001-01-04,economy,1,pending,,data\raw_lake\source_archive\source=yonhap\year=2001\month=01\part.jsonl
yonhap_20010104_society_p001,yonhap,2001-01-04,society,1,pending,,data\raw_lake\source_archive\source=yonhap\year=2001\month=01\part.jsonl
yonhap_20010105_all_p001,yonhap,2001-01-05,all,1,pending,,data\raw_lake\source_archive\source=yonhap\year=2001\month=01\part.jsonl
yonhap_20010105_politics_p001,yonhap,2001-01-05,politics,1,pending,,data\raw_lake\source_archive\source=yonhap\year=2001\month=01\part.jsonl
yonhap_20010105_economy_p001,yonhap,2001-01-05,economy,1,pending,,data\raw_lake\source_archive\source=yonhap\year=2001\month=01\part.jsonl
yonhap_20010105_society_p001,yonhap,2001-01-05,society,1,pending,,data\raw_lake\source_archive\source=yonhap\year=2001\month=01\part.jsonl
yonhap_20010106_all_p001,yonhap,2001-01-06,all,1,pending,,data\raw_lake\source_archive\source=yonhap\year=2001\month=01\part.jsonl
yonhap_20010106_politics_p001,yonhap,2001-01-06,politics,1,pending,,data\raw_lake\source_archive\source=yonhap\year=2001\month=01\part.jsonl
yonhap_20010106_economy_p001,yonhap,2001-01-06,economy,1,pending,,data\raw_lake\source_archive\source=yonhap\year=2001\month=01\part.jsonl
yonhap_20010106_society_p001,yonhap,2001-01-06,society,1,pending,,data\raw_lake\source_archive\source=yonhap\year=2001\month=01\part.jsonl
yonhap_20010107_all_p001,yonhap,2001-01-07,all,1,pending,,data\raw_lake\source_archive\source=yonhap\year=2001\month=01\part.jsonl
yonhap_20010107_politics_p001,yonhap,2001-01-07,politics,1,pending,,data\raw_lake\source_archive\source=yonhap\year=2001\month=01\part.jsonl
yonhap_20010107_economy_p001,yonhap,2001-01-07,economy,1,pending,,data\raw_lake\source_archive\source=yonhap\year=2001\month=01\part.jsonl
yonhap_20010107_society_p001,yonhap,2001-01-07,society,1,pending,,data\raw_lake\source_archive\source=yonhap\year=2001\month=01\part.jsonl
yonhap_20010108_all_p001,yonhap,2001-01-08,all,1,pending,,data\raw_lake\source_archive\source=yonhap\year=2001\month=01\part.jsonl
yonhap_20010108_politics_p001,yonhap,2001-01-08,politics,1,pending,,data\raw_lake\source_archive\source=yonhap\year=2001\month=01\part.jsonl
yonhap_20010108_economy_p001,yonhap,2001-01-08,economy,1,pending,,data\raw_lake\source_archive\source=yonhap\year=2001\month=01\part.jsonl
yonhap_20010108_society_p001,yonhap,2001-01-08,society,1,pending,,data\raw_lake\source_archive\source=yonhap\year=2001\month=01\part.jsonl
yonhap_20010109_all_p001,yonhap,2001-01-09,all,1,pending,,data\raw_lake\source_archive\source=yonhap\year=2001\month=01\part.jsonl
yonhap_20010109_politics_p001,yonhap,2001-01-09,politics,1,pending,,data\raw_lake\source_archive\source=yonhap\year=2001\month=01\part.jsonl
yonhap_20010109_economy_p001,yonhap,2001-01-09,economy,1,pending,,data\raw_lake\source_archive\source=yonhap\year=2001\month=01\part.jsonl
yonhap_20010109_society_p001,yonhap,2001-01-09,society,1,pending,,data\raw_lake\source_archive\source=yonhap\year=2001\month=01\part.jsonl
yonhap_20010110_all_p001,yonhap,2001-01-10,all,1,pending,,data\raw_lake\source_archive\source=yonhap\year=2001\month=01\part.jsonl
yonhap_20010110_politics_p001,yonhap,2001-01-10,politics,1,pending,,data\raw_lake\source_archive\source=yonhap\year=2001\month=01\part.jsonl
yonhap_20010110_economy_p001,yonhap,2001-01-10,economy,1,pending,,data\raw_lake\source_archive\source=yonhap\year=2001\month=01\part.jsonl
yonhap_20010110_society_p001,yonhap,2001-01-10,society,1,pending,,data\raw_lake\source_archive\source=yonhap\year=2001\month=01\part.jsonl
yonhap_20010111_all_p001,yonhap,2001-01-11,all,1,pending,,data\raw_lake\source_archive\source=yonhap\year=2001\month=01\part.jsonl
yonhap_20010111_politics_p001,yonhap,2001-01-11,politics,1,pending,,data\raw_lake\source_archive\source=yonhap\year=2001\month=01\part.jsonl
yonhap_20010111_economy_p001,yonhap,2001-01-11,economy,1,pending,,data\raw_lake\source_archive\source=yonhap\year=2001\month=01\part.jsonl
yonhap_20010111_society_p001,yonhap,2001-01-11,society,1,pending,,data\raw_lake\source_archive\source=yonhap\year=2001\month=01\part.jsonl
yonhap_20010112_all_p001,yonhap,2001-01-12,all,1,pending,,data\raw_lake\source_archive\source=yonhap\year=2001\month=01\part.jsonl
yonhap_20010112_politics_p001,yonhap,2001-01-12,politics,1,pending,,data\raw_lake\source_archive\source=yonhap\year=2001\month=01\part.jsonl
yonhap_20010112_economy_p001,yonhap,2001-01-12,economy,1,pending,,data\raw_lake\source_archive\source=yonhap\year=2001\month=01\part.jsonl
yonhap_20010112_society_p001,yonhap,2001-01-12,society,1,pending,,data\raw_lake\source_archive\source=yonhap\year=2001\month=01\part.jsonl
yonhap_20010113_all_p001,yonhap,2001-01-13,all,1,pending,,data\raw_lake\source_archive\source=yonhap\year=2001\month=01\part.jsonl
yonhap_20010113_politics_p001,yonhap,2001-01-13,politics,1,pending,,data\raw_lake\source_archive\source=yonhap\year=2001\month=01\part.jsonl
yonhap_20010113_economy_p001,yonhap,2001-01-13,economy,1,pending,,data\raw_lake\source_archive\source=yonhap\year=2001\month=01\part.jsonl
yonhap_20010113_society_p001,yonhap,2001-01-13,society,1,pending,,data\raw_lake\source_archive\source=yonhap\year=2001\month=01\part.jsonl
yonhap_20010114_all_p001,yonhap,2001-01-14,all,1,pending,,data\raw_lake\source_archive\source=yonhap\year=2001\month=01\part.jsonl
yonhap_20010114_politics_p001,yonhap,2001-01-14,politics,1,pending,,data\raw_lake\source_archive\source=yonhap\year=2001\month=01\part.jsonl
yonhap_20010114_economy_p001,yonhap,2001-01-14,economy,1,pending,,data\raw_lake\source_archive\source=yonhap\year=2001\month=01\part.jsonl
yonhap_20010114_society_p001,yonhap,2001-01-14,society,1,pending,,data\raw_lake\source_archive\source=yonhap\year=2001\month=01\part.jsonl
yonhap_20010115_all_p001,yonhap,2001-01-15,all,1,pending,,data\raw_lake\source_archive\source=yonhap\year=2001\month=01\part.jsonl
yonhap_20010115_politics_p001,yonhap,2001-01-15,politics,1,pending,,data\raw_lake\source_archive\source=yonhap\year=2001\month=01\part.jsonl
yonhap_20010115_economy_p001,yonhap,2001-01-15,economy,1,pending,,data\raw_lake\source_archive\source=yonhap\year=2001\month=01\part.jsonl
yonhap_20010115_society_p001,yonhap,2001-01-15,society,1,pending,,data\raw_lake\source_archive\source=yonhap\year=2001\month=01\part.jsonl
yonhap_20010116_all_p001,yonhap,2001-01-16,all,1,pending,,data\raw_lake\source_archive\source=yonhap\year=2001\month=01\part.jsonl
yonhap_20010116_politics_p001,yonhap,2001-01-16,politics,1,pending,,data\raw_lake\source_archive\source=yonhap\year=2001\month=01\part.jsonl
yonhap_20010116_economy_p001,yonhap,2001-01-16,economy,1,pending,,data\raw_lake\source_archive\source=yonhap\year=2001\month=01\part.jsonl
yonhap_20010116_society_p001,yonhap,2001-01-16,society,1,pending,,data\raw_lake\source_archive\source=yonhap\year=2001\month=01\part.jsonl
yonhap_20010117_all_p001,yonhap,2001-01-17,all,1,pending,,data\raw_lake\source_archive\source=yonhap\year=2001\month=01\part.jsonl
yonhap_20010117_politics_p001,yonhap,2001-01-17,politics,1,pending,,data\raw_lake\source_archive\source=yonhap\year=2001\month=01\part.jsonl
yonhap_20010117_economy_p001,yonhap,2001-01-17,economy,1,pending,,data\raw_lake\source_archive\source=yonhap\year=2001\month=01\part.jsonl
yonhap_20010117_society_p001,yonhap,2001-01-17,society,1,pending,,data\raw_lake\source_archive\source=yonhap\year=2001\month=01\part.jsonl
yonhap_20010118_all_p001,yonhap,2001-01-18,all,1,pending,,data\raw_lake\source_archive\source=yonhap\year=2001\month=01\part.jsonl
yonhap_20010118_politics_p001,yonhap,2001-01-18,politics,1,pending,,data\raw_lake\source_archive\source=yonhap\year=2001\month=01\part.jsonl
yonhap_20010118_economy_p001,yonhap,2001-01-18,economy,1,pending,,data\raw_lake\source_archive\source=yonhap\year=2001\month=01\part.jsonl
yonhap_20010118_society_p001,yonhap,2001-01-18,society,1,pending,,data\raw_lake\source_archive\source=yonhap\year=2001\month=01\part.jsonl
yonhap_20010119_all_p001,yonhap,2001-01-19,all,1,pending,,data\raw_lake\source_archive\source=yonhap\year=2001\month=01\part.jsonl
yonhap_20010119_politics_p001,yonhap,2001-01-19,politics,1,pending,,data\raw_lake\source_archive\source=yonhap\year=2001\month=01\part.jsonl
yonhap_20010119_economy_p001,yonhap,2001-01-19,economy,1,pending,,data\raw_lake\source_archive\source=yonhap\year=2001\month=01\part.jsonl
yonhap_20010119_society_p001,yonhap,2001-01-19,society,1,pending,,data\raw_lake\source_archive\source=yonhap\year=2001\month=01\part.jsonl
yonhap_20010120_all_p001,yonhap,2001-01-20,all,1,pending,,data\raw_lake\source_archive\source=yonhap\year=2001\month=01\part.jsonl
yonhap_20010120_politics_p001,yonhap,2001-01-20,politics,1,pending,,data\raw_lake\source_archive\source=yonhap\year=2001\month=01\part.jsonl
yonhap_20010120_economy_p001,yonhap,2001-01-20,economy,1,pending,,data\raw_lake\source_archive\source=yonhap\year=2001\month=01\part.jsonl
yonhap_20010120_society_p001,yonhap,2001-01-20,society,1,pending,,data\raw_lake\source_archive\source=yonhap\year=2001\month=01\part.jsonl
yonhap_20010121_all_p001,yonhap,2001-01-21,all,1,pending,,data\raw_lake\source_archive\source=yonhap\year=2001\month=01\part.jsonl
yonhap_20010121_politics_p001,yonhap,2001-01-21,politics,1,pending,,data\raw_lake\source_archive\source=yonhap\year=2001\month=01\part.jsonl
yonhap_20010121_economy_p001,yonhap,2001-01-21,economy,1,pending,,data\raw_lake\source_archive\source=yonhap\year=2001\month=01\part.jsonl
yonhap_20010121_society_p001,yonhap,2001-01-21,society,1,pending,,data\raw_lake\source_archive\source=yonhap\year=2001\month=01\part.jsonl
yonhap_20010122_all_p001,yonhap,2001-01-22,all,1,pending,,data\raw_lake\source_archive\source=yonhap\year=2001\month=01\part.jsonl
yonhap_20010122_politics_p001,yonhap,2001-01-22,politics,1,pending,,data\raw_lake\source_archive\source=yonhap\year=2001\month=01\part.jsonl
yonhap_20010122_economy_p001,yonhap,2001-01-22,economy,1,pending,,data\raw_lake\source_archive\source=yonhap\year=2001\month=01\part.jsonl
yonhap_20010122_society_p001,yonhap,2001-01-22,society,1,pending,,data\raw_lake\source_archive\source=yonhap\year=2001\month=01\part.jsonl
yonhap_20010123_all_p001,yonhap,2001-01-23,all,1,pending,,data\raw_lake\source_archive\source=yonhap\year=2001\month=01\part.jsonl
yonhap_20010123_politics_p001,yonhap,2001-01-23,politics,1,pending,,data\raw_lake\source_archive\source=yonhap\year=2001\month=01\part.jsonl
yonhap_20010123_economy_p001,yonhap,2001-01-23,economy,1,pending,,data\raw_lake\source_archive\source=yonhap\year=2001\month=01\part.jsonl
yonhap_20010123_society_p001,yonhap,2001-01-23,society,1,pending,,data\raw_lake\source_archive\source=yonhap\year=2001\month=01\part.jsonl
yonhap_20010124_all_p001,yonhap,2001-01-24,all,1,pending,,data\raw_lake\source_archive\source=yonhap\year=2001\month=01\part.jsonl
yonhap_20010124_politics_p001,yonhap,2001-01-24,politics,1,pending,,data\raw_lake\source_archive\source=yonhap\year=2001\month=01\part.jsonl
yonhap_20010124_economy_p001,yonhap,2001-01-24,economy,1,pending,,data\raw_lake\source_archive\source=yonhap\year=2001\month=01\part.jsonl
yonhap_20010124_society_p001,yonhap,2001-01-24,society,1,pending,,data\raw_lake\source_archive\source=yonhap\year=2001\month=01\part.jsonl
yonhap_20010125_all_p001,yonhap,2001-01-25,all,1,pending,,data\raw_lake\source_archive\source=yonhap\year=2001\month=01\part.jsonl
yonhap_20010125_politics_p001,yonhap,2001-01-25,politics,1,pending,,data\raw_lake\source_archive\source=yonhap\year=2001\month=01\part.jsonl
yonhap_20010125_economy_p001,yonhap,2001-01-25,economy,1,pending,,data\raw_lake\source_archive\source=yonhap\year=2001\month=01\part.jsonl
yonhap_20010125_society_p001,yonhap,2001-01-25,society,1,pending,,data\raw_lake\source_archive\source=yonhap\year=2001\month=01\part.jsonl
yonhap_20010126_all_p001,yonhap,2001-01-26,all,1,pending,,data\raw_lake\source_archive\source=yonhap\year=2001\month=01\part.jsonl
yonhap_20010126_politics_p001,yonhap,2001-01-26,politics,1,pending,,data\raw_lake\source_archive\source=yonhap\year=2001\month=01\part.jsonl
yonhap_20010126_economy_p001,yonhap,2001-01-26,economy,1,pending,,data\raw_lake\source_archive\source=yonhap\year=2001\month=01\part.jsonl
yonhap_20010126_society_p001,yonhap,2001-01-26,society,1,pending,,data\raw_lake\source_archive\source=yonhap\year=2001\month=01\part.jsonl
yonhap_20010127_all_p001,yonhap,2001-01-27,all,1,pending,,data\raw_lake\source_archive\source=yonhap\year=2001\month=01\part.jsonl
yonhap_20010127_politics_p001,yonhap,2001-01-27,politics,1,pending,,data\raw_lake\source_archive\source=yonhap\year=2001\month=01\part.jsonl
yonhap_20010127_economy_p001,yonhap,2001-01-27,economy,1,pending,,data\raw_lake\source_archive\source=yonhap\year=2001\month=01\part.jsonl
yonhap_20010127_society_p001,yonhap,2001-01-27,society,1,pending,,data\raw_lake\source_archive\source=yonhap\year=2001\month=01\part.jsonl
yonhap_20010128_all_p001,yonhap,2001-01-28,all,1,pending,,data\raw_lake\source_archive\source=yonhap\year=2001\month=01\part.jsonl
yonhap_20010128_politics_p001,yonhap,2001-01-28,politics,1,pending,,data\raw_lake\source_archive\source=yonhap\year=2001\month=01\part.jsonl
yonhap_20010128_economy_p001,yonhap,2001-01-28,economy,1,pending,,data\raw_lake\source_archive\source=yonhap\year=2001\month=01\part.jsonl
yonhap_20010128_society_p001,yonhap,2001-01-28,society,1,pending,,data\raw_lake\source_archive\source=yonhap\year=2001\month=01\part.jsonl
yonhap_20010129_all_p001,yonhap,2001-01-29,all,1,pending,,data\raw_lake\source_archive\source=yonhap\year=2001\month=01\part.jsonl
yonhap_20010129_politics_p001,yonhap,2001-01-29,politics,1,pending,,data\raw_lake\source_archive\source=yonhap\year=2001\month=01\part.jsonl
yonhap_20010129_economy_p001,yonhap,2001-01-29,economy,1,pending,,data\raw_lake\source_archive\source=yonhap\year=2001\month=01\part.jsonl
yonhap_20010129_society_p001,yonhap,2001-01-29,society,1,pending,,data\raw_lake\source_archive\source=yonhap\year=2001\month=01\part.jsonl
yonhap_20010130_all_p001,yonhap,2001-01-30,all,1,pending,,data\raw_lake\source_archive\source=yonhap\year=2001\month=01\part.jsonl
yonhap_20010130_politics_p001,yonhap,2001-01-30,politics,1,pending,,data\raw_lake\source_archive\source=yonhap\year=2001\month=01\part.jsonl
yonhap_20010130_economy_p001,yonhap,2001-01-30,economy,1,pending,,data\raw_lake\source_archive\source=yonhap\year=2001\month=01\part.jsonl
yonhap_20010130_society_p001,yonhap,2001-01-30,society,1,pending,,data\raw_lake\source_archive\source=yonhap\year=2001\month=01\part.jsonl
yonhap_20010131_all_p001,yonhap,2001-01-31,all,1,pending,,data\raw_lake\source_archive\source=yonhap\year=2001\month=01\part.jsonl
yonhap_20010131_politics_p001,yonhap,2001-01-31,politics,1,pending,,data\raw_lake\source_archive\source=yonhap\year=2001\month=01\part.jsonl
yonhap_20010131_economy_p001,yonhap,2001-01-31,economy,1,pending,,data\raw_lake\source_archive\source=yonhap\year=2001\month=01\part.jsonl
yonhap_20010131_society_p001,yonhap,2001-01-31,society,1,pending,,data\raw_lake\source_archive\source=yonhap\year=2001\month=01\part.jsonl
yonhap_20010201_all_p001,yonhap,2001-02-01,all,1,pending,,data\raw_lake\source_archive\source=yonhap\year=2001\month=02\part.jsonl
yonhap_20010201_politics_p001,yonhap,2001-02-01,politics,1,pending,,data\raw_lake\source_archive\source=yonhap\year=2001\month=02\part.jsonl
yonhap_20010201_economy_p001,yonhap,2001-02-01,economy,1,pending,,data\raw_lake\source_archive\source=yonhap\year=2001\month=02\part.jsonl
yonhap_20010201_society_p001,yonhap,2001-02-01,society,1,pending,,data\raw_lake\source_archive\source=yonhap\year=2001\month=02\part.jsonl
yonhap_20010202_all_p001,yonhap,2001-02-02,all,1,pending,,data\raw_lake\source_archive\source=yonhap\year=2001\month=02\part.jsonl
yonhap_20010202_politics_p001,yonhap,2001-02-02,politics,1,pending,,data\raw_lake\source_archive\source=yonhap\year=2001\month=02\part.jsonl
yonhap_20010202_economy_p001,yonhap,2001-02-02,economy,1,pending,,data\raw_lake\source_archive\source=yonhap\year=2001\month=02\part.jsonl
yonhap_20010202_society_p001,yonhap,2001-02-02,society,1,pending,,data\raw_lake\source_archive\source=yonhap\year=2001\month=02\part.jsonl
yonhap_20010203_all_p001,yonhap,2001-02-03,all,1,pending,,data\raw_lake\source_archive\source=yonhap\year=2001\month=02\part.jsonl
yonhap_20010203_politics_p001,yonhap,2001-02-03,politics,1,pending,,data\raw_lake\source_archive\source=yonhap\year=2001\month=02\part.jsonl
yonhap_20010203_economy_p001,yonhap,2001-02-03,economy,1,pending,,data\raw_lake\source_archive\source=yonhap\year=2001\month=02\part.jsonl
yonhap_20010203_society_p001,yonhap,2001-02-03,society,1,pending,,data\raw_lake\source_archive\source=yonhap\year=2001\month=02\part.jsonl
yonhap_20010204_all_p001,yonhap,2001-02-04,all,1,pending,,data\raw_lake\source_archive\source=yonhap\year=2001\month=02\part.jsonl
yonhap_20010204_politics_p001,yonhap,2001-02-04,politics,1,pending,,data\raw_lake\source_archive\source=yonhap\year=2001\month=02\part.jsonl
yonhap_20010204_economy_p001,yonhap,2001-02-04,economy,1,pending,,data\raw_lake\source_archive\source=yonhap\year=2001\month=02\part.jsonl
yonhap_20010204_society_p001,yonhap,2001-02-04,society,1,pending,,data\raw_lake\source_archive\source=yonhap\year=2001\month=02\part.jsonl
yonhap_20010205_all_p001,yonhap,2001-02-05,all,1,pending,,data\raw_lake\source_archive\source=yonhap\year=2001\month=02\part.jsonl
yonhap_20010205_politics_p001,yonhap,2001-02-05,politics,1,pending,,data\raw_lake\source_archive\source=yonhap\year=2001\month=02\part.jsonl
yonhap_20010205_economy_p001,yonhap,2001-02-05,economy,1,pending,,data\raw_lake\source_archive\source=yonhap\year=2001\month=02\part.jsonl
yonhap_20010205_society_p001,yonhap,2001-02-05,society,1,pending,,data\raw_lake\source_archive\source=yonhap\year=2001\month=02\part.jsonl
yonhap_20010206_all_p001,yonhap,2001-02-06,all,1,pending,,data\raw_lake\source_archive\source=yonhap\year=2001\month=02\part.jsonl
yonhap_20010206_politics_p001,yonhap,2001-02-06,politics,1,pending,,data\raw_lake\source_archive\source=yonhap\year=2001\month=02\part.jsonl
yonhap_20010206_economy_p001,yonhap,2001-02-06,economy,1,pending,,data\raw_lake\source_archive\source=yonhap\year=2001\month=02\part.jsonl
yonhap_20010206_society_p001,yonhap,2001-02-06,society,1,pending,,data\raw_lake\source_archive\source=yonhap\year=2001\month=02\part.jsonl
yonhap_20010207_all_p001,yonhap,2001-02-07,all,1,pending,,data\raw_lake\source_archive\source=yonhap\year=2001\month=02\part.jsonl
yonhap_20010207_politics_p001,yonhap,2001-02-07,politics,1,pending,,data\raw_lake\source_archive\source=yonhap\year=2001\month=02\part.jsonl
yonhap_20010207_economy_p001,yonhap,2001-02-07,economy,1,pending,,data\raw_lake\source_archive\source=yonhap\year=2001\month=02\part.jsonl
yonhap_20010207_society_p001,yonhap,2001-02-07,society,1,pending,,data\raw_lake\source_archive\source=yonhap\year=2001\month=02\part.jsonl
yonhap_20010208_all_p001,yonhap,2001-02-08,all,1,pending,,data\raw_lake\source_archive\source=yonhap\year=2001\month=02\part.jsonl
yonhap_20010208_politics_p001,yonhap,2001-02-08,politics,1,pending,,data\raw_lake\source_archive\source=yonhap\year=2001\month=02\part.jsonl
yonhap_20010208_economy_p001,yonhap,2001-02-08,economy,1,pending,,data\raw_lake\source_archive\source=yonhap\year=2001\month=02\part.jsonl
yonhap_20010208_society_p001,yonhap,2001-02-08,society,1,pending,,data\raw_lake\source_archive\source=yonhap\year=2001\month=02\part.jsonl
yonhap_20010209_all_p001,yonhap,2001-02-09,all,1,pending,,data\raw_lake\source_archive\source=yonhap\year=2001\month=02\part.jsonl
yonhap_20010209_politics_p001,yonhap,2001-02-09,politics,1,pending,,data\raw_lake\source_archive\source=yonhap\year=2001\month=02\part.jsonl
yonhap_20010209_economy_p001,yonhap,2001-02-09,economy,1,pending,,data\raw_lake\source_archive\source=yonhap\year=2001\month=02\part.jsonl
yonhap_20010209_society_p001,yonhap,2001-02-09,society,1,pending,,data\raw_lake\source_archive\source=yonhap\year=2001\month=02\part.jsonl
yonhap_20010210_all_p001,yonhap,2001-02-10,all,1,pending,,data\raw_lake\source_archive\source=yonhap\year=2001\month=02\part.jsonl
yonhap_20010210_politics_p001,yonhap,2001-02-10,politics,1,pending,,data\raw_lake\source_archive\source=yonhap\year=2001\month=02\part.jsonl
yonhap_20010210_economy_p001,yonhap,2001-02-10,economy,1,pending,,data\raw_lake\source_archive\source=yonhap\year=2001\month=02\part.jsonl
yonhap_20010210_society_p001,yonhap,2001-02-10,society,1,pending,,data\raw_lake\source_archive\source=yonhap\year=2001\month=02\part.jsonl
yonhap_20010211_all_p001,yonhap,2001-02-11,all,1,pending,,data\raw_lake\source_archive\source=yonhap\year=2001\month=02\part.jsonl
yonhap_20010211_politics_p001,yonhap,2001-02-11,politics,1,pending,,data\raw_lake\source_archive\source=yonhap\year=2001\month=02\part.jsonl
yonhap_20010211_economy_p001,yonhap,2001-02-11,economy,1,pending,,data\raw_lake\source_archive\source=yonhap\year=2001\month=02\part.jsonl
yonhap_20010211_society_p001,yonhap,2001-02-11,society,1,pending,,data\raw_lake\source_archive\source=yonhap\year=2001\month=02\part.jsonl
yonhap_20010212_all_p001,yonhap,2001-02-12,all,1,pending,,data\raw_lake\source_archive\source=yonhap\year=2001\month=02\part.jsonl
yonhap_20010212_politics_p001,yonhap,2001-02-12,politics,1,pending,,data\raw_lake\source_archive\source=yonhap\year=2001\month=02\part.jsonl
yonhap_20010212_economy_p001,yonhap,2001-02-12,economy,1,pending,,data\raw_lake\source_archive\source=yonhap\year=2001\month=02\part.jsonl
yonhap_20010212_society_p001,yonhap,2001-02-12,society,1,pending,,data\raw_lake\source_archive\source=yonhap\year=2001\month=02\part.jsonl
yonhap_20010213_all_p001,yonhap,2001-02-13,all,1,pending,,data\raw_lake\source_archive\source=yonhap\year=2001\month=02\part.jsonl
yonhap_20010213_politics_p001,yonhap,2001-02-13,politics,1,pending,,data\raw_lake\source_archive\source=yonhap\year=2001\month=02\part.jsonl
yonhap_20010213_economy_p001,yonhap,2001-02-13,economy,1,pending,,data\raw_lake\source_archive\source=yonhap\year=2001\month=02\part.jsonl
yonhap_20010213_society_p001,yonhap,2001-02-13,society,1,pending,,data\raw_lake\source_archive\source=yonhap\year=2001\month=02\part.jsonl
yonhap_20010214_all_p001,yonhap,2001-02-14,all,1,pending,,data\raw_lake\source_archive\source=yonhap\year=2001\month=02\part.jsonl
yonhap_20010214_politics_p001,yonhap,2001-02-14,politics,1,pending,,data\raw_lake\source_archive\source=yonhap\year=2001\month=02\part.jsonl
yonhap_20010214_economy_p001,yonhap,2001-02-14,economy,1,pending,,data\raw_lake\source_archive\source=yonhap\year=2001\month=02\part.jsonl
yonhap_20010214_society_p001,yonhap,2001-02-14,society,1,pending,,data\raw_lake\source_archive\source=yonhap\year=2001\month=02\part.jsonl
yonhap_20010215_all_p001,yonhap,2001-02-15,all,1,pending,,data\raw_lake\source_archive\source=yonhap\year=2001\month=02\part.jsonl
yonhap_20010215_politics_p001,yonhap,2001-02-15,politics,1,pending,,data\raw_lake\source_archive\source=yonhap\year=2001\month=02\part.jsonl
yonhap_20010215_economy_p001,yonhap,2001-02-15,economy,1,pending,,data\raw_lake\source_archive\source=yonhap\year=2001\month=02\part.jsonl
yonhap_20010215_society_p001,yonhap,2001-02-15,society,1,pending,,data\raw_lake\source_archive\source=yonhap\year=2001\month=02\part.jsonl
yonhap_20010216_all_p001,yonhap,2001-02-16,all,1,pending,,data\raw_lake\source_archive\source=yonhap\year=2001\month=02\part.jsonl
yonhap_20010216_politics_p001,yonhap,2001-02-16,politics,1,pending,,data\raw_lake\source_archive\source=yonhap\year=2001\month=02\part.jsonl
yonhap_20010216_economy_p001,yonhap,2001-02-16,economy,1,pending,,data\raw_lake\source_archive\source=yonhap\year=2001\month=02\part.jsonl
yonhap_20010216_society_p001,yonhap,2001-02-16,society,1,pending,,data\raw_lake\source_archive\source=yonhap\year=2001\month=02\part.jsonl
yonhap_20010217_all_p001,yonhap,2001-02-17,all,1,pending,,data\raw_lake\source_archive\source=yonhap\year=2001\month=02\part.jsonl
yonhap_20010217_politics_p001,yonhap,2001-02-17,politics,1,pending,,data\raw_lake\source_archive\source=yonhap\year=2001\month=02\part.jsonl
yonhap_20010217_economy_p001,yonhap,2001-02-17,economy,1,pending,,data\raw_lake\source_archive\source=yonhap\year=2001\month=02\part.jsonl
yonhap_20010217_society_p001,yonhap,2001-02-17,society,1,pending,,data\raw_lake\source_archive\source=yonhap\year=2001\month=02\part.jsonl
yonhap_20010218_all_p001,yonhap,2001-02-18,all,1,pending,,data\raw_lake\source_archive\source=yonhap\year=2001\month=02\part.jsonl
yonhap_20010218_politics_p001,yonhap,2001-02-18,politics,1,pending,,data\raw_lake\source_archive\source=yonhap\year=2001\month=02\part.jsonl
yonhap_20010218_economy_p001,yonhap,2001-02-18,economy,1,pending,,data\raw_lake\source_archive\source=yonhap\year=2001\month=02\part.jsonl
yonhap_20010218_society_p001,yonhap,2001-02-18,society,1,pending,,data\raw_lake\source_archive\source=yonhap\year=2001\month=02\part.jsonl
yonhap_20010219_all_p001,yonhap,2001-02-19,all,1,pending,,data\raw_lake\source_archive\source=yonhap\year=2001\month=02\part.jsonl
yonhap_20010219_politics_p001,yonhap,2001-02-19,politics,1,pending,,data\raw_lake\source_archive\source=yonhap\year=2001\month=02\part.jsonl
yonhap_20010219_economy_p001,yonhap,2001-02-19,economy,1,pending,,data\raw_lake\source_archive\source=yonhap\year=2001\month=02\part.jsonl
yonhap_20010219_society_p001,yonhap,2001-02-19,society,1,pending,,data\raw_lake\source_archive\source=yonhap\year=2001\month=02\part.jsonl
yonhap_20010220_all_p001,yonhap,2001-02-20,all,1,pending,,data\raw_lake\source_archive\source=yonhap\year=2001\month=02\part.jsonl
yonhap_20010220_politics_p001,yonhap,2001-02-20,politics,1,pending,,data\raw_lake\source_archive\source=yonhap\year=2001\month=02\part.jsonl
yonhap_20010220_economy_p001,yonhap,2001-02-20,economy,1,pending,,data\raw_lake\source_archive\source=yonhap\year=2001\month=02\part.jsonl
yonhap_20010220_society_p001,yonhap,2001-02-20,society,1,pending,,data\raw_lake\source_archive\source=yonhap\year=2001\month=02\part.jsonl
yonhap_20010221_all_p001,yonhap,2001-02-21,all,1,pending,,data\raw_lake\source_archive\source=yonhap\year=2001\month=02\part.jsonl
yonhap_20010221_politics_p001,yonhap,2001-02-21,politics,1,pending,,data\raw_lake\source_archive\source=yonhap\year=2001\month=02\part.jsonl
yonhap_20010221_economy_p001,yonhap,2001-02-21,economy,1,pending,,data\raw_lake\source_archive\source=yonhap\year=2001\month=02\part.jsonl
yonhap_20010221_society_p001,yonhap,2001-02-21,society,1,pending,,data\raw_lake\source_archive\source=yonhap\year=2001\month=02\part.jsonl
yonhap_20010222_all_p001,yonhap,2001-02-22,all,1,pending,,data\raw_lake\source_archive\source=yonhap\year=2001\month=02\part.jsonl
yonhap_20010222_politics_p001,yonhap,2001-02-22,politics,1,pending,,data\raw_lake\source_archive\source=yonhap\year=2001\month=02\part.jsonl
yonhap_20010222_economy_p001,yonhap,2001-02-22,economy,1,pending,,data\raw_lake\source_archive\source=yonhap\year=2001\month=02\part.jsonl
yonhap_20010222_society_p001,yonhap,2001-02-22,society,1,pending,,data\raw_lake\source_archive\source=yonhap\year=2001\month=02\part.jsonl
yonhap_20010223_all_p001,yonhap,2001-02-23,all,1,pending,,data\raw_lake\source_archive\source=yonhap\year=2001\month=02\part.jsonl
yonhap_20010223_politics_p001,yonhap,2001-02-23,politics,1,pending,,data\raw_lake\source_archive\source=yonhap\year=2001\month=02\part.jsonl
yonhap_20010223_economy_p001,yonhap,2001-02-23,economy,1,pending,,data\raw_lake\source_archive\source=yonhap\year=2001\month=02\part.jsonl
yonhap_20010223_society_p001,yonhap,2001-02-23,society,1,pending,,data\raw_lake\source_archive\source=yonhap\year=2001\month=02\part.jsonl
yonhap_20010224_all_p001,yonhap,2001-02-24,all,1,pending,,data\raw_lake\source_archive\source=yonhap\year=2001\month=02\part.jsonl
yonhap_20010224_politics_p001,yonhap,2001-02-24,politics,1,pending,,data\raw_lake\source_archive\source=yonhap\year=2001\month=02\part.jsonl
yonhap_20010224_economy_p001,yonhap,2001-02-24,economy,1,pending,,data\raw_lake\source_archive\source=yonhap\year=2001\month=02\part.jsonl
yonhap_20010224_society_p001,yonhap,2001-02-24,society,1,pending,,data\raw_lake\source_archive\source=yonhap\year=2001\month=02\part.jsonl
yonhap_20010225_all_p001,yonhap,2001-02-25,all,1,pending,,data\raw_lake\source_archive\source=yonhap\year=2001\month=02\part.jsonl
yonhap_20010225_politics_p001,yonhap,2001-02-25,politics,1,pending,,data\raw_lake\source_archive\source=yonhap\year=2001\month=02\part.jsonl
yonhap_20010225_economy_p001,yonhap,2001-02-25,economy,1,pending,,data\raw_lake\source_archive\source=yonhap\year=2001\month=02\part.jsonl
yonhap_20010225_society_p001,yonhap,2001-02-25,society,1,pending,,data\raw_lake\source_archive\source=yonhap\year=2001\month=02\part.jsonl
yonhap_20010226_all_p001,yonhap,2001-02-26,all,1,pending,,data\raw_lake\source_archive\source=yonhap\year=2001\month=02\part.jsonl
yonhap_20010226_politics_p001,yonhap,2001-02-26,politics,1,pending,,data\raw_lake\source_archive\source=yonhap\year=2001\month=02\part.jsonl
yonhap_20010226_economy_p001,yonhap,2001-02-26,economy,1,pending,,data\raw_lake\source_archive\source=yonhap\year=2001\month=02\part.jsonl
yonhap_20010226_society_p001,yonhap,2001-02-26,society,1,pending,,data\raw_lake\source_archive\source=yonhap\year=2001\month=02\part.jsonl
yonhap_20010227_all_p001,yonhap,2001-02-27,all,1,pending,,data\raw_lake\source_archive\source=yonhap\year=2001\month=02\part.jsonl
yonhap_20010227_politics_p001,yonhap,2001-02-27,politics,1,pending,,data\raw_lake\source_archive\source=yonhap\year=2001\month=02\part.jsonl
yonhap_20010227_economy_p001,yonhap,2001-02-27,economy,1,pending,,data\raw_lake\source_archive\source=yonhap\year=2001\month=02\part.jsonl
yonhap_20010227_society_p001,yonhap,2001-02-27,society,1,pending,,data\raw_lake\source_archive\source=yonhap\year=2001\month=02\part.jsonl
yonhap_20010228_all_p001,yonhap,2001-02-28,all,1,pending,,data\raw_lake\source_archive\source=yonhap\year=2001\month=02\part.jsonl
yonhap_20010228_politics_p001,yonhap,2001-02-28,politics,1,pending,,data\raw_lake\source_archive\source=yonhap\year=2001\month=02\part.jsonl
yonhap_20010228_economy_p001,yonhap,2001-02-28,economy,1,pending,,data\raw_lake\source_archive\source=yonhap\year=2001\month=02\part.jsonl
yonhap_20010228_society_p001,yonhap,2001-02-28,society,1,pending,,data\raw_lake\source_archive\source=yonhap\year=2001\month=02\part.jsonl
yonhap_20010301_all_p001,yonhap,2001-03-01,all,1,pending,,data\raw_lake\source_archive\source=yonhap\year=2001\month=03\part.jsonl
yonhap_20010301_politics_p001,yonhap,2001-03-01,politics,1,pending,,data\raw_lake\source_archive\source=yonhap\year=2001\month=03\part.jsonl
yonhap_20010301_economy_p001,yonhap,2001-03-01,economy,1,pending,,data\raw_lake\source_archive\source=yonhap\year=2001\month=03\part.jsonl
yonhap_20010301_society_p001,yonhap,2001-03-01,society,1,pending,,data\raw_lake\source_archive\source=yonhap\year=2001\month=03\part.jsonl
yonhap_20010302_all_p001,yonhap,2001-03-02,all,1,pending,,data\raw_lake\source_archive\source=yonhap\year=2001\month=03\part.jsonl
yonhap_20010302_politics_p001,yonhap,2001-03-02,politics,1,pending,,data\raw_lake\source_archive\source=yonhap\year=2001\month=03\part.jsonl
yonhap_20010302_economy_p001,yonhap,2001-03-02,economy,1,pending,,data\raw_lake\source_archive\source=yonhap\year=2001\month=03\part.jsonl
yonhap_20010302_society_p001,yonhap,2001-03-02,society,1,pending,,data\raw_lake\source_archive\source=yonhap\year=2001\month=03\part.jsonl
yonhap_20010303_all_p001,yonhap,2001-03-03,all,1,pending,,data\raw_lake\source_archive\source=yonhap\year=2001\month=03\part.jsonl
yonhap_20010303_politics_p001,yonhap,2001-03-03,politics,1,pending,,data\raw_lake\source_archive\source=yonhap\year=2001\month=03\part.jsonl
yonhap_20010303_economy_p001,yonhap,2001-03-03,economy,1,pending,,data\raw_lake\source_archive\source=yonhap\year=2001\month=03\part.jsonl
yonhap_20010303_society_p001,yonhap,2001-03-03,society,1,pending,,data\raw_lake\source_archive\source=yonhap\year=2001\month=03\part.jsonl
yonhap_20010304_all_p001,yonhap,2001-03-04,all,1,pending,,data\raw_lake\source_archive\source=yonhap\year=2001\month=03\part.jsonl
yonhap_20010304_politics_p001,yonhap,2001-03-04,politics,1,pending,,data\raw_lake\source_archive\source=yonhap\year=2001\month=03\part.jsonl
yonhap_20010304_economy_p001,yonhap,2001-03-04,economy,1,pending,,data\raw_lake\source_archive\source=yonhap\year=2001\month=03\part.jsonl
yonhap_20010304_society_p001,yonhap,2001-03-04,society,1,pending,,data\raw_lake\source_archive\source=yonhap\year=2001\month=03\part.jsonl
yonhap_20010305_all_p001,yonhap,2001-03-05,all,1,pending,,data\raw_lake\source_archive\source=yonhap\year=2001\month=03\part.jsonl
yonhap_20010305_politics_p001,yonhap,2001-03-05,politics,1,pending,,data\raw_lake\source_archive\source=yonhap\year=2001\month=03\part.jsonl
yonhap_20010305_economy_p001,yonhap,2001-03-05,economy,1,pending,,data\raw_lake\source_archive\source=yonhap\year=2001\month=03\part.jsonl
yonhap_20010305_society_p001,yonhap,2001-03-05,society,1,pending,,data\raw_lake\source_archive\source=yonhap\year=2001\month=03\part.jsonl
yonhap_20010306_all_p001,yonhap,2001-03-06,all,1,pending,,data\raw_lake\source_archive\source=yonhap\year=2001\month=03\part.jsonl
yonhap_20010306_politics_p001,yonhap,2001-03-06,politics,1,pending,,data\raw_lake\source_archive\source=yonhap\year=2001\month=03\part.jsonl
yonhap_20010306_economy_p001,yonhap,2001-03-06,economy,1,pending,,data\raw_lake\source_archive\source=yonhap\year=2001\month=03\part.jsonl
yonhap_20010306_society_p001,yonhap,2001-03-06,society,1,pending,,data\raw_lake\source_archive\source=yonhap\year=2001\month=03\part.jsonl
yonhap_20010307_all_p001,yonhap,2001-03-07,all,1,pending,,data\raw_lake\source_archive\source=yonhap\year=2001\month=03\part.jsonl
yonhap_20010307_politics_p001,yonhap,2001-03-07,politics,1,pending,,data\raw_lake\source_archive\source=yonhap\year=2001\month=03\part.jsonl
yonhap_20010307_economy_p001,yonhap,2001-03-07,economy,1,pending,,data\raw_lake\source_archive\source=yonhap\year=2001\month=03\part.jsonl
yonhap_20010307_society_p001,yonhap,2001-03-07,society,1,pending,,data\raw_lake\source_archive\source=yonhap\year=2001\month=03\part.jsonl
yonhap_20010308_all_p001,yonhap,2001-03-08,all,1,pending,,data\raw_lake\source_archive\source=yonhap\year=2001\month=03\part.jsonl
yonhap_20010308_politics_p001,yonhap,2001-03-08,politics,1,pending,,data\raw_lake\source_archive\source=yonhap\year=2001\month=03\part.jsonl
yonhap_20010308_economy_p001,yonhap,2001-03-08,economy,1,pending,,data\raw_lake\source_archive\source=yonhap\year=2001\month=03\part.jsonl
yonhap_20010308_society_p001,yonhap,2001-03-08,society,1,pending,,data\raw_lake\source_archive\source=yonhap\year=2001\month=03\part.jsonl
yonhap_20010309_all_p001,yonhap,2001-03-09,all,1,pending,,data\raw_lake\source_archive\source=yonhap\year=2001\month=03\part.jsonl
yonhap_20010309_politics_p001,yonhap,2001-03-09,politics,1,pending,,data\raw_lake\source_archive\source=yonhap\year=2001\month=03\part.jsonl
yonhap_20010309_economy_p001,yonhap,2001-03-09,economy,1,pending,,data\raw_lake\source_archive\source=yonhap\year=2001\month=03\part.jsonl
yonhap_20010309_society_p001,yonhap,2001-03-09,society,1,pending,,data\raw_lake\source_archive\source=yonhap\year=2001\month=03\part.jsonl
yonhap_20010310_all_p001,yonhap,2001-03-10,all,1,pending,,data\raw_lake\source_archive\source=yonhap\year=2001\month=03\part.jsonl
yonhap_20010310_politics_p001,yonhap,2001-03-10,politics,1,pending,,data\raw_lake\source_archive\source=yonhap\year=2001\month=03\part.jsonl
yonhap_20010310_economy_p001,yonhap,2001-03-10,economy,1,pending,,data\raw_lake\source_archive\source=yonhap\year=2001\month=03\part.jsonl
yonhap_20010310_society_p001,yonhap,2001-03-10,society,1,pending,,data\raw_lake\source_archive\source=yonhap\year=2001\month=03\part.jsonl
yonhap_20010311_all_p001,yonhap,2001-03-11,all,1,pending,,data\raw_lake\source_archive\source=yonhap\year=2001\month=03\part.jsonl
yonhap_20010311_politics_p001,yonhap,2001-03-11,politics,1,pending,,data\raw_lake\source_archive\source=yonhap\year=2001\month=03\part.jsonl
yonhap_20010311_economy_p001,yonhap,2001-03-11,economy,1,pending,,data\raw_lake\source_archive\source=yonhap\year=2001\month=03\part.jsonl
yonhap_20010311_society_p001,yonhap,2001-03-11,society,1,pending,,data\raw_lake\source_archive\source=yonhap\year=2001\month=03\part.jsonl
yonhap_20010312_all_p001,yonhap,2001-03-12,all,1,pending,,data\raw_lake\source_archive\source=yonhap\year=2001\month=03\part.jsonl
yonhap_20010312_politics_p001,yonhap,2001-03-12,politics,1,pending,,data\raw_lake\source_archive\source=yonhap\year=2001\month=03\part.jsonl
yonhap_20010312_economy_p001,yonhap,2001-03-12,economy,1,pending,,data\raw_lake\source_archive\source=yonhap\year=2001\month=03\part.jsonl
yonhap_20010312_society_p001,yonhap,2001-03-12,society,1,pending,,data\raw_lake\source_archive\source=yonhap\year=2001\month=03\part.jsonl
yonhap_20010313_all_p001,yonhap,2001-03-13,all,1,pending,,data\raw_lake\source_archive\source=yonhap\year=2001\month=03\part.jsonl
yonhap_20010313_politics_p001,yonhap,2001-03-13,politics,1,pending,,data\raw_lake\source_archive\source=yonhap\year=2001\month=03\part.jsonl
yonhap_20010313_economy_p001,yonhap,2001-03-13,economy,1,pending,,data\raw_lake\source_archive\source=yonhap\year=2001\month=03\part.jsonl
yonhap_20010313_society_p001,yonhap,2001-03-13,society,1,pending,,data\raw_lake\source_archive\source=yonhap\year=2001\month=03\part.jsonl
yonhap_20010314_all_p001,yonhap,2001-03-14,all,1,pending,,data\raw_lake\source_archive\source=yonhap\year=2001\month=03\part.jsonl
yonhap_20010314_politics_p001,yonhap,2001-03-14,politics,1,pending,,data\raw_lake\source_archive\source=yonhap\year=2001\month=03\part.jsonl
yonhap_20010314_economy_p001,yonhap,2001-03-14,economy,1,pending,,data\raw_lake\source_archive\source=yonhap\year=2001\month=03\part.jsonl
yonhap_20010314_society_p001,yonhap,2001-03-14,society,1,pending,,data\raw_lake\source_archive\source=yonhap\year=2001\month=03\part.jsonl
yonhap_20010315_all_p001,yonhap,2001-03-15,all,1,pending,,data\raw_lake\source_archive\source=yonhap\year=2001\month=03\part.jsonl
yonhap_20010315_politics_p001,yonhap,2001-03-15,politics,1,pending,,data\raw_lake\source_archive\source=yonhap\year=2001\month=03\part.jsonl
yonhap_20010315_economy_p001,yonhap,2001-03-15,economy,1,pending,,data\raw_lake\source_archive\source=yonhap\year=2001\month=03\part.jsonl
yonhap_20010315_society_p001,yonhap,2001-03-15,society,1,pending,,data\raw_lake\source_archive\source=yonhap\year=2001\month=03\part.jsonl
yonhap_20010316_all_p001,yonhap,2001-03-16,all,1,pending,,data\raw_lake\source_archive\source=yonhap\year=2001\month=03\part.jsonl
yonhap_20010316_politics_p001,yonhap,2001-03-16,politics,1,pending,,data\raw_lake\source_archive\source=yonhap\year=2001\month=03\part.jsonl
yonhap_20010316_economy_p001,yonhap,2001-03-16,economy,1,pending,,data\raw_lake\source_archive\source=yonhap\year=2001\month=03\part.jsonl
yonhap_20010316_society_p001,yonhap,2001-03-16,society,1,pending,,data\raw_lake\source_archive\source=yonhap\year=2001\month=03\part.jsonl
yonhap_20010317_all_p001,yonhap,2001-03-17,all,1,pending,,data\raw_lake\source_archive\source=yonhap\year=2001\month=03\part.jsonl
yonhap_20010317_politics_p001,yonhap,2001-03-17,politics,1,pending,,data\raw_lake\source_archive\source=yonhap\year=2001\month=03\part.jsonl
yonhap_20010317_economy_p001,yonhap,2001-03-17,economy,1,pending,,data\raw_lake\source_archive\source=yonhap\year=2001\month=03\part.jsonl
yonhap_20010317_society_p001,yonhap,2001-03-17,society,1,pending,,data\raw_lake\source_archive\source=yonhap\year=2001\month=03\part.jsonl
yonhap_20010318_all_p001,yonhap,2001-03-18,all,1,pending,,data\raw_lake\source_archive\source=yonhap\year=2001\month=03\part.jsonl
yonhap_20010318_politics_p001,yonhap,2001-03-18,politics,1,pending,,data\raw_lake\source_archive\source=yonhap\year=2001\month=03\part.jsonl
yonhap_20010318_economy_p001,yonhap,2001-03-18,economy,1,pending,,data\raw_lake\source_archive\source=yonhap\year=2001\month=03\part.jsonl
yonhap_20010318_society_p001,yonhap,2001-03-18,society,1,pending,,data\raw_lake\source_archive\source=yonhap\year=2001\month=03\part.jsonl
yonhap_20010319_all_p001,yonhap,2001-03-19,all,1,pending,,data\raw_lake\source_archive\source=yonhap\year=2001\month=03\part.jsonl
yonhap_20010319_politics_p001,yonhap,2001-03-19,politics,1,pending,,data\raw_lake\source_archive\source=yonhap\year=2001\month=03\part.jsonl
yonhap_20010319_economy_p001,yonhap,2001-03-19,economy,1,pending,,data\raw_lake\source_archive\source=yonhap\year=2001\month=03\part.jsonl
yonhap_20010319_society_p001,yonhap,2001-03-19,society,1,pending,,data\raw_lake\source_archive\source=yonhap\year=2001\month=03\part.jsonl
yonhap_20010320_all_p001,yonhap,2001-03-20,all,1,pending,,data\raw_lake\source_archive\source=yonhap\year=2001\month=03\part.jsonl
yonhap_20010320_politics_p001,yonhap,2001-03-20,politics,1,pending,,data\raw_lake\source_archive\source=yonhap\year=2001\month=03\part.jsonl
yonhap_20010320_economy_p001,yonhap,2001-03-20,economy,1,pending,,data\raw_lake\source_archive\source=yonhap\year=2001\month=03\part.jsonl
yonhap_20010320_society_p001,yonhap,2001-03-20,society,1,pending,,data\raw_lake\source_archive\source=yonhap\year=2001\month=03\part.jsonl
yonhap_20010321_all_p001,yonhap,2001-03-21,all,1,pending,,data\raw_lake\source_archive\source=yonhap\year=2001\month=03\part.jsonl
yonhap_20010321_politics_p001,yonhap,2001-03-21,politics,1,pending,,data\raw_lake\source_archive\source=yonhap\year=2001\month=03\part.jsonl
yonhap_20010321_economy_p001,yonhap,2001-03-21,economy,1,pending,,data\raw_lake\source_archive\source=yonhap\year=2001\month=03\part.jsonl
yonhap_20010321_society_p001,yonhap,2001-03-21,society,1,pending,,data\raw_lake\source_archive\source=yonhap\year=2001\month=03\part.jsonl
yonhap_20010322_all_p001,yonhap,2001-03-22,all,1,pending,,data\raw_lake\source_archive\source=yonhap\year=2001\month=03\part.jsonl
yonhap_20010322_politics_p001,yonhap,2001-03-22,politics,1,pending,,data\raw_lake\source_archive\source=yonhap\year=2001\month=03\part.jsonl
yonhap_20010322_economy_p001,yonhap,2001-03-22,economy,1,pending,,data\raw_lake\source_archive\source=yonhap\year=2001\month=03\part.jsonl
yonhap_20010322_society_p001,yonhap,2001-03-22,society,1,pending,,data\raw_lake\source_archive\source=yonhap\year=2001\month=03\part.jsonl
yonhap_20010323_all_p001,yonhap,2001-03-23,all,1,pending,,data\raw_lake\source_archive\source=yonhap\year=2001\month=03\part.jsonl
yonhap_20010323_politics_p001,yonhap,2001-03-23,politics,1,pending,,data\raw_lake\source_archive\source=yonhap\year=2001\month=03\part.jsonl
yonhap_20010323_economy_p001,yonhap,2001-03-23,economy,1,pending,,data\raw_lake\source_archive\source=yonhap\year=2001\month=03\part.jsonl
yonhap_20010323_society_p001,yonhap,2001-03-23,society,1,pending,,data\raw_lake\source_archive\source=yonhap\year=2001\month=03\part.jsonl
yonhap_20010324_all_p001,yonhap,2001-03-24,all,1,pending,,data\raw_lake\source_archive\source=yonhap\year=2001\month=03\part.jsonl
yonhap_20010324_politics_p001,yonhap,2001-03-24,politics,1,pending,,data\raw_lake\source_archive\source=yonhap\year=2001\month=03\part.jsonl
yonhap_20010324_economy_p001,yonhap,2001-03-24,economy,1,pending,,data\raw_lake\source_archive\source=yonhap\year=2001\month=03\part.jsonl
yonhap_20010324_society_p001,yonhap,2001-03-24,society,1,pending,,data\raw_lake\source_archive\source=yonhap\year=2001\month=03\part.jsonl
yonhap_20010325_all_p001,yonhap,2001-03-25,all,1,pending,,data\raw_lake\source_archive\source=yonhap\year=2001\month=03\part.jsonl
yonhap_20010325_politics_p001,yonhap,2001-03-25,politics,1,pending,,data\raw_lake\source_archive\source=yonhap\year=2001\month=03\part.jsonl
yonhap_20010325_economy_p001,yonhap,2001-03-25,economy,1,pending,,data\raw_lake\source_archive\source=yonhap\year=2001\month=03\part.jsonl
yonhap_20010325_society_p001,yonhap,2001-03-25,society,1,pending,,data\raw_lake\source_archive\source=yonhap\year=2001\month=03\part.jsonl
yonhap_20010326_all_p001,yonhap,2001-03-26,all,1,pending,,data\raw_lake\source_archive\source=yonhap\year=2001\month=03\part.jsonl
yonhap_20010326_politics_p001,yonhap,2001-03-26,politics,1,pending,,data\raw_lake\source_archive\source=yonhap\year=2001\month=03\part.jsonl
yonhap_20010326_economy_p001,yonhap,2001-03-26,economy,1,pending,,data\raw_lake\source_archive\source=yonhap\year=2001\month=03\part.jsonl
yonhap_20010326_society_p001,yonhap,2001-03-26,society,1,pending,,data\raw_lake\source_archive\source=yonhap\year=2001\month=03\part.jsonl
yonhap_20010327_all_p001,yonhap,2001-03-27,all,1,pending,,data\raw_lake\source_archive\source=yonhap\year=2001\month=03\part.jsonl
yonhap_20010327_politics_p001,yonhap,2001-03-27,politics,1,pending,,data\raw_lake\source_archive\source=yonhap\year=2001\month=03\part.jsonl
yonhap_20010327_economy_p001,yonhap,2001-03-27,economy,1,pending,,data\raw_lake\source_archive\source=yonhap\year=2001\month=03\part.jsonl
yonhap_20010327_society_p001,yonhap,2001-03-27,society,1,pending,,data\raw_lake\source_archive\source=yonhap\year=2001\month=03\part.jsonl
yonhap_20010328_all_p001,yonhap,2001-03-28,all,1,pending,,data\raw_lake\source_archive\source=yonhap\year=2001\month=03\part.jsonl
yonhap_20010328_politics_p001,yonhap,2001-03-28,politics,1,pending,,data\raw_lake\source_archive\source=yonhap\year=2001\month=03\part.jsonl
yonhap_20010328_economy_p001,yonhap,2001-03-28,economy,1,pending,,data\raw_lake\source_archive\source=yonhap\year=2001\month=03\part.jsonl
yonhap_20010328_society_p001,yonhap,2001-03-28,society,1,pending,,data\raw_lake\source_archive\source=yonhap\year=2001\month=03\part.jsonl
yonhap_20010329_all_p001,yonhap,2001-03-29,all,1,pending,,data\raw_lake\source_archive\source=yonhap\year=2001\month=03\part.jsonl
yonhap_20010329_politics_p001,yonhap,2001-03-29,politics,1,pending,,data\raw_lake\source_archive\source=yonhap\year=2001\month=03\part.jsonl
yonhap_20010329_economy_p001,yonhap,2001-03-29,economy,1,pending,,data\raw_lake\source_archive\source=yonhap\year=2001\month=03\part.jsonl
yonhap_20010329_society_p001,yonhap,2001-03-29,society,1,pending,,data\raw_lake\source_archive\source=yonhap\year=2001\month=03\part.jsonl
yonhap_20010330_all_p001,yonhap,2001-03-30,all,1,pending,,data\raw_lake\source_archive\source=yonhap\year=2001\month=03\part.jsonl
yonhap_20010330_politics_p001,yonhap,2001-03-30,politics,1,pending,,data\raw_lake\source_archive\source=yonhap\year=2001\month=03\part.jsonl
yonhap_20010330_economy_p001,yonhap,2001-03-30,economy,1,pending,,data\raw_lake\source_archive\source=yonhap\year=2001\month=03\part.jsonl
yonhap_20010330_society_p001,yonhap,2001-03-30,society,1,pending,,data\raw_lake\source_archive\source=yonhap\year=2001\month=03\part.jsonl
yonhap_20010331_all_p001,yonhap,2001-03-31,all,1,pending,,data\raw_lake\source_archive\source=yonhap\year=2001\month=03\part.jsonl
yonhap_20010331_politics_p001,yonhap,2001-03-31,politics,1,pending,,data\raw_lake\source_archive\source=yonhap\year=2001\month=03\part.jsonl
yonhap_20010331_economy_p001,yonhap,2001-03-31,economy,1,pending,,data\raw_lake\source_archive\source=yonhap\year=2001\month=03\part.jsonl
yonhap_20010331_society_p001,yonhap,2001-03-31,society,1,pending,,data\raw_lake\source_archive\source=yonhap\year=2001\month=03\part.jsonl
yonhap_20010401_all_p001,yonhap,2001-04-01,all,1,pending,,data\raw_lake\source_archive\source=yonhap\year=2001\month=04\part.jsonl
yonhap_20010401_politics_p001,yonhap,2001-04-01,politics,1,pending,,data\raw_lake\source_archive\source=yonhap\year=2001\month=04\part.jsonl
yonhap_20010401_economy_p001,yonhap,2001-04-01,economy,1,pending,,data\raw_lake\source_archive\source=yonhap\year=2001\month=04\part.jsonl
yonhap_20010401_society_p001,yonhap,2001-04-01,society,1,pending,,data\raw_lake\source_archive\source=yonhap\year=2001\month=04\part.jsonl
yonhap_20010402_all_p001,yonhap,2001-04-02,all,1,pending,,data\raw_lake\source_archive\source=yonhap\year=2001\month=04\part.jsonl
yonhap_20010402_politics_p001,yonhap,2001-04-02,politics,1,pending,,data\raw_lake\source_archive\source=yonhap\year=2001\month=04\part.jsonl
yonhap_20010402_economy_p001,yonhap,2001-04-02,economy,1,pending,,data\raw_lake\source_archive\source=yonhap\year=2001\month=04\part.jsonl
yonhap_20010402_society_p001,yonhap,2001-04-02,society,1,pending,,data\raw_lake\source_archive\source=yonhap\year=2001\month=04\part.jsonl
yonhap_20010403_all_p001,yonhap,2001-04-03,all,1,pending,,data\raw_lake\source_archive\source=yonhap\year=2001\month=04\part.jsonl
yonhap_20010403_politics_p001,yonhap,2001-04-03,politics,1,pending,,data\raw_lake\source_archive\source=yonhap\year=2001\month=04\part.jsonl
yonhap_20010403_economy_p001,yonhap,2001-04-03,economy,1,pending,,data\raw_lake\source_archive\source=yonhap\year=2001\month=04\part.jsonl
yonhap_20010403_society_p001,yonhap,2001-04-03,society,1,pending,,data\raw_lake\source_archive\source=yonhap\year=2001\month=04\part.jsonl
yonhap_20010404_all_p001,yonhap,2001-04-04,all,1,pending,,data\raw_lake\source_archive\source=yonhap\year=2001\month=04\part.jsonl
yonhap_20010404_politics_p001,yonhap,2001-04-04,politics,1,pending,,data\raw_lake\source_archive\source=yonhap\year=2001\month=04\part.jsonl
yonhap_20010404_economy_p001,yonhap,2001-04-04,economy,1,pending,,data\raw_lake\source_archive\source=yonhap\year=2001\month=04\part.jsonl
yonhap_20010404_society_p001,yonhap,2001-04-04,society,1,pending,,data\raw_lake\source_archive\source=yonhap\year=2001\month=04\part.jsonl
yonhap_20010405_all_p001,yonhap,2001-04-05,all,1,pending,,data\raw_lake\source_archive\source=yonhap\year=2001\month=04\part.jsonl
yonhap_20010405_politics_p001,yonhap,2001-04-05,politics,1,pending,,data\raw_lake\source_archive\source=yonhap\year=2001\month=04\part.jsonl
yonhap_20010405_economy_p001,yonhap,2001-04-05,economy,1,pending,,data\raw_lake\source_archive\source=yonhap\year=2001\month=04\part.jsonl
yonhap_20010405_society_p001,yonhap,2001-04-05,society,1,pending,,data\raw_lake\source_archive\source=yonhap\year=2001\month=04\part.jsonl
yonhap_20010406_all_p001,yonhap,2001-04-06,all,1,pending,,data\raw_lake\source_archive\source=yonhap\year=2001\month=04\part.jsonl
yonhap_20010406_politics_p001,yonhap,2001-04-06,politics,1,pending,,data\raw_lake\source_archive\source=yonhap\year=2001\month=04\part.jsonl
yonhap_20010406_economy_p001,yonhap,2001-04-06,economy,1,pending,,data\raw_lake\source_archive\source=yonhap\year=2001\month=04\part.jsonl
yonhap_20010406_society_p001,yonhap,2001-04-06,society,1,pending,,data\raw_lake\source_archive\source=yonhap\year=2001\month=04\part.jsonl
yonhap_20010407_all_p001,yonhap,2001-04-07,all,1,pending,,data\raw_lake\source_archive\source=yonhap\year=2001\month=04\part.jsonl
yonhap_20010407_politics_p001,yonhap,2001-04-07,politics,1,pending,,data\raw_lake\source_archive\source=yonhap\year=2001\month=04\part.jsonl
yonhap_20010407_economy_p001,yonhap,2001-04-07,economy,1,pending,,data\raw_lake\source_archive\source=yonhap\year=2001\month=04\part.jsonl
yonhap_20010407_society_p001,yonhap,2001-04-07,society,1,pending,,data\raw_lake\source_archive\source=yonhap\year=2001\month=04\part.jsonl
yonhap_20010408_all_p001,yonhap,2001-04-08,all,1,pending,,data\raw_lake\source_archive\source=yonhap\year=2001\month=04\part.jsonl
yonhap_20010408_politics_p001,yonhap,2001-04-08,politics,1,pending,,data\raw_lake\source_archive\source=yonhap\year=2001\month=04\part.jsonl
yonhap_20010408_economy_p001,yonhap,2001-04-08,economy,1,pending,,data\raw_lake\source_archive\source=yonhap\year=2001\month=04\part.jsonl
yonhap_20010408_society_p001,yonhap,2001-04-08,society,1,pending,,data\raw_lake\source_archive\source=yonhap\year=2001\month=04\part.jsonl
yonhap_20010409_all_p001,yonhap,2001-04-09,all,1,pending,,data\raw_lake\source_archive\source=yonhap\year=2001\month=04\part.jsonl
yonhap_20010409_politics_p001,yonhap,2001-04-09,politics,1,pending,,data\raw_lake\source_archive\source=yonhap\year=2001\month=04\part.jsonl
yonhap_20010409_economy_p001,yonhap,2001-04-09,economy,1,pending,,data\raw_lake\source_archive\source=yonhap\year=2001\month=04\part.jsonl
yonhap_20010409_society_p001,yonhap,2001-04-09,society,1,pending,,data\raw_lake\source_archive\source=yonhap\year=2001\month=04\part.jsonl
yonhap_20010410_all_p001,yonhap,2001-04-10,all,1,pending,,data\raw_lake\source_archive\source=yonhap\year=2001\month=04\part.jsonl
yonhap_20010410_politics_p001,yonhap,2001-04-10,politics,1,pending,,data\raw_lake\source_archive\source=yonhap\year=2001\month=04\part.jsonl
yonhap_20010410_economy_p001,yonhap,2001-04-10,economy,1,pending,,data\raw_lake\source_archive\source=yonhap\year=2001\month=04\part.jsonl
yonhap_20010410_society_p001,yonhap,2001-04-10,society,1,pending,,data\raw_lake\source_archive\source=yonhap\year=2001\month=04\part.jsonl
yonhap_20010411_all_p001,yonhap,2001-04-11,all,1,pending,,data\raw_lake\source_archive\source=yonhap\year=2001\month=04\part.jsonl
yonhap_20010411_politics_p001,yonhap,2001-04-11,politics,1,pending,,data\raw_lake\source_archive\source=yonhap\year=2001\month=04\part.jsonl
yonhap_20010411_economy_p001,yonhap,2001-04-11,economy,1,pending,,data\raw_lake\source_archive\source=yonhap\year=2001\month=04\part.jsonl
yonhap_20010411_society_p001,yonhap,2001-04-11,society,1,pending,,data\raw_lake\source_archive\source=yonhap\year=2001\month=04\part.jsonl
yonhap_20010412_all_p001,yonhap,2001-04-12,all,1,pending,,data\raw_lake\source_archive\source=yonhap\year=2001\month=04\part.jsonl
yonhap_20010412_politics_p001,yonhap,2001-04-12,politics,1,pending,,data\raw_lake\source_archive\source=yonhap\year=2001\month=04\part.jsonl
yonhap_20010412_economy_p001,yonhap,2001-04-12,economy,1,pending,,data\raw_lake\source_archive\source=yonhap\year=2001\month=04\part.jsonl
yonhap_20010412_society_p001,yonhap,2001-04-12,society,1,pending,,data\raw_lake\source_archive\source=yonhap\year=2001\month=04\part.jsonl
yonhap_20010413_all_p001,yonhap,2001-04-13,all,1,pending,,data\raw_lake\source_archive\source=yonhap\year=2001\month=04\part.jsonl
yonhap_20010413_politics_p001,yonhap,2001-04-13,politics,1,pending,,data\raw_lake\source_archive\source=yonhap\year=2001\month=04\part.jsonl
yonhap_20010413_economy_p001,yonhap,2001-04-13,economy,1,pending,,data\raw_lake\source_archive\source=yonhap\year=2001\month=04\part.jsonl
yonhap_20010413_society_p001,yonhap,2001-04-13,society,1,pending,,data\raw_lake\source_archive\source=yonhap\year=2001\month=04\part.jsonl
yonhap_20010414_all_p001,yonhap,2001-04-14,all,1,pending,,data\raw_lake\source_archive\source=yonhap\year=2001\month=04\part.jsonl
yonhap_20010414_politics_p001,yonhap,2001-04-14,politics,1,pending,,data\raw_lake\source_archive\source=yonhap\year=2001\month=04\part.jsonl
yonhap_20010414_economy_p001,yonhap,2001-04-14,economy,1,pending,,data\raw_lake\source_archive\source=yonhap\year=2001\month=04\part.jsonl
yonhap_20010414_society_p001,yonhap,2001-04-14,society,1,pending,,data\raw_lake\source_archive\source=yonhap\year=2001\month=04\part.jsonl
yonhap_20010415_all_p001,yonhap,2001-04-15,all,1,pending,,data\raw_lake\source_archive\source=yonhap\year=2001\month=04\part.jsonl
yonhap_20010415_politics_p001,yonhap,2001-04-15,politics,1,pending,,data\raw_lake\source_archive\source=yonhap\year=2001\month=04\part.jsonl
yonhap_20010415_economy_p001,yonhap,2001-04-15,economy,1,pending,,data\raw_lake\source_archive\source=yonhap\year=2001\month=04\part.jsonl
yonhap_20010415_society_p001,yonhap,2001-04-15,society,1,pending,,data\raw_lake\source_archive\source=yonhap\year=2001\month=04\part.jsonl
yonhap_20010416_all_p001,yonhap,2001-04-16,all,1,pending,,data\raw_lake\source_archive\source=yonhap\year=2001\month=04\part.jsonl
yonhap_20010416_politics_p001,yonhap,2001-04-16,politics,1,pending,,data\raw_lake\source_archive\source=yonhap\year=2001\month=04\part.jsonl
yonhap_20010416_economy_p001,yonhap,2001-04-16,economy,1,pending,,data\raw_lake\source_archive\source=yonhap\year=2001\month=04\part.jsonl
yonhap_20010416_society_p001,yonhap,2001-04-16,society,1,pending,,data\raw_lake\source_archive\source=yonhap\year=2001\month=04\part.jsonl
yonhap_20010417_all_p001,yonhap,2001-04-17,all,1,pending,,data\raw_lake\source_archive\source=yonhap\year=2001\month=04\part.jsonl
yonhap_20010417_politics_p001,yonhap,2001-04-17,politics,1,pending,,data\raw_lake\source_archive\source=yonhap\year=2001\month=04\part.jsonl
yonhap_20010417_economy_p001,yonhap,2001-04-17,economy,1,pending,,data\raw_lake\source_archive\source=yonhap\year=2001\month=04\part.jsonl
yonhap_20010417_society_p001,yonhap,2001-04-17,society,1,pending,,data\raw_lake\source_archive\source=yonhap\year=2001\month=04\part.jsonl
yonhap_20010418_all_p001,yonhap,2001-04-18,all,1,pending,,data\raw_lake\source_archive\source=yonhap\year=2001\month=04\part.jsonl
yonhap_20010418_politics_p001,yonhap,2001-04-18,politics,1,pending,,data\raw_lake\source_archive\source=yonhap\year=2001\month=04\part.jsonl
yonhap_20010418_economy_p001,yonhap,2001-04-18,economy,1,pending,,data\raw_lake\source_archive\source=yonhap\year=2001\month=04\part.jsonl
yonhap_20010418_society_p001,yonhap,2001-04-18,society,1,pending,,data\raw_lake\source_archive\source=yonhap\year=2001\month=04\part.jsonl
yonhap_20010419_all_p001,yonhap,2001-04-19,all,1,pending,,data\raw_lake\source_archive\source=yonhap\year=2001\month=04\part.jsonl
yonhap_20010419_politics_p001,yonhap,2001-04-19,politics,1,pending,,data\raw_lake\source_archive\source=yonhap\year=2001\month=04\part.jsonl
yonhap_20010419_economy_p001,yonhap,2001-04-19,economy,1,pending,,data\raw_lake\source_archive\source=yonhap\year=2001\month=04\part.jsonl
yonhap_20010419_society_p001,yonhap,2001-04-19,society,1,pending,,data\raw_lake\source_archive\source=yonhap\year=2001\month=04\part.jsonl
yonhap_20010420_all_p001,yonhap,2001-04-20,all,1,pending,,data\raw_lake\source_archive\source=yonhap\year=2001\month=04\part.jsonl
yonhap_20010420_politics_p001,yonhap,2001-04-20,politics,1,pending,,data\raw_lake\source_archive\source=yonhap\year=2001\month=04\part.jsonl
yonhap_20010420_economy_p001,yonhap,2001-04-20,economy,1,pending,,data\raw_lake\source_archive\source=yonhap\year=2001\month=04\part.jsonl
yonhap_20010420_society_p001,yonhap,2001-04-20,society,1,pending,,data\raw_lake\source_archive\source=yonhap\year=2001\month=04\part.jsonl
yonhap_20010421_all_p001,yonhap,2001-04-21,all,1,pending,,data\raw_lake\source_archive\source=yonhap\year=2001\month=04\part.jsonl
yonhap_20010421_politics_p001,yonhap,2001-04-21,politics,1,pending,,data\raw_lake\source_archive\source=yonhap\year=2001\month=04\part.jsonl
yonhap_20010421_economy_p001,yonhap,2001-04-21,economy,1,pending,,data\raw_lake\source_archive\source=yonhap\year=2001\month=04\part.jsonl
yonhap_20010421_society_p001,yonhap,2001-04-21,society,1,pending,,data\raw_lake\source_archive\source=yonhap\year=2001\month=04\part.jsonl
yonhap_20010422_all_p001,yonhap,2001-04-22,all,1,pending,,data\raw_lake\source_archive\source=yonhap\year=2001\month=04\part.jsonl
yonhap_20010422_politics_p001,yonhap,2001-04-22,politics,1,pending,,data\raw_lake\source_archive\source=yonhap\year=2001\month=04\part.jsonl
yonhap_20010422_economy_p001,yonhap,2001-04-22,economy,1,pending,,data\raw_lake\source_archive\source=yonhap\year=2001\month=04\part.jsonl
yonhap_20010422_society_p001,yonhap,2001-04-22,society,1,pending,,data\raw_lake\source_archive\source=yonhap\year=2001\month=04\part.jsonl
yonhap_20010423_all_p001,yonhap,2001-04-23,all,1,pending,,data\raw_lake\source_archive\source=yonhap\year=2001\month=04\part.jsonl
yonhap_20010423_politics_p001,yonhap,2001-04-23,politics,1,pending,,data\raw_lake\source_archive\source=yonhap\year=2001\month=04\part.jsonl
yonhap_20010423_economy_p001,yonhap,2001-04-23,economy,1,pending,,data\raw_lake\source_archive\source=yonhap\year=2001\month=04\part.jsonl
yonhap_20010423_society_p001,yonhap,2001-04-23,society,1,pending,,data\raw_lake\source_archive\source=yonhap\year=2001\month=04\part.jsonl
yonhap_20010424_all_p001,yonhap,2001-04-24,all,1,pending,,data\raw_lake\source_archive\source=yonhap\year=2001\month=04\part.jsonl
yonhap_20010424_politics_p001,yonhap,2001-04-24,politics,1,pending,,data\raw_lake\source_archive\source=yonhap\year=2001\month=04\part.jsonl
yonhap_20010424_economy_p001,yonhap,2001-04-24,economy,1,pending,,data\raw_lake\source_archive\source=yonhap\year=2001\month=04\part.jsonl
yonhap_20010424_society_p001,yonhap,2001-04-24,society,1,pending,,data\raw_lake\source_archive\source=yonhap\year=2001\month=04\part.jsonl
yonhap_20010425_all_p001,yonhap,2001-04-25,all,1,pending,,data\raw_lake\source_archive\source=yonhap\year=2001\month=04\part.jsonl
yonhap_20010425_politics_p001,yonhap,2001-04-25,politics,1,pending,,data\raw_lake\source_archive\source=yonhap\year=2001\month=04\part.jsonl
yonhap_20010425_economy_p001,yonhap,2001-04-25,economy,1,pending,,data\raw_lake\source_archive\source=yonhap\year=2001\month=04\part.jsonl
yonhap_20010425_society_p001,yonhap,2001-04-25,society,1,pending,,data\raw_lake\source_archive\source=yonhap\year=2001\month=04\part.jsonl
yonhap_20010426_all_p001,yonhap,2001-04-26,all,1,pending,,data\raw_lake\source_archive\source=yonhap\year=2001\month=04\part.jsonl
yonhap_20010426_politics_p001,yonhap,2001-04-26,politics,1,pending,,data\raw_lake\source_archive\source=yonhap\year=2001\month=04\part.jsonl
yonhap_20010426_economy_p001,yonhap,2001-04-26,economy,1,pending,,data\raw_lake\source_archive\source=yonhap\year=2001\month=04\part.jsonl
yonhap_20010426_society_p001,yonhap,2001-04-26,society,1,pending,,data\raw_lake\source_archive\source=yonhap\year=2001\month=04\part.jsonl
yonhap_20010427_all_p001,yonhap,2001-04-27,all,1,pending,,data\raw_lake\source_archive\source=yonhap\year=2001\month=04\part.jsonl
yonhap_20010427_politics_p001,yonhap,2001-04-27,politics,1,pending,,data\raw_lake\source_archive\source=yonhap\year=2001\month=04\part.jsonl
yonhap_20010427_economy_p001,yonhap,2001-04-27,economy,1,pending,,data\raw_lake\source_archive\source=yonhap\year=2001\month=04\part.jsonl
yonhap_20010427_society_p001,yonhap,2001-04-27,society,1,pending,,data\raw_lake\source_archive\source=yonhap\year=2001\month=04\part.jsonl
yonhap_20010428_all_p001,yonhap,2001-04-28,all,1,pending,,data\raw_lake\source_archive\source=yonhap\year=2001\month=04\part.jsonl
yonhap_20010428_politics_p001,yonhap,2001-04-28,politics,1,pending,,data\raw_lake\source_archive\source=yonhap\year=2001\month=04\part.jsonl
yonhap_20010428_economy_p001,yonhap,2001-04-28,economy,1,pending,,data\raw_lake\source_archive\source=yonhap\year=2001\month=04\part.jsonl
yonhap_20010428_society_p001,yonhap,2001-04-28,society,1,pending,,data\raw_lake\source_archive\source=yonhap\year=2001\month=04\part.jsonl
yonhap_20010429_all_p001,yonhap,2001-04-29,all,1,pending,,data\raw_lake\source_archive\source=yonhap\year=2001\month=04\part.jsonl
yonhap_20010429_politics_p001,yonhap,2001-04-29,politics,1,pending,,data\raw_lake\source_archive\source=yonhap\year=2001\month=04\part.jsonl
yonhap_20010429_economy_p001,yonhap,2001-04-29,economy,1,pending,,data\raw_lake\source_archive\source=yonhap\year=2001\month=04\part.jsonl
yonhap_20010429_society_p001,yonhap,2001-04-29,society,1,pending,,data\raw_lake\source_archive\source=yonhap\year=2001\month=04\part.jsonl
yonhap_20010430_all_p001,yonhap,2001-04-30,all,1,pending,,data\raw_lake\source_archive\source=yonhap\year=2001\month=04\part.jsonl
yonhap_20010430_politics_p001,yonhap,2001-04-30,politics,1,pending,,data\raw_lake\source_archive\source=yonhap\year=2001\month=04\part.jsonl
yonhap_20010430_economy_p001,yonhap,2001-04-30,economy,1,pending,,data\raw_lake\source_archive\source=yonhap\year=2001\month=04\part.jsonl
yonhap_20010430_society_p001,yonhap,2001-04-30,society,1,pending,,data\raw_lake\source_archive\source=yonhap\year=2001\month=04\part.jsonl
yonhap_20010501_all_p001,yonhap,2001-05-01,all,1,pending,,data\raw_lake\source_archive\source=yonhap\year=2001\month=05\part.jsonl
yonhap_20010501_politics_p001,yonhap,2001-05-01,politics,1,pending,,data\raw_lake\source_archive\source=yonhap\year=2001\month=05\part.jsonl
yonhap_20010501_economy_p001,yonhap,2001-05-01,economy,1,pending,,data\raw_lake\source_archive\source=yonhap\year=2001\month=05\part.jsonl
yonhap_20010501_society_p001,yonhap,2001-05-01,society,1,pending,,data\raw_lake\source_archive\source=yonhap\year=2001\month=05\part.jsonl
yonhap_20010502_all_p001,yonhap,2001-05-02,all,1,pending,,data\raw_lake\source_archive\source=yonhap\year=2001\month=05\part.jsonl
yonhap_20010502_politics_p001,yonhap,2001-05-02,politics,1,pending,,data\raw_lake\source_archive\source=yonhap\year=2001\month=05\part.jsonl
yonhap_20010502_economy_p001,yonhap,2001-05-02,economy,1,pending,,data\raw_lake\source_archive\source=yonhap\year=2001\month=05\part.jsonl
yonhap_20010502_society_p001,yonhap,2001-05-02,society,1,pending,,data\raw_lake\source_archive\source=yonhap\year=2001\month=05\part.jsonl
yonhap_20010503_all_p001,yonhap,2001-05-03,all,1,pending,,data\raw_lake\source_archive\source=yonhap\year=2001\month=05\part.jsonl
yonhap_20010503_politics_p001,yonhap,2001-05-03,politics,1,pending,,data\raw_lake\source_archive\source=yonhap\year=2001\month=05\part.jsonl
yonhap_20010503_economy_p001,yonhap,2001-05-03,economy,1,pending,,data\raw_lake\source_archive\source=yonhap\year=2001\month=05\part.jsonl
yonhap_20010503_society_p001,yonhap,2001-05-03,society,1,pending,,data\raw_lake\source_archive\source=yonhap\year=2001\month=05\part.jsonl
yonhap_20010504_all_p001,yonhap,2001-05-04,all,1,pending,,data\raw_lake\source_archive\source=yonhap\year=2001\month=05\part.jsonl
yonhap_20010504_politics_p001,yonhap,2001-05-04,politics,1,pending,,data\raw_lake\source_archive\source=yonhap\year=2001\month=05\part.jsonl
yonhap_20010504_economy_p001,yonhap,2001-05-04,economy,1,pending,,data\raw_lake\source_archive\source=yonhap\year=2001\month=05\part.jsonl
yonhap_20010504_society_p001,yonhap,2001-05-04,society,1,pending,,data\raw_lake\source_archive\source=yonhap\year=2001\month=05\part.jsonl
yonhap_20010505_all_p001,yonhap,2001-05-05,all,1,pending,,data\raw_lake\source_archive\source=yonhap\year=2001\month=05\part.jsonl
yonhap_20010505_politics_p001,yonhap,2001-05-05,politics,1,pending,,data\raw_lake\source_archive\source=yonhap\year=2001\month=05\part.jsonl
yonhap_20010505_economy_p001,yonhap,2001-05-05,economy,1,pending,,data\raw_lake\source_archive\source=yonhap\year=2001\month=05\part.jsonl
yonhap_20010505_society_p001,yonhap,2001-05-05,society,1,pending,,data\raw_lake\source_archive\source=yonhap\year=2001\month=05\part.jsonl
yonhap_20010506_all_p001,yonhap,2001-05-06,all,1,pending,,data\raw_lake\source_archive\source=yonhap\year=2001\month=05\part.jsonl
yonhap_20010506_politics_p001,yonhap,2001-05-06,politics,1,pending,,data\raw_lake\source_archive\source=yonhap\year=2001\month=05\part.jsonl
yonhap_20010506_economy_p001,yonhap,2001-05-06,economy,1,pending,,data\raw_lake\source_archive\source=yonhap\year=2001\month=05\part.jsonl
yonhap_20010506_society_p001,yonhap,2001-05-06,society,1,pending,,data\raw_lake\source_archive\source=yonhap\year=2001\month=05\part.jsonl
yonhap_20010507_all_p001,yonhap,2001-05-07,all,1,pending,,data\raw_lake\source_archive\source=yonhap\year=2001\month=05\part.jsonl
yonhap_20010507_politics_p001,yonhap,2001-05-07,politics,1,pending,,data\raw_lake\source_archive\source=yonhap\year=2001\month=05\part.jsonl
yonhap_20010507_economy_p001,yonhap,2001-05-07,economy,1,pending,,data\raw_lake\source_archive\source=yonhap\year=2001\month=05\part.jsonl
yonhap_20010507_society_p001,yonhap,2001-05-07,society,1,pending,,data\raw_lake\source_archive\source=yonhap\year=2001\month=05\part.jsonl
yonhap_20010508_all_p001,yonhap,2001-05-08,all,1,pending,,data\raw_lake\source_archive\source=yonhap\year=2001\month=05\part.jsonl
yonhap_20010508_politics_p001,yonhap,2001-05-08,politics,1,pending,,data\raw_lake\source_archive\source=yonhap\year=2001\month=05\part.jsonl
yonhap_20010508_economy_p001,yonhap,2001-05-08,economy,1,pending,,data\raw_lake\source_archive\source=yonhap\year=2001\month=05\part.jsonl
yonhap_20010508_society_p001,yonhap,2001-05-08,society,1,pending,,data\raw_lake\source_archive\source=yonhap\year=2001\month=05\part.jsonl
yonhap_20010509_all_p001,yonhap,2001-05-09,all,1,pending,,data\raw_lake\source_archive\source=yonhap\year=2001\month=05\part.jsonl
yonhap_20010509_politics_p001,yonhap,2001-05-09,politics,1,pending,,data\raw_lake\source_archive\source=yonhap\year=2001\month=05\part.jsonl
yonhap_20010509_economy_p001,yonhap,2001-05-09,economy,1,pending,,data\raw_lake\source_archive\source=yonhap\year=2001\month=05\part.jsonl
yonhap_20010509_society_p001,yonhap,2001-05-09,society,1,pending,,data\raw_lake\source_archive\source=yonhap\year=2001\month=05\part.jsonl
yonhap_20010510_all_p001,yonhap,2001-05-10,all,1,pending,,data\raw_lake\source_archive\source=yonhap\year=2001\month=05\part.jsonl
yonhap_20010510_politics_p001,yonhap,2001-05-10,politics,1,pending,,data\raw_lake\source_archive\source=yonhap\year=2001\month=05\part.jsonl
yonhap_20010510_economy_p001,yonhap,2001-05-10,economy,1,pending,,data\raw_lake\source_archive\source=yonhap\year=2001\month=05\part.jsonl
yonhap_20010510_society_p001,yonhap,2001-05-10,society,1,pending,,data\raw_lake\source_archive\source=yonhap\year=2001\month=05\part.jsonl
yonhap_20010511_all_p001,yonhap,2001-05-11,all,1,pending,,data\raw_lake\source_archive\source=yonhap\year=2001\month=05\part.jsonl
yonhap_20010511_politics_p001,yonhap,2001-05-11,politics,1,pending,,data\raw_lake\source_archive\source=yonhap\year=2001\month=05\part.jsonl
yonhap_20010511_economy_p001,yonhap,2001-05-11,economy,1,pending,,data\raw_lake\source_archive\source=yonhap\year=2001\month=05\part.jsonl
yonhap_20010511_society_p001,yonhap,2001-05-11,society,1,pending,,data\raw_lake\source_archive\source=yonhap\year=2001\month=05\part.jsonl
yonhap_20010512_all_p001,yonhap,2001-05-12,all,1,pending,,data\raw_lake\source_archive\source=yonhap\year=2001\month=05\part.jsonl
yonhap_20010512_politics_p001,yonhap,2001-05-12,politics,1,pending,,data\raw_lake\source_archive\source=yonhap\year=2001\month=05\part.jsonl
yonhap_20010512_economy_p001,yonhap,2001-05-12,economy,1,pending,,data\raw_lake\source_archive\source=yonhap\year=2001\month=05\part.jsonl
yonhap_20010512_society_p001,yonhap,2001-05-12,society,1,pending,,data\raw_lake\source_archive\source=yonhap\year=2001\month=05\part.jsonl
yonhap_20010513_all_p001,yonhap,2001-05-13,all,1,pending,,data\raw_lake\source_archive\source=yonhap\year=2001\month=05\part.jsonl
yonhap_20010513_politics_p001,yonhap,2001-05-13,politics,1,pending,,data\raw_lake\source_archive\source=yonhap\year=2001\month=05\part.jsonl
yonhap_20010513_economy_p001,yonhap,2001-05-13,economy,1,pending,,data\raw_lake\source_archive\source=yonhap\year=2001\month=05\part.jsonl
yonhap_20010513_society_p001,yonhap,2001-05-13,society,1,pending,,data\raw_lake\source_archive\source=yonhap\year=2001\month=05\part.jsonl
yonhap_20010514_all_p001,yonhap,2001-05-14,all,1,pending,,data\raw_lake\source_archive\source=yonhap\year=2001\month=05\part.jsonl
yonhap_20010514_politics_p001,yonhap,2001-05-14,politics,1,pending,,data\raw_lake\source_archive\source=yonhap\year=2001\month=05\part.jsonl
yonhap_20010514_economy_p001,yonhap,2001-05-14,economy,1,pending,,data\raw_lake\source_archive\source=yonhap\year=2001\month=05\part.jsonl
yonhap_20010514_society_p001,yonhap,2001-05-14,society,1,pending,,data\raw_lake\source_archive\source=yonhap\year=2001\month=05\part.jsonl
yonhap_20010515_all_p001,yonhap,2001-05-15,all,1,pending,,data\raw_lake\source_archive\source=yonhap\year=2001\month=05\part.jsonl
yonhap_20010515_politics_p001,yonhap,2001-05-15,politics,1,pending,,data\raw_lake\source_archive\source=yonhap\year=2001\month=05\part.jsonl
yonhap_20010515_economy_p001,yonhap,2001-05-15,economy,1,pending,,data\raw_lake\source_archive\source=yonhap\year=2001\month=05\part.jsonl
yonhap_20010515_society_p001,yonhap,2001-05-15,society,1,pending,,data\raw_lake\source_archive\source=yonhap\year=2001\month=05\part.jsonl
yonhap_20010516_all_p001,yonhap,2001-05-16,all,1,pending,,data\raw_lake\source_archive\source=yonhap\year=2001\month=05\part.jsonl
yonhap_20010516_politics_p001,yonhap,2001-05-16,politics,1,pending,,data\raw_lake\source_archive\source=yonhap\year=2001\month=05\part.jsonl
yonhap_20010516_economy_p001,yonhap,2001-05-16,economy,1,pending,,data\raw_lake\source_archive\source=yonhap\year=2001\month=05\part.jsonl
yonhap_20010516_society_p001,yonhap,2001-05-16,society,1,pending,,data\raw_lake\source_archive\source=yonhap\year=2001\month=05\part.jsonl
yonhap_20010517_all_p001,yonhap,2001-05-17,all,1,pending,,data\raw_lake\source_archive\source=yonhap\year=2001\month=05\part.jsonl
yonhap_20010517_politics_p001,yonhap,2001-05-17,politics,1,pending,,data\raw_lake\source_archive\source=yonhap\year=2001\month=05\part.jsonl
yonhap_20010517_economy_p001,yonhap,2001-05-17,economy,1,pending,,data\raw_lake\source_archive\source=yonhap\year=2001\month=05\part.jsonl
yonhap_20010517_society_p001,yonhap,2001-05-17,society,1,pending,,data\raw_lake\source_archive\source=yonhap\year=2001\month=05\part.jsonl
yonhap_20010518_all_p001,yonhap,2001-05-18,all,1,pending,,data\raw_lake\source_archive\source=yonhap\year=2001\month=05\part.jsonl
yonhap_20010518_politics_p001,yonhap,2001-05-18,politics,1,pending,,data\raw_lake\source_archive\source=yonhap\year=2001\month=05\part.jsonl
yonhap_20010518_economy_p001,yonhap,2001-05-18,economy,1,pending,,data\raw_lake\source_archive\source=yonhap\year=2001\month=05\part.jsonl
yonhap_20010518_society_p001,yonhap,2001-05-18,society,1,pending,,data\raw_lake\source_archive\source=yonhap\year=2001\month=05\part.jsonl
yonhap_20010519_all_p001,yonhap,2001-05-19,all,1,pending,,data\raw_lake\source_archive\source=yonhap\year=2001\month=05\part.jsonl
yonhap_20010519_politics_p001,yonhap,2001-05-19,politics,1,pending,,data\raw_lake\source_archive\source=yonhap\year=2001\month=05\part.jsonl
yonhap_20010519_economy_p001,yonhap,2001-05-19,economy,1,pending,,data\raw_lake\source_archive\source=yonhap\year=2001\month=05\part.jsonl
yonhap_20010519_society_p001,yonhap,2001-05-19,society,1,pending,,data\raw_lake\source_archive\source=yonhap\year=2001\month=05\part.jsonl
yonhap_20010520_all_p001,yonhap,2001-05-20,all,1,pending,,data\raw_lake\source_archive\source=yonhap\year=2001\month=05\part.jsonl
yonhap_20010520_politics_p001,yonhap,2001-05-20,politics,1,pending,,data\raw_lake\source_archive\source=yonhap\year=2001\month=05\part.jsonl
yonhap_20010520_economy_p001,yonhap,2001-05-20,economy,1,pending,,data\raw_lake\source_archive\source=yonhap\year=2001\month=05\part.jsonl
yonhap_20010520_society_p001,yonhap,2001-05-20,society,1,pending,,data\raw_lake\source_archive\source=yonhap\year=2001\month=05\part.jsonl
yonhap_20010521_all_p001,yonhap,2001-05-21,all,1,pending,,data\raw_lake\source_archive\source=yonhap\year=2001\month=05\part.jsonl
yonhap_20010521_politics_p001,yonhap,2001-05-21,politics,1,pending,,data\raw_lake\source_archive\source=yonhap\year=2001\month=05\part.jsonl
yonhap_20010521_economy_p001,yonhap,2001-05-21,economy,1,pending,,data\raw_lake\source_archive\source=yonhap\year=2001\month=05\part.jsonl
yonhap_20010521_society_p001,yonhap,2001-05-21,society,1,pending,,data\raw_lake\source_archive\source=yonhap\year=2001\month=05\part.jsonl
yonhap_20010522_all_p001,yonhap,2001-05-22,all,1,pending,,data\raw_lake\source_archive\source=yonhap\year=2001\month=05\part.jsonl
yonhap_20010522_politics_p001,yonhap,2001-05-22,politics,1,pending,,data\raw_lake\source_archive\source=yonhap\year=2001\month=05\part.jsonl
yonhap_20010522_economy_p001,yonhap,2001-05-22,economy,1,pending,,data\raw_lake\source_archive\source=yonhap\year=2001\month=05\part.jsonl
yonhap_20010522_society_p001,yonhap,2001-05-22,society,1,pending,,data\raw_lake\source_archive\source=yonhap\year=2001\month=05\part.jsonl
yonhap_20010523_all_p001,yonhap,2001-05-23,all,1,pending,,data\raw_lake\source_archive\source=yonhap\year=2001\month=05\part.jsonl
yonhap_20010523_politics_p001,yonhap,2001-05-23,politics,1,pending,,data\raw_lake\source_archive\source=yonhap\year=2001\month=05\part.jsonl
yonhap_20010523_economy_p001,yonhap,2001-05-23,economy,1,pending,,data\raw_lake\source_archive\source=yonhap\year=2001\month=05\part.jsonl
yonhap_20010523_society_p001,yonhap,2001-05-23,society,1,pending,,data\raw_lake\source_archive\source=yonhap\year=2001\month=05\part.jsonl
yonhap_20010524_all_p001,yonhap,2001-05-24,all,1,pending,,data\raw_lake\source_archive\source=yonhap\year=2001\month=05\part.jsonl
yonhap_20010524_politics_p001,yonhap,2001-05-24,politics,1,pending,,data\raw_lake\source_archive\source=yonhap\year=2001\month=05\part.jsonl
yonhap_20010524_economy_p001,yonhap,2001-05-24,economy,1,pending,,data\raw_lake\source_archive\source=yonhap\year=2001\month=05\part.jsonl
yonhap_20010524_society_p001,yonhap,2001-05-24,society,1,pending,,data\raw_lake\source_archive\source=yonhap\year=2001\month=05\part.jsonl
yonhap_20010525_all_p001,yonhap,2001-05-25,all,1,pending,,data\raw_lake\source_archive\source=yonhap\year=2001\month=05\part.jsonl
yonhap_20010525_politics_p001,yonhap,2001-05-25,politics,1,pending,,data\raw_lake\source_archive\source=yonhap\year=2001\month=05\part.jsonl
yonhap_20010525_economy_p001,yonhap,2001-05-25,economy,1,pending,,data\raw_lake\source_archive\source=yonhap\year=2001\month=05\part.jsonl
yonhap_20010525_society_p001,yonhap,2001-05-25,society,1,pending,,data\raw_lake\source_archive\source=yonhap\year=2001\month=05\part.jsonl
yonhap_20010526_all_p001,yonhap,2001-05-26,all,1,pending,,data\raw_lake\source_archive\source=yonhap\year=2001\month=05\part.jsonl
yonhap_20010526_politics_p001,yonhap,2001-05-26,politics,1,pending,,data\raw_lake\source_archive\source=yonhap\year=2001\month=05\part.jsonl
yonhap_20010526_economy_p001,yonhap,2001-05-26,economy,1,pending,,data\raw_lake\source_archive\source=yonhap\year=2001\month=05\part.jsonl
yonhap_20010526_society_p001,yonhap,2001-05-26,society,1,pending,,data\raw_lake\source_archive\source=yonhap\year=2001\month=05\part.jsonl
yonhap_20010527_all_p001,yonhap,2001-05-27,all,1,pending,,data\raw_lake\source_archive\source=yonhap\year=2001\month=05\part.jsonl
yonhap_20010527_politics_p001,yonhap,2001-05-27,politics,1,pending,,data\raw_lake\source_archive\source=yonhap\year=2001\month=05\part.jsonl
yonhap_20010527_economy_p001,yonhap,2001-05-27,economy,1,pending,,data\raw_lake\source_archive\source=yonhap\year=2001\month=05\part.jsonl
yonhap_20010527_society_p001,yonhap,2001-05-27,society,1,pending,,data\raw_lake\source_archive\source=yonhap\year=2001\month=05\part.jsonl
yonhap_20010528_all_p001,yonhap,2001-05-28,all,1,pending,,data\raw_lake\source_archive\source=yonhap\year=2001\month=05\part.jsonl
yonhap_20010528_politics_p001,yonhap,2001-05-28,politics,1,pending,,data\raw_lake\source_archive\source=yonhap\year=2001\month=05\part.jsonl
yonhap_20010528_economy_p001,yonhap,2001-05-28,economy,1,pending,,data\raw_lake\source_archive\source=yonhap\year=2001\month=05\part.jsonl
yonhap_20010528_society_p001,yonhap,2001-05-28,society,1,pending,,data\raw_lake\source_archive\source=yonhap\year=2001\month=05\part.jsonl
yonhap_20010529_all_p001,yonhap,2001-05-29,all,1,pending,,data\raw_lake\source_archive\source=yonhap\year=2001\month=05\part.jsonl
yonhap_20010529_politics_p001,yonhap,2001-05-29,politics,1,pending,,data\raw_lake\source_archive\source=yonhap\year=2001\month=05\part.jsonl
yonhap_20010529_economy_p001,yonhap,2001-05-29,economy,1,pending,,data\raw_lake\source_archive\source=yonhap\year=2001\month=05\part.jsonl
yonhap_20010529_society_p001,yonhap,2001-05-29,society,1,pending,,data\raw_lake\source_archive\source=yonhap\year=2001\month=05\part.jsonl
yonhap_20010530_all_p001,yonhap,2001-05-30,all,1,pending,,data\raw_lake\source_archive\source=yonhap\year=2001\month=05\part.jsonl
yonhap_20010530_politics_p001,yonhap,2001-05-30,politics,1,pending,,data\raw_lake\source_archive\source=yonhap\year=2001\month=05\part.jsonl
yonhap_20010530_economy_p001,yonhap,2001-05-30,economy,1,pending,,data\raw_lake\source_archive\source=yonhap\year=2001\month=05\part.jsonl
yonhap_20010530_society_p001,yonhap,2001-05-30,society,1,pending,,data\raw_lake\source_archive\source=yonhap\year=2001\month=05\part.jsonl
yonhap_20010531_all_p001,yonhap,2001-05-31,all,1,pending,,data\raw_lake\source_archive\source=yonhap\year=2001\month=05\part.jsonl
yonhap_20010531_politics_p001,yonhap,2001-05-31,politics,1,pending,,data\raw_lake\source_archive\source=yonhap\year=2001\month=05\part.jsonl
yonhap_20010531_economy_p001,yonhap,2001-05-31,economy,1,pending,,data\raw_lake\source_archive\source=yonhap\year=2001\month=05\part.jsonl
yonhap_20010531_society_p001,yonhap,2001-05-31,society,1,pending,,data\raw_lake\source_archive\source=yonhap\year=2001\month=05\part.jsonl
yonhap_20010601_all_p001,yonhap,2001-06-01,all,1,pending,,data\raw_lake\source_archive\source=yonhap\year=2001\month=06\part.jsonl
yonhap_20010601_politics_p001,yonhap,2001-06-01,politics,1,pending,,data\raw_lake\source_archive\source=yonhap\year=2001\month=06\part.jsonl
yonhap_20010601_economy_p001,yonhap,2001-06-01,economy,1,pending,,data\raw_lake\source_archive\source=yonhap\year=2001\month=06\part.jsonl
yonhap_20010601_society_p001,yonhap,2001-06-01,society,1,pending,,data\raw_lake\source_archive\source=yonhap\year=2001\month=06\part.jsonl
yonhap_20010602_all_p001,yonhap,2001-06-02,all,1,pending,,data\raw_lake\source_archive\source=yonhap\year=2001\month=06\part.jsonl
yonhap_20010602_politics_p001,yonhap,2001-06-02,politics,1,pending,,data\raw_lake\source_archive\source=yonhap\year=2001\month=06\part.jsonl
yonhap_20010602_economy_p001,yonhap,2001-06-02,economy,1,pending,,data\raw_lake\source_archive\source=yonhap\year=2001\month=06\part.jsonl
yonhap_20010602_society_p001,yonhap,2001-06-02,society,1,pending,,data\raw_lake\source_archive\source=yonhap\year=2001\month=06\part.jsonl
yonhap_20010603_all_p001,yonhap,2001-06-03,all,1,pending,,data\raw_lake\source_archive\source=yonhap\year=2001\month=06\part.jsonl
yonhap_20010603_politics_p001,yonhap,2001-06-03,politics,1,pending,,data\raw_lake\source_archive\source=yonhap\year=2001\month=06\part.jsonl
yonhap_20010603_economy_p001,yonhap,2001-06-03,economy,1,pending,,data\raw_lake\source_archive\source=yonhap\year=2001\month=06\part.jsonl
yonhap_20010603_society_p001,yonhap,2001-06-03,society,1,pending,,data\raw_lake\source_archive\source=yonhap\year=2001\month=06\part.jsonl
yonhap_20010604_all_p001,yonhap,2001-06-04,all,1,pending,,data\raw_lake\source_archive\source=yonhap\year=2001\month=06\part.jsonl
yonhap_20010604_politics_p001,yonhap,2001-06-04,politics,1,pending,,data\raw_lake\source_archive\source=yonhap\year=2001\month=06\part.jsonl
yonhap_20010604_economy_p001,yonhap,2001-06-04,economy,1,pending,,data\raw_lake\source_archive\source=yonhap\year=2001\month=06\part.jsonl
yonhap_20010604_society_p001,yonhap,2001-06-04,society,1,pending,,data\raw_lake\source_archive\source=yonhap\year=2001\month=06\part.jsonl
yonhap_20010605_all_p001,yonhap,2001-06-05,all,1,pending,,data\raw_lake\source_archive\source=yonhap\year=2001\month=06\part.jsonl
yonhap_20010605_politics_p001,yonhap,2001-06-05,politics,1,pending,,data\raw_lake\source_archive\source=yonhap\year=2001\month=06\part.jsonl
yonhap_20010605_economy_p001,yonhap,2001-06-05,economy,1,pending,,data\raw_lake\source_archive\source=yonhap\year=2001\month=06\part.jsonl
yonhap_20010605_society_p001,yonhap,2001-06-05,society,1,pending,,data\raw_lake\source_archive\source=yonhap\year=2001\month=06\part.jsonl
yonhap_20010606_all_p001,yonhap,2001-06-06,all,1,pending,,data\raw_lake\source_archive\source=yonhap\year=2001\month=06\part.jsonl
yonhap_20010606_politics_p001,yonhap,2001-06-06,politics,1,pending,,data\raw_lake\source_archive\source=yonhap\year=2001\month=06\part.jsonl
yonhap_20010606_economy_p001,yonhap,2001-06-06,economy,1,pending,,data\raw_lake\source_archive\source=yonhap\year=2001\month=06\part.jsonl
yonhap_20010606_society_p001,yonhap,2001-06-06,society,1,pending,,data\raw_lake\source_archive\source=yonhap\year=2001\month=06\part.jsonl
yonhap_20010607_all_p001,yonhap,2001-06-07,all,1,pending,,data\raw_lake\source_archive\source=yonhap\year=2001\month=06\part.jsonl
yonhap_20010607_politics_p001,yonhap,2001-06-07,politics,1,pending,,data\raw_lake\source_archive\source=yonhap\year=2001\month=06\part.jsonl
yonhap_20010607_economy_p001,yonhap,2001-06-07,economy,1,pending,,data\raw_lake\source_archive\source=yonhap\year=2001\month=06\part.jsonl
yonhap_20010607_society_p001,yonhap,2001-06-07,society,1,pending,,data\raw_lake\source_archive\source=yonhap\year=2001\month=06\part.jsonl
yonhap_20010608_all_p001,yonhap,2001-06-08,all,1,pending,,data\raw_lake\source_archive\source=yonhap\year=2001\month=06\part.jsonl
yonhap_20010608_politics_p001,yonhap,2001-06-08,politics,1,pending,,data\raw_lake\source_archive\source=yonhap\year=2001\month=06\part.jsonl
yonhap_20010608_economy_p001,yonhap,2001-06-08,economy,1,pending,,data\raw_lake\source_archive\source=yonhap\year=2001\month=06\part.jsonl
yonhap_20010608_society_p001,yonhap,2001-06-08,society,1,pending,,data\raw_lake\source_archive\source=yonhap\year=2001\month=06\part.jsonl
yonhap_20010609_all_p001,yonhap,2001-06-09,all,1,pending,,data\raw_lake\source_archive\source=yonhap\year=2001\month=06\part.jsonl
yonhap_20010609_politics_p001,yonhap,2001-06-09,politics,1,pending,,data\raw_lake\source_archive\source=yonhap\year=2001\month=06\part.jsonl
yonhap_20010609_economy_p001,yonhap,2001-06-09,economy,1,pending,,data\raw_lake\source_archive\source=yonhap\year=2001\month=06\part.jsonl
yonhap_20010609_society_p001,yonhap,2001-06-09,society,1,pending,,data\raw_lake\source_archive\source=yonhap\year=2001\month=06\part.jsonl
yonhap_20010610_all_p001,yonhap,2001-06-10,all,1,pending,,data\raw_lake\source_archive\source=yonhap\year=2001\month=06\part.jsonl
yonhap_20010610_politics_p001,yonhap,2001-06-10,politics,1,pending,,data\raw_lake\source_archive\source=yonhap\year=2001\month=06\part.jsonl
yonhap_20010610_economy_p001,yonhap,2001-06-10,economy,1,pending,,data\raw_lake\source_archive\source=yonhap\year=2001\month=06\part.jsonl
yonhap_20010610_society_p001,yonhap,2001-06-10,society,1,pending,,data\raw_lake\source_archive\source=yonhap\year=2001\month=06\part.jsonl
yonhap_20010611_all_p001,yonhap,2001-06-11,all,1,pending,,data\raw_lake\source_archive\source=yonhap\year=2001\month=06\part.jsonl
yonhap_20010611_politics_p001,yonhap,2001-06-11,politics,1,pending,,data\raw_lake\source_archive\source=yonhap\year=2001\month=06\part.jsonl
yonhap_20010611_economy_p001,yonhap,2001-06-11,economy,1,pending,,data\raw_lake\source_archive\source=yonhap\year=2001\month=06\part.jsonl
yonhap_20010611_society_p001,yonhap,2001-06-11,society,1,pending,,data\raw_lake\source_archive\source=yonhap\year=2001\month=06\part.jsonl
yonhap_20010612_all_p001,yonhap,2001-06-12,all,1,pending,,data\raw_lake\source_archive\source=yonhap\year=2001\month=06\part.jsonl
yonhap_20010612_politics_p001,yonhap,2001-06-12,politics,1,pending,,data\raw_lake\source_archive\source=yonhap\year=2001\month=06\part.jsonl
yonhap_20010612_economy_p001,yonhap,2001-06-12,economy,1,pending,,data\raw_lake\source_archive\source=yonhap\year=2001\month=06\part.jsonl
yonhap_20010612_society_p001,yonhap,2001-06-12,society,1,pending,,data\raw_lake\source_archive\source=yonhap\year=2001\month=06\part.jsonl
yonhap_20010613_all_p001,yonhap,2001-06-13,all,1,pending,,data\raw_lake\source_archive\source=yonhap\year=2001\month=06\part.jsonl
yonhap_20010613_politics_p001,yonhap,2001-06-13,politics,1,pending,,data\raw_lake\source_archive\source=yonhap\year=2001\month=06\part.jsonl
yonhap_20010613_economy_p001,yonhap,2001-06-13,economy,1,pending,,data\raw_lake\source_archive\source=yonhap\year=2001\month=06\part.jsonl
yonhap_20010613_society_p001,yonhap,2001-06-13,society,1,pending,,data\raw_lake\source_archive\source=yonhap\year=2001\month=06\part.jsonl
yonhap_20010614_all_p001,yonhap,2001-06-14,all,1,pending,,data\raw_lake\source_archive\source=yonhap\year=2001\month=06\part.jsonl
yonhap_20010614_politics_p001,yonhap,2001-06-14,politics,1,pending,,data\raw_lake\source_archive\source=yonhap\year=2001\month=06\part.jsonl
yonhap_20010614_economy_p001,yonhap,2001-06-14,economy,1,pending,,data\raw_lake\source_archive\source=yonhap\year=2001\month=06\part.jsonl
yonhap_20010614_society_p001,yonhap,2001-06-14,society,1,pending,,data\raw_lake\source_archive\source=yonhap\year=2001\month=06\part.jsonl
yonhap_20010615_all_p001,yonhap,2001-06-15,all,1,pending,,data\raw_lake\source_archive\source=yonhap\year=2001\month=06\part.jsonl
yonhap_20010615_politics_p001,yonhap,2001-06-15,politics,1,pending,,data\raw_lake\source_archive\source=yonhap\year=2001\month=06\part.jsonl
yonhap_20010615_economy_p001,yonhap,2001-06-15,economy,1,pending,,data\raw_lake\source_archive\source=yonhap\year=2001\month=06\part.jsonl
yonhap_20010615_society_p001,yonhap,2001-06-15,society,1,pending,,data\raw_lake\source_archive\source=yonhap\year=2001\month=06\part.jsonl
yonhap_20010616_all_p001,yonhap,2001-06-16,all,1,pending,,data\raw_lake\source_archive\source=yonhap\year=2001\month=06\part.jsonl
yonhap_20010616_politics_p001,yonhap,2001-06-16,politics,1,pending,,data\raw_lake\source_archive\source=yonhap\year=2001\month=06\part.jsonl
yonhap_20010616_economy_p001,yonhap,2001-06-16,economy,1,pending,,data\raw_lake\source_archive\source=yonhap\year=2001\month=06\part.jsonl
yonhap_20010616_society_p001,yonhap,2001-06-16,society,1,pending,,data\raw_lake\source_archive\source=yonhap\year=2001\month=06\part.jsonl
yonhap_20010617_all_p001,yonhap,2001-06-17,all,1,pending,,data\raw_lake\source_archive\source=yonhap\year=2001\month=06\part.jsonl
yonhap_20010617_politics_p001,yonhap,2001-06-17,politics,1,pending,,data\raw_lake\source_archive\source=yonhap\year=2001\month=06\part.jsonl
yonhap_20010617_economy_p001,yonhap,2001-06-17,economy,1,pending,,data\raw_lake\source_archive\source=yonhap\year=2001\month=06\part.jsonl
yonhap_20010617_society_p001,yonhap,2001-06-17,society,1,pending,,data\raw_lake\source_archive\source=yonhap\year=2001\month=06\part.jsonl
yonhap_20010618_all_p001,yonhap,2001-06-18,all,1,pending,,data\raw_lake\source_archive\source=yonhap\year=2001\month=06\part.jsonl
yonhap_20010618_politics_p001,yonhap,2001-06-18,politics,1,pending,,data\raw_lake\source_archive\source=yonhap\year=2001\month=06\part.jsonl
yonhap_20010618_economy_p001,yonhap,2001-06-18,economy,1,pending,,data\raw_lake\source_archive\source=yonhap\year=2001\month=06\part.jsonl
yonhap_20010618_society_p001,yonhap,2001-06-18,society,1,pending,,data\raw_lake\source_archive\source=yonhap\year=2001\month=06\part.jsonl
yonhap_20010619_all_p001,yonhap,2001-06-19,all,1,pending,,data\raw_lake\source_archive\source=yonhap\year=2001\month=06\part.jsonl
yonhap_20010619_politics_p001,yonhap,2001-06-19,politics,1,pending,,data\raw_lake\source_archive\source=yonhap\year=2001\month=06\part.jsonl
yonhap_20010619_economy_p001,yonhap,2001-06-19,economy,1,pending,,data\raw_lake\source_archive\source=yonhap\year=2001\month=06\part.jsonl
yonhap_20010619_society_p001,yonhap,2001-06-19,society,1,pending,,data\raw_lake\source_archive\source=yonhap\year=2001\month=06\part.jsonl
yonhap_20010620_all_p001,yonhap,2001-06-20,all,1,pending,,data\raw_lake\source_archive\source=yonhap\year=2001\month=06\part.jsonl
yonhap_20010620_politics_p001,yonhap,2001-06-20,politics,1,pending,,data\raw_lake\source_archive\source=yonhap\year=2001\month=06\part.jsonl
yonhap_20010620_economy_p001,yonhap,2001-06-20,economy,1,pending,,data\raw_lake\source_archive\source=yonhap\year=2001\month=06\part.jsonl
yonhap_20010620_society_p001,yonhap,2001-06-20,society,1,pending,,data\raw_lake\source_archive\source=yonhap\year=2001\month=06\part.jsonl
yonhap_20010621_all_p001,yonhap,2001-06-21,all,1,pending,,data\raw_lake\source_archive\source=yonhap\year=2001\month=06\part.jsonl
yonhap_20010621_politics_p001,yonhap,2001-06-21,politics,1,pending,,data\raw_lake\source_archive\source=yonhap\year=2001\month=06\part.jsonl
yonhap_20010621_economy_p001,yonhap,2001-06-21,economy,1,pending,,data\raw_lake\source_archive\source=yonhap\year=2001\month=06\part.jsonl
yonhap_20010621_society_p001,yonhap,2001-06-21,society,1,pending,,data\raw_lake\source_archive\source=yonhap\year=2001\month=06\part.jsonl
yonhap_20010622_all_p001,yonhap,2001-06-22,all,1,pending,,data\raw_lake\source_archive\source=yonhap\year=2001\month=06\part.jsonl
yonhap_20010622_politics_p001,yonhap,2001-06-22,politics,1,pending,,data\raw_lake\source_archive\source=yonhap\year=2001\month=06\part.jsonl
yonhap_20010622_economy_p001,yonhap,2001-06-22,economy,1,pending,,data\raw_lake\source_archive\source=yonhap\year=2001\month=06\part.jsonl
yonhap_20010622_society_p001,yonhap,2001-06-22,society,1,pending,,data\raw_lake\source_archive\source=yonhap\year=2001\month=06\part.jsonl
yonhap_20010623_all_p001,yonhap,2001-06-23,all,1,pending,,data\raw_lake\source_archive\source=yonhap\year=2001\month=06\part.jsonl
yonhap_20010623_politics_p001,yonhap,2001-06-23,politics,1,pending,,data\raw_lake\source_archive\source=yonhap\year=2001\month=06\part.jsonl
yonhap_20010623_economy_p001,yonhap,2001-06-23,economy,1,pending,,data\raw_lake\source_archive\source=yonhap\year=2001\month=06\part.jsonl
yonhap_20010623_society_p001,yonhap,2001-06-23,society,1,pending,,data\raw_lake\source_archive\source=yonhap\year=2001\month=06\part.jsonl
yonhap_20010624_all_p001,yonhap,2001-06-24,all,1,pending,,data\raw_lake\source_archive\source=yonhap\year=2001\month=06\part.jsonl
yonhap_20010624_politics_p001,yonhap,2001-06-24,politics,1,pending,,data\raw_lake\source_archive\source=yonhap\year=2001\month=06\part.jsonl
yonhap_20010624_economy_p001,yonhap,2001-06-24,economy,1,pending,,data\raw_lake\source_archive\source=yonhap\year=2001\month=06\part.jsonl
yonhap_20010624_society_p001,yonhap,2001-06-24,society,1,pending,,data\raw_lake\source_archive\source=yonhap\year=2001\month=06\part.jsonl
yonhap_20010625_all_p001,yonhap,2001-06-25,all,1,pending,,data\raw_lake\source_archive\source=yonhap\year=2001\month=06\part.jsonl
yonhap_20010625_politics_p001,yonhap,2001-06-25,politics,1,pending,,data\raw_lake\source_archive\source=yonhap\year=2001\month=06\part.jsonl
yonhap_20010625_economy_p001,yonhap,2001-06-25,economy,1,pending,,data\raw_lake\source_archive\source=yonhap\year=2001\month=06\part.jsonl
yonhap_20010625_society_p001,yonhap,2001-06-25,society,1,pending,,data\raw_lake\source_archive\source=yonhap\year=2001\month=06\part.jsonl
yonhap_20010626_all_p001,yonhap,2001-06-26,all,1,pending,,data\raw_lake\source_archive\source=yonhap\year=2001\month=06\part.jsonl
yonhap_20010626_politics_p001,yonhap,2001-06-26,politics,1,pending,,data\raw_lake\source_archive\source=yonhap\year=2001\month=06\part.jsonl
yonhap_20010626_economy_p001,yonhap,2001-06-26,economy,1,pending,,data\raw_lake\source_archive\source=yonhap\year=2001\month=06\part.jsonl
yonhap_20010626_society_p001,yonhap,2001-06-26,society,1,pending,,data\raw_lake\source_archive\source=yonhap\year=2001\month=06\part.jsonl
yonhap_20010627_all_p001,yonhap,2001-06-27,all,1,pending,,data\raw_lake\source_archive\source=yonhap\year=2001\month=06\part.jsonl
yonhap_20010627_politics_p001,yonhap,2001-06-27,politics,1,pending,,data\raw_lake\source_archive\source=yonhap\year=2001\month=06\part.jsonl
yonhap_20010627_economy_p001,yonhap,2001-06-27,economy,1,pending,,data\raw_lake\source_archive\source=yonhap\year=2001\month=06\part.jsonl
yonhap_20010627_society_p001,yonhap,2001-06-27,society,1,pending,,data\raw_lake\source_archive\source=yonhap\year=2001\month=06\part.jsonl
yonhap_20010628_all_p001,yonhap,2001-06-28,all,1,pending,,data\raw_lake\source_archive\source=yonhap\year=2001\month=06\part.jsonl
yonhap_20010628_politics_p001,yonhap,2001-06-28,politics,1,pending,,data\raw_lake\source_archive\source=yonhap\year=2001\month=06\part.jsonl
yonhap_20010628_economy_p001,yonhap,2001-06-28,economy,1,pending,,data\raw_lake\source_archive\source=yonhap\year=2001\month=06\part.jsonl
yonhap_20010628_society_p001,yonhap,2001-06-28,society,1,pending,,data\raw_lake\source_archive\source=yonhap\year=2001\month=06\part.jsonl
yonhap_20010629_all_p001,yonhap,2001-06-29,all,1,pending,,data\raw_lake\source_archive\source=yonhap\year=2001\month=06\part.jsonl
yonhap_20010629_politics_p001,yonhap,2001-06-29,politics,1,pending,,data\raw_lake\source_archive\source=yonhap\year=2001\month=06\part.jsonl
yonhap_20010629_economy_p001,yonhap,2001-06-29,economy,1,pending,,data\raw_lake\source_archive\source=yonhap\year=2001\month=06\part.jsonl
yonhap_20010629_society_p001,yonhap,2001-06-29,society,1,pending,,data\raw_lake\source_archive\source=yonhap\year=2001\month=06\part.jsonl
yonhap_20010630_all_p001,yonhap,2001-06-30,all,1,pending,,data\raw_lake\source_archive\source=yonhap\year=2001\month=06\part.jsonl
yonhap_20010630_politics_p001,yonhap,2001-06-30,politics,1,pending,,data\raw_lake\source_archive\source=yonhap\year=2001\month=06\part.jsonl
yonhap_20010630_economy_p001,yonhap,2001-06-30,economy,1,pending,,data\raw_lake\source_archive\source=yonhap\year=2001\month=06\part.jsonl
yonhap_20010630_society_p001,yonhap,2001-06-30,society,1,pending,,data\raw_lake\source_archive\source=yonhap\year=2001\month=06\part.jsonl
yonhap_20010701_all_p001,yonhap,2001-07-01,all,1,pending,,data\raw_lake\source_archive\source=yonhap\year=2001\month=07\part.jsonl
yonhap_20010701_politics_p001,yonhap,2001-07-01,politics,1,pending,,data\raw_lake\source_archive\source=yonhap\year=2001\month=07\part.jsonl
yonhap_20010701_economy_p001,yonhap,2001-07-01,economy,1,pending,,data\raw_lake\source_archive\source=yonhap\year=2001\month=07\part.jsonl
yonhap_20010701_society_p001,yonhap,2001-07-01,society,1,pending,,data\raw_lake\source_archive\source=yonhap\year=2001\month=07\part.jsonl
yonhap_20010702_all_p001,yonhap,2001-07-02,all,1,pending,,data\raw_lake\source_archive\source=yonhap\year=2001\month=07\part.jsonl
yonhap_20010702_politics_p001,yonhap,2001-07-02,politics,1,pending,,data\raw_lake\source_archive\source=yonhap\year=2001\month=07\part.jsonl
yonhap_20010702_economy_p001,yonhap,2001-07-02,economy,1,pending,,data\raw_lake\source_archive\source=yonhap\year=2001\month=07\part.jsonl
yonhap_20010702_society_p001,yonhap,2001-07-02,society,1,pending,,data\raw_lake\source_archive\source=yonhap\year=2001\month=07\part.jsonl
yonhap_20010703_all_p001,yonhap,2001-07-03,all,1,pending,,data\raw_lake\source_archive\source=yonhap\year=2001\month=07\part.jsonl
yonhap_20010703_politics_p001,yonhap,2001-07-03,politics,1,pending,,data\raw_lake\source_archive\source=yonhap\year=2001\month=07\part.jsonl
yonhap_20010703_economy_p001,yonhap,2001-07-03,economy,1,pending,,data\raw_lake\source_archive\source=yonhap\year=2001\month=07\part.jsonl
yonhap_20010703_society_p001,yonhap,2001-07-03,society,1,pending,,data\raw_lake\source_archive\source=yonhap\year=2001\month=07\part.jsonl
yonhap_20010704_all_p001,yonhap,2001-07-04,all,1,pending,,data\raw_lake\source_archive\source=yonhap\year=2001\month=07\part.jsonl
yonhap_20010704_politics_p001,yonhap,2001-07-04,politics,1,pending,,data\raw_lake\source_archive\source=yonhap\year=2001\month=07\part.jsonl
yonhap_20010704_economy_p001,yonhap,2001-07-04,economy,1,pending,,data\raw_lake\source_archive\source=yonhap\year=2001\month=07\part.jsonl
yonhap_20010704_society_p001,yonhap,2001-07-04,society,1,pending,,data\raw_lake\source_archive\source=yonhap\year=2001\month=07\part.jsonl
yonhap_20010705_all_p001,yonhap,2001-07-05,all,1,pending,,data\raw_lake\source_archive\source=yonhap\year=2001\month=07\part.jsonl
yonhap_20010705_politics_p001,yonhap,2001-07-05,politics,1,pending,,data\raw_lake\source_archive\source=yonhap\year=2001\month=07\part.jsonl
yonhap_20010705_economy_p001,yonhap,2001-07-05,economy,1,pending,,data\raw_lake\source_archive\source=yonhap\year=2001\month=07\part.jsonl
yonhap_20010705_society_p001,yonhap,2001-07-05,society,1,pending,,data\raw_lake\source_archive\source=yonhap\year=2001\month=07\part.jsonl
yonhap_20010706_all_p001,yonhap,2001-07-06,all,1,pending,,data\raw_lake\source_archive\source=yonhap\year=2001\month=07\part.jsonl
yonhap_20010706_politics_p001,yonhap,2001-07-06,politics,1,pending,,data\raw_lake\source_archive\source=yonhap\year=2001\month=07\part.jsonl
yonhap_20010706_economy_p001,yonhap,2001-07-06,economy,1,pending,,data\raw_lake\source_archive\source=yonhap\year=2001\month=07\part.jsonl
yonhap_20010706_society_p001,yonhap,2001-07-06,society,1,pending,,data\raw_lake\source_archive\source=yonhap\year=2001\month=07\part.jsonl
yonhap_20010707_all_p001,yonhap,2001-07-07,all,1,pending,,data\raw_lake\source_archive\source=yonhap\year=2001\month=07\part.jsonl
yonhap_20010707_politics_p001,yonhap,2001-07-07,politics,1,pending,,data\raw_lake\source_archive\source=yonhap\year=2001\month=07\part.jsonl
yonhap_20010707_economy_p001,yonhap,2001-07-07,economy,1,pending,,data\raw_lake\source_archive\source=yonhap\year=2001\month=07\part.jsonl
yonhap_20010707_society_p001,yonhap,2001-07-07,society,1,pending,,data\raw_lake\source_archive\source=yonhap\year=2001\month=07\part.jsonl
yonhap_20010708_all_p001,yonhap,2001-07-08,all,1,pending,,data\raw_lake\source_archive\source=yonhap\year=2001\month=07\part.jsonl
yonhap_20010708_politics_p001,yonhap,2001-07-08,politics,1,pending,,data\raw_lake\source_archive\source=yonhap\year=2001\month=07\part.jsonl
yonhap_20010708_economy_p001,yonhap,2001-07-08,economy,1,pending,,data\raw_lake\source_archive\source=yonhap\year=2001\month=07\part.jsonl
yonhap_20010708_society_p001,yonhap,2001-07-08,society,1,pending,,data\raw_lake\source_archive\source=yonhap\year=2001\month=07\part.jsonl
yonhap_20010709_all_p001,yonhap,2001-07-09,all,1,pending,,data\raw_lake\source_archive\source=yonhap\year=2001\month=07\part.jsonl
yonhap_20010709_politics_p001,yonhap,2001-07-09,politics,1,pending,,data\raw_lake\source_archive\source=yonhap\year=2001\month=07\part.jsonl
yonhap_20010709_economy_p001,yonhap,2001-07-09,economy,1,pending,,data\raw_lake\source_archive\source=yonhap\year=2001\month=07\part.jsonl
yonhap_20010709_society_p001,yonhap,2001-07-09,society,1,pending,,data\raw_lake\source_archive\source=yonhap\year=2001\month=07\part.jsonl
yonhap_20010710_all_p001,yonhap,2001-07-10,all,1,pending,,data\raw_lake\source_archive\source=yonhap\year=2001\month=07\part.jsonl
yonhap_20010710_politics_p001,yonhap,2001-07-10,politics,1,pending,,data\raw_lake\source_archive\source=yonhap\year=2001\month=07\part.jsonl
yonhap_20010710_economy_p001,yonhap,2001-07-10,economy,1,pending,,data\raw_lake\source_archive\source=yonhap\year=2001\month=07\part.jsonl
yonhap_20010710_society_p001,yonhap,2001-07-10,society,1,pending,,data\raw_lake\source_archive\source=yonhap\year=2001\month=07\part.jsonl
yonhap_20010711_all_p001,yonhap,2001-07-11,all,1,pending,,data\raw_lake\source_archive\source=yonhap\year=2001\month=07\part.jsonl
yonhap_20010711_politics_p001,yonhap,2001-07-11,politics,1,pending,,data\raw_lake\source_archive\source=yonhap\year=2001\month=07\part.jsonl
yonhap_20010711_economy_p001,yonhap,2001-07-11,economy,1,pending,,data\raw_lake\source_archive\source=yonhap\year=2001\month=07\part.jsonl
yonhap_20010711_society_p001,yonhap,2001-07-11,society,1,pending,,data\raw_lake\source_archive\source=yonhap\year=2001\month=07\part.jsonl
yonhap_20010712_all_p001,yonhap,2001-07-12,all,1,pending,,data\raw_lake\source_archive\source=yonhap\year=2001\month=07\part.jsonl
yonhap_20010712_politics_p001,yonhap,2001-07-12,politics,1,pending,,data\raw_lake\source_archive\source=yonhap\year=2001\month=07\part.jsonl
yonhap_20010712_economy_p001,yonhap,2001-07-12,economy,1,pending,,data\raw_lake\source_archive\source=yonhap\year=2001\month=07\part.jsonl
yonhap_20010712_society_p001,yonhap,2001-07-12,society,1,pending,,data\raw_lake\source_archive\source=yonhap\year=2001\month=07\part.jsonl
yonhap_20010713_all_p001,yonhap,2001-07-13,all,1,pending,,data\raw_lake\source_archive\source=yonhap\year=2001\month=07\part.jsonl
yonhap_20010713_politics_p001,yonhap,2001-07-13,politics,1,pending,,data\raw_lake\source_archive\source=yonhap\year=2001\month=07\part.jsonl
yonhap_20010713_economy_p001,yonhap,2001-07-13,economy,1,pending,,data\raw_lake\source_archive\source=yonhap\year=2001\month=07\part.jsonl
yonhap_20010713_society_p001,yonhap,2001-07-13,society,1,pending,,data\raw_lake\source_archive\source=yonhap\year=2001\month=07\part.jsonl
yonhap_20010714_all_p001,yonhap,2001-07-14,all,1,pending,,data\raw_lake\source_archive\source=yonhap\year=2001\month=07\part.jsonl
yonhap_20010714_politics_p001,yonhap,2001-07-14,politics,1,pending,,data\raw_lake\source_archive\source=yonhap\year=2001\month=07\part.jsonl
yonhap_20010714_economy_p001,yonhap,2001-07-14,economy,1,pending,,data\raw_lake\source_archive\source=yonhap\year=2001\month=07\part.jsonl
yonhap_20010714_society_p001,yonhap,2001-07-14,society,1,pending,,data\raw_lake\source_archive\source=yonhap\year=2001\month=07\part.jsonl
yonhap_20010715_all_p001,yonhap,2001-07-15,all,1,pending,,data\raw_lake\source_archive\source=yonhap\year=2001\month=07\part.jsonl
yonhap_20010715_politics_p001,yonhap,2001-07-15,politics,1,pending,,data\raw_lake\source_archive\source=yonhap\year=2001\month=07\part.jsonl
yonhap_20010715_economy_p001,yonhap,2001-07-15,economy,1,pending,,data\raw_lake\source_archive\source=yonhap\year=2001\month=07\part.jsonl
yonhap_20010715_society_p001,yonhap,2001-07-15,society,1,pending,,data\raw_lake\source_archive\source=yonhap\year=2001\month=07\part.jsonl
yonhap_20010716_all_p001,yonhap,2001-07-16,all,1,pending,,data\raw_lake\source_archive\source=yonhap\year=2001\month=07\part.jsonl
yonhap_20010716_politics_p001,yonhap,2001-07-16,politics,1,pending,,data\raw_lake\source_archive\source=yonhap\year=2001\month=07\part.jsonl
yonhap_20010716_economy_p001,yonhap,2001-07-16,economy,1,pending,,data\raw_lake\source_archive\source=yonhap\year=2001\month=07\part.jsonl
yonhap_20010716_society_p001,yonhap,2001-07-16,society,1,pending,,data\raw_lake\source_archive\source=yonhap\year=2001\month=07\part.jsonl
yonhap_20010717_all_p001,yonhap,2001-07-17,all,1,pending,,data\raw_lake\source_archive\source=yonhap\year=2001\month=07\part.jsonl
yonhap_20010717_politics_p001,yonhap,2001-07-17,politics,1,pending,,data\raw_lake\source_archive\source=yonhap\year=2001\month=07\part.jsonl
yonhap_20010717_economy_p001,yonhap,2001-07-17,economy,1,pending,,data\raw_lake\source_archive\source=yonhap\year=2001\month=07\part.jsonl
yonhap_20010717_society_p001,yonhap,2001-07-17,society,1,pending,,data\raw_lake\source_archive\source=yonhap\year=2001\month=07\part.jsonl
yonhap_20010718_all_p001,yonhap,2001-07-18,all,1,pending,,data\raw_lake\source_archive\source=yonhap\year=2001\month=07\part.jsonl
yonhap_20010718_politics_p001,yonhap,2001-07-18,politics,1,pending,,data\raw_lake\source_archive\source=yonhap\year=2001\month=07\part.jsonl
yonhap_20010718_economy_p001,yonhap,2001-07-18,economy,1,pending,,data\raw_lake\source_archive\source=yonhap\year=2001\month=07\part.jsonl
yonhap_20010718_society_p001,yonhap,2001-07-18,society,1,pending,,data\raw_lake\source_archive\source=yonhap\year=2001\month=07\part.jsonl
yonhap_20010719_all_p001,yonhap,2001-07-19,all,1,pending,,data\raw_lake\source_archive\source=yonhap\year=2001\month=07\part.jsonl
yonhap_20010719_politics_p001,yonhap,2001-07-19,politics,1,pending,,data\raw_lake\source_archive\source=yonhap\year=2001\month=07\part.jsonl
yonhap_20010719_economy_p001,yonhap,2001-07-19,economy,1,pending,,data\raw_lake\source_archive\source=yonhap\year=2001\month=07\part.jsonl
yonhap_20010719_society_p001,yonhap,2001-07-19,society,1,pending,,data\raw_lake\source_archive\source=yonhap\year=2001\month=07\part.jsonl
yonhap_20010720_all_p001,yonhap,2001-07-20,all,1,pending,,data\raw_lake\source_archive\source=yonhap\year=2001\month=07\part.jsonl
yonhap_20010720_politics_p001,yonhap,2001-07-20,politics,1,pending,,data\raw_lake\source_archive\source=yonhap\year=2001\month=07\part.jsonl
yonhap_20010720_economy_p001,yonhap,2001-07-20,economy,1,pending,,data\raw_lake\source_archive\source=yonhap\year=2001\month=07\part.jsonl
yonhap_20010720_society_p001,yonhap,2001-07-20,society,1,pending,,data\raw_lake\source_archive\source=yonhap\year=2001\month=07\part.jsonl
yonhap_20010721_all_p001,yonhap,2001-07-21,all,1,pending,,data\raw_lake\source_archive\source=yonhap\year=2001\month=07\part.jsonl
yonhap_20010721_politics_p001,yonhap,2001-07-21,politics,1,pending,,data\raw_lake\source_archive\source=yonhap\year=2001\month=07\part.jsonl
yonhap_20010721_economy_p001,yonhap,2001-07-21,economy,1,pending,,data\raw_lake\source_archive\source=yonhap\year=2001\month=07\part.jsonl
yonhap_20010721_society_p001,yonhap,2001-07-21,society,1,pending,,data\raw_lake\source_archive\source=yonhap\year=2001\month=07\part.jsonl
yonhap_20010722_all_p001,yonhap,2001-07-22,all,1,pending,,data\raw_lake\source_archive\source=yonhap\year=2001\month=07\part.jsonl
yonhap_20010722_politics_p001,yonhap,2001-07-22,politics,1,pending,,data\raw_lake\source_archive\source=yonhap\year=2001\month=07\part.jsonl
yonhap_20010722_economy_p001,yonhap,2001-07-22,economy,1,pending,,data\raw_lake\source_archive\source=yonhap\year=2001\month=07\part.jsonl
yonhap_20010722_society_p001,yonhap,2001-07-22,society,1,pending,,data\raw_lake\source_archive\source=yonhap\year=2001\month=07\part.jsonl
yonhap_20010723_all_p001,yonhap,2001-07-23,all,1,pending,,data\raw_lake\source_archive\source=yonhap\year=2001\month=07\part.jsonl
yonhap_20010723_politics_p001,yonhap,2001-07-23,politics,1,pending,,data\raw_lake\source_archive\source=yonhap\year=2001\month=07\part.jsonl
yonhap_20010723_economy_p001,yonhap,2001-07-23,economy,1,pending,,data\raw_lake\source_archive\source=yonhap\year=2001\month=07\part.jsonl
yonhap_20010723_society_p001,yonhap,2001-07-23,society,1,pending,,data\raw_lake\source_archive\source=yonhap\year=2001\month=07\part.jsonl
yonhap_20010724_all_p001,yonhap,2001-07-24,all,1,pending,,data\raw_lake\source_archive\source=yonhap\year=2001\month=07\part.jsonl
yonhap_20010724_politics_p001,yonhap,2001-07-24,politics,1,pending,,data\raw_lake\source_archive\source=yonhap\year=2001\month=07\part.jsonl
yonhap_20010724_economy_p001,yonhap,2001-07-24,economy,1,pending,,data\raw_lake\source_archive\source=yonhap\year=2001\month=07\part.jsonl
yonhap_20010724_society_p001,yonhap,2001-07-24,society,1,pending,,data\raw_lake\source_archive\source=yonhap\year=2001\month=07\part.jsonl
yonhap_20010725_all_p001,yonhap,2001-07-25,all,1,pending,,data\raw_lake\source_archive\source=yonhap\year=2001\month=07\part.jsonl
yonhap_20010725_politics_p001,yonhap,2001-07-25,politics,1,pending,,data\raw_lake\source_archive\source=yonhap\year=2001\month=07\part.jsonl
yonhap_20010725_economy_p001,yonhap,2001-07-25,economy,1,pending,,data\raw_lake\source_archive\source=yonhap\year=2001\month=07\part.jsonl
yonhap_20010725_society_p001,yonhap,2001-07-25,society,1,pending,,data\raw_lake\source_archive\source=yonhap\year=2001\month=07\part.jsonl
yonhap_20010726_all_p001,yonhap,2001-07-26,all,1,pending,,data\raw_lake\source_archive\source=yonhap\year=2001\month=07\part.jsonl
yonhap_20010726_politics_p001,yonhap,2001-07-26,politics,1,pending,,data\raw_lake\source_archive\source=yonhap\year=2001\month=07\part.jsonl
yonhap_20010726_economy_p001,yonhap,2001-07-26,economy,1,pending,,data\raw_lake\source_archive\source=yonhap\year=2001\month=07\part.jsonl
yonhap_20010726_society_p001,yonhap,2001-07-26,society,1,pending,,data\raw_lake\source_archive\source=yonhap\year=2001\month=07\part.jsonl
yonhap_20010727_all_p001,yonhap,2001-07-27,all,1,pending,,data\raw_lake\source_archive\source=yonhap\year=2001\month=07\part.jsonl
yonhap_20010727_politics_p001,yonhap,2001-07-27,politics,1,pending,,data\raw_lake\source_archive\source=yonhap\year=2001\month=07\part.jsonl
yonhap_20010727_economy_p001,yonhap,2001-07-27,economy,1,pending,,data\raw_lake\source_archive\source=yonhap\year=2001\month=07\part.jsonl
yonhap_20010727_society_p001,yonhap,2001-07-27,society,1,pending,,data\raw_lake\source_archive\source=yonhap\year=2001\month=07\part.jsonl
yonhap_20010728_all_p001,yonhap,2001-07-28,all,1,pending,,data\raw_lake\source_archive\source=yonhap\year=2001\month=07\part.jsonl
yonhap_20010728_politics_p001,yonhap,2001-07-28,politics,1,pending,,data\raw_lake\source_archive\source=yonhap\year=2001\month=07\part.jsonl
yonhap_20010728_economy_p001,yonhap,2001-07-28,economy,1,pending,,data\raw_lake\source_archive\source=yonhap\year=2001\month=07\part.jsonl
yonhap_20010728_society_p001,yonhap,2001-07-28,society,1,pending,,data\raw_lake\source_archive\source=yonhap\year=2001\month=07\part.jsonl
yonhap_20010729_all_p001,yonhap,2001-07-29,all,1,pending,,data\raw_lake\source_archive\source=yonhap\year=2001\month=07\part.jsonl
yonhap_20010729_politics_p001,yonhap,2001-07-29,politics,1,pending,,data\raw_lake\source_archive\source=yonhap\year=2001\month=07\part.jsonl
yonhap_20010729_economy_p001,yonhap,2001-07-29,economy,1,pending,,data\raw_lake\source_archive\source=yonhap\year=2001\month=07\part.jsonl
yonhap_20010729_society_p001,yonhap,2001-07-29,society,1,pending,,data\raw_lake\source_archive\source=yonhap\year=2001\month=07\part.jsonl
yonhap_20010730_all_p001,yonhap,2001-07-30,all,1,pending,,data\raw_lake\source_archive\source=yonhap\year=2001\month=07\part.jsonl
yonhap_20010730_politics_p001,yonhap,2001-07-30,politics,1,pending,,data\raw_lake\source_archive\source=yonhap\year=2001\month=07\part.jsonl
yonhap_20010730_economy_p001,yonhap,2001-07-30,economy,1,pending,,data\raw_lake\source_archive\source=yonhap\year=2001\month=07\part.jsonl
yonhap_20010730_society_p001,yonhap,2001-07-30,society,1,pending,,data\raw_lake\source_archive\source=yonhap\year=2001\month=07\part.jsonl
yonhap_20010731_all_p001,yonhap,2001-07-31,all,1,pending,,data\raw_lake\source_archive\source=yonhap\year=2001\month=07\part.jsonl
yonhap_20010731_politics_p001,yonhap,2001-07-31,politics,1,pending,,data\raw_lake\source_archive\source=yonhap\year=2001\month=07\part.jsonl
yonhap_20010731_economy_p001,yonhap,2001-07-31,economy,1,pending,,data\raw_lake\source_archive\source=yonhap\year=2001\month=07\part.jsonl
yonhap_20010731_society_p001,yonhap,2001-07-31,society,1,pending,,data\raw_lake\source_archive\source=yonhap\year=2001\month=07\part.jsonl
yonhap_20010801_all_p001,yonhap,2001-08-01,all,1,pending,,data\raw_lake\source_archive\source=yonhap\year=2001\month=08\part.jsonl
yonhap_20010801_politics_p001,yonhap,2001-08-01,politics,1,pending,,data\raw_lake\source_archive\source=yonhap\year=2001\month=08\part.jsonl
yonhap_20010801_economy_p001,yonhap,2001-08-01,economy,1,pending,,data\raw_lake\source_archive\source=yonhap\year=2001\month=08\part.jsonl
yonhap_20010801_society_p001,yonhap,2001-08-01,society,1,pending,,data\raw_lake\source_archive\source=yonhap\year=2001\month=08\part.jsonl
yonhap_20010802_all_p001,yonhap,2001-08-02,all,1,pending,,data\raw_lake\source_archive\source=yonhap\year=2001\month=08\part.jsonl
yonhap_20010802_politics_p001,yonhap,2001-08-02,politics,1,pending,,data\raw_lake\source_archive\source=yonhap\year=2001\month=08\part.jsonl
yonhap_20010802_economy_p001,yonhap,2001-08-02,economy,1,pending,,data\raw_lake\source_archive\source=yonhap\year=2001\month=08\part.jsonl
yonhap_20010802_society_p001,yonhap,2001-08-02,society,1,pending,,data\raw_lake\source_archive\source=yonhap\year=2001\month=08\part.jsonl
yonhap_20010803_all_p001,yonhap,2001-08-03,all,1,pending,,data\raw_lake\source_archive\source=yonhap\year=2001\month=08\part.jsonl
yonhap_20010803_politics_p001,yonhap,2001-08-03,politics,1,pending,,data\raw_lake\source_archive\source=yonhap\year=2001\month=08\part.jsonl
yonhap_20010803_economy_p001,yonhap,2001-08-03,economy,1,pending,,data\raw_lake\source_archive\source=yonhap\year=2001\month=08\part.jsonl
yonhap_20010803_society_p001,yonhap,2001-08-03,society,1,pending,,data\raw_lake\source_archive\source=yonhap\year=2001\month=08\part.jsonl
yonhap_20010804_all_p001,yonhap,2001-08-04,all,1,pending,,data\raw_lake\source_archive\source=yonhap\year=2001\month=08\part.jsonl
yonhap_20010804_politics_p001,yonhap,2001-08-04,politics,1,pending,,data\raw_lake\source_archive\source=yonhap\year=2001\month=08\part.jsonl
yonhap_20010804_economy_p001,yonhap,2001-08-04,economy,1,pending,,data\raw_lake\source_archive\source=yonhap\year=2001\month=08\part.jsonl
yonhap_20010804_society_p001,yonhap,2001-08-04,society,1,pending,,data\raw_lake\source_archive\source=yonhap\year=2001\month=08\part.jsonl
yonhap_20010805_all_p001,yonhap,2001-08-05,all,1,pending,,data\raw_lake\source_archive\source=yonhap\year=2001\month=08\part.jsonl
yonhap_20010805_politics_p001,yonhap,2001-08-05,politics,1,pending,,data\raw_lake\source_archive\source=yonhap\year=2001\month=08\part.jsonl
yonhap_20010805_economy_p001,yonhap,2001-08-05,economy,1,pending,,data\raw_lake\source_archive\source=yonhap\year=2001\month=08\part.jsonl
yonhap_20010805_society_p001,yonhap,2001-08-05,society,1,pending,,data\raw_lake\source_archive\source=yonhap\year=2001\month=08\part.jsonl
yonhap_20010806_all_p001,yonhap,2001-08-06,all,1,pending,,data\raw_lake\source_archive\source=yonhap\year=2001\month=08\part.jsonl
yonhap_20010806_politics_p001,yonhap,2001-08-06,politics,1,pending,,data\raw_lake\source_archive\source=yonhap\year=2001\month=08\part.jsonl
yonhap_20010806_economy_p001,yonhap,2001-08-06,economy,1,pending,,data\raw_lake\source_archive\source=yonhap\year=2001\month=08\part.jsonl
yonhap_20010806_society_p001,yonhap,2001-08-06,society,1,pending,,data\raw_lake\source_archive\source=yonhap\year=2001\month=08\part.jsonl
yonhap_20010807_all_p001,yonhap,2001-08-07,all,1,pending,,data\raw_lake\source_archive\source=yonhap\year=2001\month=08\part.jsonl
yonhap_20010807_politics_p001,yonhap,2001-08-07,politics,1,pending,,data\raw_lake\source_archive\source=yonhap\year=2001\month=08\part.jsonl
yonhap_20010807_economy_p001,yonhap,2001-08-07,economy,1,pending,,data\raw_lake\source_archive\source=yonhap\year=2001\month=08\part.jsonl
yonhap_20010807_society_p001,yonhap,2001-08-07,society,1,pending,,data\raw_lake\source_archive\source=yonhap\year=2001\month=08\part.jsonl
yonhap_20010808_all_p001,yonhap,2001-08-08,all,1,pending,,data\raw_lake\source_archive\source=yonhap\year=2001\month=08\part.jsonl
yonhap_20010808_politics_p001,yonhap,2001-08-08,politics,1,pending,,data\raw_lake\source_archive\source=yonhap\year=2001\month=08\part.jsonl
yonhap_20010808_economy_p001,yonhap,2001-08-08,economy,1,pending,,data\raw_lake\source_archive\source=yonhap\year=2001\month=08\part.jsonl
yonhap_20010808_society_p001,yonhap,2001-08-08,society,1,pending,,data\raw_lake\source_archive\source=yonhap\year=2001\month=08\part.jsonl
yonhap_20010809_all_p001,yonhap,2001-08-09,all,1,pending,,data\raw_lake\source_archive\source=yonhap\year=2001\month=08\part.jsonl
yonhap_20010809_politics_p001,yonhap,2001-08-09,politics,1,pending,,data\raw_lake\source_archive\source=yonhap\year=2001\month=08\part.jsonl
yonhap_20010809_economy_p001,yonhap,2001-08-09,economy,1,pending,,data\raw_lake\source_archive\source=yonhap\year=2001\month=08\part.jsonl
yonhap_20010809_society_p001,yonhap,2001-08-09,society,1,pending,,data\raw_lake\source_archive\source=yonhap\year=2001\month=08\part.jsonl
yonhap_20010810_all_p001,yonhap,2001-08-10,all,1,pending,,data\raw_lake\source_archive\source=yonhap\year=2001\month=08\part.jsonl
yonhap_20010810_politics_p001,yonhap,2001-08-10,politics,1,pending,,data\raw_lake\source_archive\source=yonhap\year=2001\month=08\part.jsonl
yonhap_20010810_economy_p001,yonhap,2001-08-10,economy,1,pending,,data\raw_lake\source_archive\source=yonhap\year=2001\month=08\part.jsonl
yonhap_20010810_society_p001,yonhap,2001-08-10,society,1,pending,,data\raw_lake\source_archive\source=yonhap\year=2001\month=08\part.jsonl
yonhap_20010811_all_p001,yonhap,2001-08-11,all,1,pending,,data\raw_lake\source_archive\source=yonhap\year=2001\month=08\part.jsonl
yonhap_20010811_politics_p001,yonhap,2001-08-11,politics,1,pending,,data\raw_lake\source_archive\source=yonhap\year=2001\month=08\part.jsonl
yonhap_20010811_economy_p001,yonhap,2001-08-11,economy,1,pending,,data\raw_lake\source_archive\source=yonhap\year=2001\month=08\part.jsonl
yonhap_20010811_society_p001,yonhap,2001-08-11,society,1,pending,,data\raw_lake\source_archive\source=yonhap\year=2001\month=08\part.jsonl
yonhap_20010812_all_p001,yonhap,2001-08-12,all,1,pending,,data\raw_lake\source_archive\source=yonhap\year=2001\month=08\part.jsonl
yonhap_20010812_politics_p001,yonhap,2001-08-12,politics,1,pending,,data\raw_lake\source_archive\source=yonhap\year=2001\month=08\part.jsonl
yonhap_20010812_economy_p001,yonhap,2001-08-12,economy,1,pending,,data\raw_lake\source_archive\source=yonhap\year=2001\month=08\part.jsonl
yonhap_20010812_society_p001,yonhap,2001-08-12,society,1,pending,,data\raw_lake\source_archive\source=yonhap\year=2001\month=08\part.jsonl
yonhap_20010813_all_p001,yonhap,2001-08-13,all,1,pending,,data\raw_lake\source_archive\source=yonhap\year=2001\month=08\part.jsonl
yonhap_20010813_politics_p001,yonhap,2001-08-13,politics,1,pending,,data\raw_lake\source_archive\source=yonhap\year=2001\month=08\part.jsonl
yonhap_20010813_economy_p001,yonhap,2001-08-13,economy,1,pending,,data\raw_lake\source_archive\source=yonhap\year=2001\month=08\part.jsonl
yonhap_20010813_society_p001,yonhap,2001-08-13,society,1,pending,,data\raw_lake\source_archive\source=yonhap\year=2001\month=08\part.jsonl
yonhap_20010814_all_p001,yonhap,2001-08-14,all,1,pending,,data\raw_lake\source_archive\source=yonhap\year=2001\month=08\part.jsonl
yonhap_20010814_politics_p001,yonhap,2001-08-14,politics,1,pending,,data\raw_lake\source_archive\source=yonhap\year=2001\month=08\part.jsonl
yonhap_20010814_economy_p001,yonhap,2001-08-14,economy,1,pending,,data\raw_lake\source_archive\source=yonhap\year=2001\month=08\part.jsonl
yonhap_20010814_society_p001,yonhap,2001-08-14,society,1,pending,,data\raw_lake\source_archive\source=yonhap\year=2001\month=08\part.jsonl
yonhap_20010815_all_p001,yonhap,2001-08-15,all,1,pending,,data\raw_lake\source_archive\source=yonhap\year=2001\month=08\part.jsonl
yonhap_20010815_politics_p001,yonhap,2001-08-15,politics,1,pending,,data\raw_lake\source_archive\source=yonhap\year=2001\month=08\part.jsonl
yonhap_20010815_economy_p001,yonhap,2001-08-15,economy,1,pending,,data\raw_lake\source_archive\source=yonhap\year=2001\month=08\part.jsonl
yonhap_20010815_society_p001,yonhap,2001-08-15,society,1,pending,,data\raw_lake\source_archive\source=yonhap\year=2001\month=08\part.jsonl
yonhap_20010816_all_p001,yonhap,2001-08-16,all,1,pending,,data\raw_lake\source_archive\source=yonhap\year=2001\month=08\part.jsonl
yonhap_20010816_politics_p001,yonhap,2001-08-16,politics,1,pending,,data\raw_lake\source_archive\source=yonhap\year=2001\month=08\part.jsonl
yonhap_20010816_economy_p001,yonhap,2001-08-16,economy,1,pending,,data\raw_lake\source_archive\source=yonhap\year=2001\month=08\part.jsonl
yonhap_20010816_society_p001,yonhap,2001-08-16,society,1,pending,,data\raw_lake\source_archive\source=yonhap\year=2001\month=08\part.jsonl
yonhap_20010817_all_p001,yonhap,2001-08-17,all,1,pending,,data\raw_lake\source_archive\source=yonhap\year=2001\month=08\part.jsonl
yonhap_20010817_politics_p001,yonhap,2001-08-17,politics,1,pending,,data\raw_lake\source_archive\source=yonhap\year=2001\month=08\part.jsonl
yonhap_20010817_economy_p001,yonhap,2001-08-17,economy,1,pending,,data\raw_lake\source_archive\source=yonhap\year=2001\month=08\part.jsonl
yonhap_20010817_society_p001,yonhap,2001-08-17,society,1,pending,,data\raw_lake\source_archive\source=yonhap\year=2001\month=08\part.jsonl
yonhap_20010818_all_p001,yonhap,2001-08-18,all,1,pending,,data\raw_lake\source_archive\source=yonhap\year=2001\month=08\part.jsonl
yonhap_20010818_politics_p001,yonhap,2001-08-18,politics,1,pending,,data\raw_lake\source_archive\source=yonhap\year=2001\month=08\part.jsonl
yonhap_20010818_economy_p001,yonhap,2001-08-18,economy,1,pending,,data\raw_lake\source_archive\source=yonhap\year=2001\month=08\part.jsonl
yonhap_20010818_society_p001,yonhap,2001-08-18,society,1,pending,,data\raw_lake\source_archive\source=yonhap\year=2001\month=08\part.jsonl
yonhap_20010819_all_p001,yonhap,2001-08-19,all,1,pending,,data\raw_lake\source_archive\source=yonhap\year=2001\month=08\part.jsonl
yonhap_20010819_politics_p001,yonhap,2001-08-19,politics,1,pending,,data\raw_lake\source_archive\source=yonhap\year=2001\month=08\part.jsonl
yonhap_20010819_economy_p001,yonhap,2001-08-19,economy,1,pending,,data\raw_lake\source_archive\source=yonhap\year=2001\month=08\part.jsonl
yonhap_20010819_society_p001,yonhap,2001-08-19,society,1,pending,,data\raw_lake\source_archive\source=yonhap\year=2001\month=08\part.jsonl
yonhap_20010820_all_p001,yonhap,2001-08-20,all,1,pending,,data\raw_lake\source_archive\source=yonhap\year=2001\month=08\part.jsonl
yonhap_20010820_politics_p001,yonhap,2001-08-20,politics,1,pending,,data\raw_lake\source_archive\source=yonhap\year=2001\month=08\part.jsonl
yonhap_20010820_economy_p001,yonhap,2001-08-20,economy,1,pending,,data\raw_lake\source_archive\source=yonhap\year=2001\month=08\part.jsonl
yonhap_20010820_society_p001,yonhap,2001-08-20,society,1,pending,,data\raw_lake\source_archive\source=yonhap\year=2001\month=08\part.jsonl
yonhap_20010821_all_p001,yonhap,2001-08-21,all,1,pending,,data\raw_lake\source_archive\source=yonhap\year=2001\month=08\part.jsonl
yonhap_20010821_politics_p001,yonhap,2001-08-21,politics,1,pending,,data\raw_lake\source_archive\source=yonhap\year=2001\month=08\part.jsonl
yonhap_20010821_economy_p001,yonhap,2001-08-21,economy,1,pending,,data\raw_lake\source_archive\source=yonhap\year=2001\month=08\part.jsonl
yonhap_20010821_society_p001,yonhap,2001-08-21,society,1,pending,,data\raw_lake\source_archive\source=yonhap\year=2001\month=08\part.jsonl
yonhap_20010822_all_p001,yonhap,2001-08-22,all,1,pending,,data\raw_lake\source_archive\source=yonhap\year=2001\month=08\part.jsonl
yonhap_20010822_politics_p001,yonhap,2001-08-22,politics,1,pending,,data\raw_lake\source_archive\source=yonhap\year=2001\month=08\part.jsonl
yonhap_20010822_economy_p001,yonhap,2001-08-22,economy,1,pending,,data\raw_lake\source_archive\source=yonhap\year=2001\month=08\part.jsonl
yonhap_20010822_society_p001,yonhap,2001-08-22,society,1,pending,,data\raw_lake\source_archive\source=yonhap\year=2001\month=08\part.jsonl
yonhap_20010823_all_p001,yonhap,2001-08-23,all,1,pending,,data\raw_lake\source_archive\source=yonhap\year=2001\month=08\part.jsonl
yonhap_20010823_politics_p001,yonhap,2001-08-23,politics,1,pending,,data\raw_lake\source_archive\source=yonhap\year=2001\month=08\part.jsonl
yonhap_20010823_economy_p001,yonhap,2001-08-23,economy,1,pending,,data\raw_lake\source_archive\source=yonhap\year=2001\month=08\part.jsonl
yonhap_20010823_society_p001,yonhap,2001-08-23,society,1,pending,,data\raw_lake\source_archive\source=yonhap\year=2001\month=08\part.jsonl
yonhap_20010824_all_p001,yonhap,2001-08-24,all,1,pending,,data\raw_lake\source_archive\source=yonhap\year=2001\month=08\part.jsonl
yonhap_20010824_politics_p001,yonhap,2001-08-24,politics,1,pending,,data\raw_lake\source_archive\source=yonhap\year=2001\month=08\part.jsonl
yonhap_20010824_economy_p001,yonhap,2001-08-24,economy,1,pending,,data\raw_lake\source_archive\source=yonhap\year=2001\month=08\part.jsonl
yonhap_20010824_society_p001,yonhap,2001-08-24,society,1,pending,,data\raw_lake\source_archive\source=yonhap\year=2001\month=08\part.jsonl
yonhap_20010825_all_p001,yonhap,2001-08-25,all,1,pending,,data\raw_lake\source_archive\source=yonhap\year=2001\month=08\part.jsonl
yonhap_20010825_politics_p001,yonhap,2001-08-25,politics,1,pending,,data\raw_lake\source_archive\source=yonhap\year=2001\month=08\part.jsonl
yonhap_20010825_economy_p001,yonhap,2001-08-25,economy,1,pending,,data\raw_lake\source_archive\source=yonhap\year=2001\month=08\part.jsonl
yonhap_20010825_society_p001,yonhap,2001-08-25,society,1,pending,,data\raw_lake\source_archive\source=yonhap\year=2001\month=08\part.jsonl
yonhap_20010826_all_p001,yonhap,2001-08-26,all,1,pending,,data\raw_lake\source_archive\source=yonhap\year=2001\month=08\part.jsonl
yonhap_20010826_politics_p001,yonhap,2001-08-26,politics,1,pending,,data\raw_lake\source_archive\source=yonhap\year=2001\month=08\part.jsonl
yonhap_20010826_economy_p001,yonhap,2001-08-26,economy,1,pending,,data\raw_lake\source_archive\source=yonhap\year=2001\month=08\part.jsonl
yonhap_20010826_society_p001,yonhap,2001-08-26,society,1,pending,,data\raw_lake\source_archive\source=yonhap\year=2001\month=08\part.jsonl
yonhap_20010827_all_p001,yonhap,2001-08-27,all,1,pending,,data\raw_lake\source_archive\source=yonhap\year=2001\month=08\part.jsonl
yonhap_20010827_politics_p001,yonhap,2001-08-27,politics,1,pending,,data\raw_lake\source_archive\source=yonhap\year=2001\month=08\part.jsonl
yonhap_20010827_economy_p001,yonhap,2001-08-27,economy,1,pending,,data\raw_lake\source_archive\source=yonhap\year=2001\month=08\part.jsonl
yonhap_20010827_society_p001,yonhap,2001-08-27,society,1,pending,,data\raw_lake\source_archive\source=yonhap\year=2001\month=08\part.jsonl
yonhap_20010828_all_p001,yonhap,2001-08-28,all,1,pending,,data\raw_lake\source_archive\source=yonhap\year=2001\month=08\part.jsonl
yonhap_20010828_politics_p001,yonhap,2001-08-28,politics,1,pending,,data\raw_lake\source_archive\source=yonhap\year=2001\month=08\part.jsonl
yonhap_20010828_economy_p001,yonhap,2001-08-28,economy,1,pending,,data\raw_lake\source_archive\source=yonhap\year=2001\month=08\part.jsonl
yonhap_20010828_society_p001,yonhap,2001-08-28,society,1,pending,,data\raw_lake\source_archive\source=yonhap\year=2001\month=08\part.jsonl
yonhap_20010829_all_p001,yonhap,2001-08-29,all,1,pending,,data\raw_lake\source_archive\source=yonhap\year=2001\month=08\part.jsonl
yonhap_20010829_politics_p001,yonhap,2001-08-29,politics,1,pending,,data\raw_lake\source_archive\source=yonhap\year=2001\month=08\part.jsonl
yonhap_20010829_economy_p001,yonhap,2001-08-29,economy,1,pending,,data\raw_lake\source_archive\source=yonhap\year=2001\month=08\part.jsonl
yonhap_20010829_society_p001,yonhap,2001-08-29,society,1,pending,,data\raw_lake\source_archive\source=yonhap\year=2001\month=08\part.jsonl
yonhap_20010830_all_p001,yonhap,2001-08-30,all,1,pending,,data\raw_lake\source_archive\source=yonhap\year=2001\month=08\part.jsonl
yonhap_20010830_politics_p001,yonhap,2001-08-30,politics,1,pending,,data\raw_lake\source_archive\source=yonhap\year=2001\month=08\part.jsonl
yonhap_20010830_economy_p001,yonhap,2001-08-30,economy,1,pending,,data\raw_lake\source_archive\source=yonhap\year=2001\month=08\part.jsonl
yonhap_20010830_society_p001,yonhap,2001-08-30,society,1,pending,,data\raw_lake\source_archive\source=yonhap\year=2001\month=08\part.jsonl
yonhap_20010831_all_p001,yonhap,2001-08-31,all,1,pending,,data\raw_lake\source_archive\source=yonhap\year=2001\month=08\part.jsonl
yonhap_20010831_politics_p001,yonhap,2001-08-31,politics,1,pending,,data\raw_lake\source_archive\source=yonhap\year=2001\month=08\part.jsonl
yonhap_20010831_economy_p001,yonhap,2001-08-31,economy,1,pending,,data\raw_lake\source_archive\source=yonhap\year=2001\month=08\part.jsonl
yonhap_20010831_society_p001,yonhap,2001-08-31,society,1,pending,,data\raw_lake\source_archive\source=yonhap\year=2001\month=08\part.jsonl
yonhap_20010901_all_p001,yonhap,2001-09-01,all,1,pending,,data\raw_lake\source_archive\source=yonhap\year=2001\month=09\part.jsonl
yonhap_20010901_politics_p001,yonhap,2001-09-01,politics,1,pending,,data\raw_lake\source_archive\source=yonhap\year=2001\month=09\part.jsonl
yonhap_20010901_economy_p001,yonhap,2001-09-01,economy,1,pending,,data\raw_lake\source_archive\source=yonhap\year=2001\month=09\part.jsonl
yonhap_20010901_society_p001,yonhap,2001-09-01,society,1,pending,,data\raw_lake\source_archive\source=yonhap\year=2001\month=09\part.jsonl
yonhap_20010902_all_p001,yonhap,2001-09-02,all,1,pending,,data\raw_lake\source_archive\source=yonhap\year=2001\month=09\part.jsonl
yonhap_20010902_politics_p001,yonhap,2001-09-02,politics,1,pending,,data\raw_lake\source_archive\source=yonhap\year=2001\month=09\part.jsonl
yonhap_20010902_economy_p001,yonhap,2001-09-02,economy,1,pending,,data\raw_lake\source_archive\source=yonhap\year=2001\month=09\part.jsonl
yonhap_20010902_society_p001,yonhap,2001-09-02,society,1,pending,,data\raw_lake\source_archive\source=yonhap\year=2001\month=09\part.jsonl
yonhap_20010903_all_p001,yonhap,2001-09-03,all,1,pending,,data\raw_lake\source_archive\source=yonhap\year=2001\month=09\part.jsonl
yonhap_20010903_politics_p001,yonhap,2001-09-03,politics,1,pending,,data\raw_lake\source_archive\source=yonhap\year=2001\month=09\part.jsonl
yonhap_20010903_economy_p001,yonhap,2001-09-03,economy,1,pending,,data\raw_lake\source_archive\source=yonhap\year=2001\month=09\part.jsonl
yonhap_20010903_society_p001,yonhap,2001-09-03,society,1,pending,,data\raw_lake\source_archive\source=yonhap\year=2001\month=09\part.jsonl
yonhap_20010904_all_p001,yonhap,2001-09-04,all,1,pending,,data\raw_lake\source_archive\source=yonhap\year=2001\month=09\part.jsonl
yonhap_20010904_politics_p001,yonhap,2001-09-04,politics,1,pending,,data\raw_lake\source_archive\source=yonhap\year=2001\month=09\part.jsonl
yonhap_20010904_economy_p001,yonhap,2001-09-04,economy,1,pending,,data\raw_lake\source_archive\source=yonhap\year=2001\month=09\part.jsonl
yonhap_20010904_society_p001,yonhap,2001-09-04,society,1,pending,,data\raw_lake\source_archive\source=yonhap\year=2001\month=09\part.jsonl
yonhap_20010905_all_p001,yonhap,2001-09-05,all,1,pending,,data\raw_lake\source_archive\source=yonhap\year=2001\month=09\part.jsonl
yonhap_20010905_politics_p001,yonhap,2001-09-05,politics,1,pending,,data\raw_lake\source_archive\source=yonhap\year=2001\month=09\part.jsonl
yonhap_20010905_economy_p001,yonhap,2001-09-05,economy,1,pending,,data\raw_lake\source_archive\source=yonhap\year=2001\month=09\part.jsonl
yonhap_20010905_society_p001,yonhap,2001-09-05,society,1,pending,,data\raw_lake\source_archive\source=yonhap\year=2001\month=09\part.jsonl
yonhap_20010906_all_p001,yonhap,2001-09-06,all,1,pending,,data\raw_lake\source_archive\source=yonhap\year=2001\month=09\part.jsonl
yonhap_20010906_politics_p001,yonhap,2001-09-06,politics,1,pending,,data\raw_lake\source_archive\source=yonhap\year=2001\month=09\part.jsonl
yonhap_20010906_economy_p001,yonhap,2001-09-06,economy,1,pending,,data\raw_lake\source_archive\source=yonhap\year=2001\month=09\part.jsonl
yonhap_20010906_society_p001,yonhap,2001-09-06,society,1,pending,,data\raw_lake\source_archive\source=yonhap\year=2001\month=09\part.jsonl
yonhap_20010907_all_p001,yonhap,2001-09-07,all,1,pending,,data\raw_lake\source_archive\source=yonhap\year=2001\month=09\part.jsonl
yonhap_20010907_politics_p001,yonhap,2001-09-07,politics,1,pending,,data\raw_lake\source_archive\source=yonhap\year=2001\month=09\part.jsonl
yonhap_20010907_economy_p001,yonhap,2001-09-07,economy,1,pending,,data\raw_lake\source_archive\source=yonhap\year=2001\month=09\part.jsonl
yonhap_20010907_society_p001,yonhap,2001-09-07,society,1,pending,,data\raw_lake\source_archive\source=yonhap\year=2001\month=09\part.jsonl
yonhap_20010908_all_p001,yonhap,2001-09-08,all,1,pending,,data\raw_lake\source_archive\source=yonhap\year=2001\month=09\part.jsonl
yonhap_20010908_politics_p001,yonhap,2001-09-08,politics,1,pending,,data\raw_lake\source_archive\source=yonhap\year=2001\month=09\part.jsonl
yonhap_20010908_economy_p001,yonhap,2001-09-08,economy,1,pending,,data\raw_lake\source_archive\source=yonhap\year=2001\month=09\part.jsonl
yonhap_20010908_society_p001,yonhap,2001-09-08,society,1,pending,,data\raw_lake\source_archive\source=yonhap\year=2001\month=09\part.jsonl
yonhap_20010909_all_p001,yonhap,2001-09-09,all,1,pending,,data\raw_lake\source_archive\source=yonhap\year=2001\month=09\part.jsonl
yonhap_20010909_politics_p001,yonhap,2001-09-09,politics,1,pending,,data\raw_lake\source_archive\source=yonhap\year=2001\month=09\part.jsonl
yonhap_20010909_economy_p001,yonhap,2001-09-09,economy,1,pending,,data\raw_lake\source_archive\source=yonhap\year=2001\month=09\part.jsonl
yonhap_20010909_society_p001,yonhap,2001-09-09,society,1,pending,,data\raw_lake\source_archive\source=yonhap\year=2001\month=09\part.jsonl
yonhap_20010910_all_p001,yonhap,2001-09-10,all,1,pending,,data\raw_lake\source_archive\source=yonhap\year=2001\month=09\part.jsonl
yonhap_20010910_politics_p001,yonhap,2001-09-10,politics,1,pending,,data\raw_lake\source_archive\source=yonhap\year=2001\month=09\part.jsonl
yonhap_20010910_economy_p001,yonhap,2001-09-10,economy,1,pending,,data\raw_lake\source_archive\source=yonhap\year=2001\month=09\part.jsonl
yonhap_20010910_society_p001,yonhap,2001-09-10,society,1,pending,,data\raw_lake\source_archive\source=yonhap\year=2001\month=09\part.jsonl
yonhap_20010911_all_p001,yonhap,2001-09-11,all,1,pending,,data\raw_lake\source_archive\source=yonhap\year=2001\month=09\part.jsonl
yonhap_20010911_politics_p001,yonhap,2001-09-11,politics,1,pending,,data\raw_lake\source_archive\source=yonhap\year=2001\month=09\part.jsonl
yonhap_20010911_economy_p001,yonhap,2001-09-11,economy,1,pending,,data\raw_lake\source_archive\source=yonhap\year=2001\month=09\part.jsonl
yonhap_20010911_society_p001,yonhap,2001-09-11,society,1,pending,,data\raw_lake\source_archive\source=yonhap\year=2001\month=09\part.jsonl
yonhap_20010912_all_p001,yonhap,2001-09-12,all,1,pending,,data\raw_lake\source_archive\source=yonhap\year=2001\month=09\part.jsonl
yonhap_20010912_politics_p001,yonhap,2001-09-12,politics,1,pending,,data\raw_lake\source_archive\source=yonhap\year=2001\month=09\part.jsonl
yonhap_20010912_economy_p001,yonhap,2001-09-12,economy,1,pending,,data\raw_lake\source_archive\source=yonhap\year=2001\month=09\part.jsonl
yonhap_20010912_society_p001,yonhap,2001-09-12,society,1,pending,,data\raw_lake\source_archive\source=yonhap\year=2001\month=09\part.jsonl
yonhap_20010913_all_p001,yonhap,2001-09-13,all,1,pending,,data\raw_lake\source_archive\source=yonhap\year=2001\month=09\part.jsonl
yonhap_20010913_politics_p001,yonhap,2001-09-13,politics,1,pending,,data\raw_lake\source_archive\source=yonhap\year=2001\month=09\part.jsonl
yonhap_20010913_economy_p001,yonhap,2001-09-13,economy,1,pending,,data\raw_lake\source_archive\source=yonhap\year=2001\month=09\part.jsonl
yonhap_20010913_society_p001,yonhap,2001-09-13,society,1,pending,,data\raw_lake\source_archive\source=yonhap\year=2001\month=09\part.jsonl
yonhap_20010914_all_p001,yonhap,2001-09-14,all,1,pending,,data\raw_lake\source_archive\source=yonhap\year=2001\month=09\part.jsonl
yonhap_20010914_politics_p001,yonhap,2001-09-14,politics,1,pending,,data\raw_lake\source_archive\source=yonhap\year=2001\month=09\part.jsonl
yonhap_20010914_economy_p001,yonhap,2001-09-14,economy,1,pending,,data\raw_lake\source_archive\source=yonhap\year=2001\month=09\part.jsonl
yonhap_20010914_society_p001,yonhap,2001-09-14,society,1,pending,,data\raw_lake\source_archive\source=yonhap\year=2001\month=09\part.jsonl
yonhap_20010915_all_p001,yonhap,2001-09-15,all,1,pending,,data\raw_lake\source_archive\source=yonhap\year=2001\month=09\part.jsonl
yonhap_20010915_politics_p001,yonhap,2001-09-15,politics,1,pending,,data\raw_lake\source_archive\source=yonhap\year=2001\month=09\part.jsonl
yonhap_20010915_economy_p001,yonhap,2001-09-15,economy,1,pending,,data\raw_lake\source_archive\source=yonhap\year=2001\month=09\part.jsonl
yonhap_20010915_society_p001,yonhap,2001-09-15,society,1,pending,,data\raw_lake\source_archive\source=yonhap\year=2001\month=09\part.jsonl
yonhap_20010916_all_p001,yonhap,2001-09-16,all,1,pending,,data\raw_lake\source_archive\source=yonhap\year=2001\month=09\part.jsonl
yonhap_20010916_politics_p001,yonhap,2001-09-16,politics,1,pending,,data\raw_lake\source_archive\source=yonhap\year=2001\month=09\part.jsonl
yonhap_20010916_economy_p001,yonhap,2001-09-16,economy,1,pending,,data\raw_lake\source_archive\source=yonhap\year=2001\month=09\part.jsonl
yonhap_20010916_society_p001,yonhap,2001-09-16,society,1,pending,,data\raw_lake\source_archive\source=yonhap\year=2001\month=09\part.jsonl
yonhap_20010917_all_p001,yonhap,2001-09-17,all,1,pending,,data\raw_lake\source_archive\source=yonhap\year=2001\month=09\part.jsonl
yonhap_20010917_politics_p001,yonhap,2001-09-17,politics,1,pending,,data\raw_lake\source_archive\source=yonhap\year=2001\month=09\part.jsonl
yonhap_20010917_economy_p001,yonhap,2001-09-17,economy,1,pending,,data\raw_lake\source_archive\source=yonhap\year=2001\month=09\part.jsonl
yonhap_20010917_society_p001,yonhap,2001-09-17,society,1,pending,,data\raw_lake\source_archive\source=yonhap\year=2001\month=09\part.jsonl
yonhap_20010918_all_p001,yonhap,2001-09-18,all,1,pending,,data\raw_lake\source_archive\source=yonhap\year=2001\month=09\part.jsonl
yonhap_20010918_politics_p001,yonhap,2001-09-18,politics,1,pending,,data\raw_lake\source_archive\source=yonhap\year=2001\month=09\part.jsonl
yonhap_20010918_economy_p001,yonhap,2001-09-18,economy,1,pending,,data\raw_lake\source_archive\source=yonhap\year=2001\month=09\part.jsonl
yonhap_20010918_society_p001,yonhap,2001-09-18,society,1,pending,,data\raw_lake\source_archive\source=yonhap\year=2001\month=09\part.jsonl
yonhap_20010919_all_p001,yonhap,2001-09-19,all,1,pending,,data\raw_lake\source_archive\source=yonhap\year=2001\month=09\part.jsonl
yonhap_20010919_politics_p001,yonhap,2001-09-19,politics,1,pending,,data\raw_lake\source_archive\source=yonhap\year=2001\month=09\part.jsonl
yonhap_20010919_economy_p001,yonhap,2001-09-19,economy,1,pending,,data\raw_lake\source_archive\source=yonhap\year=2001\month=09\part.jsonl
yonhap_20010919_society_p001,yonhap,2001-09-19,society,1,pending,,data\raw_lake\source_archive\source=yonhap\year=2001\month=09\part.jsonl
yonhap_20010920_all_p001,yonhap,2001-09-20,all,1,pending,,data\raw_lake\source_archive\source=yonhap\year=2001\month=09\part.jsonl
yonhap_20010920_politics_p001,yonhap,2001-09-20,politics,1,pending,,data\raw_lake\source_archive\source=yonhap\year=2001\month=09\part.jsonl
yonhap_20010920_economy_p001,yonhap,2001-09-20,economy,1,pending,,data\raw_lake\source_archive\source=yonhap\year=2001\month=09\part.jsonl
yonhap_20010920_society_p001,yonhap,2001-09-20,society,1,pending,,data\raw_lake\source_archive\source=yonhap\year=2001\month=09\part.jsonl
yonhap_20010921_all_p001,yonhap,2001-09-21,all,1,pending,,data\raw_lake\source_archive\source=yonhap\year=2001\month=09\part.jsonl
yonhap_20010921_politics_p001,yonhap,2001-09-21,politics,1,pending,,data\raw_lake\source_archive\source=yonhap\year=2001\month=09\part.jsonl
yonhap_20010921_economy_p001,yonhap,2001-09-21,economy,1,pending,,data\raw_lake\source_archive\source=yonhap\year=2001\month=09\part.jsonl
yonhap_20010921_society_p001,yonhap,2001-09-21,society,1,pending,,data\raw_lake\source_archive\source=yonhap\year=2001\month=09\part.jsonl
yonhap_20010922_all_p001,yonhap,2001-09-22,all,1,pending,,data\raw_lake\source_archive\source=yonhap\year=2001\month=09\part.jsonl
yonhap_20010922_politics_p001,yonhap,2001-09-22,politics,1,pending,,data\raw_lake\source_archive\source=yonhap\year=2001\month=09\part.jsonl
yonhap_20010922_economy_p001,yonhap,2001-09-22,economy,1,pending,,data\raw_lake\source_archive\source=yonhap\year=2001\month=09\part.jsonl
yonhap_20010922_society_p001,yonhap,2001-09-22,society,1,pending,,data\raw_lake\source_archive\source=yonhap\year=2001\month=09\part.jsonl
yonhap_20010923_all_p001,yonhap,2001-09-23,all,1,pending,,data\raw_lake\source_archive\source=yonhap\year=2001\month=09\part.jsonl
yonhap_20010923_politics_p001,yonhap,2001-09-23,politics,1,pending,,data\raw_lake\source_archive\source=yonhap\year=2001\month=09\part.jsonl
yonhap_20010923_economy_p001,yonhap,2001-09-23,economy,1,pending,,data\raw_lake\source_archive\source=yonhap\year=2001\month=09\part.jsonl
yonhap_20010923_society_p001,yonhap,2001-09-23,society,1,pending,,data\raw_lake\source_archive\source=yonhap\year=2001\month=09\part.jsonl
yonhap_20010924_all_p001,yonhap,2001-09-24,all,1,pending,,data\raw_lake\source_archive\source=yonhap\year=2001\month=09\part.jsonl
yonhap_20010924_politics_p001,yonhap,2001-09-24,politics,1,pending,,data\raw_lake\source_archive\source=yonhap\year=2001\month=09\part.jsonl
yonhap_20010924_economy_p001,yonhap,2001-09-24,economy,1,pending,,data\raw_lake\source_archive\source=yonhap\year=2001\month=09\part.jsonl
yonhap_20010924_society_p001,yonhap,2001-09-24,society,1,pending,,data\raw_lake\source_archive\source=yonhap\year=2001\month=09\part.jsonl
yonhap_20010925_all_p001,yonhap,2001-09-25,all,1,pending,,data\raw_lake\source_archive\source=yonhap\year=2001\month=09\part.jsonl
yonhap_20010925_politics_p001,yonhap,2001-09-25,politics,1,pending,,data\raw_lake\source_archive\source=yonhap\year=2001\month=09\part.jsonl
yonhap_20010925_economy_p001,yonhap,2001-09-25,economy,1,pending,,data\raw_lake\source_archive\source=yonhap\year=2001\month=09\part.jsonl
yonhap_20010925_society_p001,yonhap,2001-09-25,society,1,pending,,data\raw_lake\source_archive\source=yonhap\year=2001\month=09\part.jsonl
yonhap_20010926_all_p001,yonhap,2001-09-26,all,1,pending,,data\raw_lake\source_archive\source=yonhap\year=2001\month=09\part.jsonl
yonhap_20010926_politics_p001,yonhap,2001-09-26,politics,1,pending,,data\raw_lake\source_archive\source=yonhap\year=2001\month=09\part.jsonl
yonhap_20010926_economy_p001,yonhap,2001-09-26,economy,1,pending,,data\raw_lake\source_archive\source=yonhap\year=2001\month=09\part.jsonl
yonhap_20010926_society_p001,yonhap,2001-09-26,society,1,pending,,data\raw_lake\source_archive\source=yonhap\year=2001\month=09\part.jsonl
yonhap_20010927_all_p001,yonhap,2001-09-27,all,1,pending,,data\raw_lake\source_archive\source=yonhap\year=2001\month=09\part.jsonl
yonhap_20010927_politics_p001,yonhap,2001-09-27,politics,1,pending,,data\raw_lake\source_archive\source=yonhap\year=2001\month=09\part.jsonl
yonhap_20010927_economy_p001,yonhap,2001-09-27,economy,1,pending,,data\raw_lake\source_archive\source=yonhap\year=2001\month=09\part.jsonl
yonhap_20010927_society_p001,yonhap,2001-09-27,society,1,pending,,data\raw_lake\source_archive\source=yonhap\year=2001\month=09\part.jsonl
yonhap_20010928_all_p001,yonhap,2001-09-28,all,1,pending,,data\raw_lake\source_archive\source=yonhap\year=2001\month=09\part.jsonl
yonhap_20010928_politics_p001,yonhap,2001-09-28,politics,1,pending,,data\raw_lake\source_archive\source=yonhap\year=2001\month=09\part.jsonl
yonhap_20010928_economy_p001,yonhap,2001-09-28,economy,1,pending,,data\raw_lake\source_archive\source=yonhap\year=2001\month=09\part.jsonl
yonhap_20010928_society_p001,yonhap,2001-09-28,society,1,pending,,data\raw_lake\source_archive\source=yonhap\year=2001\month=09\part.jsonl
yonhap_20010929_all_p001,yonhap,2001-09-29,all,1,pending,,data\raw_lake\source_archive\source=yonhap\year=2001\month=09\part.jsonl
yonhap_20010929_politics_p001,yonhap,2001-09-29,politics,1,pending,,data\raw_lake\source_archive\source=yonhap\year=2001\month=09\part.jsonl
yonhap_20010929_economy_p001,yonhap,2001-09-29,economy,1,pending,,data\raw_lake\source_archive\source=yonhap\year=2001\month=09\part.jsonl
yonhap_20010929_society_p001,yonhap,2001-09-29,society,1,pending,,data\raw_lake\source_archive\source=yonhap\year=2001\month=09\part.jsonl
yonhap_20010930_all_p001,yonhap,2001-09-30,all,1,pending,,data\raw_lake\source_archive\source=yonhap\year=2001\month=09\part.jsonl
yonhap_20010930_politics_p001,yonhap,2001-09-30,politics,1,pending,,data\raw_lake\source_archive\source=yonhap\year=2001\month=09\part.jsonl
yonhap_20010930_economy_p001,yonhap,2001-09-30,economy,1,pending,,data\raw_lake\source_archive\source=yonhap\year=2001\month=09\part.jsonl
yonhap_20010930_society_p001,yonhap,2001-09-30,society,1,pending,,data\raw_lake\source_archive\source=yonhap\year=2001\month=09\part.jsonl
yonhap_20011001_all_p001,yonhap,2001-10-01,all,1,pending,,data\raw_lake\source_archive\source=yonhap\year=2001\month=10\part.jsonl
yonhap_20011001_politics_p001,yonhap,2001-10-01,politics,1,pending,,data\raw_lake\source_archive\source=yonhap\year=2001\month=10\part.jsonl
yonhap_20011001_economy_p001,yonhap,2001-10-01,economy,1,pending,,data\raw_lake\source_archive\source=yonhap\year=2001\month=10\part.jsonl
yonhap_20011001_society_p001,yonhap,2001-10-01,society,1,pending,,data\raw_lake\source_archive\source=yonhap\year=2001\month=10\part.jsonl
yonhap_20011002_all_p001,yonhap,2001-10-02,all,1,pending,,data\raw_lake\source_archive\source=yonhap\year=2001\month=10\part.jsonl
yonhap_20011002_politics_p001,yonhap,2001-10-02,politics,1,pending,,data\raw_lake\source_archive\source=yonhap\year=2001\month=10\part.jsonl
yonhap_20011002_economy_p001,yonhap,2001-10-02,economy,1,pending,,data\raw_lake\source_archive\source=yonhap\year=2001\month=10\part.jsonl
yonhap_20011002_society_p001,yonhap,2001-10-02,society,1,pending,,data\raw_lake\source_archive\source=yonhap\year=2001\month=10\part.jsonl
yonhap_20011003_all_p001,yonhap,2001-10-03,all,1,pending,,data\raw_lake\source_archive\source=yonhap\year=2001\month=10\part.jsonl
yonhap_20011003_politics_p001,yonhap,2001-10-03,politics,1,pending,,data\raw_lake\source_archive\source=yonhap\year=2001\month=10\part.jsonl
yonhap_20011003_economy_p001,yonhap,2001-10-03,economy,1,pending,,data\raw_lake\source_archive\source=yonhap\year=2001\month=10\part.jsonl
yonhap_20011003_society_p001,yonhap,2001-10-03,society,1,pending,,data\raw_lake\source_archive\source=yonhap\year=2001\month=10\part.jsonl
yonhap_20011004_all_p001,yonhap,2001-10-04,all,1,pending,,data\raw_lake\source_archive\source=yonhap\year=2001\month=10\part.jsonl
yonhap_20011004_politics_p001,yonhap,2001-10-04,politics,1,pending,,data\raw_lake\source_archive\source=yonhap\year=2001\month=10\part.jsonl
yonhap_20011004_economy_p001,yonhap,2001-10-04,economy,1,pending,,data\raw_lake\source_archive\source=yonhap\year=2001\month=10\part.jsonl
yonhap_20011004_society_p001,yonhap,2001-10-04,society,1,pending,,data\raw_lake\source_archive\source=yonhap\year=2001\month=10\part.jsonl
yonhap_20011005_all_p001,yonhap,2001-10-05,all,1,pending,,data\raw_lake\source_archive\source=yonhap\year=2001\month=10\part.jsonl
yonhap_20011005_politics_p001,yonhap,2001-10-05,politics,1,pending,,data\raw_lake\source_archive\source=yonhap\year=2001\month=10\part.jsonl
yonhap_20011005_economy_p001,yonhap,2001-10-05,economy,1,pending,,data\raw_lake\source_archive\source=yonhap\year=2001\month=10\part.jsonl
yonhap_20011005_society_p001,yonhap,2001-10-05,society,1,pending,,data\raw_lake\source_archive\source=yonhap\year=2001\month=10\part.jsonl
yonhap_20011006_all_p001,yonhap,2001-10-06,all,1,pending,,data\raw_lake\source_archive\source=yonhap\year=2001\month=10\part.jsonl
yonhap_20011006_politics_p001,yonhap,2001-10-06,politics,1,pending,,data\raw_lake\source_archive\source=yonhap\year=2001\month=10\part.jsonl
yonhap_20011006_economy_p001,yonhap,2001-10-06,economy,1,pending,,data\raw_lake\source_archive\source=yonhap\year=2001\month=10\part.jsonl
yonhap_20011006_society_p001,yonhap,2001-10-06,society,1,pending,,data\raw_lake\source_archive\source=yonhap\year=2001\month=10\part.jsonl
yonhap_20011007_all_p001,yonhap,2001-10-07,all,1,pending,,data\raw_lake\source_archive\source=yonhap\year=2001\month=10\part.jsonl
yonhap_20011007_politics_p001,yonhap,2001-10-07,politics,1,pending,,data\raw_lake\source_archive\source=yonhap\year=2001\month=10\part.jsonl
yonhap_20011007_economy_p001,yonhap,2001-10-07,economy,1,pending,,data\raw_lake\source_archive\source=yonhap\year=2001\month=10\part.jsonl
yonhap_20011007_society_p001,yonhap,2001-10-07,society,1,pending,,data\raw_lake\source_archive\source=yonhap\year=2001\month=10\part.jsonl
yonhap_20011008_all_p001,yonhap,2001-10-08,all,1,pending,,data\raw_lake\source_archive\source=yonhap\year=2001\month=10\part.jsonl
yonhap_20011008_politics_p001,yonhap,2001-10-08,politics,1,pending,,data\raw_lake\source_archive\source=yonhap\year=2001\month=10\part.jsonl
yonhap_20011008_economy_p001,yonhap,2001-10-08,economy,1,pending,,data\raw_lake\source_archive\source=yonhap\year=2001\month=10\part.jsonl
yonhap_20011008_society_p001,yonhap,2001-10-08,society,1,pending,,data\raw_lake\source_archive\source=yonhap\year=2001\month=10\part.jsonl
yonhap_20011009_all_p001,yonhap,2001-10-09,all,1,pending,,data\raw_lake\source_archive\source=yonhap\year=2001\month=10\part.jsonl
yonhap_20011009_politics_p001,yonhap,2001-10-09,politics,1,pending,,data\raw_lake\source_archive\source=yonhap\year=2001\month=10\part.jsonl
yonhap_20011009_economy_p001,yonhap,2001-10-09,economy,1,pending,,data\raw_lake\source_archive\source=yonhap\year=2001\month=10\part.jsonl
yonhap_20011009_society_p001,yonhap,2001-10-09,society,1,pending,,data\raw_lake\source_archive\source=yonhap\year=2001\month=10\part.jsonl
yonhap_20011010_all_p001,yonhap,2001-10-10,all,1,pending,,data\raw_lake\source_archive\source=yonhap\year=2001\month=10\part.jsonl
yonhap_20011010_politics_p001,yonhap,2001-10-10,politics,1,pending,,data\raw_lake\source_archive\source=yonhap\year=2001\month=10\part.jsonl
yonhap_20011010_economy_p001,yonhap,2001-10-10,economy,1,pending,,data\raw_lake\source_archive\source=yonhap\year=2001\month=10\part.jsonl
yonhap_20011010_society_p001,yonhap,2001-10-10,society,1,pending,,data\raw_lake\source_archive\source=yonhap\year=2001\month=10\part.jsonl
yonhap_20011011_all_p001,yonhap,2001-10-11,all,1,pending,,data\raw_lake\source_archive\source=yonhap\year=2001\month=10\part.jsonl
yonhap_20011011_politics_p001,yonhap,2001-10-11,politics,1,pending,,data\raw_lake\source_archive\source=yonhap\year=2001\month=10\part.jsonl
yonhap_20011011_economy_p001,yonhap,2001-10-11,economy,1,pending,,data\raw_lake\source_archive\source=yonhap\year=2001\month=10\part.jsonl
yonhap_20011011_society_p001,yonhap,2001-10-11,society,1,pending,,data\raw_lake\source_archive\source=yonhap\year=2001\month=10\part.jsonl
yonhap_20011012_all_p001,yonhap,2001-10-12,all,1,pending,,data\raw_lake\source_archive\source=yonhap\year=2001\month=10\part.jsonl
yonhap_20011012_politics_p001,yonhap,2001-10-12,politics,1,pending,,data\raw_lake\source_archive\source=yonhap\year=2001\month=10\part.jsonl
yonhap_20011012_economy_p001,yonhap,2001-10-12,economy,1,pending,,data\raw_lake\source_archive\source=yonhap\year=2001\month=10\part.jsonl
yonhap_20011012_society_p001,yonhap,2001-10-12,society,1,pending,,data\raw_lake\source_archive\source=yonhap\year=2001\month=10\part.jsonl
yonhap_20011013_all_p001,yonhap,2001-10-13,all,1,pending,,data\raw_lake\source_archive\source=yonhap\year=2001\month=10\part.jsonl
yonhap_20011013_politics_p001,yonhap,2001-10-13,politics,1,pending,,data\raw_lake\source_archive\source=yonhap\year=2001\month=10\part.jsonl
yonhap_20011013_economy_p001,yonhap,2001-10-13,economy,1,pending,,data\raw_lake\source_archive\source=yonhap\year=2001\month=10\part.jsonl
yonhap_20011013_society_p001,yonhap,2001-10-13,society,1,pending,,data\raw_lake\source_archive\source=yonhap\year=2001\month=10\part.jsonl
yonhap_20011014_all_p001,yonhap,2001-10-14,all,1,pending,,data\raw_lake\source_archive\source=yonhap\year=2001\month=10\part.jsonl
yonhap_20011014_politics_p001,yonhap,2001-10-14,politics,1,pending,,data\raw_lake\source_archive\source=yonhap\year=2001\month=10\part.jsonl
yonhap_20011014_economy_p001,yonhap,2001-10-14,economy,1,pending,,data\raw_lake\source_archive\source=yonhap\year=2001\month=10\part.jsonl
yonhap_20011014_society_p001,yonhap,2001-10-14,society,1,pending,,data\raw_lake\source_archive\source=yonhap\year=2001\month=10\part.jsonl
yonhap_20011015_all_p001,yonhap,2001-10-15,all,1,pending,,data\raw_lake\source_archive\source=yonhap\year=2001\month=10\part.jsonl
yonhap_20011015_politics_p001,yonhap,2001-10-15,politics,1,pending,,data\raw_lake\source_archive\source=yonhap\year=2001\month=10\part.jsonl
yonhap_20011015_economy_p001,yonhap,2001-10-15,economy,1,pending,,data\raw_lake\source_archive\source=yonhap\year=2001\month=10\part.jsonl
yonhap_20011015_society_p001,yonhap,2001-10-15,society,1,pending,,data\raw_lake\source_archive\source=yonhap\year=2001\month=10\part.jsonl
yonhap_20011016_all_p001,yonhap,2001-10-16,all,1,pending,,data\raw_lake\source_archive\source=yonhap\year=2001\month=10\part.jsonl
yonhap_20011016_politics_p001,yonhap,2001-10-16,politics,1,pending,,data\raw_lake\source_archive\source=yonhap\year=2001\month=10\part.jsonl
yonhap_20011016_economy_p001,yonhap,2001-10-16,economy,1,pending,,data\raw_lake\source_archive\source=yonhap\year=2001\month=10\part.jsonl
yonhap_20011016_society_p001,yonhap,2001-10-16,society,1,pending,,data\raw_lake\source_archive\source=yonhap\year=2001\month=10\part.jsonl
yonhap_20011017_all_p001,yonhap,2001-10-17,all,1,pending,,data\raw_lake\source_archive\source=yonhap\year=2001\month=10\part.jsonl
yonhap_20011017_politics_p001,yonhap,2001-10-17,politics,1,pending,,data\raw_lake\source_archive\source=yonhap\year=2001\month=10\part.jsonl
yonhap_20011017_economy_p001,yonhap,2001-10-17,economy,1,pending,,data\raw_lake\source_archive\source=yonhap\year=2001\month=10\part.jsonl
yonhap_20011017_society_p001,yonhap,2001-10-17,society,1,pending,,data\raw_lake\source_archive\source=yonhap\year=2001\month=10\part.jsonl
yonhap_20011018_all_p001,yonhap,2001-10-18,all,1,pending,,data\raw_lake\source_archive\source=yonhap\year=2001\month=10\part.jsonl
yonhap_20011018_politics_p001,yonhap,2001-10-18,politics,1,pending,,data\raw_lake\source_archive\source=yonhap\year=2001\month=10\part.jsonl
yonhap_20011018_economy_p001,yonhap,2001-10-18,economy,1,pending,,data\raw_lake\source_archive\source=yonhap\year=2001\month=10\part.jsonl
yonhap_20011018_society_p001,yonhap,2001-10-18,society,1,pending,,data\raw_lake\source_archive\source=yonhap\year=2001\month=10\part.jsonl
yonhap_20011019_all_p001,yonhap,2001-10-19,all,1,pending,,data\raw_lake\source_archive\source=yonhap\year=2001\month=10\part.jsonl
yonhap_20011019_politics_p001,yonhap,2001-10-19,politics,1,pending,,data\raw_lake\source_archive\source=yonhap\year=2001\month=10\part.jsonl
yonhap_20011019_economy_p001,yonhap,2001-10-19,economy,1,pending,,data\raw_lake\source_archive\source=yonhap\year=2001\month=10\part.jsonl
yonhap_20011019_society_p001,yonhap,2001-10-19,society,1,pending,,data\raw_lake\source_archive\source=yonhap\year=2001\month=10\part.jsonl
yonhap_20011020_all_p001,yonhap,2001-10-20,all,1,pending,,data\raw_lake\source_archive\source=yonhap\year=2001\month=10\part.jsonl
yonhap_20011020_politics_p001,yonhap,2001-10-20,politics,1,pending,,data\raw_lake\source_archive\source=yonhap\year=2001\month=10\part.jsonl
yonhap_20011020_economy_p001,yonhap,2001-10-20,economy,1,pending,,data\raw_lake\source_archive\source=yonhap\year=2001\month=10\part.jsonl
yonhap_20011020_society_p001,yonhap,2001-10-20,society,1,pending,,data\raw_lake\source_archive\source=yonhap\year=2001\month=10\part.jsonl
yonhap_20011021_all_p001,yonhap,2001-10-21,all,1,pending,,data\raw_lake\source_archive\source=yonhap\year=2001\month=10\part.jsonl
yonhap_20011021_politics_p001,yonhap,2001-10-21,politics,1,pending,,data\raw_lake\source_archive\source=yonhap\year=2001\month=10\part.jsonl
yonhap_20011021_economy_p001,yonhap,2001-10-21,economy,1,pending,,data\raw_lake\source_archive\source=yonhap\year=2001\month=10\part.jsonl
yonhap_20011021_society_p001,yonhap,2001-10-21,society,1,pending,,data\raw_lake\source_archive\source=yonhap\year=2001\month=10\part.jsonl
yonhap_20011022_all_p001,yonhap,2001-10-22,all,1,pending,,data\raw_lake\source_archive\source=yonhap\year=2001\month=10\part.jsonl
yonhap_20011022_politics_p001,yonhap,2001-10-22,politics,1,pending,,data\raw_lake\source_archive\source=yonhap\year=2001\month=10\part.jsonl
yonhap_20011022_economy_p001,yonhap,2001-10-22,economy,1,pending,,data\raw_lake\source_archive\source=yonhap\year=2001\month=10\part.jsonl
yonhap_20011022_society_p001,yonhap,2001-10-22,society,1,pending,,data\raw_lake\source_archive\source=yonhap\year=2001\month=10\part.jsonl
yonhap_20011023_all_p001,yonhap,2001-10-23,all,1,pending,,data\raw_lake\source_archive\source=yonhap\year=2001\month=10\part.jsonl
yonhap_20011023_politics_p001,yonhap,2001-10-23,politics,1,pending,,data\raw_lake\source_archive\source=yonhap\year=2001\month=10\part.jsonl
yonhap_20011023_economy_p001,yonhap,2001-10-23,economy,1,pending,,data\raw_lake\source_archive\source=yonhap\year=2001\month=10\part.jsonl
yonhap_20011023_society_p001,yonhap,2001-10-23,society,1,pending,,data\raw_lake\source_archive\source=yonhap\year=2001\month=10\part.jsonl
yonhap_20011024_all_p001,yonhap,2001-10-24,all,1,pending,,data\raw_lake\source_archive\source=yonhap\year=2001\month=10\part.jsonl
yonhap_20011024_politics_p001,yonhap,2001-10-24,politics,1,pending,,data\raw_lake\source_archive\source=yonhap\year=2001\month=10\part.jsonl
yonhap_20011024_economy_p001,yonhap,2001-10-24,economy,1,pending,,data\raw_lake\source_archive\source=yonhap\year=2001\month=10\part.jsonl
yonhap_20011024_society_p001,yonhap,2001-10-24,society,1,pending,,data\raw_lake\source_archive\source=yonhap\year=2001\month=10\part.jsonl
yonhap_20011025_all_p001,yonhap,2001-10-25,all,1,pending,,data\raw_lake\source_archive\source=yonhap\year=2001\month=10\part.jsonl
yonhap_20011025_politics_p001,yonhap,2001-10-25,politics,1,pending,,data\raw_lake\source_archive\source=yonhap\year=2001\month=10\part.jsonl
yonhap_20011025_economy_p001,yonhap,2001-10-25,economy,1,pending,,data\raw_lake\source_archive\source=yonhap\year=2001\month=10\part.jsonl
yonhap_20011025_society_p001,yonhap,2001-10-25,society,1,pending,,data\raw_lake\source_archive\source=yonhap\year=2001\month=10\part.jsonl
yonhap_20011026_all_p001,yonhap,2001-10-26,all,1,pending,,data\raw_lake\source_archive\source=yonhap\year=2001\month=10\part.jsonl
yonhap_20011026_politics_p001,yonhap,2001-10-26,politics,1,pending,,data\raw_lake\source_archive\source=yonhap\year=2001\month=10\part.jsonl
yonhap_20011026_economy_p001,yonhap,2001-10-26,economy,1,pending,,data\raw_lake\source_archive\source=yonhap\year=2001\month=10\part.jsonl
yonhap_20011026_society_p001,yonhap,2001-10-26,society,1,pending,,data\raw_lake\source_archive\source=yonhap\year=2001\month=10\part.jsonl
yonhap_20011027_all_p001,yonhap,2001-10-27,all,1,pending,,data\raw_lake\source_archive\source=yonhap\year=2001\month=10\part.jsonl
yonhap_20011027_politics_p001,yonhap,2001-10-27,politics,1,pending,,data\raw_lake\source_archive\source=yonhap\year=2001\month=10\part.jsonl
yonhap_20011027_economy_p001,yonhap,2001-10-27,economy,1,pending,,data\raw_lake\source_archive\source=yonhap\year=2001\month=10\part.jsonl
yonhap_20011027_society_p001,yonhap,2001-10-27,society,1,pending,,data\raw_lake\source_archive\source=yonhap\year=2001\month=10\part.jsonl
yonhap_20011028_all_p001,yonhap,2001-10-28,all,1,pending,,data\raw_lake\source_archive\source=yonhap\year=2001\month=10\part.jsonl
yonhap_20011028_politics_p001,yonhap,2001-10-28,politics,1,pending,,data\raw_lake\source_archive\source=yonhap\year=2001\month=10\part.jsonl
yonhap_20011028_economy_p001,yonhap,2001-10-28,economy,1,pending,,data\raw_lake\source_archive\source=yonhap\year=2001\month=10\part.jsonl
yonhap_20011028_society_p001,yonhap,2001-10-28,society,1,pending,,data\raw_lake\source_archive\source=yonhap\year=2001\month=10\part.jsonl
yonhap_20011029_all_p001,yonhap,2001-10-29,all,1,pending,,data\raw_lake\source_archive\source=yonhap\year=2001\month=10\part.jsonl
yonhap_20011029_politics_p001,yonhap,2001-10-29,politics,1,pending,,data\raw_lake\source_archive\source=yonhap\year=2001\month=10\part.jsonl
yonhap_20011029_economy_p001,yonhap,2001-10-29,economy,1,pending,,data\raw_lake\source_archive\source=yonhap\year=2001\month=10\part.jsonl
yonhap_20011029_society_p001,yonhap,2001-10-29,society,1,pending,,data\raw_lake\source_archive\source=yonhap\year=2001\month=10\part.jsonl
yonhap_20011030_all_p001,yonhap,2001-10-30,all,1,pending,,data\raw_lake\source_archive\source=yonhap\year=2001\month=10\part.jsonl
yonhap_20011030_politics_p001,yonhap,2001-10-30,politics,1,pending,,data\raw_lake\source_archive\source=yonhap\year=2001\month=10\part.jsonl
yonhap_20011030_economy_p001,yonhap,2001-10-30,economy,1,pending,,data\raw_lake\source_archive\source=yonhap\year=2001\month=10\part.jsonl
yonhap_20011030_society_p001,yonhap,2001-10-30,society,1,pending,,data\raw_lake\source_archive\source=yonhap\year=2001\month=10\part.jsonl
yonhap_20011031_all_p001,yonhap,2001-10-31,all,1,pending,,data\raw_lake\source_archive\source=yonhap\year=2001\month=10\part.jsonl
yonhap_20011031_politics_p001,yonhap,2001-10-31,politics,1,pending,,data\raw_lake\source_archive\source=yonhap\year=2001\month=10\part.jsonl
yonhap_20011031_economy_p001,yonhap,2001-10-31,economy,1,pending,,data\raw_lake\source_archive\source=yonhap\year=2001\month=10\part.jsonl
yonhap_20011031_society_p001,yonhap,2001-10-31,society,1,pending,,data\raw_lake\source_archive\source=yonhap\year=2001\month=10\part.jsonl
yonhap_20011101_all_p001,yonhap,2001-11-01,all,1,pending,,data\raw_lake\source_archive\source=yonhap\year=2001\month=11\part.jsonl
yonhap_20011101_politics_p001,yonhap,2001-11-01,politics,1,pending,,data\raw_lake\source_archive\source=yonhap\year=2001\month=11\part.jsonl
yonhap_20011101_economy_p001,yonhap,2001-11-01,economy,1,pending,,data\raw_lake\source_archive\source=yonhap\year=2001\month=11\part.jsonl
yonhap_20011101_society_p001,yonhap,2001-11-01,society,1,pending,,data\raw_lake\source_archive\source=yonhap\year=2001\month=11\part.jsonl
yonhap_20011102_all_p001,yonhap,2001-11-02,all,1,pending,,data\raw_lake\source_archive\source=yonhap\year=2001\month=11\part.jsonl
yonhap_20011102_politics_p001,yonhap,2001-11-02,politics,1,pending,,data\raw_lake\source_archive\source=yonhap\year=2001\month=11\part.jsonl
yonhap_20011102_economy_p001,yonhap,2001-11-02,economy,1,pending,,data\raw_lake\source_archive\source=yonhap\year=2001\month=11\part.jsonl
yonhap_20011102_society_p001,yonhap,2001-11-02,society,1,pending,,data\raw_lake\source_archive\source=yonhap\year=2001\month=11\part.jsonl
yonhap_20011103_all_p001,yonhap,2001-11-03,all,1,pending,,data\raw_lake\source_archive\source=yonhap\year=2001\month=11\part.jsonl
yonhap_20011103_politics_p001,yonhap,2001-11-03,politics,1,pending,,data\raw_lake\source_archive\source=yonhap\year=2001\month=11\part.jsonl
yonhap_20011103_economy_p001,yonhap,2001-11-03,economy,1,pending,,data\raw_lake\source_archive\source=yonhap\year=2001\month=11\part.jsonl
yonhap_20011103_society_p001,yonhap,2001-11-03,society,1,pending,,data\raw_lake\source_archive\source=yonhap\year=2001\month=11\part.jsonl
yonhap_20011104_all_p001,yonhap,2001-11-04,all,1,pending,,data\raw_lake\source_archive\source=yonhap\year=2001\month=11\part.jsonl
yonhap_20011104_politics_p001,yonhap,2001-11-04,politics,1,pending,,data\raw_lake\source_archive\source=yonhap\year=2001\month=11\part.jsonl
yonhap_20011104_economy_p001,yonhap,2001-11-04,economy,1,pending,,data\raw_lake\source_archive\source=yonhap\year=2001\month=11\part.jsonl
yonhap_20011104_society_p001,yonhap,2001-11-04,society,1,pending,,data\raw_lake\source_archive\source=yonhap\year=2001\month=11\part.jsonl
yonhap_20011105_all_p001,yonhap,2001-11-05,all,1,pending,,data\raw_lake\source_archive\source=yonhap\year=2001\month=11\part.jsonl
yonhap_20011105_politics_p001,yonhap,2001-11-05,politics,1,pending,,data\raw_lake\source_archive\source=yonhap\year=2001\month=11\part.jsonl
yonhap_20011105_economy_p001,yonhap,2001-11-05,economy,1,pending,,data\raw_lake\source_archive\source=yonhap\year=2001\month=11\part.jsonl
yonhap_20011105_society_p001,yonhap,2001-11-05,society,1,pending,,data\raw_lake\source_archive\source=yonhap\year=2001\month=11\part.jsonl
yonhap_20011106_all_p001,yonhap,2001-11-06,all,1,pending,,data\raw_lake\source_archive\source=yonhap\year=2001\month=11\part.jsonl
yonhap_20011106_politics_p001,yonhap,2001-11-06,politics,1,pending,,data\raw_lake\source_archive\source=yonhap\year=2001\month=11\part.jsonl
yonhap_20011106_economy_p001,yonhap,2001-11-06,economy,1,pending,,data\raw_lake\source_archive\source=yonhap\year=2001\month=11\part.jsonl
yonhap_20011106_society_p001,yonhap,2001-11-06,society,1,pending,,data\raw_lake\source_archive\source=yonhap\year=2001\month=11\part.jsonl
yonhap_20011107_all_p001,yonhap,2001-11-07,all,1,pending,,data\raw_lake\source_archive\source=yonhap\year=2001\month=11\part.jsonl
yonhap_20011107_politics_p001,yonhap,2001-11-07,politics,1,pending,,data\raw_lake\source_archive\source=yonhap\year=2001\month=11\part.jsonl
yonhap_20011107_economy_p001,yonhap,2001-11-07,economy,1,pending,,data\raw_lake\source_archive\source=yonhap\year=2001\month=11\part.jsonl
yonhap_20011107_society_p001,yonhap,2001-11-07,society,1,pending,,data\raw_lake\source_archive\source=yonhap\year=2001\month=11\part.jsonl
yonhap_20011108_all_p001,yonhap,2001-11-08,all,1,pending,,data\raw_lake\source_archive\source=yonhap\year=2001\month=11\part.jsonl
yonhap_20011108_politics_p001,yonhap,2001-11-08,politics,1,pending,,data\raw_lake\source_archive\source=yonhap\year=2001\month=11\part.jsonl
yonhap_20011108_economy_p001,yonhap,2001-11-08,economy,1,pending,,data\raw_lake\source_archive\source=yonhap\year=2001\month=11\part.jsonl
yonhap_20011108_society_p001,yonhap,2001-11-08,society,1,pending,,data\raw_lake\source_archive\source=yonhap\year=2001\month=11\part.jsonl
yonhap_20011109_all_p001,yonhap,2001-11-09,all,1,pending,,data\raw_lake\source_archive\source=yonhap\year=2001\month=11\part.jsonl
yonhap_20011109_politics_p001,yonhap,2001-11-09,politics,1,pending,,data\raw_lake\source_archive\source=yonhap\year=2001\month=11\part.jsonl
yonhap_20011109_economy_p001,yonhap,2001-11-09,economy,1,pending,,data\raw_lake\source_archive\source=yonhap\year=2001\month=11\part.jsonl
yonhap_20011109_society_p001,yonhap,2001-11-09,society,1,pending,,data\raw_lake\source_archive\source=yonhap\year=2001\month=11\part.jsonl
yonhap_20011110_all_p001,yonhap,2001-11-10,all,1,pending,,data\raw_lake\source_archive\source=yonhap\year=2001\month=11\part.jsonl
yonhap_20011110_politics_p001,yonhap,2001-11-10,politics,1,pending,,data\raw_lake\source_archive\source=yonhap\year=2001\month=11\part.jsonl
yonhap_20011110_economy_p001,yonhap,2001-11-10,economy,1,pending,,data\raw_lake\source_archive\source=yonhap\year=2001\month=11\part.jsonl
yonhap_20011110_society_p001,yonhap,2001-11-10,society,1,pending,,data\raw_lake\source_archive\source=yonhap\year=2001\month=11\part.jsonl
yonhap_20011111_all_p001,yonhap,2001-11-11,all,1,pending,,data\raw_lake\source_archive\source=yonhap\year=2001\month=11\part.jsonl
yonhap_20011111_politics_p001,yonhap,2001-11-11,politics,1,pending,,data\raw_lake\source_archive\source=yonhap\year=2001\month=11\part.jsonl
yonhap_20011111_economy_p001,yonhap,2001-11-11,economy,1,pending,,data\raw_lake\source_archive\source=yonhap\year=2001\month=11\part.jsonl
yonhap_20011111_society_p001,yonhap,2001-11-11,society,1,pending,,data\raw_lake\source_archive\source=yonhap\year=2001\month=11\part.jsonl
yonhap_20011112_all_p001,yonhap,2001-11-12,all,1,pending,,data\raw_lake\source_archive\source=yonhap\year=2001\month=11\part.jsonl
yonhap_20011112_politics_p001,yonhap,2001-11-12,politics,1,pending,,data\raw_lake\source_archive\source=yonhap\year=2001\month=11\part.jsonl
yonhap_20011112_economy_p001,yonhap,2001-11-12,economy,1,pending,,data\raw_lake\source_archive\source=yonhap\year=2001\month=11\part.jsonl
yonhap_20011112_society_p001,yonhap,2001-11-12,society,1,pending,,data\raw_lake\source_archive\source=yonhap\year=2001\month=11\part.jsonl
yonhap_20011113_all_p001,yonhap,2001-11-13,all,1,pending,,data\raw_lake\source_archive\source=yonhap\year=2001\month=11\part.jsonl
yonhap_20011113_politics_p001,yonhap,2001-11-13,politics,1,pending,,data\raw_lake\source_archive\source=yonhap\year=2001\month=11\part.jsonl
yonhap_20011113_economy_p001,yonhap,2001-11-13,economy,1,pending,,data\raw_lake\source_archive\source=yonhap\year=2001\month=11\part.jsonl
yonhap_20011113_society_p001,yonhap,2001-11-13,society,1,pending,,data\raw_lake\source_archive\source=yonhap\year=2001\month=11\part.jsonl
yonhap_20011114_all_p001,yonhap,2001-11-14,all,1,pending,,data\raw_lake\source_archive\source=yonhap\year=2001\month=11\part.jsonl
yonhap_20011114_politics_p001,yonhap,2001-11-14,politics,1,pending,,data\raw_lake\source_archive\source=yonhap\year=2001\month=11\part.jsonl
yonhap_20011114_economy_p001,yonhap,2001-11-14,economy,1,pending,,data\raw_lake\source_archive\source=yonhap\year=2001\month=11\part.jsonl
yonhap_20011114_society_p001,yonhap,2001-11-14,society,1,pending,,data\raw_lake\source_archive\source=yonhap\year=2001\month=11\part.jsonl
yonhap_20011115_all_p001,yonhap,2001-11-15,all,1,pending,,data\raw_lake\source_archive\source=yonhap\year=2001\month=11\part.jsonl
yonhap_20011115_politics_p001,yonhap,2001-11-15,politics,1,pending,,data\raw_lake\source_archive\source=yonhap\year=2001\month=11\part.jsonl
yonhap_20011115_economy_p001,yonhap,2001-11-15,economy,1,pending,,data\raw_lake\source_archive\source=yonhap\year=2001\month=11\part.jsonl
yonhap_20011115_society_p001,yonhap,2001-11-15,society,1,pending,,data\raw_lake\source_archive\source=yonhap\year=2001\month=11\part.jsonl
yonhap_20011116_all_p001,yonhap,2001-11-16,all,1,pending,,data\raw_lake\source_archive\source=yonhap\year=2001\month=11\part.jsonl
yonhap_20011116_politics_p001,yonhap,2001-11-16,politics,1,pending,,data\raw_lake\source_archive\source=yonhap\year=2001\month=11\part.jsonl
yonhap_20011116_economy_p001,yonhap,2001-11-16,economy,1,pending,,data\raw_lake\source_archive\source=yonhap\year=2001\month=11\part.jsonl
yonhap_20011116_society_p001,yonhap,2001-11-16,society,1,pending,,data\raw_lake\source_archive\source=yonhap\year=2001\month=11\part.jsonl
yonhap_20011117_all_p001,yonhap,2001-11-17,all,1,pending,,data\raw_lake\source_archive\source=yonhap\year=2001\month=11\part.jsonl
yonhap_20011117_politics_p001,yonhap,2001-11-17,politics,1,pending,,data\raw_lake\source_archive\source=yonhap\year=2001\month=11\part.jsonl
yonhap_20011117_economy_p001,yonhap,2001-11-17,economy,1,pending,,data\raw_lake\source_archive\source=yonhap\year=2001\month=11\part.jsonl
yonhap_20011117_society_p001,yonhap,2001-11-17,society,1,pending,,data\raw_lake\source_archive\source=yonhap\year=2001\month=11\part.jsonl
yonhap_20011118_all_p001,yonhap,2001-11-18,all,1,pending,,data\raw_lake\source_archive\source=yonhap\year=2001\month=11\part.jsonl
yonhap_20011118_politics_p001,yonhap,2001-11-18,politics,1,pending,,data\raw_lake\source_archive\source=yonhap\year=2001\month=11\part.jsonl
yonhap_20011118_economy_p001,yonhap,2001-11-18,economy,1,pending,,data\raw_lake\source_archive\source=yonhap\year=2001\month=11\part.jsonl
yonhap_20011118_society_p001,yonhap,2001-11-18,society,1,pending,,data\raw_lake\source_archive\source=yonhap\year=2001\month=11\part.jsonl
yonhap_20011119_all_p001,yonhap,2001-11-19,all,1,pending,,data\raw_lake\source_archive\source=yonhap\year=2001\month=11\part.jsonl
yonhap_20011119_politics_p001,yonhap,2001-11-19,politics,1,pending,,data\raw_lake\source_archive\source=yonhap\year=2001\month=11\part.jsonl
yonhap_20011119_economy_p001,yonhap,2001-11-19,economy,1,pending,,data\raw_lake\source_archive\source=yonhap\year=2001\month=11\part.jsonl
yonhap_20011119_society_p001,yonhap,2001-11-19,society,1,pending,,data\raw_lake\source_archive\source=yonhap\year=2001\month=11\part.jsonl
yonhap_20011120_all_p001,yonhap,2001-11-20,all,1,pending,,data\raw_lake\source_archive\source=yonhap\year=2001\month=11\part.jsonl
yonhap_20011120_politics_p001,yonhap,2001-11-20,politics,1,pending,,data\raw_lake\source_archive\source=yonhap\year=2001\month=11\part.jsonl
yonhap_20011120_economy_p001,yonhap,2001-11-20,economy,1,pending,,data\raw_lake\source_archive\source=yonhap\year=2001\month=11\part.jsonl
yonhap_20011120_society_p001,yonhap,2001-11-20,society,1,pending,,data\raw_lake\source_archive\source=yonhap\year=2001\month=11\part.jsonl
yonhap_20011121_all_p001,yonhap,2001-11-21,all,1,pending,,data\raw_lake\source_archive\source=yonhap\year=2001\month=11\part.jsonl
yonhap_20011121_politics_p001,yonhap,2001-11-21,politics,1,pending,,data\raw_lake\source_archive\source=yonhap\year=2001\month=11\part.jsonl
yonhap_20011121_economy_p001,yonhap,2001-11-21,economy,1,pending,,data\raw_lake\source_archive\source=yonhap\year=2001\month=11\part.jsonl
yonhap_20011121_society_p001,yonhap,2001-11-21,society,1,pending,,data\raw_lake\source_archive\source=yonhap\year=2001\month=11\part.jsonl
yonhap_20011122_all_p001,yonhap,2001-11-22,all,1,pending,,data\raw_lake\source_archive\source=yonhap\year=2001\month=11\part.jsonl
yonhap_20011122_politics_p001,yonhap,2001-11-22,politics,1,pending,,data\raw_lake\source_archive\source=yonhap\year=2001\month=11\part.jsonl
yonhap_20011122_economy_p001,yonhap,2001-11-22,economy,1,pending,,data\raw_lake\source_archive\source=yonhap\year=2001\month=11\part.jsonl
yonhap_20011122_society_p001,yonhap,2001-11-22,society,1,pending,,data\raw_lake\source_archive\source=yonhap\year=2001\month=11\part.jsonl
yonhap_20011123_all_p001,yonhap,2001-11-23,all,1,pending,,data\raw_lake\source_archive\source=yonhap\year=2001\month=11\part.jsonl
yonhap_20011123_politics_p001,yonhap,2001-11-23,politics,1,pending,,data\raw_lake\source_archive\source=yonhap\year=2001\month=11\part.jsonl
yonhap_20011123_economy_p001,yonhap,2001-11-23,economy,1,pending,,data\raw_lake\source_archive\source=yonhap\year=2001\month=11\part.jsonl
yonhap_20011123_society_p001,yonhap,2001-11-23,society,1,pending,,data\raw_lake\source_archive\source=yonhap\year=2001\month=11\part.jsonl
yonhap_20011124_all_p001,yonhap,2001-11-24,all,1,pending,,data\raw_lake\source_archive\source=yonhap\year=2001\month=11\part.jsonl
yonhap_20011124_politics_p001,yonhap,2001-11-24,politics,1,pending,,data\raw_lake\source_archive\source=yonhap\year=2001\month=11\part.jsonl
yonhap_20011124_economy_p001,yonhap,2001-11-24,economy,1,pending,,data\raw_lake\source_archive\source=yonhap\year=2001\month=11\part.jsonl
yonhap_20011124_society_p001,yonhap,2001-11-24,society,1,pending,,data\raw_lake\source_archive\source=yonhap\year=2001\month=11\part.jsonl
yonhap_20011125_all_p001,yonhap,2001-11-25,all,1,pending,,data\raw_lake\source_archive\source=yonhap\year=2001\month=11\part.jsonl
yonhap_20011125_politics_p001,yonhap,2001-11-25,politics,1,pending,,data\raw_lake\source_archive\source=yonhap\year=2001\month=11\part.jsonl
yonhap_20011125_economy_p001,yonhap,2001-11-25,economy,1,pending,,data\raw_lake\source_archive\source=yonhap\year=2001\month=11\part.jsonl
yonhap_20011125_society_p001,yonhap,2001-11-25,society,1,pending,,data\raw_lake\source_archive\source=yonhap\year=2001\month=11\part.jsonl
yonhap_20011126_all_p001,yonhap,2001-11-26,all,1,pending,,data\raw_lake\source_archive\source=yonhap\year=2001\month=11\part.jsonl
yonhap_20011126_politics_p001,yonhap,2001-11-26,politics,1,pending,,data\raw_lake\source_archive\source=yonhap\year=2001\month=11\part.jsonl
yonhap_20011126_economy_p001,yonhap,2001-11-26,economy,1,pending,,data\raw_lake\source_archive\source=yonhap\year=2001\month=11\part.jsonl
yonhap_20011126_society_p001,yonhap,2001-11-26,society,1,pending,,data\raw_lake\source_archive\source=yonhap\year=2001\month=11\part.jsonl
yonhap_20011127_all_p001,yonhap,2001-11-27,all,1,pending,,data\raw_lake\source_archive\source=yonhap\year=2001\month=11\part.jsonl
yonhap_20011127_politics_p001,yonhap,2001-11-27,politics,1,pending,,data\raw_lake\source_archive\source=yonhap\year=2001\month=11\part.jsonl
yonhap_20011127_economy_p001,yonhap,2001-11-27,economy,1,pending,,data\raw_lake\source_archive\source=yonhap\year=2001\month=11\part.jsonl
yonhap_20011127_society_p001,yonhap,2001-11-27,society,1,pending,,data\raw_lake\source_archive\source=yonhap\year=2001\month=11\part.jsonl
yonhap_20011128_all_p001,yonhap,2001-11-28,all,1,pending,,data\raw_lake\source_archive\source=yonhap\year=2001\month=11\part.jsonl
yonhap_20011128_politics_p001,yonhap,2001-11-28,politics,1,pending,,data\raw_lake\source_archive\source=yonhap\year=2001\month=11\part.jsonl
yonhap_20011128_economy_p001,yonhap,2001-11-28,economy,1,pending,,data\raw_lake\source_archive\source=yonhap\year=2001\month=11\part.jsonl
yonhap_20011128_society_p001,yonhap,2001-11-28,society,1,pending,,data\raw_lake\source_archive\source=yonhap\year=2001\month=11\part.jsonl
yonhap_20011129_all_p001,yonhap,2001-11-29,all,1,pending,,data\raw_lake\source_archive\source=yonhap\year=2001\month=11\part.jsonl
yonhap_20011129_politics_p001,yonhap,2001-11-29,politics,1,pending,,data\raw_lake\source_archive\source=yonhap\year=2001\month=11\part.jsonl
yonhap_20011129_economy_p001,yonhap,2001-11-29,economy,1,pending,,data\raw_lake\source_archive\source=yonhap\year=2001\month=11\part.jsonl
yonhap_20011129_society_p001,yonhap,2001-11-29,society,1,pending,,data\raw_lake\source_archive\source=yonhap\year=2001\month=11\part.jsonl
yonhap_20011130_all_p001,yonhap,2001-11-30,all,1,pending,,data\raw_lake\source_archive\source=yonhap\year=2001\month=11\part.jsonl
yonhap_20011130_politics_p001,yonhap,2001-11-30,politics,1,pending,,data\raw_lake\source_archive\source=yonhap\year=2001\month=11\part.jsonl
yonhap_20011130_economy_p001,yonhap,2001-11-30,economy,1,pending,,data\raw_lake\source_archive\source=yonhap\year=2001\month=11\part.jsonl
yonhap_20011130_society_p001,yonhap,2001-11-30,society,1,pending,,data\raw_lake\source_archive\source=yonhap\year=2001\month=11\part.jsonl
yonhap_20011201_all_p001,yonhap,2001-12-01,all,1,pending,,data\raw_lake\source_archive\source=yonhap\year=2001\month=12\part.jsonl
yonhap_20011201_politics_p001,yonhap,2001-12-01,politics,1,pending,,data\raw_lake\source_archive\source=yonhap\year=2001\month=12\part.jsonl
yonhap_20011201_economy_p001,yonhap,2001-12-01,economy,1,pending,,data\raw_lake\source_archive\source=yonhap\year=2001\month=12\part.jsonl
yonhap_20011201_society_p001,yonhap,2001-12-01,society,1,pending,,data\raw_lake\source_archive\source=yonhap\year=2001\month=12\part.jsonl
yonhap_20011202_all_p001,yonhap,2001-12-02,all,1,pending,,data\raw_lake\source_archive\source=yonhap\year=2001\month=12\part.jsonl
yonhap_20011202_politics_p001,yonhap,2001-12-02,politics,1,pending,,data\raw_lake\source_archive\source=yonhap\year=2001\month=12\part.jsonl
yonhap_20011202_economy_p001,yonhap,2001-12-02,economy,1,pending,,data\raw_lake\source_archive\source=yonhap\year=2001\month=12\part.jsonl
yonhap_20011202_society_p001,yonhap,2001-12-02,society,1,pending,,data\raw_lake\source_archive\source=yonhap\year=2001\month=12\part.jsonl
yonhap_20011203_all_p001,yonhap,2001-12-03,all,1,pending,,data\raw_lake\source_archive\source=yonhap\year=2001\month=12\part.jsonl
yonhap_20011203_politics_p001,yonhap,2001-12-03,politics,1,pending,,data\raw_lake\source_archive\source=yonhap\year=2001\month=12\part.jsonl
yonhap_20011203_economy_p001,yonhap,2001-12-03,economy,1,pending,,data\raw_lake\source_archive\source=yonhap\year=2001\month=12\part.jsonl
yonhap_20011203_society_p001,yonhap,2001-12-03,society,1,pending,,data\raw_lake\source_archive\source=yonhap\year=2001\month=12\part.jsonl
yonhap_20011204_all_p001,yonhap,2001-12-04,all,1,pending,,data\raw_lake\source_archive\source=yonhap\year=2001\month=12\part.jsonl
yonhap_20011204_politics_p001,yonhap,2001-12-04,politics,1,pending,,data\raw_lake\source_archive\source=yonhap\year=2001\month=12\part.jsonl
yonhap_20011204_economy_p001,yonhap,2001-12-04,economy,1,pending,,data\raw_lake\source_archive\source=yonhap\year=2001\month=12\part.jsonl
yonhap_20011204_society_p001,yonhap,2001-12-04,society,1,pending,,data\raw_lake\source_archive\source=yonhap\year=2001\month=12\part.jsonl
yonhap_20011205_all_p001,yonhap,2001-12-05,all,1,pending,,data\raw_lake\source_archive\source=yonhap\year=2001\month=12\part.jsonl
yonhap_20011205_politics_p001,yonhap,2001-12-05,politics,1,pending,,data\raw_lake\source_archive\source=yonhap\year=2001\month=12\part.jsonl
yonhap_20011205_economy_p001,yonhap,2001-12-05,economy,1,pending,,data\raw_lake\source_archive\source=yonhap\year=2001\month=12\part.jsonl
yonhap_20011205_society_p001,yonhap,2001-12-05,society,1,pending,,data\raw_lake\source_archive\source=yonhap\year=2001\month=12\part.jsonl
yonhap_20011206_all_p001,yonhap,2001-12-06,all,1,pending,,data\raw_lake\source_archive\source=yonhap\year=2001\month=12\part.jsonl
yonhap_20011206_politics_p001,yonhap,2001-12-06,politics,1,pending,,data\raw_lake\source_archive\source=yonhap\year=2001\month=12\part.jsonl
yonhap_20011206_economy_p001,yonhap,2001-12-06,economy,1,pending,,data\raw_lake\source_archive\source=yonhap\year=2001\month=12\part.jsonl
yonhap_20011206_society_p001,yonhap,2001-12-06,society,1,pending,,data\raw_lake\source_archive\source=yonhap\year=2001\month=12\part.jsonl
yonhap_20011207_all_p001,yonhap,2001-12-07,all,1,pending,,data\raw_lake\source_archive\source=yonhap\year=2001\month=12\part.jsonl
yonhap_20011207_politics_p001,yonhap,2001-12-07,politics,1,pending,,data\raw_lake\source_archive\source=yonhap\year=2001\month=12\part.jsonl
yonhap_20011207_economy_p001,yonhap,2001-12-07,economy,1,pending,,data\raw_lake\source_archive\source=yonhap\year=2001\month=12\part.jsonl
yonhap_20011207_society_p001,yonhap,2001-12-07,society,1,pending,,data\raw_lake\source_archive\source=yonhap\year=2001\month=12\part.jsonl
yonhap_20011208_all_p001,yonhap,2001-12-08,all,1,pending,,data\raw_lake\source_archive\source=yonhap\year=2001\month=12\part.jsonl
yonhap_20011208_politics_p001,yonhap,2001-12-08,politics,1,pending,,data\raw_lake\source_archive\source=yonhap\year=2001\month=12\part.jsonl
yonhap_20011208_economy_p001,yonhap,2001-12-08,economy,1,pending,,data\raw_lake\source_archive\source=yonhap\year=2001\month=12\part.jsonl
yonhap_20011208_society_p001,yonhap,2001-12-08,society,1,pending,,data\raw_lake\source_archive\source=yonhap\year=2001\month=12\part.jsonl
yonhap_20011209_all_p001,yonhap,2001-12-09,all,1,pending,,data\raw_lake\source_archive\source=yonhap\year=2001\month=12\part.jsonl
yonhap_20011209_politics_p001,yonhap,2001-12-09,politics,1,pending,,data\raw_lake\source_archive\source=yonhap\year=2001\month=12\part.jsonl
yonhap_20011209_economy_p001,yonhap,2001-12-09,economy,1,pending,,data\raw_lake\source_archive\source=yonhap\year=2001\month=12\part.jsonl
yonhap_20011209_society_p001,yonhap,2001-12-09,society,1,pending,,data\raw_lake\source_archive\source=yonhap\year=2001\month=12\part.jsonl
yonhap_20011210_all_p001,yonhap,2001-12-10,all,1,pending,,data\raw_lake\source_archive\source=yonhap\year=2001\month=12\part.jsonl
yonhap_20011210_politics_p001,yonhap,2001-12-10,politics,1,pending,,data\raw_lake\source_archive\source=yonhap\year=2001\month=12\part.jsonl
yonhap_20011210_economy_p001,yonhap,2001-12-10,economy,1,pending,,data\raw_lake\source_archive\source=yonhap\year=2001\month=12\part.jsonl
yonhap_20011210_society_p001,yonhap,2001-12-10,society,1,pending,,data\raw_lake\source_archive\source=yonhap\year=2001\month=12\part.jsonl
yonhap_20011211_all_p001,yonhap,2001-12-11,all,1,pending,,data\raw_lake\source_archive\source=yonhap\year=2001\month=12\part.jsonl
yonhap_20011211_politics_p001,yonhap,2001-12-11,politics,1,pending,,data\raw_lake\source_archive\source=yonhap\year=2001\month=12\part.jsonl
yonhap_20011211_economy_p001,yonhap,2001-12-11,economy,1,pending,,data\raw_lake\source_archive\source=yonhap\year=2001\month=12\part.jsonl
yonhap_20011211_society_p001,yonhap,2001-12-11,society,1,pending,,data\raw_lake\source_archive\source=yonhap\year=2001\month=12\part.jsonl
yonhap_20011212_all_p001,yonhap,2001-12-12,all,1,pending,,data\raw_lake\source_archive\source=yonhap\year=2001\month=12\part.jsonl
yonhap_20011212_politics_p001,yonhap,2001-12-12,politics,1,pending,,data\raw_lake\source_archive\source=yonhap\year=2001\month=12\part.jsonl
yonhap_20011212_economy_p001,yonhap,2001-12-12,economy,1,pending,,data\raw_lake\source_archive\source=yonhap\year=2001\month=12\part.jsonl
yonhap_20011212_society_p001,yonhap,2001-12-12,society,1,pending,,data\raw_lake\source_archive\source=yonhap\year=2001\month=12\part.jsonl
yonhap_20011213_all_p001,yonhap,2001-12-13,all,1,pending,,data\raw_lake\source_archive\source=yonhap\year=2001\month=12\part.jsonl
yonhap_20011213_politics_p001,yonhap,2001-12-13,politics,1,pending,,data\raw_lake\source_archive\source=yonhap\year=2001\month=12\part.jsonl
yonhap_20011213_economy_p001,yonhap,2001-12-13,economy,1,pending,,data\raw_lake\source_archive\source=yonhap\year=2001\month=12\part.jsonl
yonhap_20011213_society_p001,yonhap,2001-12-13,society,1,pending,,data\raw_lake\source_archive\source=yonhap\year=2001\month=12\part.jsonl
yonhap_20011214_all_p001,yonhap,2001-12-14,all,1,pending,,data\raw_lake\source_archive\source=yonhap\year=2001\month=12\part.jsonl
yonhap_20011214_politics_p001,yonhap,2001-12-14,politics,1,pending,,data\raw_lake\source_archive\source=yonhap\year=2001\month=12\part.jsonl
yonhap_20011214_economy_p001,yonhap,2001-12-14,economy,1,pending,,data\raw_lake\source_archive\source=yonhap\year=2001\month=12\part.jsonl
yonhap_20011214_society_p001,yonhap,2001-12-14,society,1,pending,,data\raw_lake\source_archive\source=yonhap\year=2001\month=12\part.jsonl
yonhap_20011215_all_p001,yonhap,2001-12-15,all,1,pending,,data\raw_lake\source_archive\source=yonhap\year=2001\month=12\part.jsonl
yonhap_20011215_politics_p001,yonhap,2001-12-15,politics,1,pending,,data\raw_lake\source_archive\source=yonhap\year=2001\month=12\part.jsonl
yonhap_20011215_economy_p001,yonhap,2001-12-15,economy,1,pending,,data\raw_lake\source_archive\source=yonhap\year=2001\month=12\part.jsonl
yonhap_20011215_society_p001,yonhap,2001-12-15,society,1,pending,,data\raw_lake\source_archive\source=yonhap\year=2001\month=12\part.jsonl
yonhap_20011216_all_p001,yonhap,2001-12-16,all,1,pending,,data\raw_lake\source_archive\source=yonhap\year=2001\month=12\part.jsonl
yonhap_20011216_politics_p001,yonhap,2001-12-16,politics,1,pending,,data\raw_lake\source_archive\source=yonhap\year=2001\month=12\part.jsonl
yonhap_20011216_economy_p001,yonhap,2001-12-16,economy,1,pending,,data\raw_lake\source_archive\source=yonhap\year=2001\month=12\part.jsonl
yonhap_20011216_society_p001,yonhap,2001-12-16,society,1,pending,,data\raw_lake\source_archive\source=yonhap\year=2001\month=12\part.jsonl
yonhap_20011217_all_p001,yonhap,2001-12-17,all,1,pending,,data\raw_lake\source_archive\source=yonhap\year=2001\month=12\part.jsonl
yonhap_20011217_politics_p001,yonhap,2001-12-17,politics,1,pending,,data\raw_lake\source_archive\source=yonhap\year=2001\month=12\part.jsonl
yonhap_20011217_economy_p001,yonhap,2001-12-17,economy,1,pending,,data\raw_lake\source_archive\source=yonhap\year=2001\month=12\part.jsonl
yonhap_20011217_society_p001,yonhap,2001-12-17,society,1,pending,,data\raw_lake\source_archive\source=yonhap\year=2001\month=12\part.jsonl
yonhap_20011218_all_p001,yonhap,2001-12-18,all,1,pending,,data\raw_lake\source_archive\source=yonhap\year=2001\month=12\part.jsonl
yonhap_20011218_politics_p001,yonhap,2001-12-18,politics,1,pending,,data\raw_lake\source_archive\source=yonhap\year=2001\month=12\part.jsonl
yonhap_20011218_economy_p001,yonhap,2001-12-18,economy,1,pending,,data\raw_lake\source_archive\source=yonhap\year=2001\month=12\part.jsonl
yonhap_20011218_society_p001,yonhap,2001-12-18,society,1,pending,,data\raw_lake\source_archive\source=yonhap\year=2001\month=12\part.jsonl
yonhap_20011219_all_p001,yonhap,2001-12-19,all,1,pending,,data\raw_lake\source_archive\source=yonhap\year=2001\month=12\part.jsonl
yonhap_20011219_politics_p001,yonhap,2001-12-19,politics,1,pending,,data\raw_lake\source_archive\source=yonhap\year=2001\month=12\part.jsonl
yonhap_20011219_economy_p001,yonhap,2001-12-19,economy,1,pending,,data\raw_lake\source_archive\source=yonhap\year=2001\month=12\part.jsonl
yonhap_20011219_society_p001,yonhap,2001-12-19,society,1,pending,,data\raw_lake\source_archive\source=yonhap\year=2001\month=12\part.jsonl
yonhap_20011220_all_p001,yonhap,2001-12-20,all,1,pending,,data\raw_lake\source_archive\source=yonhap\year=2001\month=12\part.jsonl
yonhap_20011220_politics_p001,yonhap,2001-12-20,politics,1,pending,,data\raw_lake\source_archive\source=yonhap\year=2001\month=12\part.jsonl
yonhap_20011220_economy_p001,yonhap,2001-12-20,economy,1,pending,,data\raw_lake\source_archive\source=yonhap\year=2001\month=12\part.jsonl
yonhap_20011220_society_p001,yonhap,2001-12-20,society,1,pending,,data\raw_lake\source_archive\source=yonhap\year=2001\month=12\part.jsonl
yonhap_20011221_all_p001,yonhap,2001-12-21,all,1,pending,,data\raw_lake\source_archive\source=yonhap\year=2001\month=12\part.jsonl
yonhap_20011221_politics_p001,yonhap,2001-12-21,politics,1,pending,,data\raw_lake\source_archive\source=yonhap\year=2001\month=12\part.jsonl
yonhap_20011221_economy_p001,yonhap,2001-12-21,economy,1,pending,,data\raw_lake\source_archive\source=yonhap\year=2001\month=12\part.jsonl
yonhap_20011221_society_p001,yonhap,2001-12-21,society,1,pending,,data\raw_lake\source_archive\source=yonhap\year=2001\month=12\part.jsonl
yonhap_20011222_all_p001,yonhap,2001-12-22,all,1,pending,,data\raw_lake\source_archive\source=yonhap\year=2001\month=12\part.jsonl
yonhap_20011222_politics_p001,yonhap,2001-12-22,politics,1,pending,,data\raw_lake\source_archive\source=yonhap\year=2001\month=12\part.jsonl
yonhap_20011222_economy_p001,yonhap,2001-12-22,economy,1,pending,,data\raw_lake\source_archive\source=yonhap\year=2001\month=12\part.jsonl
yonhap_20011222_society_p001,yonhap,2001-12-22,society,1,pending,,data\raw_lake\source_archive\source=yonhap\year=2001\month=12\part.jsonl
yonhap_20011223_all_p001,yonhap,2001-12-23,all,1,pending,,data\raw_lake\source_archive\source=yonhap\year=2001\month=12\part.jsonl
yonhap_20011223_politics_p001,yonhap,2001-12-23,politics,1,pending,,data\raw_lake\source_archive\source=yonhap\year=2001\month=12\part.jsonl
yonhap_20011223_economy_p001,yonhap,2001-12-23,economy,1,pending,,data\raw_lake\source_archive\source=yonhap\year=2001\month=12\part.jsonl
yonhap_20011223_society_p001,yonhap,2001-12-23,society,1,pending,,data\raw_lake\source_archive\source=yonhap\year=2001\month=12\part.jsonl
yonhap_20011224_all_p001,yonhap,2001-12-24,all,1,pending,,data\raw_lake\source_archive\source=yonhap\year=2001\month=12\part.jsonl
yonhap_20011224_politics_p001,yonhap,2001-12-24,politics,1,pending,,data\raw_lake\source_archive\source=yonhap\year=2001\month=12\part.jsonl
yonhap_20011224_economy_p001,yonhap,2001-12-24,economy,1,pending,,data\raw_lake\source_archive\source=yonhap\year=2001\month=12\part.jsonl
yonhap_20011224_society_p001,yonhap,2001-12-24,society,1,pending,,data\raw_lake\source_archive\source=yonhap\year=2001\month=12\part.jsonl
yonhap_20011225_all_p001,yonhap,2001-12-25,all,1,pending,,data\raw_lake\source_archive\source=yonhap\year=2001\month=12\part.jsonl
yonhap_20011225_politics_p001,yonhap,2001-12-25,politics,1,pending,,data\raw_lake\source_archive\source=yonhap\year=2001\month=12\part.jsonl
yonhap_20011225_economy_p001,yonhap,2001-12-25,economy,1,pending,,data\raw_lake\source_archive\source=yonhap\year=2001\month=12\part.jsonl
yonhap_20011225_society_p001,yonhap,2001-12-25,society,1,pending,,data\raw_lake\source_archive\source=yonhap\year=2001\month=12\part.jsonl
yonhap_20011226_all_p001,yonhap,2001-12-26,all,1,pending,,data\raw_lake\source_archive\source=yonhap\year=2001\month=12\part.jsonl
yonhap_20011226_politics_p001,yonhap,2001-12-26,politics,1,pending,,data\raw_lake\source_archive\source=yonhap\year=2001\month=12\part.jsonl
yonhap_20011226_economy_p001,yonhap,2001-12-26,economy,1,pending,,data\raw_lake\source_archive\source=yonhap\year=2001\month=12\part.jsonl
yonhap_20011226_society_p001,yonhap,2001-12-26,society,1,pending,,data\raw_lake\source_archive\source=yonhap\year=2001\month=12\part.jsonl
yonhap_20011227_all_p001,yonhap,2001-12-27,all,1,pending,,data\raw_lake\source_archive\source=yonhap\year=2001\month=12\part.jsonl
yonhap_20011227_politics_p001,yonhap,2001-12-27,politics,1,pending,,data\raw_lake\source_archive\source=yonhap\year=2001\month=12\part.jsonl
yonhap_20011227_economy_p001,yonhap,2001-12-27,economy,1,pending,,data\raw_lake\source_archive\source=yonhap\year=2001\month=12\part.jsonl
yonhap_20011227_society_p001,yonhap,2001-12-27,society,1,pending,,data\raw_lake\source_archive\source=yonhap\year=2001\month=12\part.jsonl
yonhap_20011228_all_p001,yonhap,2001-12-28,all,1,pending,,data\raw_lake\source_archive\source=yonhap\year=2001\month=12\part.jsonl
yonhap_20011228_politics_p001,yonhap,2001-12-28,politics,1,pending,,data\raw_lake\source_archive\source=yonhap\year=2001\month=12\part.jsonl
yonhap_20011228_economy_p001,yonhap,2001-12-28,economy,1,pending,,data\raw_lake\source_archive\source=yonhap\year=2001\month=12\part.jsonl
yonhap_20011228_society_p001,yonhap,2001-12-28,society,1,pending,,data\raw_lake\source_archive\source=yonhap\year=2001\month=12\part.jsonl
yonhap_20011229_all_p001,yonhap,2001-12-29,all,1,pending,,data\raw_lake\source_archive\source=yonhap\year=2001\month=12\part.jsonl
yonhap_20011229_politics_p001,yonhap,2001-12-29,politics,1,pending,,data\raw_lake\source_archive\source=yonhap\year=2001\month=12\part.jsonl
yonhap_20011229_economy_p001,yonhap,2001-12-29,economy,1,pending,,data\raw_lake\source_archive\source=yonhap\year=2001\month=12\part.jsonl
yonhap_20011229_society_p001,yonhap,2001-12-29,society,1,pending,,data\raw_lake\source_archive\source=yonhap\year=2001\month=12\part.jsonl
yonhap_20011230_all_p001,yonhap,2001-12-30,all,1,pending,,data\raw_lake\source_archive\source=yonhap\year=2001\month=12\part.jsonl
yonhap_20011230_politics_p001,yonhap,2001-12-30,politics,1,pending,,data\raw_lake\source_archive\source=yonhap\year=2001\month=12\part.jsonl
yonhap_20011230_economy_p001,yonhap,2001-12-30,economy,1,pending,,data\raw_lake\source_archive\source=yonhap\year=2001\month=12\part.jsonl
yonhap_20011230_society_p001,yonhap,2001-12-30,society,1,pending,,data\raw_lake\source_archive\source=yonhap\year=2001\month=12\part.jsonl
yonhap_20011231_all_p001,yonhap,2001-12-31,all,1,pending,,data\raw_lake\source_archive\source=yonhap\year=2001\month=12\part.jsonl
yonhap_20011231_politics_p001,yonhap,2001-12-31,politics,1,pending,,data\raw_lake\source_archive\source=yonhap\year=2001\month=12\part.jsonl
yonhap_20011231_economy_p001,yonhap,2001-12-31,economy,1,pending,,data\raw_lake\source_archive\source=yonhap\year=2001\month=12\part.jsonl
yonhap_20011231_society_p001,yonhap,2001-12-31,society,1,pending,,data\raw_lake\source_archive\source=yonhap\year=2001\month=12\part.jsonl
yonhap_20020101_all_p001,yonhap,2002-01-01,all,1,pending,,data\raw_lake\source_archive\source=yonhap\year=2002\month=01\part.jsonl
yonhap_20020101_politics_p001,yonhap,2002-01-01,politics,1,pending,,data\raw_lake\source_archive\source=yonhap\year=2002\month=01\part.jsonl
yonhap_20020101_economy_p001,yonhap,2002-01-01,economy,1,pending,,data\raw_lake\source_archive\source=yonhap\year=2002\month=01\part.jsonl
yonhap_20020101_society_p001,yonhap,2002-01-01,society,1,pending,,data\raw_lake\source_archive\source=yonhap\year=2002\month=01\part.jsonl
yonhap_20020102_all_p001,yonhap,2002-01-02,all,1,pending,,data\raw_lake\source_archive\source=yonhap\year=2002\month=01\part.jsonl
yonhap_20020102_politics_p001,yonhap,2002-01-02,politics,1,pending,,data\raw_lake\source_archive\source=yonhap\year=2002\month=01\part.jsonl
yonhap_20020102_economy_p001,yonhap,2002-01-02,economy,1,pending,,data\raw_lake\source_archive\source=yonhap\year=2002\month=01\part.jsonl
yonhap_20020102_society_p001,yonhap,2002-01-02,society,1,pending,,data\raw_lake\source_archive\source=yonhap\year=2002\month=01\part.jsonl
yonhap_20020103_all_p001,yonhap,2002-01-03,all,1,pending,,data\raw_lake\source_archive\source=yonhap\year=2002\month=01\part.jsonl
yonhap_20020103_politics_p001,yonhap,2002-01-03,politics,1,pending,,data\raw_lake\source_archive\source=yonhap\year=2002\month=01\part.jsonl
yonhap_20020103_economy_p001,yonhap,2002-01-03,economy,1,pending,,data\raw_lake\source_archive\source=yonhap\year=2002\month=01\part.jsonl
yonhap_20020103_society_p001,yonhap,2002-01-03,society,1,pending,,data\raw_lake\source_archive\source=yonhap\year=2002\month=01\part.jsonl
yonhap_20020104_all_p001,yonhap,2002-01-04,all,1,pending,,data\raw_lake\source_archive\source=yonhap\year=2002\month=01\part.jsonl
yonhap_20020104_politics_p001,yonhap,2002-01-04,politics,1,pending,,data\raw_lake\source_archive\source=yonhap\year=2002\month=01\part.jsonl
yonhap_20020104_economy_p001,yonhap,2002-01-04,economy,1,pending,,data\raw_lake\source_archive\source=yonhap\year=2002\month=01\part.jsonl
yonhap_20020104_society_p001,yonhap,2002-01-04,society,1,pending,,data\raw_lake\source_archive\source=yonhap\year=2002\month=01\part.jsonl
yonhap_20020105_all_p001,yonhap,2002-01-05,all,1,pending,,data\raw_lake\source_archive\source=yonhap\year=2002\month=01\part.jsonl
yonhap_20020105_politics_p001,yonhap,2002-01-05,politics,1,pending,,data\raw_lake\source_archive\source=yonhap\year=2002\month=01\part.jsonl
yonhap_20020105_economy_p001,yonhap,2002-01-05,economy,1,pending,,data\raw_lake\source_archive\source=yonhap\year=2002\month=01\part.jsonl
yonhap_20020105_society_p001,yonhap,2002-01-05,society,1,pending,,data\raw_lake\source_archive\source=yonhap\year=2002\month=01\part.jsonl
yonhap_20020106_all_p001,yonhap,2002-01-06,all,1,pending,,data\raw_lake\source_archive\source=yonhap\year=2002\month=01\part.jsonl
yonhap_20020106_politics_p001,yonhap,2002-01-06,politics,1,pending,,data\raw_lake\source_archive\source=yonhap\year=2002\month=01\part.jsonl
yonhap_20020106_economy_p001,yonhap,2002-01-06,economy,1,pending,,data\raw_lake\source_archive\source=yonhap\year=2002\month=01\part.jsonl
yonhap_20020106_society_p001,yonhap,2002-01-06,society,1,pending,,data\raw_lake\source_archive\source=yonhap\year=2002\month=01\part.jsonl
yonhap_20020107_all_p001,yonhap,2002-01-07,all,1,pending,,data\raw_lake\source_archive\source=yonhap\year=2002\month=01\part.jsonl
yonhap_20020107_politics_p001,yonhap,2002-01-07,politics,1,pending,,data\raw_lake\source_archive\source=yonhap\year=2002\month=01\part.jsonl
yonhap_20020107_economy_p001,yonhap,2002-01-07,economy,1,pending,,data\raw_lake\source_archive\source=yonhap\year=2002\month=01\part.jsonl
yonhap_20020107_society_p001,yonhap,2002-01-07,society,1,pending,,data\raw_lake\source_archive\source=yonhap\year=2002\month=01\part.jsonl
yonhap_20020108_all_p001,yonhap,2002-01-08,all,1,pending,,data\raw_lake\source_archive\source=yonhap\year=2002\month=01\part.jsonl
yonhap_20020108_politics_p001,yonhap,2002-01-08,politics,1,pending,,data\raw_lake\source_archive\source=yonhap\year=2002\month=01\part.jsonl
yonhap_20020108_economy_p001,yonhap,2002-01-08,economy,1,pending,,data\raw_lake\source_archive\source=yonhap\year=2002\month=01\part.jsonl
yonhap_20020108_society_p001,yonhap,2002-01-08,society,1,pending,,data\raw_lake\source_archive\source=yonhap\year=2002\month=01\part.jsonl
yonhap_20020109_all_p001,yonhap,2002-01-09,all,1,pending,,data\raw_lake\source_archive\source=yonhap\year=2002\month=01\part.jsonl
yonhap_20020109_politics_p001,yonhap,2002-01-09,politics,1,pending,,data\raw_lake\source_archive\source=yonhap\year=2002\month=01\part.jsonl
yonhap_20020109_economy_p001,yonhap,2002-01-09,economy,1,pending,,data\raw_lake\source_archive\source=yonhap\year=2002\month=01\part.jsonl
yonhap_20020109_society_p001,yonhap,2002-01-09,society,1,pending,,data\raw_lake\source_archive\source=yonhap\year=2002\month=01\part.jsonl
yonhap_20020110_all_p001,yonhap,2002-01-10,all,1,pending,,data\raw_lake\source_archive\source=yonhap\year=2002\month=01\part.jsonl
yonhap_20020110_politics_p001,yonhap,2002-01-10,politics,1,pending,,data\raw_lake\source_archive\source=yonhap\year=2002\month=01\part.jsonl
yonhap_20020110_economy_p001,yonhap,2002-01-10,economy,1,pending,,data\raw_lake\source_archive\source=yonhap\year=2002\month=01\part.jsonl
yonhap_20020110_society_p001,yonhap,2002-01-10,society,1,pending,,data\raw_lake\source_archive\source=yonhap\year=2002\month=01\part.jsonl
yonhap_20020111_all_p001,yonhap,2002-01-11,all,1,pending,,data\raw_lake\source_archive\source=yonhap\year=2002\month=01\part.jsonl
yonhap_20020111_politics_p001,yonhap,2002-01-11,politics,1,pending,,data\raw_lake\source_archive\source=yonhap\year=2002\month=01\part.jsonl
yonhap_20020111_economy_p001,yonhap,2002-01-11,economy,1,pending,,data\raw_lake\source_archive\source=yonhap\year=2002\month=01\part.jsonl
yonhap_20020111_society_p001,yonhap,2002-01-11,society,1,pending,,data\raw_lake\source_archive\source=yonhap\year=2002\month=01\part.jsonl
yonhap_20020112_all_p001,yonhap,2002-01-12,all,1,pending,,data\raw_lake\source_archive\source=yonhap\year=2002\month=01\part.jsonl
yonhap_20020112_politics_p001,yonhap,2002-01-12,politics,1,pending,,data\raw_lake\source_archive\source=yonhap\year=2002\month=01\part.jsonl
yonhap_20020112_economy_p001,yonhap,2002-01-12,economy,1,pending,,data\raw_lake\source_archive\source=yonhap\year=2002\month=01\part.jsonl
yonhap_20020112_society_p001,yonhap,2002-01-12,society,1,pending,,data\raw_lake\source_archive\source=yonhap\year=2002\month=01\part.jsonl
yonhap_20020113_all_p001,yonhap,2002-01-13,all,1,pending,,data\raw_lake\source_archive\source=yonhap\year=2002\month=01\part.jsonl
yonhap_20020113_politics_p001,yonhap,2002-01-13,politics,1,pending,,data\raw_lake\source_archive\source=yonhap\year=2002\month=01\part.jsonl
yonhap_20020113_economy_p001,yonhap,2002-01-13,economy,1,pending,,data\raw_lake\source_archive\source=yonhap\year=2002\month=01\part.jsonl
yonhap_20020113_society_p001,yonhap,2002-01-13,society,1,pending,,data\raw_lake\source_archive\source=yonhap\year=2002\month=01\part.jsonl
yonhap_20020114_all_p001,yonhap,2002-01-14,all,1,pending,,data\raw_lake\source_archive\source=yonhap\year=2002\month=01\part.jsonl
yonhap_20020114_politics_p001,yonhap,2002-01-14,politics,1,pending,,data\raw_lake\source_archive\source=yonhap\year=2002\month=01\part.jsonl
yonhap_20020114_economy_p001,yonhap,2002-01-14,economy,1,pending,,data\raw_lake\source_archive\source=yonhap\year=2002\month=01\part.jsonl
yonhap_20020114_society_p001,yonhap,2002-01-14,society,1,pending,,data\raw_lake\source_archive\source=yonhap\year=2002\month=01\part.jsonl
yonhap_20020115_all_p001,yonhap,2002-01-15,all,1,pending,,data\raw_lake\source_archive\source=yonhap\year=2002\month=01\part.jsonl
yonhap_20020115_politics_p001,yonhap,2002-01-15,politics,1,pending,,data\raw_lake\source_archive\source=yonhap\year=2002\month=01\part.jsonl
yonhap_20020115_economy_p001,yonhap,2002-01-15,economy,1,pending,,data\raw_lake\source_archive\source=yonhap\year=2002\month=01\part.jsonl
yonhap_20020115_society_p001,yonhap,2002-01-15,society,1,pending,,data\raw_lake\source_archive\source=yonhap\year=2002\month=01\part.jsonl
yonhap_20020116_all_p001,yonhap,2002-01-16,all,1,pending,,data\raw_lake\source_archive\source=yonhap\year=2002\month=01\part.jsonl
yonhap_20020116_politics_p001,yonhap,2002-01-16,politics,1,pending,,data\raw_lake\source_archive\source=yonhap\year=2002\month=01\part.jsonl
yonhap_20020116_economy_p001,yonhap,2002-01-16,economy,1,pending,,data\raw_lake\source_archive\source=yonhap\year=2002\month=01\part.jsonl
yonhap_20020116_society_p001,yonhap,2002-01-16,society,1,pending,,data\raw_lake\source_archive\source=yonhap\year=2002\month=01\part.jsonl
yonhap_20020117_all_p001,yonhap,2002-01-17,all,1,pending,,data\raw_lake\source_archive\source=yonhap\year=2002\month=01\part.jsonl
yonhap_20020117_politics_p001,yonhap,2002-01-17,politics,1,pending,,data\raw_lake\source_archive\source=yonhap\year=2002\month=01\part.jsonl
yonhap_20020117_economy_p001,yonhap,2002-01-17,economy,1,pending,,data\raw_lake\source_archive\source=yonhap\year=2002\month=01\part.jsonl
yonhap_20020117_society_p001,yonhap,2002-01-17,society,1,pending,,data\raw_lake\source_archive\source=yonhap\year=2002\month=01\part.jsonl
yonhap_20020118_all_p001,yonhap,2002-01-18,all,1,pending,,data\raw_lake\source_archive\source=yonhap\year=2002\month=01\part.jsonl
yonhap_20020118_politics_p001,yonhap,2002-01-18,politics,1,pending,,data\raw_lake\source_archive\source=yonhap\year=2002\month=01\part.jsonl
yonhap_20020118_economy_p001,yonhap,2002-01-18,economy,1,pending,,data\raw_lake\source_archive\source=yonhap\year=2002\month=01\part.jsonl
yonhap_20020118_society_p001,yonhap,2002-01-18,society,1,pending,,data\raw_lake\source_archive\source=yonhap\year=2002\month=01\part.jsonl
yonhap_20020119_all_p001,yonhap,2002-01-19,all,1,pending,,data\raw_lake\source_archive\source=yonhap\year=2002\month=01\part.jsonl
yonhap_20020119_politics_p001,yonhap,2002-01-19,politics,1,pending,,data\raw_lake\source_archive\source=yonhap\year=2002\month=01\part.jsonl
yonhap_20020119_economy_p001,yonhap,2002-01-19,economy,1,pending,,data\raw_lake\source_archive\source=yonhap\year=2002\month=01\part.jsonl
yonhap_20020119_society_p001,yonhap,2002-01-19,society,1,pending,,data\raw_lake\source_archive\source=yonhap\year=2002\month=01\part.jsonl
yonhap_20020120_all_p001,yonhap,2002-01-20,all,1,pending,,data\raw_lake\source_archive\source=yonhap\year=2002\month=01\part.jsonl
yonhap_20020120_politics_p001,yonhap,2002-01-20,politics,1,pending,,data\raw_lake\source_archive\source=yonhap\year=2002\month=01\part.jsonl
yonhap_20020120_economy_p001,yonhap,2002-01-20,economy,1,pending,,data\raw_lake\source_archive\source=yonhap\year=2002\month=01\part.jsonl
yonhap_20020120_society_p001,yonhap,2002-01-20,society,1,pending,,data\raw_lake\source_archive\source=yonhap\year=2002\month=01\part.jsonl
yonhap_20020121_all_p001,yonhap,2002-01-21,all,1,pending,,data\raw_lake\source_archive\source=yonhap\year=2002\month=01\part.jsonl
yonhap_20020121_politics_p001,yonhap,2002-01-21,politics,1,pending,,data\raw_lake\source_archive\source=yonhap\year=2002\month=01\part.jsonl
yonhap_20020121_economy_p001,yonhap,2002-01-21,economy,1,pending,,data\raw_lake\source_archive\source=yonhap\year=2002\month=01\part.jsonl
yonhap_20020121_society_p001,yonhap,2002-01-21,society,1,pending,,data\raw_lake\source_archive\source=yonhap\year=2002\month=01\part.jsonl
yonhap_20020122_all_p001,yonhap,2002-01-22,all,1,pending,,data\raw_lake\source_archive\source=yonhap\year=2002\month=01\part.jsonl
yonhap_20020122_politics_p001,yonhap,2002-01-22,politics,1,pending,,data\raw_lake\source_archive\source=yonhap\year=2002\month=01\part.jsonl
yonhap_20020122_economy_p001,yonhap,2002-01-22,economy,1,pending,,data\raw_lake\source_archive\source=yonhap\year=2002\month=01\part.jsonl
yonhap_20020122_society_p001,yonhap,2002-01-22,society,1,pending,,data\raw_lake\source_archive\source=yonhap\year=2002\month=01\part.jsonl
yonhap_20020123_all_p001,yonhap,2002-01-23,all,1,pending,,data\raw_lake\source_archive\source=yonhap\year=2002\month=01\part.jsonl
yonhap_20020123_politics_p001,yonhap,2002-01-23,politics,1,pending,,data\raw_lake\source_archive\source=yonhap\year=2002\month=01\part.jsonl
yonhap_20020123_economy_p001,yonhap,2002-01-23,economy,1,pending,,data\raw_lake\source_archive\source=yonhap\year=2002\month=01\part.jsonl
yonhap_20020123_society_p001,yonhap,2002-01-23,society,1,pending,,data\raw_lake\source_archive\source=yonhap\year=2002\month=01\part.jsonl
yonhap_20020124_all_p001,yonhap,2002-01-24,all,1,pending,,data\raw_lake\source_archive\source=yonhap\year=2002\month=01\part.jsonl
yonhap_20020124_politics_p001,yonhap,2002-01-24,politics,1,pending,,data\raw_lake\source_archive\source=yonhap\year=2002\month=01\part.jsonl
yonhap_20020124_economy_p001,yonhap,2002-01-24,economy,1,pending,,data\raw_lake\source_archive\source=yonhap\year=2002\month=01\part.jsonl
yonhap_20020124_society_p001,yonhap,2002-01-24,society,1,pending,,data\raw_lake\source_archive\source=yonhap\year=2002\month=01\part.jsonl
yonhap_20020125_all_p001,yonhap,2002-01-25,all,1,pending,,data\raw_lake\source_archive\source=yonhap\year=2002\month=01\part.jsonl
yonhap_20020125_politics_p001,yonhap,2002-01-25,politics,1,pending,,data\raw_lake\source_archive\source=yonhap\year=2002\month=01\part.jsonl
yonhap_20020125_economy_p001,yonhap,2002-01-25,economy,1,pending,,data\raw_lake\source_archive\source=yonhap\year=2002\month=01\part.jsonl
yonhap_20020125_society_p001,yonhap,2002-01-25,society,1,pending,,data\raw_lake\source_archive\source=yonhap\year=2002\month=01\part.jsonl
yonhap_20020126_all_p001,yonhap,2002-01-26,all,1,pending,,data\raw_lake\source_archive\source=yonhap\year=2002\month=01\part.jsonl
yonhap_20020126_politics_p001,yonhap,2002-01-26,politics,1,pending,,data\raw_lake\source_archive\source=yonhap\year=2002\month=01\part.jsonl
yonhap_20020126_economy_p001,yonhap,2002-01-26,economy,1,pending,,data\raw_lake\source_archive\source=yonhap\year=2002\month=01\part.jsonl
yonhap_20020126_society_p001,yonhap,2002-01-26,society,1,pending,,data\raw_lake\source_archive\source=yonhap\year=2002\month=01\part.jsonl
yonhap_20020127_all_p001,yonhap,2002-01-27,all,1,pending,,data\raw_lake\source_archive\source=yonhap\year=2002\month=01\part.jsonl
yonhap_20020127_politics_p001,yonhap,2002-01-27,politics,1,pending,,data\raw_lake\source_archive\source=yonhap\year=2002\month=01\part.jsonl
yonhap_20020127_economy_p001,yonhap,2002-01-27,economy,1,pending,,data\raw_lake\source_archive\source=yonhap\year=2002\month=01\part.jsonl
yonhap_20020127_society_p001,yonhap,2002-01-27,society,1,pending,,data\raw_lake\source_archive\source=yonhap\year=2002\month=01\part.jsonl
yonhap_20020128_all_p001,yonhap,2002-01-28,all,1,pending,,data\raw_lake\source_archive\source=yonhap\year=2002\month=01\part.jsonl
yonhap_20020128_politics_p001,yonhap,2002-01-28,politics,1,pending,,data\raw_lake\source_archive\source=yonhap\year=2002\month=01\part.jsonl
yonhap_20020128_economy_p001,yonhap,2002-01-28,economy,1,pending,,data\raw_lake\source_archive\source=yonhap\year=2002\month=01\part.jsonl
yonhap_20020128_society_p001,yonhap,2002-01-28,society,1,pending,,data\raw_lake\source_archive\source=yonhap\year=2002\month=01\part.jsonl
yonhap_20020129_all_p001,yonhap,2002-01-29,all,1,pending,,data\raw_lake\source_archive\source=yonhap\year=2002\month=01\part.jsonl
yonhap_20020129_politics_p001,yonhap,2002-01-29,politics,1,pending,,data\raw_lake\source_archive\source=yonhap\year=2002\month=01\part.jsonl
yonhap_20020129_economy_p001,yonhap,2002-01-29,economy,1,pending,,data\raw_lake\source_archive\source=yonhap\year=2002\month=01\part.jsonl
yonhap_20020129_society_p001,yonhap,2002-01-29,society,1,pending,,data\raw_lake\source_archive\source=yonhap\year=2002\month=01\part.jsonl
yonhap_20020130_all_p001,yonhap,2002-01-30,all,1,pending,,data\raw_lake\source_archive\source=yonhap\year=2002\month=01\part.jsonl
yonhap_20020130_politics_p001,yonhap,2002-01-30,politics,1,pending,,data\raw_lake\source_archive\source=yonhap\year=2002\month=01\part.jsonl
yonhap_20020130_economy_p001,yonhap,2002-01-30,economy,1,pending,,data\raw_lake\source_archive\source=yonhap\year=2002\month=01\part.jsonl
yonhap_20020130_society_p001,yonhap,2002-01-30,society,1,pending,,data\raw_lake\source_archive\source=yonhap\year=2002\month=01\part.jsonl
yonhap_20020131_all_p001,yonhap,2002-01-31,all,1,pending,,data\raw_lake\source_archive\source=yonhap\year=2002\month=01\part.jsonl
yonhap_20020131_politics_p001,yonhap,2002-01-31,politics,1,pending,,data\raw_lake\source_archive\source=yonhap\year=2002\month=01\part.jsonl
yonhap_20020131_economy_p001,yonhap,2002-01-31,economy,1,pending,,data\raw_lake\source_archive\source=yonhap\year=2002\month=01\part.jsonl
yonhap_20020131_society_p001,yonhap,2002-01-31,society,1,pending,,data\raw_lake\source_archive\source=yonhap\year=2002\month=01\part.jsonl
yonhap_20020201_all_p001,yonhap,2002-02-01,all,1,pending,,data\raw_lake\source_archive\source=yonhap\year=2002\month=02\part.jsonl
yonhap_20020201_politics_p001,yonhap,2002-02-01,politics,1,pending,,data\raw_lake\source_archive\source=yonhap\year=2002\month=02\part.jsonl
yonhap_20020201_economy_p001,yonhap,2002-02-01,economy,1,pending,,data\raw_lake\source_archive\source=yonhap\year=2002\month=02\part.jsonl
yonhap_20020201_society_p001,yonhap,2002-02-01,society,1,pending,,data\raw_lake\source_archive\source=yonhap\year=2002\month=02\part.jsonl
yonhap_20020202_all_p001,yonhap,2002-02-02,all,1,pending,,data\raw_lake\source_archive\source=yonhap\year=2002\month=02\part.jsonl
yonhap_20020202_politics_p001,yonhap,2002-02-02,politics,1,pending,,data\raw_lake\source_archive\source=yonhap\year=2002\month=02\part.jsonl
yonhap_20020202_economy_p001,yonhap,2002-02-02,economy,1,pending,,data\raw_lake\source_archive\source=yonhap\year=2002\month=02\part.jsonl
yonhap_20020202_society_p001,yonhap,2002-02-02,society,1,pending,,data\raw_lake\source_archive\source=yonhap\year=2002\month=02\part.jsonl
yonhap_20020203_all_p001,yonhap,2002-02-03,all,1,pending,,data\raw_lake\source_archive\source=yonhap\year=2002\month=02\part.jsonl
yonhap_20020203_politics_p001,yonhap,2002-02-03,politics,1,pending,,data\raw_lake\source_archive\source=yonhap\year=2002\month=02\part.jsonl
yonhap_20020203_economy_p001,yonhap,2002-02-03,economy,1,pending,,data\raw_lake\source_archive\source=yonhap\year=2002\month=02\part.jsonl
yonhap_20020203_society_p001,yonhap,2002-02-03,society,1,pending,,data\raw_lake\source_archive\source=yonhap\year=2002\month=02\part.jsonl
yonhap_20020204_all_p001,yonhap,2002-02-04,all,1,pending,,data\raw_lake\source_archive\source=yonhap\year=2002\month=02\part.jsonl
yonhap_20020204_politics_p001,yonhap,2002-02-04,politics,1,pending,,data\raw_lake\source_archive\source=yonhap\year=2002\month=02\part.jsonl
yonhap_20020204_economy_p001,yonhap,2002-02-04,economy,1,pending,,data\raw_lake\source_archive\source=yonhap\year=2002\month=02\part.jsonl
yonhap_20020204_society_p001,yonhap,2002-02-04,society,1,pending,,data\raw_lake\source_archive\source=yonhap\year=2002\month=02\part.jsonl
yonhap_20020205_all_p001,yonhap,2002-02-05,all,1,pending,,data\raw_lake\source_archive\source=yonhap\year=2002\month=02\part.jsonl
yonhap_20020205_politics_p001,yonhap,2002-02-05,politics,1,pending,,data\raw_lake\source_archive\source=yonhap\year=2002\month=02\part.jsonl
yonhap_20020205_economy_p001,yonhap,2002-02-05,economy,1,pending,,data\raw_lake\source_archive\source=yonhap\year=2002\month=02\part.jsonl
yonhap_20020205_society_p001,yonhap,2002-02-05,society,1,pending,,data\raw_lake\source_archive\source=yonhap\year=2002\month=02\part.jsonl
yonhap_20020206_all_p001,yonhap,2002-02-06,all,1,pending,,data\raw_lake\source_archive\source=yonhap\year=2002\month=02\part.jsonl
yonhap_20020206_politics_p001,yonhap,2002-02-06,politics,1,pending,,data\raw_lake\source_archive\source=yonhap\year=2002\month=02\part.jsonl
yonhap_20020206_economy_p001,yonhap,2002-02-06,economy,1,pending,,data\raw_lake\source_archive\source=yonhap\year=2002\month=02\part.jsonl
yonhap_20020206_society_p001,yonhap,2002-02-06,society,1,pending,,data\raw_lake\source_archive\source=yonhap\year=2002\month=02\part.jsonl
yonhap_20020207_all_p001,yonhap,2002-02-07,all,1,pending,,data\raw_lake\source_archive\source=yonhap\year=2002\month=02\part.jsonl
yonhap_20020207_politics_p001,yonhap,2002-02-07,politics,1,pending,,data\raw_lake\source_archive\source=yonhap\year=2002\month=02\part.jsonl
yonhap_20020207_economy_p001,yonhap,2002-02-07,economy,1,pending,,data\raw_lake\source_archive\source=yonhap\year=2002\month=02\part.jsonl
yonhap_20020207_society_p001,yonhap,2002-02-07,society,1,pending,,data\raw_lake\source_archive\source=yonhap\year=2002\month=02\part.jsonl
yonhap_20020208_all_p001,yonhap,2002-02-08,all,1,pending,,data\raw_lake\source_archive\source=yonhap\year=2002\month=02\part.jsonl
yonhap_20020208_politics_p001,yonhap,2002-02-08,politics,1,pending,,data\raw_lake\source_archive\source=yonhap\year=2002\month=02\part.jsonl
yonhap_20020208_economy_p001,yonhap,2002-02-08,economy,1,pending,,data\raw_lake\source_archive\source=yonhap\year=2002\month=02\part.jsonl
yonhap_20020208_society_p001,yonhap,2002-02-08,society,1,pending,,data\raw_lake\source_archive\source=yonhap\year=2002\month=02\part.jsonl
yonhap_20020209_all_p001,yonhap,2002-02-09,all,1,pending,,data\raw_lake\source_archive\source=yonhap\year=2002\month=02\part.jsonl
yonhap_20020209_politics_p001,yonhap,2002-02-09,politics,1,pending,,data\raw_lake\source_archive\source=yonhap\year=2002\month=02\part.jsonl
yonhap_20020209_economy_p001,yonhap,2002-02-09,economy,1,pending,,data\raw_lake\source_archive\source=yonhap\year=2002\month=02\part.jsonl
yonhap_20020209_society_p001,yonhap,2002-02-09,society,1,pending,,data\raw_lake\source_archive\source=yonhap\year=2002\month=02\part.jsonl
yonhap_20020210_all_p001,yonhap,2002-02-10,all,1,pending,,data\raw_lake\source_archive\source=yonhap\year=2002\month=02\part.jsonl
yonhap_20020210_politics_p001,yonhap,2002-02-10,politics,1,pending,,data\raw_lake\source_archive\source=yonhap\year=2002\month=02\part.jsonl
yonhap_20020210_economy_p001,yonhap,2002-02-10,economy,1,pending,,data\raw_lake\source_archive\source=yonhap\year=2002\month=02\part.jsonl
yonhap_20020210_society_p001,yonhap,2002-02-10,society,1,pending,,data\raw_lake\source_archive\source=yonhap\year=2002\month=02\part.jsonl
yonhap_20020211_all_p001,yonhap,2002-02-11,all,1,pending,,data\raw_lake\source_archive\source=yonhap\year=2002\month=02\part.jsonl
yonhap_20020211_politics_p001,yonhap,2002-02-11,politics,1,pending,,data\raw_lake\source_archive\source=yonhap\year=2002\month=02\part.jsonl
yonhap_20020211_economy_p001,yonhap,2002-02-11,economy,1,pending,,data\raw_lake\source_archive\source=yonhap\year=2002\month=02\part.jsonl
yonhap_20020211_society_p001,yonhap,2002-02-11,society,1,pending,,data\raw_lake\source_archive\source=yonhap\year=2002\month=02\part.jsonl
yonhap_20020212_all_p001,yonhap,2002-02-12,all,1,pending,,data\raw_lake\source_archive\source=yonhap\year=2002\month=02\part.jsonl
yonhap_20020212_politics_p001,yonhap,2002-02-12,politics,1,pending,,data\raw_lake\source_archive\source=yonhap\year=2002\month=02\part.jsonl
yonhap_20020212_economy_p001,yonhap,2002-02-12,economy,1,pending,,data\raw_lake\source_archive\source=yonhap\year=2002\month=02\part.jsonl
yonhap_20020212_society_p001,yonhap,2002-02-12,society,1,pending,,data\raw_lake\source_archive\source=yonhap\year=2002\month=02\part.jsonl
yonhap_20020213_all_p001,yonhap,2002-02-13,all,1,pending,,data\raw_lake\source_archive\source=yonhap\year=2002\month=02\part.jsonl
yonhap_20020213_politics_p001,yonhap,2002-02-13,politics,1,pending,,data\raw_lake\source_archive\source=yonhap\year=2002\month=02\part.jsonl
yonhap_20020213_economy_p001,yonhap,2002-02-13,economy,1,pending,,data\raw_lake\source_archive\source=yonhap\year=2002\month=02\part.jsonl
yonhap_20020213_society_p001,yonhap,2002-02-13,society,1,pending,,data\raw_lake\source_archive\source=yonhap\year=2002\month=02\part.jsonl
yonhap_20020214_all_p001,yonhap,2002-02-14,all,1,pending,,data\raw_lake\source_archive\source=yonhap\year=2002\month=02\part.jsonl
yonhap_20020214_politics_p001,yonhap,2002-02-14,politics,1,pending,,data\raw_lake\source_archive\source=yonhap\year=2002\month=02\part.jsonl
yonhap_20020214_economy_p001,yonhap,2002-02-14,economy,1,pending,,data\raw_lake\source_archive\source=yonhap\year=2002\month=02\part.jsonl
yonhap_20020214_society_p001,yonhap,2002-02-14,society,1,pending,,data\raw_lake\source_archive\source=yonhap\year=2002\month=02\part.jsonl
yonhap_20020215_all_p001,yonhap,2002-02-15,all,1,pending,,data\raw_lake\source_archive\source=yonhap\year=2002\month=02\part.jsonl
yonhap_20020215_politics_p001,yonhap,2002-02-15,politics,1,pending,,data\raw_lake\source_archive\source=yonhap\year=2002\month=02\part.jsonl
yonhap_20020215_economy_p001,yonhap,2002-02-15,economy,1,pending,,data\raw_lake\source_archive\source=yonhap\year=2002\month=02\part.jsonl
yonhap_20020215_society_p001,yonhap,2002-02-15,society,1,pending,,data\raw_lake\source_archive\source=yonhap\year=2002\month=02\part.jsonl
yonhap_20020216_all_p001,yonhap,2002-02-16,all,1,pending,,data\raw_lake\source_archive\source=yonhap\year=2002\month=02\part.jsonl
yonhap_20020216_politics_p001,yonhap,2002-02-16,politics,1,pending,,data\raw_lake\source_archive\source=yonhap\year=2002\month=02\part.jsonl
yonhap_20020216_economy_p001,yonhap,2002-02-16,economy,1,pending,,data\raw_lake\source_archive\source=yonhap\year=2002\month=02\part.jsonl
yonhap_20020216_society_p001,yonhap,2002-02-16,society,1,pending,,data\raw_lake\source_archive\source=yonhap\year=2002\month=02\part.jsonl
yonhap_20020217_all_p001,yonhap,2002-02-17,all,1,pending,,data\raw_lake\source_archive\source=yonhap\year=2002\month=02\part.jsonl
yonhap_20020217_politics_p001,yonhap,2002-02-17,politics,1,pending,,data\raw_lake\source_archive\source=yonhap\year=2002\month=02\part.jsonl
yonhap_20020217_economy_p001,yonhap,2002-02-17,economy,1,pending,,data\raw_lake\source_archive\source=yonhap\year=2002\month=02\part.jsonl
yonhap_20020217_society_p001,yonhap,2002-02-17,society,1,pending,,data\raw_lake\source_archive\source=yonhap\year=2002\month=02\part.jsonl
yonhap_20020218_all_p001,yonhap,2002-02-18,all,1,pending,,data\raw_lake\source_archive\source=yonhap\year=2002\month=02\part.jsonl
yonhap_20020218_politics_p001,yonhap,2002-02-18,politics,1,pending,,data\raw_lake\source_archive\source=yonhap\year=2002\month=02\part.jsonl
yonhap_20020218_economy_p001,yonhap,2002-02-18,economy,1,pending,,data\raw_lake\source_archive\source=yonhap\year=2002\month=02\part.jsonl
yonhap_20020218_society_p001,yonhap,2002-02-18,society,1,pending,,data\raw_lake\source_archive\source=yonhap\year=2002\month=02\part.jsonl
yonhap_20020219_all_p001,yonhap,2002-02-19,all,1,pending,,data\raw_lake\source_archive\source=yonhap\year=2002\month=02\part.jsonl
yonhap_20020219_politics_p001,yonhap,2002-02-19,politics,1,pending,,data\raw_lake\source_archive\source=yonhap\year=2002\month=02\part.jsonl
yonhap_20020219_economy_p001,yonhap,2002-02-19,economy,1,pending,,data\raw_lake\source_archive\source=yonhap\year=2002\month=02\part.jsonl
yonhap_20020219_society_p001,yonhap,2002-02-19,society,1,pending,,data\raw_lake\source_archive\source=yonhap\year=2002\month=02\part.jsonl
yonhap_20020220_all_p001,yonhap,2002-02-20,all,1,pending,,data\raw_lake\source_archive\source=yonhap\year=2002\month=02\part.jsonl
yonhap_20020220_politics_p001,yonhap,2002-02-20,politics,1,pending,,data\raw_lake\source_archive\source=yonhap\year=2002\month=02\part.jsonl
yonhap_20020220_economy_p001,yonhap,2002-02-20,economy,1,pending,,data\raw_lake\source_archive\source=yonhap\year=2002\month=02\part.jsonl
yonhap_20020220_society_p001,yonhap,2002-02-20,society,1,pending,,data\raw_lake\source_archive\source=yonhap\year=2002\month=02\part.jsonl
yonhap_20020221_all_p001,yonhap,2002-02-21,all,1,pending,,data\raw_lake\source_archive\source=yonhap\year=2002\month=02\part.jsonl
yonhap_20020221_politics_p001,yonhap,2002-02-21,politics,1,pending,,data\raw_lake\source_archive\source=yonhap\year=2002\month=02\part.jsonl
yonhap_20020221_economy_p001,yonhap,2002-02-21,economy,1,pending,,data\raw_lake\source_archive\source=yonhap\year=2002\month=02\part.jsonl
yonhap_20020221_society_p001,yonhap,2002-02-21,society,1,pending,,data\raw_lake\source_archive\source=yonhap\year=2002\month=02\part.jsonl
yonhap_20020222_all_p001,yonhap,2002-02-22,all,1,pending,,data\raw_lake\source_archive\source=yonhap\year=2002\month=02\part.jsonl
yonhap_20020222_politics_p001,yonhap,2002-02-22,politics,1,pending,,data\raw_lake\source_archive\source=yonhap\year=2002\month=02\part.jsonl
yonhap_20020222_economy_p001,yonhap,2002-02-22,economy,1,pending,,data\raw_lake\source_archive\source=yonhap\year=2002\month=02\part.jsonl
yonhap_20020222_society_p001,yonhap,2002-02-22,society,1,pending,,data\raw_lake\source_archive\source=yonhap\year=2002\month=02\part.jsonl
yonhap_20020223_all_p001,yonhap,2002-02-23,all,1,pending,,data\raw_lake\source_archive\source=yonhap\year=2002\month=02\part.jsonl
yonhap_20020223_politics_p001,yonhap,2002-02-23,politics,1,pending,,data\raw_lake\source_archive\source=yonhap\year=2002\month=02\part.jsonl
yonhap_20020223_economy_p001,yonhap,2002-02-23,economy,1,pending,,data\raw_lake\source_archive\source=yonhap\year=2002\month=02\part.jsonl
yonhap_20020223_society_p001,yonhap,2002-02-23,society,1,pending,,data\raw_lake\source_archive\source=yonhap\year=2002\month=02\part.jsonl
yonhap_20020224_all_p001,yonhap,2002-02-24,all,1,pending,,data\raw_lake\source_archive\source=yonhap\year=2002\month=02\part.jsonl
yonhap_20020224_politics_p001,yonhap,2002-02-24,politics,1,pending,,data\raw_lake\source_archive\source=yonhap\year=2002\month=02\part.jsonl
yonhap_20020224_economy_p001,yonhap,2002-02-24,economy,1,pending,,data\raw_lake\source_archive\source=yonhap\year=2002\month=02\part.jsonl
yonhap_20020224_society_p001,yonhap,2002-02-24,society,1,pending,,data\raw_lake\source_archive\source=yonhap\year=2002\month=02\part.jsonl
yonhap_20020225_all_p001,yonhap,2002-02-25,all,1,pending,,data\raw_lake\source_archive\source=yonhap\year=2002\month=02\part.jsonl
yonhap_20020225_politics_p001,yonhap,2002-02-25,politics,1,pending,,data\raw_lake\source_archive\source=yonhap\year=2002\month=02\part.jsonl
yonhap_20020225_economy_p001,yonhap,2002-02-25,economy,1,pending,,data\raw_lake\source_archive\source=yonhap\year=2002\month=02\part.jsonl
yonhap_20020225_society_p001,yonhap,2002-02-25,society,1,pending,,data\raw_lake\source_archive\source=yonhap\year=2002\month=02\part.jsonl
yonhap_20020226_all_p001,yonhap,2002-02-26,all,1,pending,,data\raw_lake\source_archive\source=yonhap\year=2002\month=02\part.jsonl
yonhap_20020226_politics_p001,yonhap,2002-02-26,politics,1,pending,,data\raw_lake\source_archive\source=yonhap\year=2002\month=02\part.jsonl
yonhap_20020226_economy_p001,yonhap,2002-02-26,economy,1,pending,,data\raw_lake\source_archive\source=yonhap\year=2002\month=02\part.jsonl
yonhap_20020226_society_p001,yonhap,2002-02-26,society,1,pending,,data\raw_lake\source_archive\source=yonhap\year=2002\month=02\part.jsonl
yonhap_20020227_all_p001,yonhap,2002-02-27,all,1,pending,,data\raw_lake\source_archive\source=yonhap\year=2002\month=02\part.jsonl
yonhap_20020227_politics_p001,yonhap,2002-02-27,politics,1,pending,,data\raw_lake\source_archive\source=yonhap\year=2002\month=02\part.jsonl
yonhap_20020227_economy_p001,yonhap,2002-02-27,economy,1,pending,,data\raw_lake\source_archive\source=yonhap\year=2002\month=02\part.jsonl
yonhap_20020227_society_p001,yonhap,2002-02-27,society,1,pending,,data\raw_lake\source_archive\source=yonhap\year=2002\month=02\part.jsonl
yonhap_20020228_all_p001,yonhap,2002-02-28,all,1,pending,,data\raw_lake\source_archive\source=yonhap\year=2002\month=02\part.jsonl
yonhap_20020228_politics_p001,yonhap,2002-02-28,politics,1,pending,,data\raw_lake\source_archive\source=yonhap\year=2002\month=02\part.jsonl
yonhap_20020228_economy_p001,yonhap,2002-02-28,economy,1,pending,,data\raw_lake\source_archive\source=yonhap\year=2002\month=02\part.jsonl
yonhap_20020228_society_p001,yonhap,2002-02-28,society,1,pending,,data\raw_lake\source_archive\source=yonhap\year=2002\month=02\part.jsonl
yonhap_20020301_all_p001,yonhap,2002-03-01,all,1,pending,,data\raw_lake\source_archive\source=yonhap\year=2002\month=03\part.jsonl
yonhap_20020301_politics_p001,yonhap,2002-03-01,politics,1,pending,,data\raw_lake\source_archive\source=yonhap\year=2002\month=03\part.jsonl
yonhap_20020301_economy_p001,yonhap,2002-03-01,economy,1,pending,,data\raw_lake\source_archive\source=yonhap\year=2002\month=03\part.jsonl
yonhap_20020301_society_p001,yonhap,2002-03-01,society,1,pending,,data\raw_lake\source_archive\source=yonhap\year=2002\month=03\part.jsonl
yonhap_20020302_all_p001,yonhap,2002-03-02,all,1,pending,,data\raw_lake\source_archive\source=yonhap\year=2002\month=03\part.jsonl
yonhap_20020302_politics_p001,yonhap,2002-03-02,politics,1,pending,,data\raw_lake\source_archive\source=yonhap\year=2002\month=03\part.jsonl
yonhap_20020302_economy_p001,yonhap,2002-03-02,economy,1,pending,,data\raw_lake\source_archive\source=yonhap\year=2002\month=03\part.jsonl
yonhap_20020302_society_p001,yonhap,2002-03-02,society,1,pending,,data\raw_lake\source_archive\source=yonhap\year=2002\month=03\part.jsonl
yonhap_20020303_all_p001,yonhap,2002-03-03,all,1,pending,,data\raw_lake\source_archive\source=yonhap\year=2002\month=03\part.jsonl
yonhap_20020303_politics_p001,yonhap,2002-03-03,politics,1,pending,,data\raw_lake\source_archive\source=yonhap\year=2002\month=03\part.jsonl
yonhap_20020303_economy_p001,yonhap,2002-03-03,economy,1,pending,,data\raw_lake\source_archive\source=yonhap\year=2002\month=03\part.jsonl
yonhap_20020303_society_p001,yonhap,2002-03-03,society,1,pending,,data\raw_lake\source_archive\source=yonhap\year=2002\month=03\part.jsonl
yonhap_20020304_all_p001,yonhap,2002-03-04,all,1,pending,,data\raw_lake\source_archive\source=yonhap\year=2002\month=03\part.jsonl
yonhap_20020304_politics_p001,yonhap,2002-03-04,politics,1,pending,,data\raw_lake\source_archive\source=yonhap\year=2002\month=03\part.jsonl
yonhap_20020304_economy_p001,yonhap,2002-03-04,economy,1,pending,,data\raw_lake\source_archive\source=yonhap\year=2002\month=03\part.jsonl
yonhap_20020304_society_p001,yonhap,2002-03-04,society,1,pending,,data\raw_lake\source_archive\source=yonhap\year=2002\month=03\part.jsonl
yonhap_20020305_all_p001,yonhap,2002-03-05,all,1,pending,,data\raw_lake\source_archive\source=yonhap\year=2002\month=03\part.jsonl
yonhap_20020305_politics_p001,yonhap,2002-03-05,politics,1,pending,,data\raw_lake\source_archive\source=yonhap\year=2002\month=03\part.jsonl
yonhap_20020305_economy_p001,yonhap,2002-03-05,economy,1,pending,,data\raw_lake\source_archive\source=yonhap\year=2002\month=03\part.jsonl
yonhap_20020305_society_p001,yonhap,2002-03-05,society,1,pending,,data\raw_lake\source_archive\source=yonhap\year=2002\month=03\part.jsonl
yonhap_20020306_all_p001,yonhap,2002-03-06,all,1,pending,,data\raw_lake\source_archive\source=yonhap\year=2002\month=03\part.jsonl
yonhap_20020306_politics_p001,yonhap,2002-03-06,politics,1,pending,,data\raw_lake\source_archive\source=yonhap\year=2002\month=03\part.jsonl
yonhap_20020306_economy_p001,yonhap,2002-03-06,economy,1,pending,,data\raw_lake\source_archive\source=yonhap\year=2002\month=03\part.jsonl
yonhap_20020306_society_p001,yonhap,2002-03-06,society,1,pending,,data\raw_lake\source_archive\source=yonhap\year=2002\month=03\part.jsonl
yonhap_20020307_all_p001,yonhap,2002-03-07,all,1,pending,,data\raw_lake\source_archive\source=yonhap\year=2002\month=03\part.jsonl
yonhap_20020307_politics_p001,yonhap,2002-03-07,politics,1,pending,,data\raw_lake\source_archive\source=yonhap\year=2002\month=03\part.jsonl
yonhap_20020307_economy_p001,yonhap,2002-03-07,economy,1,pending,,data\raw_lake\source_archive\source=yonhap\year=2002\month=03\part.jsonl
yonhap_20020307_society_p001,yonhap,2002-03-07,society,1,pending,,data\raw_lake\source_archive\source=yonhap\year=2002\month=03\part.jsonl
yonhap_20020308_all_p001,yonhap,2002-03-08,all,1,pending,,data\raw_lake\source_archive\source=yonhap\year=2002\month=03\part.jsonl
yonhap_20020308_politics_p001,yonhap,2002-03-08,politics,1,pending,,data\raw_lake\source_archive\source=yonhap\year=2002\month=03\part.jsonl
yonhap_20020308_economy_p001,yonhap,2002-03-08,economy,1,pending,,data\raw_lake\source_archive\source=yonhap\year=2002\month=03\part.jsonl
yonhap_20020308_society_p001,yonhap,2002-03-08,society,1,pending,,data\raw_lake\source_archive\source=yonhap\year=2002\month=03\part.jsonl
yonhap_20020309_all_p001,yonhap,2002-03-09,all,1,pending,,data\raw_lake\source_archive\source=yonhap\year=2002\month=03\part.jsonl
yonhap_20020309_politics_p001,yonhap,2002-03-09,politics,1,pending,,data\raw_lake\source_archive\source=yonhap\year=2002\month=03\part.jsonl
yonhap_20020309_economy_p001,yonhap,2002-03-09,economy,1,pending,,data\raw_lake\source_archive\source=yonhap\year=2002\month=03\part.jsonl
yonhap_20020309_society_p001,yonhap,2002-03-09,society,1,pending,,data\raw_lake\source_archive\source=yonhap\year=2002\month=03\part.jsonl
yonhap_20020310_all_p001,yonhap,2002-03-10,all,1,pending,,data\raw_lake\source_archive\source=yonhap\year=2002\month=03\part.jsonl
yonhap_20020310_politics_p001,yonhap,2002-03-10,politics,1,pending,,data\raw_lake\source_archive\source=yonhap\year=2002\month=03\part.jsonl
yonhap_20020310_economy_p001,yonhap,2002-03-10,economy,1,pending,,data\raw_lake\source_archive\source=yonhap\year=2002\month=03\part.jsonl
yonhap_20020310_society_p001,yonhap,2002-03-10,society,1,pending,,data\raw_lake\source_archive\source=yonhap\year=2002\month=03\part.jsonl
yonhap_20020311_all_p001,yonhap,2002-03-11,all,1,pending,,data\raw_lake\source_archive\source=yonhap\year=2002\month=03\part.jsonl
yonhap_20020311_politics_p001,yonhap,2002-03-11,politics,1,pending,,data\raw_lake\source_archive\source=yonhap\year=2002\month=03\part.jsonl
yonhap_20020311_economy_p001,yonhap,2002-03-11,economy,1,pending,,data\raw_lake\source_archive\source=yonhap\year=2002\month=03\part.jsonl
yonhap_20020311_society_p001,yonhap,2002-03-11,society,1,pending,,data\raw_lake\source_archive\source=yonhap\year=2002\month=03\part.jsonl
yonhap_20020312_all_p001,yonhap,2002-03-12,all,1,pending,,data\raw_lake\source_archive\source=yonhap\year=2002\month=03\part.jsonl
yonhap_20020312_politics_p001,yonhap,2002-03-12,politics,1,pending,,data\raw_lake\source_archive\source=yonhap\year=2002\month=03\part.jsonl
yonhap_20020312_economy_p001,yonhap,2002-03-12,economy,1,pending,,data\raw_lake\source_archive\source=yonhap\year=2002\month=03\part.jsonl
yonhap_20020312_society_p001,yonhap,2002-03-12,society,1,pending,,data\raw_lake\source_archive\source=yonhap\year=2002\month=03\part.jsonl
yonhap_20020313_all_p001,yonhap,2002-03-13,all,1,pending,,data\raw_lake\source_archive\source=yonhap\year=2002\month=03\part.jsonl
yonhap_20020313_politics_p001,yonhap,2002-03-13,politics,1,pending,,data\raw_lake\source_archive\source=yonhap\year=2002\month=03\part.jsonl
yonhap_20020313_economy_p001,yonhap,2002-03-13,economy,1,pending,,data\raw_lake\source_archive\source=yonhap\year=2002\month=03\part.jsonl
yonhap_20020313_society_p001,yonhap,2002-03-13,society,1,pending,,data\raw_lake\source_archive\source=yonhap\year=2002\month=03\part.jsonl
yonhap_20020314_all_p001,yonhap,2002-03-14,all,1,pending,,data\raw_lake\source_archive\source=yonhap\year=2002\month=03\part.jsonl
yonhap_20020314_politics_p001,yonhap,2002-03-14,politics,1,pending,,data\raw_lake\source_archive\source=yonhap\year=2002\month=03\part.jsonl
yonhap_20020314_economy_p001,yonhap,2002-03-14,economy,1,pending,,data\raw_lake\source_archive\source=yonhap\year=2002\month=03\part.jsonl
yonhap_20020314_society_p001,yonhap,2002-03-14,society,1,pending,,data\raw_lake\source_archive\source=yonhap\year=2002\month=03\part.jsonl
yonhap_20020315_all_p001,yonhap,2002-03-15,all,1,pending,,data\raw_lake\source_archive\source=yonhap\year=2002\month=03\part.jsonl
yonhap_20020315_politics_p001,yonhap,2002-03-15,politics,1,pending,,data\raw_lake\source_archive\source=yonhap\year=2002\month=03\part.jsonl
yonhap_20020315_economy_p001,yonhap,2002-03-15,economy,1,pending,,data\raw_lake\source_archive\source=yonhap\year=2002\month=03\part.jsonl
yonhap_20020315_society_p001,yonhap,2002-03-15,society,1,pending,,data\raw_lake\source_archive\source=yonhap\year=2002\month=03\part.jsonl
yonhap_20020316_all_p001,yonhap,2002-03-16,all,1,pending,,data\raw_lake\source_archive\source=yonhap\year=2002\month=03\part.jsonl
yonhap_20020316_politics_p001,yonhap,2002-03-16,politics,1,pending,,data\raw_lake\source_archive\source=yonhap\year=2002\month=03\part.jsonl
yonhap_20020316_economy_p001,yonhap,2002-03-16,economy,1,pending,,data\raw_lake\source_archive\source=yonhap\year=2002\month=03\part.jsonl
yonhap_20020316_society_p001,yonhap,2002-03-16,society,1,pending,,data\raw_lake\source_archive\source=yonhap\year=2002\month=03\part.jsonl
yonhap_20020317_all_p001,yonhap,2002-03-17,all,1,pending,,data\raw_lake\source_archive\source=yonhap\year=2002\month=03\part.jsonl
yonhap_20020317_politics_p001,yonhap,2002-03-17,politics,1,pending,,data\raw_lake\source_archive\source=yonhap\year=2002\month=03\part.jsonl
yonhap_20020317_economy_p001,yonhap,2002-03-17,economy,1,pending,,data\raw_lake\source_archive\source=yonhap\year=2002\month=03\part.jsonl
yonhap_20020317_society_p001,yonhap,2002-03-17,society,1,pending,,data\raw_lake\source_archive\source=yonhap\year=2002\month=03\part.jsonl
yonhap_20020318_all_p001,yonhap,2002-03-18,all,1,pending,,data\raw_lake\source_archive\source=yonhap\year=2002\month=03\part.jsonl
yonhap_20020318_politics_p001,yonhap,2002-03-18,politics,1,pending,,data\raw_lake\source_archive\source=yonhap\year=2002\month=03\part.jsonl
yonhap_20020318_economy_p001,yonhap,2002-03-18,economy,1,pending,,data\raw_lake\source_archive\source=yonhap\year=2002\month=03\part.jsonl
yonhap_20020318_society_p001,yonhap,2002-03-18,society,1,pending,,data\raw_lake\source_archive\source=yonhap\year=2002\month=03\part.jsonl
yonhap_20020319_all_p001,yonhap,2002-03-19,all,1,pending,,data\raw_lake\source_archive\source=yonhap\year=2002\month=03\part.jsonl
yonhap_20020319_politics_p001,yonhap,2002-03-19,politics,1,pending,,data\raw_lake\source_archive\source=yonhap\year=2002\month=03\part.jsonl
yonhap_20020319_economy_p001,yonhap,2002-03-19,economy,1,pending,,data\raw_lake\source_archive\source=yonhap\year=2002\month=03\part.jsonl
yonhap_20020319_society_p001,yonhap,2002-03-19,society,1,pending,,data\raw_lake\source_archive\source=yonhap\year=2002\month=03\part.jsonl
yonhap_20020320_all_p001,yonhap,2002-03-20,all,1,pending,,data\raw_lake\source_archive\source=yonhap\year=2002\month=03\part.jsonl
yonhap_20020320_politics_p001,yonhap,2002-03-20,politics,1,pending,,data\raw_lake\source_archive\source=yonhap\year=2002\month=03\part.jsonl
yonhap_20020320_economy_p001,yonhap,2002-03-20,economy,1,pending,,data\raw_lake\source_archive\source=yonhap\year=2002\month=03\part.jsonl
yonhap_20020320_society_p001,yonhap,2002-03-20,society,1,pending,,data\raw_lake\source_archive\source=yonhap\year=2002\month=03\part.jsonl
yonhap_20020321_all_p001,yonhap,2002-03-21,all,1,pending,,data\raw_lake\source_archive\source=yonhap\year=2002\month=03\part.jsonl
yonhap_20020321_politics_p001,yonhap,2002-03-21,politics,1,pending,,data\raw_lake\source_archive\source=yonhap\year=2002\month=03\part.jsonl
yonhap_20020321_economy_p001,yonhap,2002-03-21,economy,1,pending,,data\raw_lake\source_archive\source=yonhap\year=2002\month=03\part.jsonl
yonhap_20020321_society_p001,yonhap,2002-03-21,society,1,pending,,data\raw_lake\source_archive\source=yonhap\year=2002\month=03\part.jsonl
yonhap_20020322_all_p001,yonhap,2002-03-22,all,1,pending,,data\raw_lake\source_archive\source=yonhap\year=2002\month=03\part.jsonl
yonhap_20020322_politics_p001,yonhap,2002-03-22,politics,1,pending,,data\raw_lake\source_archive\source=yonhap\year=2002\month=03\part.jsonl
yonhap_20020322_economy_p001,yonhap,2002-03-22,economy,1,pending,,data\raw_lake\source_archive\source=yonhap\year=2002\month=03\part.jsonl
yonhap_20020322_society_p001,yonhap,2002-03-22,society,1,pending,,data\raw_lake\source_archive\source=yonhap\year=2002\month=03\part.jsonl
yonhap_20020323_all_p001,yonhap,2002-03-23,all,1,pending,,data\raw_lake\source_archive\source=yonhap\year=2002\month=03\part.jsonl
yonhap_20020323_politics_p001,yonhap,2002-03-23,politics,1,pending,,data\raw_lake\source_archive\source=yonhap\year=2002\month=03\part.jsonl
yonhap_20020323_economy_p001,yonhap,2002-03-23,economy,1,pending,,data\raw_lake\source_archive\source=yonhap\year=2002\month=03\part.jsonl
yonhap_20020323_society_p001,yonhap,2002-03-23,society,1,pending,,data\raw_lake\source_archive\source=yonhap\year=2002\month=03\part.jsonl
yonhap_20020324_all_p001,yonhap,2002-03-24,all,1,pending,,data\raw_lake\source_archive\source=yonhap\year=2002\month=03\part.jsonl
yonhap_20020324_politics_p001,yonhap,2002-03-24,politics,1,pending,,data\raw_lake\source_archive\source=yonhap\year=2002\month=03\part.jsonl
yonhap_20020324_economy_p001,yonhap,2002-03-24,economy,1,pending,,data\raw_lake\source_archive\source=yonhap\year=2002\month=03\part.jsonl
yonhap_20020324_society_p001,yonhap,2002-03-24,society,1,pending,,data\raw_lake\source_archive\source=yonhap\year=2002\month=03\part.jsonl
yonhap_20020325_all_p001,yonhap,2002-03-25,all,1,pending,,data\raw_lake\source_archive\source=yonhap\year=2002\month=03\part.jsonl
yonhap_20020325_politics_p001,yonhap,2002-03-25,politics,1,pending,,data\raw_lake\source_archive\source=yonhap\year=2002\month=03\part.jsonl
yonhap_20020325_economy_p001,yonhap,2002-03-25,economy,1,pending,,data\raw_lake\source_archive\source=yonhap\year=2002\month=03\part.jsonl
yonhap_20020325_society_p001,yonhap,2002-03-25,society,1,pending,,data\raw_lake\source_archive\source=yonhap\year=2002\month=03\part.jsonl
yonhap_20020326_all_p001,yonhap,2002-03-26,all,1,pending,,data\raw_lake\source_archive\source=yonhap\year=2002\month=03\part.jsonl
yonhap_20020326_politics_p001,yonhap,2002-03-26,politics,1,pending,,data\raw_lake\source_archive\source=yonhap\year=2002\month=03\part.jsonl
yonhap_20020326_economy_p001,yonhap,2002-03-26,economy,1,pending,,data\raw_lake\source_archive\source=yonhap\year=2002\month=03\part.jsonl
yonhap_20020326_society_p001,yonhap,2002-03-26,society,1,pending,,data\raw_lake\source_archive\source=yonhap\year=2002\month=03\part.jsonl
yonhap_20020327_all_p001,yonhap,2002-03-27,all,1,pending,,data\raw_lake\source_archive\source=yonhap\year=2002\month=03\part.jsonl
yonhap_20020327_politics_p001,yonhap,2002-03-27,politics,1,pending,,data\raw_lake\source_archive\source=yonhap\year=2002\month=03\part.jsonl
yonhap_20020327_economy_p001,yonhap,2002-03-27,economy,1,pending,,data\raw_lake\source_archive\source=yonhap\year=2002\month=03\part.jsonl
yonhap_20020327_society_p001,yonhap,2002-03-27,society,1,pending,,data\raw_lake\source_archive\source=yonhap\year=2002\month=03\part.jsonl
yonhap_20020328_all_p001,yonhap,2002-03-28,all,1,pending,,data\raw_lake\source_archive\source=yonhap\year=2002\month=03\part.jsonl
yonhap_20020328_politics_p001,yonhap,2002-03-28,politics,1,pending,,data\raw_lake\source_archive\source=yonhap\year=2002\month=03\part.jsonl
yonhap_20020328_economy_p001,yonhap,2002-03-28,economy,1,pending,,data\raw_lake\source_archive\source=yonhap\year=2002\month=03\part.jsonl
yonhap_20020328_society_p001,yonhap,2002-03-28,society,1,pending,,data\raw_lake\source_archive\source=yonhap\year=2002\month=03\part.jsonl
yonhap_20020329_all_p001,yonhap,2002-03-29,all,1,pending,,data\raw_lake\source_archive\source=yonhap\year=2002\month=03\part.jsonl
yonhap_20020329_politics_p001,yonhap,2002-03-29,politics,1,pending,,data\raw_lake\source_archive\source=yonhap\year=2002\month=03\part.jsonl
yonhap_20020329_economy_p001,yonhap,2002-03-29,economy,1,pending,,data\raw_lake\source_archive\source=yonhap\year=2002\month=03\part.jsonl
yonhap_20020329_society_p001,yonhap,2002-03-29,society,1,pending,,data\raw_lake\source_archive\source=yonhap\year=2002\month=03\part.jsonl
yonhap_20020330_all_p001,yonhap,2002-03-30,all,1,pending,,data\raw_lake\source_archive\source=yonhap\year=2002\month=03\part.jsonl
yonhap_20020330_politics_p001,yonhap,2002-03-30,politics,1,pending,,data\raw_lake\source_archive\source=yonhap\year=2002\month=03\part.jsonl
yonhap_20020330_economy_p001,yonhap,2002-03-30,economy,1,pending,,data\raw_lake\source_archive\source=yonhap\year=2002\month=03\part.jsonl
yonhap_20020330_society_p001,yonhap,2002-03-30,society,1,pending,,data\raw_lake\source_archive\source=yonhap\year=2002\month=03\part.jsonl
yonhap_20020331_all_p001,yonhap,2002-03-31,all,1,pending,,data\raw_lake\source_archive\source=yonhap\year=2002\month=03\part.jsonl
yonhap_20020331_politics_p001,yonhap,2002-03-31,politics,1,pending,,data\raw_lake\source_archive\source=yonhap\year=2002\month=03\part.jsonl
yonhap_20020331_economy_p001,yonhap,2002-03-31,economy,1,pending,,data\raw_lake\source_archive\source=yonhap\year=2002\month=03\part.jsonl
yonhap_20020331_society_p001,yonhap,2002-03-31,society,1,pending,,data\raw_lake\source_archive\source=yonhap\year=2002\month=03\part.jsonl
yonhap_20020401_all_p001,yonhap,2002-04-01,all,1,pending,,data\raw_lake\source_archive\source=yonhap\year=2002\month=04\part.jsonl
yonhap_20020401_politics_p001,yonhap,2002-04-01,politics,1,pending,,data\raw_lake\source_archive\source=yonhap\year=2002\month=04\part.jsonl
yonhap_20020401_economy_p001,yonhap,2002-04-01,economy,1,pending,,data\raw_lake\source_archive\source=yonhap\year=2002\month=04\part.jsonl
yonhap_20020401_society_p001,yonhap,2002-04-01,society,1,pending,,data\raw_lake\source_archive\source=yonhap\year=2002\month=04\part.jsonl
yonhap_20020402_all_p001,yonhap,2002-04-02,all,1,pending,,data\raw_lake\source_archive\source=yonhap\year=2002\month=04\part.jsonl
yonhap_20020402_politics_p001,yonhap,2002-04-02,politics,1,pending,,data\raw_lake\source_archive\source=yonhap\year=2002\month=04\part.jsonl
yonhap_20020402_economy_p001,yonhap,2002-04-02,economy,1,pending,,data\raw_lake\source_archive\source=yonhap\year=2002\month=04\part.jsonl
yonhap_20020402_society_p001,yonhap,2002-04-02,society,1,pending,,data\raw_lake\source_archive\source=yonhap\year=2002\month=04\part.jsonl
yonhap_20020403_all_p001,yonhap,2002-04-03,all,1,pending,,data\raw_lake\source_archive\source=yonhap\year=2002\month=04\part.jsonl
yonhap_20020403_politics_p001,yonhap,2002-04-03,politics,1,pending,,data\raw_lake\source_archive\source=yonhap\year=2002\month=04\part.jsonl
yonhap_20020403_economy_p001,yonhap,2002-04-03,economy,1,pending,,data\raw_lake\source_archive\source=yonhap\year=2002\month=04\part.jsonl
yonhap_20020403_society_p001,yonhap,2002-04-03,society,1,pending,,data\raw_lake\source_archive\source=yonhap\year=2002\month=04\part.jsonl
yonhap_20020404_all_p001,yonhap,2002-04-04,all,1,pending,,data\raw_lake\source_archive\source=yonhap\year=2002\month=04\part.jsonl
yonhap_20020404_politics_p001,yonhap,2002-04-04,politics,1,pending,,data\raw_lake\source_archive\source=yonhap\year=2002\month=04\part.jsonl
yonhap_20020404_economy_p001,yonhap,2002-04-04,economy,1,pending,,data\raw_lake\source_archive\source=yonhap\year=2002\month=04\part.jsonl
yonhap_20020404_society_p001,yonhap,2002-04-04,society,1,pending,,data\raw_lake\source_archive\source=yonhap\year=2002\month=04\part.jsonl
yonhap_20020405_all_p001,yonhap,2002-04-05,all,1,pending,,data\raw_lake\source_archive\source=yonhap\year=2002\month=04\part.jsonl
yonhap_20020405_politics_p001,yonhap,2002-04-05,politics,1,pending,,data\raw_lake\source_archive\source=yonhap\year=2002\month=04\part.jsonl
yonhap_20020405_economy_p001,yonhap,2002-04-05,economy,1,pending,,data\raw_lake\source_archive\source=yonhap\year=2002\month=04\part.jsonl
yonhap_20020405_society_p001,yonhap,2002-04-05,society,1,pending,,data\raw_lake\source_archive\source=yonhap\year=2002\month=04\part.jsonl
yonhap_20020406_all_p001,yonhap,2002-04-06,all,1,pending,,data\raw_lake\source_archive\source=yonhap\year=2002\month=04\part.jsonl
yonhap_20020406_politics_p001,yonhap,2002-04-06,politics,1,pending,,data\raw_lake\source_archive\source=yonhap\year=2002\month=04\part.jsonl
yonhap_20020406_economy_p001,yonhap,2002-04-06,economy,1,pending,,data\raw_lake\source_archive\source=yonhap\year=2002\month=04\part.jsonl
yonhap_20020406_society_p001,yonhap,2002-04-06,society,1,pending,,data\raw_lake\source_archive\source=yonhap\year=2002\month=04\part.jsonl
yonhap_20020407_all_p001,yonhap,2002-04-07,all,1,pending,,data\raw_lake\source_archive\source=yonhap\year=2002\month=04\part.jsonl
yonhap_20020407_politics_p001,yonhap,2002-04-07,politics,1,pending,,data\raw_lake\source_archive\source=yonhap\year=2002\month=04\part.jsonl
yonhap_20020407_economy_p001,yonhap,2002-04-07,economy,1,pending,,data\raw_lake\source_archive\source=yonhap\year=2002\month=04\part.jsonl
yonhap_20020407_society_p001,yonhap,2002-04-07,society,1,pending,,data\raw_lake\source_archive\source=yonhap\year=2002\month=04\part.jsonl
yonhap_20020408_all_p001,yonhap,2002-04-08,all,1,pending,,data\raw_lake\source_archive\source=yonhap\year=2002\month=04\part.jsonl
yonhap_20020408_politics_p001,yonhap,2002-04-08,politics,1,pending,,data\raw_lake\source_archive\source=yonhap\year=2002\month=04\part.jsonl
yonhap_20020408_economy_p001,yonhap,2002-04-08,economy,1,pending,,data\raw_lake\source_archive\source=yonhap\year=2002\month=04\part.jsonl
yonhap_20020408_society_p001,yonhap,2002-04-08,society,1,pending,,data\raw_lake\source_archive\source=yonhap\year=2002\month=04\part.jsonl
yonhap_20020409_all_p001,yonhap,2002-04-09,all,1,pending,,data\raw_lake\source_archive\source=yonhap\year=2002\month=04\part.jsonl
yonhap_20020409_politics_p001,yonhap,2002-04-09,politics,1,pending,,data\raw_lake\source_archive\source=yonhap\year=2002\month=04\part.jsonl
yonhap_20020409_economy_p001,yonhap,2002-04-09,economy,1,pending,,data\raw_lake\source_archive\source=yonhap\year=2002\month=04\part.jsonl
yonhap_20020409_society_p001,yonhap,2002-04-09,society,1,pending,,data\raw_lake\source_archive\source=yonhap\year=2002\month=04\part.jsonl
yonhap_20020410_all_p001,yonhap,2002-04-10,all,1,pending,,data\raw_lake\source_archive\source=yonhap\year=2002\month=04\part.jsonl
yonhap_20020410_politics_p001,yonhap,2002-04-10,politics,1,pending,,data\raw_lake\source_archive\source=yonhap\year=2002\month=04\part.jsonl
yonhap_20020410_economy_p001,yonhap,2002-04-10,economy,1,pending,,data\raw_lake\source_archive\source=yonhap\year=2002\month=04\part.jsonl
yonhap_20020410_society_p001,yonhap,2002-04-10,society,1,pending,,data\raw_lake\source_archive\source=yonhap\year=2002\month=04\part.jsonl
yonhap_20020411_all_p001,yonhap,2002-04-11,all,1,pending,,data\raw_lake\source_archive\source=yonhap\year=2002\month=04\part.jsonl
yonhap_20020411_politics_p001,yonhap,2002-04-11,politics,1,pending,,data\raw_lake\source_archive\source=yonhap\year=2002\month=04\part.jsonl
yonhap_20020411_economy_p001,yonhap,2002-04-11,economy,1,pending,,data\raw_lake\source_archive\source=yonhap\year=2002\month=04\part.jsonl
yonhap_20020411_society_p001,yonhap,2002-04-11,society,1,pending,,data\raw_lake\source_archive\source=yonhap\year=2002\month=04\part.jsonl
yonhap_20020412_all_p001,yonhap,2002-04-12,all,1,pending,,data\raw_lake\source_archive\source=yonhap\year=2002\month=04\part.jsonl
yonhap_20020412_politics_p001,yonhap,2002-04-12,politics,1,pending,,data\raw_lake\source_archive\source=yonhap\year=2002\month=04\part.jsonl
yonhap_20020412_economy_p001,yonhap,2002-04-12,economy,1,pending,,data\raw_lake\source_archive\source=yonhap\year=2002\month=04\part.jsonl
yonhap_20020412_society_p001,yonhap,2002-04-12,society,1,pending,,data\raw_lake\source_archive\source=yonhap\year=2002\month=04\part.jsonl
yonhap_20020413_all_p001,yonhap,2002-04-13,all,1,pending,,data\raw_lake\source_archive\source=yonhap\year=2002\month=04\part.jsonl
yonhap_20020413_politics_p001,yonhap,2002-04-13,politics,1,pending,,data\raw_lake\source_archive\source=yonhap\year=2002\month=04\part.jsonl
yonhap_20020413_economy_p001,yonhap,2002-04-13,economy,1,pending,,data\raw_lake\source_archive\source=yonhap\year=2002\month=04\part.jsonl
yonhap_20020413_society_p001,yonhap,2002-04-13,society,1,pending,,data\raw_lake\source_archive\source=yonhap\year=2002\month=04\part.jsonl
yonhap_20020414_all_p001,yonhap,2002-04-14,all,1,pending,,data\raw_lake\source_archive\source=yonhap\year=2002\month=04\part.jsonl
yonhap_20020414_politics_p001,yonhap,2002-04-14,politics,1,pending,,data\raw_lake\source_archive\source=yonhap\year=2002\month=04\part.jsonl
yonhap_20020414_economy_p001,yonhap,2002-04-14,economy,1,pending,,data\raw_lake\source_archive\source=yonhap\year=2002\month=04\part.jsonl
yonhap_20020414_society_p001,yonhap,2002-04-14,society,1,pending,,data\raw_lake\source_archive\source=yonhap\year=2002\month=04\part.jsonl
yonhap_20020415_all_p001,yonhap,2002-04-15,all,1,pending,,data\raw_lake\source_archive\source=yonhap\year=2002\month=04\part.jsonl
yonhap_20020415_politics_p001,yonhap,2002-04-15,politics,1,pending,,data\raw_lake\source_archive\source=yonhap\year=2002\month=04\part.jsonl
yonhap_20020415_economy_p001,yonhap,2002-04-15,economy,1,pending,,data\raw_lake\source_archive\source=yonhap\year=2002\month=04\part.jsonl
yonhap_20020415_society_p001,yonhap,2002-04-15,society,1,pending,,data\raw_lake\source_archive\source=yonhap\year=2002\month=04\part.jsonl
yonhap_20020416_all_p001,yonhap,2002-04-16,all,1,pending,,data\raw_lake\source_archive\source=yonhap\year=2002\month=04\part.jsonl
yonhap_20020416_politics_p001,yonhap,2002-04-16,politics,1,pending,,data\raw_lake\source_archive\source=yonhap\year=2002\month=04\part.jsonl
yonhap_20020416_economy_p001,yonhap,2002-04-16,economy,1,pending,,data\raw_lake\source_archive\source=yonhap\year=2002\month=04\part.jsonl
yonhap_20020416_society_p001,yonhap,2002-04-16,society,1,pending,,data\raw_lake\source_archive\source=yonhap\year=2002\month=04\part.jsonl
yonhap_20020417_all_p001,yonhap,2002-04-17,all,1,pending,,data\raw_lake\source_archive\source=yonhap\year=2002\month=04\part.jsonl
yonhap_20020417_politics_p001,yonhap,2002-04-17,politics,1,pending,,data\raw_lake\source_archive\source=yonhap\year=2002\month=04\part.jsonl
yonhap_20020417_economy_p001,yonhap,2002-04-17,economy,1,pending,,data\raw_lake\source_archive\source=yonhap\year=2002\month=04\part.jsonl
yonhap_20020417_society_p001,yonhap,2002-04-17,society,1,pending,,data\raw_lake\source_archive\source=yonhap\year=2002\month=04\part.jsonl
yonhap_20020418_all_p001,yonhap,2002-04-18,all,1,pending,,data\raw_lake\source_archive\source=yonhap\year=2002\month=04\part.jsonl
yonhap_20020418_politics_p001,yonhap,2002-04-18,politics,1,pending,,data\raw_lake\source_archive\source=yonhap\year=2002\month=04\part.jsonl
yonhap_20020418_economy_p001,yonhap,2002-04-18,economy,1,pending,,data\raw_lake\source_archive\source=yonhap\year=2002\month=04\part.jsonl
yonhap_20020418_society_p001,yonhap,2002-04-18,society,1,pending,,data\raw_lake\source_archive\source=yonhap\year=2002\month=04\part.jsonl
yonhap_20020419_all_p001,yonhap,2002-04-19,all,1,pending,,data\raw_lake\source_archive\source=yonhap\year=2002\month=04\part.jsonl
yonhap_20020419_politics_p001,yonhap,2002-04-19,politics,1,pending,,data\raw_lake\source_archive\source=yonhap\year=2002\month=04\part.jsonl
yonhap_20020419_economy_p001,yonhap,2002-04-19,economy,1,pending,,data\raw_lake\source_archive\source=yonhap\year=2002\month=04\part.jsonl
yonhap_20020419_society_p001,yonhap,2002-04-19,society,1,pending,,data\raw_lake\source_archive\source=yonhap\year=2002\month=04\part.jsonl
yonhap_20020420_all_p001,yonhap,2002-04-20,all,1,pending,,data\raw_lake\source_archive\source=yonhap\year=2002\month=04\part.jsonl
yonhap_20020420_politics_p001,yonhap,2002-04-20,politics,1,pending,,data\raw_lake\source_archive\source=yonhap\year=2002\month=04\part.jsonl
yonhap_20020420_economy_p001,yonhap,2002-04-20,economy,1,pending,,data\raw_lake\source_archive\source=yonhap\year=2002\month=04\part.jsonl
yonhap_20020420_society_p001,yonhap,2002-04-20,society,1,pending,,data\raw_lake\source_archive\source=yonhap\year=2002\month=04\part.jsonl
yonhap_20020421_all_p001,yonhap,2002-04-21,all,1,pending,,data\raw_lake\source_archive\source=yonhap\year=2002\month=04\part.jsonl
yonhap_20020421_politics_p001,yonhap,2002-04-21,politics,1,pending,,data\raw_lake\source_archive\source=yonhap\year=2002\month=04\part.jsonl
yonhap_20020421_economy_p001,yonhap,2002-04-21,economy,1,pending,,data\raw_lake\source_archive\source=yonhap\year=2002\month=04\part.jsonl
yonhap_20020421_society_p001,yonhap,2002-04-21,society,1,pending,,data\raw_lake\source_archive\source=yonhap\year=2002\month=04\part.jsonl
yonhap_20020422_all_p001,yonhap,2002-04-22,all,1,pending,,data\raw_lake\source_archive\source=yonhap\year=2002\month=04\part.jsonl
yonhap_20020422_politics_p001,yonhap,2002-04-22,politics,1,pending,,data\raw_lake\source_archive\source=yonhap\year=2002\month=04\part.jsonl
yonhap_20020422_economy_p001,yonhap,2002-04-22,economy,1,pending,,data\raw_lake\source_archive\source=yonhap\year=2002\month=04\part.jsonl
yonhap_20020422_society_p001,yonhap,2002-04-22,society,1,pending,,data\raw_lake\source_archive\source=yonhap\year=2002\month=04\part.jsonl
yonhap_20020423_all_p001,yonhap,2002-04-23,all,1,pending,,data\raw_lake\source_archive\source=yonhap\year=2002\month=04\part.jsonl
yonhap_20020423_politics_p001,yonhap,2002-04-23,politics,1,pending,,data\raw_lake\source_archive\source=yonhap\year=2002\month=04\part.jsonl
yonhap_20020423_economy_p001,yonhap,2002-04-23,economy,1,pending,,data\raw_lake\source_archive\source=yonhap\year=2002\month=04\part.jsonl
yonhap_20020423_society_p001,yonhap,2002-04-23,society,1,pending,,data\raw_lake\source_archive\source=yonhap\year=2002\month=04\part.jsonl
yonhap_20020424_all_p001,yonhap,2002-04-24,all,1,pending,,data\raw_lake\source_archive\source=yonhap\year=2002\month=04\part.jsonl
yonhap_20020424_politics_p001,yonhap,2002-04-24,politics,1,pending,,data\raw_lake\source_archive\source=yonhap\year=2002\month=04\part.jsonl
yonhap_20020424_economy_p001,yonhap,2002-04-24,economy,1,pending,,data\raw_lake\source_archive\source=yonhap\year=2002\month=04\part.jsonl
yonhap_20020424_society_p001,yonhap,2002-04-24,society,1,pending,,data\raw_lake\source_archive\source=yonhap\year=2002\month=04\part.jsonl
yonhap_20020425_all_p001,yonhap,2002-04-25,all,1,pending,,data\raw_lake\source_archive\source=yonhap\year=2002\month=04\part.jsonl
yonhap_20020425_politics_p001,yonhap,2002-04-25,politics,1,pending,,data\raw_lake\source_archive\source=yonhap\year=2002\month=04\part.jsonl
yonhap_20020425_economy_p001,yonhap,2002-04-25,economy,1,pending,,data\raw_lake\source_archive\source=yonhap\year=2002\month=04\part.jsonl
yonhap_20020425_society_p001,yonhap,2002-04-25,society,1,pending,,data\raw_lake\source_archive\source=yonhap\year=2002\month=04\part.jsonl
yonhap_20020426_all_p001,yonhap,2002-04-26,all,1,pending,,data\raw_lake\source_archive\source=yonhap\year=2002\month=04\part.jsonl
yonhap_20020426_politics_p001,yonhap,2002-04-26,politics,1,pending,,data\raw_lake\source_archive\source=yonhap\year=2002\month=04\part.jsonl
yonhap_20020426_economy_p001,yonhap,2002-04-26,economy,1,pending,,data\raw_lake\source_archive\source=yonhap\year=2002\month=04\part.jsonl
yonhap_20020426_society_p001,yonhap,2002-04-26,society,1,pending,,data\raw_lake\source_archive\source=yonhap\year=2002\month=04\part.jsonl
yonhap_20020427_all_p001,yonhap,2002-04-27,all,1,pending,,data\raw_lake\source_archive\source=yonhap\year=2002\month=04\part.jsonl
yonhap_20020427_politics_p001,yonhap,2002-04-27,politics,1,pending,,data\raw_lake\source_archive\source=yonhap\year=2002\month=04\part.jsonl
yonhap_20020427_economy_p001,yonhap,2002-04-27,economy,1,pending,,data\raw_lake\source_archive\source=yonhap\year=2002\month=04\part.jsonl
yonhap_20020427_society_p001,yonhap,2002-04-27,society,1,pending,,data\raw_lake\source_archive\source=yonhap\year=2002\month=04\part.jsonl
yonhap_20020428_all_p001,yonhap,2002-04-28,all,1,pending,,data\raw_lake\source_archive\source=yonhap\year=2002\month=04\part.jsonl
yonhap_20020428_politics_p001,yonhap,2002-04-28,politics,1,pending,,data\raw_lake\source_archive\source=yonhap\year=2002\month=04\part.jsonl
yonhap_20020428_economy_p001,yonhap,2002-04-28,economy,1,pending,,data\raw_lake\source_archive\source=yonhap\year=2002\month=04\part.jsonl
yonhap_20020428_society_p001,yonhap,2002-04-28,society,1,pending,,data\raw_lake\source_archive\source=yonhap\year=2002\month=04\part.jsonl
yonhap_20020429_all_p001,yonhap,2002-04-29,all,1,pending,,data\raw_lake\source_archive\source=yonhap\year=2002\month=04\part.jsonl
yonhap_20020429_politics_p001,yonhap,2002-04-29,politics,1,pending,,data\raw_lake\source_archive\source=yonhap\year=2002\month=04\part.jsonl
yonhap_20020429_economy_p001,yonhap,2002-04-29,economy,1,pending,,data\raw_lake\source_archive\source=yonhap\year=2002\month=04\part.jsonl
yonhap_20020429_society_p001,yonhap,2002-04-29,society,1,pending,,data\raw_lake\source_archive\source=yonhap\year=2002\month=04\part.jsonl
yonhap_20020430_all_p001,yonhap,2002-04-30,all,1,pending,,data\raw_lake\source_archive\source=yonhap\year=2002\month=04\part.jsonl
yonhap_20020430_politics_p001,yonhap,2002-04-30,politics,1,pending,,data\raw_lake\source_archive\source=yonhap\year=2002\month=04\part.jsonl
yonhap_20020430_economy_p001,yonhap,2002-04-30,economy,1,pending,,data\raw_lake\source_archive\source=yonhap\year=2002\month=04\part.jsonl
yonhap_20020430_society_p001,yonhap,2002-04-30,society,1,pending,,data\raw_lake\source_archive\source=yonhap\year=2002\month=04\part.jsonl
yonhap_20020501_all_p001,yonhap,2002-05-01,all,1,pending,,data\raw_lake\source_archive\source=yonhap\year=2002\month=05\part.jsonl
yonhap_20020501_politics_p001,yonhap,2002-05-01,politics,1,pending,,data\raw_lake\source_archive\source=yonhap\year=2002\month=05\part.jsonl
yonhap_20020501_economy_p001,yonhap,2002-05-01,economy,1,pending,,data\raw_lake\source_archive\source=yonhap\year=2002\month=05\part.jsonl
yonhap_20020501_society_p001,yonhap,2002-05-01,society,1,pending,,data\raw_lake\source_archive\source=yonhap\year=2002\month=05\part.jsonl
yonhap_20020502_all_p001,yonhap,2002-05-02,all,1,pending,,data\raw_lake\source_archive\source=yonhap\year=2002\month=05\part.jsonl
yonhap_20020502_politics_p001,yonhap,2002-05-02,politics,1,pending,,data\raw_lake\source_archive\source=yonhap\year=2002\month=05\part.jsonl
yonhap_20020502_economy_p001,yonhap,2002-05-02,economy,1,pending,,data\raw_lake\source_archive\source=yonhap\year=2002\month=05\part.jsonl
yonhap_20020502_society_p001,yonhap,2002-05-02,society,1,pending,,data\raw_lake\source_archive\source=yonhap\year=2002\month=05\part.jsonl
yonhap_20020503_all_p001,yonhap,2002-05-03,all,1,pending,,data\raw_lake\source_archive\source=yonhap\year=2002\month=05\part.jsonl
yonhap_20020503_politics_p001,yonhap,2002-05-03,politics,1,pending,,data\raw_lake\source_archive\source=yonhap\year=2002\month=05\part.jsonl
yonhap_20020503_economy_p001,yonhap,2002-05-03,economy,1,pending,,data\raw_lake\source_archive\source=yonhap\year=2002\month=05\part.jsonl
yonhap_20020503_society_p001,yonhap,2002-05-03,society,1,pending,,data\raw_lake\source_archive\source=yonhap\year=2002\month=05\part.jsonl
yonhap_20020504_all_p001,yonhap,2002-05-04,all,1,pending,,data\raw_lake\source_archive\source=yonhap\year=2002\month=05\part.jsonl
yonhap_20020504_politics_p001,yonhap,2002-05-04,politics,1,pending,,data\raw_lake\source_archive\source=yonhap\year=2002\month=05\part.jsonl
yonhap_20020504_economy_p001,yonhap,2002-05-04,economy,1,pending,,data\raw_lake\source_archive\source=yonhap\year=2002\month=05\part.jsonl
yonhap_20020504_society_p001,yonhap,2002-05-04,society,1,pending,,data\raw_lake\source_archive\source=yonhap\year=2002\month=05\part.jsonl
yonhap_20020505_all_p001,yonhap,2002-05-05,all,1,pending,,data\raw_lake\source_archive\source=yonhap\year=2002\month=05\part.jsonl
yonhap_20020505_politics_p001,yonhap,2002-05-05,politics,1,pending,,data\raw_lake\source_archive\source=yonhap\year=2002\month=05\part.jsonl
yonhap_20020505_economy_p001,yonhap,2002-05-05,economy,1,pending,,data\raw_lake\source_archive\source=yonhap\year=2002\month=05\part.jsonl
yonhap_20020505_society_p001,yonhap,2002-05-05,society,1,pending,,data\raw_lake\source_archive\source=yonhap\year=2002\month=05\part.jsonl
yonhap_20020506_all_p001,yonhap,2002-05-06,all,1,pending,,data\raw_lake\source_archive\source=yonhap\year=2002\month=05\part.jsonl
yonhap_20020506_politics_p001,yonhap,2002-05-06,politics,1,pending,,data\raw_lake\source_archive\source=yonhap\year=2002\month=05\part.jsonl
yonhap_20020506_economy_p001,yonhap,2002-05-06,economy,1,pending,,data\raw_lake\source_archive\source=yonhap\year=2002\month=05\part.jsonl
yonhap_20020506_society_p001,yonhap,2002-05-06,society,1,pending,,data\raw_lake\source_archive\source=yonhap\year=2002\month=05\part.jsonl
yonhap_20020507_all_p001,yonhap,2002-05-07,all,1,pending,,data\raw_lake\source_archive\source=yonhap\year=2002\month=05\part.jsonl
yonhap_20020507_politics_p001,yonhap,2002-05-07,politics,1,pending,,data\raw_lake\source_archive\source=yonhap\year=2002\month=05\part.jsonl
yonhap_20020507_economy_p001,yonhap,2002-05-07,economy,1,pending,,data\raw_lake\source_archive\source=yonhap\year=2002\month=05\part.jsonl
yonhap_20020507_society_p001,yonhap,2002-05-07,society,1,pending,,data\raw_lake\source_archive\source=yonhap\year=2002\month=05\part.jsonl
yonhap_20020508_all_p001,yonhap,2002-05-08,all,1,pending,,data\raw_lake\source_archive\source=yonhap\year=2002\month=05\part.jsonl
yonhap_20020508_politics_p001,yonhap,2002-05-08,politics,1,pending,,data\raw_lake\source_archive\source=yonhap\year=2002\month=05\part.jsonl
yonhap_20020508_economy_p001,yonhap,2002-05-08,economy,1,pending,,data\raw_lake\source_archive\source=yonhap\year=2002\month=05\part.jsonl
yonhap_20020508_society_p001,yonhap,2002-05-08,society,1,pending,,data\raw_lake\source_archive\source=yonhap\year=2002\month=05\part.jsonl
yonhap_20020509_all_p001,yonhap,2002-05-09,all,1,pending,,data\raw_lake\source_archive\source=yonhap\year=2002\month=05\part.jsonl
yonhap_20020509_politics_p001,yonhap,2002-05-09,politics,1,pending,,data\raw_lake\source_archive\source=yonhap\year=2002\month=05\part.jsonl
yonhap_20020509_economy_p001,yonhap,2002-05-09,economy,1,pending,,data\raw_lake\source_archive\source=yonhap\year=2002\month=05\part.jsonl
yonhap_20020509_society_p001,yonhap,2002-05-09,society,1,pending,,data\raw_lake\source_archive\source=yonhap\year=2002\month=05\part.jsonl
yonhap_20020510_all_p001,yonhap,2002-05-10,all,1,pending,,data\raw_lake\source_archive\source=yonhap\year=2002\month=05\part.jsonl
yonhap_20020510_politics_p001,yonhap,2002-05-10,politics,1,pending,,data\raw_lake\source_archive\source=yonhap\year=2002\month=05\part.jsonl
yonhap_20020510_economy_p001,yonhap,2002-05-10,economy,1,pending,,data\raw_lake\source_archive\source=yonhap\year=2002\month=05\part.jsonl
yonhap_20020510_society_p001,yonhap,2002-05-10,society,1,pending,,data\raw_lake\source_archive\source=yonhap\year=2002\month=05\part.jsonl
yonhap_20020511_all_p001,yonhap,2002-05-11,all,1,pending,,data\raw_lake\source_archive\source=yonhap\year=2002\month=05\part.jsonl
yonhap_20020511_politics_p001,yonhap,2002-05-11,politics,1,pending,,data\raw_lake\source_archive\source=yonhap\year=2002\month=05\part.jsonl
yonhap_20020511_economy_p001,yonhap,2002-05-11,economy,1,pending,,data\raw_lake\source_archive\source=yonhap\year=2002\month=05\part.jsonl
yonhap_20020511_society_p001,yonhap,2002-05-11,society,1,pending,,data\raw_lake\source_archive\source=yonhap\year=2002\month=05\part.jsonl
yonhap_20020512_all_p001,yonhap,2002-05-12,all,1,pending,,data\raw_lake\source_archive\source=yonhap\year=2002\month=05\part.jsonl
yonhap_20020512_politics_p001,yonhap,2002-05-12,politics,1,pending,,data\raw_lake\source_archive\source=yonhap\year=2002\month=05\part.jsonl
yonhap_20020512_economy_p001,yonhap,2002-05-12,economy,1,pending,,data\raw_lake\source_archive\source=yonhap\year=2002\month=05\part.jsonl
yonhap_20020512_society_p001,yonhap,2002-05-12,society,1,pending,,data\raw_lake\source_archive\source=yonhap\year=2002\month=05\part.jsonl
yonhap_20020513_all_p001,yonhap,2002-05-13,all,1,pending,,data\raw_lake\source_archive\source=yonhap\year=2002\month=05\part.jsonl
yonhap_20020513_politics_p001,yonhap,2002-05-13,politics,1,pending,,data\raw_lake\source_archive\source=yonhap\year=2002\month=05\part.jsonl
yonhap_20020513_economy_p001,yonhap,2002-05-13,economy,1,pending,,data\raw_lake\source_archive\source=yonhap\year=2002\month=05\part.jsonl
yonhap_20020513_society_p001,yonhap,2002-05-13,society,1,pending,,data\raw_lake\source_archive\source=yonhap\year=2002\month=05\part.jsonl
yonhap_20020514_all_p001,yonhap,2002-05-14,all,1,pending,,data\raw_lake\source_archive\source=yonhap\year=2002\month=05\part.jsonl
yonhap_20020514_politics_p001,yonhap,2002-05-14,politics,1,pending,,data\raw_lake\source_archive\source=yonhap\year=2002\month=05\part.jsonl
yonhap_20020514_economy_p001,yonhap,2002-05-14,economy,1,pending,,data\raw_lake\source_archive\source=yonhap\year=2002\month=05\part.jsonl
yonhap_20020514_society_p001,yonhap,2002-05-14,society,1,pending,,data\raw_lake\source_archive\source=yonhap\year=2002\month=05\part.jsonl
yonhap_20020515_all_p001,yonhap,2002-05-15,all,1,pending,,data\raw_lake\source_archive\source=yonhap\year=2002\month=05\part.jsonl
yonhap_20020515_politics_p001,yonhap,2002-05-15,politics,1,pending,,data\raw_lake\source_archive\source=yonhap\year=2002\month=05\part.jsonl
yonhap_20020515_economy_p001,yonhap,2002-05-15,economy,1,pending,,data\raw_lake\source_archive\source=yonhap\year=2002\month=05\part.jsonl
yonhap_20020515_society_p001,yonhap,2002-05-15,society,1,pending,,data\raw_lake\source_archive\source=yonhap\year=2002\month=05\part.jsonl
yonhap_20020516_all_p001,yonhap,2002-05-16,all,1,pending,,data\raw_lake\source_archive\source=yonhap\year=2002\month=05\part.jsonl
yonhap_20020516_politics_p001,yonhap,2002-05-16,politics,1,pending,,data\raw_lake\source_archive\source=yonhap\year=2002\month=05\part.jsonl
yonhap_20020516_economy_p001,yonhap,2002-05-16,economy,1,pending,,data\raw_lake\source_archive\source=yonhap\year=2002\month=05\part.jsonl
yonhap_20020516_society_p001,yonhap,2002-05-16,society,1,pending,,data\raw_lake\source_archive\source=yonhap\year=2002\month=05\part.jsonl
yonhap_20020517_all_p001,yonhap,2002-05-17,all,1,pending,,data\raw_lake\source_archive\source=yonhap\year=2002\month=05\part.jsonl
yonhap_20020517_politics_p001,yonhap,2002-05-17,politics,1,pending,,data\raw_lake\source_archive\source=yonhap\year=2002\month=05\part.jsonl
yonhap_20020517_economy_p001,yonhap,2002-05-17,economy,1,pending,,data\raw_lake\source_archive\source=yonhap\year=2002\month=05\part.jsonl
yonhap_20020517_society_p001,yonhap,2002-05-17,society,1,pending,,data\raw_lake\source_archive\source=yonhap\year=2002\month=05\part.jsonl
yonhap_20020518_all_p001,yonhap,2002-05-18,all,1,pending,,data\raw_lake\source_archive\source=yonhap\year=2002\month=05\part.jsonl
yonhap_20020518_politics_p001,yonhap,2002-05-18,politics,1,pending,,data\raw_lake\source_archive\source=yonhap\year=2002\month=05\part.jsonl
yonhap_20020518_economy_p001,yonhap,2002-05-18,economy,1,pending,,data\raw_lake\source_archive\source=yonhap\year=2002\month=05\part.jsonl
yonhap_20020518_society_p001,yonhap,2002-05-18,society,1,pending,,data\raw_lake\source_archive\source=yonhap\year=2002\month=05\part.jsonl
yonhap_20020519_all_p001,yonhap,2002-05-19,all,1,pending,,data\raw_lake\source_archive\source=yonhap\year=2002\month=05\part.jsonl
yonhap_20020519_politics_p001,yonhap,2002-05-19,politics,1,pending,,data\raw_lake\source_archive\source=yonhap\year=2002\month=05\part.jsonl
yonhap_20020519_economy_p001,yonhap,2002-05-19,economy,1,pending,,data\raw_lake\source_archive\source=yonhap\year=2002\month=05\part.jsonl
yonhap_20020519_society_p001,yonhap,2002-05-19,society,1,pending,,data\raw_lake\source_archive\source=yonhap\year=2002\month=05\part.jsonl
yonhap_20020520_all_p001,yonhap,2002-05-20,all,1,pending,,data\raw_lake\source_archive\source=yonhap\year=2002\month=05\part.jsonl
yonhap_20020520_politics_p001,yonhap,2002-05-20,politics,1,pending,,data\raw_lake\source_archive\source=yonhap\year=2002\month=05\part.jsonl
yonhap_20020520_economy_p001,yonhap,2002-05-20,economy,1,pending,,data\raw_lake\source_archive\source=yonhap\year=2002\month=05\part.jsonl
yonhap_20020520_society_p001,yonhap,2002-05-20,society,1,pending,,data\raw_lake\source_archive\source=yonhap\year=2002\month=05\part.jsonl
yonhap_20020521_all_p001,yonhap,2002-05-21,all,1,pending,,data\raw_lake\source_archive\source=yonhap\year=2002\month=05\part.jsonl
yonhap_20020521_politics_p001,yonhap,2002-05-21,politics,1,pending,,data\raw_lake\source_archive\source=yonhap\year=2002\month=05\part.jsonl
yonhap_20020521_economy_p001,yonhap,2002-05-21,economy,1,pending,,data\raw_lake\source_archive\source=yonhap\year=2002\month=05\part.jsonl
yonhap_20020521_society_p001,yonhap,2002-05-21,society,1,pending,,data\raw_lake\source_archive\source=yonhap\year=2002\month=05\part.jsonl
yonhap_20020522_all_p001,yonhap,2002-05-22,all,1,pending,,data\raw_lake\source_archive\source=yonhap\year=2002\month=05\part.jsonl
yonhap_20020522_politics_p001,yonhap,2002-05-22,politics,1,pending,,data\raw_lake\source_archive\source=yonhap\year=2002\month=05\part.jsonl
yonhap_20020522_economy_p001,yonhap,2002-05-22,economy,1,pending,,data\raw_lake\source_archive\source=yonhap\year=2002\month=05\part.jsonl
yonhap_20020522_society_p001,yonhap,2002-05-22,society,1,pending,,data\raw_lake\source_archive\source=yonhap\year=2002\month=05\part.jsonl
yonhap_20020523_all_p001,yonhap,2002-05-23,all,1,pending,,data\raw_lake\source_archive\source=yonhap\year=2002\month=05\part.jsonl
yonhap_20020523_politics_p001,yonhap,2002-05-23,politics,1,pending,,data\raw_lake\source_archive\source=yonhap\year=2002\month=05\part.jsonl
yonhap_20020523_economy_p001,yonhap,2002-05-23,economy,1,pending,,data\raw_lake\source_archive\source=yonhap\year=2002\month=05\part.jsonl
yonhap_20020523_society_p001,yonhap,2002-05-23,society,1,pending,,data\raw_lake\source_archive\source=yonhap\year=2002\month=05\part.jsonl
yonhap_20020524_all_p001,yonhap,2002-05-24,all,1,pending,,data\raw_lake\source_archive\source=yonhap\year=2002\month=05\part.jsonl
yonhap_20020524_politics_p001,yonhap,2002-05-24,politics,1,pending,,data\raw_lake\source_archive\source=yonhap\year=2002\month=05\part.jsonl
yonhap_20020524_economy_p001,yonhap,2002-05-24,economy,1,pending,,data\raw_lake\source_archive\source=yonhap\year=2002\month=05\part.jsonl
yonhap_20020524_society_p001,yonhap,2002-05-24,society,1,pending,,data\raw_lake\source_archive\source=yonhap\year=2002\month=05\part.jsonl
yonhap_20020525_all_p001,yonhap,2002-05-25,all,1,pending,,data\raw_lake\source_archive\source=yonhap\year=2002\month=05\part.jsonl
yonhap_20020525_politics_p001,yonhap,2002-05-25,politics,1,pending,,data\raw_lake\source_archive\source=yonhap\year=2002\month=05\part.jsonl
yonhap_20020525_economy_p001,yonhap,2002-05-25,economy,1,pending,,data\raw_lake\source_archive\source=yonhap\year=2002\month=05\part.jsonl
yonhap_20020525_society_p001,yonhap,2002-05-25,society,1,pending,,data\raw_lake\source_archive\source=yonhap\year=2002\month=05\part.jsonl
yonhap_20020526_all_p001,yonhap,2002-05-26,all,1,pending,,data\raw_lake\source_archive\source=yonhap\year=2002\month=05\part.jsonl
yonhap_20020526_politics_p001,yonhap,2002-05-26,politics,1,pending,,data\raw_lake\source_archive\source=yonhap\year=2002\month=05\part.jsonl
yonhap_20020526_economy_p001,yonhap,2002-05-26,economy,1,pending,,data\raw_lake\source_archive\source=yonhap\year=2002\month=05\part.jsonl
yonhap_20020526_society_p001,yonhap,2002-05-26,society,1,pending,,data\raw_lake\source_archive\source=yonhap\year=2002\month=05\part.jsonl
yonhap_20020527_all_p001,yonhap,2002-05-27,all,1,pending,,data\raw_lake\source_archive\source=yonhap\year=2002\month=05\part.jsonl
yonhap_20020527_politics_p001,yonhap,2002-05-27,politics,1,pending,,data\raw_lake\source_archive\source=yonhap\year=2002\month=05\part.jsonl
yonhap_20020527_economy_p001,yonhap,2002-05-27,economy,1,pending,,data\raw_lake\source_archive\source=yonhap\year=2002\month=05\part.jsonl
yonhap_20020527_society_p001,yonhap,2002-05-27,society,1,pending,,data\raw_lake\source_archive\source=yonhap\year=2002\month=05\part.jsonl
yonhap_20020528_all_p001,yonhap,2002-05-28,all,1,pending,,data\raw_lake\source_archive\source=yonhap\year=2002\month=05\part.jsonl
yonhap_20020528_politics_p001,yonhap,2002-05-28,politics,1,pending,,data\raw_lake\source_archive\source=yonhap\year=2002\month=05\part.jsonl
yonhap_20020528_economy_p001,yonhap,2002-05-28,economy,1,pending,,data\raw_lake\source_archive\source=yonhap\year=2002\month=05\part.jsonl
yonhap_20020528_society_p001,yonhap,2002-05-28,society,1,pending,,data\raw_lake\source_archive\source=yonhap\year=2002\month=05\part.jsonl
yonhap_20020529_all_p001,yonhap,2002-05-29,all,1,pending,,data\raw_lake\source_archive\source=yonhap\year=2002\month=05\part.jsonl
yonhap_20020529_politics_p001,yonhap,2002-05-29,politics,1,pending,,data\raw_lake\source_archive\source=yonhap\year=2002\month=05\part.jsonl
yonhap_20020529_economy_p001,yonhap,2002-05-29,economy,1,pending,,data\raw_lake\source_archive\source=yonhap\year=2002\month=05\part.jsonl
yonhap_20020529_society_p001,yonhap,2002-05-29,society,1,pending,,data\raw_lake\source_archive\source=yonhap\year=2002\month=05\part.jsonl
yonhap_20020530_all_p001,yonhap,2002-05-30,all,1,pending,,data\raw_lake\source_archive\source=yonhap\year=2002\month=05\part.jsonl
yonhap_20020530_politics_p001,yonhap,2002-05-30,politics,1,pending,,data\raw_lake\source_archive\source=yonhap\year=2002\month=05\part.jsonl
yonhap_20020530_economy_p001,yonhap,2002-05-30,economy,1,pending,,data\raw_lake\source_archive\source=yonhap\year=2002\month=05\part.jsonl
yonhap_20020530_society_p001,yonhap,2002-05-30,society,1,pending,,data\raw_lake\source_archive\source=yonhap\year=2002\month=05\part.jsonl
yonhap_20020531_all_p001,yonhap,2002-05-31,all,1,pending,,data\raw_lake\source_archive\source=yonhap\year=2002\month=05\part.jsonl
yonhap_20020531_politics_p001,yonhap,2002-05-31,politics,1,pending,,data\raw_lake\source_archive\source=yonhap\year=2002\month=05\part.jsonl
yonhap_20020531_economy_p001,yonhap,2002-05-31,economy,1,pending,,data\raw_lake\source_archive\source=yonhap\year=2002\month=05\part.jsonl
yonhap_20020531_society_p001,yonhap,2002-05-31,society,1,pending,,data\raw_lake\source_archive\source=yonhap\year=2002\month=05\part.jsonl
yonhap_20020601_all_p001,yonhap,2002-06-01,all,1,pending,,data\raw_lake\source_archive\source=yonhap\year=2002\month=06\part.jsonl
yonhap_20020601_politics_p001,yonhap,2002-06-01,politics,1,pending,,data\raw_lake\source_archive\source=yonhap\year=2002\month=06\part.jsonl
yonhap_20020601_economy_p001,yonhap,2002-06-01,economy,1,pending,,data\raw_lake\source_archive\source=yonhap\year=2002\month=06\part.jsonl
yonhap_20020601_society_p001,yonhap,2002-06-01,society,1,pending,,data\raw_lake\source_archive\source=yonhap\year=2002\month=06\part.jsonl
yonhap_20020602_all_p001,yonhap,2002-06-02,all,1,pending,,data\raw_lake\source_archive\source=yonhap\year=2002\month=06\part.jsonl
yonhap_20020602_politics_p001,yonhap,2002-06-02,politics,1,pending,,data\raw_lake\source_archive\source=yonhap\year=2002\month=06\part.jsonl
yonhap_20020602_economy_p001,yonhap,2002-06-02,economy,1,pending,,data\raw_lake\source_archive\source=yonhap\year=2002\month=06\part.jsonl
yonhap_20020602_society_p001,yonhap,2002-06-02,society,1,pending,,data\raw_lake\source_archive\source=yonhap\year=2002\month=06\part.jsonl
yonhap_20020603_all_p001,yonhap,2002-06-03,all,1,pending,,data\raw_lake\source_archive\source=yonhap\year=2002\month=06\part.jsonl
yonhap_20020603_politics_p001,yonhap,2002-06-03,politics,1,pending,,data\raw_lake\source_archive\source=yonhap\year=2002\month=06\part.jsonl
yonhap_20020603_economy_p001,yonhap,2002-06-03,economy,1,pending,,data\raw_lake\source_archive\source=yonhap\year=2002\month=06\part.jsonl
yonhap_20020603_society_p001,yonhap,2002-06-03,society,1,pending,,data\raw_lake\source_archive\source=yonhap\year=2002\month=06\part.jsonl
yonhap_20020604_all_p001,yonhap,2002-06-04,all,1,pending,,data\raw_lake\source_archive\source=yonhap\year=2002\month=06\part.jsonl
yonhap_20020604_politics_p001,yonhap,2002-06-04,politics,1,pending,,data\raw_lake\source_archive\source=yonhap\year=2002\month=06\part.jsonl
yonhap_20020604_economy_p001,yonhap,2002-06-04,economy,1,pending,,data\raw_lake\source_archive\source=yonhap\year=2002\month=06\part.jsonl
yonhap_20020604_society_p001,yonhap,2002-06-04,society,1,pending,,data\raw_lake\source_archive\source=yonhap\year=2002\month=06\part.jsonl
yonhap_20020605_all_p001,yonhap,2002-06-05,all,1,pending,,data\raw_lake\source_archive\source=yonhap\year=2002\month=06\part.jsonl
yonhap_20020605_politics_p001,yonhap,2002-06-05,politics,1,pending,,data\raw_lake\source_archive\source=yonhap\year=2002\month=06\part.jsonl
yonhap_20020605_economy_p001,yonhap,2002-06-05,economy,1,pending,,data\raw_lake\source_archive\source=yonhap\year=2002\month=06\part.jsonl
yonhap_20020605_society_p001,yonhap,2002-06-05,society,1,pending,,data\raw_lake\source_archive\source=yonhap\year=2002\month=06\part.jsonl
yonhap_20020606_all_p001,yonhap,2002-06-06,all,1,pending,,data\raw_lake\source_archive\source=yonhap\year=2002\month=06\part.jsonl
yonhap_20020606_politics_p001,yonhap,2002-06-06,politics,1,pending,,data\raw_lake\source_archive\source=yonhap\year=2002\month=06\part.jsonl
yonhap_20020606_economy_p001,yonhap,2002-06-06,economy,1,pending,,data\raw_lake\source_archive\source=yonhap\year=2002\month=06\part.jsonl
yonhap_20020606_society_p001,yonhap,2002-06-06,society,1,pending,,data\raw_lake\source_archive\source=yonhap\year=2002\month=06\part.jsonl
yonhap_20020607_all_p001,yonhap,2002-06-07,all,1,pending,,data\raw_lake\source_archive\source=yonhap\year=2002\month=06\part.jsonl
yonhap_20020607_politics_p001,yonhap,2002-06-07,politics,1,pending,,data\raw_lake\source_archive\source=yonhap\year=2002\month=06\part.jsonl
yonhap_20020607_economy_p001,yonhap,2002-06-07,economy,1,pending,,data\raw_lake\source_archive\source=yonhap\year=2002\month=06\part.jsonl
yonhap_20020607_society_p001,yonhap,2002-06-07,society,1,pending,,data\raw_lake\source_archive\source=yonhap\year=2002\month=06\part.jsonl
yonhap_20020608_all_p001,yonhap,2002-06-08,all,1,pending,,data\raw_lake\source_archive\source=yonhap\year=2002\month=06\part.jsonl
yonhap_20020608_politics_p001,yonhap,2002-06-08,politics,1,pending,,data\raw_lake\source_archive\source=yonhap\year=2002\month=06\part.jsonl
yonhap_20020608_economy_p001,yonhap,2002-06-08,economy,1,pending,,data\raw_lake\source_archive\source=yonhap\year=2002\month=06\part.jsonl
yonhap_20020608_society_p001,yonhap,2002-06-08,society,1,pending,,data\raw_lake\source_archive\source=yonhap\year=2002\month=06\part.jsonl
yonhap_20020609_all_p001,yonhap,2002-06-09,all,1,pending,,data\raw_lake\source_archive\source=yonhap\year=2002\month=06\part.jsonl
yonhap_20020609_politics_p001,yonhap,2002-06-09,politics,1,pending,,data\raw_lake\source_archive\source=yonhap\year=2002\month=06\part.jsonl
yonhap_20020609_economy_p001,yonhap,2002-06-09,economy,1,pending,,data\raw_lake\source_archive\source=yonhap\year=2002\month=06\part.jsonl
yonhap_20020609_society_p001,yonhap,2002-06-09,society,1,pending,,data\raw_lake\source_archive\source=yonhap\year=2002\month=06\part.jsonl
yonhap_20020610_all_p001,yonhap,2002-06-10,all,1,pending,,data\raw_lake\source_archive\source=yonhap\year=2002\month=06\part.jsonl
yonhap_20020610_politics_p001,yonhap,2002-06-10,politics,1,pending,,data\raw_lake\source_archive\source=yonhap\year=2002\month=06\part.jsonl
yonhap_20020610_economy_p001,yonhap,2002-06-10,economy,1,pending,,data\raw_lake\source_archive\source=yonhap\year=2002\month=06\part.jsonl
yonhap_20020610_society_p001,yonhap,2002-06-10,society,1,pending,,data\raw_lake\source_archive\source=yonhap\year=2002\month=06\part.jsonl
yonhap_20020611_all_p001,yonhap,2002-06-11,all,1,pending,,data\raw_lake\source_archive\source=yonhap\year=2002\month=06\part.jsonl
yonhap_20020611_politics_p001,yonhap,2002-06-11,politics,1,pending,,data\raw_lake\source_archive\source=yonhap\year=2002\month=06\part.jsonl
yonhap_20020611_economy_p001,yonhap,2002-06-11,economy,1,pending,,data\raw_lake\source_archive\source=yonhap\year=2002\month=06\part.jsonl
yonhap_20020611_society_p001,yonhap,2002-06-11,society,1,pending,,data\raw_lake\source_archive\source=yonhap\year=2002\month=06\part.jsonl
yonhap_20020612_all_p001,yonhap,2002-06-12,all,1,pending,,data\raw_lake\source_archive\source=yonhap\year=2002\month=06\part.jsonl
yonhap_20020612_politics_p001,yonhap,2002-06-12,politics,1,pending,,data\raw_lake\source_archive\source=yonhap\year=2002\month=06\part.jsonl
yonhap_20020612_economy_p001,yonhap,2002-06-12,economy,1,pending,,data\raw_lake\source_archive\source=yonhap\year=2002\month=06\part.jsonl
yonhap_20020612_society_p001,yonhap,2002-06-12,society,1,pending,,data\raw_lake\source_archive\source=yonhap\year=2002\month=06\part.jsonl
yonhap_20020613_all_p001,yonhap,2002-06-13,all,1,pending,,data\raw_lake\source_archive\source=yonhap\year=2002\month=06\part.jsonl
yonhap_20020613_politics_p001,yonhap,2002-06-13,politics,1,pending,,data\raw_lake\source_archive\source=yonhap\year=2002\month=06\part.jsonl
yonhap_20020613_economy_p001,yonhap,2002-06-13,economy,1,pending,,data\raw_lake\source_archive\source=yonhap\year=2002\month=06\part.jsonl
yonhap_20020613_society_p001,yonhap,2002-06-13,society,1,pending,,data\raw_lake\source_archive\source=yonhap\year=2002\month=06\part.jsonl
yonhap_20020614_all_p001,yonhap,2002-06-14,all,1,pending,,data\raw_lake\source_archive\source=yonhap\year=2002\month=06\part.jsonl
yonhap_20020614_politics_p001,yonhap,2002-06-14,politics,1,pending,,data\raw_lake\source_archive\source=yonhap\year=2002\month=06\part.jsonl
yonhap_20020614_economy_p001,yonhap,2002-06-14,economy,1,pending,,data\raw_lake\source_archive\source=yonhap\year=2002\month=06\part.jsonl
yonhap_20020614_society_p001,yonhap,2002-06-14,society,1,pending,,data\raw_lake\source_archive\source=yonhap\year=2002\month=06\part.jsonl
yonhap_20020615_all_p001,yonhap,2002-06-15,all,1,pending,,data\raw_lake\source_archive\source=yonhap\year=2002\month=06\part.jsonl
yonhap_20020615_politics_p001,yonhap,2002-06-15,politics,1,pending,,data\raw_lake\source_archive\source=yonhap\year=2002\month=06\part.jsonl
yonhap_20020615_economy_p001,yonhap,2002-06-15,economy,1,pending,,data\raw_lake\source_archive\source=yonhap\year=2002\month=06\part.jsonl
yonhap_20020615_society_p001,yonhap,2002-06-15,society,1,pending,,data\raw_lake\source_archive\source=yonhap\year=2002\month=06\part.jsonl
yonhap_20020616_all_p001,yonhap,2002-06-16,all,1,pending,,data\raw_lake\source_archive\source=yonhap\year=2002\month=06\part.jsonl
yonhap_20020616_politics_p001,yonhap,2002-06-16,politics,1,pending,,data\raw_lake\source_archive\source=yonhap\year=2002\month=06\part.jsonl
yonhap_20020616_economy_p001,yonhap,2002-06-16,economy,1,pending,,data\raw_lake\source_archive\source=yonhap\year=2002\month=06\part.jsonl
yonhap_20020616_society_p001,yonhap,2002-06-16,society,1,pending,,data\raw_lake\source_archive\source=yonhap\year=2002\month=06\part.jsonl
yonhap_20020617_all_p001,yonhap,2002-06-17,all,1,pending,,data\raw_lake\source_archive\source=yonhap\year=2002\month=06\part.jsonl
yonhap_20020617_politics_p001,yonhap,2002-06-17,politics,1,pending,,data\raw_lake\source_archive\source=yonhap\year=2002\month=06\part.jsonl
yonhap_20020617_economy_p001,yonhap,2002-06-17,economy,1,pending,,data\raw_lake\source_archive\source=yonhap\year=2002\month=06\part.jsonl
yonhap_20020617_society_p001,yonhap,2002-06-17,society,1,pending,,data\raw_lake\source_archive\source=yonhap\year=2002\month=06\part.jsonl
yonhap_20020618_all_p001,yonhap,2002-06-18,all,1,pending,,data\raw_lake\source_archive\source=yonhap\year=2002\month=06\part.jsonl
yonhap_20020618_politics_p001,yonhap,2002-06-18,politics,1,pending,,data\raw_lake\source_archive\source=yonhap\year=2002\month=06\part.jsonl
yonhap_20020618_economy_p001,yonhap,2002-06-18,economy,1,pending,,data\raw_lake\source_archive\source=yonhap\year=2002\month=06\part.jsonl
yonhap_20020618_society_p001,yonhap,2002-06-18,society,1,pending,,data\raw_lake\source_archive\source=yonhap\year=2002\month=06\part.jsonl
yonhap_20020619_all_p001,yonhap,2002-06-19,all,1,pending,,data\raw_lake\source_archive\source=yonhap\year=2002\month=06\part.jsonl
yonhap_20020619_politics_p001,yonhap,2002-06-19,politics,1,pending,,data\raw_lake\source_archive\source=yonhap\year=2002\month=06\part.jsonl
yonhap_20020619_economy_p001,yonhap,2002-06-19,economy,1,pending,,data\raw_lake\source_archive\source=yonhap\year=2002\month=06\part.jsonl
yonhap_20020619_society_p001,yonhap,2002-06-19,society,1,pending,,data\raw_lake\source_archive\source=yonhap\year=2002\month=06\part.jsonl
yonhap_20020620_all_p001,yonhap,2002-06-20,all,1,pending,,data\raw_lake\source_archive\source=yonhap\year=2002\month=06\part.jsonl
yonhap_20020620_politics_p001,yonhap,2002-06-20,politics,1,pending,,data\raw_lake\source_archive\source=yonhap\year=2002\month=06\part.jsonl
yonhap_20020620_economy_p001,yonhap,2002-06-20,economy,1,pending,,data\raw_lake\source_archive\source=yonhap\year=2002\month=06\part.jsonl
yonhap_20020620_society_p001,yonhap,2002-06-20,society,1,pending,,data\raw_lake\source_archive\source=yonhap\year=2002\month=06\part.jsonl
yonhap_20020621_all_p001,yonhap,2002-06-21,all,1,pending,,data\raw_lake\source_archive\source=yonhap\year=2002\month=06\part.jsonl
yonhap_20020621_politics_p001,yonhap,2002-06-21,politics,1,pending,,data\raw_lake\source_archive\source=yonhap\year=2002\month=06\part.jsonl
yonhap_20020621_economy_p001,yonhap,2002-06-21,economy,1,pending,,data\raw_lake\source_archive\source=yonhap\year=2002\month=06\part.jsonl
yonhap_20020621_society_p001,yonhap,2002-06-21,society,1,pending,,data\raw_lake\source_archive\source=yonhap\year=2002\month=06\part.jsonl
yonhap_20020622_all_p001,yonhap,2002-06-22,all,1,pending,,data\raw_lake\source_archive\source=yonhap\year=2002\month=06\part.jsonl
yonhap_20020622_politics_p001,yonhap,2002-06-22,politics,1,pending,,data\raw_lake\source_archive\source=yonhap\year=2002\month=06\part.jsonl
yonhap_20020622_economy_p001,yonhap,2002-06-22,economy,1,pending,,data\raw_lake\source_archive\source=yonhap\year=2002\month=06\part.jsonl
yonhap_20020622_society_p001,yonhap,2002-06-22,society,1,pending,,data\raw_lake\source_archive\source=yonhap\year=2002\month=06\part.jsonl
yonhap_20020623_all_p001,yonhap,2002-06-23,all,1,pending,,data\raw_lake\source_archive\source=yonhap\year=2002\month=06\part.jsonl
yonhap_20020623_politics_p001,yonhap,2002-06-23,politics,1,pending,,data\raw_lake\source_archive\source=yonhap\year=2002\month=06\part.jsonl
yonhap_20020623_economy_p001,yonhap,2002-06-23,economy,1,pending,,data\raw_lake\source_archive\source=yonhap\year=2002\month=06\part.jsonl
yonhap_20020623_society_p001,yonhap,2002-06-23,society,1,pending,,data\raw_lake\source_archive\source=yonhap\year=2002\month=06\part.jsonl
yonhap_20020624_all_p001,yonhap,2002-06-24,all,1,pending,,data\raw_lake\source_archive\source=yonhap\year=2002\month=06\part.jsonl
yonhap_20020624_politics_p001,yonhap,2002-06-24,politics,1,pending,,data\raw_lake\source_archive\source=yonhap\year=2002\month=06\part.jsonl
yonhap_20020624_economy_p001,yonhap,2002-06-24,economy,1,pending,,data\raw_lake\source_archive\source=yonhap\year=2002\month=06\part.jsonl
yonhap_20020624_society_p001,yonhap,2002-06-24,society,1,pending,,data\raw_lake\source_archive\source=yonhap\year=2002\month=06\part.jsonl
yonhap_20020625_all_p001,yonhap,2002-06-25,all,1,pending,,data\raw_lake\source_archive\source=yonhap\year=2002\month=06\part.jsonl
yonhap_20020625_politics_p001,yonhap,2002-06-25,politics,1,pending,,data\raw_lake\source_archive\source=yonhap\year=2002\month=06\part.jsonl
yonhap_20020625_economy_p001,yonhap,2002-06-25,economy,1,pending,,data\raw_lake\source_archive\source=yonhap\year=2002\month=06\part.jsonl
yonhap_20020625_society_p001,yonhap,2002-06-25,society,1,pending,,data\raw_lake\source_archive\source=yonhap\year=2002\month=06\part.jsonl
yonhap_20020626_all_p001,yonhap,2002-06-26,all,1,pending,,data\raw_lake\source_archive\source=yonhap\year=2002\month=06\part.jsonl
yonhap_20020626_politics_p001,yonhap,2002-06-26,politics,1,pending,,data\raw_lake\source_archive\source=yonhap\year=2002\month=06\part.jsonl
yonhap_20020626_economy_p001,yonhap,2002-06-26,economy,1,pending,,data\raw_lake\source_archive\source=yonhap\year=2002\month=06\part.jsonl
yonhap_20020626_society_p001,yonhap,2002-06-26,society,1,pending,,data\raw_lake\source_archive\source=yonhap\year=2002\month=06\part.jsonl
yonhap_20020627_all_p001,yonhap,2002-06-27,all,1,pending,,data\raw_lake\source_archive\source=yonhap\year=2002\month=06\part.jsonl
yonhap_20020627_politics_p001,yonhap,2002-06-27,politics,1,pending,,data\raw_lake\source_archive\source=yonhap\year=2002\month=06\part.jsonl
yonhap_20020627_economy_p001,yonhap,2002-06-27,economy,1,pending,,data\raw_lake\source_archive\source=yonhap\year=2002\month=06\part.jsonl
yonhap_20020627_society_p001,yonhap,2002-06-27,society,1,pending,,data\raw_lake\source_archive\source=yonhap\year=2002\month=06\part.jsonl
yonhap_20020628_all_p001,yonhap,2002-06-28,all,1,pending,,data\raw_lake\source_archive\source=yonhap\year=2002\month=06\part.jsonl
yonhap_20020628_politics_p001,yonhap,2002-06-28,politics,1,pending,,data\raw_lake\source_archive\source=yonhap\year=2002\month=06\part.jsonl
yonhap_20020628_economy_p001,yonhap,2002-06-28,economy,1,pending,,data\raw_lake\source_archive\source=yonhap\year=2002\month=06\part.jsonl
yonhap_20020628_society_p001,yonhap,2002-06-28,society,1,pending,,data\raw_lake\source_archive\source=yonhap\year=2002\month=06\part.jsonl
yonhap_20020629_all_p001,yonhap,2002-06-29,all,1,pending,,data\raw_lake\source_archive\source=yonhap\year=2002\month=06\part.jsonl
yonhap_20020629_politics_p001,yonhap,2002-06-29,politics,1,pending,,data\raw_lake\source_archive\source=yonhap\year=2002\month=06\part.jsonl
yonhap_20020629_economy_p001,yonhap,2002-06-29,economy,1,pending,,data\raw_lake\source_archive\source=yonhap\year=2002\month=06\part.jsonl
yonhap_20020629_society_p001,yonhap,2002-06-29,society,1,pending,,data\raw_lake\source_archive\source=yonhap\year=2002\month=06\part.jsonl
yonhap_20020630_all_p001,yonhap,2002-06-30,all,1,pending,,data\raw_lake\source_archive\source=yonhap\year=2002\month=06\part.jsonl
yonhap_20020630_politics_p001,yonhap,2002-06-30,politics,1,pending,,data\raw_lake\source_archive\source=yonhap\year=2002\month=06\part.jsonl
yonhap_20020630_economy_p001,yonhap,2002-06-30,economy,1,pending,,data\raw_lake\source_archive\source=yonhap\year=2002\month=06\part.jsonl
yonhap_20020630_society_p001,yonhap,2002-06-30,society,1,pending,,data\raw_lake\source_archive\source=yonhap\year=2002\month=06\part.jsonl
yonhap_20020701_all_p001,yonhap,2002-07-01,all,1,pending,,data\raw_lake\source_archive\source=yonhap\year=2002\month=07\part.jsonl
yonhap_20020701_politics_p001,yonhap,2002-07-01,politics,1,pending,,data\raw_lake\source_archive\source=yonhap\year=2002\month=07\part.jsonl
yonhap_20020701_economy_p001,yonhap,2002-07-01,economy,1,pending,,data\raw_lake\source_archive\source=yonhap\year=2002\month=07\part.jsonl
yonhap_20020701_society_p001,yonhap,2002-07-01,society,1,pending,,data\raw_lake\source_archive\source=yonhap\year=2002\month=07\part.jsonl
yonhap_20020702_all_p001,yonhap,2002-07-02,all,1,pending,,data\raw_lake\source_archive\source=yonhap\year=2002\month=07\part.jsonl
yonhap_20020702_politics_p001,yonhap,2002-07-02,politics,1,pending,,data\raw_lake\source_archive\source=yonhap\year=2002\month=07\part.jsonl
yonhap_20020702_economy_p001,yonhap,2002-07-02,economy,1,pending,,data\raw_lake\source_archive\source=yonhap\year=2002\month=07\part.jsonl
yonhap_20020702_society_p001,yonhap,2002-07-02,society,1,pending,,data\raw_lake\source_archive\source=yonhap\year=2002\month=07\part.jsonl
yonhap_20020703_all_p001,yonhap,2002-07-03,all,1,pending,,data\raw_lake\source_archive\source=yonhap\year=2002\month=07\part.jsonl
yonhap_20020703_politics_p001,yonhap,2002-07-03,politics,1,pending,,data\raw_lake\source_archive\source=yonhap\year=2002\month=07\part.jsonl
yonhap_20020703_economy_p001,yonhap,2002-07-03,economy,1,pending,,data\raw_lake\source_archive\source=yonhap\year=2002\month=07\part.jsonl
yonhap_20020703_society_p001,yonhap,2002-07-03,society,1,pending,,data\raw_lake\source_archive\source=yonhap\year=2002\month=07\part.jsonl
yonhap_20020704_all_p001,yonhap,2002-07-04,all,1,pending,,data\raw_lake\source_archive\source=yonhap\year=2002\month=07\part.jsonl
yonhap_20020704_politics_p001,yonhap,2002-07-04,politics,1,pending,,data\raw_lake\source_archive\source=yonhap\year=2002\month=07\part.jsonl
yonhap_20020704_economy_p001,yonhap,2002-07-04,economy,1,pending,,data\raw_lake\source_archive\source=yonhap\year=2002\month=07\part.jsonl
yonhap_20020704_society_p001,yonhap,2002-07-04,society,1,pending,,data\raw_lake\source_archive\source=yonhap\year=2002\month=07\part.jsonl
yonhap_20020705_all_p001,yonhap,2002-07-05,all,1,pending,,data\raw_lake\source_archive\source=yonhap\year=2002\month=07\part.jsonl
yonhap_20020705_politics_p001,yonhap,2002-07-05,politics,1,pending,,data\raw_lake\source_archive\source=yonhap\year=2002\month=07\part.jsonl
yonhap_20020705_economy_p001,yonhap,2002-07-05,economy,1,pending,,data\raw_lake\source_archive\source=yonhap\year=2002\month=07\part.jsonl
yonhap_20020705_society_p001,yonhap,2002-07-05,society,1,pending,,data\raw_lake\source_archive\source=yonhap\year=2002\month=07\part.jsonl
yonhap_20020706_all_p001,yonhap,2002-07-06,all,1,pending,,data\raw_lake\source_archive\source=yonhap\year=2002\month=07\part.jsonl
yonhap_20020706_politics_p001,yonhap,2002-07-06,politics,1,pending,,data\raw_lake\source_archive\source=yonhap\year=2002\month=07\part.jsonl
yonhap_20020706_economy_p001,yonhap,2002-07-06,economy,1,pending,,data\raw_lake\source_archive\source=yonhap\year=2002\month=07\part.jsonl
yonhap_20020706_society_p001,yonhap,2002-07-06,society,1,pending,,data\raw_lake\source_archive\source=yonhap\year=2002\month=07\part.jsonl
yonhap_20020707_all_p001,yonhap,2002-07-07,all,1,pending,,data\raw_lake\source_archive\source=yonhap\year=2002\month=07\part.jsonl
yonhap_20020707_politics_p001,yonhap,2002-07-07,politics,1,pending,,data\raw_lake\source_archive\source=yonhap\year=2002\month=07\part.jsonl
yonhap_20020707_economy_p001,yonhap,2002-07-07,economy,1,pending,,data\raw_lake\source_archive\source=yonhap\year=2002\month=07\part.jsonl
yonhap_20020707_society_p001,yonhap,2002-07-07,society,1,pending,,data\raw_lake\source_archive\source=yonhap\year=2002\month=07\part.jsonl
yonhap_20020708_all_p001,yonhap,2002-07-08,all,1,pending,,data\raw_lake\source_archive\source=yonhap\year=2002\month=07\part.jsonl
yonhap_20020708_politics_p001,yonhap,2002-07-08,politics,1,pending,,data\raw_lake\source_archive\source=yonhap\year=2002\month=07\part.jsonl
yonhap_20020708_economy_p001,yonhap,2002-07-08,economy,1,pending,,data\raw_lake\source_archive\source=yonhap\year=2002\month=07\part.jsonl
yonhap_20020708_society_p001,yonhap,2002-07-08,society,1,pending,,data\raw_lake\source_archive\source=yonhap\year=2002\month=07\part.jsonl
yonhap_20020709_all_p001,yonhap,2002-07-09,all,1,pending,,data\raw_lake\source_archive\source=yonhap\year=2002\month=07\part.jsonl
yonhap_20020709_politics_p001,yonhap,2002-07-09,politics,1,pending,,data\raw_lake\source_archive\source=yonhap\year=2002\month=07\part.jsonl
yonhap_20020709_economy_p001,yonhap,2002-07-09,economy,1,pending,,data\raw_lake\source_archive\source=yonhap\year=2002\month=07\part.jsonl
yonhap_20020709_society_p001,yonhap,2002-07-09,society,1,pending,,data\raw_lake\source_archive\source=yonhap\year=2002\month=07\part.jsonl
yonhap_20020710_all_p001,yonhap,2002-07-10,all,1,pending,,data\raw_lake\source_archive\source=yonhap\year=2002\month=07\part.jsonl
yonhap_20020710_politics_p001,yonhap,2002-07-10,politics,1,pending,,data\raw_lake\source_archive\source=yonhap\year=2002\month=07\part.jsonl
yonhap_20020710_economy_p001,yonhap,2002-07-10,economy,1,pending,,data\raw_lake\source_archive\source=yonhap\year=2002\month=07\part.jsonl
yonhap_20020710_society_p001,yonhap,2002-07-10,society,1,pending,,data\raw_lake\source_archive\source=yonhap\year=2002\month=07\part.jsonl
yonhap_20020711_all_p001,yonhap,2002-07-11,all,1,pending,,data\raw_lake\source_archive\source=yonhap\year=2002\month=07\part.jsonl
yonhap_20020711_politics_p001,yonhap,2002-07-11,politics,1,pending,,data\raw_lake\source_archive\source=yonhap\year=2002\month=07\part.jsonl
yonhap_20020711_economy_p001,yonhap,2002-07-11,economy,1,pending,,data\raw_lake\source_archive\source=yonhap\year=2002\month=07\part.jsonl
yonhap_20020711_society_p001,yonhap,2002-07-11,society,1,pending,,data\raw_lake\source_archive\source=yonhap\year=2002\month=07\part.jsonl
yonhap_20020712_all_p001,yonhap,2002-07-12,all,1,pending,,data\raw_lake\source_archive\source=yonhap\year=2002\month=07\part.jsonl
yonhap_20020712_politics_p001,yonhap,2002-07-12,politics,1,pending,,data\raw_lake\source_archive\source=yonhap\year=2002\month=07\part.jsonl
yonhap_20020712_economy_p001,yonhap,2002-07-12,economy,1,pending,,data\raw_lake\source_archive\source=yonhap\year=2002\month=07\part.jsonl
yonhap_20020712_society_p001,yonhap,2002-07-12,society,1,pending,,data\raw_lake\source_archive\source=yonhap\year=2002\month=07\part.jsonl
yonhap_20020713_all_p001,yonhap,2002-07-13,all,1,pending,,data\raw_lake\source_archive\source=yonhap\year=2002\month=07\part.jsonl
yonhap_20020713_politics_p001,yonhap,2002-07-13,politics,1,pending,,data\raw_lake\source_archive\source=yonhap\year=2002\month=07\part.jsonl
yonhap_20020713_economy_p001,yonhap,2002-07-13,economy,1,pending,,data\raw_lake\source_archive\source=yonhap\year=2002\month=07\part.jsonl
yonhap_20020713_society_p001,yonhap,2002-07-13,society,1,pending,,data\raw_lake\source_archive\source=yonhap\year=2002\month=07\part.jsonl
yonhap_20020714_all_p001,yonhap,2002-07-14,all,1,pending,,data\raw_lake\source_archive\source=yonhap\year=2002\month=07\part.jsonl
yonhap_20020714_politics_p001,yonhap,2002-07-14,politics,1,pending,,data\raw_lake\source_archive\source=yonhap\year=2002\month=07\part.jsonl
yonhap_20020714_economy_p001,yonhap,2002-07-14,economy,1,pending,,data\raw_lake\source_archive\source=yonhap\year=2002\month=07\part.jsonl
yonhap_20020714_society_p001,yonhap,2002-07-14,society,1,pending,,data\raw_lake\source_archive\source=yonhap\year=2002\month=07\part.jsonl
yonhap_20020715_all_p001,yonhap,2002-07-15,all,1,pending,,data\raw_lake\source_archive\source=yonhap\year=2002\month=07\part.jsonl
yonhap_20020715_politics_p001,yonhap,2002-07-15,politics,1,pending,,data\raw_lake\source_archive\source=yonhap\year=2002\month=07\part.jsonl
yonhap_20020715_economy_p001,yonhap,2002-07-15,economy,1,pending,,data\raw_lake\source_archive\source=yonhap\year=2002\month=07\part.jsonl
yonhap_20020715_society_p001,yonhap,2002-07-15,society,1,pending,,data\raw_lake\source_archive\source=yonhap\year=2002\month=07\part.jsonl
yonhap_20020716_all_p001,yonhap,2002-07-16,all,1,pending,,data\raw_lake\source_archive\source=yonhap\year=2002\month=07\part.jsonl
yonhap_20020716_politics_p001,yonhap,2002-07-16,politics,1,pending,,data\raw_lake\source_archive\source=yonhap\year=2002\month=07\part.jsonl
yonhap_20020716_economy_p001,yonhap,2002-07-16,economy,1,pending,,data\raw_lake\source_archive\source=yonhap\year=2002\month=07\part.jsonl
yonhap_20020716_society_p001,yonhap,2002-07-16,society,1,pending,,data\raw_lake\source_archive\source=yonhap\year=2002\month=07\part.jsonl
yonhap_20020717_all_p001,yonhap,2002-07-17,all,1,pending,,data\raw_lake\source_archive\source=yonhap\year=2002\month=07\part.jsonl
yonhap_20020717_politics_p001,yonhap,2002-07-17,politics,1,pending,,data\raw_lake\source_archive\source=yonhap\year=2002\month=07\part.jsonl
yonhap_20020717_economy_p001,yonhap,2002-07-17,economy,1,pending,,data\raw_lake\source_archive\source=yonhap\year=2002\month=07\part.jsonl
yonhap_20020717_society_p001,yonhap,2002-07-17,society,1,pending,,data\raw_lake\source_archive\source=yonhap\year=2002\month=07\part.jsonl
yonhap_20020718_all_p001,yonhap,2002-07-18,all,1,pending,,data\raw_lake\source_archive\source=yonhap\year=2002\month=07\part.jsonl
yonhap_20020718_politics_p001,yonhap,2002-07-18,politics,1,pending,,data\raw_lake\source_archive\source=yonhap\year=2002\month=07\part.jsonl
yonhap_20020718_economy_p001,yonhap,2002-07-18,economy,1,pending,,data\raw_lake\source_archive\source=yonhap\year=2002\month=07\part.jsonl
yonhap_20020718_society_p001,yonhap,2002-07-18,society,1,pending,,data\raw_lake\source_archive\source=yonhap\year=2002\month=07\part.jsonl
yonhap_20020719_all_p001,yonhap,2002-07-19,all,1,pending,,data\raw_lake\source_archive\source=yonhap\year=2002\month=07\part.jsonl
yonhap_20020719_politics_p001,yonhap,2002-07-19,politics,1,pending,,data\raw_lake\source_archive\source=yonhap\year=2002\month=07\part.jsonl
yonhap_20020719_economy_p001,yonhap,2002-07-19,economy,1,pending,,data\raw_lake\source_archive\source=yonhap\year=2002\month=07\part.jsonl
yonhap_20020719_society_p001,yonhap,2002-07-19,society,1,pending,,data\raw_lake\source_archive\source=yonhap\year=2002\month=07\part.jsonl
yonhap_20020720_all_p001,yonhap,2002-07-20,all,1,pending,,data\raw_lake\source_archive\source=yonhap\year=2002\month=07\part.jsonl
yonhap_20020720_politics_p001,yonhap,2002-07-20,politics,1,pending,,data\raw_lake\source_archive\source=yonhap\year=2002\month=07\part.jsonl
yonhap_20020720_economy_p001,yonhap,2002-07-20,economy,1,pending,,data\raw_lake\source_archive\source=yonhap\year=2002\month=07\part.jsonl
yonhap_20020720_society_p001,yonhap,2002-07-20,society,1,pending,,data\raw_lake\source_archive\source=yonhap\year=2002\month=07\part.jsonl
yonhap_20020721_all_p001,yonhap,2002-07-21,all,1,pending,,data\raw_lake\source_archive\source=yonhap\year=2002\month=07\part.jsonl
yonhap_20020721_politics_p001,yonhap,2002-07-21,politics,1,pending,,data\raw_lake\source_archive\source=yonhap\year=2002\month=07\part.jsonl
yonhap_20020721_economy_p001,yonhap,2002-07-21,economy,1,pending,,data\raw_lake\source_archive\source=yonhap\year=2002\month=07\part.jsonl
yonhap_20020721_society_p001,yonhap,2002-07-21,society,1,pending,,data\raw_lake\source_archive\source=yonhap\year=2002\month=07\part.jsonl
yonhap_20020722_all_p001,yonhap,2002-07-22,all,1,pending,,data\raw_lake\source_archive\source=yonhap\year=2002\month=07\part.jsonl
yonhap_20020722_politics_p001,yonhap,2002-07-22,politics,1,pending,,data\raw_lake\source_archive\source=yonhap\year=2002\month=07\part.jsonl
yonhap_20020722_economy_p001,yonhap,2002-07-22,economy,1,pending,,data\raw_lake\source_archive\source=yonhap\year=2002\month=07\part.jsonl
yonhap_20020722_society_p001,yonhap,2002-07-22,society,1,pending,,data\raw_lake\source_archive\source=yonhap\year=2002\month=07\part.jsonl
yonhap_20020723_all_p001,yonhap,2002-07-23,all,1,pending,,data\raw_lake\source_archive\source=yonhap\year=2002\month=07\part.jsonl
yonhap_20020723_politics_p001,yonhap,2002-07-23,politics,1,pending,,data\raw_lake\source_archive\source=yonhap\year=2002\month=07\part.jsonl
yonhap_20020723_economy_p001,yonhap,2002-07-23,economy,1,pending,,data\raw_lake\source_archive\source=yonhap\year=2002\month=07\part.jsonl
yonhap_20020723_society_p001,yonhap,2002-07-23,society,1,pending,,data\raw_lake\source_archive\source=yonhap\year=2002\month=07\part.jsonl
yonhap_20020724_all_p001,yonhap,2002-07-24,all,1,pending,,data\raw_lake\source_archive\source=yonhap\year=2002\month=07\part.jsonl
yonhap_20020724_politics_p001,yonhap,2002-07-24,politics,1,pending,,data\raw_lake\source_archive\source=yonhap\year=2002\month=07\part.jsonl
yonhap_20020724_economy_p001,yonhap,2002-07-24,economy,1,pending,,data\raw_lake\source_archive\source=yonhap\year=2002\month=07\part.jsonl
yonhap_20020724_society_p001,yonhap,2002-07-24,society,1,pending,,data\raw_lake\source_archive\source=yonhap\year=2002\month=07\part.jsonl
yonhap_20020725_all_p001,yonhap,2002-07-25,all,1,pending,,data\raw_lake\source_archive\source=yonhap\year=2002\month=07\part.jsonl
yonhap_20020725_politics_p001,yonhap,2002-07-25,politics,1,pending,,data\raw_lake\source_archive\source=yonhap\year=2002\month=07\part.jsonl
yonhap_20020725_economy_p001,yonhap,2002-07-25,economy,1,pending,,data\raw_lake\source_archive\source=yonhap\year=2002\month=07\part.jsonl
yonhap_20020725_society_p001,yonhap,2002-07-25,society,1,pending,,data\raw_lake\source_archive\source=yonhap\year=2002\month=07\part.jsonl
yonhap_20020726_all_p001,yonhap,2002-07-26,all,1,pending,,data\raw_lake\source_archive\source=yonhap\year=2002\month=07\part.jsonl
yonhap_20020726_politics_p001,yonhap,2002-07-26,politics,1,pending,,data\raw_lake\source_archive\source=yonhap\year=2002\month=07\part.jsonl
yonhap_20020726_economy_p001,yonhap,2002-07-26,economy,1,pending,,data\raw_lake\source_archive\source=yonhap\year=2002\month=07\part.jsonl
yonhap_20020726_society_p001,yonhap,2002-07-26,society,1,pending,,data\raw_lake\source_archive\source=yonhap\year=2002\month=07\part.jsonl
yonhap_20020727_all_p001,yonhap,2002-07-27,all,1,pending,,data\raw_lake\source_archive\source=yonhap\year=2002\month=07\part.jsonl
yonhap_20020727_politics_p001,yonhap,2002-07-27,politics,1,pending,,data\raw_lake\source_archive\source=yonhap\year=2002\month=07\part.jsonl
yonhap_20020727_economy_p001,yonhap,2002-07-27,economy,1,pending,,data\raw_lake\source_archive\source=yonhap\year=2002\month=07\part.jsonl
yonhap_20020727_society_p001,yonhap,2002-07-27,society,1,pending,,data\raw_lake\source_archive\source=yonhap\year=2002\month=07\part.jsonl
yonhap_20020728_all_p001,yonhap,2002-07-28,all,1,pending,,data\raw_lake\source_archive\source=yonhap\year=2002\month=07\part.jsonl
yonhap_20020728_politics_p001,yonhap,2002-07-28,politics,1,pending,,data\raw_lake\source_archive\source=yonhap\year=2002\month=07\part.jsonl
yonhap_20020728_economy_p001,yonhap,2002-07-28,economy,1,pending,,data\raw_lake\source_archive\source=yonhap\year=2002\month=07\part.jsonl
yonhap_20020728_society_p001,yonhap,2002-07-28,society,1,pending,,data\raw_lake\source_archive\source=yonhap\year=2002\month=07\part.jsonl
yonhap_20020729_all_p001,yonhap,2002-07-29,all,1,pending,,data\raw_lake\source_archive\source=yonhap\year=2002\month=07\part.jsonl
yonhap_20020729_politics_p001,yonhap,2002-07-29,politics,1,pending,,data\raw_lake\source_archive\source=yonhap\year=2002\month=07\part.jsonl
yonhap_20020729_economy_p001,yonhap,2002-07-29,economy,1,pending,,data\raw_lake\source_archive\source=yonhap\year=2002\month=07\part.jsonl
yonhap_20020729_society_p001,yonhap,2002-07-29,society,1,pending,,data\raw_lake\source_archive\source=yonhap\year=2002\month=07\part.jsonl
yonhap_20020730_all_p001,yonhap,2002-07-30,all,1,pending,,data\raw_lake\source_archive\source=yonhap\year=2002\month=07\part.jsonl
yonhap_20020730_politics_p001,yonhap,2002-07-30,politics,1,pending,,data\raw_lake\source_archive\source=yonhap\year=2002\month=07\part.jsonl
yonhap_20020730_economy_p001,yonhap,2002-07-30,economy,1,pending,,data\raw_lake\source_archive\source=yonhap\year=2002\month=07\part.jsonl
yonhap_20020730_society_p001,yonhap,2002-07-30,society,1,pending,,data\raw_lake\source_archive\source=yonhap\year=2002\month=07\part.jsonl
yonhap_20020731_all_p001,yonhap,2002-07-31,all,1,pending,,data\raw_lake\source_archive\source=yonhap\year=2002\month=07\part.jsonl
yonhap_20020731_politics_p001,yonhap,2002-07-31,politics,1,pending,,data\raw_lake\source_archive\source=yonhap\year=2002\month=07\part.jsonl
yonhap_20020731_economy_p001,yonhap,2002-07-31,economy,1,pending,,data\raw_lake\source_archive\source=yonhap\year=2002\month=07\part.jsonl
yonhap_20020731_society_p001,yonhap,2002-07-31,society,1,pending,,data\raw_lake\source_archive\source=yonhap\year=2002\month=07\part.jsonl
yonhap_20020801_all_p001,yonhap,2002-08-01,all,1,pending,,data\raw_lake\source_archive\source=yonhap\year=2002\month=08\part.jsonl
yonhap_20020801_politics_p001,yonhap,2002-08-01,politics,1,pending,,data\raw_lake\source_archive\source=yonhap\year=2002\month=08\part.jsonl
yonhap_20020801_economy_p001,yonhap,2002-08-01,economy,1,pending,,data\raw_lake\source_archive\source=yonhap\year=2002\month=08\part.jsonl
yonhap_20020801_society_p001,yonhap,2002-08-01,society,1,pending,,data\raw_lake\source_archive\source=yonhap\year=2002\month=08\part.jsonl
yonhap_20020802_all_p001,yonhap,2002-08-02,all,1,pending,,data\raw_lake\source_archive\source=yonhap\year=2002\month=08\part.jsonl
yonhap_20020802_politics_p001,yonhap,2002-08-02,politics,1,pending,,data\raw_lake\source_archive\source=yonhap\year=2002\month=08\part.jsonl
yonhap_20020802_economy_p001,yonhap,2002-08-02,economy,1,pending,,data\raw_lake\source_archive\source=yonhap\year=2002\month=08\part.jsonl
yonhap_20020802_society_p001,yonhap,2002-08-02,society,1,pending,,data\raw_lake\source_archive\source=yonhap\year=2002\month=08\part.jsonl
yonhap_20020803_all_p001,yonhap,2002-08-03,all,1,pending,,data\raw_lake\source_archive\source=yonhap\year=2002\month=08\part.jsonl
yonhap_20020803_politics_p001,yonhap,2002-08-03,politics,1,pending,,data\raw_lake\source_archive\source=yonhap\year=2002\month=08\part.jsonl
yonhap_20020803_economy_p001,yonhap,2002-08-03,economy,1,pending,,data\raw_lake\source_archive\source=yonhap\year=2002\month=08\part.jsonl
yonhap_20020803_society_p001,yonhap,2002-08-03,society,1,pending,,data\raw_lake\source_archive\source=yonhap\year=2002\month=08\part.jsonl
yonhap_20020804_all_p001,yonhap,2002-08-04,all,1,pending,,data\raw_lake\source_archive\source=yonhap\year=2002\month=08\part.jsonl
yonhap_20020804_politics_p001,yonhap,2002-08-04,politics,1,pending,,data\raw_lake\source_archive\source=yonhap\year=2002\month=08\part.jsonl
yonhap_20020804_economy_p001,yonhap,2002-08-04,economy,1,pending,,data\raw_lake\source_archive\source=yonhap\year=2002\month=08\part.jsonl
yonhap_20020804_society_p001,yonhap,2002-08-04,society,1,pending,,data\raw_lake\source_archive\source=yonhap\year=2002\month=08\part.jsonl
yonhap_20020805_all_p001,yonhap,2002-08-05,all,1,pending,,data\raw_lake\source_archive\source=yonhap\year=2002\month=08\part.jsonl
yonhap_20020805_politics_p001,yonhap,2002-08-05,politics,1,pending,,data\raw_lake\source_archive\source=yonhap\year=2002\month=08\part.jsonl
yonhap_20020805_economy_p001,yonhap,2002-08-05,economy,1,pending,,data\raw_lake\source_archive\source=yonhap\year=2002\month=08\part.jsonl
yonhap_20020805_society_p001,yonhap,2002-08-05,society,1,pending,,data\raw_lake\source_archive\source=yonhap\year=2002\month=08\part.jsonl
yonhap_20020806_all_p001,yonhap,2002-08-06,all,1,pending,,data\raw_lake\source_archive\source=yonhap\year=2002\month=08\part.jsonl
yonhap_20020806_politics_p001,yonhap,2002-08-06,politics,1,pending,,data\raw_lake\source_archive\source=yonhap\year=2002\month=08\part.jsonl
yonhap_20020806_economy_p001,yonhap,2002-08-06,economy,1,pending,,data\raw_lake\source_archive\source=yonhap\year=2002\month=08\part.jsonl
yonhap_20020806_society_p001,yonhap,2002-08-06,society,1,pending,,data\raw_lake\source_archive\source=yonhap\year=2002\month=08\part.jsonl
yonhap_20020807_all_p001,yonhap,2002-08-07,all,1,pending,,data\raw_lake\source_archive\source=yonhap\year=2002\month=08\part.jsonl
yonhap_20020807_politics_p001,yonhap,2002-08-07,politics,1,pending,,data\raw_lake\source_archive\source=yonhap\year=2002\month=08\part.jsonl
yonhap_20020807_economy_p001,yonhap,2002-08-07,economy,1,pending,,data\raw_lake\source_archive\source=yonhap\year=2002\month=08\part.jsonl
yonhap_20020807_society_p001,yonhap,2002-08-07,society,1,pending,,data\raw_lake\source_archive\source=yonhap\year=2002\month=08\part.jsonl
yonhap_20020808_all_p001,yonhap,2002-08-08,all,1,pending,,data\raw_lake\source_archive\source=yonhap\year=2002\month=08\part.jsonl
yonhap_20020808_politics_p001,yonhap,2002-08-08,politics,1,pending,,data\raw_lake\source_archive\source=yonhap\year=2002\month=08\part.jsonl
yonhap_20020808_economy_p001,yonhap,2002-08-08,economy,1,pending,,data\raw_lake\source_archive\source=yonhap\year=2002\month=08\part.jsonl
yonhap_20020808_society_p001,yonhap,2002-08-08,society,1,pending,,data\raw_lake\source_archive\source=yonhap\year=2002\month=08\part.jsonl
yonhap_20020809_all_p001,yonhap,2002-08-09,all,1,pending,,data\raw_lake\source_archive\source=yonhap\year=2002\month=08\part.jsonl
yonhap_20020809_politics_p001,yonhap,2002-08-09,politics,1,pending,,data\raw_lake\source_archive\source=yonhap\year=2002\month=08\part.jsonl
yonhap_20020809_economy_p001,yonhap,2002-08-09,economy,1,pending,,data\raw_lake\source_archive\source=yonhap\year=2002\month=08\part.jsonl
yonhap_20020809_society_p001,yonhap,2002-08-09,society,1,pending,,data\raw_lake\source_archive\source=yonhap\year=2002\month=08\part.jsonl
yonhap_20020810_all_p001,yonhap,2002-08-10,all,1,pending,,data\raw_lake\source_archive\source=yonhap\year=2002\month=08\part.jsonl
yonhap_20020810_politics_p001,yonhap,2002-08-10,politics,1,pending,,data\raw_lake\source_archive\source=yonhap\year=2002\month=08\part.jsonl
yonhap_20020810_economy_p001,yonhap,2002-08-10,economy,1,pending,,data\raw_lake\source_archive\source=yonhap\year=2002\month=08\part.jsonl
yonhap_20020810_society_p001,yonhap,2002-08-10,society,1,pending,,data\raw_lake\source_archive\source=yonhap\year=2002\month=08\part.jsonl
yonhap_20020811_all_p001,yonhap,2002-08-11,all,1,pending,,data\raw_lake\source_archive\source=yonhap\year=2002\month=08\part.jsonl
yonhap_20020811_politics_p001,yonhap,2002-08-11,politics,1,pending,,data\raw_lake\source_archive\source=yonhap\year=2002\month=08\part.jsonl
yonhap_20020811_economy_p001,yonhap,2002-08-11,economy,1,pending,,data\raw_lake\source_archive\source=yonhap\year=2002\month=08\part.jsonl
yonhap_20020811_society_p001,yonhap,2002-08-11,society,1,pending,,data\raw_lake\source_archive\source=yonhap\year=2002\month=08\part.jsonl
yonhap_20020812_all_p001,yonhap,2002-08-12,all,1,pending,,data\raw_lake\source_archive\source=yonhap\year=2002\month=08\part.jsonl
yonhap_20020812_politics_p001,yonhap,2002-08-12,politics,1,pending,,data\raw_lake\source_archive\source=yonhap\year=2002\month=08\part.jsonl
yonhap_20020812_economy_p001,yonhap,2002-08-12,economy,1,pending,,data\raw_lake\source_archive\source=yonhap\year=2002\month=08\part.jsonl
yonhap_20020812_society_p001,yonhap,2002-08-12,society,1,pending,,data\raw_lake\source_archive\source=yonhap\year=2002\month=08\part.jsonl
yonhap_20020813_all_p001,yonhap,2002-08-13,all,1,pending,,data\raw_lake\source_archive\source=yonhap\year=2002\month=08\part.jsonl
yonhap_20020813_politics_p001,yonhap,2002-08-13,politics,1,pending,,data\raw_lake\source_archive\source=yonhap\year=2002\month=08\part.jsonl
yonhap_20020813_economy_p001,yonhap,2002-08-13,economy,1,pending,,data\raw_lake\source_archive\source=yonhap\year=2002\month=08\part.jsonl
yonhap_20020813_society_p001,yonhap,2002-08-13,society,1,pending,,data\raw_lake\source_archive\source=yonhap\year=2002\month=08\part.jsonl
yonhap_20020814_all_p001,yonhap,2002-08-14,all,1,pending,,data\raw_lake\source_archive\source=yonhap\year=2002\month=08\part.jsonl
yonhap_20020814_politics_p001,yonhap,2002-08-14,politics,1,pending,,data\raw_lake\source_archive\source=yonhap\year=2002\month=08\part.jsonl
yonhap_20020814_economy_p001,yonhap,2002-08-14,economy,1,pending,,data\raw_lake\source_archive\source=yonhap\year=2002\month=08\part.jsonl
yonhap_20020814_society_p001,yonhap,2002-08-14,society,1,pending,,data\raw_lake\source_archive\source=yonhap\year=2002\month=08\part.jsonl
yonhap_20020815_all_p001,yonhap,2002-08-15,all,1,pending,,data\raw_lake\source_archive\source=yonhap\year=2002\month=08\part.jsonl
yonhap_20020815_politics_p001,yonhap,2002-08-15,politics,1,pending,,data\raw_lake\source_archive\source=yonhap\year=2002\month=08\part.jsonl
yonhap_20020815_economy_p001,yonhap,2002-08-15,economy,1,pending,,data\raw_lake\source_archive\source=yonhap\year=2002\month=08\part.jsonl
yonhap_20020815_society_p001,yonhap,2002-08-15,society,1,pending,,data\raw_lake\source_archive\source=yonhap\year=2002\month=08\part.jsonl
yonhap_20020816_all_p001,yonhap,2002-08-16,all,1,pending,,data\raw_lake\source_archive\source=yonhap\year=2002\month=08\part.jsonl
yonhap_20020816_politics_p001,yonhap,2002-08-16,politics,1,pending,,data\raw_lake\source_archive\source=yonhap\year=2002\month=08\part.jsonl
yonhap_20020816_economy_p001,yonhap,2002-08-16,economy,1,pending,,data\raw_lake\source_archive\source=yonhap\year=2002\month=08\part.jsonl
yonhap_20020816_society_p001,yonhap,2002-08-16,society,1,pending,,data\raw_lake\source_archive\source=yonhap\year=2002\month=08\part.jsonl
yonhap_20020817_all_p001,yonhap,2002-08-17,all,1,pending,,data\raw_lake\source_archive\source=yonhap\year=2002\month=08\part.jsonl
yonhap_20020817_politics_p001,yonhap,2002-08-17,politics,1,pending,,data\raw_lake\source_archive\source=yonhap\year=2002\month=08\part.jsonl
yonhap_20020817_economy_p001,yonhap,2002-08-17,economy,1,pending,,data\raw_lake\source_archive\source=yonhap\year=2002\month=08\part.jsonl
yonhap_20020817_society_p001,yonhap,2002-08-17,society,1,pending,,data\raw_lake\source_archive\source=yonhap\year=2002\month=08\part.jsonl
yonhap_20020818_all_p001,yonhap,2002-08-18,all,1,pending,,data\raw_lake\source_archive\source=yonhap\year=2002\month=08\part.jsonl
yonhap_20020818_politics_p001,yonhap,2002-08-18,politics,1,pending,,data\raw_lake\source_archive\source=yonhap\year=2002\month=08\part.jsonl
yonhap_20020818_economy_p001,yonhap,2002-08-18,economy,1,pending,,data\raw_lake\source_archive\source=yonhap\year=2002\month=08\part.jsonl
yonhap_20020818_society_p001,yonhap,2002-08-18,society,1,pending,,data\raw_lake\source_archive\source=yonhap\year=2002\month=08\part.jsonl
yonhap_20020819_all_p001,yonhap,2002-08-19,all,1,pending,,data\raw_lake\source_archive\source=yonhap\year=2002\month=08\part.jsonl
yonhap_20020819_politics_p001,yonhap,2002-08-19,politics,1,pending,,data\raw_lake\source_archive\source=yonhap\year=2002\month=08\part.jsonl
yonhap_20020819_economy_p001,yonhap,2002-08-19,economy,1,pending,,data\raw_lake\source_archive\source=yonhap\year=2002\month=08\part.jsonl
yonhap_20020819_society_p001,yonhap,2002-08-19,society,1,pending,,data\raw_lake\source_archive\source=yonhap\year=2002\month=08\part.jsonl
yonhap_20020820_all_p001,yonhap,2002-08-20,all,1,pending,,data\raw_lake\source_archive\source=yonhap\year=2002\month=08\part.jsonl
yonhap_20020820_politics_p001,yonhap,2002-08-20,politics,1,pending,,data\raw_lake\source_archive\source=yonhap\year=2002\month=08\part.jsonl
yonhap_20020820_economy_p001,yonhap,2002-08-20,economy,1,pending,,data\raw_lake\source_archive\source=yonhap\year=2002\month=08\part.jsonl
yonhap_20020820_society_p001,yonhap,2002-08-20,society,1,pending,,data\raw_lake\source_archive\source=yonhap\year=2002\month=08\part.jsonl
yonhap_20020821_all_p001,yonhap,2002-08-21,all,1,pending,,data\raw_lake\source_archive\source=yonhap\year=2002\month=08\part.jsonl
yonhap_20020821_politics_p001,yonhap,2002-08-21,politics,1,pending,,data\raw_lake\source_archive\source=yonhap\year=2002\month=08\part.jsonl
yonhap_20020821_economy_p001,yonhap,2002-08-21,economy,1,pending,,data\raw_lake\source_archive\source=yonhap\year=2002\month=08\part.jsonl
yonhap_20020821_society_p001,yonhap,2002-08-21,society,1,pending,,data\raw_lake\source_archive\source=yonhap\year=2002\month=08\part.jsonl
yonhap_20020822_all_p001,yonhap,2002-08-22,all,1,pending,,data\raw_lake\source_archive\source=yonhap\year=2002\month=08\part.jsonl
yonhap_20020822_politics_p001,yonhap,2002-08-22,politics,1,pending,,data\raw_lake\source_archive\source=yonhap\year=2002\month=08\part.jsonl
yonhap_20020822_economy_p001,yonhap,2002-08-22,economy,1,pending,,data\raw_lake\source_archive\source=yonhap\year=2002\month=08\part.jsonl
yonhap_20020822_society_p001,yonhap,2002-08-22,society,1,pending,,data\raw_lake\source_archive\source=yonhap\year=2002\month=08\part.jsonl
yonhap_20020823_all_p001,yonhap,2002-08-23,all,1,pending,,data\raw_lake\source_archive\source=yonhap\year=2002\month=08\part.jsonl
yonhap_20020823_politics_p001,yonhap,2002-08-23,politics,1,pending,,data\raw_lake\source_archive\source=yonhap\year=2002\month=08\part.jsonl
yonhap_20020823_economy_p001,yonhap,2002-08-23,economy,1,pending,,data\raw_lake\source_archive\source=yonhap\year=2002\month=08\part.jsonl
yonhap_20020823_society_p001,yonhap,2002-08-23,society,1,pending,,data\raw_lake\source_archive\source=yonhap\year=2002\month=08\part.jsonl
yonhap_20020824_all_p001,yonhap,2002-08-24,all,1,pending,,data\raw_lake\source_archive\source=yonhap\year=2002\month=08\part.jsonl
yonhap_20020824_politics_p001,yonhap,2002-08-24,politics,1,pending,,data\raw_lake\source_archive\source=yonhap\year=2002\month=08\part.jsonl
yonhap_20020824_economy_p001,yonhap,2002-08-24,economy,1,pending,,data\raw_lake\source_archive\source=yonhap\year=2002\month=08\part.jsonl
yonhap_20020824_society_p001,yonhap,2002-08-24,society,1,pending,,data\raw_lake\source_archive\source=yonhap\year=2002\month=08\part.jsonl
yonhap_20020825_all_p001,yonhap,2002-08-25,all,1,pending,,data\raw_lake\source_archive\source=yonhap\year=2002\month=08\part.jsonl
yonhap_20020825_politics_p001,yonhap,2002-08-25,politics,1,pending,,data\raw_lake\source_archive\source=yonhap\year=2002\month=08\part.jsonl
yonhap_20020825_economy_p001,yonhap,2002-08-25,economy,1,pending,,data\raw_lake\source_archive\source=yonhap\year=2002\month=08\part.jsonl
yonhap_20020825_society_p001,yonhap,2002-08-25,society,1,pending,,data\raw_lake\source_archive\source=yonhap\year=2002\month=08\part.jsonl
yonhap_20020826_all_p001,yonhap,2002-08-26,all,1,pending,,data\raw_lake\source_archive\source=yonhap\year=2002\month=08\part.jsonl
yonhap_20020826_politics_p001,yonhap,2002-08-26,politics,1,pending,,data\raw_lake\source_archive\source=yonhap\year=2002\month=08\part.jsonl
yonhap_20020826_economy_p001,yonhap,2002-08-26,economy,1,pending,,data\raw_lake\source_archive\source=yonhap\year=2002\month=08\part.jsonl
yonhap_20020826_society_p001,yonhap,2002-08-26,society,1,pending,,data\raw_lake\source_archive\source=yonhap\year=2002\month=08\part.jsonl
yonhap_20020827_all_p001,yonhap,2002-08-27,all,1,pending,,data\raw_lake\source_archive\source=yonhap\year=2002\month=08\part.jsonl
yonhap_20020827_politics_p001,yonhap,2002-08-27,politics,1,pending,,data\raw_lake\source_archive\source=yonhap\year=2002\month=08\part.jsonl
yonhap_20020827_economy_p001,yonhap,2002-08-27,economy,1,pending,,data\raw_lake\source_archive\source=yonhap\year=2002\month=08\part.jsonl
yonhap_20020827_society_p001,yonhap,2002-08-27,society,1,pending,,data\raw_lake\source_archive\source=yonhap\year=2002\month=08\part.jsonl
yonhap_20020828_all_p001,yonhap,2002-08-28,all,1,pending,,data\raw_lake\source_archive\source=yonhap\year=2002\month=08\part.jsonl
yonhap_20020828_politics_p001,yonhap,2002-08-28,politics,1,pending,,data\raw_lake\source_archive\source=yonhap\year=2002\month=08\part.jsonl
yonhap_20020828_economy_p001,yonhap,2002-08-28,economy,1,pending,,data\raw_lake\source_archive\source=yonhap\year=2002\month=08\part.jsonl
yonhap_20020828_society_p001,yonhap,2002-08-28,society,1,pending,,data\raw_lake\source_archive\source=yonhap\year=2002\month=08\part.jsonl
yonhap_20020829_all_p001,yonhap,2002-08-29,all,1,pending,,data\raw_lake\source_archive\source=yonhap\year=2002\month=08\part.jsonl
yonhap_20020829_politics_p001,yonhap,2002-08-29,politics,1,pending,,data\raw_lake\source_archive\source=yonhap\year=2002\month=08\part.jsonl
yonhap_20020829_economy_p001,yonhap,2002-08-29,economy,1,pending,,data\raw_lake\source_archive\source=yonhap\year=2002\month=08\part.jsonl
yonhap_20020829_society_p001,yonhap,2002-08-29,society,1,pending,,data\raw_lake\source_archive\source=yonhap\year=2002\month=08\part.jsonl
yonhap_20020830_all_p001,yonhap,2002-08-30,all,1,pending,,data\raw_lake\source_archive\source=yonhap\year=2002\month=08\part.jsonl
yonhap_20020830_politics_p001,yonhap,2002-08-30,politics,1,pending,,data\raw_lake\source_archive\source=yonhap\year=2002\month=08\part.jsonl
yonhap_20020830_economy_p001,yonhap,2002-08-30,economy,1,pending,,data\raw_lake\source_archive\source=yonhap\year=2002\month=08\part.jsonl
yonhap_20020830_society_p001,yonhap,2002-08-30,society,1,pending,,data\raw_lake\source_archive\source=yonhap\year=2002\month=08\part.jsonl
yonhap_20020831_all_p001,yonhap,2002-08-31,all,1,pending,,data\raw_lake\source_archive\source=yonhap\year=2002\month=08\part.jsonl
yonhap_20020831_politics_p001,yonhap,2002-08-31,politics,1,pending,,data\raw_lake\source_archive\source=yonhap\year=2002\month=08\part.jsonl
yonhap_20020831_economy_p001,yonhap,2002-08-31,economy,1,pending,,data\raw_lake\source_archive\source=yonhap\year=2002\month=08\part.jsonl
yonhap_20020831_society_p001,yonhap,2002-08-31,society,1,pending,,data\raw_lake\source_archive\source=yonhap\year=2002\month=08\part.jsonl
yonhap_20020901_all_p001,yonhap,2002-09-01,all,1,pending,,data\raw_lake\source_archive\source=yonhap\year=2002\month=09\part.jsonl
yonhap_20020901_politics_p001,yonhap,2002-09-01,politics,1,pending,,data\raw_lake\source_archive\source=yonhap\year=2002\month=09\part.jsonl
yonhap_20020901_economy_p001,yonhap,2002-09-01,economy,1,pending,,data\raw_lake\source_archive\source=yonhap\year=2002\month=09\part.jsonl
yonhap_20020901_society_p001,yonhap,2002-09-01,society,1,pending,,data\raw_lake\source_archive\source=yonhap\year=2002\month=09\part.jsonl
yonhap_20020902_all_p001,yonhap,2002-09-02,all,1,pending,,data\raw_lake\source_archive\source=yonhap\year=2002\month=09\part.jsonl
yonhap_20020902_politics_p001,yonhap,2002-09-02,politics,1,pending,,data\raw_lake\source_archive\source=yonhap\year=2002\month=09\part.jsonl
yonhap_20020902_economy_p001,yonhap,2002-09-02,economy,1,pending,,data\raw_lake\source_archive\source=yonhap\year=2002\month=09\part.jsonl
yonhap_20020902_society_p001,yonhap,2002-09-02,society,1,pending,,data\raw_lake\source_archive\source=yonhap\year=2002\month=09\part.jsonl
yonhap_20020903_all_p001,yonhap,2002-09-03,all,1,pending,,data\raw_lake\source_archive\source=yonhap\year=2002\month=09\part.jsonl
yonhap_20020903_politics_p001,yonhap,2002-09-03,politics,1,pending,,data\raw_lake\source_archive\source=yonhap\year=2002\month=09\part.jsonl
yonhap_20020903_economy_p001,yonhap,2002-09-03,economy,1,pending,,data\raw_lake\source_archive\source=yonhap\year=2002\month=09\part.jsonl
yonhap_20020903_society_p001,yonhap,2002-09-03,society,1,pending,,data\raw_lake\source_archive\source=yonhap\year=2002\month=09\part.jsonl
yonhap_20020904_all_p001,yonhap,2002-09-04,all,1,pending,,data\raw_lake\source_archive\source=yonhap\year=2002\month=09\part.jsonl
yonhap_20020904_politics_p001,yonhap,2002-09-04,politics,1,pending,,data\raw_lake\source_archive\source=yonhap\year=2002\month=09\part.jsonl
yonhap_20020904_economy_p001,yonhap,2002-09-04,economy,1,pending,,data\raw_lake\source_archive\source=yonhap\year=2002\month=09\part.jsonl
yonhap_20020904_society_p001,yonhap,2002-09-04,society,1,pending,,data\raw_lake\source_archive\source=yonhap\year=2002\month=09\part.jsonl
yonhap_20020905_all_p001,yonhap,2002-09-05,all,1,pending,,data\raw_lake\source_archive\source=yonhap\year=2002\month=09\part.jsonl
yonhap_20020905_politics_p001,yonhap,2002-09-05,politics,1,pending,,data\raw_lake\source_archive\source=yonhap\year=2002\month=09\part.jsonl
yonhap_20020905_economy_p001,yonhap,2002-09-05,economy,1,pending,,data\raw_lake\source_archive\source=yonhap\year=2002\month=09\part.jsonl
yonhap_20020905_society_p001,yonhap,2002-09-05,society,1,pending,,data\raw_lake\source_archive\source=yonhap\year=2002\month=09\part.jsonl
yonhap_20020906_all_p001,yonhap,2002-09-06,all,1,pending,,data\raw_lake\source_archive\source=yonhap\year=2002\month=09\part.jsonl
yonhap_20020906_politics_p001,yonhap,2002-09-06,politics,1,pending,,data\raw_lake\source_archive\source=yonhap\year=2002\month=09\part.jsonl
yonhap_20020906_economy_p001,yonhap,2002-09-06,economy,1,pending,,data\raw_lake\source_archive\source=yonhap\year=2002\month=09\part.jsonl
yonhap_20020906_society_p001,yonhap,2002-09-06,society,1,pending,,data\raw_lake\source_archive\source=yonhap\year=2002\month=09\part.jsonl
yonhap_20020907_all_p001,yonhap,2002-09-07,all,1,pending,,data\raw_lake\source_archive\source=yonhap\year=2002\month=09\part.jsonl
yonhap_20020907_politics_p001,yonhap,2002-09-07,politics,1,pending,,data\raw_lake\source_archive\source=yonhap\year=2002\month=09\part.jsonl
yonhap_20020907_economy_p001,yonhap,2002-09-07,economy,1,pending,,data\raw_lake\source_archive\source=yonhap\year=2002\month=09\part.jsonl
yonhap_20020907_society_p001,yonhap,2002-09-07,society,1,pending,,data\raw_lake\source_archive\source=yonhap\year=2002\month=09\part.jsonl
yonhap_20020908_all_p001,yonhap,2002-09-08,all,1,pending,,data\raw_lake\source_archive\source=yonhap\year=2002\month=09\part.jsonl
yonhap_20020908_politics_p001,yonhap,2002-09-08,politics,1,pending,,data\raw_lake\source_archive\source=yonhap\year=2002\month=09\part.jsonl
yonhap_20020908_economy_p001,yonhap,2002-09-08,economy,1,pending,,data\raw_lake\source_archive\source=yonhap\year=2002\month=09\part.jsonl
yonhap_20020908_society_p001,yonhap,2002-09-08,society,1,pending,,data\raw_lake\source_archive\source=yonhap\year=2002\month=09\part.jsonl
yonhap_20020909_all_p001,yonhap,2002-09-09,all,1,pending,,data\raw_lake\source_archive\source=yonhap\year=2002\month=09\part.jsonl
yonhap_20020909_politics_p001,yonhap,2002-09-09,politics,1,pending,,data\raw_lake\source_archive\source=yonhap\year=2002\month=09\part.jsonl
yonhap_20020909_economy_p001,yonhap,2002-09-09,economy,1,pending,,data\raw_lake\source_archive\source=yonhap\year=2002\month=09\part.jsonl
yonhap_20020909_society_p001,yonhap,2002-09-09,society,1,pending,,data\raw_lake\source_archive\source=yonhap\year=2002\month=09\part.jsonl
yonhap_20020910_all_p001,yonhap,2002-09-10,all,1,pending,,data\raw_lake\source_archive\source=yonhap\year=2002\month=09\part.jsonl
yonhap_20020910_politics_p001,yonhap,2002-09-10,politics,1,pending,,data\raw_lake\source_archive\source=yonhap\year=2002\month=09\part.jsonl
yonhap_20020910_economy_p001,yonhap,2002-09-10,economy,1,pending,,data\raw_lake\source_archive\source=yonhap\year=2002\month=09\part.jsonl
yonhap_20020910_society_p001,yonhap,2002-09-10,society,1,pending,,data\raw_lake\source_archive\source=yonhap\year=2002\month=09\part.jsonl
yonhap_20020911_all_p001,yonhap,2002-09-11,all,1,pending,,data\raw_lake\source_archive\source=yonhap\year=2002\month=09\part.jsonl
yonhap_20020911_politics_p001,yonhap,2002-09-11,politics,1,pending,,data\raw_lake\source_archive\source=yonhap\year=2002\month=09\part.jsonl
yonhap_20020911_economy_p001,yonhap,2002-09-11,economy,1,pending,,data\raw_lake\source_archive\source=yonhap\year=2002\month=09\part.jsonl
yonhap_20020911_society_p001,yonhap,2002-09-11,society,1,pending,,data\raw_lake\source_archive\source=yonhap\year=2002\month=09\part.jsonl
yonhap_20020912_all_p001,yonhap,2002-09-12,all,1,pending,,data\raw_lake\source_archive\source=yonhap\year=2002\month=09\part.jsonl
yonhap_20020912_politics_p001,yonhap,2002-09-12,politics,1,pending,,data\raw_lake\source_archive\source=yonhap\year=2002\month=09\part.jsonl
yonhap_20020912_economy_p001,yonhap,2002-09-12,economy,1,pending,,data\raw_lake\source_archive\source=yonhap\year=2002\month=09\part.jsonl
yonhap_20020912_society_p001,yonhap,2002-09-12,society,1,pending,,data\raw_lake\source_archive\source=yonhap\year=2002\month=09\part.jsonl
yonhap_20020913_all_p001,yonhap,2002-09-13,all,1,pending,,data\raw_lake\source_archive\source=yonhap\year=2002\month=09\part.jsonl
yonhap_20020913_politics_p001,yonhap,2002-09-13,politics,1,pending,,data\raw_lake\source_archive\source=yonhap\year=2002\month=09\part.jsonl
yonhap_20020913_economy_p001,yonhap,2002-09-13,economy,1,pending,,data\raw_lake\source_archive\source=yonhap\year=2002\month=09\part.jsonl
yonhap_20020913_society_p001,yonhap,2002-09-13,society,1,pending,,data\raw_lake\source_archive\source=yonhap\year=2002\month=09\part.jsonl
yonhap_20020914_all_p001,yonhap,2002-09-14,all,1,pending,,data\raw_lake\source_archive\source=yonhap\year=2002\month=09\part.jsonl
yonhap_20020914_politics_p001,yonhap,2002-09-14,politics,1,pending,,data\raw_lake\source_archive\source=yonhap\year=2002\month=09\part.jsonl
yonhap_20020914_economy_p001,yonhap,2002-09-14,economy,1,pending,,data\raw_lake\source_archive\source=yonhap\year=2002\month=09\part.jsonl
yonhap_20020914_society_p001,yonhap,2002-09-14,society,1,pending,,data\raw_lake\source_archive\source=yonhap\year=2002\month=09\part.jsonl
yonhap_20020915_all_p001,yonhap,2002-09-15,all,1,pending,,data\raw_lake\source_archive\source=yonhap\year=2002\month=09\part.jsonl
yonhap_20020915_politics_p001,yonhap,2002-09-15,politics,1,pending,,data\raw_lake\source_archive\source=yonhap\year=2002\month=09\part.jsonl
yonhap_20020915_economy_p001,yonhap,2002-09-15,economy,1,pending,,data\raw_lake\source_archive\source=yonhap\year=2002\month=09\part.jsonl
yonhap_20020915_society_p001,yonhap,2002-09-15,society,1,pending,,data\raw_lake\source_archive\source=yonhap\year=2002\month=09\part.jsonl
yonhap_20020916_all_p001,yonhap,2002-09-16,all,1,pending,,data\raw_lake\source_archive\source=yonhap\year=2002\month=09\part.jsonl
yonhap_20020916_politics_p001,yonhap,2002-09-16,politics,1,pending,,data\raw_lake\source_archive\source=yonhap\year=2002\month=09\part.jsonl
yonhap_20020916_economy_p001,yonhap,2002-09-16,economy,1,pending,,data\raw_lake\source_archive\source=yonhap\year=2002\month=09\part.jsonl
yonhap_20020916_society_p001,yonhap,2002-09-16,society,1,pending,,data\raw_lake\source_archive\source=yonhap\year=2002\month=09\part.jsonl
yonhap_20020917_all_p001,yonhap,2002-09-17,all,1,pending,,data\raw_lake\source_archive\source=yonhap\year=2002\month=09\part.jsonl
yonhap_20020917_politics_p001,yonhap,2002-09-17,politics,1,pending,,data\raw_lake\source_archive\source=yonhap\year=2002\month=09\part.jsonl
yonhap_20020917_economy_p001,yonhap,2002-09-17,economy,1,pending,,data\raw_lake\source_archive\source=yonhap\year=2002\month=09\part.jsonl
yonhap_20020917_society_p001,yonhap,2002-09-17,society,1,pending,,data\raw_lake\source_archive\source=yonhap\year=2002\month=09\part.jsonl
yonhap_20020918_all_p001,yonhap,2002-09-18,all,1,pending,,data\raw_lake\source_archive\source=yonhap\year=2002\month=09\part.jsonl
yonhap_20020918_politics_p001,yonhap,2002-09-18,politics,1,pending,,data\raw_lake\source_archive\source=yonhap\year=2002\month=09\part.jsonl
yonhap_20020918_economy_p001,yonhap,2002-09-18,economy,1,pending,,data\raw_lake\source_archive\source=yonhap\year=2002\month=09\part.jsonl
yonhap_20020918_society_p001,yonhap,2002-09-18,society,1,pending,,data\raw_lake\source_archive\source=yonhap\year=2002\month=09\part.jsonl
yonhap_20020919_all_p001,yonhap,2002-09-19,all,1,pending,,data\raw_lake\source_archive\source=yonhap\year=2002\month=09\part.jsonl
yonhap_20020919_politics_p001,yonhap,2002-09-19,politics,1,pending,,data\raw_lake\source_archive\source=yonhap\year=2002\month=09\part.jsonl
yonhap_20020919_economy_p001,yonhap,2002-09-19,economy,1,pending,,data\raw_lake\source_archive\source=yonhap\year=2002\month=09\part.jsonl
yonhap_20020919_society_p001,yonhap,2002-09-19,society,1,pending,,data\raw_lake\source_archive\source=yonhap\year=2002\month=09\part.jsonl
yonhap_20020920_all_p001,yonhap,2002-09-20,all,1,pending,,data\raw_lake\source_archive\source=yonhap\year=2002\month=09\part.jsonl
yonhap_20020920_politics_p001,yonhap,2002-09-20,politics,1,pending,,data\raw_lake\source_archive\source=yonhap\year=2002\month=09\part.jsonl
yonhap_20020920_economy_p001,yonhap,2002-09-20,economy,1,pending,,data\raw_lake\source_archive\source=yonhap\year=2002\month=09\part.jsonl
yonhap_20020920_society_p001,yonhap,2002-09-20,society,1,pending,,data\raw_lake\source_archive\source=yonhap\year=2002\month=09\part.jsonl
yonhap_20020921_all_p001,yonhap,2002-09-21,all,1,pending,,data\raw_lake\source_archive\source=yonhap\year=2002\month=09\part.jsonl
yonhap_20020921_politics_p001,yonhap,2002-09-21,politics,1,pending,,data\raw_lake\source_archive\source=yonhap\year=2002\month=09\part.jsonl
yonhap_20020921_economy_p001,yonhap,2002-09-21,economy,1,pending,,data\raw_lake\source_archive\source=yonhap\year=2002\month=09\part.jsonl
yonhap_20020921_society_p001,yonhap,2002-09-21,society,1,pending,,data\raw_lake\source_archive\source=yonhap\year=2002\month=09\part.jsonl
yonhap_20020922_all_p001,yonhap,2002-09-22,all,1,pending,,data\raw_lake\source_archive\source=yonhap\year=2002\month=09\part.jsonl
yonhap_20020922_politics_p001,yonhap,2002-09-22,politics,1,pending,,data\raw_lake\source_archive\source=yonhap\year=2002\month=09\part.jsonl
yonhap_20020922_economy_p001,yonhap,2002-09-22,economy,1,pending,,data\raw_lake\source_archive\source=yonhap\year=2002\month=09\part.jsonl
yonhap_20020922_society_p001,yonhap,2002-09-22,society,1,pending,,data\raw_lake\source_archive\source=yonhap\year=2002\month=09\part.jsonl
yonhap_20020923_all_p001,yonhap,2002-09-23,all,1,pending,,data\raw_lake\source_archive\source=yonhap\year=2002\month=09\part.jsonl
yonhap_20020923_politics_p001,yonhap,2002-09-23,politics,1,pending,,data\raw_lake\source_archive\source=yonhap\year=2002\month=09\part.jsonl
yonhap_20020923_economy_p001,yonhap,2002-09-23,economy,1,pending,,data\raw_lake\source_archive\source=yonhap\year=2002\month=09\part.jsonl
yonhap_20020923_society_p001,yonhap,2002-09-23,society,1,pending,,data\raw_lake\source_archive\source=yonhap\year=2002\month=09\part.jsonl
yonhap_20020924_all_p001,yonhap,2002-09-24,all,1,pending,,data\raw_lake\source_archive\source=yonhap\year=2002\month=09\part.jsonl
yonhap_20020924_politics_p001,yonhap,2002-09-24,politics,1,pending,,data\raw_lake\source_archive\source=yonhap\year=2002\month=09\part.jsonl
yonhap_20020924_economy_p001,yonhap,2002-09-24,economy,1,pending,,data\raw_lake\source_archive\source=yonhap\year=2002\month=09\part.jsonl
yonhap_20020924_society_p001,yonhap,2002-09-24,society,1,pending,,data\raw_lake\source_archive\source=yonhap\year=2002\month=09\part.jsonl
yonhap_20020925_all_p001,yonhap,2002-09-25,all,1,pending,,data\raw_lake\source_archive\source=yonhap\year=2002\month=09\part.jsonl
yonhap_20020925_politics_p001,yonhap,2002-09-25,politics,1,pending,,data\raw_lake\source_archive\source=yonhap\year=2002\month=09\part.jsonl
yonhap_20020925_economy_p001,yonhap,2002-09-25,economy,1,pending,,data\raw_lake\source_archive\source=yonhap\year=2002\month=09\part.jsonl
yonhap_20020925_society_p001,yonhap,2002-09-25,society,1,pending,,data\raw_lake\source_archive\source=yonhap\year=2002\month=09\part.jsonl
yonhap_20020926_all_p001,yonhap,2002-09-26,all,1,pending,,data\raw_lake\source_archive\source=yonhap\year=2002\month=09\part.jsonl
yonhap_20020926_politics_p001,yonhap,2002-09-26,politics,1,pending,,data\raw_lake\source_archive\source=yonhap\year=2002\month=09\part.jsonl
yonhap_20020926_economy_p001,yonhap,2002-09-26,economy,1,pending,,data\raw_lake\source_archive\source=yonhap\year=2002\month=09\part.jsonl
yonhap_20020926_society_p001,yonhap,2002-09-26,society,1,pending,,data\raw_lake\source_archive\source=yonhap\year=2002\month=09\part.jsonl
yonhap_20020927_all_p001,yonhap,2002-09-27,all,1,pending,,data\raw_lake\source_archive\source=yonhap\year=2002\month=09\part.jsonl
yonhap_20020927_politics_p001,yonhap,2002-09-27,politics,1,pending,,data\raw_lake\source_archive\source=yonhap\year=2002\month=09\part.jsonl
yonhap_20020927_economy_p001,yonhap,2002-09-27,economy,1,pending,,data\raw_lake\source_archive\source=yonhap\year=2002\month=09\part.jsonl
yonhap_20020927_society_p001,yonhap,2002-09-27,society,1,pending,,data\raw_lake\source_archive\source=yonhap\year=2002\month=09\part.jsonl
yonhap_20020928_all_p001,yonhap,2002-09-28,all,1,pending,,data\raw_lake\source_archive\source=yonhap\year=2002\month=09\part.jsonl
yonhap_20020928_politics_p001,yonhap,2002-09-28,politics,1,pending,,data\raw_lake\source_archive\source=yonhap\year=2002\month=09\part.jsonl
yonhap_20020928_economy_p001,yonhap,2002-09-28,economy,1,pending,,data\raw_lake\source_archive\source=yonhap\year=2002\month=09\part.jsonl
yonhap_20020928_society_p001,yonhap,2002-09-28,society,1,pending,,data\raw_lake\source_archive\source=yonhap\year=2002\month=09\part.jsonl
yonhap_20020929_all_p001,yonhap,2002-09-29,all,1,pending,,data\raw_lake\source_archive\source=yonhap\year=2002\month=09\part.jsonl
yonhap_20020929_politics_p001,yonhap,2002-09-29,politics,1,pending,,data\raw_lake\source_archive\source=yonhap\year=2002\month=09\part.jsonl
yonhap_20020929_economy_p001,yonhap,2002-09-29,economy,1,pending,,data\raw_lake\source_archive\source=yonhap\year=2002\month=09\part.jsonl
yonhap_20020929_society_p001,yonhap,2002-09-29,society,1,pending,,data\raw_lake\source_archive\source=yonhap\year=2002\month=09\part.jsonl
yonhap_20020930_all_p001,yonhap,2002-09-30,all,1,pending,,data\raw_lake\source_archive\source=yonhap\year=2002\month=09\part.jsonl
yonhap_20020930_politics_p001,yonhap,2002-09-30,politics,1,pending,,data\raw_lake\source_archive\source=yonhap\year=2002\month=09\part.jsonl
yonhap_20020930_economy_p001,yonhap,2002-09-30,economy,1,pending,,data\raw_lake\source_archive\source=yonhap\year=2002\month=09\part.jsonl
yonhap_20020930_society_p001,yonhap,2002-09-30,society,1,pending,,data\raw_lake\source_archive\source=yonhap\year=2002\month=09\part.jsonl
yonhap_20021001_all_p001,yonhap,2002-10-01,all,1,pending,,data\raw_lake\source_archive\source=yonhap\year=2002\month=10\part.jsonl
yonhap_20021001_politics_p001,yonhap,2002-10-01,politics,1,pending,,data\raw_lake\source_archive\source=yonhap\year=2002\month=10\part.jsonl
yonhap_20021001_economy_p001,yonhap,2002-10-01,economy,1,pending,,data\raw_lake\source_archive\source=yonhap\year=2002\month=10\part.jsonl
yonhap_20021001_society_p001,yonhap,2002-10-01,society,1,pending,,data\raw_lake\source_archive\source=yonhap\year=2002\month=10\part.jsonl
yonhap_20021002_all_p001,yonhap,2002-10-02,all,1,pending,,data\raw_lake\source_archive\source=yonhap\year=2002\month=10\part.jsonl
yonhap_20021002_politics_p001,yonhap,2002-10-02,politics,1,pending,,data\raw_lake\source_archive\source=yonhap\year=2002\month=10\part.jsonl
yonhap_20021002_economy_p001,yonhap,2002-10-02,economy,1,pending,,data\raw_lake\source_archive\source=yonhap\year=2002\month=10\part.jsonl
yonhap_20021002_society_p001,yonhap,2002-10-02,society,1,pending,,data\raw_lake\source_archive\source=yonhap\year=2002\month=10\part.jsonl
yonhap_20021003_all_p001,yonhap,2002-10-03,all,1,pending,,data\raw_lake\source_archive\source=yonhap\year=2002\month=10\part.jsonl
yonhap_20021003_politics_p001,yonhap,2002-10-03,politics,1,pending,,data\raw_lake\source_archive\source=yonhap\year=2002\month=10\part.jsonl
yonhap_20021003_economy_p001,yonhap,2002-10-03,economy,1,pending,,data\raw_lake\source_archive\source=yonhap\year=2002\month=10\part.jsonl
yonhap_20021003_society_p001,yonhap,2002-10-03,society,1,pending,,data\raw_lake\source_archive\source=yonhap\year=2002\month=10\part.jsonl
yonhap_20021004_all_p001,yonhap,2002-10-04,all,1,pending,,data\raw_lake\source_archive\source=yonhap\year=2002\month=10\part.jsonl
yonhap_20021004_politics_p001,yonhap,2002-10-04,politics,1,pending,,data\raw_lake\source_archive\source=yonhap\year=2002\month=10\part.jsonl
yonhap_20021004_economy_p001,yonhap,2002-10-04,economy,1,pending,,data\raw_lake\source_archive\source=yonhap\year=2002\month=10\part.jsonl
yonhap_20021004_society_p001,yonhap,2002-10-04,society,1,pending,,data\raw_lake\source_archive\source=yonhap\year=2002\month=10\part.jsonl
yonhap_20021005_all_p001,yonhap,2002-10-05,all,1,pending,,data\raw_lake\source_archive\source=yonhap\year=2002\month=10\part.jsonl
yonhap_20021005_politics_p001,yonhap,2002-10-05,politics,1,pending,,data\raw_lake\source_archive\source=yonhap\year=2002\month=10\part.jsonl
yonhap_20021005_economy_p001,yonhap,2002-10-05,economy,1,pending,,data\raw_lake\source_archive\source=yonhap\year=2002\month=10\part.jsonl
yonhap_20021005_society_p001,yonhap,2002-10-05,society,1,pending,,data\raw_lake\source_archive\source=yonhap\year=2002\month=10\part.jsonl
yonhap_20021006_all_p001,yonhap,2002-10-06,all,1,pending,,data\raw_lake\source_archive\source=yonhap\year=2002\month=10\part.jsonl
yonhap_20021006_politics_p001,yonhap,2002-10-06,politics,1,pending,,data\raw_lake\source_archive\source=yonhap\year=2002\month=10\part.jsonl
yonhap_20021006_economy_p001,yonhap,2002-10-06,economy,1,pending,,data\raw_lake\source_archive\source=yonhap\year=2002\month=10\part.jsonl
yonhap_20021006_society_p001,yonhap,2002-10-06,society,1,pending,,data\raw_lake\source_archive\source=yonhap\year=2002\month=10\part.jsonl
yonhap_20021007_all_p001,yonhap,2002-10-07,all,1,pending,,data\raw_lake\source_archive\source=yonhap\year=2002\month=10\part.jsonl
yonhap_20021007_politics_p001,yonhap,2002-10-07,politics,1,pending,,data\raw_lake\source_archive\source=yonhap\year=2002\month=10\part.jsonl
yonhap_20021007_economy_p001,yonhap,2002-10-07,economy,1,pending,,data\raw_lake\source_archive\source=yonhap\year=2002\month=10\part.jsonl
yonhap_20021007_society_p001,yonhap,2002-10-07,society,1,pending,,data\raw_lake\source_archive\source=yonhap\year=2002\month=10\part.jsonl
yonhap_20021008_all_p001,yonhap,2002-10-08,all,1,pending,,data\raw_lake\source_archive\source=yonhap\year=2002\month=10\part.jsonl
yonhap_20021008_politics_p001,yonhap,2002-10-08,politics,1,pending,,data\raw_lake\source_archive\source=yonhap\year=2002\month=10\part.jsonl
yonhap_20021008_economy_p001,yonhap,2002-10-08,economy,1,pending,,data\raw_lake\source_archive\source=yonhap\year=2002\month=10\part.jsonl
yonhap_20021008_society_p001,yonhap,2002-10-08,society,1,pending,,data\raw_lake\source_archive\source=yonhap\year=2002\month=10\part.jsonl
yonhap_20021009_all_p001,yonhap,2002-10-09,all,1,pending,,data\raw_lake\source_archive\source=yonhap\year=2002\month=10\part.jsonl
yonhap_20021009_politics_p001,yonhap,2002-10-09,politics,1,pending,,data\raw_lake\source_archive\source=yonhap\year=2002\month=10\part.jsonl
yonhap_20021009_economy_p001,yonhap,2002-10-09,economy,1,pending,,data\raw_lake\source_archive\source=yonhap\year=2002\month=10\part.jsonl
yonhap_20021009_society_p001,yonhap,2002-10-09,society,1,pending,,data\raw_lake\source_archive\source=yonhap\year=2002\month=10\part.jsonl
yonhap_20021010_all_p001,yonhap,2002-10-10,all,1,pending,,data\raw_lake\source_archive\source=yonhap\year=2002\month=10\part.jsonl
yonhap_20021010_politics_p001,yonhap,2002-10-10,politics,1,pending,,data\raw_lake\source_archive\source=yonhap\year=2002\month=10\part.jsonl
yonhap_20021010_economy_p001,yonhap,2002-10-10,economy,1,pending,,data\raw_lake\source_archive\source=yonhap\year=2002\month=10\part.jsonl
yonhap_20021010_society_p001,yonhap,2002-10-10,society,1,pending,,data\raw_lake\source_archive\source=yonhap\year=2002\month=10\part.jsonl
yonhap_20021011_all_p001,yonhap,2002-10-11,all,1,pending,,data\raw_lake\source_archive\source=yonhap\year=2002\month=10\part.jsonl
yonhap_20021011_politics_p001,yonhap,2002-10-11,politics,1,pending,,data\raw_lake\source_archive\source=yonhap\year=2002\month=10\part.jsonl
yonhap_20021011_economy_p001,yonhap,2002-10-11,economy,1,pending,,data\raw_lake\source_archive\source=yonhap\year=2002\month=10\part.jsonl
yonhap_20021011_society_p001,yonhap,2002-10-11,society,1,pending,,data\raw_lake\source_archive\source=yonhap\year=2002\month=10\part.jsonl
yonhap_20021012_all_p001,yonhap,2002-10-12,all,1,pending,,data\raw_lake\source_archive\source=yonhap\year=2002\month=10\part.jsonl
yonhap_20021012_politics_p001,yonhap,2002-10-12,politics,1,pending,,data\raw_lake\source_archive\source=yonhap\year=2002\month=10\part.jsonl
yonhap_20021012_economy_p001,yonhap,2002-10-12,economy,1,pending,,data\raw_lake\source_archive\source=yonhap\year=2002\month=10\part.jsonl
yonhap_20021012_society_p001,yonhap,2002-10-12,society,1,pending,,data\raw_lake\source_archive\source=yonhap\year=2002\month=10\part.jsonl
yonhap_20021013_all_p001,yonhap,2002-10-13,all,1,pending,,data\raw_lake\source_archive\source=yonhap\year=2002\month=10\part.jsonl
yonhap_20021013_politics_p001,yonhap,2002-10-13,politics,1,pending,,data\raw_lake\source_archive\source=yonhap\year=2002\month=10\part.jsonl
yonhap_20021013_economy_p001,yonhap,2002-10-13,economy,1,pending,,data\raw_lake\source_archive\source=yonhap\year=2002\month=10\part.jsonl
yonhap_20021013_society_p001,yonhap,2002-10-13,society,1,pending,,data\raw_lake\source_archive\source=yonhap\year=2002\month=10\part.jsonl
yonhap_20021014_all_p001,yonhap,2002-10-14,all,1,pending,,data\raw_lake\source_archive\source=yonhap\year=2002\month=10\part.jsonl
yonhap_20021014_politics_p001,yonhap,2002-10-14,politics,1,pending,,data\raw_lake\source_archive\source=yonhap\year=2002\month=10\part.jsonl
yonhap_20021014_economy_p001,yonhap,2002-10-14,economy,1,pending,,data\raw_lake\source_archive\source=yonhap\year=2002\month=10\part.jsonl
yonhap_20021014_society_p001,yonhap,2002-10-14,society,1,pending,,data\raw_lake\source_archive\source=yonhap\year=2002\month=10\part.jsonl
yonhap_20021015_all_p001,yonhap,2002-10-15,all,1,pending,,data\raw_lake\source_archive\source=yonhap\year=2002\month=10\part.jsonl
yonhap_20021015_politics_p001,yonhap,2002-10-15,politics,1,pending,,data\raw_lake\source_archive\source=yonhap\year=2002\month=10\part.jsonl
yonhap_20021015_economy_p001,yonhap,2002-10-15,economy,1,pending,,data\raw_lake\source_archive\source=yonhap\year=2002\month=10\part.jsonl
yonhap_20021015_society_p001,yonhap,2002-10-15,society,1,pending,,data\raw_lake\source_archive\source=yonhap\year=2002\month=10\part.jsonl
yonhap_20021016_all_p001,yonhap,2002-10-16,all,1,pending,,data\raw_lake\source_archive\source=yonhap\year=2002\month=10\part.jsonl
yonhap_20021016_politics_p001,yonhap,2002-10-16,politics,1,pending,,data\raw_lake\source_archive\source=yonhap\year=2002\month=10\part.jsonl
yonhap_20021016_economy_p001,yonhap,2002-10-16,economy,1,pending,,data\raw_lake\source_archive\source=yonhap\year=2002\month=10\part.jsonl
yonhap_20021016_society_p001,yonhap,2002-10-16,society,1,pending,,data\raw_lake\source_archive\source=yonhap\year=2002\month=10\part.jsonl
yonhap_20021017_all_p001,yonhap,2002-10-17,all,1,pending,,data\raw_lake\source_archive\source=yonhap\year=2002\month=10\part.jsonl
yonhap_20021017_politics_p001,yonhap,2002-10-17,politics,1,pending,,data\raw_lake\source_archive\source=yonhap\year=2002\month=10\part.jsonl
yonhap_20021017_economy_p001,yonhap,2002-10-17,economy,1,pending,,data\raw_lake\source_archive\source=yonhap\year=2002\month=10\part.jsonl
yonhap_20021017_society_p001,yonhap,2002-10-17,society,1,pending,,data\raw_lake\source_archive\source=yonhap\year=2002\month=10\part.jsonl
yonhap_20021018_all_p001,yonhap,2002-10-18,all,1,pending,,data\raw_lake\source_archive\source=yonhap\year=2002\month=10\part.jsonl
yonhap_20021018_politics_p001,yonhap,2002-10-18,politics,1,pending,,data\raw_lake\source_archive\source=yonhap\year=2002\month=10\part.jsonl
yonhap_20021018_economy_p001,yonhap,2002-10-18,economy,1,pending,,data\raw_lake\source_archive\source=yonhap\year=2002\month=10\part.jsonl
yonhap_20021018_society_p001,yonhap,2002-10-18,society,1,pending,,data\raw_lake\source_archive\source=yonhap\year=2002\month=10\part.jsonl
yonhap_20021019_all_p001,yonhap,2002-10-19,all,1,pending,,data\raw_lake\source_archive\source=yonhap\year=2002\month=10\part.jsonl
yonhap_20021019_politics_p001,yonhap,2002-10-19,politics,1,pending,,data\raw_lake\source_archive\source=yonhap\year=2002\month=10\part.jsonl
yonhap_20021019_economy_p001,yonhap,2002-10-19,economy,1,pending,,data\raw_lake\source_archive\source=yonhap\year=2002\month=10\part.jsonl
yonhap_20021019_society_p001,yonhap,2002-10-19,society,1,pending,,data\raw_lake\source_archive\source=yonhap\year=2002\month=10\part.jsonl
yonhap_20021020_all_p001,yonhap,2002-10-20,all,1,pending,,data\raw_lake\source_archive\source=yonhap\year=2002\month=10\part.jsonl
yonhap_20021020_politics_p001,yonhap,2002-10-20,politics,1,pending,,data\raw_lake\source_archive\source=yonhap\year=2002\month=10\part.jsonl
yonhap_20021020_economy_p001,yonhap,2002-10-20,economy,1,pending,,data\raw_lake\source_archive\source=yonhap\year=2002\month=10\part.jsonl
yonhap_20021020_society_p001,yonhap,2002-10-20,society,1,pending,,data\raw_lake\source_archive\source=yonhap\year=2002\month=10\part.jsonl
yonhap_20021021_all_p001,yonhap,2002-10-21,all,1,pending,,data\raw_lake\source_archive\source=yonhap\year=2002\month=10\part.jsonl
yonhap_20021021_politics_p001,yonhap,2002-10-21,politics,1,pending,,data\raw_lake\source_archive\source=yonhap\year=2002\month=10\part.jsonl
yonhap_20021021_economy_p001,yonhap,2002-10-21,economy,1,pending,,data\raw_lake\source_archive\source=yonhap\year=2002\month=10\part.jsonl
yonhap_20021021_society_p001,yonhap,2002-10-21,society,1,pending,,data\raw_lake\source_archive\source=yonhap\year=2002\month=10\part.jsonl
yonhap_20021022_all_p001,yonhap,2002-10-22,all,1,pending,,data\raw_lake\source_archive\source=yonhap\year=2002\month=10\part.jsonl
yonhap_20021022_politics_p001,yonhap,2002-10-22,politics,1,pending,,data\raw_lake\source_archive\source=yonhap\year=2002\month=10\part.jsonl
yonhap_20021022_economy_p001,yonhap,2002-10-22,economy,1,pending,,data\raw_lake\source_archive\source=yonhap\year=2002\month=10\part.jsonl
yonhap_20021022_society_p001,yonhap,2002-10-22,society,1,pending,,data\raw_lake\source_archive\source=yonhap\year=2002\month=10\part.jsonl
yonhap_20021023_all_p001,yonhap,2002-10-23,all,1,pending,,data\raw_lake\source_archive\source=yonhap\year=2002\month=10\part.jsonl
yonhap_20021023_politics_p001,yonhap,2002-10-23,politics,1,pending,,data\raw_lake\source_archive\source=yonhap\year=2002\month=10\part.jsonl
yonhap_20021023_economy_p001,yonhap,2002-10-23,economy,1,pending,,data\raw_lake\source_archive\source=yonhap\year=2002\month=10\part.jsonl
yonhap_20021023_society_p001,yonhap,2002-10-23,society,1,pending,,data\raw_lake\source_archive\source=yonhap\year=2002\month=10\part.jsonl
yonhap_20021024_all_p001,yonhap,2002-10-24,all,1,pending,,data\raw_lake\source_archive\source=yonhap\year=2002\month=10\part.jsonl
yonhap_20021024_politics_p001,yonhap,2002-10-24,politics,1,pending,,data\raw_lake\source_archive\source=yonhap\year=2002\month=10\part.jsonl
yonhap_20021024_economy_p001,yonhap,2002-10-24,economy,1,pending,,data\raw_lake\source_archive\source=yonhap\year=2002\month=10\part.jsonl
yonhap_20021024_society_p001,yonhap,2002-10-24,society,1,pending,,data\raw_lake\source_archive\source=yonhap\year=2002\month=10\part.jsonl
yonhap_20021025_all_p001,yonhap,2002-10-25,all,1,pending,,data\raw_lake\source_archive\source=yonhap\year=2002\month=10\part.jsonl
yonhap_20021025_politics_p001,yonhap,2002-10-25,politics,1,pending,,data\raw_lake\source_archive\source=yonhap\year=2002\month=10\part.jsonl
yonhap_20021025_economy_p001,yonhap,2002-10-25,economy,1,pending,,data\raw_lake\source_archive\source=yonhap\year=2002\month=10\part.jsonl
yonhap_20021025_society_p001,yonhap,2002-10-25,society,1,pending,,data\raw_lake\source_archive\source=yonhap\year=2002\month=10\part.jsonl
yonhap_20021026_all_p001,yonhap,2002-10-26,all,1,pending,,data\raw_lake\source_archive\source=yonhap\year=2002\month=10\part.jsonl
yonhap_20021026_politics_p001,yonhap,2002-10-26,politics,1,pending,,data\raw_lake\source_archive\source=yonhap\year=2002\month=10\part.jsonl
yonhap_20021026_economy_p001,yonhap,2002-10-26,economy,1,pending,,data\raw_lake\source_archive\source=yonhap\year=2002\month=10\part.jsonl
yonhap_20021026_society_p001,yonhap,2002-10-26,society,1,pending,,data\raw_lake\source_archive\source=yonhap\year=2002\month=10\part.jsonl
yonhap_20021027_all_p001,yonhap,2002-10-27,all,1,pending,,data\raw_lake\source_archive\source=yonhap\year=2002\month=10\part.jsonl
yonhap_20021027_politics_p001,yonhap,2002-10-27,politics,1,pending,,data\raw_lake\source_archive\source=yonhap\year=2002\month=10\part.jsonl
yonhap_20021027_economy_p001,yonhap,2002-10-27,economy,1,pending,,data\raw_lake\source_archive\source=yonhap\year=2002\month=10\part.jsonl
yonhap_20021027_society_p001,yonhap,2002-10-27,society,1,pending,,data\raw_lake\source_archive\source=yonhap\year=2002\month=10\part.jsonl
yonhap_20021028_all_p001,yonhap,2002-10-28,all,1,pending,,data\raw_lake\source_archive\source=yonhap\year=2002\month=10\part.jsonl
yonhap_20021028_politics_p001,yonhap,2002-10-28,politics,1,pending,,data\raw_lake\source_archive\source=yonhap\year=2002\month=10\part.jsonl
yonhap_20021028_economy_p001,yonhap,2002-10-28,economy,1,pending,,data\raw_lake\source_archive\source=yonhap\year=2002\month=10\part.jsonl
yonhap_20021028_society_p001,yonhap,2002-10-28,society,1,pending,,data\raw_lake\source_archive\source=yonhap\year=2002\month=10\part.jsonl
yonhap_20021029_all_p001,yonhap,2002-10-29,all,1,pending,,data\raw_lake\source_archive\source=yonhap\year=2002\month=10\part.jsonl
yonhap_20021029_politics_p001,yonhap,2002-10-29,politics,1,pending,,data\raw_lake\source_archive\source=yonhap\year=2002\month=10\part.jsonl
yonhap_20021029_economy_p001,yonhap,2002-10-29,economy,1,pending,,data\raw_lake\source_archive\source=yonhap\year=2002\month=10\part.jsonl
yonhap_20021029_society_p001,yonhap,2002-10-29,society,1,pending,,data\raw_lake\source_archive\source=yonhap\year=2002\month=10\part.jsonl
yonhap_20021030_all_p001,yonhap,2002-10-30,all,1,pending,,data\raw_lake\source_archive\source=yonhap\year=2002\month=10\part.jsonl
yonhap_20021030_politics_p001,yonhap,2002-10-30,politics,1,pending,,data\raw_lake\source_archive\source=yonhap\year=2002\month=10\part.jsonl
yonhap_20021030_economy_p001,yonhap,2002-10-30,economy,1,pending,,data\raw_lake\source_archive\source=yonhap\year=2002\month=10\part.jsonl
yonhap_20021030_society_p001,yonhap,2002-10-30,society,1,pending,,data\raw_lake\source_archive\source=yonhap\year=2002\month=10\part.jsonl
yonhap_20021031_all_p001,yonhap,2002-10-31,all,1,pending,,data\raw_lake\source_archive\source=yonhap\year=2002\month=10\part.jsonl
yonhap_20021031_politics_p001,yonhap,2002-10-31,politics,1,pending,,data\raw_lake\source_archive\source=yonhap\year=2002\month=10\part.jsonl
yonhap_20021031_economy_p001,yonhap,2002-10-31,economy,1,pending,,data\raw_lake\source_archive\source=yonhap\year=2002\month=10\part.jsonl
yonhap_20021031_society_p001,yonhap,2002-10-31,society,1,pending,,data\raw_lake\source_archive\source=yonhap\year=2002\month=10\part.jsonl
yonhap_20021101_all_p001,yonhap,2002-11-01,all,1,pending,,data\raw_lake\source_archive\source=yonhap\year=2002\month=11\part.jsonl
yonhap_20021101_politics_p001,yonhap,2002-11-01,politics,1,pending,,data\raw_lake\source_archive\source=yonhap\year=2002\month=11\part.jsonl
yonhap_20021101_economy_p001,yonhap,2002-11-01,economy,1,pending,,data\raw_lake\source_archive\source=yonhap\year=2002\month=11\part.jsonl
yonhap_20021101_society_p001,yonhap,2002-11-01,society,1,pending,,data\raw_lake\source_archive\source=yonhap\year=2002\month=11\part.jsonl
yonhap_20021102_all_p001,yonhap,2002-11-02,all,1,pending,,data\raw_lake\source_archive\source=yonhap\year=2002\month=11\part.jsonl
yonhap_20021102_politics_p001,yonhap,2002-11-02,politics,1,pending,,data\raw_lake\source_archive\source=yonhap\year=2002\month=11\part.jsonl
yonhap_20021102_economy_p001,yonhap,2002-11-02,economy,1,pending,,data\raw_lake\source_archive\source=yonhap\year=2002\month=11\part.jsonl
yonhap_20021102_society_p001,yonhap,2002-11-02,society,1,pending,,data\raw_lake\source_archive\source=yonhap\year=2002\month=11\part.jsonl
yonhap_20021103_all_p001,yonhap,2002-11-03,all,1,pending,,data\raw_lake\source_archive\source=yonhap\year=2002\month=11\part.jsonl
yonhap_20021103_politics_p001,yonhap,2002-11-03,politics,1,pending,,data\raw_lake\source_archive\source=yonhap\year=2002\month=11\part.jsonl
yonhap_20021103_economy_p001,yonhap,2002-11-03,economy,1,pending,,data\raw_lake\source_archive\source=yonhap\year=2002\month=11\part.jsonl
yonhap_20021103_society_p001,yonhap,2002-11-03,society,1,pending,,data\raw_lake\source_archive\source=yonhap\year=2002\month=11\part.jsonl
yonhap_20021104_all_p001,yonhap,2002-11-04,all,1,pending,,data\raw_lake\source_archive\source=yonhap\year=2002\month=11\part.jsonl
yonhap_20021104_politics_p001,yonhap,2002-11-04,politics,1,pending,,data\raw_lake\source_archive\source=yonhap\year=2002\month=11\part.jsonl
yonhap_20021104_economy_p001,yonhap,2002-11-04,economy,1,pending,,data\raw_lake\source_archive\source=yonhap\year=2002\month=11\part.jsonl
yonhap_20021104_society_p001,yonhap,2002-11-04,society,1,pending,,data\raw_lake\source_archive\source=yonhap\year=2002\month=11\part.jsonl
yonhap_20021105_all_p001,yonhap,2002-11-05,all,1,pending,,data\raw_lake\source_archive\source=yonhap\year=2002\month=11\part.jsonl
yonhap_20021105_politics_p001,yonhap,2002-11-05,politics,1,pending,,data\raw_lake\source_archive\source=yonhap\year=2002\month=11\part.jsonl
yonhap_20021105_economy_p001,yonhap,2002-11-05,economy,1,pending,,data\raw_lake\source_archive\source=yonhap\year=2002\month=11\part.jsonl
yonhap_20021105_society_p001,yonhap,2002-11-05,society,1,pending,,data\raw_lake\source_archive\source=yonhap\year=2002\month=11\part.jsonl
yonhap_20021106_all_p001,yonhap,2002-11-06,all,1,pending,,data\raw_lake\source_archive\source=yonhap\year=2002\month=11\part.jsonl
yonhap_20021106_politics_p001,yonhap,2002-11-06,politics,1,pending,,data\raw_lake\source_archive\source=yonhap\year=2002\month=11\part.jsonl
yonhap_20021106_economy_p001,yonhap,2002-11-06,economy,1,pending,,data\raw_lake\source_archive\source=yonhap\year=2002\month=11\part.jsonl
yonhap_20021106_society_p001,yonhap,2002-11-06,society,1,pending,,data\raw_lake\source_archive\source=yonhap\year=2002\month=11\part.jsonl
yonhap_20021107_all_p001,yonhap,2002-11-07,all,1,pending,,data\raw_lake\source_archive\source=yonhap\year=2002\month=11\part.jsonl
yonhap_20021107_politics_p001,yonhap,2002-11-07,politics,1,pending,,data\raw_lake\source_archive\source=yonhap\year=2002\month=11\part.jsonl
yonhap_20021107_economy_p001,yonhap,2002-11-07,economy,1,pending,,data\raw_lake\source_archive\source=yonhap\year=2002\month=11\part.jsonl
yonhap_20021107_society_p001,yonhap,2002-11-07,society,1,pending,,data\raw_lake\source_archive\source=yonhap\year=2002\month=11\part.jsonl
yonhap_20021108_all_p001,yonhap,2002-11-08,all,1,pending,,data\raw_lake\source_archive\source=yonhap\year=2002\month=11\part.jsonl
yonhap_20021108_politics_p001,yonhap,2002-11-08,politics,1,pending,,data\raw_lake\source_archive\source=yonhap\year=2002\month=11\part.jsonl
yonhap_20021108_economy_p001,yonhap,2002-11-08,economy,1,pending,,data\raw_lake\source_archive\source=yonhap\year=2002\month=11\part.jsonl
yonhap_20021108_society_p001,yonhap,2002-11-08,society,1,pending,,data\raw_lake\source_archive\source=yonhap\year=2002\month=11\part.jsonl
yonhap_20021109_all_p001,yonhap,2002-11-09,all,1,pending,,data\raw_lake\source_archive\source=yonhap\year=2002\month=11\part.jsonl
yonhap_20021109_politics_p001,yonhap,2002-11-09,politics,1,pending,,data\raw_lake\source_archive\source=yonhap\year=2002\month=11\part.jsonl
yonhap_20021109_economy_p001,yonhap,2002-11-09,economy,1,pending,,data\raw_lake\source_archive\source=yonhap\year=2002\month=11\part.jsonl
yonhap_20021109_society_p001,yonhap,2002-11-09,society,1,pending,,data\raw_lake\source_archive\source=yonhap\year=2002\month=11\part.jsonl
yonhap_20021110_all_p001,yonhap,2002-11-10,all,1,pending,,data\raw_lake\source_archive\source=yonhap\year=2002\month=11\part.jsonl
yonhap_20021110_politics_p001,yonhap,2002-11-10,politics,1,pending,,data\raw_lake\source_archive\source=yonhap\year=2002\month=11\part.jsonl
yonhap_20021110_economy_p001,yonhap,2002-11-10,economy,1,pending,,data\raw_lake\source_archive\source=yonhap\year=2002\month=11\part.jsonl
yonhap_20021110_society_p001,yonhap,2002-11-10,society,1,pending,,data\raw_lake\source_archive\source=yonhap\year=2002\month=11\part.jsonl
yonhap_20021111_all_p001,yonhap,2002-11-11,all,1,pending,,data\raw_lake\source_archive\source=yonhap\year=2002\month=11\part.jsonl
yonhap_20021111_politics_p001,yonhap,2002-11-11,politics,1,pending,,data\raw_lake\source_archive\source=yonhap\year=2002\month=11\part.jsonl
yonhap_20021111_economy_p001,yonhap,2002-11-11,economy,1,pending,,data\raw_lake\source_archive\source=yonhap\year=2002\month=11\part.jsonl
yonhap_20021111_society_p001,yonhap,2002-11-11,society,1,pending,,data\raw_lake\source_archive\source=yonhap\year=2002\month=11\part.jsonl
yonhap_20021112_all_p001,yonhap,2002-11-12,all,1,pending,,data\raw_lake\source_archive\source=yonhap\year=2002\month=11\part.jsonl
yonhap_20021112_politics_p001,yonhap,2002-11-12,politics,1,pending,,data\raw_lake\source_archive\source=yonhap\year=2002\month=11\part.jsonl
yonhap_20021112_economy_p001,yonhap,2002-11-12,economy,1,pending,,data\raw_lake\source_archive\source=yonhap\year=2002\month=11\part.jsonl
yonhap_20021112_society_p001,yonhap,2002-11-12,society,1,pending,,data\raw_lake\source_archive\source=yonhap\year=2002\month=11\part.jsonl
yonhap_20021113_all_p001,yonhap,2002-11-13,all,1,pending,,data\raw_lake\source_archive\source=yonhap\year=2002\month=11\part.jsonl
yonhap_20021113_politics_p001,yonhap,2002-11-13,politics,1,pending,,data\raw_lake\source_archive\source=yonhap\year=2002\month=11\part.jsonl
yonhap_20021113_economy_p001,yonhap,2002-11-13,economy,1,pending,,data\raw_lake\source_archive\source=yonhap\year=2002\month=11\part.jsonl
yonhap_20021113_society_p001,yonhap,2002-11-13,society,1,pending,,data\raw_lake\source_archive\source=yonhap\year=2002\month=11\part.jsonl
yonhap_20021114_all_p001,yonhap,2002-11-14,all,1,pending,,data\raw_lake\source_archive\source=yonhap\year=2002\month=11\part.jsonl
yonhap_20021114_politics_p001,yonhap,2002-11-14,politics,1,pending,,data\raw_lake\source_archive\source=yonhap\year=2002\month=11\part.jsonl
yonhap_20021114_economy_p001,yonhap,2002-11-14,economy,1,pending,,data\raw_lake\source_archive\source=yonhap\year=2002\month=11\part.jsonl
yonhap_20021114_society_p001,yonhap,2002-11-14,society,1,pending,,data\raw_lake\source_archive\source=yonhap\year=2002\month=11\part.jsonl
yonhap_20021115_all_p001,yonhap,2002-11-15,all,1,pending,,data\raw_lake\source_archive\source=yonhap\year=2002\month=11\part.jsonl
yonhap_20021115_politics_p001,yonhap,2002-11-15,politics,1,pending,,data\raw_lake\source_archive\source=yonhap\year=2002\month=11\part.jsonl
yonhap_20021115_economy_p001,yonhap,2002-11-15,economy,1,pending,,data\raw_lake\source_archive\source=yonhap\year=2002\month=11\part.jsonl
yonhap_20021115_society_p001,yonhap,2002-11-15,society,1,pending,,data\raw_lake\source_archive\source=yonhap\year=2002\month=11\part.jsonl
yonhap_20021116_all_p001,yonhap,2002-11-16,all,1,pending,,data\raw_lake\source_archive\source=yonhap\year=2002\month=11\part.jsonl
yonhap_20021116_politics_p001,yonhap,2002-11-16,politics,1,pending,,data\raw_lake\source_archive\source=yonhap\year=2002\month=11\part.jsonl
yonhap_20021116_economy_p001,yonhap,2002-11-16,economy,1,pending,,data\raw_lake\source_archive\source=yonhap\year=2002\month=11\part.jsonl
yonhap_20021116_society_p001,yonhap,2002-11-16,society,1,pending,,data\raw_lake\source_archive\source=yonhap\year=2002\month=11\part.jsonl
yonhap_20021117_all_p001,yonhap,2002-11-17,all,1,pending,,data\raw_lake\source_archive\source=yonhap\year=2002\month=11\part.jsonl
yonhap_20021117_politics_p001,yonhap,2002-11-17,politics,1,pending,,data\raw_lake\source_archive\source=yonhap\year=2002\month=11\part.jsonl
yonhap_20021117_economy_p001,yonhap,2002-11-17,economy,1,pending,,data\raw_lake\source_archive\source=yonhap\year=2002\month=11\part.jsonl
yonhap_20021117_society_p001,yonhap,2002-11-17,society,1,pending,,data\raw_lake\source_archive\source=yonhap\year=2002\month=11\part.jsonl
yonhap_20021118_all_p001,yonhap,2002-11-18,all,1,pending,,data\raw_lake\source_archive\source=yonhap\year=2002\month=11\part.jsonl
yonhap_20021118_politics_p001,yonhap,2002-11-18,politics,1,pending,,data\raw_lake\source_archive\source=yonhap\year=2002\month=11\part.jsonl
yonhap_20021118_economy_p001,yonhap,2002-11-18,economy,1,pending,,data\raw_lake\source_archive\source=yonhap\year=2002\month=11\part.jsonl
yonhap_20021118_society_p001,yonhap,2002-11-18,society,1,pending,,data\raw_lake\source_archive\source=yonhap\year=2002\month=11\part.jsonl
yonhap_20021119_all_p001,yonhap,2002-11-19,all,1,pending,,data\raw_lake\source_archive\source=yonhap\year=2002\month=11\part.jsonl
yonhap_20021119_politics_p001,yonhap,2002-11-19,politics,1,pending,,data\raw_lake\source_archive\source=yonhap\year=2002\month=11\part.jsonl
yonhap_20021119_economy_p001,yonhap,2002-11-19,economy,1,pending,,data\raw_lake\source_archive\source=yonhap\year=2002\month=11\part.jsonl
yonhap_20021119_society_p001,yonhap,2002-11-19,society,1,pending,,data\raw_lake\source_archive\source=yonhap\year=2002\month=11\part.jsonl
yonhap_20021120_all_p001,yonhap,2002-11-20,all,1,pending,,data\raw_lake\source_archive\source=yonhap\year=2002\month=11\part.jsonl
yonhap_20021120_politics_p001,yonhap,2002-11-20,politics,1,pending,,data\raw_lake\source_archive\source=yonhap\year=2002\month=11\part.jsonl
yonhap_20021120_economy_p001,yonhap,2002-11-20,economy,1,pending,,data\raw_lake\source_archive\source=yonhap\year=2002\month=11\part.jsonl
yonhap_20021120_society_p001,yonhap,2002-11-20,society,1,pending,,data\raw_lake\source_archive\source=yonhap\year=2002\month=11\part.jsonl
yonhap_20021121_all_p001,yonhap,2002-11-21,all,1,pending,,data\raw_lake\source_archive\source=yonhap\year=2002\month=11\part.jsonl
yonhap_20021121_politics_p001,yonhap,2002-11-21,politics,1,pending,,data\raw_lake\source_archive\source=yonhap\year=2002\month=11\part.jsonl
yonhap_20021121_economy_p001,yonhap,2002-11-21,economy,1,pending,,data\raw_lake\source_archive\source=yonhap\year=2002\month=11\part.jsonl
yonhap_20021121_society_p001,yonhap,2002-11-21,society,1,pending,,data\raw_lake\source_archive\source=yonhap\year=2002\month=11\part.jsonl
yonhap_20021122_all_p001,yonhap,2002-11-22,all,1,pending,,data\raw_lake\source_archive\source=yonhap\year=2002\month=11\part.jsonl
yonhap_20021122_politics_p001,yonhap,2002-11-22,politics,1,pending,,data\raw_lake\source_archive\source=yonhap\year=2002\month=11\part.jsonl
yonhap_20021122_economy_p001,yonhap,2002-11-22,economy,1,pending,,data\raw_lake\source_archive\source=yonhap\year=2002\month=11\part.jsonl
yonhap_20021122_society_p001,yonhap,2002-11-22,society,1,pending,,data\raw_lake\source_archive\source=yonhap\year=2002\month=11\part.jsonl
yonhap_20021123_all_p001,yonhap,2002-11-23,all,1,pending,,data\raw_lake\source_archive\source=yonhap\year=2002\month=11\part.jsonl
yonhap_20021123_politics_p001,yonhap,2002-11-23,politics,1,pending,,data\raw_lake\source_archive\source=yonhap\year=2002\month=11\part.jsonl
yonhap_20021123_economy_p001,yonhap,2002-11-23,economy,1,pending,,data\raw_lake\source_archive\source=yonhap\year=2002\month=11\part.jsonl
yonhap_20021123_society_p001,yonhap,2002-11-23,society,1,pending,,data\raw_lake\source_archive\source=yonhap\year=2002\month=11\part.jsonl
yonhap_20021124_all_p001,yonhap,2002-11-24,all,1,pending,,data\raw_lake\source_archive\source=yonhap\year=2002\month=11\part.jsonl
yonhap_20021124_politics_p001,yonhap,2002-11-24,politics,1,pending,,data\raw_lake\source_archive\source=yonhap\year=2002\month=11\part.jsonl
yonhap_20021124_economy_p001,yonhap,2002-11-24,economy,1,pending,,data\raw_lake\source_archive\source=yonhap\year=2002\month=11\part.jsonl
yonhap_20021124_society_p001,yonhap,2002-11-24,society,1,pending,,data\raw_lake\source_archive\source=yonhap\year=2002\month=11\part.jsonl
yonhap_20021125_all_p001,yonhap,2002-11-25,all,1,pending,,data\raw_lake\source_archive\source=yonhap\year=2002\month=11\part.jsonl
yonhap_20021125_politics_p001,yonhap,2002-11-25,politics,1,pending,,data\raw_lake\source_archive\source=yonhap\year=2002\month=11\part.jsonl
yonhap_20021125_economy_p001,yonhap,2002-11-25,economy,1,pending,,data\raw_lake\source_archive\source=yonhap\year=2002\month=11\part.jsonl
yonhap_20021125_society_p001,yonhap,2002-11-25,society,1,pending,,data\raw_lake\source_archive\source=yonhap\year=2002\month=11\part.jsonl
yonhap_20021126_all_p001,yonhap,2002-11-26,all,1,pending,,data\raw_lake\source_archive\source=yonhap\year=2002\month=11\part.jsonl
yonhap_20021126_politics_p001,yonhap,2002-11-26,politics,1,pending,,data\raw_lake\source_archive\source=yonhap\year=2002\month=11\part.jsonl
yonhap_20021126_economy_p001,yonhap,2002-11-26,economy,1,pending,,data\raw_lake\source_archive\source=yonhap\year=2002\month=11\part.jsonl
yonhap_20021126_society_p001,yonhap,2002-11-26,society,1,pending,,data\raw_lake\source_archive\source=yonhap\year=2002\month=11\part.jsonl
yonhap_20021127_all_p001,yonhap,2002-11-27,all,1,pending,,data\raw_lake\source_archive\source=yonhap\year=2002\month=11\part.jsonl
yonhap_20021127_politics_p001,yonhap,2002-11-27,politics,1,pending,,data\raw_lake\source_archive\source=yonhap\year=2002\month=11\part.jsonl
yonhap_20021127_economy_p001,yonhap,2002-11-27,economy,1,pending,,data\raw_lake\source_archive\source=yonhap\year=2002\month=11\part.jsonl
yonhap_20021127_society_p001,yonhap,2002-11-27,society,1,pending,,data\raw_lake\source_archive\source=yonhap\year=2002\month=11\part.jsonl
yonhap_20021128_all_p001,yonhap,2002-11-28,all,1,pending,,data\raw_lake\source_archive\source=yonhap\year=2002\month=11\part.jsonl
yonhap_20021128_politics_p001,yonhap,2002-11-28,politics,1,pending,,data\raw_lake\source_archive\source=yonhap\year=2002\month=11\part.jsonl
yonhap_20021128_economy_p001,yonhap,2002-11-28,economy,1,pending,,data\raw_lake\source_archive\source=yonhap\year=2002\month=11\part.jsonl
yonhap_20021128_society_p001,yonhap,2002-11-28,society,1,pending,,data\raw_lake\source_archive\source=yonhap\year=2002\month=11\part.jsonl
yonhap_20021129_all_p001,yonhap,2002-11-29,all,1,pending,,data\raw_lake\source_archive\source=yonhap\year=2002\month=11\part.jsonl
yonhap_20021129_politics_p001,yonhap,2002-11-29,politics,1,pending,,data\raw_lake\source_archive\source=yonhap\year=2002\month=11\part.jsonl
yonhap_20021129_economy_p001,yonhap,2002-11-29,economy,1,pending,,data\raw_lake\source_archive\source=yonhap\year=2002\month=11\part.jsonl
yonhap_20021129_society_p001,yonhap,2002-11-29,society,1,pending,,data\raw_lake\source_archive\source=yonhap\year=2002\month=11\part.jsonl
yonhap_20021130_all_p001,yonhap,2002-11-30,all,1,pending,,data\raw_lake\source_archive\source=yonhap\year=2002\month=11\part.jsonl
yonhap_20021130_politics_p001,yonhap,2002-11-30,politics,1,pending,,data\raw_lake\source_archive\source=yonhap\year=2002\month=11\part.jsonl
yonhap_20021130_economy_p001,yonhap,2002-11-30,economy,1,pending,,data\raw_lake\source_archive\source=yonhap\year=2002\month=11\part.jsonl
yonhap_20021130_society_p001,yonhap,2002-11-30,society,1,pending,,data\raw_lake\source_archive\source=yonhap\year=2002\month=11\part.jsonl
yonhap_20021201_all_p001,yonhap,2002-12-01,all,1,pending,,data\raw_lake\source_archive\source=yonhap\year=2002\month=12\part.jsonl
yonhap_20021201_politics_p001,yonhap,2002-12-01,politics,1,pending,,data\raw_lake\source_archive\source=yonhap\year=2002\month=12\part.jsonl
yonhap_20021201_economy_p001,yonhap,2002-12-01,economy,1,pending,,data\raw_lake\source_archive\source=yonhap\year=2002\month=12\part.jsonl
yonhap_20021201_society_p001,yonhap,2002-12-01,society,1,pending,,data\raw_lake\source_archive\source=yonhap\year=2002\month=12\part.jsonl
yonhap_20021202_all_p001,yonhap,2002-12-02,all,1,pending,,data\raw_lake\source_archive\source=yonhap\year=2002\month=12\part.jsonl
yonhap_20021202_politics_p001,yonhap,2002-12-02,politics,1,pending,,data\raw_lake\source_archive\source=yonhap\year=2002\month=12\part.jsonl
yonhap_20021202_economy_p001,yonhap,2002-12-02,economy,1,pending,,data\raw_lake\source_archive\source=yonhap\year=2002\month=12\part.jsonl
yonhap_20021202_society_p001,yonhap,2002-12-02,society,1,pending,,data\raw_lake\source_archive\source=yonhap\year=2002\month=12\part.jsonl
yonhap_20021203_all_p001,yonhap,2002-12-03,all,1,pending,,data\raw_lake\source_archive\source=yonhap\year=2002\month=12\part.jsonl
yonhap_20021203_politics_p001,yonhap,2002-12-03,politics,1,pending,,data\raw_lake\source_archive\source=yonhap\year=2002\month=12\part.jsonl
yonhap_20021203_economy_p001,yonhap,2002-12-03,economy,1,pending,,data\raw_lake\source_archive\source=yonhap\year=2002\month=12\part.jsonl
yonhap_20021203_society_p001,yonhap,2002-12-03,society,1,pending,,data\raw_lake\source_archive\source=yonhap\year=2002\month=12\part.jsonl
yonhap_20021204_all_p001,yonhap,2002-12-04,all,1,pending,,data\raw_lake\source_archive\source=yonhap\year=2002\month=12\part.jsonl
yonhap_20021204_politics_p001,yonhap,2002-12-04,politics,1,pending,,data\raw_lake\source_archive\source=yonhap\year=2002\month=12\part.jsonl
yonhap_20021204_economy_p001,yonhap,2002-12-04,economy,1,pending,,data\raw_lake\source_archive\source=yonhap\year=2002\month=12\part.jsonl
yonhap_20021204_society_p001,yonhap,2002-12-04,society,1,pending,,data\raw_lake\source_archive\source=yonhap\year=2002\month=12\part.jsonl
yonhap_20021205_all_p001,yonhap,2002-12-05,all,1,pending,,data\raw_lake\source_archive\source=yonhap\year=2002\month=12\part.jsonl
yonhap_20021205_politics_p001,yonhap,2002-12-05,politics,1,pending,,data\raw_lake\source_archive\source=yonhap\year=2002\month=12\part.jsonl
yonhap_20021205_economy_p001,yonhap,2002-12-05,economy,1,pending,,data\raw_lake\source_archive\source=yonhap\year=2002\month=12\part.jsonl
yonhap_20021205_society_p001,yonhap,2002-12-05,society,1,pending,,data\raw_lake\source_archive\source=yonhap\year=2002\month=12\part.jsonl
yonhap_20021206_all_p001,yonhap,2002-12-06,all,1,pending,,data\raw_lake\source_archive\source=yonhap\year=2002\month=12\part.jsonl
yonhap_20021206_politics_p001,yonhap,2002-12-06,politics,1,pending,,data\raw_lake\source_archive\source=yonhap\year=2002\month=12\part.jsonl
yonhap_20021206_economy_p001,yonhap,2002-12-06,economy,1,pending,,data\raw_lake\source_archive\source=yonhap\year=2002\month=12\part.jsonl
yonhap_20021206_society_p001,yonhap,2002-12-06,society,1,pending,,data\raw_lake\source_archive\source=yonhap\year=2002\month=12\part.jsonl
yonhap_20021207_all_p001,yonhap,2002-12-07,all,1,pending,,data\raw_lake\source_archive\source=yonhap\year=2002\month=12\part.jsonl
yonhap_20021207_politics_p001,yonhap,2002-12-07,politics,1,pending,,data\raw_lake\source_archive\source=yonhap\year=2002\month=12\part.jsonl
yonhap_20021207_economy_p001,yonhap,2002-12-07,economy,1,pending,,data\raw_lake\source_archive\source=yonhap\year=2002\month=12\part.jsonl
yonhap_20021207_society_p001,yonhap,2002-12-07,society,1,pending,,data\raw_lake\source_archive\source=yonhap\year=2002\month=12\part.jsonl
yonhap_20021208_all_p001,yonhap,2002-12-08,all,1,pending,,data\raw_lake\source_archive\source=yonhap\year=2002\month=12\part.jsonl
yonhap_20021208_politics_p001,yonhap,2002-12-08,politics,1,pending,,data\raw_lake\source_archive\source=yonhap\year=2002\month=12\part.jsonl
yonhap_20021208_economy_p001,yonhap,2002-12-08,economy,1,pending,,data\raw_lake\source_archive\source=yonhap\year=2002\month=12\part.jsonl
yonhap_20021208_society_p001,yonhap,2002-12-08,society,1,pending,,data\raw_lake\source_archive\source=yonhap\year=2002\month=12\part.jsonl
yonhap_20021209_all_p001,yonhap,2002-12-09,all,1,pending,,data\raw_lake\source_archive\source=yonhap\year=2002\month=12\part.jsonl
yonhap_20021209_politics_p001,yonhap,2002-12-09,politics,1,pending,,data\raw_lake\source_archive\source=yonhap\year=2002\month=12\part.jsonl
yonhap_20021209_economy_p001,yonhap,2002-12-09,economy,1,pending,,data\raw_lake\source_archive\source=yonhap\year=2002\month=12\part.jsonl
yonhap_20021209_society_p001,yonhap,2002-12-09,society,1,pending,,data\raw_lake\source_archive\source=yonhap\year=2002\month=12\part.jsonl
yonhap_20021210_all_p001,yonhap,2002-12-10,all,1,pending,,data\raw_lake\source_archive\source=yonhap\year=2002\month=12\part.jsonl
yonhap_20021210_politics_p001,yonhap,2002-12-10,politics,1,pending,,data\raw_lake\source_archive\source=yonhap\year=2002\month=12\part.jsonl
yonhap_20021210_economy_p001,yonhap,2002-12-10,economy,1,pending,,data\raw_lake\source_archive\source=yonhap\year=2002\month=12\part.jsonl
yonhap_20021210_society_p001,yonhap,2002-12-10,society,1,pending,,data\raw_lake\source_archive\source=yonhap\year=2002\month=12\part.jsonl
yonhap_20021211_all_p001,yonhap,2002-12-11,all,1,pending,,data\raw_lake\source_archive\source=yonhap\year=2002\month=12\part.jsonl
yonhap_20021211_politics_p001,yonhap,2002-12-11,politics,1,pending,,data\raw_lake\source_archive\source=yonhap\year=2002\month=12\part.jsonl
yonhap_20021211_economy_p001,yonhap,2002-12-11,economy,1,pending,,data\raw_lake\source_archive\source=yonhap\year=2002\month=12\part.jsonl
yonhap_20021211_society_p001,yonhap,2002-12-11,society,1,pending,,data\raw_lake\source_archive\source=yonhap\year=2002\month=12\part.jsonl
yonhap_20021212_all_p001,yonhap,2002-12-12,all,1,pending,,data\raw_lake\source_archive\source=yonhap\year=2002\month=12\part.jsonl
yonhap_20021212_politics_p001,yonhap,2002-12-12,politics,1,pending,,data\raw_lake\source_archive\source=yonhap\year=2002\month=12\part.jsonl
yonhap_20021212_economy_p001,yonhap,2002-12-12,economy,1,pending,,data\raw_lake\source_archive\source=yonhap\year=2002\month=12\part.jsonl
yonhap_20021212_society_p001,yonhap,2002-12-12,society,1,pending,,data\raw_lake\source_archive\source=yonhap\year=2002\month=12\part.jsonl
yonhap_20021213_all_p001,yonhap,2002-12-13,all,1,pending,,data\raw_lake\source_archive\source=yonhap\year=2002\month=12\part.jsonl
yonhap_20021213_politics_p001,yonhap,2002-12-13,politics,1,pending,,data\raw_lake\source_archive\source=yonhap\year=2002\month=12\part.jsonl
yonhap_20021213_economy_p001,yonhap,2002-12-13,economy,1,pending,,data\raw_lake\source_archive\source=yonhap\year=2002\month=12\part.jsonl
yonhap_20021213_society_p001,yonhap,2002-12-13,society,1,pending,,data\raw_lake\source_archive\source=yonhap\year=2002\month=12\part.jsonl
yonhap_20021214_all_p001,yonhap,2002-12-14,all,1,pending,,data\raw_lake\source_archive\source=yonhap\year=2002\month=12\part.jsonl
yonhap_20021214_politics_p001,yonhap,2002-12-14,politics,1,pending,,data\raw_lake\source_archive\source=yonhap\year=2002\month=12\part.jsonl
yonhap_20021214_economy_p001,yonhap,2002-12-14,economy,1,pending,,data\raw_lake\source_archive\source=yonhap\year=2002\month=12\part.jsonl
yonhap_20021214_society_p001,yonhap,2002-12-14,society,1,pending,,data\raw_lake\source_archive\source=yonhap\year=2002\month=12\part.jsonl
yonhap_20021215_all_p001,yonhap,2002-12-15,all,1,pending,,data\raw_lake\source_archive\source=yonhap\year=2002\month=12\part.jsonl
yonhap_20021215_politics_p001,yonhap,2002-12-15,politics,1,pending,,data\raw_lake\source_archive\source=yonhap\year=2002\month=12\part.jsonl
yonhap_20021215_economy_p001,yonhap,2002-12-15,economy,1,pending,,data\raw_lake\source_archive\source=yonhap\year=2002\month=12\part.jsonl
yonhap_20021215_society_p001,yonhap,2002-12-15,society,1,pending,,data\raw_lake\source_archive\source=yonhap\year=2002\month=12\part.jsonl
yonhap_20021216_all_p001,yonhap,2002-12-16,all,1,pending,,data\raw_lake\source_archive\source=yonhap\year=2002\month=12\part.jsonl
yonhap_20021216_politics_p001,yonhap,2002-12-16,politics,1,pending,,data\raw_lake\source_archive\source=yonhap\year=2002\month=12\part.jsonl
yonhap_20021216_economy_p001,yonhap,2002-12-16,economy,1,pending,,data\raw_lake\source_archive\source=yonhap\year=2002\month=12\part.jsonl
yonhap_20021216_society_p001,yonhap,2002-12-16,society,1,pending,,data\raw_lake\source_archive\source=yonhap\year=2002\month=12\part.jsonl
yonhap_20021217_all_p001,yonhap,2002-12-17,all,1,pending,,data\raw_lake\source_archive\source=yonhap\year=2002\month=12\part.jsonl
yonhap_20021217_politics_p001,yonhap,2002-12-17,politics,1,pending,,data\raw_lake\source_archive\source=yonhap\year=2002\month=12\part.jsonl
yonhap_20021217_economy_p001,yonhap,2002-12-17,economy,1,pending,,data\raw_lake\source_archive\source=yonhap\year=2002\month=12\part.jsonl
yonhap_20021217_society_p001,yonhap,2002-12-17,society,1,pending,,data\raw_lake\source_archive\source=yonhap\year=2002\month=12\part.jsonl
yonhap_20021218_all_p001,yonhap,2002-12-18,all,1,pending,,data\raw_lake\source_archive\source=yonhap\year=2002\month=12\part.jsonl
yonhap_20021218_politics_p001,yonhap,2002-12-18,politics,1,pending,,data\raw_lake\source_archive\source=yonhap\year=2002\month=12\part.jsonl
yonhap_20021218_economy_p001,yonhap,2002-12-18,economy,1,pending,,data\raw_lake\source_archive\source=yonhap\year=2002\month=12\part.jsonl
yonhap_20021218_society_p001,yonhap,2002-12-18,society,1,pending,,data\raw_lake\source_archive\source=yonhap\year=2002\month=12\part.jsonl
yonhap_20021219_all_p001,yonhap,2002-12-19,all,1,pending,,data\raw_lake\source_archive\source=yonhap\year=2002\month=12\part.jsonl
yonhap_20021219_politics_p001,yonhap,2002-12-19,politics,1,pending,,data\raw_lake\source_archive\source=yonhap\year=2002\month=12\part.jsonl
yonhap_20021219_economy_p001,yonhap,2002-12-19,economy,1,pending,,data\raw_lake\source_archive\source=yonhap\year=2002\month=12\part.jsonl
yonhap_20021219_society_p001,yonhap,2002-12-19,society,1,pending,,data\raw_lake\source_archive\source=yonhap\year=2002\month=12\part.jsonl
yonhap_20021220_all_p001,yonhap,2002-12-20,all,1,pending,,data\raw_lake\source_archive\source=yonhap\year=2002\month=12\part.jsonl
yonhap_20021220_politics_p001,yonhap,2002-12-20,politics,1,pending,,data\raw_lake\source_archive\source=yonhap\year=2002\month=12\part.jsonl
yonhap_20021220_economy_p001,yonhap,2002-12-20,economy,1,pending,,data\raw_lake\source_archive\source=yonhap\year=2002\month=12\part.jsonl
yonhap_20021220_society_p001,yonhap,2002-12-20,society,1,pending,,data\raw_lake\source_archive\source=yonhap\year=2002\month=12\part.jsonl
yonhap_20021221_all_p001,yonhap,2002-12-21,all,1,pending,,data\raw_lake\source_archive\source=yonhap\year=2002\month=12\part.jsonl
yonhap_20021221_politics_p001,yonhap,2002-12-21,politics,1,pending,,data\raw_lake\source_archive\source=yonhap\year=2002\month=12\part.jsonl
yonhap_20021221_economy_p001,yonhap,2002-12-21,economy,1,pending,,data\raw_lake\source_archive\source=yonhap\year=2002\month=12\part.jsonl
yonhap_20021221_society_p001,yonhap,2002-12-21,society,1,pending,,data\raw_lake\source_archive\source=yonhap\year=2002\month=12\part.jsonl
yonhap_20021222_all_p001,yonhap,2002-12-22,all,1,pending,,data\raw_lake\source_archive\source=yonhap\year=2002\month=12\part.jsonl
yonhap_20021222_politics_p001,yonhap,2002-12-22,politics,1,pending,,data\raw_lake\source_archive\source=yonhap\year=2002\month=12\part.jsonl
yonhap_20021222_economy_p001,yonhap,2002-12-22,economy,1,pending,,data\raw_lake\source_archive\source=yonhap\year=2002\month=12\part.jsonl
yonhap_20021222_society_p001,yonhap,2002-12-22,society,1,pending,,data\raw_lake\source_archive\source=yonhap\year=2002\month=12\part.jsonl
yonhap_20021223_all_p001,yonhap,2002-12-23,all,1,pending,,data\raw_lake\source_archive\source=yonhap\year=2002\month=12\part.jsonl
yonhap_20021223_politics_p001,yonhap,2002-12-23,politics,1,pending,,data\raw_lake\source_archive\source=yonhap\year=2002\month=12\part.jsonl
yonhap_20021223_economy_p001,yonhap,2002-12-23,economy,1,pending,,data\raw_lake\source_archive\source=yonhap\year=2002\month=12\part.jsonl
yonhap_20021223_society_p001,yonhap,2002-12-23,society,1,pending,,data\raw_lake\source_archive\source=yonhap\year=2002\month=12\part.jsonl
yonhap_20021224_all_p001,yonhap,2002-12-24,all,1,pending,,data\raw_lake\source_archive\source=yonhap\year=2002\month=12\part.jsonl
yonhap_20021224_politics_p001,yonhap,2002-12-24,politics,1,pending,,data\raw_lake\source_archive\source=yonhap\year=2002\month=12\part.jsonl
yonhap_20021224_economy_p001,yonhap,2002-12-24,economy,1,pending,,data\raw_lake\source_archive\source=yonhap\year=2002\month=12\part.jsonl
yonhap_20021224_society_p001,yonhap,2002-12-24,society,1,pending,,data\raw_lake\source_archive\source=yonhap\year=2002\month=12\part.jsonl
yonhap_20021225_all_p001,yonhap,2002-12-25,all,1,pending,,data\raw_lake\source_archive\source=yonhap\year=2002\month=12\part.jsonl
yonhap_20021225_politics_p001,yonhap,2002-12-25,politics,1,pending,,data\raw_lake\source_archive\source=yonhap\year=2002\month=12\part.jsonl
yonhap_20021225_economy_p001,yonhap,2002-12-25,economy,1,pending,,data\raw_lake\source_archive\source=yonhap\year=2002\month=12\part.jsonl
yonhap_20021225_society_p001,yonhap,2002-12-25,society,1,pending,,data\raw_lake\source_archive\source=yonhap\year=2002\month=12\part.jsonl
yonhap_20021226_all_p001,yonhap,2002-12-26,all,1,pending,,data\raw_lake\source_archive\source=yonhap\year=2002\month=12\part.jsonl
yonhap_20021226_politics_p001,yonhap,2002-12-26,politics,1,pending,,data\raw_lake\source_archive\source=yonhap\year=2002\month=12\part.jsonl
yonhap_20021226_economy_p001,yonhap,2002-12-26,economy,1,pending,,data\raw_lake\source_archive\source=yonhap\year=2002\month=12\part.jsonl
yonhap_20021226_society_p001,yonhap,2002-12-26,society,1,pending,,data\raw_lake\source_archive\source=yonhap\year=2002\month=12\part.jsonl
yonhap_20021227_all_p001,yonhap,2002-12-27,all,1,pending,,data\raw_lake\source_archive\source=yonhap\year=2002\month=12\part.jsonl
yonhap_20021227_politics_p001,yonhap,2002-12-27,politics,1,pending,,data\raw_lake\source_archive\source=yonhap\year=2002\month=12\part.jsonl
yonhap_20021227_economy_p001,yonhap,2002-12-27,economy,1,pending,,data\raw_lake\source_archive\source=yonhap\year=2002\month=12\part.jsonl
yonhap_20021227_society_p001,yonhap,2002-12-27,society,1,pending,,data\raw_lake\source_archive\source=yonhap\year=2002\month=12\part.jsonl
yonhap_20021228_all_p001,yonhap,2002-12-28,all,1,pending,,data\raw_lake\source_archive\source=yonhap\year=2002\month=12\part.jsonl
yonhap_20021228_politics_p001,yonhap,2002-12-28,politics,1,pending,,data\raw_lake\source_archive\source=yonhap\year=2002\month=12\part.jsonl
yonhap_20021228_economy_p001,yonhap,2002-12-28,economy,1,pending,,data\raw_lake\source_archive\source=yonhap\year=2002\month=12\part.jsonl
yonhap_20021228_society_p001,yonhap,2002-12-28,society,1,pending,,data\raw_lake\source_archive\source=yonhap\year=2002\month=12\part.jsonl
yonhap_20021229_all_p001,yonhap,2002-12-29,all,1,pending,,data\raw_lake\source_archive\source=yonhap\year=2002\month=12\part.jsonl
yonhap_20021229_politics_p001,yonhap,2002-12-29,politics,1,pending,,data\raw_lake\source_archive\source=yonhap\year=2002\month=12\part.jsonl
yonhap_20021229_economy_p001,yonhap,2002-12-29,economy,1,pending,,data\raw_lake\source_archive\source=yonhap\year=2002\month=12\part.jsonl
yonhap_20021229_society_p001,yonhap,2002-12-29,society,1,pending,,data\raw_lake\source_archive\source=yonhap\year=2002\month=12\part.jsonl
yonhap_20021230_all_p001,yonhap,2002-12-30,all,1,pending,,data\raw_lake\source_archive\source=yonhap\year=2002\month=12\part.jsonl
yonhap_20021230_politics_p001,yonhap,2002-12-30,politics,1,pending,,data\raw_lake\source_archive\source=yonhap\year=2002\month=12\part.jsonl
yonhap_20021230_economy_p001,yonhap,2002-12-30,economy,1,pending,,data\raw_lake\source_archive\source=yonhap\year=2002\month=12\part.jsonl
yonhap_20021230_society_p001,yonhap,2002-12-30,society,1,pending,,data\raw_lake\source_archive\source=yonhap\year=2002\month=12\part.jsonl
yonhap_20021231_all_p001,yonhap,2002-12-31,all,1,pending,,data\raw_lake\source_archive\source=yonhap\year=2002\month=12\part.jsonl
yonhap_20021231_politics_p001,yonhap,2002-12-31,politics,1,pending,,data\raw_lake\source_archive\source=yonhap\year=2002\month=12\part.jsonl
yonhap_20021231_economy_p001,yonhap,2002-12-31,economy,1,pending,,data\raw_lake\source_archive\source=yonhap\year=2002\month=12\part.jsonl
yonhap_20021231_society_p001,yonhap,2002-12-31,society,1,pending,,data\raw_lake\source_archive\source=yonhap\year=2002\month=12\part.jsonl
