variant,layer,election_id,region_id,beneficiary_slot,burdened_slot,projected_margin,government_rejection_strength,dominance_activation,regime_certainty,veto_rate,base_runner_core_floor,rupture_floor_activation,theoretical_floor,effective_runner_floor,runner_flexible_mass,transfer,donor_slot,recipient_slots,candidate_ballot_recent_base,floor_mode,recipient_weight_mode,protected_floor,before,reservoir,gain,after
strong_0.50__rupture_0__weak_0.25__floor_candidate_ballot__recipient_affinity_only,strong_incumbent_veto,pres_2007,sido_11,A,B,0.1550560112006703,0.1830565695612803,0.6837328178902612,1.0,0.0625808920697294,0.224727422604459,0.0,0.01,0.224727422604459,0.11575376295856316,0.007243973746374882,,,,,,,,,,
strong_0.50__rupture_0__weak_0.25__floor_candidate_ballot__recipient_affinity_only,strong_incumbent_veto,pres_2007,sido_26,A,B,0.1550560112006703,0.1830565695612803,0.6837328178902612,1.0,0.0625808920697294,0.1230144019232013,0.0,0.01,0.1230144019232013,0.06769999442714049,0.004236726044366161,,,,,,,,,,
strong_0.50__rupture_0__weak_0.25__floor_candidate_ballot__recipient_affinity_only,strong_incumbent_veto,pres_2007,sido_27,A,B,0.1550560112006703,0.1830565695612803,0.6837328178902612,1.0,0.0625808920697294,0.0533297784427378,0.0,0.01,0.0533297784427378,0.036548243373766096,0.002287221673911859,,,,,,,,,,
strong_0.50__rupture_0__weak_0.25__floor_candidate_ballot__recipient_affinity_only,strong_incumbent_veto,pres_2007,sido_28,A,B,0.1550560112006703,0.1830565695612803,0.6837328178902612,1.0,0.0625808920697294,0.1882964963574757,0.0,0.01,0.1882964963574757,0.1253482410577939,0.007844404744768224,,,,,,,,,,
strong_0.50__rupture_0__weak_0.25__floor_candidate_ballot__recipient_affinity_only,strong_incumbent_veto,pres_2007,sido_29,A,B,0.1550560112006703,0.1830565695612803,0.6837328178902612,1.0,0.0625808920697294,0.5063986688693,0.0,0.01,0.5063986688693,0.24746182449968468,0.015486381730393087,,,,,,,,,,
strong_0.50__rupture_0__weak_0.25__floor_candidate_ballot__recipient_affinity_only,strong_incumbent_veto,pres_2007,sido_30,A,B,0.1550560112006703,0.1830565695612803,0.6837328178902612,1.0,0.0625808920697294,0.1749885957265136,0.0,0.01,0.1749885957265136,0.1550161062926277,0.009701046216968634,,,,,,,,,,
strong_0.50__rupture_0__weak_0.25__floor_candidate_ballot__recipient_affinity_only,strong_incumbent_veto,pres_2007,sido_31,A,B,0.1550560112006703,0.1830565695612803,0.6837328178902612,1.0,0.0625808920697294,0.0922216716368157,0.0,0.01,0.0922216716368157,0.0762003677779345,0.004768686991584605,,,,,,,,,,
strong_0.50__rupture_0__weak_0.25__floor_candidate_ballot__recipient_affinity_only,strong_incumbent_veto,pres_2007,sido_41,A,B,0.1550560112006703,0.1830565695612803,0.6837328178902612,1.0,0.0625808920697294,0.1969781637048186,0.0,0.01,0.1969781637048186,0.12484403173333555,0.007812850875453744,,,,,,,,,,
strong_0.50__rupture_0__weak_0.25__floor_candidate_ballot__recipient_affinity_only,strong_incumbent_veto,pres_2007,sido_42,A,B,0.1550560112006703,0.1830565695612803,0.6837328178902612,1.0,0.0625808920697294,0.1620964538589391,0.0,0.01,0.1620964538589391,0.0926504884460915,0.005798150217652563,,,,,,,,,,
strong_0.50__rupture_0__weak_0.25__floor_candidate_ballot__recipient_affinity_only,strong_incumbent_veto,pres_2007,sido_43,A,B,0.1550560112006703,0.1830565695612803,0.6837328178902612,1.0,0.0625808920697294,0.1871115693451475,0.0,0.01,0.1871115693451475,0.1250937284019757,0.007828477115724083,,,,,,,,,,
strong_0.50__rupture_0__weak_0.25__floor_candidate_ballot__recipient_affinity_only,strong_incumbent_veto,pres_2007,sido_44,A,B,0.1550560112006703,0.1830565695612803,0.6837328178902612,1.0,0.0625808920697294,0.1339414116449834,0.0,0.01,0.1339414116449834,0.1803984259604589,0.01128949442458055,,,,,,,,,,
strong_0.50__rupture_0__weak_0.25__floor_candidate_ballot__recipient_affinity_only,strong_incumbent_veto,pres_2007,sido_45,A,B,0.1550560112006703,0.1830565695612803,0.6837328178902612,1.0,0.0625808920697294,0.5050615589935803,0.0,0.01,0.5050615589935803,0.2489963619554737,0.015582414453290776,,,,,,,,,,
strong_0.50__rupture_0__weak_0.25__floor_candidate_ballot__recipient_affinity_only,strong_incumbent_veto,pres_2007,sido_46,A,B,0.1550560112006703,0.1830565695612803,0.6837328178902612,1.0,0.0625808920697294,0.5115021109033597,0.0,0.01,0.5115021109033597,0.2436089090943725,0.015245262847259446,,,,,,,,,,
strong_0.50__rupture_0__weak_0.25__floor_candidate_ballot__recipient_affinity_only,strong_incumbent_veto,pres_2007,sido_47,A,B,0.1550560112006703,0.1830565695612803,0.6837328178902612,1.0,0.0625808920697294,0.0689035077128128,0.0,0.01,0.0689035077128128,0.03689871266594581,0.0023091543548595123,,,,,,,,,,
strong_0.50__rupture_0__weak_0.25__floor_candidate_ballot__recipient_affinity_only,strong_incumbent_veto,pres_2007,sido_48,A,B,0.1550560112006703,0.1830565695612803,0.6837328178902612,1.0,0.0625808920697294,0.0994668855013218,0.0,0.01,0.0994668855013218,0.0644903902204684,0.004035866149921866,,,,,,,,,,
strong_0.50__rupture_0__weak_0.25__floor_candidate_ballot__recipient_affinity_only,strong_incumbent_veto,pres_2007,sido_50,A,B,0.1550560112006703,0.1830565695612803,0.6837328178902612,1.0,0.0625808920697294,0.0,0.0,0.01,0.0,0.2696919174747736,0.016877560779567178,,,,,,,,,,
strong_0.50__rupture_0__weak_0.25__floor_candidate_ballot__recipient_affinity_only,strong_incumbent_veto,pres_2017,sido_11,A,B,0.14222159439442095,0.1258437002381364,1.0,1.0,0.0629218501190682,0.2981507946412702,0.0,0.01,0.2981507946412702,0.020775818418153735,0.001307252932608046,,,,,,,,,,
strong_0.50__rupture_0__weak_0.25__floor_candidate_ballot__recipient_affinity_only,strong_incumbent_veto,pres_2017,sido_26,A,B,0.14222159439442095,0.1258437002381364,1.0,1.0,0.0629218501190682,0.3539560494922693,0.0,0.01,0.3539560494922693,0.03533489788607641,0.00222333714876028,,,,,,,,,,
strong_0.50__rupture_0__weak_0.25__floor_candidate_ballot__recipient_affinity_only,strong_incumbent_veto,pres_2017,sido_27,A,B,0.14222159439442095,0.1258437002381364,1.0,1.0,0.0629218501190682,0.4618834178563183,0.0,0.01,0.4618834178563183,0.035586450889516674,0.0022391653291397493,,,,,,,,,,
strong_0.50__rupture_0__weak_0.25__floor_candidate_ballot__recipient_affinity_only,strong_incumbent_veto,pres_2017,sido_28,A,B,0.14222159439442095,0.1258437002381364,1.0,1.0,0.0629218501190682,0.2930148075897038,0.0,0.01,0.2930148075897038,0.02963264010423733,0.0018645405392711107,,,,,,,,,,
strong_0.50__rupture_0__weak_0.25__floor_candidate_ballot__recipient_affinity_only,strong_incumbent_veto,pres_2017,sido_29,A,B,0.14222159439442095,0.1258437002381364,1.0,1.0,0.0629218501190682,0.0341806016229801,0.0,0.01,0.0341806016229801,0.020989257269728195,0.0013206829000364001,,,,,,,,,,
strong_0.50__rupture_0__weak_0.25__floor_candidate_ballot__recipient_affinity_only,strong_incumbent_veto,pres_2017,sido_30,A,B,0.14222159439442095,0.1258437002381364,1.0,1.0,0.0629218501190682,0.2396170369219419,0.0,0.01,0.2396170369219419,0.029086009721897926,0.001830145544283022,,,,,,,,,,
strong_0.50__rupture_0__weak_0.25__floor_candidate_ballot__recipient_affinity_only,strong_incumbent_veto,pres_2017,sido_31,A,B,0.14222159439442095,0.1258437002381364,1.0,1.0,0.0629218501190682,0.3553353097157836,0.0,0.01,0.3553353097157836,0.03151593008562664,0.001983040629210832,,,,,,,,,,
strong_0.50__rupture_0__weak_0.25__floor_candidate_ballot__recipient_affinity_only,strong_incumbent_veto,pres_2017,sido_36,A,B,0.14222159439442095,0.1258437002381364,1.0,1.0,0.0629218501190682,0.1724331995485346,0.0,0.01,0.1724331995485346,0.05851073368036361,0.0036816036149925546,,,,,,,,,,
strong_0.50__rupture_0__weak_0.25__floor_candidate_ballot__recipient_affinity_only,strong_incumbent_veto,pres_2017,sido_41,A,B,0.14222159439442095,0.1258437002381364,1.0,1.0,0.0629218501190682,0.2904867750077805,0.0,0.01,0.2904867750077805,0.029907444360296687,0.0018818317314829597,,,,,,,,,,
strong_0.50__rupture_0__weak_0.25__floor_candidate_ballot__recipient_affinity_only,strong_incumbent_veto,pres_2017,sido_42,A,B,0.14222159439442095,0.1258437002381364,1.0,1.0,0.0629218501190682,0.3376440484133232,0.0,0.01,0.3376440484133232,0.03245600676312743,0.0020421919930129684,,,,,,,,,,
strong_0.50__rupture_0__weak_0.25__floor_candidate_ballot__recipient_affinity_only,strong_incumbent_veto,pres_2017,sido_43,A,B,0.14222159439442095,0.1258437002381364,1.0,1.0,0.0629218501190682,0.2911638514975106,0.0,0.01,0.2911638514975106,0.03015423544612711,0.0018973602831963035,,,,,,,,,,
strong_0.50__rupture_0__weak_0.25__floor_candidate_ballot__recipient_affinity_only,strong_incumbent_veto,pres_2017,sido_44,A,B,0.14222159439442095,0.1258437002381364,1.0,1.0,0.0629218501190682,0.2550776099850012,0.0,0.01,0.2550776099850012,0.030969977487163403,0.001948688281638212,,,,,,,,,,
strong_0.50__rupture_0__weak_0.25__floor_candidate_ballot__recipient_affinity_only,strong_incumbent_veto,pres_2017,sido_45,A,B,0.14222159439442095,0.1258437002381364,1.0,1.0,0.0629218501190682,0.0682483484546126,0.0,0.01,0.0682483484546126,0.025322934131601596,0.001593365866003672,,,,,,,,,,
strong_0.50__rupture_0__weak_0.25__floor_candidate_ballot__recipient_affinity_only,strong_incumbent_veto,pres_2017,sido_46,A,B,0.14222159439442095,0.1258437002381364,1.0,1.0,0.0629218501190682,0.0438553923470368,0.0,0.01,0.0438553923470368,0.020205248004484,0.001271351586556744,,,,,,,,,,
strong_0.50__rupture_0__weak_0.25__floor_candidate_ballot__recipient_affinity_only,strong_incumbent_veto,pres_2017,sido_47,A,B,0.14222159439442095,0.1258437002381364,1.0,1.0,0.0629218501190682,0.4863134552896404,0.0,0.01,0.4863134552896404,0.03603439177059248,0.0022673505981210046,,,,,,,,,,
strong_0.50__rupture_0__weak_0.25__floor_candidate_ballot__recipient_affinity_only,strong_incumbent_veto,pres_2017,sido_48,A,B,0.14222159439442095,0.1258437002381364,1.0,1.0,0.0629218501190682,0.3752628188705947,0.0,0.01,0.3752628188705947,0.034783946318121595,0.0021886702567785613,,,,,,,,,,
strong_0.50__rupture_0__weak_0.25__floor_candidate_ballot__recipient_affinity_only,strong_incumbent_veto,pres_2017,sido_50,A,B,0.14222159439442095,0.1258437002381364,1.0,1.0,0.0629218501190682,0.2397495310485979,0.0,0.01,0.2397495310485979,0.045654470168853906,0.0028726637292300957,,,,,,,,,,
strong_0.50__rupture_0__weak_0.25__floor_candidate_ballot__recipient_affinity_only,weak_same_lane_refusal,pres_2002,sido_11,,,,,,,,,,,,,0.010842633456907926,C,A,0.0172553182802303,candidate_ballot,affinity_only,0.0172553182802303,0.060625852107862005,0.0433705338276317,0.25,0.04978321865095408
strong_0.50__rupture_0__weak_0.25__floor_candidate_ballot__recipient_affinity_only,weak_same_lane_refusal,pres_2002,sido_26,,,,,,,,,,,,,0.0167082641960545,C,A,0.039818482004606,candidate_ballot,affinity_only,0.039818482004606,0.106651538788824,0.066833056784218,0.25,0.08994327459276949
strong_0.50__rupture_0__weak_0.25__floor_candidate_ballot__recipient_affinity_only,weak_same_lane_refusal,pres_2002,sido_27,,,,,,,,,,,,,0.011476550800502226,C,A,0.0058164519761945,candidate_ballot,affinity_only,0.0058164519761945,0.0517226551782034,0.0459062032020089,0.25,0.04024610437770118
strong_0.50__rupture_0__weak_0.25__floor_candidate_ballot__recipient_affinity_only,weak_same_lane_refusal,pres_2002,sido_28,,,,,,,,,,,,,0.009323625249517652,C,A,0.0255062904560678,candidate_ballot,affinity_only,0.0255062904560678,0.0628007914541384,0.03729450099807061,0.25,0.05347716620462075
strong_0.50__rupture_0__weak_0.25__floor_candidate_ballot__recipient_affinity_only,weak_same_lane_refusal,pres_2002,sido_29,,,,,,,,,,,,,0.014181589031599096,C,A,0.0779749988731636,candidate_ballot,affinity_only,0.0779749988731636,0.13470135499955999,0.056726356126396385,0.25,0.12051976596796089
strong_0.50__rupture_0__weak_0.25__floor_candidate_ballot__recipient_affinity_only,weak_same_lane_refusal,pres_2002,sido_30,,,,,,,,,,,,,0.014112278446669096,C,A,0.0189676131685742,candidate_ballot,affinity_only,0.0189676131685742,0.07541672695525059,0.056449113786676386,0.25,0.061304448508581494
strong_0.50__rupture_0__weak_0.25__floor_candidate_ballot__recipient_affinity_only,weak_same_lane_refusal,pres_2002,sido_41,,,,,,,,,,,,,0.009335599488619926,C,A,0.0208780312728109,candidate_ballot,affinity_only,0.0208780312728109,0.0582204292272906,0.0373423979544797,0.25,0.04888482973867067
strong_0.50__rupture_0__weak_0.25__floor_candidate_ballot__recipient_affinity_only,weak_same_lane_refusal,pres_2002,sido_42,,,,,,,,,,,,,0.016604712040343528,C,A,0.0200289187580357,candidate_ballot,affinity_only,0.0200289187580357,0.08644776691940981,0.06641884816137411,0.25,0.06984305487906628
strong_0.50__rupture_0__weak_0.25__floor_candidate_ballot__recipient_affinity_only,weak_same_lane_refusal,pres_2002,sido_43,,,,,,,,,,,,,0.015358920284495776,C,A,0.0118716878700329,candidate_ballot,affinity_only,0.0118716878700329,0.073307369008016,0.0614356811379831,0.25,0.05794844872352023
strong_0.50__rupture_0__weak_0.25__floor_candidate_ballot__recipient_affinity_only,weak_same_lane_refusal,pres_2002,sido_44,,,,,,,,,,,,,0.0089644993647145,C,A,0.0095463081839152,candidate_ballot,affinity_only,0.0095463081839152,0.0454043056427732,0.035857997458858,0.25,0.0364398062780587
strong_0.50__rupture_0__weak_0.25__floor_candidate_ballot__recipient_affinity_only,weak_same_lane_refusal,pres_2002,sido_45,,,,,,,,,,,,,0.026208020258169047,C,A,0.0228231814936564,candidate_ballot,affinity_only,0.0228231814936564,0.12765526252633258,0.10483208103267619,0.25,0.10144724226816354
strong_0.50__rupture_0__weak_0.25__floor_candidate_ballot__recipient_affinity_only,weak_same_lane_refusal,pres_2002,sido_46,,,,,,,,,,,,,0.030568214159661277,C,A,0.0132624825931937,candidate_ballot,affinity_only,0.0132624825931937,0.1355353392318388,0.12227285663864511,0.25,0.10496712507217752
strong_0.50__rupture_0__weak_0.25__floor_candidate_ballot__recipient_affinity_only,weak_same_lane_refusal,pres_2002,sido_47,,,,,,,,,,,,,0.003816306604965524,C,A,0.0296959172831779,candidate_ballot,affinity_only,0.0296959172831779,0.044961143703039996,0.015265226419862096,0.25,0.04114483709807447
strong_0.50__rupture_0__weak_0.25__floor_candidate_ballot__recipient_affinity_only,weak_same_lane_refusal,pres_2002,sido_48,,,,,,,,,,,,,0.013774585068221377,C,A,0.0344685791555901,candidate_ballot,affinity_only,0.0344685791555901,0.08956691942847561,0.05509834027288551,0.25,0.07579233436025423
strong_0.50__rupture_0__weak_0.25__floor_candidate_ballot__recipient_affinity_only,weak_same_lane_refusal,pres_2002,sido_50,,,,,,,,,,,,,0.03681425244378042,C,A,0.0,candidate_ballot,affinity_only,0.0,0.14725700977512168,0.14725700977512168,0.25,0.11044275733134126
strong_0.50__rupture_0__weak_0.25__floor_candidate_ballot__recipient_affinity_only,weak_same_lane_refusal,pres_2022,sido_11,,,,,,,,,,,,,0.005216039967730201,C,B,0.029384832583875,candidate_ballot,affinity_only,0.029384832583875,0.050248992454795804,0.020864159870920804,0.25,0.045032952487065604
strong_0.50__rupture_0__weak_0.25__floor_candidate_ballot__recipient_affinity_only,weak_same_lane_refusal,pres_2022,sido_26,,,,,,,,,,,,,0.0018344615027772494,C,B,0.0399820977460082,candidate_ballot,affinity_only,0.0399820977460082,0.0473199437571172,0.007337846011108998,0.25,0.045485482254339946
strong_0.50__rupture_0__weak_0.25__floor_candidate_ballot__recipient_affinity_only,weak_same_lane_refusal,pres_2022,sido_28,,,,,,,,,,,,,0.0012328698203317758,C,B,0.0485003528440327,candidate_ballot,affinity_only,0.0485003528440327,0.053431832125359804,0.004931479281327103,0.25,0.05219896230502803
strong_0.50__rupture_0__weak_0.25__floor_candidate_ballot__recipient_affinity_only,weak_same_lane_refusal,pres_2022,sido_30,,,,,,,,,,,,,0.005386760332049399,C,B,0.0287620743601844,candidate_ballot,affinity_only,0.0287620743601844,0.050309115688382,0.021547041328197597,0.25,0.0449223553563326
strong_0.50__rupture_0__weak_0.25__floor_candidate_ballot__recipient_affinity_only,weak_same_lane_refusal,pres_2022,sido_36,,,,,,,,,,,,,0.002205745011815176,C,B,0.0509430370441767,candidate_ballot,affinity_only,0.0509430370441767,0.059766017091437404,0.008822980047260703,0.25,0.05756027207962223
strong_0.50__rupture_0__weak_0.25__floor_candidate_ballot__recipient_affinity_only,weak_same_lane_refusal,pres_2022,sido_41,,,,,,,,,,,,,0.0021519602142176016,C,B,0.0359763522960836,candidate_ballot,affinity_only,0.0359763522960836,0.044584193152954005,0.008607840856870407,0.25,0.0424322329387364
strong_0.50__rupture_0__weak_0.25__floor_candidate_ballot__recipient_affinity_only,weak_same_lane_refusal,pres_2022,sido_42,,,,,,,,,,,,,0.0039742774092567,C,B,0.0308172356117518,candidate_ballot,affinity_only,0.0308172356117518,0.0467143452487786,0.0158971096370268,0.25,0.0427400678395219
strong_0.50__rupture_0__weak_0.25__floor_candidate_ballot__recipient_affinity_only,weak_same_lane_refusal,pres_2022,sido_43,,,,,,,,,,,,,0.003193985570342424,C,B,0.0345580698080987,candidate_ballot,affinity_only,0.0345580698080987,0.0473340120894684,0.012775942281369697,0.25,0.04414002651912598
strong_0.50__rupture_0__weak_0.25__floor_candidate_ballot__recipient_affinity_only,weak_same_lane_refusal,pres_2022,sido_44,,,,,,,,,,,,,0.004022255382646875,C,B,0.0309340683403439,candidate_ballot,affinity_only,0.0309340683403439,0.0470230898709314,0.0160890215305875,0.25,0.043000834488284526
strong_0.50__rupture_0__weak_0.25__floor_candidate_ballot__recipient_affinity_only,weak_same_lane_refusal,pres_2022,sido_45,,,,,,,,,,,,,0.006611886926224551,C,B,0.0459485902537228,candidate_ballot,affinity_only,0.0459485902537228,0.072396137958621,0.026447547704898204,0.25,0.06578425103239645
strong_0.50__rupture_0__weak_0.25__floor_candidate_ballot__recipient_affinity_only,weak_same_lane_refusal,pres_2022,sido_46,,,,,,,,,,,,,0.003124877750816251,C,B,0.0592373366011094,candidate_ballot,affinity_only,0.0592373366011094,0.0717368476043744,0.012499511003265004,0.25,0.06861196985355815
strong_0.50__rupture_0__weak_0.25__floor_candidate_ballot__recipient_affinity_only,weak_same_lane_refusal,pres_2022,sido_47,,,,,,,,,,,,,0.00025967077121429906,C,B,0.0343795636905044,candidate_ballot,affinity_only,0.0343795636905044,0.035418246775361595,0.0010386830848571962,0.25,0.0351585760041473
strong_0.50__rupture_0__weak_0.25__floor_candidate_ballot__recipient_affinity_only,weak_same_lane_refusal,pres_2022,sido_50,,,,,,,,,,,,,0.005824835521926801,C,B,0.0503767176193264,candidate_ballot,affinity_only,0.0503767176193264,0.0736760597070336,0.023299342087707203,0.25,0.0678512241851068
strong_0.50__rupture_0__weak_0.25__floor_candidate_ballot__recipient_prediction_tilted,strong_incumbent_veto,pres_2007,sido_11,A,B,0.1550560112006703,0.1830565695612803,0.6837328178902612,1.0,0.0625808920697294,0.224727422604459,0.0,0.01,0.224727422604459,0.11575376295856316,0.007243973746374882,,,,,,,,,,
strong_0.50__rupture_0__weak_0.25__floor_candidate_ballot__recipient_prediction_tilted,strong_incumbent_veto,pres_2007,sido_26,A,B,0.1550560112006703,0.1830565695612803,0.6837328178902612,1.0,0.0625808920697294,0.1230144019232013,0.0,0.01,0.1230144019232013,0.06769999442714049,0.004236726044366161,,,,,,,,,,
strong_0.50__rupture_0__weak_0.25__floor_candidate_ballot__recipient_prediction_tilted,strong_incumbent_veto,pres_2007,sido_27,A,B,0.1550560112006703,0.1830565695612803,0.6837328178902612,1.0,0.0625808920697294,0.0533297784427378,0.0,0.01,0.0533297784427378,0.036548243373766096,0.002287221673911859,,,,,,,,,,
strong_0.50__rupture_0__weak_0.25__floor_candidate_ballot__recipient_prediction_tilted,strong_incumbent_veto,pres_2007,sido_28,A,B,0.1550560112006703,0.1830565695612803,0.6837328178902612,1.0,0.0625808920697294,0.1882964963574757,0.0,0.01,0.1882964963574757,0.1253482410577939,0.007844404744768224,,,,,,,,,,
strong_0.50__rupture_0__weak_0.25__floor_candidate_ballot__recipient_prediction_tilted,strong_incumbent_veto,pres_2007,sido_29,A,B,0.1550560112006703,0.1830565695612803,0.6837328178902612,1.0,0.0625808920697294,0.5063986688693,0.0,0.01,0.5063986688693,0.24746182449968468,0.015486381730393087,,,,,,,,,,
strong_0.50__rupture_0__weak_0.25__floor_candidate_ballot__recipient_prediction_tilted,strong_incumbent_veto,pres_2007,sido_30,A,B,0.1550560112006703,0.1830565695612803,0.6837328178902612,1.0,0.0625808920697294,0.1749885957265136,0.0,0.01,0.1749885957265136,0.1550161062926277,0.009701046216968634,,,,,,,,,,
strong_0.50__rupture_0__weak_0.25__floor_candidate_ballot__recipient_prediction_tilted,strong_incumbent_veto,pres_2007,sido_31,A,B,0.1550560112006703,0.1830565695612803,0.6837328178902612,1.0,0.0625808920697294,0.0922216716368157,0.0,0.01,0.0922216716368157,0.0762003677779345,0.004768686991584605,,,,,,,,,,
strong_0.50__rupture_0__weak_0.25__floor_candidate_ballot__recipient_prediction_tilted,strong_incumbent_veto,pres_2007,sido_41,A,B,0.1550560112006703,0.1830565695612803,0.6837328178902612,1.0,0.0625808920697294,0.1969781637048186,0.0,0.01,0.1969781637048186,0.12484403173333555,0.007812850875453744,,,,,,,,,,
strong_0.50__rupture_0__weak_0.25__floor_candidate_ballot__recipient_prediction_tilted,strong_incumbent_veto,pres_2007,sido_42,A,B,0.1550560112006703,0.1830565695612803,0.6837328178902612,1.0,0.0625808920697294,0.1620964538589391,0.0,0.01,0.1620964538589391,0.0926504884460915,0.005798150217652563,,,,,,,,,,
strong_0.50__rupture_0__weak_0.25__floor_candidate_ballot__recipient_prediction_tilted,strong_incumbent_veto,pres_2007,sido_43,A,B,0.1550560112006703,0.1830565695612803,0.6837328178902612,1.0,0.0625808920697294,0.1871115693451475,0.0,0.01,0.1871115693451475,0.1250937284019757,0.007828477115724083,,,,,,,,,,
strong_0.50__rupture_0__weak_0.25__floor_candidate_ballot__recipient_prediction_tilted,strong_incumbent_veto,pres_2007,sido_44,A,B,0.1550560112006703,0.1830565695612803,0.6837328178902612,1.0,0.0625808920697294,0.1339414116449834,0.0,0.01,0.1339414116449834,0.1803984259604589,0.01128949442458055,,,,,,,,,,
strong_0.50__rupture_0__weak_0.25__floor_candidate_ballot__recipient_prediction_tilted,strong_incumbent_veto,pres_2007,sido_45,A,B,0.1550560112006703,0.1830565695612803,0.6837328178902612,1.0,0.0625808920697294,0.5050615589935803,0.0,0.01,0.5050615589935803,0.2489963619554737,0.015582414453290776,,,,,,,,,,
strong_0.50__rupture_0__weak_0.25__floor_candidate_ballot__recipient_prediction_tilted,strong_incumbent_veto,pres_2007,sido_46,A,B,0.1550560112006703,0.1830565695612803,0.6837328178902612,1.0,0.0625808920697294,0.5115021109033597,0.0,0.01,0.5115021109033597,0.2436089090943725,0.015245262847259446,,,,,,,,,,
strong_0.50__rupture_0__weak_0.25__floor_candidate_ballot__recipient_prediction_tilted,strong_incumbent_veto,pres_2007,sido_47,A,B,0.1550560112006703,0.1830565695612803,0.6837328178902612,1.0,0.0625808920697294,0.0689035077128128,0.0,0.01,0.0689035077128128,0.03689871266594581,0.0023091543548595123,,,,,,,,,,
strong_0.50__rupture_0__weak_0.25__floor_candidate_ballot__recipient_prediction_tilted,strong_incumbent_veto,pres_2007,sido_48,A,B,0.1550560112006703,0.1830565695612803,0.6837328178902612,1.0,0.0625808920697294,0.0994668855013218,0.0,0.01,0.0994668855013218,0.0644903902204684,0.004035866149921866,,,,,,,,,,
strong_0.50__rupture_0__weak_0.25__floor_candidate_ballot__recipient_prediction_tilted,strong_incumbent_veto,pres_2007,sido_50,A,B,0.1550560112006703,0.1830565695612803,0.6837328178902612,1.0,0.0625808920697294,0.0,0.0,0.01,0.0,0.2696919174747736,0.016877560779567178,,,,,,,,,,
strong_0.50__rupture_0__weak_0.25__floor_candidate_ballot__recipient_prediction_tilted,strong_incumbent_veto,pres_2017,sido_11,A,B,0.14222159439442095,0.1258437002381364,1.0,1.0,0.0629218501190682,0.2981507946412702,0.0,0.01,0.2981507946412702,0.020775818418153735,0.001307252932608046,,,,,,,,,,
strong_0.50__rupture_0__weak_0.25__floor_candidate_ballot__recipient_prediction_tilted,strong_incumbent_veto,pres_2017,sido_26,A,B,0.14222159439442095,0.1258437002381364,1.0,1.0,0.0629218501190682,0.3539560494922693,0.0,0.01,0.3539560494922693,0.03533489788607641,0.00222333714876028,,,,,,,,,,
strong_0.50__rupture_0__weak_0.25__floor_candidate_ballot__recipient_prediction_tilted,strong_incumbent_veto,pres_2017,sido_27,A,B,0.14222159439442095,0.1258437002381364,1.0,1.0,0.0629218501190682,0.4618834178563183,0.0,0.01,0.4618834178563183,0.035586450889516674,0.0022391653291397493,,,,,,,,,,
strong_0.50__rupture_0__weak_0.25__floor_candidate_ballot__recipient_prediction_tilted,strong_incumbent_veto,pres_2017,sido_28,A,B,0.14222159439442095,0.1258437002381364,1.0,1.0,0.0629218501190682,0.2930148075897038,0.0,0.01,0.2930148075897038,0.02963264010423733,0.0018645405392711107,,,,,,,,,,
strong_0.50__rupture_0__weak_0.25__floor_candidate_ballot__recipient_prediction_tilted,strong_incumbent_veto,pres_2017,sido_29,A,B,0.14222159439442095,0.1258437002381364,1.0,1.0,0.0629218501190682,0.0341806016229801,0.0,0.01,0.0341806016229801,0.020989257269728195,0.0013206829000364001,,,,,,,,,,
strong_0.50__rupture_0__weak_0.25__floor_candidate_ballot__recipient_prediction_tilted,strong_incumbent_veto,pres_2017,sido_30,A,B,0.14222159439442095,0.1258437002381364,1.0,1.0,0.0629218501190682,0.2396170369219419,0.0,0.01,0.2396170369219419,0.029086009721897926,0.001830145544283022,,,,,,,,,,
strong_0.50__rupture_0__weak_0.25__floor_candidate_ballot__recipient_prediction_tilted,strong_incumbent_veto,pres_2017,sido_31,A,B,0.14222159439442095,0.1258437002381364,1.0,1.0,0.0629218501190682,0.3553353097157836,0.0,0.01,0.3553353097157836,0.03151593008562664,0.001983040629210832,,,,,,,,,,
strong_0.50__rupture_0__weak_0.25__floor_candidate_ballot__recipient_prediction_tilted,strong_incumbent_veto,pres_2017,sido_36,A,B,0.14222159439442095,0.1258437002381364,1.0,1.0,0.0629218501190682,0.1724331995485346,0.0,0.01,0.1724331995485346,0.05851073368036361,0.0036816036149925546,,,,,,,,,,
strong_0.50__rupture_0__weak_0.25__floor_candidate_ballot__recipient_prediction_tilted,strong_incumbent_veto,pres_2017,sido_41,A,B,0.14222159439442095,0.1258437002381364,1.0,1.0,0.0629218501190682,0.2904867750077805,0.0,0.01,0.2904867750077805,0.029907444360296687,0.0018818317314829597,,,,,,,,,,
strong_0.50__rupture_0__weak_0.25__floor_candidate_ballot__recipient_prediction_tilted,strong_incumbent_veto,pres_2017,sido_42,A,B,0.14222159439442095,0.1258437002381364,1.0,1.0,0.0629218501190682,0.3376440484133232,0.0,0.01,0.3376440484133232,0.03245600676312743,0.0020421919930129684,,,,,,,,,,
strong_0.50__rupture_0__weak_0.25__floor_candidate_ballot__recipient_prediction_tilted,strong_incumbent_veto,pres_2017,sido_43,A,B,0.14222159439442095,0.1258437002381364,1.0,1.0,0.0629218501190682,0.2911638514975106,0.0,0.01,0.2911638514975106,0.03015423544612711,0.0018973602831963035,,,,,,,,,,
strong_0.50__rupture_0__weak_0.25__floor_candidate_ballot__recipient_prediction_tilted,strong_incumbent_veto,pres_2017,sido_44,A,B,0.14222159439442095,0.1258437002381364,1.0,1.0,0.0629218501190682,0.2550776099850012,0.0,0.01,0.2550776099850012,0.030969977487163403,0.001948688281638212,,,,,,,,,,
strong_0.50__rupture_0__weak_0.25__floor_candidate_ballot__recipient_prediction_tilted,strong_incumbent_veto,pres_2017,sido_45,A,B,0.14222159439442095,0.1258437002381364,1.0,1.0,0.0629218501190682,0.0682483484546126,0.0,0.01,0.0682483484546126,0.025322934131601596,0.001593365866003672,,,,,,,,,,
strong_0.50__rupture_0__weak_0.25__floor_candidate_ballot__recipient_prediction_tilted,strong_incumbent_veto,pres_2017,sido_46,A,B,0.14222159439442095,0.1258437002381364,1.0,1.0,0.0629218501190682,0.0438553923470368,0.0,0.01,0.0438553923470368,0.020205248004484,0.001271351586556744,,,,,,,,,,
strong_0.50__rupture_0__weak_0.25__floor_candidate_ballot__recipient_prediction_tilted,strong_incumbent_veto,pres_2017,sido_47,A,B,0.14222159439442095,0.1258437002381364,1.0,1.0,0.0629218501190682,0.4863134552896404,0.0,0.01,0.4863134552896404,0.03603439177059248,0.0022673505981210046,,,,,,,,,,
strong_0.50__rupture_0__weak_0.25__floor_candidate_ballot__recipient_prediction_tilted,strong_incumbent_veto,pres_2017,sido_48,A,B,0.14222159439442095,0.1258437002381364,1.0,1.0,0.0629218501190682,0.3752628188705947,0.0,0.01,0.3752628188705947,0.034783946318121595,0.0021886702567785613,,,,,,,,,,
strong_0.50__rupture_0__weak_0.25__floor_candidate_ballot__recipient_prediction_tilted,strong_incumbent_veto,pres_2017,sido_50,A,B,0.14222159439442095,0.1258437002381364,1.0,1.0,0.0629218501190682,0.2397495310485979,0.0,0.01,0.2397495310485979,0.045654470168853906,0.0028726637292300957,,,,,,,,,,
strong_0.50__rupture_0__weak_0.25__floor_candidate_ballot__recipient_prediction_tilted,weak_same_lane_refusal,pres_2002,sido_11,,,,,,,,,,,,,0.010842633456907926,C,A|B,0.0172553182802303,candidate_ballot,prediction_tilted,0.0172553182802303,0.060625852107862005,0.0433705338276317,0.25,0.04978321865095408
strong_0.50__rupture_0__weak_0.25__floor_candidate_ballot__recipient_prediction_tilted,weak_same_lane_refusal,pres_2002,sido_26,,,,,,,,,,,,,0.0167082641960545,C,A|B,0.039818482004606,candidate_ballot,prediction_tilted,0.039818482004606,0.106651538788824,0.066833056784218,0.25,0.08994327459276949
strong_0.50__rupture_0__weak_0.25__floor_candidate_ballot__recipient_prediction_tilted,weak_same_lane_refusal,pres_2002,sido_27,,,,,,,,,,,,,0.011476550800502226,C,A|B,0.0058164519761945,candidate_ballot,prediction_tilted,0.0058164519761945,0.0517226551782034,0.0459062032020089,0.25,0.04024610437770118
strong_0.50__rupture_0__weak_0.25__floor_candidate_ballot__recipient_prediction_tilted,weak_same_lane_refusal,pres_2002,sido_28,,,,,,,,,,,,,0.009323625249517652,C,A|B,0.0255062904560678,candidate_ballot,prediction_tilted,0.0255062904560678,0.0628007914541384,0.03729450099807061,0.25,0.05347716620462075
strong_0.50__rupture_0__weak_0.25__floor_candidate_ballot__recipient_prediction_tilted,weak_same_lane_refusal,pres_2002,sido_29,,,,,,,,,,,,,0.014181589031599096,C,A|B,0.0779749988731636,candidate_ballot,prediction_tilted,0.0779749988731636,0.13470135499955999,0.056726356126396385,0.25,0.12051976596796089
strong_0.50__rupture_0__weak_0.25__floor_candidate_ballot__recipient_prediction_tilted,weak_same_lane_refusal,pres_2002,sido_30,,,,,,,,,,,,,0.014112278446669096,C,A|B,0.0189676131685742,candidate_ballot,prediction_tilted,0.0189676131685742,0.07541672695525059,0.056449113786676386,0.25,0.061304448508581494
strong_0.50__rupture_0__weak_0.25__floor_candidate_ballot__recipient_prediction_tilted,weak_same_lane_refusal,pres_2002,sido_41,,,,,,,,,,,,,0.009335599488619926,C,A|B,0.0208780312728109,candidate_ballot,prediction_tilted,0.0208780312728109,0.0582204292272906,0.0373423979544797,0.25,0.04888482973867067
strong_0.50__rupture_0__weak_0.25__floor_candidate_ballot__recipient_prediction_tilted,weak_same_lane_refusal,pres_2002,sido_42,,,,,,,,,,,,,0.016604712040343528,C,A|B,0.0200289187580357,candidate_ballot,prediction_tilted,0.0200289187580357,0.08644776691940981,0.06641884816137411,0.25,0.06984305487906628
strong_0.50__rupture_0__weak_0.25__floor_candidate_ballot__recipient_prediction_tilted,weak_same_lane_refusal,pres_2002,sido_43,,,,,,,,,,,,,0.015358920284495776,C,A|B,0.0118716878700329,candidate_ballot,prediction_tilted,0.0118716878700329,0.073307369008016,0.0614356811379831,0.25,0.05794844872352023
strong_0.50__rupture_0__weak_0.25__floor_candidate_ballot__recipient_prediction_tilted,weak_same_lane_refusal,pres_2002,sido_44,,,,,,,,,,,,,0.0089644993647145,C,A|B,0.0095463081839152,candidate_ballot,prediction_tilted,0.0095463081839152,0.0454043056427732,0.035857997458858,0.25,0.0364398062780587
strong_0.50__rupture_0__weak_0.25__floor_candidate_ballot__recipient_prediction_tilted,weak_same_lane_refusal,pres_2002,sido_45,,,,,,,,,,,,,0.026208020258169047,C,A|B,0.0228231814936564,candidate_ballot,prediction_tilted,0.0228231814936564,0.12765526252633258,0.10483208103267619,0.25,0.10144724226816354
strong_0.50__rupture_0__weak_0.25__floor_candidate_ballot__recipient_prediction_tilted,weak_same_lane_refusal,pres_2002,sido_46,,,,,,,,,,,,,0.030568214159661277,C,A|B,0.0132624825931937,candidate_ballot,prediction_tilted,0.0132624825931937,0.1355353392318388,0.12227285663864511,0.25,0.10496712507217752
strong_0.50__rupture_0__weak_0.25__floor_candidate_ballot__recipient_prediction_tilted,weak_same_lane_refusal,pres_2002,sido_47,,,,,,,,,,,,,0.003816306604965524,C,A|B,0.0296959172831779,candidate_ballot,prediction_tilted,0.0296959172831779,0.044961143703039996,0.015265226419862096,0.25,0.04114483709807447
strong_0.50__rupture_0__weak_0.25__floor_candidate_ballot__recipient_prediction_tilted,weak_same_lane_refusal,pres_2002,sido_48,,,,,,,,,,,,,0.013774585068221377,C,A|B,0.0344685791555901,candidate_ballot,prediction_tilted,0.0344685791555901,0.08956691942847561,0.05509834027288551,0.25,0.07579233436025423
strong_0.50__rupture_0__weak_0.25__floor_candidate_ballot__recipient_prediction_tilted,weak_same_lane_refusal,pres_2002,sido_50,,,,,,,,,,,,,0.03681425244378042,C,A|B,0.0,candidate_ballot,prediction_tilted,0.0,0.14725700977512168,0.14725700977512168,0.25,0.11044275733134126
strong_0.50__rupture_0__weak_0.25__floor_candidate_ballot__recipient_prediction_tilted,weak_same_lane_refusal,pres_2022,sido_11,,,,,,,,,,,,,0.005216039967730201,C,A|B,0.029384832583875,candidate_ballot,prediction_tilted,0.029384832583875,0.050248992454795804,0.020864159870920804,0.25,0.045032952487065604
strong_0.50__rupture_0__weak_0.25__floor_candidate_ballot__recipient_prediction_tilted,weak_same_lane_refusal,pres_2022,sido_26,,,,,,,,,,,,,0.0018344615027772494,C,A|B,0.0399820977460082,candidate_ballot,prediction_tilted,0.0399820977460082,0.0473199437571172,0.007337846011108998,0.25,0.045485482254339946
strong_0.50__rupture_0__weak_0.25__floor_candidate_ballot__recipient_prediction_tilted,weak_same_lane_refusal,pres_2022,sido_28,,,,,,,,,,,,,0.0012328698203317758,C,A|B,0.0485003528440327,candidate_ballot,prediction_tilted,0.0485003528440327,0.053431832125359804,0.004931479281327103,0.25,0.05219896230502803
strong_0.50__rupture_0__weak_0.25__floor_candidate_ballot__recipient_prediction_tilted,weak_same_lane_refusal,pres_2022,sido_30,,,,,,,,,,,,,0.005386760332049399,C,A|B,0.0287620743601844,candidate_ballot,prediction_tilted,0.0287620743601844,0.050309115688382,0.021547041328197597,0.25,0.0449223553563326
strong_0.50__rupture_0__weak_0.25__floor_candidate_ballot__recipient_prediction_tilted,weak_same_lane_refusal,pres_2022,sido_36,,,,,,,,,,,,,0.002205745011815176,C,A|B,0.0509430370441767,candidate_ballot,prediction_tilted,0.0509430370441767,0.059766017091437404,0.008822980047260703,0.25,0.05756027207962223
strong_0.50__rupture_0__weak_0.25__floor_candidate_ballot__recipient_prediction_tilted,weak_same_lane_refusal,pres_2022,sido_41,,,,,,,,,,,,,0.0021519602142176016,C,A|B,0.0359763522960836,candidate_ballot,prediction_tilted,0.0359763522960836,0.044584193152954005,0.008607840856870407,0.25,0.0424322329387364
strong_0.50__rupture_0__weak_0.25__floor_candidate_ballot__recipient_prediction_tilted,weak_same_lane_refusal,pres_2022,sido_42,,,,,,,,,,,,,0.0039742774092567,C,A|B,0.0308172356117518,candidate_ballot,prediction_tilted,0.0308172356117518,0.0467143452487786,0.0158971096370268,0.25,0.0427400678395219
strong_0.50__rupture_0__weak_0.25__floor_candidate_ballot__recipient_prediction_tilted,weak_same_lane_refusal,pres_2022,sido_43,,,,,,,,,,,,,0.003193985570342424,C,A|B,0.0345580698080987,candidate_ballot,prediction_tilted,0.0345580698080987,0.0473340120894684,0.012775942281369697,0.25,0.04414002651912598
strong_0.50__rupture_0__weak_0.25__floor_candidate_ballot__recipient_prediction_tilted,weak_same_lane_refusal,pres_2022,sido_44,,,,,,,,,,,,,0.004022255382646875,C,A|B,0.0309340683403439,candidate_ballot,prediction_tilted,0.0309340683403439,0.0470230898709314,0.0160890215305875,0.25,0.043000834488284526
strong_0.50__rupture_0__weak_0.25__floor_candidate_ballot__recipient_prediction_tilted,weak_same_lane_refusal,pres_2022,sido_45,,,,,,,,,,,,,0.006611886926224551,C,A|B,0.0459485902537228,candidate_ballot,prediction_tilted,0.0459485902537228,0.072396137958621,0.026447547704898204,0.25,0.06578425103239645
strong_0.50__rupture_0__weak_0.25__floor_candidate_ballot__recipient_prediction_tilted,weak_same_lane_refusal,pres_2022,sido_46,,,,,,,,,,,,,0.003124877750816251,C,A|B,0.0592373366011094,candidate_ballot,prediction_tilted,0.0592373366011094,0.0717368476043744,0.012499511003265004,0.25,0.06861196985355815
strong_0.50__rupture_0__weak_0.25__floor_candidate_ballot__recipient_prediction_tilted,weak_same_lane_refusal,pres_2022,sido_47,,,,,,,,,,,,,0.00025967077121429906,C,A|B,0.0343795636905044,candidate_ballot,prediction_tilted,0.0343795636905044,0.035418246775361595,0.0010386830848571962,0.25,0.0351585760041473
strong_0.50__rupture_0__weak_0.25__floor_candidate_ballot__recipient_prediction_tilted,weak_same_lane_refusal,pres_2022,sido_50,,,,,,,,,,,,,0.005824835521926801,C,A|B,0.0503767176193264,candidate_ballot,prediction_tilted,0.0503767176193264,0.0736760597070336,0.023299342087707203,0.25,0.0678512241851068
strong_0.50__rupture_0__weak_0.25__floor_theoretical__recipient_affinity_only,strong_incumbent_veto,pres_2007,sido_11,A,B,0.1550560112006703,0.1830565695612803,0.6837328178902612,1.0,0.0625808920697294,0.224727422604459,0.0,0.01,0.224727422604459,0.11575376295856316,0.007243973746374882,,,,,,,,,,
strong_0.50__rupture_0__weak_0.25__floor_theoretical__recipient_affinity_only,strong_incumbent_veto,pres_2007,sido_26,A,B,0.1550560112006703,0.1830565695612803,0.6837328178902612,1.0,0.0625808920697294,0.1230144019232013,0.0,0.01,0.1230144019232013,0.06769999442714049,0.004236726044366161,,,,,,,,,,
strong_0.50__rupture_0__weak_0.25__floor_theoretical__recipient_affinity_only,strong_incumbent_veto,pres_2007,sido_27,A,B,0.1550560112006703,0.1830565695612803,0.6837328178902612,1.0,0.0625808920697294,0.0533297784427378,0.0,0.01,0.0533297784427378,0.036548243373766096,0.002287221673911859,,,,,,,,,,
strong_0.50__rupture_0__weak_0.25__floor_theoretical__recipient_affinity_only,strong_incumbent_veto,pres_2007,sido_28,A,B,0.1550560112006703,0.1830565695612803,0.6837328178902612,1.0,0.0625808920697294,0.1882964963574757,0.0,0.01,0.1882964963574757,0.1253482410577939,0.007844404744768224,,,,,,,,,,
strong_0.50__rupture_0__weak_0.25__floor_theoretical__recipient_affinity_only,strong_incumbent_veto,pres_2007,sido_29,A,B,0.1550560112006703,0.1830565695612803,0.6837328178902612,1.0,0.0625808920697294,0.5063986688693,0.0,0.01,0.5063986688693,0.24746182449968468,0.015486381730393087,,,,,,,,,,
strong_0.50__rupture_0__weak_0.25__floor_theoretical__recipient_affinity_only,strong_incumbent_veto,pres_2007,sido_30,A,B,0.1550560112006703,0.1830565695612803,0.6837328178902612,1.0,0.0625808920697294,0.1749885957265136,0.0,0.01,0.1749885957265136,0.1550161062926277,0.009701046216968634,,,,,,,,,,
strong_0.50__rupture_0__weak_0.25__floor_theoretical__recipient_affinity_only,strong_incumbent_veto,pres_2007,sido_31,A,B,0.1550560112006703,0.1830565695612803,0.6837328178902612,1.0,0.0625808920697294,0.0922216716368157,0.0,0.01,0.0922216716368157,0.0762003677779345,0.004768686991584605,,,,,,,,,,
strong_0.50__rupture_0__weak_0.25__floor_theoretical__recipient_affinity_only,strong_incumbent_veto,pres_2007,sido_41,A,B,0.1550560112006703,0.1830565695612803,0.6837328178902612,1.0,0.0625808920697294,0.1969781637048186,0.0,0.01,0.1969781637048186,0.12484403173333555,0.007812850875453744,,,,,,,,,,
strong_0.50__rupture_0__weak_0.25__floor_theoretical__recipient_affinity_only,strong_incumbent_veto,pres_2007,sido_42,A,B,0.1550560112006703,0.1830565695612803,0.6837328178902612,1.0,0.0625808920697294,0.1620964538589391,0.0,0.01,0.1620964538589391,0.0926504884460915,0.005798150217652563,,,,,,,,,,
strong_0.50__rupture_0__weak_0.25__floor_theoretical__recipient_affinity_only,strong_incumbent_veto,pres_2007,sido_43,A,B,0.1550560112006703,0.1830565695612803,0.6837328178902612,1.0,0.0625808920697294,0.1871115693451475,0.0,0.01,0.1871115693451475,0.1250937284019757,0.007828477115724083,,,,,,,,,,
strong_0.50__rupture_0__weak_0.25__floor_theoretical__recipient_affinity_only,strong_incumbent_veto,pres_2007,sido_44,A,B,0.1550560112006703,0.1830565695612803,0.6837328178902612,1.0,0.0625808920697294,0.1339414116449834,0.0,0.01,0.1339414116449834,0.1803984259604589,0.01128949442458055,,,,,,,,,,
strong_0.50__rupture_0__weak_0.25__floor_theoretical__recipient_affinity_only,strong_incumbent_veto,pres_2007,sido_45,A,B,0.1550560112006703,0.1830565695612803,0.6837328178902612,1.0,0.0625808920697294,0.5050615589935803,0.0,0.01,0.5050615589935803,0.2489963619554737,0.015582414453290776,,,,,,,,,,
strong_0.50__rupture_0__weak_0.25__floor_theoretical__recipient_affinity_only,strong_incumbent_veto,pres_2007,sido_46,A,B,0.1550560112006703,0.1830565695612803,0.6837328178902612,1.0,0.0625808920697294,0.5115021109033597,0.0,0.01,0.5115021109033597,0.2436089090943725,0.015245262847259446,,,,,,,,,,
strong_0.50__rupture_0__weak_0.25__floor_theoretical__recipient_affinity_only,strong_incumbent_veto,pres_2007,sido_47,A,B,0.1550560112006703,0.1830565695612803,0.6837328178902612,1.0,0.0625808920697294,0.0689035077128128,0.0,0.01,0.0689035077128128,0.03689871266594581,0.0023091543548595123,,,,,,,,,,
strong_0.50__rupture_0__weak_0.25__floor_theoretical__recipient_affinity_only,strong_incumbent_veto,pres_2007,sido_48,A,B,0.1550560112006703,0.1830565695612803,0.6837328178902612,1.0,0.0625808920697294,0.0994668855013218,0.0,0.01,0.0994668855013218,0.0644903902204684,0.004035866149921866,,,,,,,,,,
strong_0.50__rupture_0__weak_0.25__floor_theoretical__recipient_affinity_only,strong_incumbent_veto,pres_2007,sido_50,A,B,0.1550560112006703,0.1830565695612803,0.6837328178902612,1.0,0.0625808920697294,0.0,0.0,0.01,0.0,0.2696919174747736,0.016877560779567178,,,,,,,,,,
strong_0.50__rupture_0__weak_0.25__floor_theoretical__recipient_affinity_only,strong_incumbent_veto,pres_2017,sido_11,A,B,0.14222159439442095,0.1258437002381364,1.0,1.0,0.0629218501190682,0.2981507946412702,0.0,0.01,0.2981507946412702,0.020775818418153735,0.001307252932608046,,,,,,,,,,
strong_0.50__rupture_0__weak_0.25__floor_theoretical__recipient_affinity_only,strong_incumbent_veto,pres_2017,sido_26,A,B,0.14222159439442095,0.1258437002381364,1.0,1.0,0.0629218501190682,0.3539560494922693,0.0,0.01,0.3539560494922693,0.03533489788607641,0.00222333714876028,,,,,,,,,,
strong_0.50__rupture_0__weak_0.25__floor_theoretical__recipient_affinity_only,strong_incumbent_veto,pres_2017,sido_27,A,B,0.14222159439442095,0.1258437002381364,1.0,1.0,0.0629218501190682,0.4618834178563183,0.0,0.01,0.4618834178563183,0.035586450889516674,0.0022391653291397493,,,,,,,,,,
strong_0.50__rupture_0__weak_0.25__floor_theoretical__recipient_affinity_only,strong_incumbent_veto,pres_2017,sido_28,A,B,0.14222159439442095,0.1258437002381364,1.0,1.0,0.0629218501190682,0.2930148075897038,0.0,0.01,0.2930148075897038,0.02963264010423733,0.0018645405392711107,,,,,,,,,,
strong_0.50__rupture_0__weak_0.25__floor_theoretical__recipient_affinity_only,strong_incumbent_veto,pres_2017,sido_29,A,B,0.14222159439442095,0.1258437002381364,1.0,1.0,0.0629218501190682,0.0341806016229801,0.0,0.01,0.0341806016229801,0.020989257269728195,0.0013206829000364001,,,,,,,,,,
strong_0.50__rupture_0__weak_0.25__floor_theoretical__recipient_affinity_only,strong_incumbent_veto,pres_2017,sido_30,A,B,0.14222159439442095,0.1258437002381364,1.0,1.0,0.0629218501190682,0.2396170369219419,0.0,0.01,0.2396170369219419,0.029086009721897926,0.001830145544283022,,,,,,,,,,
strong_0.50__rupture_0__weak_0.25__floor_theoretical__recipient_affinity_only,strong_incumbent_veto,pres_2017,sido_31,A,B,0.14222159439442095,0.1258437002381364,1.0,1.0,0.0629218501190682,0.3553353097157836,0.0,0.01,0.3553353097157836,0.03151593008562664,0.001983040629210832,,,,,,,,,,
strong_0.50__rupture_0__weak_0.25__floor_theoretical__recipient_affinity_only,strong_incumbent_veto,pres_2017,sido_36,A,B,0.14222159439442095,0.1258437002381364,1.0,1.0,0.0629218501190682,0.1724331995485346,0.0,0.01,0.1724331995485346,0.05851073368036361,0.0036816036149925546,,,,,,,,,,
strong_0.50__rupture_0__weak_0.25__floor_theoretical__recipient_affinity_only,strong_incumbent_veto,pres_2017,sido_41,A,B,0.14222159439442095,0.1258437002381364,1.0,1.0,0.0629218501190682,0.2904867750077805,0.0,0.01,0.2904867750077805,0.029907444360296687,0.0018818317314829597,,,,,,,,,,
strong_0.50__rupture_0__weak_0.25__floor_theoretical__recipient_affinity_only,strong_incumbent_veto,pres_2017,sido_42,A,B,0.14222159439442095,0.1258437002381364,1.0,1.0,0.0629218501190682,0.3376440484133232,0.0,0.01,0.3376440484133232,0.03245600676312743,0.0020421919930129684,,,,,,,,,,
strong_0.50__rupture_0__weak_0.25__floor_theoretical__recipient_affinity_only,strong_incumbent_veto,pres_2017,sido_43,A,B,0.14222159439442095,0.1258437002381364,1.0,1.0,0.0629218501190682,0.2911638514975106,0.0,0.01,0.2911638514975106,0.03015423544612711,0.0018973602831963035,,,,,,,,,,
strong_0.50__rupture_0__weak_0.25__floor_theoretical__recipient_affinity_only,strong_incumbent_veto,pres_2017,sido_44,A,B,0.14222159439442095,0.1258437002381364,1.0,1.0,0.0629218501190682,0.2550776099850012,0.0,0.01,0.2550776099850012,0.030969977487163403,0.001948688281638212,,,,,,,,,,
strong_0.50__rupture_0__weak_0.25__floor_theoretical__recipient_affinity_only,strong_incumbent_veto,pres_2017,sido_45,A,B,0.14222159439442095,0.1258437002381364,1.0,1.0,0.0629218501190682,0.0682483484546126,0.0,0.01,0.0682483484546126,0.025322934131601596,0.001593365866003672,,,,,,,,,,
strong_0.50__rupture_0__weak_0.25__floor_theoretical__recipient_affinity_only,strong_incumbent_veto,pres_2017,sido_46,A,B,0.14222159439442095,0.1258437002381364,1.0,1.0,0.0629218501190682,0.0438553923470368,0.0,0.01,0.0438553923470368,0.020205248004484,0.001271351586556744,,,,,,,,,,
strong_0.50__rupture_0__weak_0.25__floor_theoretical__recipient_affinity_only,strong_incumbent_veto,pres_2017,sido_47,A,B,0.14222159439442095,0.1258437002381364,1.0,1.0,0.0629218501190682,0.4863134552896404,0.0,0.01,0.4863134552896404,0.03603439177059248,0.0022673505981210046,,,,,,,,,,
strong_0.50__rupture_0__weak_0.25__floor_theoretical__recipient_affinity_only,strong_incumbent_veto,pres_2017,sido_48,A,B,0.14222159439442095,0.1258437002381364,1.0,1.0,0.0629218501190682,0.3752628188705947,0.0,0.01,0.3752628188705947,0.034783946318121595,0.0021886702567785613,,,,,,,,,,
strong_0.50__rupture_0__weak_0.25__floor_theoretical__recipient_affinity_only,strong_incumbent_veto,pres_2017,sido_50,A,B,0.14222159439442095,0.1258437002381364,1.0,1.0,0.0629218501190682,0.2397495310485979,0.0,0.01,0.2397495310485979,0.045654470168853906,0.0028726637292300957,,,,,,,,,,
strong_0.50__rupture_0__weak_0.25__floor_theoretical__recipient_affinity_only,weak_same_lane_refusal,pres_2002,sido_11,,,,,,,,,,,,,0.0126564630269655,C,A,0.0172553182802303,theoretical,affinity_only,0.01,0.060625852107862005,0.050625852107862,0.25,0.047969389080896506
strong_0.50__rupture_0__weak_0.25__floor_theoretical__recipient_affinity_only,weak_same_lane_refusal,pres_2002,sido_26,,,,,,,,,,,,,0.024162884697206,C,A,0.039818482004606,theoretical,affinity_only,0.01,0.106651538788824,0.096651538788824,0.25,0.082488654091618
strong_0.50__rupture_0__weak_0.25__floor_theoretical__recipient_affinity_only,weak_same_lane_refusal,pres_2002,sido_27,,,,,,,,,,,,,0.01043066379455085,C,A,0.0058164519761945,theoretical,affinity_only,0.01,0.0517226551782034,0.0417226551782034,0.25,0.041291991383652554
strong_0.50__rupture_0__weak_0.25__floor_theoretical__recipient_affinity_only,weak_same_lane_refusal,pres_2002,sido_28,,,,,,,,,,,,,0.0132001978635346,C,A,0.0255062904560678,theoretical,affinity_only,0.01,0.0628007914541384,0.0528007914541384,0.25,0.0496005935906038
strong_0.50__rupture_0__weak_0.25__floor_theoretical__recipient_affinity_only,weak_same_lane_refusal,pres_2002,sido_29,,,,,,,,,,,,,0.031175338749889998,C,A,0.0779749988731636,theoretical,affinity_only,0.01,0.13470135499955999,0.12470135499955999,0.25,0.10352601624966999
strong_0.50__rupture_0__weak_0.25__floor_theoretical__recipient_affinity_only,weak_same_lane_refusal,pres_2002,sido_30,,,,,,,,,,,,,0.01635418173881265,C,A,0.0189676131685742,theoretical,affinity_only,0.01,0.07541672695525059,0.0654167269552506,0.25,0.059062545216437945
strong_0.50__rupture_0__weak_0.25__floor_theoretical__recipient_affinity_only,weak_same_lane_refusal,pres_2002,sido_31,,,,,,,,,,,,,0.06135040761748985,C,A,0.3115852121639049,theoretical,affinity_only,0.01,0.2554016304699594,0.2454016304699594,0.25,0.19405122285246956
strong_0.50__rupture_0__weak_0.25__floor_theoretical__recipient_affinity_only,weak_same_lane_refusal,pres_2002,sido_41,,,,,,,,,,,,,0.01205510730682265,C,A,0.0208780312728109,theoretical,affinity_only,0.01,0.0582204292272906,0.0482204292272906,0.25,0.04616532192046795
strong_0.50__rupture_0__weak_0.25__floor_theoretical__recipient_affinity_only,weak_same_lane_refusal,pres_2002,sido_42,,,,,,,,,,,,,0.019111941729852453,C,A,0.0200289187580357,theoretical,affinity_only,0.01,0.08644776691940981,0.07644776691940981,0.25,0.06733582518955736
strong_0.50__rupture_0__weak_0.25__floor_theoretical__recipient_affinity_only,weak_same_lane_refusal,pres_2002,sido_43,,,,,,,,,,,,,0.015826842252004,C,A,0.0118716878700329,theoretical,affinity_only,0.01,0.073307369008016,0.063307369008016,0.25,0.057480526756012
strong_0.50__rupture_0__weak_0.25__floor_theoretical__recipient_affinity_only,weak_same_lane_refusal,pres_2002,sido_44,,,,,,,,,,,,,0.0088510764106933,C,A,0.0095463081839152,theoretical,affinity_only,0.01,0.0454043056427732,0.0354043056427732,0.25,0.036553229232079903
strong_0.50__rupture_0__weak_0.25__floor_theoretical__recipient_affinity_only,weak_same_lane_refusal,pres_2002,sido_45,,,,,,,,,,,,,0.029413815631583146,C,A,0.0228231814936564,theoretical,affinity_only,0.01,0.12765526252633258,0.11765526252633259,0.25,0.09824144689474944
strong_0.50__rupture_0__weak_0.25__floor_theoretical__recipient_affinity_only,weak_same_lane_refusal,pres_2002,sido_46,,,,,,,,,,,,,0.0313838348079597,C,A,0.0132624825931937,theoretical,affinity_only,0.01,0.1355353392318388,0.1255353392318388,0.25,0.1041515044238791
strong_0.50__rupture_0__weak_0.25__floor_theoretical__recipient_affinity_only,weak_same_lane_refusal,pres_2002,sido_47,,,,,,,,,,,,,0.008740285925759999,C,A,0.0296959172831779,theoretical,affinity_only,0.01,0.044961143703039996,0.034961143703039994,0.25,0.03622085777728
strong_0.50__rupture_0__weak_0.25__floor_theoretical__recipient_affinity_only,weak_same_lane_refusal,pres_2002,sido_48,,,,,,,,,,,,,0.019891729857118904,C,A,0.0344685791555901,theoretical,affinity_only,0.01,0.08956691942847561,0.07956691942847562,0.25,0.06967518957135671
strong_0.50__rupture_0__weak_0.25__floor_theoretical__recipient_affinity_only,weak_same_lane_refusal,pres_2002,sido_50,,,,,,,,,,,,,0.03431425244378042,C,A,0.0,theoretical,affinity_only,0.01,0.14725700977512168,0.13725700977512167,0.25,0.11294275733134126
strong_0.50__rupture_0__weak_0.25__floor_theoretical__recipient_affinity_only,weak_same_lane_refusal,pres_2022,sido_11,,,,,,,,,,,,,0.01006224811369895,C,B,0.029384832583875,theoretical,affinity_only,0.01,0.050248992454795804,0.0402489924547958,0.25,0.040186744341096856
strong_0.50__rupture_0__weak_0.25__floor_theoretical__recipient_affinity_only,weak_same_lane_refusal,pres_2022,sido_26,,,,,,,,,,,,,0.0093299859392793,C,B,0.0399820977460082,theoretical,affinity_only,0.01,0.0473199437571172,0.0373199437571172,0.25,0.0379899578178379
strong_0.50__rupture_0__weak_0.25__floor_theoretical__recipient_affinity_only,weak_same_lane_refusal,pres_2022,sido_27,,,,,,,,,,,,,0.006468246249250499,C,B,0.0389354436816256,theoretical,affinity_only,0.01,0.035872984997002,0.025872984997001996,0.25,0.0294047387477515
strong_0.50__rupture_0__weak_0.25__floor_theoretical__recipient_affinity_only,weak_same_lane_refusal,pres_2022,sido_28,,,,,,,,,,,,,0.01085795803133995,C,B,0.0485003528440327,theoretical,affinity_only,0.01,0.053431832125359804,0.0434318321253598,0.25,0.04257387409401985
strong_0.50__rupture_0__weak_0.25__floor_theoretical__recipient_affinity_only,weak_same_lane_refusal,pres_2022,sido_29,,,,,,,,,,,,,0.0186724126166626,C,B,0.0876883018010707,theoretical,affinity_only,0.01,0.08468965046665039,0.0746896504666504,0.25,0.0660172378499878
strong_0.50__rupture_0__weak_0.25__floor_theoretical__recipient_affinity_only,weak_same_lane_refusal,pres_2022,sido_30,,,,,,,,,,,,,0.0100772789220955,C,B,0.0287620743601844,theoretical,affinity_only,0.01,0.050309115688382,0.040309115688382,0.25,0.0402318367662865
strong_0.50__rupture_0__weak_0.25__floor_theoretical__recipient_affinity_only,weak_same_lane_refusal,pres_2022,sido_31,,,,,,,,,,,,,0.0230607747165258,C,B,0.176134143020495,theoretical,affinity_only,0.01,0.1022430988661032,0.0922430988661032,0.25,0.07918232414957739
strong_0.50__rupture_0__weak_0.25__floor_theoretical__recipient_affinity_only,weak_same_lane_refusal,pres_2022,sido_36,,,,,,,,,,,,,0.01244150427285935,C,B,0.0509430370441767,theoretical,affinity_only,0.01,0.059766017091437404,0.0497660170914374,0.25,0.04732451281857805
strong_0.50__rupture_0__weak_0.25__floor_theoretical__recipient_affinity_only,weak_same_lane_refusal,pres_2022,sido_41,,,,,,,,,,,,,0.0086460482882385,C,B,0.0359763522960836,theoretical,affinity_only,0.01,0.044584193152954005,0.034584193152954,0.25,0.035938144864715506
strong_0.50__rupture_0__weak_0.25__floor_theoretical__recipient_affinity_only,weak_same_lane_refusal,pres_2022,sido_42,,,,,,,,,,,,,0.00917858631219465,C,B,0.0308172356117518,theoretical,affinity_only,0.01,0.0467143452487786,0.0367143452487786,0.25,0.03753575893658395
strong_0.50__rupture_0__weak_0.25__floor_theoretical__recipient_affinity_only,weak_same_lane_refusal,pres_2022,sido_43,,,,,,,,,,,,,0.0093335030223671,C,B,0.0345580698080987,theoretical,affinity_only,0.01,0.0473340120894684,0.0373340120894684,0.25,0.0380005090671013
strong_0.50__rupture_0__weak_0.25__floor_theoretical__recipient_affinity_only,weak_same_lane_refusal,pres_2022,sido_44,,,,,,,,,,,,,0.00925577246773285,C,B,0.0309340683403439,theoretical,affinity_only,0.01,0.0470230898709314,0.0370230898709314,0.25,0.03776731740319855
strong_0.50__rupture_0__weak_0.25__floor_theoretical__recipient_affinity_only,weak_same_lane_refusal,pres_2022,sido_45,,,,,,,,,,,,,0.01559903448965525,C,B,0.0459485902537228,theoretical,affinity_only,0.01,0.072396137958621,0.062396137958621,0.25,0.05679710346896575
strong_0.50__rupture_0__weak_0.25__floor_theoretical__recipient_affinity_only,weak_same_lane_refusal,pres_2022,sido_46,,,,,,,,,,,,,0.0154342119010936,C,B,0.0592373366011094,theoretical,affinity_only,0.01,0.0717368476043744,0.0617368476043744,0.25,0.056302635703280805
strong_0.50__rupture_0__weak_0.25__floor_theoretical__recipient_affinity_only,weak_same_lane_refusal,pres_2022,sido_47,,,,,,,,,,,,,0.006354561693840398,C,B,0.0343795636905044,theoretical,affinity_only,0.01,0.035418246775361595,0.025418246775361593,0.25,0.0290636850815212
strong_0.50__rupture_0__weak_0.25__floor_theoretical__recipient_affinity_only,weak_same_lane_refusal,pres_2022,sido_48,,,,,,,,,,,,,0.0131137634517944,C,B,0.0766151338961869,theoretical,affinity_only,0.01,0.0624550538071776,0.0524550538071776,0.25,0.0493412903553832
strong_0.50__rupture_0__weak_0.25__floor_theoretical__recipient_affinity_only,weak_same_lane_refusal,pres_2022,sido_50,,,,,,,,,,,,,0.0159190149267584,C,B,0.0503767176193264,theoretical,affinity_only,0.01,0.0736760597070336,0.0636760597070336,0.25,0.0577570447802752
strong_0.50__rupture_0__weak_0.25__floor_theoretical__recipient_prediction_tilted,strong_incumbent_veto,pres_2007,sido_11,A,B,0.1550560112006703,0.1830565695612803,0.6837328178902612,1.0,0.0625808920697294,0.224727422604459,0.0,0.01,0.224727422604459,0.11575376295856316,0.007243973746374882,,,,,,,,,,
strong_0.50__rupture_0__weak_0.25__floor_theoretical__recipient_prediction_tilted,strong_incumbent_veto,pres_2007,sido_26,A,B,0.1550560112006703,0.1830565695612803,0.6837328178902612,1.0,0.0625808920697294,0.1230144019232013,0.0,0.01,0.1230144019232013,0.06769999442714049,0.004236726044366161,,,,,,,,,,
strong_0.50__rupture_0__weak_0.25__floor_theoretical__recipient_prediction_tilted,strong_incumbent_veto,pres_2007,sido_27,A,B,0.1550560112006703,0.1830565695612803,0.6837328178902612,1.0,0.0625808920697294,0.0533297784427378,0.0,0.01,0.0533297784427378,0.036548243373766096,0.002287221673911859,,,,,,,,,,
strong_0.50__rupture_0__weak_0.25__floor_theoretical__recipient_prediction_tilted,strong_incumbent_veto,pres_2007,sido_28,A,B,0.1550560112006703,0.1830565695612803,0.6837328178902612,1.0,0.0625808920697294,0.1882964963574757,0.0,0.01,0.1882964963574757,0.1253482410577939,0.007844404744768224,,,,,,,,,,
strong_0.50__rupture_0__weak_0.25__floor_theoretical__recipient_prediction_tilted,strong_incumbent_veto,pres_2007,sido_29,A,B,0.1550560112006703,0.1830565695612803,0.6837328178902612,1.0,0.0625808920697294,0.5063986688693,0.0,0.01,0.5063986688693,0.24746182449968468,0.015486381730393087,,,,,,,,,,
strong_0.50__rupture_0__weak_0.25__floor_theoretical__recipient_prediction_tilted,strong_incumbent_veto,pres_2007,sido_30,A,B,0.1550560112006703,0.1830565695612803,0.6837328178902612,1.0,0.0625808920697294,0.1749885957265136,0.0,0.01,0.1749885957265136,0.1550161062926277,0.009701046216968634,,,,,,,,,,
strong_0.50__rupture_0__weak_0.25__floor_theoretical__recipient_prediction_tilted,strong_incumbent_veto,pres_2007,sido_31,A,B,0.1550560112006703,0.1830565695612803,0.6837328178902612,1.0,0.0625808920697294,0.0922216716368157,0.0,0.01,0.0922216716368157,0.0762003677779345,0.004768686991584605,,,,,,,,,,
strong_0.50__rupture_0__weak_0.25__floor_theoretical__recipient_prediction_tilted,strong_incumbent_veto,pres_2007,sido_41,A,B,0.1550560112006703,0.1830565695612803,0.6837328178902612,1.0,0.0625808920697294,0.1969781637048186,0.0,0.01,0.1969781637048186,0.12484403173333555,0.007812850875453744,,,,,,,,,,
strong_0.50__rupture_0__weak_0.25__floor_theoretical__recipient_prediction_tilted,strong_incumbent_veto,pres_2007,sido_42,A,B,0.1550560112006703,0.1830565695612803,0.6837328178902612,1.0,0.0625808920697294,0.1620964538589391,0.0,0.01,0.1620964538589391,0.0926504884460915,0.005798150217652563,,,,,,,,,,
strong_0.50__rupture_0__weak_0.25__floor_theoretical__recipient_prediction_tilted,strong_incumbent_veto,pres_2007,sido_43,A,B,0.1550560112006703,0.1830565695612803,0.6837328178902612,1.0,0.0625808920697294,0.1871115693451475,0.0,0.01,0.1871115693451475,0.1250937284019757,0.007828477115724083,,,,,,,,,,
strong_0.50__rupture_0__weak_0.25__floor_theoretical__recipient_prediction_tilted,strong_incumbent_veto,pres_2007,sido_44,A,B,0.1550560112006703,0.1830565695612803,0.6837328178902612,1.0,0.0625808920697294,0.1339414116449834,0.0,0.01,0.1339414116449834,0.1803984259604589,0.01128949442458055,,,,,,,,,,
strong_0.50__rupture_0__weak_0.25__floor_theoretical__recipient_prediction_tilted,strong_incumbent_veto,pres_2007,sido_45,A,B,0.1550560112006703,0.1830565695612803,0.6837328178902612,1.0,0.0625808920697294,0.5050615589935803,0.0,0.01,0.5050615589935803,0.2489963619554737,0.015582414453290776,,,,,,,,,,
strong_0.50__rupture_0__weak_0.25__floor_theoretical__recipient_prediction_tilted,strong_incumbent_veto,pres_2007,sido_46,A,B,0.1550560112006703,0.1830565695612803,0.6837328178902612,1.0,0.0625808920697294,0.5115021109033597,0.0,0.01,0.5115021109033597,0.2436089090943725,0.015245262847259446,,,,,,,,,,
strong_0.50__rupture_0__weak_0.25__floor_theoretical__recipient_prediction_tilted,strong_incumbent_veto,pres_2007,sido_47,A,B,0.1550560112006703,0.1830565695612803,0.6837328178902612,1.0,0.0625808920697294,0.0689035077128128,0.0,0.01,0.0689035077128128,0.03689871266594581,0.0023091543548595123,,,,,,,,,,
strong_0.50__rupture_0__weak_0.25__floor_theoretical__recipient_prediction_tilted,strong_incumbent_veto,pres_2007,sido_48,A,B,0.1550560112006703,0.1830565695612803,0.6837328178902612,1.0,0.0625808920697294,0.0994668855013218,0.0,0.01,0.0994668855013218,0.0644903902204684,0.004035866149921866,,,,,,,,,,
strong_0.50__rupture_0__weak_0.25__floor_theoretical__recipient_prediction_tilted,strong_incumbent_veto,pres_2007,sido_50,A,B,0.1550560112006703,0.1830565695612803,0.6837328178902612,1.0,0.0625808920697294,0.0,0.0,0.01,0.0,0.2696919174747736,0.016877560779567178,,,,,,,,,,
strong_0.50__rupture_0__weak_0.25__floor_theoretical__recipient_prediction_tilted,strong_incumbent_veto,pres_2017,sido_11,A,B,0.14222159439442095,0.1258437002381364,1.0,1.0,0.0629218501190682,0.2981507946412702,0.0,0.01,0.2981507946412702,0.020775818418153735,0.001307252932608046,,,,,,,,,,
strong_0.50__rupture_0__weak_0.25__floor_theoretical__recipient_prediction_tilted,strong_incumbent_veto,pres_2017,sido_26,A,B,0.14222159439442095,0.1258437002381364,1.0,1.0,0.0629218501190682,0.3539560494922693,0.0,0.01,0.3539560494922693,0.03533489788607641,0.00222333714876028,,,,,,,,,,
strong_0.50__rupture_0__weak_0.25__floor_theoretical__recipient_prediction_tilted,strong_incumbent_veto,pres_2017,sido_27,A,B,0.14222159439442095,0.1258437002381364,1.0,1.0,0.0629218501190682,0.4618834178563183,0.0,0.01,0.4618834178563183,0.035586450889516674,0.0022391653291397493,,,,,,,,,,
strong_0.50__rupture_0__weak_0.25__floor_theoretical__recipient_prediction_tilted,strong_incumbent_veto,pres_2017,sido_28,A,B,0.14222159439442095,0.1258437002381364,1.0,1.0,0.0629218501190682,0.2930148075897038,0.0,0.01,0.2930148075897038,0.02963264010423733,0.0018645405392711107,,,,,,,,,,
strong_0.50__rupture_0__weak_0.25__floor_theoretical__recipient_prediction_tilted,strong_incumbent_veto,pres_2017,sido_29,A,B,0.14222159439442095,0.1258437002381364,1.0,1.0,0.0629218501190682,0.0341806016229801,0.0,0.01,0.0341806016229801,0.020989257269728195,0.0013206829000364001,,,,,,,,,,
strong_0.50__rupture_0__weak_0.25__floor_theoretical__recipient_prediction_tilted,strong_incumbent_veto,pres_2017,sido_30,A,B,0.14222159439442095,0.1258437002381364,1.0,1.0,0.0629218501190682,0.2396170369219419,0.0,0.01,0.2396170369219419,0.029086009721897926,0.001830145544283022,,,,,,,,,,
strong_0.50__rupture_0__weak_0.25__floor_theoretical__recipient_prediction_tilted,strong_incumbent_veto,pres_2017,sido_31,A,B,0.14222159439442095,0.1258437002381364,1.0,1.0,0.0629218501190682,0.3553353097157836,0.0,0.01,0.3553353097157836,0.03151593008562664,0.001983040629210832,,,,,,,,,,
strong_0.50__rupture_0__weak_0.25__floor_theoretical__recipient_prediction_tilted,strong_incumbent_veto,pres_2017,sido_36,A,B,0.14222159439442095,0.1258437002381364,1.0,1.0,0.0629218501190682,0.1724331995485346,0.0,0.01,0.1724331995485346,0.05851073368036361,0.0036816036149925546,,,,,,,,,,
strong_0.50__rupture_0__weak_0.25__floor_theoretical__recipient_prediction_tilted,strong_incumbent_veto,pres_2017,sido_41,A,B,0.14222159439442095,0.1258437002381364,1.0,1.0,0.0629218501190682,0.2904867750077805,0.0,0.01,0.2904867750077805,0.029907444360296687,0.0018818317314829597,,,,,,,,,,
strong_0.50__rupture_0__weak_0.25__floor_theoretical__recipient_prediction_tilted,strong_incumbent_veto,pres_2017,sido_42,A,B,0.14222159439442095,0.1258437002381364,1.0,1.0,0.0629218501190682,0.3376440484133232,0.0,0.01,0.3376440484133232,0.03245600676312743,0.0020421919930129684,,,,,,,,,,
strong_0.50__rupture_0__weak_0.25__floor_theoretical__recipient_prediction_tilted,strong_incumbent_veto,pres_2017,sido_43,A,B,0.14222159439442095,0.1258437002381364,1.0,1.0,0.0629218501190682,0.2911638514975106,0.0,0.01,0.2911638514975106,0.03015423544612711,0.0018973602831963035,,,,,,,,,,
strong_0.50__rupture_0__weak_0.25__floor_theoretical__recipient_prediction_tilted,strong_incumbent_veto,pres_2017,sido_44,A,B,0.14222159439442095,0.1258437002381364,1.0,1.0,0.0629218501190682,0.2550776099850012,0.0,0.01,0.2550776099850012,0.030969977487163403,0.001948688281638212,,,,,,,,,,
strong_0.50__rupture_0__weak_0.25__floor_theoretical__recipient_prediction_tilted,strong_incumbent_veto,pres_2017,sido_45,A,B,0.14222159439442095,0.1258437002381364,1.0,1.0,0.0629218501190682,0.0682483484546126,0.0,0.01,0.0682483484546126,0.025322934131601596,0.001593365866003672,,,,,,,,,,
strong_0.50__rupture_0__weak_0.25__floor_theoretical__recipient_prediction_tilted,strong_incumbent_veto,pres_2017,sido_46,A,B,0.14222159439442095,0.1258437002381364,1.0,1.0,0.0629218501190682,0.0438553923470368,0.0,0.01,0.0438553923470368,0.020205248004484,0.001271351586556744,,,,,,,,,,
strong_0.50__rupture_0__weak_0.25__floor_theoretical__recipient_prediction_tilted,strong_incumbent_veto,pres_2017,sido_47,A,B,0.14222159439442095,0.1258437002381364,1.0,1.0,0.0629218501190682,0.4863134552896404,0.0,0.01,0.4863134552896404,0.03603439177059248,0.0022673505981210046,,,,,,,,,,
strong_0.50__rupture_0__weak_0.25__floor_theoretical__recipient_prediction_tilted,strong_incumbent_veto,pres_2017,sido_48,A,B,0.14222159439442095,0.1258437002381364,1.0,1.0,0.0629218501190682,0.3752628188705947,0.0,0.01,0.3752628188705947,0.034783946318121595,0.0021886702567785613,,,,,,,,,,
strong_0.50__rupture_0__weak_0.25__floor_theoretical__recipient_prediction_tilted,strong_incumbent_veto,pres_2017,sido_50,A,B,0.14222159439442095,0.1258437002381364,1.0,1.0,0.0629218501190682,0.2397495310485979,0.0,0.01,0.2397495310485979,0.045654470168853906,0.0028726637292300957,,,,,,,,,,
strong_0.50__rupture_0__weak_0.25__floor_theoretical__recipient_prediction_tilted,weak_same_lane_refusal,pres_2002,sido_11,,,,,,,,,,,,,0.0126564630269655,C,A|B,0.0172553182802303,theoretical,prediction_tilted,0.01,0.060625852107862005,0.050625852107862,0.25,0.047969389080896506
strong_0.50__rupture_0__weak_0.25__floor_theoretical__recipient_prediction_tilted,weak_same_lane_refusal,pres_2002,sido_26,,,,,,,,,,,,,0.024162884697206,C,A|B,0.039818482004606,theoretical,prediction_tilted,0.01,0.106651538788824,0.096651538788824,0.25,0.082488654091618
strong_0.50__rupture_0__weak_0.25__floor_theoretical__recipient_prediction_tilted,weak_same_lane_refusal,pres_2002,sido_27,,,,,,,,,,,,,0.01043066379455085,C,A|B,0.0058164519761945,theoretical,prediction_tilted,0.01,0.0517226551782034,0.0417226551782034,0.25,0.041291991383652554
strong_0.50__rupture_0__weak_0.25__floor_theoretical__recipient_prediction_tilted,weak_same_lane_refusal,pres_2002,sido_28,,,,,,,,,,,,,0.0132001978635346,C,A|B,0.0255062904560678,theoretical,prediction_tilted,0.01,0.0628007914541384,0.0528007914541384,0.25,0.0496005935906038
strong_0.50__rupture_0__weak_0.25__floor_theoretical__recipient_prediction_tilted,weak_same_lane_refusal,pres_2002,sido_29,,,,,,,,,,,,,0.031175338749889998,C,A|B,0.0779749988731636,theoretical,prediction_tilted,0.01,0.13470135499955999,0.12470135499955999,0.25,0.10352601624966999
strong_0.50__rupture_0__weak_0.25__floor_theoretical__recipient_prediction_tilted,weak_same_lane_refusal,pres_2002,sido_30,,,,,,,,,,,,,0.01635418173881265,C,A|B,0.0189676131685742,theoretical,prediction_tilted,0.01,0.07541672695525059,0.0654167269552506,0.25,0.059062545216437945
strong_0.50__rupture_0__weak_0.25__floor_theoretical__recipient_prediction_tilted,weak_same_lane_refusal,pres_2002,sido_31,,,,,,,,,,,,,0.06135040761748985,C,A|B,0.3115852121639049,theoretical,prediction_tilted,0.01,0.2554016304699594,0.2454016304699594,0.25,0.19405122285246956
strong_0.50__rupture_0__weak_0.25__floor_theoretical__recipient_prediction_tilted,weak_same_lane_refusal,pres_2002,sido_41,,,,,,,,,,,,,0.01205510730682265,C,A|B,0.0208780312728109,theoretical,prediction_tilted,0.01,0.0582204292272906,0.0482204292272906,0.25,0.04616532192046795
strong_0.50__rupture_0__weak_0.25__floor_theoretical__recipient_prediction_tilted,weak_same_lane_refusal,pres_2002,sido_42,,,,,,,,,,,,,0.019111941729852453,C,A|B,0.0200289187580357,theoretical,prediction_tilted,0.01,0.08644776691940981,0.07644776691940981,0.25,0.06733582518955736
strong_0.50__rupture_0__weak_0.25__floor_theoretical__recipient_prediction_tilted,weak_same_lane_refusal,pres_2002,sido_43,,,,,,,,,,,,,0.015826842252004,C,A|B,0.0118716878700329,theoretical,prediction_tilted,0.01,0.073307369008016,0.063307369008016,0.25,0.057480526756012
strong_0.50__rupture_0__weak_0.25__floor_theoretical__recipient_prediction_tilted,weak_same_lane_refusal,pres_2002,sido_44,,,,,,,,,,,,,0.0088510764106933,C,A|B,0.0095463081839152,theoretical,prediction_tilted,0.01,0.0454043056427732,0.0354043056427732,0.25,0.036553229232079903
strong_0.50__rupture_0__weak_0.25__floor_theoretical__recipient_prediction_tilted,weak_same_lane_refusal,pres_2002,sido_45,,,,,,,,,,,,,0.029413815631583146,C,A|B,0.0228231814936564,theoretical,prediction_tilted,0.01,0.12765526252633258,0.11765526252633259,0.25,0.09824144689474944
strong_0.50__rupture_0__weak_0.25__floor_theoretical__recipient_prediction_tilted,weak_same_lane_refusal,pres_2002,sido_46,,,,,,,,,,,,,0.0313838348079597,C,A|B,0.0132624825931937,theoretical,prediction_tilted,0.01,0.1355353392318388,0.1255353392318388,0.25,0.1041515044238791
strong_0.50__rupture_0__weak_0.25__floor_theoretical__recipient_prediction_tilted,weak_same_lane_refusal,pres_2002,sido_47,,,,,,,,,,,,,0.008740285925759999,C,A|B,0.0296959172831779,theoretical,prediction_tilted,0.01,0.044961143703039996,0.034961143703039994,0.25,0.03622085777728
strong_0.50__rupture_0__weak_0.25__floor_theoretical__recipient_prediction_tilted,weak_same_lane_refusal,pres_2002,sido_48,,,,,,,,,,,,,0.019891729857118904,C,A|B,0.0344685791555901,theoretical,prediction_tilted,0.01,0.08956691942847561,0.07956691942847562,0.25,0.06967518957135671
strong_0.50__rupture_0__weak_0.25__floor_theoretical__recipient_prediction_tilted,weak_same_lane_refusal,pres_2002,sido_50,,,,,,,,,,,,,0.03431425244378042,C,A|B,0.0,theoretical,prediction_tilted,0.01,0.14725700977512168,0.13725700977512167,0.25,0.11294275733134126
strong_0.50__rupture_0__weak_0.25__floor_theoretical__recipient_prediction_tilted,weak_same_lane_refusal,pres_2022,sido_11,,,,,,,,,,,,,0.01006224811369895,C,A|B,0.029384832583875,theoretical,prediction_tilted,0.01,0.050248992454795804,0.0402489924547958,0.25,0.040186744341096856
strong_0.50__rupture_0__weak_0.25__floor_theoretical__recipient_prediction_tilted,weak_same_lane_refusal,pres_2022,sido_26,,,,,,,,,,,,,0.0093299859392793,C,A|B,0.0399820977460082,theoretical,prediction_tilted,0.01,0.0473199437571172,0.0373199437571172,0.25,0.0379899578178379
strong_0.50__rupture_0__weak_0.25__floor_theoretical__recipient_prediction_tilted,weak_same_lane_refusal,pres_2022,sido_27,,,,,,,,,,,,,0.006468246249250499,C,A|B,0.0389354436816256,theoretical,prediction_tilted,0.01,0.035872984997002,0.025872984997001996,0.25,0.0294047387477515
strong_0.50__rupture_0__weak_0.25__floor_theoretical__recipient_prediction_tilted,weak_same_lane_refusal,pres_2022,sido_28,,,,,,,,,,,,,0.01085795803133995,C,A|B,0.0485003528440327,theoretical,prediction_tilted,0.01,0.053431832125359804,0.0434318321253598,0.25,0.04257387409401985
strong_0.50__rupture_0__weak_0.25__floor_theoretical__recipient_prediction_tilted,weak_same_lane_refusal,pres_2022,sido_29,,,,,,,,,,,,,0.0186724126166626,C,A|B,0.0876883018010707,theoretical,prediction_tilted,0.01,0.08468965046665039,0.0746896504666504,0.25,0.0660172378499878
strong_0.50__rupture_0__weak_0.25__floor_theoretical__recipient_prediction_tilted,weak_same_lane_refusal,pres_2022,sido_30,,,,,,,,,,,,,0.0100772789220955,C,A|B,0.0287620743601844,theoretical,prediction_tilted,0.01,0.050309115688382,0.040309115688382,0.25,0.0402318367662865
strong_0.50__rupture_0__weak_0.25__floor_theoretical__recipient_prediction_tilted,weak_same_lane_refusal,pres_2022,sido_31,,,,,,,,,,,,,0.0230607747165258,C,A|B,0.176134143020495,theoretical,prediction_tilted,0.01,0.1022430988661032,0.0922430988661032,0.25,0.07918232414957739
strong_0.50__rupture_0__weak_0.25__floor_theoretical__recipient_prediction_tilted,weak_same_lane_refusal,pres_2022,sido_36,,,,,,,,,,,,,0.01244150427285935,C,A|B,0.0509430370441767,theoretical,prediction_tilted,0.01,0.059766017091437404,0.0497660170914374,0.25,0.04732451281857805
strong_0.50__rupture_0__weak_0.25__floor_theoretical__recipient_prediction_tilted,weak_same_lane_refusal,pres_2022,sido_41,,,,,,,,,,,,,0.0086460482882385,C,A|B,0.0359763522960836,theoretical,prediction_tilted,0.01,0.044584193152954005,0.034584193152954,0.25,0.035938144864715506
strong_0.50__rupture_0__weak_0.25__floor_theoretical__recipient_prediction_tilted,weak_same_lane_refusal,pres_2022,sido_42,,,,,,,,,,,,,0.00917858631219465,C,A|B,0.0308172356117518,theoretical,prediction_tilted,0.01,0.0467143452487786,0.0367143452487786,0.25,0.03753575893658395
strong_0.50__rupture_0__weak_0.25__floor_theoretical__recipient_prediction_tilted,weak_same_lane_refusal,pres_2022,sido_43,,,,,,,,,,,,,0.0093335030223671,C,A|B,0.0345580698080987,theoretical,prediction_tilted,0.01,0.0473340120894684,0.0373340120894684,0.25,0.0380005090671013
strong_0.50__rupture_0__weak_0.25__floor_theoretical__recipient_prediction_tilted,weak_same_lane_refusal,pres_2022,sido_44,,,,,,,,,,,,,0.00925577246773285,C,A|B,0.0309340683403439,theoretical,prediction_tilted,0.01,0.0470230898709314,0.0370230898709314,0.25,0.03776731740319855
strong_0.50__rupture_0__weak_0.25__floor_theoretical__recipient_prediction_tilted,weak_same_lane_refusal,pres_2022,sido_45,,,,,,,,,,,,,0.01559903448965525,C,A|B,0.0459485902537228,theoretical,prediction_tilted,0.01,0.072396137958621,0.062396137958621,0.25,0.05679710346896575
strong_0.50__rupture_0__weak_0.25__floor_theoretical__recipient_prediction_tilted,weak_same_lane_refusal,pres_2022,sido_46,,,,,,,,,,,,,0.0154342119010936,C,A|B,0.0592373366011094,theoretical,prediction_tilted,0.01,0.0717368476043744,0.0617368476043744,0.25,0.056302635703280805
strong_0.50__rupture_0__weak_0.25__floor_theoretical__recipient_prediction_tilted,weak_same_lane_refusal,pres_2022,sido_47,,,,,,,,,,,,,0.006354561693840398,C,A|B,0.0343795636905044,theoretical,prediction_tilted,0.01,0.035418246775361595,0.025418246775361593,0.25,0.0290636850815212
strong_0.50__rupture_0__weak_0.25__floor_theoretical__recipient_prediction_tilted,weak_same_lane_refusal,pres_2022,sido_48,,,,,,,,,,,,,0.0131137634517944,C,A|B,0.0766151338961869,theoretical,prediction_tilted,0.01,0.0624550538071776,0.0524550538071776,0.25,0.0493412903553832
strong_0.50__rupture_0__weak_0.25__floor_theoretical__recipient_prediction_tilted,weak_same_lane_refusal,pres_2022,sido_50,,,,,,,,,,,,,0.0159190149267584,C,A|B,0.0503767176193264,theoretical,prediction_tilted,0.01,0.0736760597070336,0.0636760597070336,0.25,0.0577570447802752
strong_0.50__rupture_0__weak_0.25__floor_none__recipient_affinity_only,strong_incumbent_veto,pres_2007,sido_11,A,B,0.1550560112006703,0.1830565695612803,0.6837328178902612,1.0,0.0625808920697294,0.224727422604459,0.0,0.01,0.224727422604459,0.11575376295856316,0.007243973746374882,,,,,,,,,,
strong_0.50__rupture_0__weak_0.25__floor_none__recipient_affinity_only,strong_incumbent_veto,pres_2007,sido_26,A,B,0.1550560112006703,0.1830565695612803,0.6837328178902612,1.0,0.0625808920697294,0.1230144019232013,0.0,0.01,0.1230144019232013,0.06769999442714049,0.004236726044366161,,,,,,,,,,
strong_0.50__rupture_0__weak_0.25__floor_none__recipient_affinity_only,strong_incumbent_veto,pres_2007,sido_27,A,B,0.1550560112006703,0.1830565695612803,0.6837328178902612,1.0,0.0625808920697294,0.0533297784427378,0.0,0.01,0.0533297784427378,0.036548243373766096,0.002287221673911859,,,,,,,,,,
strong_0.50__rupture_0__weak_0.25__floor_none__recipient_affinity_only,strong_incumbent_veto,pres_2007,sido_28,A,B,0.1550560112006703,0.1830565695612803,0.6837328178902612,1.0,0.0625808920697294,0.1882964963574757,0.0,0.01,0.1882964963574757,0.1253482410577939,0.007844404744768224,,,,,,,,,,
strong_0.50__rupture_0__weak_0.25__floor_none__recipient_affinity_only,strong_incumbent_veto,pres_2007,sido_29,A,B,0.1550560112006703,0.1830565695612803,0.6837328178902612,1.0,0.0625808920697294,0.5063986688693,0.0,0.01,0.5063986688693,0.24746182449968468,0.015486381730393087,,,,,,,,,,
strong_0.50__rupture_0__weak_0.25__floor_none__recipient_affinity_only,strong_incumbent_veto,pres_2007,sido_30,A,B,0.1550560112006703,0.1830565695612803,0.6837328178902612,1.0,0.0625808920697294,0.1749885957265136,0.0,0.01,0.1749885957265136,0.1550161062926277,0.009701046216968634,,,,,,,,,,
strong_0.50__rupture_0__weak_0.25__floor_none__recipient_affinity_only,strong_incumbent_veto,pres_2007,sido_31,A,B,0.1550560112006703,0.1830565695612803,0.6837328178902612,1.0,0.0625808920697294,0.0922216716368157,0.0,0.01,0.0922216716368157,0.0762003677779345,0.004768686991584605,,,,,,,,,,
strong_0.50__rupture_0__weak_0.25__floor_none__recipient_affinity_only,strong_incumbent_veto,pres_2007,sido_41,A,B,0.1550560112006703,0.1830565695612803,0.6837328178902612,1.0,0.0625808920697294,0.1969781637048186,0.0,0.01,0.1969781637048186,0.12484403173333555,0.007812850875453744,,,,,,,,,,
strong_0.50__rupture_0__weak_0.25__floor_none__recipient_affinity_only,strong_incumbent_veto,pres_2007,sido_42,A,B,0.1550560112006703,0.1830565695612803,0.6837328178902612,1.0,0.0625808920697294,0.1620964538589391,0.0,0.01,0.1620964538589391,0.0926504884460915,0.005798150217652563,,,,,,,,,,
strong_0.50__rupture_0__weak_0.25__floor_none__recipient_affinity_only,strong_incumbent_veto,pres_2007,sido_43,A,B,0.1550560112006703,0.1830565695612803,0.6837328178902612,1.0,0.0625808920697294,0.1871115693451475,0.0,0.01,0.1871115693451475,0.1250937284019757,0.007828477115724083,,,,,,,,,,
strong_0.50__rupture_0__weak_0.25__floor_none__recipient_affinity_only,strong_incumbent_veto,pres_2007,sido_44,A,B,0.1550560112006703,0.1830565695612803,0.6837328178902612,1.0,0.0625808920697294,0.1339414116449834,0.0,0.01,0.1339414116449834,0.1803984259604589,0.01128949442458055,,,,,,,,,,
strong_0.50__rupture_0__weak_0.25__floor_none__recipient_affinity_only,strong_incumbent_veto,pres_2007,sido_45,A,B,0.1550560112006703,0.1830565695612803,0.6837328178902612,1.0,0.0625808920697294,0.5050615589935803,0.0,0.01,0.5050615589935803,0.2489963619554737,0.015582414453290776,,,,,,,,,,
strong_0.50__rupture_0__weak_0.25__floor_none__recipient_affinity_only,strong_incumbent_veto,pres_2007,sido_46,A,B,0.1550560112006703,0.1830565695612803,0.6837328178902612,1.0,0.0625808920697294,0.5115021109033597,0.0,0.01,0.5115021109033597,0.2436089090943725,0.015245262847259446,,,,,,,,,,
strong_0.50__rupture_0__weak_0.25__floor_none__recipient_affinity_only,strong_incumbent_veto,pres_2007,sido_47,A,B,0.1550560112006703,0.1830565695612803,0.6837328178902612,1.0,0.0625808920697294,0.0689035077128128,0.0,0.01,0.0689035077128128,0.03689871266594581,0.0023091543548595123,,,,,,,,,,
strong_0.50__rupture_0__weak_0.25__floor_none__recipient_affinity_only,strong_incumbent_veto,pres_2007,sido_48,A,B,0.1550560112006703,0.1830565695612803,0.6837328178902612,1.0,0.0625808920697294,0.0994668855013218,0.0,0.01,0.0994668855013218,0.0644903902204684,0.004035866149921866,,,,,,,,,,
strong_0.50__rupture_0__weak_0.25__floor_none__recipient_affinity_only,strong_incumbent_veto,pres_2007,sido_50,A,B,0.1550560112006703,0.1830565695612803,0.6837328178902612,1.0,0.0625808920697294,0.0,0.0,0.01,0.0,0.2696919174747736,0.016877560779567178,,,,,,,,,,
strong_0.50__rupture_0__weak_0.25__floor_none__recipient_affinity_only,strong_incumbent_veto,pres_2017,sido_11,A,B,0.14222159439442095,0.1258437002381364,1.0,1.0,0.0629218501190682,0.2981507946412702,0.0,0.01,0.2981507946412702,0.020775818418153735,0.001307252932608046,,,,,,,,,,
strong_0.50__rupture_0__weak_0.25__floor_none__recipient_affinity_only,strong_incumbent_veto,pres_2017,sido_26,A,B,0.14222159439442095,0.1258437002381364,1.0,1.0,0.0629218501190682,0.3539560494922693,0.0,0.01,0.3539560494922693,0.03533489788607641,0.00222333714876028,,,,,,,,,,
strong_0.50__rupture_0__weak_0.25__floor_none__recipient_affinity_only,strong_incumbent_veto,pres_2017,sido_27,A,B,0.14222159439442095,0.1258437002381364,1.0,1.0,0.0629218501190682,0.4618834178563183,0.0,0.01,0.4618834178563183,0.035586450889516674,0.0022391653291397493,,,,,,,,,,
strong_0.50__rupture_0__weak_0.25__floor_none__recipient_affinity_only,strong_incumbent_veto,pres_2017,sido_28,A,B,0.14222159439442095,0.1258437002381364,1.0,1.0,0.0629218501190682,0.2930148075897038,0.0,0.01,0.2930148075897038,0.02963264010423733,0.0018645405392711107,,,,,,,,,,
strong_0.50__rupture_0__weak_0.25__floor_none__recipient_affinity_only,strong_incumbent_veto,pres_2017,sido_29,A,B,0.14222159439442095,0.1258437002381364,1.0,1.0,0.0629218501190682,0.0341806016229801,0.0,0.01,0.0341806016229801,0.020989257269728195,0.0013206829000364001,,,,,,,,,,
strong_0.50__rupture_0__weak_0.25__floor_none__recipient_affinity_only,strong_incumbent_veto,pres_2017,sido_30,A,B,0.14222159439442095,0.1258437002381364,1.0,1.0,0.0629218501190682,0.2396170369219419,0.0,0.01,0.2396170369219419,0.029086009721897926,0.001830145544283022,,,,,,,,,,
strong_0.50__rupture_0__weak_0.25__floor_none__recipient_affinity_only,strong_incumbent_veto,pres_2017,sido_31,A,B,0.14222159439442095,0.1258437002381364,1.0,1.0,0.0629218501190682,0.3553353097157836,0.0,0.01,0.3553353097157836,0.03151593008562664,0.001983040629210832,,,,,,,,,,
strong_0.50__rupture_0__weak_0.25__floor_none__recipient_affinity_only,strong_incumbent_veto,pres_2017,sido_36,A,B,0.14222159439442095,0.1258437002381364,1.0,1.0,0.0629218501190682,0.1724331995485346,0.0,0.01,0.1724331995485346,0.05851073368036361,0.0036816036149925546,,,,,,,,,,
strong_0.50__rupture_0__weak_0.25__floor_none__recipient_affinity_only,strong_incumbent_veto,pres_2017,sido_41,A,B,0.14222159439442095,0.1258437002381364,1.0,1.0,0.0629218501190682,0.2904867750077805,0.0,0.01,0.2904867750077805,0.029907444360296687,0.0018818317314829597,,,,,,,,,,
strong_0.50__rupture_0__weak_0.25__floor_none__recipient_affinity_only,strong_incumbent_veto,pres_2017,sido_42,A,B,0.14222159439442095,0.1258437002381364,1.0,1.0,0.0629218501190682,0.3376440484133232,0.0,0.01,0.3376440484133232,0.03245600676312743,0.0020421919930129684,,,,,,,,,,
strong_0.50__rupture_0__weak_0.25__floor_none__recipient_affinity_only,strong_incumbent_veto,pres_2017,sido_43,A,B,0.14222159439442095,0.1258437002381364,1.0,1.0,0.0629218501190682,0.2911638514975106,0.0,0.01,0.2911638514975106,0.03015423544612711,0.0018973602831963035,,,,,,,,,,
strong_0.50__rupture_0__weak_0.25__floor_none__recipient_affinity_only,strong_incumbent_veto,pres_2017,sido_44,A,B,0.14222159439442095,0.1258437002381364,1.0,1.0,0.0629218501190682,0.2550776099850012,0.0,0.01,0.2550776099850012,0.030969977487163403,0.001948688281638212,,,,,,,,,,
strong_0.50__rupture_0__weak_0.25__floor_none__recipient_affinity_only,strong_incumbent_veto,pres_2017,sido_45,A,B,0.14222159439442095,0.1258437002381364,1.0,1.0,0.0629218501190682,0.0682483484546126,0.0,0.01,0.0682483484546126,0.025322934131601596,0.001593365866003672,,,,,,,,,,
strong_0.50__rupture_0__weak_0.25__floor_none__recipient_affinity_only,strong_incumbent_veto,pres_2017,sido_46,A,B,0.14222159439442095,0.1258437002381364,1.0,1.0,0.0629218501190682,0.0438553923470368,0.0,0.01,0.0438553923470368,0.020205248004484,0.001271351586556744,,,,,,,,,,
strong_0.50__rupture_0__weak_0.25__floor_none__recipient_affinity_only,strong_incumbent_veto,pres_2017,sido_47,A,B,0.14222159439442095,0.1258437002381364,1.0,1.0,0.0629218501190682,0.4863134552896404,0.0,0.01,0.4863134552896404,0.03603439177059248,0.0022673505981210046,,,,,,,,,,
strong_0.50__rupture_0__weak_0.25__floor_none__recipient_affinity_only,strong_incumbent_veto,pres_2017,sido_48,A,B,0.14222159439442095,0.1258437002381364,1.0,1.0,0.0629218501190682,0.3752628188705947,0.0,0.01,0.3752628188705947,0.034783946318121595,0.0021886702567785613,,,,,,,,,,
strong_0.50__rupture_0__weak_0.25__floor_none__recipient_affinity_only,strong_incumbent_veto,pres_2017,sido_50,A,B,0.14222159439442095,0.1258437002381364,1.0,1.0,0.0629218501190682,0.2397495310485979,0.0,0.01,0.2397495310485979,0.045654470168853906,0.0028726637292300957,,,,,,,,,,
strong_0.50__rupture_0__weak_0.25__floor_none__recipient_affinity_only,weak_same_lane_refusal,pres_2002,sido_11,,,,,,,,,,,,,0.015156463026965501,C,A,0.0172553182802303,none,affinity_only,0.0,0.060625852107862005,0.060625852107862005,0.25,0.045469389080896504
strong_0.50__rupture_0__weak_0.25__floor_none__recipient_affinity_only,weak_same_lane_refusal,pres_2002,sido_26,,,,,,,,,,,,,0.026662884697206,C,A,0.039818482004606,none,affinity_only,0.0,0.106651538788824,0.106651538788824,0.25,0.079988654091618
strong_0.50__rupture_0__weak_0.25__floor_none__recipient_affinity_only,weak_same_lane_refusal,pres_2002,sido_27,,,,,,,,,,,,,0.01293066379455085,C,A,0.0058164519761945,none,affinity_only,0.0,0.0517226551782034,0.0517226551782034,0.25,0.03879199138365255
strong_0.50__rupture_0__weak_0.25__floor_none__recipient_affinity_only,weak_same_lane_refusal,pres_2002,sido_28,,,,,,,,,,,,,0.0157001978635346,C,A,0.0255062904560678,none,affinity_only,0.0,0.0628007914541384,0.0628007914541384,0.25,0.0471005935906038
strong_0.50__rupture_0__weak_0.25__floor_none__recipient_affinity_only,weak_same_lane_refusal,pres_2002,sido_29,,,,,,,,,,,,,0.033675338749889996,C,A,0.0779749988731636,none,affinity_only,0.0,0.13470135499955999,0.13470135499955999,0.25,0.10102601624966999
strong_0.50__rupture_0__weak_0.25__floor_none__recipient_affinity_only,weak_same_lane_refusal,pres_2002,sido_30,,,,,,,,,,,,,0.018854181738812648,C,A,0.0189676131685742,none,affinity_only,0.0,0.07541672695525059,0.07541672695525059,0.25,0.05656254521643794
strong_0.50__rupture_0__weak_0.25__floor_none__recipient_affinity_only,weak_same_lane_refusal,pres_2002,sido_31,,,,,,,,,,,,,0.06385040761748985,C,A,0.3115852121639049,none,affinity_only,0.0,0.2554016304699594,0.2554016304699594,0.25,0.19155122285246956
strong_0.50__rupture_0__weak_0.25__floor_none__recipient_affinity_only,weak_same_lane_refusal,pres_2002,sido_41,,,,,,,,,,,,,0.01455510730682265,C,A,0.0208780312728109,none,affinity_only,0.0,0.0582204292272906,0.0582204292272906,0.25,0.04366532192046795
strong_0.50__rupture_0__weak_0.25__floor_none__recipient_affinity_only,weak_same_lane_refusal,pres_2002,sido_42,,,,,,,,,,,,,0.021611941729852452,C,A,0.0200289187580357,none,affinity_only,0.0,0.08644776691940981,0.08644776691940981,0.25,0.06483582518955736
strong_0.50__rupture_0__weak_0.25__floor_none__recipient_affinity_only,weak_same_lane_refusal,pres_2002,sido_43,,,,,,,,,,,,,0.018326842252004,C,A,0.0118716878700329,none,affinity_only,0.0,0.073307369008016,0.073307369008016,0.25,0.054980526756012005
strong_0.50__rupture_0__weak_0.25__floor_none__recipient_affinity_only,weak_same_lane_refusal,pres_2002,sido_44,,,,,,,,,,,,,0.0113510764106933,C,A,0.0095463081839152,none,affinity_only,0.0,0.0454043056427732,0.0454043056427732,0.25,0.0340532292320799
strong_0.50__rupture_0__weak_0.25__floor_none__recipient_affinity_only,weak_same_lane_refusal,pres_2002,sido_45,,,,,,,,,,,,,0.031913815631583145,C,A,0.0228231814936564,none,affinity_only,0.0,0.12765526252633258,0.12765526252633258,0.25,0.09574144689474944
strong_0.50__rupture_0__weak_0.25__floor_none__recipient_affinity_only,weak_same_lane_refusal,pres_2002,sido_46,,,,,,,,,,,,,0.0338838348079597,C,A,0.0132624825931937,none,affinity_only,0.0,0.1355353392318388,0.1355353392318388,0.25,0.1016515044238791
strong_0.50__rupture_0__weak_0.25__floor_none__recipient_affinity_only,weak_same_lane_refusal,pres_2002,sido_47,,,,,,,,,,,,,0.011240285925759999,C,A,0.0296959172831779,none,affinity_only,0.0,0.044961143703039996,0.044961143703039996,0.25,0.03372085777728
strong_0.50__rupture_0__weak_0.25__floor_none__recipient_affinity_only,weak_same_lane_refusal,pres_2002,sido_48,,,,,,,,,,,,,0.022391729857118903,C,A,0.0344685791555901,none,affinity_only,0.0,0.08956691942847561,0.08956691942847561,0.25,0.06717518957135671
strong_0.50__rupture_0__weak_0.25__floor_none__recipient_affinity_only,weak_same_lane_refusal,pres_2002,sido_50,,,,,,,,,,,,,0.03681425244378042,C,A,0.0,none,affinity_only,0.0,0.14725700977512168,0.14725700977512168,0.25,0.11044275733134126
strong_0.50__rupture_0__weak_0.25__floor_none__recipient_affinity_only,weak_same_lane_refusal,pres_2022,sido_11,,,,,,,,,,,,,0.012562248113698951,C,B,0.029384832583875,none,affinity_only,0.0,0.050248992454795804,0.050248992454795804,0.25,0.03768674434109685
strong_0.50__rupture_0__weak_0.25__floor_none__recipient_affinity_only,weak_same_lane_refusal,pres_2022,sido_26,,,,,,,,,,,,,0.0118299859392793,C,B,0.0399820977460082,none,affinity_only,0.0,0.0473199437571172,0.0473199437571172,0.25,0.0354899578178379
strong_0.50__rupture_0__weak_0.25__floor_none__recipient_affinity_only,weak_same_lane_refusal,pres_2022,sido_27,,,,,,,,,,,,,0.0089682462492505,C,B,0.0389354436816256,none,affinity_only,0.0,0.035872984997002,0.035872984997002,0.25,0.026904738747751497
strong_0.50__rupture_0__weak_0.25__floor_none__recipient_affinity_only,weak_same_lane_refusal,pres_2022,sido_28,,,,,,,,,,,,,0.013357958031339951,C,B,0.0485003528440327,none,affinity_only,0.0,0.053431832125359804,0.053431832125359804,0.25,0.04007387409401986
strong_0.50__rupture_0__weak_0.25__floor_none__recipient_affinity_only,weak_same_lane_refusal,pres_2022,sido_29,,,,,,,,,,,,,0.021172412616662598,C,B,0.0876883018010707,none,affinity_only,0.0,0.08468965046665039,0.08468965046665039,0.25,0.06351723784998779
strong_0.50__rupture_0__weak_0.25__floor_none__recipient_affinity_only,weak_same_lane_refusal,pres_2022,sido_30,,,,,,,,,,,,,0.0125772789220955,C,B,0.0287620743601844,none,affinity_only,0.0,0.050309115688382,0.050309115688382,0.25,0.0377318367662865
strong_0.50__rupture_0__weak_0.25__floor_none__recipient_affinity_only,weak_same_lane_refusal,pres_2022,sido_31,,,,,,,,,,,,,0.0255607747165258,C,B,0.176134143020495,none,affinity_only,0.0,0.1022430988661032,0.1022430988661032,0.25,0.0766823241495774
strong_0.50__rupture_0__weak_0.25__floor_none__recipient_affinity_only,weak_same_lane_refusal,pres_2022,sido_36,,,,,,,,,,,,,0.014941504272859351,C,B,0.0509430370441767,none,affinity_only,0.0,0.059766017091437404,0.059766017091437404,0.25,0.04482451281857805
strong_0.50__rupture_0__weak_0.25__floor_none__recipient_affinity_only,weak_same_lane_refusal,pres_2022,sido_41,,,,,,,,,,,,,0.011146048288238501,C,B,0.0359763522960836,none,affinity_only,0.0,0.044584193152954005,0.044584193152954005,0.25,0.033438144864715504
strong_0.50__rupture_0__weak_0.25__floor_none__recipient_affinity_only,weak_same_lane_refusal,pres_2022,sido_42,,,,,,,,,,,,,0.01167858631219465,C,B,0.0308172356117518,none,affinity_only,0.0,0.0467143452487786,0.0467143452487786,0.25,0.03503575893658395
strong_0.50__rupture_0__weak_0.25__floor_none__recipient_affinity_only,weak_same_lane_refusal,pres_2022,sido_43,,,,,,,,,,,,,0.0118335030223671,C,B,0.0345580698080987,none,affinity_only,0.0,0.0473340120894684,0.0473340120894684,0.25,0.035500509067101296
strong_0.50__rupture_0__weak_0.25__floor_none__recipient_affinity_only,weak_same_lane_refusal,pres_2022,sido_44,,,,,,,,,,,,,0.01175577246773285,C,B,0.0309340683403439,none,affinity_only,0.0,0.0470230898709314,0.0470230898709314,0.25,0.03526731740319855
strong_0.50__rupture_0__weak_0.25__floor_none__recipient_affinity_only,weak_same_lane_refusal,pres_2022,sido_45,,,,,,,,,,,,,0.01809903448965525,C,B,0.0459485902537228,none,affinity_only,0.0,0.072396137958621,0.072396137958621,0.25,0.054297103468965754
strong_0.50__rupture_0__weak_0.25__floor_none__recipient_affinity_only,weak_same_lane_refusal,pres_2022,sido_46,,,,,,,,,,,,,0.0179342119010936,C,B,0.0592373366011094,none,affinity_only,0.0,0.0717368476043744,0.0717368476043744,0.25,0.0538026357032808
strong_0.50__rupture_0__weak_0.25__floor_none__recipient_affinity_only,weak_same_lane_refusal,pres_2022,sido_47,,,,,,,,,,,,,0.008854561693840399,C,B,0.0343795636905044,none,affinity_only,0.0,0.035418246775361595,0.035418246775361595,0.25,0.026563685081521196
strong_0.50__rupture_0__weak_0.25__floor_none__recipient_affinity_only,weak_same_lane_refusal,pres_2022,sido_48,,,,,,,,,,,,,0.0156137634517944,C,B,0.0766151338961869,none,affinity_only,0.0,0.0624550538071776,0.0624550538071776,0.25,0.0468412903553832
strong_0.50__rupture_0__weak_0.25__floor_none__recipient_affinity_only,weak_same_lane_refusal,pres_2022,sido_50,,,,,,,,,,,,,0.0184190149267584,C,B,0.0503767176193264,none,affinity_only,0.0,0.0736760597070336,0.0736760597070336,0.25,0.0552570447802752
strong_0.50__rupture_0__weak_0.25__floor_none__recipient_prediction_tilted,strong_incumbent_veto,pres_2007,sido_11,A,B,0.1550560112006703,0.1830565695612803,0.6837328178902612,1.0,0.0625808920697294,0.224727422604459,0.0,0.01,0.224727422604459,0.11575376295856316,0.007243973746374882,,,,,,,,,,
strong_0.50__rupture_0__weak_0.25__floor_none__recipient_prediction_tilted,strong_incumbent_veto,pres_2007,sido_26,A,B,0.1550560112006703,0.1830565695612803,0.6837328178902612,1.0,0.0625808920697294,0.1230144019232013,0.0,0.01,0.1230144019232013,0.06769999442714049,0.004236726044366161,,,,,,,,,,
strong_0.50__rupture_0__weak_0.25__floor_none__recipient_prediction_tilted,strong_incumbent_veto,pres_2007,sido_27,A,B,0.1550560112006703,0.1830565695612803,0.6837328178902612,1.0,0.0625808920697294,0.0533297784427378,0.0,0.01,0.0533297784427378,0.036548243373766096,0.002287221673911859,,,,,,,,,,
strong_0.50__rupture_0__weak_0.25__floor_none__recipient_prediction_tilted,strong_incumbent_veto,pres_2007,sido_28,A,B,0.1550560112006703,0.1830565695612803,0.6837328178902612,1.0,0.0625808920697294,0.1882964963574757,0.0,0.01,0.1882964963574757,0.1253482410577939,0.007844404744768224,,,,,,,,,,
strong_0.50__rupture_0__weak_0.25__floor_none__recipient_prediction_tilted,strong_incumbent_veto,pres_2007,sido_29,A,B,0.1550560112006703,0.1830565695612803,0.6837328178902612,1.0,0.0625808920697294,0.5063986688693,0.0,0.01,0.5063986688693,0.24746182449968468,0.015486381730393087,,,,,,,,,,
strong_0.50__rupture_0__weak_0.25__floor_none__recipient_prediction_tilted,strong_incumbent_veto,pres_2007,sido_30,A,B,0.1550560112006703,0.1830565695612803,0.6837328178902612,1.0,0.0625808920697294,0.1749885957265136,0.0,0.01,0.1749885957265136,0.1550161062926277,0.009701046216968634,,,,,,,,,,
strong_0.50__rupture_0__weak_0.25__floor_none__recipient_prediction_tilted,strong_incumbent_veto,pres_2007,sido_31,A,B,0.1550560112006703,0.1830565695612803,0.6837328178902612,1.0,0.0625808920697294,0.0922216716368157,0.0,0.01,0.0922216716368157,0.0762003677779345,0.004768686991584605,,,,,,,,,,
strong_0.50__rupture_0__weak_0.25__floor_none__recipient_prediction_tilted,strong_incumbent_veto,pres_2007,sido_41,A,B,0.1550560112006703,0.1830565695612803,0.6837328178902612,1.0,0.0625808920697294,0.1969781637048186,0.0,0.01,0.1969781637048186,0.12484403173333555,0.007812850875453744,,,,,,,,,,
strong_0.50__rupture_0__weak_0.25__floor_none__recipient_prediction_tilted,strong_incumbent_veto,pres_2007,sido_42,A,B,0.1550560112006703,0.1830565695612803,0.6837328178902612,1.0,0.0625808920697294,0.1620964538589391,0.0,0.01,0.1620964538589391,0.0926504884460915,0.005798150217652563,,,,,,,,,,
strong_0.50__rupture_0__weak_0.25__floor_none__recipient_prediction_tilted,strong_incumbent_veto,pres_2007,sido_43,A,B,0.1550560112006703,0.1830565695612803,0.6837328178902612,1.0,0.0625808920697294,0.1871115693451475,0.0,0.01,0.1871115693451475,0.1250937284019757,0.007828477115724083,,,,,,,,,,
strong_0.50__rupture_0__weak_0.25__floor_none__recipient_prediction_tilted,strong_incumbent_veto,pres_2007,sido_44,A,B,0.1550560112006703,0.1830565695612803,0.6837328178902612,1.0,0.0625808920697294,0.1339414116449834,0.0,0.01,0.1339414116449834,0.1803984259604589,0.01128949442458055,,,,,,,,,,
strong_0.50__rupture_0__weak_0.25__floor_none__recipient_prediction_tilted,strong_incumbent_veto,pres_2007,sido_45,A,B,0.1550560112006703,0.1830565695612803,0.6837328178902612,1.0,0.0625808920697294,0.5050615589935803,0.0,0.01,0.5050615589935803,0.2489963619554737,0.015582414453290776,,,,,,,,,,
strong_0.50__rupture_0__weak_0.25__floor_none__recipient_prediction_tilted,strong_incumbent_veto,pres_2007,sido_46,A,B,0.1550560112006703,0.1830565695612803,0.6837328178902612,1.0,0.0625808920697294,0.5115021109033597,0.0,0.01,0.5115021109033597,0.2436089090943725,0.015245262847259446,,,,,,,,,,
strong_0.50__rupture_0__weak_0.25__floor_none__recipient_prediction_tilted,strong_incumbent_veto,pres_2007,sido_47,A,B,0.1550560112006703,0.1830565695612803,0.6837328178902612,1.0,0.0625808920697294,0.0689035077128128,0.0,0.01,0.0689035077128128,0.03689871266594581,0.0023091543548595123,,,,,,,,,,
strong_0.50__rupture_0__weak_0.25__floor_none__recipient_prediction_tilted,strong_incumbent_veto,pres_2007,sido_48,A,B,0.1550560112006703,0.1830565695612803,0.6837328178902612,1.0,0.0625808920697294,0.0994668855013218,0.0,0.01,0.0994668855013218,0.0644903902204684,0.004035866149921866,,,,,,,,,,
strong_0.50__rupture_0__weak_0.25__floor_none__recipient_prediction_tilted,strong_incumbent_veto,pres_2007,sido_50,A,B,0.1550560112006703,0.1830565695612803,0.6837328178902612,1.0,0.0625808920697294,0.0,0.0,0.01,0.0,0.2696919174747736,0.016877560779567178,,,,,,,,,,
strong_0.50__rupture_0__weak_0.25__floor_none__recipient_prediction_tilted,strong_incumbent_veto,pres_2017,sido_11,A,B,0.14222159439442095,0.1258437002381364,1.0,1.0,0.0629218501190682,0.2981507946412702,0.0,0.01,0.2981507946412702,0.020775818418153735,0.001307252932608046,,,,,,,,,,
strong_0.50__rupture_0__weak_0.25__floor_none__recipient_prediction_tilted,strong_incumbent_veto,pres_2017,sido_26,A,B,0.14222159439442095,0.1258437002381364,1.0,1.0,0.0629218501190682,0.3539560494922693,0.0,0.01,0.3539560494922693,0.03533489788607641,0.00222333714876028,,,,,,,,,,
strong_0.50__rupture_0__weak_0.25__floor_none__recipient_prediction_tilted,strong_incumbent_veto,pres_2017,sido_27,A,B,0.14222159439442095,0.1258437002381364,1.0,1.0,0.0629218501190682,0.4618834178563183,0.0,0.01,0.4618834178563183,0.035586450889516674,0.0022391653291397493,,,,,,,,,,
strong_0.50__rupture_0__weak_0.25__floor_none__recipient_prediction_tilted,strong_incumbent_veto,pres_2017,sido_28,A,B,0.14222159439442095,0.1258437002381364,1.0,1.0,0.0629218501190682,0.2930148075897038,0.0,0.01,0.2930148075897038,0.02963264010423733,0.0018645405392711107,,,,,,,,,,
strong_0.50__rupture_0__weak_0.25__floor_none__recipient_prediction_tilted,strong_incumbent_veto,pres_2017,sido_29,A,B,0.14222159439442095,0.1258437002381364,1.0,1.0,0.0629218501190682,0.0341806016229801,0.0,0.01,0.0341806016229801,0.020989257269728195,0.0013206829000364001,,,,,,,,,,
strong_0.50__rupture_0__weak_0.25__floor_none__recipient_prediction_tilted,strong_incumbent_veto,pres_2017,sido_30,A,B,0.14222159439442095,0.1258437002381364,1.0,1.0,0.0629218501190682,0.2396170369219419,0.0,0.01,0.2396170369219419,0.029086009721897926,0.001830145544283022,,,,,,,,,,
strong_0.50__rupture_0__weak_0.25__floor_none__recipient_prediction_tilted,strong_incumbent_veto,pres_2017,sido_31,A,B,0.14222159439442095,0.1258437002381364,1.0,1.0,0.0629218501190682,0.3553353097157836,0.0,0.01,0.3553353097157836,0.03151593008562664,0.001983040629210832,,,,,,,,,,
strong_0.50__rupture_0__weak_0.25__floor_none__recipient_prediction_tilted,strong_incumbent_veto,pres_2017,sido_36,A,B,0.14222159439442095,0.1258437002381364,1.0,1.0,0.0629218501190682,0.1724331995485346,0.0,0.01,0.1724331995485346,0.05851073368036361,0.0036816036149925546,,,,,,,,,,
strong_0.50__rupture_0__weak_0.25__floor_none__recipient_prediction_tilted,strong_incumbent_veto,pres_2017,sido_41,A,B,0.14222159439442095,0.1258437002381364,1.0,1.0,0.0629218501190682,0.2904867750077805,0.0,0.01,0.2904867750077805,0.029907444360296687,0.0018818317314829597,,,,,,,,,,
strong_0.50__rupture_0__weak_0.25__floor_none__recipient_prediction_tilted,strong_incumbent_veto,pres_2017,sido_42,A,B,0.14222159439442095,0.1258437002381364,1.0,1.0,0.0629218501190682,0.3376440484133232,0.0,0.01,0.3376440484133232,0.03245600676312743,0.0020421919930129684,,,,,,,,,,
strong_0.50__rupture_0__weak_0.25__floor_none__recipient_prediction_tilted,strong_incumbent_veto,pres_2017,sido_43,A,B,0.14222159439442095,0.1258437002381364,1.0,1.0,0.0629218501190682,0.2911638514975106,0.0,0.01,0.2911638514975106,0.03015423544612711,0.0018973602831963035,,,,,,,,,,
strong_0.50__rupture_0__weak_0.25__floor_none__recipient_prediction_tilted,strong_incumbent_veto,pres_2017,sido_44,A,B,0.14222159439442095,0.1258437002381364,1.0,1.0,0.0629218501190682,0.2550776099850012,0.0,0.01,0.2550776099850012,0.030969977487163403,0.001948688281638212,,,,,,,,,,
strong_0.50__rupture_0__weak_0.25__floor_none__recipient_prediction_tilted,strong_incumbent_veto,pres_2017,sido_45,A,B,0.14222159439442095,0.1258437002381364,1.0,1.0,0.0629218501190682,0.0682483484546126,0.0,0.01,0.0682483484546126,0.025322934131601596,0.001593365866003672,,,,,,,,,,
strong_0.50__rupture_0__weak_0.25__floor_none__recipient_prediction_tilted,strong_incumbent_veto,pres_2017,sido_46,A,B,0.14222159439442095,0.1258437002381364,1.0,1.0,0.0629218501190682,0.0438553923470368,0.0,0.01,0.0438553923470368,0.020205248004484,0.001271351586556744,,,,,,,,,,
strong_0.50__rupture_0__weak_0.25__floor_none__recipient_prediction_tilted,strong_incumbent_veto,pres_2017,sido_47,A,B,0.14222159439442095,0.1258437002381364,1.0,1.0,0.0629218501190682,0.4863134552896404,0.0,0.01,0.4863134552896404,0.03603439177059248,0.0022673505981210046,,,,,,,,,,
strong_0.50__rupture_0__weak_0.25__floor_none__recipient_prediction_tilted,strong_incumbent_veto,pres_2017,sido_48,A,B,0.14222159439442095,0.1258437002381364,1.0,1.0,0.0629218501190682,0.3752628188705947,0.0,0.01,0.3752628188705947,0.034783946318121595,0.0021886702567785613,,,,,,,,,,
strong_0.50__rupture_0__weak_0.25__floor_none__recipient_prediction_tilted,strong_incumbent_veto,pres_2017,sido_50,A,B,0.14222159439442095,0.1258437002381364,1.0,1.0,0.0629218501190682,0.2397495310485979,0.0,0.01,0.2397495310485979,0.045654470168853906,0.0028726637292300957,,,,,,,,,,
strong_0.50__rupture_0__weak_0.25__floor_none__recipient_prediction_tilted,weak_same_lane_refusal,pres_2002,sido_11,,,,,,,,,,,,,0.015156463026965501,C,A|B,0.0172553182802303,none,prediction_tilted,0.0,0.060625852107862005,0.060625852107862005,0.25,0.045469389080896504
strong_0.50__rupture_0__weak_0.25__floor_none__recipient_prediction_tilted,weak_same_lane_refusal,pres_2002,sido_26,,,,,,,,,,,,,0.026662884697206,C,A|B,0.039818482004606,none,prediction_tilted,0.0,0.106651538788824,0.106651538788824,0.25,0.079988654091618
strong_0.50__rupture_0__weak_0.25__floor_none__recipient_prediction_tilted,weak_same_lane_refusal,pres_2002,sido_27,,,,,,,,,,,,,0.01293066379455085,C,A|B,0.0058164519761945,none,prediction_tilted,0.0,0.0517226551782034,0.0517226551782034,0.25,0.03879199138365255
strong_0.50__rupture_0__weak_0.25__floor_none__recipient_prediction_tilted,weak_same_lane_refusal,pres_2002,sido_28,,,,,,,,,,,,,0.0157001978635346,C,A|B,0.0255062904560678,none,prediction_tilted,0.0,0.0628007914541384,0.0628007914541384,0.25,0.0471005935906038
strong_0.50__rupture_0__weak_0.25__floor_none__recipient_prediction_tilted,weak_same_lane_refusal,pres_2002,sido_29,,,,,,,,,,,,,0.033675338749889996,C,A|B,0.0779749988731636,none,prediction_tilted,0.0,0.13470135499955999,0.13470135499955999,0.25,0.10102601624966999
strong_0.50__rupture_0__weak_0.25__floor_none__recipient_prediction_tilted,weak_same_lane_refusal,pres_2002,sido_30,,,,,,,,,,,,,0.018854181738812648,C,A|B,0.0189676131685742,none,prediction_tilted,0.0,0.07541672695525059,0.07541672695525059,0.25,0.05656254521643794
strong_0.50__rupture_0__weak_0.25__floor_none__recipient_prediction_tilted,weak_same_lane_refusal,pres_2002,sido_31,,,,,,,,,,,,,0.06385040761748985,C,A|B,0.3115852121639049,none,prediction_tilted,0.0,0.2554016304699594,0.2554016304699594,0.25,0.19155122285246956
strong_0.50__rupture_0__weak_0.25__floor_none__recipient_prediction_tilted,weak_same_lane_refusal,pres_2002,sido_41,,,,,,,,,,,,,0.01455510730682265,C,A|B,0.0208780312728109,none,prediction_tilted,0.0,0.0582204292272906,0.0582204292272906,0.25,0.04366532192046795
strong_0.50__rupture_0__weak_0.25__floor_none__recipient_prediction_tilted,weak_same_lane_refusal,pres_2002,sido_42,,,,,,,,,,,,,0.021611941729852452,C,A|B,0.0200289187580357,none,prediction_tilted,0.0,0.08644776691940981,0.08644776691940981,0.25,0.06483582518955736
strong_0.50__rupture_0__weak_0.25__floor_none__recipient_prediction_tilted,weak_same_lane_refusal,pres_2002,sido_43,,,,,,,,,,,,,0.018326842252004,C,A|B,0.0118716878700329,none,prediction_tilted,0.0,0.073307369008016,0.073307369008016,0.25,0.054980526756012005
strong_0.50__rupture_0__weak_0.25__floor_none__recipient_prediction_tilted,weak_same_lane_refusal,pres_2002,sido_44,,,,,,,,,,,,,0.0113510764106933,C,A|B,0.0095463081839152,none,prediction_tilted,0.0,0.0454043056427732,0.0454043056427732,0.25,0.0340532292320799
strong_0.50__rupture_0__weak_0.25__floor_none__recipient_prediction_tilted,weak_same_lane_refusal,pres_2002,sido_45,,,,,,,,,,,,,0.031913815631583145,C,A|B,0.0228231814936564,none,prediction_tilted,0.0,0.12765526252633258,0.12765526252633258,0.25,0.09574144689474944
strong_0.50__rupture_0__weak_0.25__floor_none__recipient_prediction_tilted,weak_same_lane_refusal,pres_2002,sido_46,,,,,,,,,,,,,0.0338838348079597,C,A|B,0.0132624825931937,none,prediction_tilted,0.0,0.1355353392318388,0.1355353392318388,0.25,0.1016515044238791
strong_0.50__rupture_0__weak_0.25__floor_none__recipient_prediction_tilted,weak_same_lane_refusal,pres_2002,sido_47,,,,,,,,,,,,,0.011240285925759999,C,A|B,0.0296959172831779,none,prediction_tilted,0.0,0.044961143703039996,0.044961143703039996,0.25,0.03372085777728
strong_0.50__rupture_0__weak_0.25__floor_none__recipient_prediction_tilted,weak_same_lane_refusal,pres_2002,sido_48,,,,,,,,,,,,,0.022391729857118903,C,A|B,0.0344685791555901,none,prediction_tilted,0.0,0.08956691942847561,0.08956691942847561,0.25,0.06717518957135671
strong_0.50__rupture_0__weak_0.25__floor_none__recipient_prediction_tilted,weak_same_lane_refusal,pres_2002,sido_50,,,,,,,,,,,,,0.03681425244378042,C,A|B,0.0,none,prediction_tilted,0.0,0.14725700977512168,0.14725700977512168,0.25,0.11044275733134126
strong_0.50__rupture_0__weak_0.25__floor_none__recipient_prediction_tilted,weak_same_lane_refusal,pres_2022,sido_11,,,,,,,,,,,,,0.012562248113698951,C,A|B,0.029384832583875,none,prediction_tilted,0.0,0.050248992454795804,0.050248992454795804,0.25,0.03768674434109685
strong_0.50__rupture_0__weak_0.25__floor_none__recipient_prediction_tilted,weak_same_lane_refusal,pres_2022,sido_26,,,,,,,,,,,,,0.0118299859392793,C,A|B,0.0399820977460082,none,prediction_tilted,0.0,0.0473199437571172,0.0473199437571172,0.25,0.0354899578178379
strong_0.50__rupture_0__weak_0.25__floor_none__recipient_prediction_tilted,weak_same_lane_refusal,pres_2022,sido_27,,,,,,,,,,,,,0.0089682462492505,C,A|B,0.0389354436816256,none,prediction_tilted,0.0,0.035872984997002,0.035872984997002,0.25,0.026904738747751497
strong_0.50__rupture_0__weak_0.25__floor_none__recipient_prediction_tilted,weak_same_lane_refusal,pres_2022,sido_28,,,,,,,,,,,,,0.013357958031339951,C,A|B,0.0485003528440327,none,prediction_tilted,0.0,0.053431832125359804,0.053431832125359804,0.25,0.04007387409401986
strong_0.50__rupture_0__weak_0.25__floor_none__recipient_prediction_tilted,weak_same_lane_refusal,pres_2022,sido_29,,,,,,,,,,,,,0.021172412616662598,C,A|B,0.0876883018010707,none,prediction_tilted,0.0,0.08468965046665039,0.08468965046665039,0.25,0.06351723784998779
strong_0.50__rupture_0__weak_0.25__floor_none__recipient_prediction_tilted,weak_same_lane_refusal,pres_2022,sido_30,,,,,,,,,,,,,0.0125772789220955,C,A|B,0.0287620743601844,none,prediction_tilted,0.0,0.050309115688382,0.050309115688382,0.25,0.0377318367662865
strong_0.50__rupture_0__weak_0.25__floor_none__recipient_prediction_tilted,weak_same_lane_refusal,pres_2022,sido_31,,,,,,,,,,,,,0.0255607747165258,C,A|B,0.176134143020495,none,prediction_tilted,0.0,0.1022430988661032,0.1022430988661032,0.25,0.0766823241495774
strong_0.50__rupture_0__weak_0.25__floor_none__recipient_prediction_tilted,weak_same_lane_refusal,pres_2022,sido_36,,,,,,,,,,,,,0.014941504272859351,C,A|B,0.0509430370441767,none,prediction_tilted,0.0,0.059766017091437404,0.059766017091437404,0.25,0.04482451281857805
strong_0.50__rupture_0__weak_0.25__floor_none__recipient_prediction_tilted,weak_same_lane_refusal,pres_2022,sido_41,,,,,,,,,,,,,0.011146048288238501,C,A|B,0.0359763522960836,none,prediction_tilted,0.0,0.044584193152954005,0.044584193152954005,0.25,0.033438144864715504
strong_0.50__rupture_0__weak_0.25__floor_none__recipient_prediction_tilted,weak_same_lane_refusal,pres_2022,sido_42,,,,,,,,,,,,,0.01167858631219465,C,A|B,0.0308172356117518,none,prediction_tilted,0.0,0.0467143452487786,0.0467143452487786,0.25,0.03503575893658395
strong_0.50__rupture_0__weak_0.25__floor_none__recipient_prediction_tilted,weak_same_lane_refusal,pres_2022,sido_43,,,,,,,,,,,,,0.0118335030223671,C,A|B,0.0345580698080987,none,prediction_tilted,0.0,0.0473340120894684,0.0473340120894684,0.25,0.035500509067101296
strong_0.50__rupture_0__weak_0.25__floor_none__recipient_prediction_tilted,weak_same_lane_refusal,pres_2022,sido_44,,,,,,,,,,,,,0.01175577246773285,C,A|B,0.0309340683403439,none,prediction_tilted,0.0,0.0470230898709314,0.0470230898709314,0.25,0.03526731740319855
strong_0.50__rupture_0__weak_0.25__floor_none__recipient_prediction_tilted,weak_same_lane_refusal,pres_2022,sido_45,,,,,,,,,,,,,0.01809903448965525,C,A|B,0.0459485902537228,none,prediction_tilted,0.0,0.072396137958621,0.072396137958621,0.25,0.054297103468965754
strong_0.50__rupture_0__weak_0.25__floor_none__recipient_prediction_tilted,weak_same_lane_refusal,pres_2022,sido_46,,,,,,,,,,,,,0.0179342119010936,C,A|B,0.0592373366011094,none,prediction_tilted,0.0,0.0717368476043744,0.0717368476043744,0.25,0.0538026357032808
strong_0.50__rupture_0__weak_0.25__floor_none__recipient_prediction_tilted,weak_same_lane_refusal,pres_2022,sido_47,,,,,,,,,,,,,0.008854561693840399,C,A|B,0.0343795636905044,none,prediction_tilted,0.0,0.035418246775361595,0.035418246775361595,0.25,0.026563685081521196
strong_0.50__rupture_0__weak_0.25__floor_none__recipient_prediction_tilted,weak_same_lane_refusal,pres_2022,sido_48,,,,,,,,,,,,,0.0156137634517944,C,A|B,0.0766151338961869,none,prediction_tilted,0.0,0.0624550538071776,0.0624550538071776,0.25,0.0468412903553832
strong_0.50__rupture_0__weak_0.25__floor_none__recipient_prediction_tilted,weak_same_lane_refusal,pres_2022,sido_50,,,,,,,,,,,,,0.0184190149267584,C,A|B,0.0503767176193264,none,prediction_tilted,0.0,0.0736760597070336,0.0736760597070336,0.25,0.0552570447802752
strong_0.50__rupture_0__weak_0.50__floor_candidate_ballot__recipient_affinity_only,strong_incumbent_veto,pres_2007,sido_11,A,B,0.1550560112006703,0.1830565695612803,0.6837328178902612,1.0,0.0625808920697294,0.224727422604459,0.0,0.01,0.224727422604459,0.11575376295856316,0.007243973746374882,,,,,,,,,,
strong_0.50__rupture_0__weak_0.50__floor_candidate_ballot__recipient_affinity_only,strong_incumbent_veto,pres_2007,sido_26,A,B,0.1550560112006703,0.1830565695612803,0.6837328178902612,1.0,0.0625808920697294,0.1230144019232013,0.0,0.01,0.1230144019232013,0.06769999442714049,0.004236726044366161,,,,,,,,,,
strong_0.50__rupture_0__weak_0.50__floor_candidate_ballot__recipient_affinity_only,strong_incumbent_veto,pres_2007,sido_27,A,B,0.1550560112006703,0.1830565695612803,0.6837328178902612,1.0,0.0625808920697294,0.0533297784427378,0.0,0.01,0.0533297784427378,0.036548243373766096,0.002287221673911859,,,,,,,,,,
strong_0.50__rupture_0__weak_0.50__floor_candidate_ballot__recipient_affinity_only,strong_incumbent_veto,pres_2007,sido_28,A,B,0.1550560112006703,0.1830565695612803,0.6837328178902612,1.0,0.0625808920697294,0.1882964963574757,0.0,0.01,0.1882964963574757,0.1253482410577939,0.007844404744768224,,,,,,,,,,
strong_0.50__rupture_0__weak_0.50__floor_candidate_ballot__recipient_affinity_only,strong_incumbent_veto,pres_2007,sido_29,A,B,0.1550560112006703,0.1830565695612803,0.6837328178902612,1.0,0.0625808920697294,0.5063986688693,0.0,0.01,0.5063986688693,0.24746182449968468,0.015486381730393087,,,,,,,,,,
strong_0.50__rupture_0__weak_0.50__floor_candidate_ballot__recipient_affinity_only,strong_incumbent_veto,pres_2007,sido_30,A,B,0.1550560112006703,0.1830565695612803,0.6837328178902612,1.0,0.0625808920697294,0.1749885957265136,0.0,0.01,0.1749885957265136,0.1550161062926277,0.009701046216968634,,,,,,,,,,
strong_0.50__rupture_0__weak_0.50__floor_candidate_ballot__recipient_affinity_only,strong_incumbent_veto,pres_2007,sido_31,A,B,0.1550560112006703,0.1830565695612803,0.6837328178902612,1.0,0.0625808920697294,0.0922216716368157,0.0,0.01,0.0922216716368157,0.0762003677779345,0.004768686991584605,,,,,,,,,,
strong_0.50__rupture_0__weak_0.50__floor_candidate_ballot__recipient_affinity_only,strong_incumbent_veto,pres_2007,sido_41,A,B,0.1550560112006703,0.1830565695612803,0.6837328178902612,1.0,0.0625808920697294,0.1969781637048186,0.0,0.01,0.1969781637048186,0.12484403173333555,0.007812850875453744,,,,,,,,,,
strong_0.50__rupture_0__weak_0.50__floor_candidate_ballot__recipient_affinity_only,strong_incumbent_veto,pres_2007,sido_42,A,B,0.1550560112006703,0.1830565695612803,0.6837328178902612,1.0,0.0625808920697294,0.1620964538589391,0.0,0.01,0.1620964538589391,0.0926504884460915,0.005798150217652563,,,,,,,,,,
strong_0.50__rupture_0__weak_0.50__floor_candidate_ballot__recipient_affinity_only,strong_incumbent_veto,pres_2007,sido_43,A,B,0.1550560112006703,0.1830565695612803,0.6837328178902612,1.0,0.0625808920697294,0.1871115693451475,0.0,0.01,0.1871115693451475,0.1250937284019757,0.007828477115724083,,,,,,,,,,
strong_0.50__rupture_0__weak_0.50__floor_candidate_ballot__recipient_affinity_only,strong_incumbent_veto,pres_2007,sido_44,A,B,0.1550560112006703,0.1830565695612803,0.6837328178902612,1.0,0.0625808920697294,0.1339414116449834,0.0,0.01,0.1339414116449834,0.1803984259604589,0.01128949442458055,,,,,,,,,,
strong_0.50__rupture_0__weak_0.50__floor_candidate_ballot__recipient_affinity_only,strong_incumbent_veto,pres_2007,sido_45,A,B,0.1550560112006703,0.1830565695612803,0.6837328178902612,1.0,0.0625808920697294,0.5050615589935803,0.0,0.01,0.5050615589935803,0.2489963619554737,0.015582414453290776,,,,,,,,,,
strong_0.50__rupture_0__weak_0.50__floor_candidate_ballot__recipient_affinity_only,strong_incumbent_veto,pres_2007,sido_46,A,B,0.1550560112006703,0.1830565695612803,0.6837328178902612,1.0,0.0625808920697294,0.5115021109033597,0.0,0.01,0.5115021109033597,0.2436089090943725,0.015245262847259446,,,,,,,,,,
strong_0.50__rupture_0__weak_0.50__floor_candidate_ballot__recipient_affinity_only,strong_incumbent_veto,pres_2007,sido_47,A,B,0.1550560112006703,0.1830565695612803,0.6837328178902612,1.0,0.0625808920697294,0.0689035077128128,0.0,0.01,0.0689035077128128,0.03689871266594581,0.0023091543548595123,,,,,,,,,,
strong_0.50__rupture_0__weak_0.50__floor_candidate_ballot__recipient_affinity_only,strong_incumbent_veto,pres_2007,sido_48,A,B,0.1550560112006703,0.1830565695612803,0.6837328178902612,1.0,0.0625808920697294,0.0994668855013218,0.0,0.01,0.0994668855013218,0.0644903902204684,0.004035866149921866,,,,,,,,,,
strong_0.50__rupture_0__weak_0.50__floor_candidate_ballot__recipient_affinity_only,strong_incumbent_veto,pres_2007,sido_50,A,B,0.1550560112006703,0.1830565695612803,0.6837328178902612,1.0,0.0625808920697294,0.0,0.0,0.01,0.0,0.2696919174747736,0.016877560779567178,,,,,,,,,,
strong_0.50__rupture_0__weak_0.50__floor_candidate_ballot__recipient_affinity_only,strong_incumbent_veto,pres_2017,sido_11,A,B,0.14222159439442095,0.1258437002381364,1.0,1.0,0.0629218501190682,0.2981507946412702,0.0,0.01,0.2981507946412702,0.020775818418153735,0.001307252932608046,,,,,,,,,,
strong_0.50__rupture_0__weak_0.50__floor_candidate_ballot__recipient_affinity_only,strong_incumbent_veto,pres_2017,sido_26,A,B,0.14222159439442095,0.1258437002381364,1.0,1.0,0.0629218501190682,0.3539560494922693,0.0,0.01,0.3539560494922693,0.03533489788607641,0.00222333714876028,,,,,,,,,,
strong_0.50__rupture_0__weak_0.50__floor_candidate_ballot__recipient_affinity_only,strong_incumbent_veto,pres_2017,sido_27,A,B,0.14222159439442095,0.1258437002381364,1.0,1.0,0.0629218501190682,0.4618834178563183,0.0,0.01,0.4618834178563183,0.035586450889516674,0.0022391653291397493,,,,,,,,,,
strong_0.50__rupture_0__weak_0.50__floor_candidate_ballot__recipient_affinity_only,strong_incumbent_veto,pres_2017,sido_28,A,B,0.14222159439442095,0.1258437002381364,1.0,1.0,0.0629218501190682,0.2930148075897038,0.0,0.01,0.2930148075897038,0.02963264010423733,0.0018645405392711107,,,,,,,,,,
strong_0.50__rupture_0__weak_0.50__floor_candidate_ballot__recipient_affinity_only,strong_incumbent_veto,pres_2017,sido_29,A,B,0.14222159439442095,0.1258437002381364,1.0,1.0,0.0629218501190682,0.0341806016229801,0.0,0.01,0.0341806016229801,0.020989257269728195,0.0013206829000364001,,,,,,,,,,
strong_0.50__rupture_0__weak_0.50__floor_candidate_ballot__recipient_affinity_only,strong_incumbent_veto,pres_2017,sido_30,A,B,0.14222159439442095,0.1258437002381364,1.0,1.0,0.0629218501190682,0.2396170369219419,0.0,0.01,0.2396170369219419,0.029086009721897926,0.001830145544283022,,,,,,,,,,
strong_0.50__rupture_0__weak_0.50__floor_candidate_ballot__recipient_affinity_only,strong_incumbent_veto,pres_2017,sido_31,A,B,0.14222159439442095,0.1258437002381364,1.0,1.0,0.0629218501190682,0.3553353097157836,0.0,0.01,0.3553353097157836,0.03151593008562664,0.001983040629210832,,,,,,,,,,
strong_0.50__rupture_0__weak_0.50__floor_candidate_ballot__recipient_affinity_only,strong_incumbent_veto,pres_2017,sido_36,A,B,0.14222159439442095,0.1258437002381364,1.0,1.0,0.0629218501190682,0.1724331995485346,0.0,0.01,0.1724331995485346,0.05851073368036361,0.0036816036149925546,,,,,,,,,,
strong_0.50__rupture_0__weak_0.50__floor_candidate_ballot__recipient_affinity_only,strong_incumbent_veto,pres_2017,sido_41,A,B,0.14222159439442095,0.1258437002381364,1.0,1.0,0.0629218501190682,0.2904867750077805,0.0,0.01,0.2904867750077805,0.029907444360296687,0.0018818317314829597,,,,,,,,,,
strong_0.50__rupture_0__weak_0.50__floor_candidate_ballot__recipient_affinity_only,strong_incumbent_veto,pres_2017,sido_42,A,B,0.14222159439442095,0.1258437002381364,1.0,1.0,0.0629218501190682,0.3376440484133232,0.0,0.01,0.3376440484133232,0.03245600676312743,0.0020421919930129684,,,,,,,,,,
strong_0.50__rupture_0__weak_0.50__floor_candidate_ballot__recipient_affinity_only,strong_incumbent_veto,pres_2017,sido_43,A,B,0.14222159439442095,0.1258437002381364,1.0,1.0,0.0629218501190682,0.2911638514975106,0.0,0.01,0.2911638514975106,0.03015423544612711,0.0018973602831963035,,,,,,,,,,
strong_0.50__rupture_0__weak_0.50__floor_candidate_ballot__recipient_affinity_only,strong_incumbent_veto,pres_2017,sido_44,A,B,0.14222159439442095,0.1258437002381364,1.0,1.0,0.0629218501190682,0.2550776099850012,0.0,0.01,0.2550776099850012,0.030969977487163403,0.001948688281638212,,,,,,,,,,
strong_0.50__rupture_0__weak_0.50__floor_candidate_ballot__recipient_affinity_only,strong_incumbent_veto,pres_2017,sido_45,A,B,0.14222159439442095,0.1258437002381364,1.0,1.0,0.0629218501190682,0.0682483484546126,0.0,0.01,0.0682483484546126,0.025322934131601596,0.001593365866003672,,,,,,,,,,
strong_0.50__rupture_0__weak_0.50__floor_candidate_ballot__recipient_affinity_only,strong_incumbent_veto,pres_2017,sido_46,A,B,0.14222159439442095,0.1258437002381364,1.0,1.0,0.0629218501190682,0.0438553923470368,0.0,0.01,0.0438553923470368,0.020205248004484,0.001271351586556744,,,,,,,,,,
strong_0.50__rupture_0__weak_0.50__floor_candidate_ballot__recipient_affinity_only,strong_incumbent_veto,pres_2017,sido_47,A,B,0.14222159439442095,0.1258437002381364,1.0,1.0,0.0629218501190682,0.4863134552896404,0.0,0.01,0.4863134552896404,0.03603439177059248,0.0022673505981210046,,,,,,,,,,
strong_0.50__rupture_0__weak_0.50__floor_candidate_ballot__recipient_affinity_only,strong_incumbent_veto,pres_2017,sido_48,A,B,0.14222159439442095,0.1258437002381364,1.0,1.0,0.0629218501190682,0.3752628188705947,0.0,0.01,0.3752628188705947,0.034783946318121595,0.0021886702567785613,,,,,,,,,,
strong_0.50__rupture_0__weak_0.50__floor_candidate_ballot__recipient_affinity_only,strong_incumbent_veto,pres_2017,sido_50,A,B,0.14222159439442095,0.1258437002381364,1.0,1.0,0.0629218501190682,0.2397495310485979,0.0,0.01,0.2397495310485979,0.045654470168853906,0.0028726637292300957,,,,,,,,,,
strong_0.50__rupture_0__weak_0.50__floor_candidate_ballot__recipient_affinity_only,weak_same_lane_refusal,pres_2002,sido_11,,,,,,,,,,,,,0.02168526691381585,C,A,0.0172553182802303,candidate_ballot,affinity_only,0.0172553182802303,0.060625852107862005,0.0433705338276317,0.5,0.038940585194046154
strong_0.50__rupture_0__weak_0.50__floor_candidate_ballot__recipient_affinity_only,weak_same_lane_refusal,pres_2002,sido_26,,,,,,,,,,,,,0.033416528392109,C,A,0.039818482004606,candidate_ballot,affinity_only,0.039818482004606,0.106651538788824,0.066833056784218,0.5,0.073235010396715
strong_0.50__rupture_0__weak_0.50__floor_candidate_ballot__recipient_affinity_only,weak_same_lane_refusal,pres_2002,sido_27,,,,,,,,,,,,,0.02295310160100445,C,A,0.0058164519761945,candidate_ballot,affinity_only,0.0058164519761945,0.0517226551782034,0.0459062032020089,0.5,0.02876955357719895
strong_0.50__rupture_0__weak_0.50__floor_candidate_ballot__recipient_affinity_only,weak_same_lane_refusal,pres_2002,sido_28,,,,,,,,,,,,,0.018647250499035303,C,A,0.0255062904560678,candidate_ballot,affinity_only,0.0255062904560678,0.0628007914541384,0.03729450099807061,0.5,0.0441535409551031
strong_0.50__rupture_0__weak_0.50__floor_candidate_ballot__recipient_affinity_only,weak_same_lane_refusal,pres_2002,sido_29,,,,,,,,,,,,,0.028363178063198193,C,A,0.0779749988731636,candidate_ballot,affinity_only,0.0779749988731636,0.13470135499955999,0.056726356126396385,0.5,0.1063381769363618
strong_0.50__rupture_0__weak_0.50__floor_candidate_ballot__recipient_affinity_only,weak_same_lane_refusal,pres_2002,sido_30,,,,,,,,,,,,,0.028224556893338193,C,A,0.0189676131685742,candidate_ballot,affinity_only,0.0189676131685742,0.07541672695525059,0.056449113786676386,0.5,0.0471921700619124
strong_0.50__rupture_0__weak_0.50__floor_candidate_ballot__recipient_affinity_only,weak_same_lane_refusal,pres_2002,sido_41,,,,,,,,,,,,,0.01867119897723985,C,A,0.0208780312728109,candidate_ballot,affinity_only,0.0208780312728109,0.0582204292272906,0.0373423979544797,0.5,0.03954923025005075
strong_0.50__rupture_0__weak_0.50__floor_candidate_ballot__recipient_affinity_only,weak_same_lane_refusal,pres_2002,sido_42,,,,,,,,,,,,,0.033209424080687056,C,A,0.0200289187580357,candidate_ballot,affinity_only,0.0200289187580357,0.08644776691940981,0.06641884816137411,0.5,0.05323834283872275
strong_0.50__rupture_0__weak_0.50__floor_candidate_ballot__recipient_affinity_only,weak_same_lane_refusal,pres_2002,sido_43,,,,,,,,,,,,,0.03071784056899155,C,A,0.0118716878700329,candidate_ballot,affinity_only,0.0118716878700329,0.073307369008016,0.0614356811379831,0.5,0.04258952843902445
strong_0.50__rupture_0__weak_0.50__floor_candidate_ballot__recipient_affinity_only,weak_same_lane_refusal,pres_2002,sido_44,,,,,,,,,,,,,0.017928998729429,C,A,0.0095463081839152,candidate_ballot,affinity_only,0.0095463081839152,0.0454043056427732,0.035857997458858,0.5,0.0274753069133442
strong_0.50__rupture_0__weak_0.50__floor_candidate_ballot__recipient_affinity_only,weak_same_lane_refusal,pres_2002,sido_45,,,,,,,,,,,,,0.052416040516338094,C,A,0.0228231814936564,candidate_ballot,affinity_only,0.0228231814936564,0.12765526252633258,0.10483208103267619,0.5,0.07523922200999449
strong_0.50__rupture_0__weak_0.50__floor_candidate_ballot__recipient_affinity_only,weak_same_lane_refusal,pres_2002,sido_46,,,,,,,,,,,,,0.061136428319322554,C,A,0.0132624825931937,candidate_ballot,affinity_only,0.0132624825931937,0.1355353392318388,0.12227285663864511,0.5,0.07439891091251624
strong_0.50__rupture_0__weak_0.50__floor_candidate_ballot__recipient_affinity_only,weak_same_lane_refusal,pres_2002,sido_47,,,,,,,,,,,,,0.007632613209931048,C,A,0.0296959172831779,candidate_ballot,affinity_only,0.0296959172831779,0.044961143703039996,0.015265226419862096,0.5,0.03732853049310895
strong_0.50__rupture_0__weak_0.50__floor_candidate_ballot__recipient_affinity_only,weak_same_lane_refusal,pres_2002,sido_48,,,,,,,,,,,,,0.027549170136442754,C,A,0.0344685791555901,candidate_ballot,affinity_only,0.0344685791555901,0.08956691942847561,0.05509834027288551,0.5,0.06201774929203285
strong_0.50__rupture_0__weak_0.50__floor_candidate_ballot__recipient_affinity_only,weak_same_lane_refusal,pres_2002,sido_50,,,,,,,,,,,,,0.07362850488756084,C,A,0.0,candidate_ballot,affinity_only,0.0,0.14725700977512168,0.14725700977512168,0.5,0.07362850488756084
strong_0.50__rupture_0__weak_0.50__floor_candidate_ballot__recipient_affinity_only,weak_same_lane_refusal,pres_2022,sido_11,,,,,,,,,,,,,0.010432079935460402,C,B,0.029384832583875,candidate_ballot,affinity_only,0.029384832583875,0.050248992454795804,0.020864159870920804,0.5,0.039816912519335404
strong_0.50__rupture_0__weak_0.50__floor_candidate_ballot__recipient_affinity_only,weak_same_lane_refusal,pres_2022,sido_26,,,,,,,,,,,,,0.003668923005554499,C,B,0.0399820977460082,candidate_ballot,affinity_only,0.0399820977460082,0.0473199437571172,0.007337846011108998,0.5,0.0436510207515627
strong_0.50__rupture_0__weak_0.50__floor_candidate_ballot__recipient_affinity_only,weak_same_lane_refusal,pres_2022,sido_28,,,,,,,,,,,,,0.0024657396406635515,C,B,0.0485003528440327,candidate_ballot,affinity_only,0.0485003528440327,0.053431832125359804,0.004931479281327103,0.5,0.05096609248469625
strong_0.50__rupture_0__weak_0.50__floor_candidate_ballot__recipient_affinity_only,weak_same_lane_refusal,pres_2022,sido_30,,,,,,,,,,,,,0.010773520664098798,C,B,0.0287620743601844,candidate_ballot,affinity_only,0.0287620743601844,0.050309115688382,0.021547041328197597,0.5,0.0395355950242832
strong_0.50__rupture_0__weak_0.50__floor_candidate_ballot__recipient_affinity_only,weak_same_lane_refusal,pres_2022,sido_36,,,,,,,,,,,,,0.004411490023630352,C,B,0.0509430370441767,candidate_ballot,affinity_only,0.0509430370441767,0.059766017091437404,0.008822980047260703,0.5,0.05535452706780705
strong_0.50__rupture_0__weak_0.50__floor_candidate_ballot__recipient_affinity_only,weak_same_lane_refusal,pres_2022,sido_41,,,,,,,,,,,,,0.004303920428435203,C,B,0.0359763522960836,candidate_ballot,affinity_only,0.0359763522960836,0.044584193152954005,0.008607840856870407,0.5,0.0402802727245188
strong_0.50__rupture_0__weak_0.50__floor_candidate_ballot__recipient_affinity_only,weak_same_lane_refusal,pres_2022,sido_42,,,,,,,,,,,,,0.0079485548185134,C,B,0.0308172356117518,candidate_ballot,affinity_only,0.0308172356117518,0.0467143452487786,0.0158971096370268,0.5,0.0387657904302652
strong_0.50__rupture_0__weak_0.50__floor_candidate_ballot__recipient_affinity_only,weak_same_lane_refusal,pres_2022,sido_43,,,,,,,,,,,,,0.006387971140684848,C,B,0.0345580698080987,candidate_ballot,affinity_only,0.0345580698080987,0.0473340120894684,0.012775942281369697,0.5,0.040946040948783555
strong_0.50__rupture_0__weak_0.50__floor_candidate_ballot__recipient_affinity_only,weak_same_lane_refusal,pres_2022,sido_44,,,,,,,,,,,,,0.00804451076529375,C,B,0.0309340683403439,candidate_ballot,affinity_only,0.0309340683403439,0.0470230898709314,0.0160890215305875,0.5,0.03897857910563765
strong_0.50__rupture_0__weak_0.50__floor_candidate_ballot__recipient_affinity_only,weak_same_lane_refusal,pres_2022,sido_45,,,,,,,,,,,,,0.013223773852449102,C,B,0.0459485902537228,candidate_ballot,affinity_only,0.0459485902537228,0.072396137958621,0.026447547704898204,0.5,0.059172364106171896
strong_0.50__rupture_0__weak_0.50__floor_candidate_ballot__recipient_affinity_only,weak_same_lane_refusal,pres_2022,sido_46,,,,,,,,,,,,,0.006249755501632502,C,B,0.0592373366011094,candidate_ballot,affinity_only,0.0592373366011094,0.0717368476043744,0.012499511003265004,0.5,0.0654870921027419
strong_0.50__rupture_0__weak_0.50__floor_candidate_ballot__recipient_affinity_only,weak_same_lane_refusal,pres_2022,sido_47,,,,,,,,,,,,,0.0005193415424285981,C,B,0.0343795636905044,candidate_ballot,affinity_only,0.0343795636905044,0.035418246775361595,0.0010386830848571962,0.5,0.034898905232933
strong_0.50__rupture_0__weak_0.50__floor_candidate_ballot__recipient_affinity_only,weak_same_lane_refusal,pres_2022,sido_50,,,,,,,,,,,,,0.011649671043853602,C,B,0.0503767176193264,candidate_ballot,affinity_only,0.0503767176193264,0.0736760597070336,0.023299342087707203,0.5,0.06202638866318
strong_0.50__rupture_0__weak_0.50__floor_candidate_ballot__recipient_prediction_tilted,strong_incumbent_veto,pres_2007,sido_11,A,B,0.1550560112006703,0.1830565695612803,0.6837328178902612,1.0,0.0625808920697294,0.224727422604459,0.0,0.01,0.224727422604459,0.11575376295856316,0.007243973746374882,,,,,,,,,,
strong_0.50__rupture_0__weak_0.50__floor_candidate_ballot__recipient_prediction_tilted,strong_incumbent_veto,pres_2007,sido_26,A,B,0.1550560112006703,0.1830565695612803,0.6837328178902612,1.0,0.0625808920697294,0.1230144019232013,0.0,0.01,0.1230144019232013,0.06769999442714049,0.004236726044366161,,,,,,,,,,
strong_0.50__rupture_0__weak_0.50__floor_candidate_ballot__recipient_prediction_tilted,strong_incumbent_veto,pres_2007,sido_27,A,B,0.1550560112006703,0.1830565695612803,0.6837328178902612,1.0,0.0625808920697294,0.0533297784427378,0.0,0.01,0.0533297784427378,0.036548243373766096,0.002287221673911859,,,,,,,,,,
strong_0.50__rupture_0__weak_0.50__floor_candidate_ballot__recipient_prediction_tilted,strong_incumbent_veto,pres_2007,sido_28,A,B,0.1550560112006703,0.1830565695612803,0.6837328178902612,1.0,0.0625808920697294,0.1882964963574757,0.0,0.01,0.1882964963574757,0.1253482410577939,0.007844404744768224,,,,,,,,,,
strong_0.50__rupture_0__weak_0.50__floor_candidate_ballot__recipient_prediction_tilted,strong_incumbent_veto,pres_2007,sido_29,A,B,0.1550560112006703,0.1830565695612803,0.6837328178902612,1.0,0.0625808920697294,0.5063986688693,0.0,0.01,0.5063986688693,0.24746182449968468,0.015486381730393087,,,,,,,,,,
strong_0.50__rupture_0__weak_0.50__floor_candidate_ballot__recipient_prediction_tilted,strong_incumbent_veto,pres_2007,sido_30,A,B,0.1550560112006703,0.1830565695612803,0.6837328178902612,1.0,0.0625808920697294,0.1749885957265136,0.0,0.01,0.1749885957265136,0.1550161062926277,0.009701046216968634,,,,,,,,,,
strong_0.50__rupture_0__weak_0.50__floor_candidate_ballot__recipient_prediction_tilted,strong_incumbent_veto,pres_2007,sido_31,A,B,0.1550560112006703,0.1830565695612803,0.6837328178902612,1.0,0.0625808920697294,0.0922216716368157,0.0,0.01,0.0922216716368157,0.0762003677779345,0.004768686991584605,,,,,,,,,,
strong_0.50__rupture_0__weak_0.50__floor_candidate_ballot__recipient_prediction_tilted,strong_incumbent_veto,pres_2007,sido_41,A,B,0.1550560112006703,0.1830565695612803,0.6837328178902612,1.0,0.0625808920697294,0.1969781637048186,0.0,0.01,0.1969781637048186,0.12484403173333555,0.007812850875453744,,,,,,,,,,
strong_0.50__rupture_0__weak_0.50__floor_candidate_ballot__recipient_prediction_tilted,strong_incumbent_veto,pres_2007,sido_42,A,B,0.1550560112006703,0.1830565695612803,0.6837328178902612,1.0,0.0625808920697294,0.1620964538589391,0.0,0.01,0.1620964538589391,0.0926504884460915,0.005798150217652563,,,,,,,,,,
strong_0.50__rupture_0__weak_0.50__floor_candidate_ballot__recipient_prediction_tilted,strong_incumbent_veto,pres_2007,sido_43,A,B,0.1550560112006703,0.1830565695612803,0.6837328178902612,1.0,0.0625808920697294,0.1871115693451475,0.0,0.01,0.1871115693451475,0.1250937284019757,0.007828477115724083,,,,,,,,,,
strong_0.50__rupture_0__weak_0.50__floor_candidate_ballot__recipient_prediction_tilted,strong_incumbent_veto,pres_2007,sido_44,A,B,0.1550560112006703,0.1830565695612803,0.6837328178902612,1.0,0.0625808920697294,0.1339414116449834,0.0,0.01,0.1339414116449834,0.1803984259604589,0.01128949442458055,,,,,,,,,,
strong_0.50__rupture_0__weak_0.50__floor_candidate_ballot__recipient_prediction_tilted,strong_incumbent_veto,pres_2007,sido_45,A,B,0.1550560112006703,0.1830565695612803,0.6837328178902612,1.0,0.0625808920697294,0.5050615589935803,0.0,0.01,0.5050615589935803,0.2489963619554737,0.015582414453290776,,,,,,,,,,
strong_0.50__rupture_0__weak_0.50__floor_candidate_ballot__recipient_prediction_tilted,strong_incumbent_veto,pres_2007,sido_46,A,B,0.1550560112006703,0.1830565695612803,0.6837328178902612,1.0,0.0625808920697294,0.5115021109033597,0.0,0.01,0.5115021109033597,0.2436089090943725,0.015245262847259446,,,,,,,,,,
strong_0.50__rupture_0__weak_0.50__floor_candidate_ballot__recipient_prediction_tilted,strong_incumbent_veto,pres_2007,sido_47,A,B,0.1550560112006703,0.1830565695612803,0.6837328178902612,1.0,0.0625808920697294,0.0689035077128128,0.0,0.01,0.0689035077128128,0.03689871266594581,0.0023091543548595123,,,,,,,,,,
strong_0.50__rupture_0__weak_0.50__floor_candidate_ballot__recipient_prediction_tilted,strong_incumbent_veto,pres_2007,sido_48,A,B,0.1550560112006703,0.1830565695612803,0.6837328178902612,1.0,0.0625808920697294,0.0994668855013218,0.0,0.01,0.0994668855013218,0.0644903902204684,0.004035866149921866,,,,,,,,,,
strong_0.50__rupture_0__weak_0.50__floor_candidate_ballot__recipient_prediction_tilted,strong_incumbent_veto,pres_2007,sido_50,A,B,0.1550560112006703,0.1830565695612803,0.6837328178902612,1.0,0.0625808920697294,0.0,0.0,0.01,0.0,0.2696919174747736,0.016877560779567178,,,,,,,,,,
strong_0.50__rupture_0__weak_0.50__floor_candidate_ballot__recipient_prediction_tilted,strong_incumbent_veto,pres_2017,sido_11,A,B,0.14222159439442095,0.1258437002381364,1.0,1.0,0.0629218501190682,0.2981507946412702,0.0,0.01,0.2981507946412702,0.020775818418153735,0.001307252932608046,,,,,,,,,,
strong_0.50__rupture_0__weak_0.50__floor_candidate_ballot__recipient_prediction_tilted,strong_incumbent_veto,pres_2017,sido_26,A,B,0.14222159439442095,0.1258437002381364,1.0,1.0,0.0629218501190682,0.3539560494922693,0.0,0.01,0.3539560494922693,0.03533489788607641,0.00222333714876028,,,,,,,,,,
strong_0.50__rupture_0__weak_0.50__floor_candidate_ballot__recipient_prediction_tilted,strong_incumbent_veto,pres_2017,sido_27,A,B,0.14222159439442095,0.1258437002381364,1.0,1.0,0.0629218501190682,0.4618834178563183,0.0,0.01,0.4618834178563183,0.035586450889516674,0.0022391653291397493,,,,,,,,,,
strong_0.50__rupture_0__weak_0.50__floor_candidate_ballot__recipient_prediction_tilted,strong_incumbent_veto,pres_2017,sido_28,A,B,0.14222159439442095,0.1258437002381364,1.0,1.0,0.0629218501190682,0.2930148075897038,0.0,0.01,0.2930148075897038,0.02963264010423733,0.0018645405392711107,,,,,,,,,,
strong_0.50__rupture_0__weak_0.50__floor_candidate_ballot__recipient_prediction_tilted,strong_incumbent_veto,pres_2017,sido_29,A,B,0.14222159439442095,0.1258437002381364,1.0,1.0,0.0629218501190682,0.0341806016229801,0.0,0.01,0.0341806016229801,0.020989257269728195,0.0013206829000364001,,,,,,,,,,
strong_0.50__rupture_0__weak_0.50__floor_candidate_ballot__recipient_prediction_tilted,strong_incumbent_veto,pres_2017,sido_30,A,B,0.14222159439442095,0.1258437002381364,1.0,1.0,0.0629218501190682,0.2396170369219419,0.0,0.01,0.2396170369219419,0.029086009721897926,0.001830145544283022,,,,,,,,,,
strong_0.50__rupture_0__weak_0.50__floor_candidate_ballot__recipient_prediction_tilted,strong_incumbent_veto,pres_2017,sido_31,A,B,0.14222159439442095,0.1258437002381364,1.0,1.0,0.0629218501190682,0.3553353097157836,0.0,0.01,0.3553353097157836,0.03151593008562664,0.001983040629210832,,,,,,,,,,
strong_0.50__rupture_0__weak_0.50__floor_candidate_ballot__recipient_prediction_tilted,strong_incumbent_veto,pres_2017,sido_36,A,B,0.14222159439442095,0.1258437002381364,1.0,1.0,0.0629218501190682,0.1724331995485346,0.0,0.01,0.1724331995485346,0.05851073368036361,0.0036816036149925546,,,,,,,,,,
strong_0.50__rupture_0__weak_0.50__floor_candidate_ballot__recipient_prediction_tilted,strong_incumbent_veto,pres_2017,sido_41,A,B,0.14222159439442095,0.1258437002381364,1.0,1.0,0.0629218501190682,0.2904867750077805,0.0,0.01,0.2904867750077805,0.029907444360296687,0.0018818317314829597,,,,,,,,,,
strong_0.50__rupture_0__weak_0.50__floor_candidate_ballot__recipient_prediction_tilted,strong_incumbent_veto,pres_2017,sido_42,A,B,0.14222159439442095,0.1258437002381364,1.0,1.0,0.0629218501190682,0.3376440484133232,0.0,0.01,0.3376440484133232,0.03245600676312743,0.0020421919930129684,,,,,,,,,,
strong_0.50__rupture_0__weak_0.50__floor_candidate_ballot__recipient_prediction_tilted,strong_incumbent_veto,pres_2017,sido_43,A,B,0.14222159439442095,0.1258437002381364,1.0,1.0,0.0629218501190682,0.2911638514975106,0.0,0.01,0.2911638514975106,0.03015423544612711,0.0018973602831963035,,,,,,,,,,
strong_0.50__rupture_0__weak_0.50__floor_candidate_ballot__recipient_prediction_tilted,strong_incumbent_veto,pres_2017,sido_44,A,B,0.14222159439442095,0.1258437002381364,1.0,1.0,0.0629218501190682,0.2550776099850012,0.0,0.01,0.2550776099850012,0.030969977487163403,0.001948688281638212,,,,,,,,,,
strong_0.50__rupture_0__weak_0.50__floor_candidate_ballot__recipient_prediction_tilted,strong_incumbent_veto,pres_2017,sido_45,A,B,0.14222159439442095,0.1258437002381364,1.0,1.0,0.0629218501190682,0.0682483484546126,0.0,0.01,0.0682483484546126,0.025322934131601596,0.001593365866003672,,,,,,,,,,
strong_0.50__rupture_0__weak_0.50__floor_candidate_ballot__recipient_prediction_tilted,strong_incumbent_veto,pres_2017,sido_46,A,B,0.14222159439442095,0.1258437002381364,1.0,1.0,0.0629218501190682,0.0438553923470368,0.0,0.01,0.0438553923470368,0.020205248004484,0.001271351586556744,,,,,,,,,,
strong_0.50__rupture_0__weak_0.50__floor_candidate_ballot__recipient_prediction_tilted,strong_incumbent_veto,pres_2017,sido_47,A,B,0.14222159439442095,0.1258437002381364,1.0,1.0,0.0629218501190682,0.4863134552896404,0.0,0.01,0.4863134552896404,0.03603439177059248,0.0022673505981210046,,,,,,,,,,
strong_0.50__rupture_0__weak_0.50__floor_candidate_ballot__recipient_prediction_tilted,strong_incumbent_veto,pres_2017,sido_48,A,B,0.14222159439442095,0.1258437002381364,1.0,1.0,0.0629218501190682,0.3752628188705947,0.0,0.01,0.3752628188705947,0.034783946318121595,0.0021886702567785613,,,,,,,,,,
strong_0.50__rupture_0__weak_0.50__floor_candidate_ballot__recipient_prediction_tilted,strong_incumbent_veto,pres_2017,sido_50,A,B,0.14222159439442095,0.1258437002381364,1.0,1.0,0.0629218501190682,0.2397495310485979,0.0,0.01,0.2397495310485979,0.045654470168853906,0.0028726637292300957,,,,,,,,,,
strong_0.50__rupture_0__weak_0.50__floor_candidate_ballot__recipient_prediction_tilted,weak_same_lane_refusal,pres_2002,sido_11,,,,,,,,,,,,,0.02168526691381585,C,A|B,0.0172553182802303,candidate_ballot,prediction_tilted,0.0172553182802303,0.060625852107862005,0.0433705338276317,0.5,0.038940585194046154
strong_0.50__rupture_0__weak_0.50__floor_candidate_ballot__recipient_prediction_tilted,weak_same_lane_refusal,pres_2002,sido_26,,,,,,,,,,,,,0.033416528392109,C,A|B,0.039818482004606,candidate_ballot,prediction_tilted,0.039818482004606,0.106651538788824,0.066833056784218,0.5,0.073235010396715
strong_0.50__rupture_0__weak_0.50__floor_candidate_ballot__recipient_prediction_tilted,weak_same_lane_refusal,pres_2002,sido_27,,,,,,,,,,,,,0.02295310160100445,C,A|B,0.0058164519761945,candidate_ballot,prediction_tilted,0.0058164519761945,0.0517226551782034,0.0459062032020089,0.5,0.02876955357719895
strong_0.50__rupture_0__weak_0.50__floor_candidate_ballot__recipient_prediction_tilted,weak_same_lane_refusal,pres_2002,sido_28,,,,,,,,,,,,,0.018647250499035303,C,A|B,0.0255062904560678,candidate_ballot,prediction_tilted,0.0255062904560678,0.0628007914541384,0.03729450099807061,0.5,0.0441535409551031
strong_0.50__rupture_0__weak_0.50__floor_candidate_ballot__recipient_prediction_tilted,weak_same_lane_refusal,pres_2002,sido_29,,,,,,,,,,,,,0.028363178063198193,C,A|B,0.0779749988731636,candidate_ballot,prediction_tilted,0.0779749988731636,0.13470135499955999,0.056726356126396385,0.5,0.1063381769363618
strong_0.50__rupture_0__weak_0.50__floor_candidate_ballot__recipient_prediction_tilted,weak_same_lane_refusal,pres_2002,sido_30,,,,,,,,,,,,,0.028224556893338193,C,A|B,0.0189676131685742,candidate_ballot,prediction_tilted,0.0189676131685742,0.07541672695525059,0.056449113786676386,0.5,0.0471921700619124
strong_0.50__rupture_0__weak_0.50__floor_candidate_ballot__recipient_prediction_tilted,weak_same_lane_refusal,pres_2002,sido_41,,,,,,,,,,,,,0.01867119897723985,C,A|B,0.0208780312728109,candidate_ballot,prediction_tilted,0.0208780312728109,0.0582204292272906,0.0373423979544797,0.5,0.03954923025005075
strong_0.50__rupture_0__weak_0.50__floor_candidate_ballot__recipient_prediction_tilted,weak_same_lane_refusal,pres_2002,sido_42,,,,,,,,,,,,,0.033209424080687056,C,A|B,0.0200289187580357,candidate_ballot,prediction_tilted,0.0200289187580357,0.08644776691940981,0.06641884816137411,0.5,0.05323834283872275
strong_0.50__rupture_0__weak_0.50__floor_candidate_ballot__recipient_prediction_tilted,weak_same_lane_refusal,pres_2002,sido_43,,,,,,,,,,,,,0.03071784056899155,C,A|B,0.0118716878700329,candidate_ballot,prediction_tilted,0.0118716878700329,0.073307369008016,0.0614356811379831,0.5,0.04258952843902445
strong_0.50__rupture_0__weak_0.50__floor_candidate_ballot__recipient_prediction_tilted,weak_same_lane_refusal,pres_2002,sido_44,,,,,,,,,,,,,0.017928998729429,C,A|B,0.0095463081839152,candidate_ballot,prediction_tilted,0.0095463081839152,0.0454043056427732,0.035857997458858,0.5,0.0274753069133442
strong_0.50__rupture_0__weak_0.50__floor_candidate_ballot__recipient_prediction_tilted,weak_same_lane_refusal,pres_2002,sido_45,,,,,,,,,,,,,0.052416040516338094,C,A|B,0.0228231814936564,candidate_ballot,prediction_tilted,0.0228231814936564,0.12765526252633258,0.10483208103267619,0.5,0.07523922200999449
strong_0.50__rupture_0__weak_0.50__floor_candidate_ballot__recipient_prediction_tilted,weak_same_lane_refusal,pres_2002,sido_46,,,,,,,,,,,,,0.061136428319322554,C,A|B,0.0132624825931937,candidate_ballot,prediction_tilted,0.0132624825931937,0.1355353392318388,0.12227285663864511,0.5,0.07439891091251624
strong_0.50__rupture_0__weak_0.50__floor_candidate_ballot__recipient_prediction_tilted,weak_same_lane_refusal,pres_2002,sido_47,,,,,,,,,,,,,0.007632613209931048,C,A|B,0.0296959172831779,candidate_ballot,prediction_tilted,0.0296959172831779,0.044961143703039996,0.015265226419862096,0.5,0.03732853049310895
strong_0.50__rupture_0__weak_0.50__floor_candidate_ballot__recipient_prediction_tilted,weak_same_lane_refusal,pres_2002,sido_48,,,,,,,,,,,,,0.027549170136442754,C,A|B,0.0344685791555901,candidate_ballot,prediction_tilted,0.0344685791555901,0.08956691942847561,0.05509834027288551,0.5,0.06201774929203285
strong_0.50__rupture_0__weak_0.50__floor_candidate_ballot__recipient_prediction_tilted,weak_same_lane_refusal,pres_2002,sido_50,,,,,,,,,,,,,0.07362850488756084,C,A|B,0.0,candidate_ballot,prediction_tilted,0.0,0.14725700977512168,0.14725700977512168,0.5,0.07362850488756084
strong_0.50__rupture_0__weak_0.50__floor_candidate_ballot__recipient_prediction_tilted,weak_same_lane_refusal,pres_2022,sido_11,,,,,,,,,,,,,0.010432079935460402,C,A|B,0.029384832583875,candidate_ballot,prediction_tilted,0.029384832583875,0.050248992454795804,0.020864159870920804,0.5,0.039816912519335404
strong_0.50__rupture_0__weak_0.50__floor_candidate_ballot__recipient_prediction_tilted,weak_same_lane_refusal,pres_2022,sido_26,,,,,,,,,,,,,0.003668923005554499,C,A|B,0.0399820977460082,candidate_ballot,prediction_tilted,0.0399820977460082,0.0473199437571172,0.007337846011108998,0.5,0.0436510207515627
strong_0.50__rupture_0__weak_0.50__floor_candidate_ballot__recipient_prediction_tilted,weak_same_lane_refusal,pres_2022,sido_28,,,,,,,,,,,,,0.0024657396406635515,C,A|B,0.0485003528440327,candidate_ballot,prediction_tilted,0.0485003528440327,0.053431832125359804,0.004931479281327103,0.5,0.05096609248469625
strong_0.50__rupture_0__weak_0.50__floor_candidate_ballot__recipient_prediction_tilted,weak_same_lane_refusal,pres_2022,sido_30,,,,,,,,,,,,,0.010773520664098798,C,A|B,0.0287620743601844,candidate_ballot,prediction_tilted,0.0287620743601844,0.050309115688382,0.021547041328197597,0.5,0.0395355950242832
strong_0.50__rupture_0__weak_0.50__floor_candidate_ballot__recipient_prediction_tilted,weak_same_lane_refusal,pres_2022,sido_36,,,,,,,,,,,,,0.004411490023630352,C,A|B,0.0509430370441767,candidate_ballot,prediction_tilted,0.0509430370441767,0.059766017091437404,0.008822980047260703,0.5,0.05535452706780705
strong_0.50__rupture_0__weak_0.50__floor_candidate_ballot__recipient_prediction_tilted,weak_same_lane_refusal,pres_2022,sido_41,,,,,,,,,,,,,0.004303920428435203,C,A|B,0.0359763522960836,candidate_ballot,prediction_tilted,0.0359763522960836,0.044584193152954005,0.008607840856870407,0.5,0.0402802727245188
strong_0.50__rupture_0__weak_0.50__floor_candidate_ballot__recipient_prediction_tilted,weak_same_lane_refusal,pres_2022,sido_42,,,,,,,,,,,,,0.0079485548185134,C,A|B,0.0308172356117518,candidate_ballot,prediction_tilted,0.0308172356117518,0.0467143452487786,0.0158971096370268,0.5,0.0387657904302652
strong_0.50__rupture_0__weak_0.50__floor_candidate_ballot__recipient_prediction_tilted,weak_same_lane_refusal,pres_2022,sido_43,,,,,,,,,,,,,0.006387971140684848,C,A|B,0.0345580698080987,candidate_ballot,prediction_tilted,0.0345580698080987,0.0473340120894684,0.012775942281369697,0.5,0.040946040948783555
strong_0.50__rupture_0__weak_0.50__floor_candidate_ballot__recipient_prediction_tilted,weak_same_lane_refusal,pres_2022,sido_44,,,,,,,,,,,,,0.00804451076529375,C,A|B,0.0309340683403439,candidate_ballot,prediction_tilted,0.0309340683403439,0.0470230898709314,0.0160890215305875,0.5,0.03897857910563765
strong_0.50__rupture_0__weak_0.50__floor_candidate_ballot__recipient_prediction_tilted,weak_same_lane_refusal,pres_2022,sido_45,,,,,,,,,,,,,0.013223773852449102,C,A|B,0.0459485902537228,candidate_ballot,prediction_tilted,0.0459485902537228,0.072396137958621,0.026447547704898204,0.5,0.059172364106171896
strong_0.50__rupture_0__weak_0.50__floor_candidate_ballot__recipient_prediction_tilted,weak_same_lane_refusal,pres_2022,sido_46,,,,,,,,,,,,,0.006249755501632502,C,A|B,0.0592373366011094,candidate_ballot,prediction_tilted,0.0592373366011094,0.0717368476043744,0.012499511003265004,0.5,0.0654870921027419
strong_0.50__rupture_0__weak_0.50__floor_candidate_ballot__recipient_prediction_tilted,weak_same_lane_refusal,pres_2022,sido_47,,,,,,,,,,,,,0.0005193415424285981,C,A|B,0.0343795636905044,candidate_ballot,prediction_tilted,0.0343795636905044,0.035418246775361595,0.0010386830848571962,0.5,0.034898905232933
strong_0.50__rupture_0__weak_0.50__floor_candidate_ballot__recipient_prediction_tilted,weak_same_lane_refusal,pres_2022,sido_50,,,,,,,,,,,,,0.011649671043853602,C,A|B,0.0503767176193264,candidate_ballot,prediction_tilted,0.0503767176193264,0.0736760597070336,0.023299342087707203,0.5,0.06202638866318
strong_0.50__rupture_0__weak_0.50__floor_theoretical__recipient_affinity_only,strong_incumbent_veto,pres_2007,sido_11,A,B,0.1550560112006703,0.1830565695612803,0.6837328178902612,1.0,0.0625808920697294,0.224727422604459,0.0,0.01,0.224727422604459,0.11575376295856316,0.007243973746374882,,,,,,,,,,
strong_0.50__rupture_0__weak_0.50__floor_theoretical__recipient_affinity_only,strong_incumbent_veto,pres_2007,sido_26,A,B,0.1550560112006703,0.1830565695612803,0.6837328178902612,1.0,0.0625808920697294,0.1230144019232013,0.0,0.01,0.1230144019232013,0.06769999442714049,0.004236726044366161,,,,,,,,,,
strong_0.50__rupture_0__weak_0.50__floor_theoretical__recipient_affinity_only,strong_incumbent_veto,pres_2007,sido_27,A,B,0.1550560112006703,0.1830565695612803,0.6837328178902612,1.0,0.0625808920697294,0.0533297784427378,0.0,0.01,0.0533297784427378,0.036548243373766096,0.002287221673911859,,,,,,,,,,
strong_0.50__rupture_0__weak_0.50__floor_theoretical__recipient_affinity_only,strong_incumbent_veto,pres_2007,sido_28,A,B,0.1550560112006703,0.1830565695612803,0.6837328178902612,1.0,0.0625808920697294,0.1882964963574757,0.0,0.01,0.1882964963574757,0.1253482410577939,0.007844404744768224,,,,,,,,,,
strong_0.50__rupture_0__weak_0.50__floor_theoretical__recipient_affinity_only,strong_incumbent_veto,pres_2007,sido_29,A,B,0.1550560112006703,0.1830565695612803,0.6837328178902612,1.0,0.0625808920697294,0.5063986688693,0.0,0.01,0.5063986688693,0.24746182449968468,0.015486381730393087,,,,,,,,,,
strong_0.50__rupture_0__weak_0.50__floor_theoretical__recipient_affinity_only,strong_incumbent_veto,pres_2007,sido_30,A,B,0.1550560112006703,0.1830565695612803,0.6837328178902612,1.0,0.0625808920697294,0.1749885957265136,0.0,0.01,0.1749885957265136,0.1550161062926277,0.009701046216968634,,,,,,,,,,
strong_0.50__rupture_0__weak_0.50__floor_theoretical__recipient_affinity_only,strong_incumbent_veto,pres_2007,sido_31,A,B,0.1550560112006703,0.1830565695612803,0.6837328178902612,1.0,0.0625808920697294,0.0922216716368157,0.0,0.01,0.0922216716368157,0.0762003677779345,0.004768686991584605,,,,,,,,,,
strong_0.50__rupture_0__weak_0.50__floor_theoretical__recipient_affinity_only,strong_incumbent_veto,pres_2007,sido_41,A,B,0.1550560112006703,0.1830565695612803,0.6837328178902612,1.0,0.0625808920697294,0.1969781637048186,0.0,0.01,0.1969781637048186,0.12484403173333555,0.007812850875453744,,,,,,,,,,
strong_0.50__rupture_0__weak_0.50__floor_theoretical__recipient_affinity_only,strong_incumbent_veto,pres_2007,sido_42,A,B,0.1550560112006703,0.1830565695612803,0.6837328178902612,1.0,0.0625808920697294,0.1620964538589391,0.0,0.01,0.1620964538589391,0.0926504884460915,0.005798150217652563,,,,,,,,,,
strong_0.50__rupture_0__weak_0.50__floor_theoretical__recipient_affinity_only,strong_incumbent_veto,pres_2007,sido_43,A,B,0.1550560112006703,0.1830565695612803,0.6837328178902612,1.0,0.0625808920697294,0.1871115693451475,0.0,0.01,0.1871115693451475,0.1250937284019757,0.007828477115724083,,,,,,,,,,
strong_0.50__rupture_0__weak_0.50__floor_theoretical__recipient_affinity_only,strong_incumbent_veto,pres_2007,sido_44,A,B,0.1550560112006703,0.1830565695612803,0.6837328178902612,1.0,0.0625808920697294,0.1339414116449834,0.0,0.01,0.1339414116449834,0.1803984259604589,0.01128949442458055,,,,,,,,,,
strong_0.50__rupture_0__weak_0.50__floor_theoretical__recipient_affinity_only,strong_incumbent_veto,pres_2007,sido_45,A,B,0.1550560112006703,0.1830565695612803,0.6837328178902612,1.0,0.0625808920697294,0.5050615589935803,0.0,0.01,0.5050615589935803,0.2489963619554737,0.015582414453290776,,,,,,,,,,
strong_0.50__rupture_0__weak_0.50__floor_theoretical__recipient_affinity_only,strong_incumbent_veto,pres_2007,sido_46,A,B,0.1550560112006703,0.1830565695612803,0.6837328178902612,1.0,0.0625808920697294,0.5115021109033597,0.0,0.01,0.5115021109033597,0.2436089090943725,0.015245262847259446,,,,,,,,,,
strong_0.50__rupture_0__weak_0.50__floor_theoretical__recipient_affinity_only,strong_incumbent_veto,pres_2007,sido_47,A,B,0.1550560112006703,0.1830565695612803,0.6837328178902612,1.0,0.0625808920697294,0.0689035077128128,0.0,0.01,0.0689035077128128,0.03689871266594581,0.0023091543548595123,,,,,,,,,,
strong_0.50__rupture_0__weak_0.50__floor_theoretical__recipient_affinity_only,strong_incumbent_veto,pres_2007,sido_48,A,B,0.1550560112006703,0.1830565695612803,0.6837328178902612,1.0,0.0625808920697294,0.0994668855013218,0.0,0.01,0.0994668855013218,0.0644903902204684,0.004035866149921866,,,,,,,,,,
strong_0.50__rupture_0__weak_0.50__floor_theoretical__recipient_affinity_only,strong_incumbent_veto,pres_2007,sido_50,A,B,0.1550560112006703,0.1830565695612803,0.6837328178902612,1.0,0.0625808920697294,0.0,0.0,0.01,0.0,0.2696919174747736,0.016877560779567178,,,,,,,,,,
strong_0.50__rupture_0__weak_0.50__floor_theoretical__recipient_affinity_only,strong_incumbent_veto,pres_2017,sido_11,A,B,0.14222159439442095,0.1258437002381364,1.0,1.0,0.0629218501190682,0.2981507946412702,0.0,0.01,0.2981507946412702,0.020775818418153735,0.001307252932608046,,,,,,,,,,
strong_0.50__rupture_0__weak_0.50__floor_theoretical__recipient_affinity_only,strong_incumbent_veto,pres_2017,sido_26,A,B,0.14222159439442095,0.1258437002381364,1.0,1.0,0.0629218501190682,0.3539560494922693,0.0,0.01,0.3539560494922693,0.03533489788607641,0.00222333714876028,,,,,,,,,,
strong_0.50__rupture_0__weak_0.50__floor_theoretical__recipient_affinity_only,strong_incumbent_veto,pres_2017,sido_27,A,B,0.14222159439442095,0.1258437002381364,1.0,1.0,0.0629218501190682,0.4618834178563183,0.0,0.01,0.4618834178563183,0.035586450889516674,0.0022391653291397493,,,,,,,,,,
strong_0.50__rupture_0__weak_0.50__floor_theoretical__recipient_affinity_only,strong_incumbent_veto,pres_2017,sido_28,A,B,0.14222159439442095,0.1258437002381364,1.0,1.0,0.0629218501190682,0.2930148075897038,0.0,0.01,0.2930148075897038,0.02963264010423733,0.0018645405392711107,,,,,,,,,,
strong_0.50__rupture_0__weak_0.50__floor_theoretical__recipient_affinity_only,strong_incumbent_veto,pres_2017,sido_29,A,B,0.14222159439442095,0.1258437002381364,1.0,1.0,0.0629218501190682,0.0341806016229801,0.0,0.01,0.0341806016229801,0.020989257269728195,0.0013206829000364001,,,,,,,,,,
strong_0.50__rupture_0__weak_0.50__floor_theoretical__recipient_affinity_only,strong_incumbent_veto,pres_2017,sido_30,A,B,0.14222159439442095,0.1258437002381364,1.0,1.0,0.0629218501190682,0.2396170369219419,0.0,0.01,0.2396170369219419,0.029086009721897926,0.001830145544283022,,,,,,,,,,
strong_0.50__rupture_0__weak_0.50__floor_theoretical__recipient_affinity_only,strong_incumbent_veto,pres_2017,sido_31,A,B,0.14222159439442095,0.1258437002381364,1.0,1.0,0.0629218501190682,0.3553353097157836,0.0,0.01,0.3553353097157836,0.03151593008562664,0.001983040629210832,,,,,,,,,,
strong_0.50__rupture_0__weak_0.50__floor_theoretical__recipient_affinity_only,strong_incumbent_veto,pres_2017,sido_36,A,B,0.14222159439442095,0.1258437002381364,1.0,1.0,0.0629218501190682,0.1724331995485346,0.0,0.01,0.1724331995485346,0.05851073368036361,0.0036816036149925546,,,,,,,,,,
strong_0.50__rupture_0__weak_0.50__floor_theoretical__recipient_affinity_only,strong_incumbent_veto,pres_2017,sido_41,A,B,0.14222159439442095,0.1258437002381364,1.0,1.0,0.0629218501190682,0.2904867750077805,0.0,0.01,0.2904867750077805,0.029907444360296687,0.0018818317314829597,,,,,,,,,,
strong_0.50__rupture_0__weak_0.50__floor_theoretical__recipient_affinity_only,strong_incumbent_veto,pres_2017,sido_42,A,B,0.14222159439442095,0.1258437002381364,1.0,1.0,0.0629218501190682,0.3376440484133232,0.0,0.01,0.3376440484133232,0.03245600676312743,0.0020421919930129684,,,,,,,,,,
strong_0.50__rupture_0__weak_0.50__floor_theoretical__recipient_affinity_only,strong_incumbent_veto,pres_2017,sido_43,A,B,0.14222159439442095,0.1258437002381364,1.0,1.0,0.0629218501190682,0.2911638514975106,0.0,0.01,0.2911638514975106,0.03015423544612711,0.0018973602831963035,,,,,,,,,,
strong_0.50__rupture_0__weak_0.50__floor_theoretical__recipient_affinity_only,strong_incumbent_veto,pres_2017,sido_44,A,B,0.14222159439442095,0.1258437002381364,1.0,1.0,0.0629218501190682,0.2550776099850012,0.0,0.01,0.2550776099850012,0.030969977487163403,0.001948688281638212,,,,,,,,,,
strong_0.50__rupture_0__weak_0.50__floor_theoretical__recipient_affinity_only,strong_incumbent_veto,pres_2017,sido_45,A,B,0.14222159439442095,0.1258437002381364,1.0,1.0,0.0629218501190682,0.0682483484546126,0.0,0.01,0.0682483484546126,0.025322934131601596,0.001593365866003672,,,,,,,,,,
strong_0.50__rupture_0__weak_0.50__floor_theoretical__recipient_affinity_only,strong_incumbent_veto,pres_2017,sido_46,A,B,0.14222159439442095,0.1258437002381364,1.0,1.0,0.0629218501190682,0.0438553923470368,0.0,0.01,0.0438553923470368,0.020205248004484,0.001271351586556744,,,,,,,,,,
strong_0.50__rupture_0__weak_0.50__floor_theoretical__recipient_affinity_only,strong_incumbent_veto,pres_2017,sido_47,A,B,0.14222159439442095,0.1258437002381364,1.0,1.0,0.0629218501190682,0.4863134552896404,0.0,0.01,0.4863134552896404,0.03603439177059248,0.0022673505981210046,,,,,,,,,,
strong_0.50__rupture_0__weak_0.50__floor_theoretical__recipient_affinity_only,strong_incumbent_veto,pres_2017,sido_48,A,B,0.14222159439442095,0.1258437002381364,1.0,1.0,0.0629218501190682,0.3752628188705947,0.0,0.01,0.3752628188705947,0.034783946318121595,0.0021886702567785613,,,,,,,,,,
strong_0.50__rupture_0__weak_0.50__floor_theoretical__recipient_affinity_only,strong_incumbent_veto,pres_2017,sido_50,A,B,0.14222159439442095,0.1258437002381364,1.0,1.0,0.0629218501190682,0.2397495310485979,0.0,0.01,0.2397495310485979,0.045654470168853906,0.0028726637292300957,,,,,,,,,,
strong_0.50__rupture_0__weak_0.50__floor_theoretical__recipient_affinity_only,weak_same_lane_refusal,pres_2002,sido_11,,,,,,,,,,,,,0.025312926053931,C,A,0.0172553182802303,theoretical,affinity_only,0.01,0.060625852107862005,0.050625852107862,0.5,0.03531292605393101
strong_0.50__rupture_0__weak_0.50__floor_theoretical__recipient_affinity_only,weak_same_lane_refusal,pres_2002,sido_26,,,,,,,,,,,,,0.048325769394412,C,A,0.039818482004606,theoretical,affinity_only,0.01,0.106651538788824,0.096651538788824,0.5,0.058325769394411996
strong_0.50__rupture_0__weak_0.50__floor_theoretical__recipient_affinity_only,weak_same_lane_refusal,pres_2002,sido_27,,,,,,,,,,,,,0.0208613275891017,C,A,0.0058164519761945,theoretical,affinity_only,0.01,0.0517226551782034,0.0417226551782034,0.5,0.030861327589101702
strong_0.50__rupture_0__weak_0.50__floor_theoretical__recipient_affinity_only,weak_same_lane_refusal,pres_2002,sido_28,,,,,,,,,,,,,0.0264003957270692,C,A,0.0255062904560678,theoretical,affinity_only,0.01,0.0628007914541384,0.0528007914541384,0.5,0.0364003957270692
strong_0.50__rupture_0__weak_0.50__floor_theoretical__recipient_affinity_only,weak_same_lane_refusal,pres_2002,sido_29,,,,,,,,,,,,,0.062350677499779995,C,A,0.0779749988731636,theoretical,affinity_only,0.01,0.13470135499955999,0.12470135499955999,0.5,0.07235067749978
strong_0.50__rupture_0__weak_0.50__floor_theoretical__recipient_affinity_only,weak_same_lane_refusal,pres_2002,sido_30,,,,,,,,,,,,,0.0327083634776253,C,A,0.0189676131685742,theoretical,affinity_only,0.01,0.07541672695525059,0.0654167269552506,0.5,0.04270836347762529
strong_0.50__rupture_0__weak_0.50__floor_theoretical__recipient_affinity_only,weak_same_lane_refusal,pres_2002,sido_31,,,,,,,,,,,,,0.1227008152349797,C,A,0.3115852121639049,theoretical,affinity_only,0.01,0.2554016304699594,0.2454016304699594,0.5,0.1327008152349797
strong_0.50__rupture_0__weak_0.50__floor_theoretical__recipient_affinity_only,weak_same_lane_refusal,pres_2002,sido_41,,,,,,,,,,,,,0.0241102146136453,C,A,0.0208780312728109,theoretical,affinity_only,0.01,0.0582204292272906,0.0482204292272906,0.5,0.0341102146136453
strong_0.50__rupture_0__weak_0.50__floor_theoretical__recipient_affinity_only,weak_same_lane_refusal,pres_2002,sido_42,,,,,,,,,,,,,0.038223883459704906,C,A,0.0200289187580357,theoretical,affinity_only,0.01,0.08644776691940981,0.07644776691940981,0.5,0.0482238834597049
strong_0.50__rupture_0__weak_0.50__floor_theoretical__recipient_affinity_only,weak_same_lane_refusal,pres_2002,sido_43,,,,,,,,,,,,,0.031653684504008,C,A,0.0118716878700329,theoretical,affinity_only,0.01,0.073307369008016,0.063307369008016,0.5,0.041653684504008
strong_0.50__rupture_0__weak_0.50__floor_theoretical__recipient_affinity_only,weak_same_lane_refusal,pres_2002,sido_44,,,,,,,,,,,,,0.0177021528213866,C,A,0.0095463081839152,theoretical,affinity_only,0.01,0.0454043056427732,0.0354043056427732,0.5,0.027702152821386602
strong_0.50__rupture_0__weak_0.50__floor_theoretical__recipient_affinity_only,weak_same_lane_refusal,pres_2002,sido_45,,,,,,,,,,,,,0.05882763126316629,C,A,0.0228231814936564,theoretical,affinity_only,0.01,0.12765526252633258,0.11765526252633259,0.5,0.0688276312631663
strong_0.50__rupture_0__weak_0.50__floor_theoretical__recipient_affinity_only,weak_same_lane_refusal,pres_2002,sido_46,,,,,,,,,,,,,0.0627676696159194,C,A,0.0132624825931937,theoretical,affinity_only,0.01,0.1355353392318388,0.1255353392318388,0.5,0.0727676696159194
strong_0.50__rupture_0__weak_0.50__floor_theoretical__recipient_affinity_only,weak_same_lane_refusal,pres_2002,sido_47,,,,,,,,,,,,,0.017480571851519997,C,A,0.0296959172831779,theoretical,affinity_only,0.01,0.044961143703039996,0.034961143703039994,0.5,0.02748057185152
strong_0.50__rupture_0__weak_0.50__floor_theoretical__recipient_affinity_only,weak_same_lane_refusal,pres_2002,sido_48,,,,,,,,,,,,,0.03978345971423781,C,A,0.0344685791555901,theoretical,affinity_only,0.01,0.08956691942847561,0.07956691942847562,0.5,0.0497834597142378
strong_0.50__rupture_0__weak_0.50__floor_theoretical__recipient_affinity_only,weak_same_lane_refusal,pres_2002,sido_50,,,,,,,,,,,,,0.06862850488756084,C,A,0.0,theoretical,affinity_only,0.01,0.14725700977512168,0.13725700977512167,0.5,0.07862850488756085
strong_0.50__rupture_0__weak_0.50__floor_theoretical__recipient_affinity_only,weak_same_lane_refusal,pres_2022,sido_11,,,,,,,,,,,,,0.0201244962273979,C,B,0.029384832583875,theoretical,affinity_only,0.01,0.050248992454795804,0.0402489924547958,0.5,0.030124496227397903
strong_0.50__rupture_0__weak_0.50__floor_theoretical__recipient_affinity_only,weak_same_lane_refusal,pres_2022,sido_26,,,,,,,,,,,,,0.0186599718785586,C,B,0.0399820977460082,theoretical,affinity_only,0.01,0.0473199437571172,0.0373199437571172,0.5,0.0286599718785586
strong_0.50__rupture_0__weak_0.50__floor_theoretical__recipient_affinity_only,weak_same_lane_refusal,pres_2022,sido_27,,,,,,,,,,,,,0.012936492498500998,C,B,0.0389354436816256,theoretical,affinity_only,0.01,0.035872984997002,0.025872984997001996,0.5,0.022936492498501
strong_0.50__rupture_0__weak_0.50__floor_theoretical__recipient_affinity_only,weak_same_lane_refusal,pres_2022,sido_28,,,,,,,,,,,,,0.0217159160626799,C,B,0.0485003528440327,theoretical,affinity_only,0.01,0.053431832125359804,0.0434318321253598,0.5,0.0317159160626799
strong_0.50__rupture_0__weak_0.50__floor_theoretical__recipient_affinity_only,weak_same_lane_refusal,pres_2022,sido_29,,,,,,,,,,,,,0.0373448252333252,C,B,0.0876883018010707,theoretical,affinity_only,0.01,0.08468965046665039,0.0746896504666504,0.5,0.04734482523332519
strong_0.50__rupture_0__weak_0.50__floor_theoretical__recipient_affinity_only,weak_same_lane_refusal,pres_2022,sido_30,,,,,,,,,,,,,0.020154557844191,C,B,0.0287620743601844,theoretical,affinity_only,0.01,0.050309115688382,0.040309115688382,0.5,0.030154557844191
strong_0.50__rupture_0__weak_0.50__floor_theoretical__recipient_affinity_only,weak_same_lane_refusal,pres_2022,sido_31,,,,,,,,,,,,,0.0461215494330516,C,B,0.176134143020495,theoretical,affinity_only,0.01,0.1022430988661032,0.0922430988661032,0.5,0.056121549433051594
strong_0.50__rupture_0__weak_0.50__floor_theoretical__recipient_affinity_only,weak_same_lane_refusal,pres_2022,sido_36,,,,,,,,,,,,,0.0248830085457187,C,B,0.0509430370441767,theoretical,affinity_only,0.01,0.059766017091437404,0.0497660170914374,0.5,0.0348830085457187
strong_0.50__rupture_0__weak_0.50__floor_theoretical__recipient_affinity_only,weak_same_lane_refusal,pres_2022,sido_41,,,,,,,,,,,,,0.017292096576477,C,B,0.0359763522960836,theoretical,affinity_only,0.01,0.044584193152954005,0.034584193152954,0.5,0.027292096576477003
strong_0.50__rupture_0__weak_0.50__floor_theoretical__recipient_affinity_only,weak_same_lane_refusal,pres_2022,sido_42,,,,,,,,,,,,,0.0183571726243893,C,B,0.0308172356117518,theoretical,affinity_only,0.01,0.0467143452487786,0.0367143452487786,0.5,0.0283571726243893
strong_0.50__rupture_0__weak_0.50__floor_theoretical__recipient_affinity_only,weak_same_lane_refusal,pres_2022,sido_43,,,,,,,,,,,,,0.0186670060447342,C,B,0.0345580698080987,theoretical,affinity_only,0.01,0.0473340120894684,0.0373340120894684,0.5,0.0286670060447342
strong_0.50__rupture_0__weak_0.50__floor_theoretical__recipient_affinity_only,weak_same_lane_refusal,pres_2022,sido_44,,,,,,,,,,,,,0.0185115449354657,C,B,0.0309340683403439,theoretical,affinity_only,0.01,0.0470230898709314,0.0370230898709314,0.5,0.0285115449354657
strong_0.50__rupture_0__weak_0.50__floor_theoretical__recipient_affinity_only,weak_same_lane_refusal,pres_2022,sido_45,,,,,,,,,,,,,0.0311980689793105,C,B,0.0459485902537228,theoretical,affinity_only,0.01,0.072396137958621,0.062396137958621,0.5,0.0411980689793105
strong_0.50__rupture_0__weak_0.50__floor_theoretical__recipient_affinity_only,weak_same_lane_refusal,pres_2022,sido_46,,,,,,,,,,,,,0.0308684238021872,C,B,0.0592373366011094,theoretical,affinity_only,0.01,0.0717368476043744,0.0617368476043744,0.5,0.040868423802187206
strong_0.50__rupture_0__weak_0.50__floor_theoretical__recipient_affinity_only,weak_same_lane_refusal,pres_2022,sido_47,,,,,,,,,,,,,0.012709123387680796,C,B,0.0343795636905044,theoretical,affinity_only,0.01,0.035418246775361595,0.025418246775361593,0.5,0.0227091233876808
strong_0.50__rupture_0__weak_0.50__floor_theoretical__recipient_affinity_only,weak_same_lane_refusal,pres_2022,sido_48,,,,,,,,,,,,,0.0262275269035888,C,B,0.0766151338961869,theoretical,affinity_only,0.01,0.0624550538071776,0.0524550538071776,0.5,0.0362275269035888
strong_0.50__rupture_0__weak_0.50__floor_theoretical__recipient_affinity_only,weak_same_lane_refusal,pres_2022,sido_50,,,,,,,,,,,,,0.0318380298535168,C,B,0.0503767176193264,theoretical,affinity_only,0.01,0.0736760597070336,0.0636760597070336,0.5,0.0418380298535168
strong_0.50__rupture_0__weak_0.50__floor_theoretical__recipient_prediction_tilted,strong_incumbent_veto,pres_2007,sido_11,A,B,0.1550560112006703,0.1830565695612803,0.6837328178902612,1.0,0.0625808920697294,0.224727422604459,0.0,0.01,0.224727422604459,0.11575376295856316,0.007243973746374882,,,,,,,,,,
strong_0.50__rupture_0__weak_0.50__floor_theoretical__recipient_prediction_tilted,strong_incumbent_veto,pres_2007,sido_26,A,B,0.1550560112006703,0.1830565695612803,0.6837328178902612,1.0,0.0625808920697294,0.1230144019232013,0.0,0.01,0.1230144019232013,0.06769999442714049,0.004236726044366161,,,,,,,,,,
strong_0.50__rupture_0__weak_0.50__floor_theoretical__recipient_prediction_tilted,strong_incumbent_veto,pres_2007,sido_27,A,B,0.1550560112006703,0.1830565695612803,0.6837328178902612,1.0,0.0625808920697294,0.0533297784427378,0.0,0.01,0.0533297784427378,0.036548243373766096,0.002287221673911859,,,,,,,,,,
strong_0.50__rupture_0__weak_0.50__floor_theoretical__recipient_prediction_tilted,strong_incumbent_veto,pres_2007,sido_28,A,B,0.1550560112006703,0.1830565695612803,0.6837328178902612,1.0,0.0625808920697294,0.1882964963574757,0.0,0.01,0.1882964963574757,0.1253482410577939,0.007844404744768224,,,,,,,,,,
strong_0.50__rupture_0__weak_0.50__floor_theoretical__recipient_prediction_tilted,strong_incumbent_veto,pres_2007,sido_29,A,B,0.1550560112006703,0.1830565695612803,0.6837328178902612,1.0,0.0625808920697294,0.5063986688693,0.0,0.01,0.5063986688693,0.24746182449968468,0.015486381730393087,,,,,,,,,,
strong_0.50__rupture_0__weak_0.50__floor_theoretical__recipient_prediction_tilted,strong_incumbent_veto,pres_2007,sido_30,A,B,0.1550560112006703,0.1830565695612803,0.6837328178902612,1.0,0.0625808920697294,0.1749885957265136,0.0,0.01,0.1749885957265136,0.1550161062926277,0.009701046216968634,,,,,,,,,,
strong_0.50__rupture_0__weak_0.50__floor_theoretical__recipient_prediction_tilted,strong_incumbent_veto,pres_2007,sido_31,A,B,0.1550560112006703,0.1830565695612803,0.6837328178902612,1.0,0.0625808920697294,0.0922216716368157,0.0,0.01,0.0922216716368157,0.0762003677779345,0.004768686991584605,,,,,,,,,,
strong_0.50__rupture_0__weak_0.50__floor_theoretical__recipient_prediction_tilted,strong_incumbent_veto,pres_2007,sido_41,A,B,0.1550560112006703,0.1830565695612803,0.6837328178902612,1.0,0.0625808920697294,0.1969781637048186,0.0,0.01,0.1969781637048186,0.12484403173333555,0.007812850875453744,,,,,,,,,,
strong_0.50__rupture_0__weak_0.50__floor_theoretical__recipient_prediction_tilted,strong_incumbent_veto,pres_2007,sido_42,A,B,0.1550560112006703,0.1830565695612803,0.6837328178902612,1.0,0.0625808920697294,0.1620964538589391,0.0,0.01,0.1620964538589391,0.0926504884460915,0.005798150217652563,,,,,,,,,,
strong_0.50__rupture_0__weak_0.50__floor_theoretical__recipient_prediction_tilted,strong_incumbent_veto,pres_2007,sido_43,A,B,0.1550560112006703,0.1830565695612803,0.6837328178902612,1.0,0.0625808920697294,0.1871115693451475,0.0,0.01,0.1871115693451475,0.1250937284019757,0.007828477115724083,,,,,,,,,,
strong_0.50__rupture_0__weak_0.50__floor_theoretical__recipient_prediction_tilted,strong_incumbent_veto,pres_2007,sido_44,A,B,0.1550560112006703,0.1830565695612803,0.6837328178902612,1.0,0.0625808920697294,0.1339414116449834,0.0,0.01,0.1339414116449834,0.1803984259604589,0.01128949442458055,,,,,,,,,,
strong_0.50__rupture_0__weak_0.50__floor_theoretical__recipient_prediction_tilted,strong_incumbent_veto,pres_2007,sido_45,A,B,0.1550560112006703,0.1830565695612803,0.6837328178902612,1.0,0.0625808920697294,0.5050615589935803,0.0,0.01,0.5050615589935803,0.2489963619554737,0.015582414453290776,,,,,,,,,,
strong_0.50__rupture_0__weak_0.50__floor_theoretical__recipient_prediction_tilted,strong_incumbent_veto,pres_2007,sido_46,A,B,0.1550560112006703,0.1830565695612803,0.6837328178902612,1.0,0.0625808920697294,0.5115021109033597,0.0,0.01,0.5115021109033597,0.2436089090943725,0.015245262847259446,,,,,,,,,,
strong_0.50__rupture_0__weak_0.50__floor_theoretical__recipient_prediction_tilted,strong_incumbent_veto,pres_2007,sido_47,A,B,0.1550560112006703,0.1830565695612803,0.6837328178902612,1.0,0.0625808920697294,0.0689035077128128,0.0,0.01,0.0689035077128128,0.03689871266594581,0.0023091543548595123,,,,,,,,,,
strong_0.50__rupture_0__weak_0.50__floor_theoretical__recipient_prediction_tilted,strong_incumbent_veto,pres_2007,sido_48,A,B,0.1550560112006703,0.1830565695612803,0.6837328178902612,1.0,0.0625808920697294,0.0994668855013218,0.0,0.01,0.0994668855013218,0.0644903902204684,0.004035866149921866,,,,,,,,,,
strong_0.50__rupture_0__weak_0.50__floor_theoretical__recipient_prediction_tilted,strong_incumbent_veto,pres_2007,sido_50,A,B,0.1550560112006703,0.1830565695612803,0.6837328178902612,1.0,0.0625808920697294,0.0,0.0,0.01,0.0,0.2696919174747736,0.016877560779567178,,,,,,,,,,
strong_0.50__rupture_0__weak_0.50__floor_theoretical__recipient_prediction_tilted,strong_incumbent_veto,pres_2017,sido_11,A,B,0.14222159439442095,0.1258437002381364,1.0,1.0,0.0629218501190682,0.2981507946412702,0.0,0.01,0.2981507946412702,0.020775818418153735,0.001307252932608046,,,,,,,,,,
strong_0.50__rupture_0__weak_0.50__floor_theoretical__recipient_prediction_tilted,strong_incumbent_veto,pres_2017,sido_26,A,B,0.14222159439442095,0.1258437002381364,1.0,1.0,0.0629218501190682,0.3539560494922693,0.0,0.01,0.3539560494922693,0.03533489788607641,0.00222333714876028,,,,,,,,,,
strong_0.50__rupture_0__weak_0.50__floor_theoretical__recipient_prediction_tilted,strong_incumbent_veto,pres_2017,sido_27,A,B,0.14222159439442095,0.1258437002381364,1.0,1.0,0.0629218501190682,0.4618834178563183,0.0,0.01,0.4618834178563183,0.035586450889516674,0.0022391653291397493,,,,,,,,,,
strong_0.50__rupture_0__weak_0.50__floor_theoretical__recipient_prediction_tilted,strong_incumbent_veto,pres_2017,sido_28,A,B,0.14222159439442095,0.1258437002381364,1.0,1.0,0.0629218501190682,0.2930148075897038,0.0,0.01,0.2930148075897038,0.02963264010423733,0.0018645405392711107,,,,,,,,,,
strong_0.50__rupture_0__weak_0.50__floor_theoretical__recipient_prediction_tilted,strong_incumbent_veto,pres_2017,sido_29,A,B,0.14222159439442095,0.1258437002381364,1.0,1.0,0.0629218501190682,0.0341806016229801,0.0,0.01,0.0341806016229801,0.020989257269728195,0.0013206829000364001,,,,,,,,,,
strong_0.50__rupture_0__weak_0.50__floor_theoretical__recipient_prediction_tilted,strong_incumbent_veto,pres_2017,sido_30,A,B,0.14222159439442095,0.1258437002381364,1.0,1.0,0.0629218501190682,0.2396170369219419,0.0,0.01,0.2396170369219419,0.029086009721897926,0.001830145544283022,,,,,,,,,,
strong_0.50__rupture_0__weak_0.50__floor_theoretical__recipient_prediction_tilted,strong_incumbent_veto,pres_2017,sido_31,A,B,0.14222159439442095,0.1258437002381364,1.0,1.0,0.0629218501190682,0.3553353097157836,0.0,0.01,0.3553353097157836,0.03151593008562664,0.001983040629210832,,,,,,,,,,
strong_0.50__rupture_0__weak_0.50__floor_theoretical__recipient_prediction_tilted,strong_incumbent_veto,pres_2017,sido_36,A,B,0.14222159439442095,0.1258437002381364,1.0,1.0,0.0629218501190682,0.1724331995485346,0.0,0.01,0.1724331995485346,0.05851073368036361,0.0036816036149925546,,,,,,,,,,
strong_0.50__rupture_0__weak_0.50__floor_theoretical__recipient_prediction_tilted,strong_incumbent_veto,pres_2017,sido_41,A,B,0.14222159439442095,0.1258437002381364,1.0,1.0,0.0629218501190682,0.2904867750077805,0.0,0.01,0.2904867750077805,0.029907444360296687,0.0018818317314829597,,,,,,,,,,
strong_0.50__rupture_0__weak_0.50__floor_theoretical__recipient_prediction_tilted,strong_incumbent_veto,pres_2017,sido_42,A,B,0.14222159439442095,0.1258437002381364,1.0,1.0,0.0629218501190682,0.3376440484133232,0.0,0.01,0.3376440484133232,0.03245600676312743,0.0020421919930129684,,,,,,,,,,
strong_0.50__rupture_0__weak_0.50__floor_theoretical__recipient_prediction_tilted,strong_incumbent_veto,pres_2017,sido_43,A,B,0.14222159439442095,0.1258437002381364,1.0,1.0,0.0629218501190682,0.2911638514975106,0.0,0.01,0.2911638514975106,0.03015423544612711,0.0018973602831963035,,,,,,,,,,
strong_0.50__rupture_0__weak_0.50__floor_theoretical__recipient_prediction_tilted,strong_incumbent_veto,pres_2017,sido_44,A,B,0.14222159439442095,0.1258437002381364,1.0,1.0,0.0629218501190682,0.2550776099850012,0.0,0.01,0.2550776099850012,0.030969977487163403,0.001948688281638212,,,,,,,,,,
strong_0.50__rupture_0__weak_0.50__floor_theoretical__recipient_prediction_tilted,strong_incumbent_veto,pres_2017,sido_45,A,B,0.14222159439442095,0.1258437002381364,1.0,1.0,0.0629218501190682,0.0682483484546126,0.0,0.01,0.0682483484546126,0.025322934131601596,0.001593365866003672,,,,,,,,,,
strong_0.50__rupture_0__weak_0.50__floor_theoretical__recipient_prediction_tilted,strong_incumbent_veto,pres_2017,sido_46,A,B,0.14222159439442095,0.1258437002381364,1.0,1.0,0.0629218501190682,0.0438553923470368,0.0,0.01,0.0438553923470368,0.020205248004484,0.001271351586556744,,,,,,,,,,
strong_0.50__rupture_0__weak_0.50__floor_theoretical__recipient_prediction_tilted,strong_incumbent_veto,pres_2017,sido_47,A,B,0.14222159439442095,0.1258437002381364,1.0,1.0,0.0629218501190682,0.4863134552896404,0.0,0.01,0.4863134552896404,0.03603439177059248,0.0022673505981210046,,,,,,,,,,
strong_0.50__rupture_0__weak_0.50__floor_theoretical__recipient_prediction_tilted,strong_incumbent_veto,pres_2017,sido_48,A,B,0.14222159439442095,0.1258437002381364,1.0,1.0,0.0629218501190682,0.3752628188705947,0.0,0.01,0.3752628188705947,0.034783946318121595,0.0021886702567785613,,,,,,,,,,
strong_0.50__rupture_0__weak_0.50__floor_theoretical__recipient_prediction_tilted,strong_incumbent_veto,pres_2017,sido_50,A,B,0.14222159439442095,0.1258437002381364,1.0,1.0,0.0629218501190682,0.2397495310485979,0.0,0.01,0.2397495310485979,0.045654470168853906,0.0028726637292300957,,,,,,,,,,
strong_0.50__rupture_0__weak_0.50__floor_theoretical__recipient_prediction_tilted,weak_same_lane_refusal,pres_2002,sido_11,,,,,,,,,,,,,0.025312926053931,C,A|B,0.0172553182802303,theoretical,prediction_tilted,0.01,0.060625852107862005,0.050625852107862,0.5,0.03531292605393101
strong_0.50__rupture_0__weak_0.50__floor_theoretical__recipient_prediction_tilted,weak_same_lane_refusal,pres_2002,sido_26,,,,,,,,,,,,,0.048325769394412,C,A|B,0.039818482004606,theoretical,prediction_tilted,0.01,0.106651538788824,0.096651538788824,0.5,0.058325769394411996
strong_0.50__rupture_0__weak_0.50__floor_theoretical__recipient_prediction_tilted,weak_same_lane_refusal,pres_2002,sido_27,,,,,,,,,,,,,0.0208613275891017,C,A|B,0.0058164519761945,theoretical,prediction_tilted,0.01,0.0517226551782034,0.0417226551782034,0.5,0.030861327589101702
strong_0.50__rupture_0__weak_0.50__floor_theoretical__recipient_prediction_tilted,weak_same_lane_refusal,pres_2002,sido_28,,,,,,,,,,,,,0.0264003957270692,C,A|B,0.0255062904560678,theoretical,prediction_tilted,0.01,0.0628007914541384,0.0528007914541384,0.5,0.0364003957270692
strong_0.50__rupture_0__weak_0.50__floor_theoretical__recipient_prediction_tilted,weak_same_lane_refusal,pres_2002,sido_29,,,,,,,,,,,,,0.062350677499779995,C,A|B,0.0779749988731636,theoretical,prediction_tilted,0.01,0.13470135499955999,0.12470135499955999,0.5,0.07235067749978
strong_0.50__rupture_0__weak_0.50__floor_theoretical__recipient_prediction_tilted,weak_same_lane_refusal,pres_2002,sido_30,,,,,,,,,,,,,0.0327083634776253,C,A|B,0.0189676131685742,theoretical,prediction_tilted,0.01,0.07541672695525059,0.0654167269552506,0.5,0.04270836347762529
strong_0.50__rupture_0__weak_0.50__floor_theoretical__recipient_prediction_tilted,weak_same_lane_refusal,pres_2002,sido_31,,,,,,,,,,,,,0.1227008152349797,C,A|B,0.3115852121639049,theoretical,prediction_tilted,0.01,0.2554016304699594,0.2454016304699594,0.5,0.1327008152349797
strong_0.50__rupture_0__weak_0.50__floor_theoretical__recipient_prediction_tilted,weak_same_lane_refusal,pres_2002,sido_41,,,,,,,,,,,,,0.0241102146136453,C,A|B,0.0208780312728109,theoretical,prediction_tilted,0.01,0.0582204292272906,0.0482204292272906,0.5,0.0341102146136453
strong_0.50__rupture_0__weak_0.50__floor_theoretical__recipient_prediction_tilted,weak_same_lane_refusal,pres_2002,sido_42,,,,,,,,,,,,,0.038223883459704906,C,A|B,0.0200289187580357,theoretical,prediction_tilted,0.01,0.08644776691940981,0.07644776691940981,0.5,0.0482238834597049
strong_0.50__rupture_0__weak_0.50__floor_theoretical__recipient_prediction_tilted,weak_same_lane_refusal,pres_2002,sido_43,,,,,,,,,,,,,0.031653684504008,C,A|B,0.0118716878700329,theoretical,prediction_tilted,0.01,0.073307369008016,0.063307369008016,0.5,0.041653684504008
strong_0.50__rupture_0__weak_0.50__floor_theoretical__recipient_prediction_tilted,weak_same_lane_refusal,pres_2002,sido_44,,,,,,,,,,,,,0.0177021528213866,C,A|B,0.0095463081839152,theoretical,prediction_tilted,0.01,0.0454043056427732,0.0354043056427732,0.5,0.027702152821386602
strong_0.50__rupture_0__weak_0.50__floor_theoretical__recipient_prediction_tilted,weak_same_lane_refusal,pres_2002,sido_45,,,,,,,,,,,,,0.05882763126316629,C,A|B,0.0228231814936564,theoretical,prediction_tilted,0.01,0.12765526252633258,0.11765526252633259,0.5,0.0688276312631663
strong_0.50__rupture_0__weak_0.50__floor_theoretical__recipient_prediction_tilted,weak_same_lane_refusal,pres_2002,sido_46,,,,,,,,,,,,,0.0627676696159194,C,A|B,0.0132624825931937,theoretical,prediction_tilted,0.01,0.1355353392318388,0.1255353392318388,0.5,0.0727676696159194
strong_0.50__rupture_0__weak_0.50__floor_theoretical__recipient_prediction_tilted,weak_same_lane_refusal,pres_2002,sido_47,,,,,,,,,,,,,0.017480571851519997,C,A|B,0.0296959172831779,theoretical,prediction_tilted,0.01,0.044961143703039996,0.034961143703039994,0.5,0.02748057185152
strong_0.50__rupture_0__weak_0.50__floor_theoretical__recipient_prediction_tilted,weak_same_lane_refusal,pres_2002,sido_48,,,,,,,,,,,,,0.03978345971423781,C,A|B,0.0344685791555901,theoretical,prediction_tilted,0.01,0.08956691942847561,0.07956691942847562,0.5,0.0497834597142378
strong_0.50__rupture_0__weak_0.50__floor_theoretical__recipient_prediction_tilted,weak_same_lane_refusal,pres_2002,sido_50,,,,,,,,,,,,,0.06862850488756084,C,A|B,0.0,theoretical,prediction_tilted,0.01,0.14725700977512168,0.13725700977512167,0.5,0.07862850488756085
strong_0.50__rupture_0__weak_0.50__floor_theoretical__recipient_prediction_tilted,weak_same_lane_refusal,pres_2022,sido_11,,,,,,,,,,,,,0.0201244962273979,C,A|B,0.029384832583875,theoretical,prediction_tilted,0.01,0.050248992454795804,0.0402489924547958,0.5,0.030124496227397903
strong_0.50__rupture_0__weak_0.50__floor_theoretical__recipient_prediction_tilted,weak_same_lane_refusal,pres_2022,sido_26,,,,,,,,,,,,,0.0186599718785586,C,A|B,0.0399820977460082,theoretical,prediction_tilted,0.01,0.0473199437571172,0.0373199437571172,0.5,0.0286599718785586
strong_0.50__rupture_0__weak_0.50__floor_theoretical__recipient_prediction_tilted,weak_same_lane_refusal,pres_2022,sido_27,,,,,,,,,,,,,0.012936492498500998,C,A|B,0.0389354436816256,theoretical,prediction_tilted,0.01,0.035872984997002,0.025872984997001996,0.5,0.022936492498501
strong_0.50__rupture_0__weak_0.50__floor_theoretical__recipient_prediction_tilted,weak_same_lane_refusal,pres_2022,sido_28,,,,,,,,,,,,,0.0217159160626799,C,A|B,0.0485003528440327,theoretical,prediction_tilted,0.01,0.053431832125359804,0.0434318321253598,0.5,0.0317159160626799
strong_0.50__rupture_0__weak_0.50__floor_theoretical__recipient_prediction_tilted,weak_same_lane_refusal,pres_2022,sido_29,,,,,,,,,,,,,0.0373448252333252,C,A|B,0.0876883018010707,theoretical,prediction_tilted,0.01,0.08468965046665039,0.0746896504666504,0.5,0.04734482523332519
strong_0.50__rupture_0__weak_0.50__floor_theoretical__recipient_prediction_tilted,weak_same_lane_refusal,pres_2022,sido_30,,,,,,,,,,,,,0.020154557844191,C,A|B,0.0287620743601844,theoretical,prediction_tilted,0.01,0.050309115688382,0.040309115688382,0.5,0.030154557844191
strong_0.50__rupture_0__weak_0.50__floor_theoretical__recipient_prediction_tilted,weak_same_lane_refusal,pres_2022,sido_31,,,,,,,,,,,,,0.0461215494330516,C,A|B,0.176134143020495,theoretical,prediction_tilted,0.01,0.1022430988661032,0.0922430988661032,0.5,0.056121549433051594
strong_0.50__rupture_0__weak_0.50__floor_theoretical__recipient_prediction_tilted,weak_same_lane_refusal,pres_2022,sido_36,,,,,,,,,,,,,0.0248830085457187,C,A|B,0.0509430370441767,theoretical,prediction_tilted,0.01,0.059766017091437404,0.0497660170914374,0.5,0.0348830085457187
strong_0.50__rupture_0__weak_0.50__floor_theoretical__recipient_prediction_tilted,weak_same_lane_refusal,pres_2022,sido_41,,,,,,,,,,,,,0.017292096576477,C,A|B,0.0359763522960836,theoretical,prediction_tilted,0.01,0.044584193152954005,0.034584193152954,0.5,0.027292096576477003
strong_0.50__rupture_0__weak_0.50__floor_theoretical__recipient_prediction_tilted,weak_same_lane_refusal,pres_2022,sido_42,,,,,,,,,,,,,0.0183571726243893,C,A|B,0.0308172356117518,theoretical,prediction_tilted,0.01,0.0467143452487786,0.0367143452487786,0.5,0.0283571726243893
strong_0.50__rupture_0__weak_0.50__floor_theoretical__recipient_prediction_tilted,weak_same_lane_refusal,pres_2022,sido_43,,,,,,,,,,,,,0.0186670060447342,C,A|B,0.0345580698080987,theoretical,prediction_tilted,0.01,0.0473340120894684,0.0373340120894684,0.5,0.0286670060447342
strong_0.50__rupture_0__weak_0.50__floor_theoretical__recipient_prediction_tilted,weak_same_lane_refusal,pres_2022,sido_44,,,,,,,,,,,,,0.0185115449354657,C,A|B,0.0309340683403439,theoretical,prediction_tilted,0.01,0.0470230898709314,0.0370230898709314,0.5,0.0285115449354657
strong_0.50__rupture_0__weak_0.50__floor_theoretical__recipient_prediction_tilted,weak_same_lane_refusal,pres_2022,sido_45,,,,,,,,,,,,,0.0311980689793105,C,A|B,0.0459485902537228,theoretical,prediction_tilted,0.01,0.072396137958621,0.062396137958621,0.5,0.0411980689793105
strong_0.50__rupture_0__weak_0.50__floor_theoretical__recipient_prediction_tilted,weak_same_lane_refusal,pres_2022,sido_46,,,,,,,,,,,,,0.0308684238021872,C,A|B,0.0592373366011094,theoretical,prediction_tilted,0.01,0.0717368476043744,0.0617368476043744,0.5,0.040868423802187206
strong_0.50__rupture_0__weak_0.50__floor_theoretical__recipient_prediction_tilted,weak_same_lane_refusal,pres_2022,sido_47,,,,,,,,,,,,,0.012709123387680796,C,A|B,0.0343795636905044,theoretical,prediction_tilted,0.01,0.035418246775361595,0.025418246775361593,0.5,0.0227091233876808
strong_0.50__rupture_0__weak_0.50__floor_theoretical__recipient_prediction_tilted,weak_same_lane_refusal,pres_2022,sido_48,,,,,,,,,,,,,0.0262275269035888,C,A|B,0.0766151338961869,theoretical,prediction_tilted,0.01,0.0624550538071776,0.0524550538071776,0.5,0.0362275269035888
strong_0.50__rupture_0__weak_0.50__floor_theoretical__recipient_prediction_tilted,weak_same_lane_refusal,pres_2022,sido_50,,,,,,,,,,,,,0.0318380298535168,C,A|B,0.0503767176193264,theoretical,prediction_tilted,0.01,0.0736760597070336,0.0636760597070336,0.5,0.0418380298535168
strong_0.50__rupture_0__weak_0.50__floor_none__recipient_affinity_only,strong_incumbent_veto,pres_2007,sido_11,A,B,0.1550560112006703,0.1830565695612803,0.6837328178902612,1.0,0.0625808920697294,0.224727422604459,0.0,0.01,0.224727422604459,0.11575376295856316,0.007243973746374882,,,,,,,,,,
strong_0.50__rupture_0__weak_0.50__floor_none__recipient_affinity_only,strong_incumbent_veto,pres_2007,sido_26,A,B,0.1550560112006703,0.1830565695612803,0.6837328178902612,1.0,0.0625808920697294,0.1230144019232013,0.0,0.01,0.1230144019232013,0.06769999442714049,0.004236726044366161,,,,,,,,,,
strong_0.50__rupture_0__weak_0.50__floor_none__recipient_affinity_only,strong_incumbent_veto,pres_2007,sido_27,A,B,0.1550560112006703,0.1830565695612803,0.6837328178902612,1.0,0.0625808920697294,0.0533297784427378,0.0,0.01,0.0533297784427378,0.036548243373766096,0.002287221673911859,,,,,,,,,,
strong_0.50__rupture_0__weak_0.50__floor_none__recipient_affinity_only,strong_incumbent_veto,pres_2007,sido_28,A,B,0.1550560112006703,0.1830565695612803,0.6837328178902612,1.0,0.0625808920697294,0.1882964963574757,0.0,0.01,0.1882964963574757,0.1253482410577939,0.007844404744768224,,,,,,,,,,
strong_0.50__rupture_0__weak_0.50__floor_none__recipient_affinity_only,strong_incumbent_veto,pres_2007,sido_29,A,B,0.1550560112006703,0.1830565695612803,0.6837328178902612,1.0,0.0625808920697294,0.5063986688693,0.0,0.01,0.5063986688693,0.24746182449968468,0.015486381730393087,,,,,,,,,,
strong_0.50__rupture_0__weak_0.50__floor_none__recipient_affinity_only,strong_incumbent_veto,pres_2007,sido_30,A,B,0.1550560112006703,0.1830565695612803,0.6837328178902612,1.0,0.0625808920697294,0.1749885957265136,0.0,0.01,0.1749885957265136,0.1550161062926277,0.009701046216968634,,,,,,,,,,
strong_0.50__rupture_0__weak_0.50__floor_none__recipient_affinity_only,strong_incumbent_veto,pres_2007,sido_31,A,B,0.1550560112006703,0.1830565695612803,0.6837328178902612,1.0,0.0625808920697294,0.0922216716368157,0.0,0.01,0.0922216716368157,0.0762003677779345,0.004768686991584605,,,,,,,,,,
strong_0.50__rupture_0__weak_0.50__floor_none__recipient_affinity_only,strong_incumbent_veto,pres_2007,sido_41,A,B,0.1550560112006703,0.1830565695612803,0.6837328178902612,1.0,0.0625808920697294,0.1969781637048186,0.0,0.01,0.1969781637048186,0.12484403173333555,0.007812850875453744,,,,,,,,,,
strong_0.50__rupture_0__weak_0.50__floor_none__recipient_affinity_only,strong_incumbent_veto,pres_2007,sido_42,A,B,0.1550560112006703,0.1830565695612803,0.6837328178902612,1.0,0.0625808920697294,0.1620964538589391,0.0,0.01,0.1620964538589391,0.0926504884460915,0.005798150217652563,,,,,,,,,,
strong_0.50__rupture_0__weak_0.50__floor_none__recipient_affinity_only,strong_incumbent_veto,pres_2007,sido_43,A,B,0.1550560112006703,0.1830565695612803,0.6837328178902612,1.0,0.0625808920697294,0.1871115693451475,0.0,0.01,0.1871115693451475,0.1250937284019757,0.007828477115724083,,,,,,,,,,
strong_0.50__rupture_0__weak_0.50__floor_none__recipient_affinity_only,strong_incumbent_veto,pres_2007,sido_44,A,B,0.1550560112006703,0.1830565695612803,0.6837328178902612,1.0,0.0625808920697294,0.1339414116449834,0.0,0.01,0.1339414116449834,0.1803984259604589,0.01128949442458055,,,,,,,,,,
strong_0.50__rupture_0__weak_0.50__floor_none__recipient_affinity_only,strong_incumbent_veto,pres_2007,sido_45,A,B,0.1550560112006703,0.1830565695612803,0.6837328178902612,1.0,0.0625808920697294,0.5050615589935803,0.0,0.01,0.5050615589935803,0.2489963619554737,0.015582414453290776,,,,,,,,,,
strong_0.50__rupture_0__weak_0.50__floor_none__recipient_affinity_only,strong_incumbent_veto,pres_2007,sido_46,A,B,0.1550560112006703,0.1830565695612803,0.6837328178902612,1.0,0.0625808920697294,0.5115021109033597,0.0,0.01,0.5115021109033597,0.2436089090943725,0.015245262847259446,,,,,,,,,,
strong_0.50__rupture_0__weak_0.50__floor_none__recipient_affinity_only,strong_incumbent_veto,pres_2007,sido_47,A,B,0.1550560112006703,0.1830565695612803,0.6837328178902612,1.0,0.0625808920697294,0.0689035077128128,0.0,0.01,0.0689035077128128,0.03689871266594581,0.0023091543548595123,,,,,,,,,,
strong_0.50__rupture_0__weak_0.50__floor_none__recipient_affinity_only,strong_incumbent_veto,pres_2007,sido_48,A,B,0.1550560112006703,0.1830565695612803,0.6837328178902612,1.0,0.0625808920697294,0.0994668855013218,0.0,0.01,0.0994668855013218,0.0644903902204684,0.004035866149921866,,,,,,,,,,
strong_0.50__rupture_0__weak_0.50__floor_none__recipient_affinity_only,strong_incumbent_veto,pres_2007,sido_50,A,B,0.1550560112006703,0.1830565695612803,0.6837328178902612,1.0,0.0625808920697294,0.0,0.0,0.01,0.0,0.2696919174747736,0.016877560779567178,,,,,,,,,,
strong_0.50__rupture_0__weak_0.50__floor_none__recipient_affinity_only,strong_incumbent_veto,pres_2017,sido_11,A,B,0.14222159439442095,0.1258437002381364,1.0,1.0,0.0629218501190682,0.2981507946412702,0.0,0.01,0.2981507946412702,0.020775818418153735,0.001307252932608046,,,,,,,,,,
strong_0.50__rupture_0__weak_0.50__floor_none__recipient_affinity_only,strong_incumbent_veto,pres_2017,sido_26,A,B,0.14222159439442095,0.1258437002381364,1.0,1.0,0.0629218501190682,0.3539560494922693,0.0,0.01,0.3539560494922693,0.03533489788607641,0.00222333714876028,,,,,,,,,,
strong_0.50__rupture_0__weak_0.50__floor_none__recipient_affinity_only,strong_incumbent_veto,pres_2017,sido_27,A,B,0.14222159439442095,0.1258437002381364,1.0,1.0,0.0629218501190682,0.4618834178563183,0.0,0.01,0.4618834178563183,0.035586450889516674,0.0022391653291397493,,,,,,,,,,
strong_0.50__rupture_0__weak_0.50__floor_none__recipient_affinity_only,strong_incumbent_veto,pres_2017,sido_28,A,B,0.14222159439442095,0.1258437002381364,1.0,1.0,0.0629218501190682,0.2930148075897038,0.0,0.01,0.2930148075897038,0.02963264010423733,0.0018645405392711107,,,,,,,,,,
strong_0.50__rupture_0__weak_0.50__floor_none__recipient_affinity_only,strong_incumbent_veto,pres_2017,sido_29,A,B,0.14222159439442095,0.1258437002381364,1.0,1.0,0.0629218501190682,0.0341806016229801,0.0,0.01,0.0341806016229801,0.020989257269728195,0.0013206829000364001,,,,,,,,,,
strong_0.50__rupture_0__weak_0.50__floor_none__recipient_affinity_only,strong_incumbent_veto,pres_2017,sido_30,A,B,0.14222159439442095,0.1258437002381364,1.0,1.0,0.0629218501190682,0.2396170369219419,0.0,0.01,0.2396170369219419,0.029086009721897926,0.001830145544283022,,,,,,,,,,
strong_0.50__rupture_0__weak_0.50__floor_none__recipient_affinity_only,strong_incumbent_veto,pres_2017,sido_31,A,B,0.14222159439442095,0.1258437002381364,1.0,1.0,0.0629218501190682,0.3553353097157836,0.0,0.01,0.3553353097157836,0.03151593008562664,0.001983040629210832,,,,,,,,,,
strong_0.50__rupture_0__weak_0.50__floor_none__recipient_affinity_only,strong_incumbent_veto,pres_2017,sido_36,A,B,0.14222159439442095,0.1258437002381364,1.0,1.0,0.0629218501190682,0.1724331995485346,0.0,0.01,0.1724331995485346,0.05851073368036361,0.0036816036149925546,,,,,,,,,,
strong_0.50__rupture_0__weak_0.50__floor_none__recipient_affinity_only,strong_incumbent_veto,pres_2017,sido_41,A,B,0.14222159439442095,0.1258437002381364,1.0,1.0,0.0629218501190682,0.2904867750077805,0.0,0.01,0.2904867750077805,0.029907444360296687,0.0018818317314829597,,,,,,,,,,
strong_0.50__rupture_0__weak_0.50__floor_none__recipient_affinity_only,strong_incumbent_veto,pres_2017,sido_42,A,B,0.14222159439442095,0.1258437002381364,1.0,1.0,0.0629218501190682,0.3376440484133232,0.0,0.01,0.3376440484133232,0.03245600676312743,0.0020421919930129684,,,,,,,,,,
strong_0.50__rupture_0__weak_0.50__floor_none__recipient_affinity_only,strong_incumbent_veto,pres_2017,sido_43,A,B,0.14222159439442095,0.1258437002381364,1.0,1.0,0.0629218501190682,0.2911638514975106,0.0,0.01,0.2911638514975106,0.03015423544612711,0.0018973602831963035,,,,,,,,,,
strong_0.50__rupture_0__weak_0.50__floor_none__recipient_affinity_only,strong_incumbent_veto,pres_2017,sido_44,A,B,0.14222159439442095,0.1258437002381364,1.0,1.0,0.0629218501190682,0.2550776099850012,0.0,0.01,0.2550776099850012,0.030969977487163403,0.001948688281638212,,,,,,,,,,
strong_0.50__rupture_0__weak_0.50__floor_none__recipient_affinity_only,strong_incumbent_veto,pres_2017,sido_45,A,B,0.14222159439442095,0.1258437002381364,1.0,1.0,0.0629218501190682,0.0682483484546126,0.0,0.01,0.0682483484546126,0.025322934131601596,0.001593365866003672,,,,,,,,,,
strong_0.50__rupture_0__weak_0.50__floor_none__recipient_affinity_only,strong_incumbent_veto,pres_2017,sido_46,A,B,0.14222159439442095,0.1258437002381364,1.0,1.0,0.0629218501190682,0.0438553923470368,0.0,0.01,0.0438553923470368,0.020205248004484,0.001271351586556744,,,,,,,,,,
strong_0.50__rupture_0__weak_0.50__floor_none__recipient_affinity_only,strong_incumbent_veto,pres_2017,sido_47,A,B,0.14222159439442095,0.1258437002381364,1.0,1.0,0.0629218501190682,0.4863134552896404,0.0,0.01,0.4863134552896404,0.03603439177059248,0.0022673505981210046,,,,,,,,,,
strong_0.50__rupture_0__weak_0.50__floor_none__recipient_affinity_only,strong_incumbent_veto,pres_2017,sido_48,A,B,0.14222159439442095,0.1258437002381364,1.0,1.0,0.0629218501190682,0.3752628188705947,0.0,0.01,0.3752628188705947,0.034783946318121595,0.0021886702567785613,,,,,,,,,,
strong_0.50__rupture_0__weak_0.50__floor_none__recipient_affinity_only,strong_incumbent_veto,pres_2017,sido_50,A,B,0.14222159439442095,0.1258437002381364,1.0,1.0,0.0629218501190682,0.2397495310485979,0.0,0.01,0.2397495310485979,0.045654470168853906,0.0028726637292300957,,,,,,,,,,
strong_0.50__rupture_0__weak_0.50__floor_none__recipient_affinity_only,weak_same_lane_refusal,pres_2002,sido_11,,,,,,,,,,,,,0.030312926053931002,C,A,0.0172553182802303,none,affinity_only,0.0,0.060625852107862005,0.060625852107862005,0.5,0.030312926053931002
strong_0.50__rupture_0__weak_0.50__floor_none__recipient_affinity_only,weak_same_lane_refusal,pres_2002,sido_26,,,,,,,,,,,,,0.053325769394412,C,A,0.039818482004606,none,affinity_only,0.0,0.106651538788824,0.106651538788824,0.5,0.053325769394412
strong_0.50__rupture_0__weak_0.50__floor_none__recipient_affinity_only,weak_same_lane_refusal,pres_2002,sido_27,,,,,,,,,,,,,0.0258613275891017,C,A,0.0058164519761945,none,affinity_only,0.0,0.0517226551782034,0.0517226551782034,0.5,0.0258613275891017
strong_0.50__rupture_0__weak_0.50__floor_none__recipient_affinity_only,weak_same_lane_refusal,pres_2002,sido_28,,,,,,,,,,,,,0.0314003957270692,C,A,0.0255062904560678,none,affinity_only,0.0,0.0628007914541384,0.0628007914541384,0.5,0.0314003957270692
strong_0.50__rupture_0__weak_0.50__floor_none__recipient_affinity_only,weak_same_lane_refusal,pres_2002,sido_29,,,,,,,,,,,,,0.06735067749977999,C,A,0.0779749988731636,none,affinity_only,0.0,0.13470135499955999,0.13470135499955999,0.5,0.06735067749977999
strong_0.50__rupture_0__weak_0.50__floor_none__recipient_affinity_only,weak_same_lane_refusal,pres_2002,sido_30,,,,,,,,,,,,,0.037708363477625295,C,A,0.0189676131685742,none,affinity_only,0.0,0.07541672695525059,0.07541672695525059,0.5,0.037708363477625295
strong_0.50__rupture_0__weak_0.50__floor_none__recipient_affinity_only,weak_same_lane_refusal,pres_2002,sido_31,,,,,,,,,,,,,0.1277008152349797,C,A,0.3115852121639049,none,affinity_only,0.0,0.2554016304699594,0.2554016304699594,0.5,0.1277008152349797
strong_0.50__rupture_0__weak_0.50__floor_none__recipient_affinity_only,weak_same_lane_refusal,pres_2002,sido_41,,,,,,,,,,,,,0.0291102146136453,C,A,0.0208780312728109,none,affinity_only,0.0,0.0582204292272906,0.0582204292272906,0.5,0.0291102146136453
strong_0.50__rupture_0__weak_0.50__floor_none__recipient_affinity_only,weak_same_lane_refusal,pres_2002,sido_42,,,,,,,,,,,,,0.043223883459704904,C,A,0.0200289187580357,none,affinity_only,0.0,0.08644776691940981,0.08644776691940981,0.5,0.043223883459704904
strong_0.50__rupture_0__weak_0.50__floor_none__recipient_affinity_only,weak_same_lane_refusal,pres_2002,sido_43,,,,,,,,,,,,,0.036653684504008,C,A,0.0118716878700329,none,affinity_only,0.0,0.073307369008016,0.073307369008016,0.5,0.036653684504008
strong_0.50__rupture_0__weak_0.50__floor_none__recipient_affinity_only,weak_same_lane_refusal,pres_2002,sido_44,,,,,,,,,,,,,0.0227021528213866,C,A,0.0095463081839152,none,affinity_only,0.0,0.0454043056427732,0.0454043056427732,0.5,0.0227021528213866
strong_0.50__rupture_0__weak_0.50__floor_none__recipient_affinity_only,weak_same_lane_refusal,pres_2002,sido_45,,,,,,,,,,,,,0.06382763126316629,C,A,0.0228231814936564,none,affinity_only,0.0,0.12765526252633258,0.12765526252633258,0.5,0.06382763126316629
strong_0.50__rupture_0__weak_0.50__floor_none__recipient_affinity_only,weak_same_lane_refusal,pres_2002,sido_46,,,,,,,,,,,,,0.0677676696159194,C,A,0.0132624825931937,none,affinity_only,0.0,0.1355353392318388,0.1355353392318388,0.5,0.0677676696159194
strong_0.50__rupture_0__weak_0.50__floor_none__recipient_affinity_only,weak_same_lane_refusal,pres_2002,sido_47,,,,,,,,,,,,,0.022480571851519998,C,A,0.0296959172831779,none,affinity_only,0.0,0.044961143703039996,0.044961143703039996,0.5,0.022480571851519998
strong_0.50__rupture_0__weak_0.50__floor_none__recipient_affinity_only,weak_same_lane_refusal,pres_2002,sido_48,,,,,,,,,,,,,0.044783459714237805,C,A,0.0344685791555901,none,affinity_only,0.0,0.08956691942847561,0.08956691942847561,0.5,0.044783459714237805
strong_0.50__rupture_0__weak_0.50__floor_none__recipient_affinity_only,weak_same_lane_refusal,pres_2002,sido_50,,,,,,,,,,,,,0.07362850488756084,C,A,0.0,none,affinity_only,0.0,0.14725700977512168,0.14725700977512168,0.5,0.07362850488756084
strong_0.50__rupture_0__weak_0.50__floor_none__recipient_affinity_only,weak_same_lane_refusal,pres_2022,sido_11,,,,,,,,,,,,,0.025124496227397902,C,B,0.029384832583875,none,affinity_only,0.0,0.050248992454795804,0.050248992454795804,0.5,0.025124496227397902
strong_0.50__rupture_0__weak_0.50__floor_none__recipient_affinity_only,weak_same_lane_refusal,pres_2022,sido_26,,,,,,,,,,,,,0.0236599718785586,C,B,0.0399820977460082,none,affinity_only,0.0,0.0473199437571172,0.0473199437571172,0.5,0.0236599718785586
strong_0.50__rupture_0__weak_0.50__floor_none__recipient_affinity_only,weak_same_lane_refusal,pres_2022,sido_27,,,,,,,,,,,,,0.017936492498501,C,B,0.0389354436816256,none,affinity_only,0.0,0.035872984997002,0.035872984997002,0.5,0.017936492498501
strong_0.50__rupture_0__weak_0.50__floor_none__recipient_affinity_only,weak_same_lane_refusal,pres_2022,sido_28,,,,,,,,,,,,,0.026715916062679902,C,B,0.0485003528440327,none,affinity_only,0.0,0.053431832125359804,0.053431832125359804,0.5,0.026715916062679902
strong_0.50__rupture_0__weak_0.50__floor_none__recipient_affinity_only,weak_same_lane_refusal,pres_2022,sido_29,,,,,,,,,,,,,0.042344825233325195,C,B,0.0876883018010707,none,affinity_only,0.0,0.08468965046665039,0.08468965046665039,0.5,0.042344825233325195
strong_0.50__rupture_0__weak_0.50__floor_none__recipient_affinity_only,weak_same_lane_refusal,pres_2022,sido_30,,,,,,,,,,,,,0.025154557844191,C,B,0.0287620743601844,none,affinity_only,0.0,0.050309115688382,0.050309115688382,0.5,0.025154557844191
strong_0.50__rupture_0__weak_0.50__floor_none__recipient_affinity_only,weak_same_lane_refusal,pres_2022,sido_31,,,,,,,,,,,,,0.0511215494330516,C,B,0.176134143020495,none,affinity_only,0.0,0.1022430988661032,0.1022430988661032,0.5,0.0511215494330516
strong_0.50__rupture_0__weak_0.50__floor_none__recipient_affinity_only,weak_same_lane_refusal,pres_2022,sido_36,,,,,,,,,,,,,0.029883008545718702,C,B,0.0509430370441767,none,affinity_only,0.0,0.059766017091437404,0.059766017091437404,0.5,0.029883008545718702
strong_0.50__rupture_0__weak_0.50__floor_none__recipient_affinity_only,weak_same_lane_refusal,pres_2022,sido_41,,,,,,,,,,,,,0.022292096576477002,C,B,0.0359763522960836,none,affinity_only,0.0,0.044584193152954005,0.044584193152954005,0.5,0.022292096576477002
strong_0.50__rupture_0__weak_0.50__floor_none__recipient_affinity_only,weak_same_lane_refusal,pres_2022,sido_42,,,,,,,,,,,,,0.0233571726243893,C,B,0.0308172356117518,none,affinity_only,0.0,0.0467143452487786,0.0467143452487786,0.5,0.0233571726243893
strong_0.50__rupture_0__weak_0.50__floor_none__recipient_affinity_only,weak_same_lane_refusal,pres_2022,sido_43,,,,,,,,,,,,,0.0236670060447342,C,B,0.0345580698080987,none,affinity_only,0.0,0.0473340120894684,0.0473340120894684,0.5,0.0236670060447342
strong_0.50__rupture_0__weak_0.50__floor_none__recipient_affinity_only,weak_same_lane_refusal,pres_2022,sido_44,,,,,,,,,,,,,0.0235115449354657,C,B,0.0309340683403439,none,affinity_only,0.0,0.0470230898709314,0.0470230898709314,0.5,0.0235115449354657
strong_0.50__rupture_0__weak_0.50__floor_none__recipient_affinity_only,weak_same_lane_refusal,pres_2022,sido_45,,,,,,,,,,,,,0.0361980689793105,C,B,0.0459485902537228,none,affinity_only,0.0,0.072396137958621,0.072396137958621,0.5,0.0361980689793105
strong_0.50__rupture_0__weak_0.50__floor_none__recipient_affinity_only,weak_same_lane_refusal,pres_2022,sido_46,,,,,,,,,,,,,0.0358684238021872,C,B,0.0592373366011094,none,affinity_only,0.0,0.0717368476043744,0.0717368476043744,0.5,0.0358684238021872
strong_0.50__rupture_0__weak_0.50__floor_none__recipient_affinity_only,weak_same_lane_refusal,pres_2022,sido_47,,,,,,,,,,,,,0.017709123387680797,C,B,0.0343795636905044,none,affinity_only,0.0,0.035418246775361595,0.035418246775361595,0.5,0.017709123387680797
strong_0.50__rupture_0__weak_0.50__floor_none__recipient_affinity_only,weak_same_lane_refusal,pres_2022,sido_48,,,,,,,,,,,,,0.0312275269035888,C,B,0.0766151338961869,none,affinity_only,0.0,0.0624550538071776,0.0624550538071776,0.5,0.0312275269035888
strong_0.50__rupture_0__weak_0.50__floor_none__recipient_affinity_only,weak_same_lane_refusal,pres_2022,sido_50,,,,,,,,,,,,,0.0368380298535168,C,B,0.0503767176193264,none,affinity_only,0.0,0.0736760597070336,0.0736760597070336,0.5,0.0368380298535168
strong_0.50__rupture_0__weak_0.50__floor_none__recipient_prediction_tilted,strong_incumbent_veto,pres_2007,sido_11,A,B,0.1550560112006703,0.1830565695612803,0.6837328178902612,1.0,0.0625808920697294,0.224727422604459,0.0,0.01,0.224727422604459,0.11575376295856316,0.007243973746374882,,,,,,,,,,
strong_0.50__rupture_0__weak_0.50__floor_none__recipient_prediction_tilted,strong_incumbent_veto,pres_2007,sido_26,A,B,0.1550560112006703,0.1830565695612803,0.6837328178902612,1.0,0.0625808920697294,0.1230144019232013,0.0,0.01,0.1230144019232013,0.06769999442714049,0.004236726044366161,,,,,,,,,,
strong_0.50__rupture_0__weak_0.50__floor_none__recipient_prediction_tilted,strong_incumbent_veto,pres_2007,sido_27,A,B,0.1550560112006703,0.1830565695612803,0.6837328178902612,1.0,0.0625808920697294,0.0533297784427378,0.0,0.01,0.0533297784427378,0.036548243373766096,0.002287221673911859,,,,,,,,,,
strong_0.50__rupture_0__weak_0.50__floor_none__recipient_prediction_tilted,strong_incumbent_veto,pres_2007,sido_28,A,B,0.1550560112006703,0.1830565695612803,0.6837328178902612,1.0,0.0625808920697294,0.1882964963574757,0.0,0.01,0.1882964963574757,0.1253482410577939,0.007844404744768224,,,,,,,,,,
strong_0.50__rupture_0__weak_0.50__floor_none__recipient_prediction_tilted,strong_incumbent_veto,pres_2007,sido_29,A,B,0.1550560112006703,0.1830565695612803,0.6837328178902612,1.0,0.0625808920697294,0.5063986688693,0.0,0.01,0.5063986688693,0.24746182449968468,0.015486381730393087,,,,,,,,,,
strong_0.50__rupture_0__weak_0.50__floor_none__recipient_prediction_tilted,strong_incumbent_veto,pres_2007,sido_30,A,B,0.1550560112006703,0.1830565695612803,0.6837328178902612,1.0,0.0625808920697294,0.1749885957265136,0.0,0.01,0.1749885957265136,0.1550161062926277,0.009701046216968634,,,,,,,,,,
strong_0.50__rupture_0__weak_0.50__floor_none__recipient_prediction_tilted,strong_incumbent_veto,pres_2007,sido_31,A,B,0.1550560112006703,0.1830565695612803,0.6837328178902612,1.0,0.0625808920697294,0.0922216716368157,0.0,0.01,0.0922216716368157,0.0762003677779345,0.004768686991584605,,,,,,,,,,
strong_0.50__rupture_0__weak_0.50__floor_none__recipient_prediction_tilted,strong_incumbent_veto,pres_2007,sido_41,A,B,0.1550560112006703,0.1830565695612803,0.6837328178902612,1.0,0.0625808920697294,0.1969781637048186,0.0,0.01,0.1969781637048186,0.12484403173333555,0.007812850875453744,,,,,,,,,,
strong_0.50__rupture_0__weak_0.50__floor_none__recipient_prediction_tilted,strong_incumbent_veto,pres_2007,sido_42,A,B,0.1550560112006703,0.1830565695612803,0.6837328178902612,1.0,0.0625808920697294,0.1620964538589391,0.0,0.01,0.1620964538589391,0.0926504884460915,0.005798150217652563,,,,,,,,,,
strong_0.50__rupture_0__weak_0.50__floor_none__recipient_prediction_tilted,strong_incumbent_veto,pres_2007,sido_43,A,B,0.1550560112006703,0.1830565695612803,0.6837328178902612,1.0,0.0625808920697294,0.1871115693451475,0.0,0.01,0.1871115693451475,0.1250937284019757,0.007828477115724083,,,,,,,,,,
strong_0.50__rupture_0__weak_0.50__floor_none__recipient_prediction_tilted,strong_incumbent_veto,pres_2007,sido_44,A,B,0.1550560112006703,0.1830565695612803,0.6837328178902612,1.0,0.0625808920697294,0.1339414116449834,0.0,0.01,0.1339414116449834,0.1803984259604589,0.01128949442458055,,,,,,,,,,
strong_0.50__rupture_0__weak_0.50__floor_none__recipient_prediction_tilted,strong_incumbent_veto,pres_2007,sido_45,A,B,0.1550560112006703,0.1830565695612803,0.6837328178902612,1.0,0.0625808920697294,0.5050615589935803,0.0,0.01,0.5050615589935803,0.2489963619554737,0.015582414453290776,,,,,,,,,,
strong_0.50__rupture_0__weak_0.50__floor_none__recipient_prediction_tilted,strong_incumbent_veto,pres_2007,sido_46,A,B,0.1550560112006703,0.1830565695612803,0.6837328178902612,1.0,0.0625808920697294,0.5115021109033597,0.0,0.01,0.5115021109033597,0.2436089090943725,0.015245262847259446,,,,,,,,,,
strong_0.50__rupture_0__weak_0.50__floor_none__recipient_prediction_tilted,strong_incumbent_veto,pres_2007,sido_47,A,B,0.1550560112006703,0.1830565695612803,0.6837328178902612,1.0,0.0625808920697294,0.0689035077128128,0.0,0.01,0.0689035077128128,0.03689871266594581,0.0023091543548595123,,,,,,,,,,
strong_0.50__rupture_0__weak_0.50__floor_none__recipient_prediction_tilted,strong_incumbent_veto,pres_2007,sido_48,A,B,0.1550560112006703,0.1830565695612803,0.6837328178902612,1.0,0.0625808920697294,0.0994668855013218,0.0,0.01,0.0994668855013218,0.0644903902204684,0.004035866149921866,,,,,,,,,,
strong_0.50__rupture_0__weak_0.50__floor_none__recipient_prediction_tilted,strong_incumbent_veto,pres_2007,sido_50,A,B,0.1550560112006703,0.1830565695612803,0.6837328178902612,1.0,0.0625808920697294,0.0,0.0,0.01,0.0,0.2696919174747736,0.016877560779567178,,,,,,,,,,
strong_0.50__rupture_0__weak_0.50__floor_none__recipient_prediction_tilted,strong_incumbent_veto,pres_2017,sido_11,A,B,0.14222159439442095,0.1258437002381364,1.0,1.0,0.0629218501190682,0.2981507946412702,0.0,0.01,0.2981507946412702,0.020775818418153735,0.001307252932608046,,,,,,,,,,
strong_0.50__rupture_0__weak_0.50__floor_none__recipient_prediction_tilted,strong_incumbent_veto,pres_2017,sido_26,A,B,0.14222159439442095,0.1258437002381364,1.0,1.0,0.0629218501190682,0.3539560494922693,0.0,0.01,0.3539560494922693,0.03533489788607641,0.00222333714876028,,,,,,,,,,
strong_0.50__rupture_0__weak_0.50__floor_none__recipient_prediction_tilted,strong_incumbent_veto,pres_2017,sido_27,A,B,0.14222159439442095,0.1258437002381364,1.0,1.0,0.0629218501190682,0.4618834178563183,0.0,0.01,0.4618834178563183,0.035586450889516674,0.0022391653291397493,,,,,,,,,,
strong_0.50__rupture_0__weak_0.50__floor_none__recipient_prediction_tilted,strong_incumbent_veto,pres_2017,sido_28,A,B,0.14222159439442095,0.1258437002381364,1.0,1.0,0.0629218501190682,0.2930148075897038,0.0,0.01,0.2930148075897038,0.02963264010423733,0.0018645405392711107,,,,,,,,,,
strong_0.50__rupture_0__weak_0.50__floor_none__recipient_prediction_tilted,strong_incumbent_veto,pres_2017,sido_29,A,B,0.14222159439442095,0.1258437002381364,1.0,1.0,0.0629218501190682,0.0341806016229801,0.0,0.01,0.0341806016229801,0.020989257269728195,0.0013206829000364001,,,,,,,,,,
strong_0.50__rupture_0__weak_0.50__floor_none__recipient_prediction_tilted,strong_incumbent_veto,pres_2017,sido_30,A,B,0.14222159439442095,0.1258437002381364,1.0,1.0,0.0629218501190682,0.2396170369219419,0.0,0.01,0.2396170369219419,0.029086009721897926,0.001830145544283022,,,,,,,,,,
strong_0.50__rupture_0__weak_0.50__floor_none__recipient_prediction_tilted,strong_incumbent_veto,pres_2017,sido_31,A,B,0.14222159439442095,0.1258437002381364,1.0,1.0,0.0629218501190682,0.3553353097157836,0.0,0.01,0.3553353097157836,0.03151593008562664,0.001983040629210832,,,,,,,,,,
strong_0.50__rupture_0__weak_0.50__floor_none__recipient_prediction_tilted,strong_incumbent_veto,pres_2017,sido_36,A,B,0.14222159439442095,0.1258437002381364,1.0,1.0,0.0629218501190682,0.1724331995485346,0.0,0.01,0.1724331995485346,0.05851073368036361,0.0036816036149925546,,,,,,,,,,
strong_0.50__rupture_0__weak_0.50__floor_none__recipient_prediction_tilted,strong_incumbent_veto,pres_2017,sido_41,A,B,0.14222159439442095,0.1258437002381364,1.0,1.0,0.0629218501190682,0.2904867750077805,0.0,0.01,0.2904867750077805,0.029907444360296687,0.0018818317314829597,,,,,,,,,,
strong_0.50__rupture_0__weak_0.50__floor_none__recipient_prediction_tilted,strong_incumbent_veto,pres_2017,sido_42,A,B,0.14222159439442095,0.1258437002381364,1.0,1.0,0.0629218501190682,0.3376440484133232,0.0,0.01,0.3376440484133232,0.03245600676312743,0.0020421919930129684,,,,,,,,,,
strong_0.50__rupture_0__weak_0.50__floor_none__recipient_prediction_tilted,strong_incumbent_veto,pres_2017,sido_43,A,B,0.14222159439442095,0.1258437002381364,1.0,1.0,0.0629218501190682,0.2911638514975106,0.0,0.01,0.2911638514975106,0.03015423544612711,0.0018973602831963035,,,,,,,,,,
strong_0.50__rupture_0__weak_0.50__floor_none__recipient_prediction_tilted,strong_incumbent_veto,pres_2017,sido_44,A,B,0.14222159439442095,0.1258437002381364,1.0,1.0,0.0629218501190682,0.2550776099850012,0.0,0.01,0.2550776099850012,0.030969977487163403,0.001948688281638212,,,,,,,,,,
strong_0.50__rupture_0__weak_0.50__floor_none__recipient_prediction_tilted,strong_incumbent_veto,pres_2017,sido_45,A,B,0.14222159439442095,0.1258437002381364,1.0,1.0,0.0629218501190682,0.0682483484546126,0.0,0.01,0.0682483484546126,0.025322934131601596,0.001593365866003672,,,,,,,,,,
strong_0.50__rupture_0__weak_0.50__floor_none__recipient_prediction_tilted,strong_incumbent_veto,pres_2017,sido_46,A,B,0.14222159439442095,0.1258437002381364,1.0,1.0,0.0629218501190682,0.0438553923470368,0.0,0.01,0.0438553923470368,0.020205248004484,0.001271351586556744,,,,,,,,,,
strong_0.50__rupture_0__weak_0.50__floor_none__recipient_prediction_tilted,strong_incumbent_veto,pres_2017,sido_47,A,B,0.14222159439442095,0.1258437002381364,1.0,1.0,0.0629218501190682,0.4863134552896404,0.0,0.01,0.4863134552896404,0.03603439177059248,0.0022673505981210046,,,,,,,,,,
strong_0.50__rupture_0__weak_0.50__floor_none__recipient_prediction_tilted,strong_incumbent_veto,pres_2017,sido_48,A,B,0.14222159439442095,0.1258437002381364,1.0,1.0,0.0629218501190682,0.3752628188705947,0.0,0.01,0.3752628188705947,0.034783946318121595,0.0021886702567785613,,,,,,,,,,
strong_0.50__rupture_0__weak_0.50__floor_none__recipient_prediction_tilted,strong_incumbent_veto,pres_2017,sido_50,A,B,0.14222159439442095,0.1258437002381364,1.0,1.0,0.0629218501190682,0.2397495310485979,0.0,0.01,0.2397495310485979,0.045654470168853906,0.0028726637292300957,,,,,,,,,,
strong_0.50__rupture_0__weak_0.50__floor_none__recipient_prediction_tilted,weak_same_lane_refusal,pres_2002,sido_11,,,,,,,,,,,,,0.030312926053931002,C,A|B,0.0172553182802303,none,prediction_tilted,0.0,0.060625852107862005,0.060625852107862005,0.5,0.030312926053931002
strong_0.50__rupture_0__weak_0.50__floor_none__recipient_prediction_tilted,weak_same_lane_refusal,pres_2002,sido_26,,,,,,,,,,,,,0.053325769394412,C,A|B,0.039818482004606,none,prediction_tilted,0.0,0.106651538788824,0.106651538788824,0.5,0.053325769394412
strong_0.50__rupture_0__weak_0.50__floor_none__recipient_prediction_tilted,weak_same_lane_refusal,pres_2002,sido_27,,,,,,,,,,,,,0.0258613275891017,C,A|B,0.0058164519761945,none,prediction_tilted,0.0,0.0517226551782034,0.0517226551782034,0.5,0.0258613275891017
strong_0.50__rupture_0__weak_0.50__floor_none__recipient_prediction_tilted,weak_same_lane_refusal,pres_2002,sido_28,,,,,,,,,,,,,0.0314003957270692,C,A|B,0.0255062904560678,none,prediction_tilted,0.0,0.0628007914541384,0.0628007914541384,0.5,0.0314003957270692
strong_0.50__rupture_0__weak_0.50__floor_none__recipient_prediction_tilted,weak_same_lane_refusal,pres_2002,sido_29,,,,,,,,,,,,,0.06735067749977999,C,A|B,0.0779749988731636,none,prediction_tilted,0.0,0.13470135499955999,0.13470135499955999,0.5,0.06735067749977999
strong_0.50__rupture_0__weak_0.50__floor_none__recipient_prediction_tilted,weak_same_lane_refusal,pres_2002,sido_30,,,,,,,,,,,,,0.037708363477625295,C,A|B,0.0189676131685742,none,prediction_tilted,0.0,0.07541672695525059,0.07541672695525059,0.5,0.037708363477625295
strong_0.50__rupture_0__weak_0.50__floor_none__recipient_prediction_tilted,weak_same_lane_refusal,pres_2002,sido_31,,,,,,,,,,,,,0.1277008152349797,C,A|B,0.3115852121639049,none,prediction_tilted,0.0,0.2554016304699594,0.2554016304699594,0.5,0.1277008152349797
strong_0.50__rupture_0__weak_0.50__floor_none__recipient_prediction_tilted,weak_same_lane_refusal,pres_2002,sido_41,,,,,,,,,,,,,0.0291102146136453,C,A|B,0.0208780312728109,none,prediction_tilted,0.0,0.0582204292272906,0.0582204292272906,0.5,0.0291102146136453
strong_0.50__rupture_0__weak_0.50__floor_none__recipient_prediction_tilted,weak_same_lane_refusal,pres_2002,sido_42,,,,,,,,,,,,,0.043223883459704904,C,A|B,0.0200289187580357,none,prediction_tilted,0.0,0.08644776691940981,0.08644776691940981,0.5,0.043223883459704904
strong_0.50__rupture_0__weak_0.50__floor_none__recipient_prediction_tilted,weak_same_lane_refusal,pres_2002,sido_43,,,,,,,,,,,,,0.036653684504008,C,A|B,0.0118716878700329,none,prediction_tilted,0.0,0.073307369008016,0.073307369008016,0.5,0.036653684504008
strong_0.50__rupture_0__weak_0.50__floor_none__recipient_prediction_tilted,weak_same_lane_refusal,pres_2002,sido_44,,,,,,,,,,,,,0.0227021528213866,C,A|B,0.0095463081839152,none,prediction_tilted,0.0,0.0454043056427732,0.0454043056427732,0.5,0.0227021528213866
strong_0.50__rupture_0__weak_0.50__floor_none__recipient_prediction_tilted,weak_same_lane_refusal,pres_2002,sido_45,,,,,,,,,,,,,0.06382763126316629,C,A|B,0.0228231814936564,none,prediction_tilted,0.0,0.12765526252633258,0.12765526252633258,0.5,0.06382763126316629
strong_0.50__rupture_0__weak_0.50__floor_none__recipient_prediction_tilted,weak_same_lane_refusal,pres_2002,sido_46,,,,,,,,,,,,,0.0677676696159194,C,A|B,0.0132624825931937,none,prediction_tilted,0.0,0.1355353392318388,0.1355353392318388,0.5,0.0677676696159194
strong_0.50__rupture_0__weak_0.50__floor_none__recipient_prediction_tilted,weak_same_lane_refusal,pres_2002,sido_47,,,,,,,,,,,,,0.022480571851519998,C,A|B,0.0296959172831779,none,prediction_tilted,0.0,0.044961143703039996,0.044961143703039996,0.5,0.022480571851519998
strong_0.50__rupture_0__weak_0.50__floor_none__recipient_prediction_tilted,weak_same_lane_refusal,pres_2002,sido_48,,,,,,,,,,,,,0.044783459714237805,C,A|B,0.0344685791555901,none,prediction_tilted,0.0,0.08956691942847561,0.08956691942847561,0.5,0.044783459714237805
strong_0.50__rupture_0__weak_0.50__floor_none__recipient_prediction_tilted,weak_same_lane_refusal,pres_2002,sido_50,,,,,,,,,,,,,0.07362850488756084,C,A|B,0.0,none,prediction_tilted,0.0,0.14725700977512168,0.14725700977512168,0.5,0.07362850488756084
strong_0.50__rupture_0__weak_0.50__floor_none__recipient_prediction_tilted,weak_same_lane_refusal,pres_2022,sido_11,,,,,,,,,,,,,0.025124496227397902,C,A|B,0.029384832583875,none,prediction_tilted,0.0,0.050248992454795804,0.050248992454795804,0.5,0.025124496227397902
strong_0.50__rupture_0__weak_0.50__floor_none__recipient_prediction_tilted,weak_same_lane_refusal,pres_2022,sido_26,,,,,,,,,,,,,0.0236599718785586,C,A|B,0.0399820977460082,none,prediction_tilted,0.0,0.0473199437571172,0.0473199437571172,0.5,0.0236599718785586
strong_0.50__rupture_0__weak_0.50__floor_none__recipient_prediction_tilted,weak_same_lane_refusal,pres_2022,sido_27,,,,,,,,,,,,,0.017936492498501,C,A|B,0.0389354436816256,none,prediction_tilted,0.0,0.035872984997002,0.035872984997002,0.5,0.017936492498501
strong_0.50__rupture_0__weak_0.50__floor_none__recipient_prediction_tilted,weak_same_lane_refusal,pres_2022,sido_28,,,,,,,,,,,,,0.026715916062679902,C,A|B,0.0485003528440327,none,prediction_tilted,0.0,0.053431832125359804,0.053431832125359804,0.5,0.026715916062679902
strong_0.50__rupture_0__weak_0.50__floor_none__recipient_prediction_tilted,weak_same_lane_refusal,pres_2022,sido_29,,,,,,,,,,,,,0.042344825233325195,C,A|B,0.0876883018010707,none,prediction_tilted,0.0,0.08468965046665039,0.08468965046665039,0.5,0.042344825233325195
strong_0.50__rupture_0__weak_0.50__floor_none__recipient_prediction_tilted,weak_same_lane_refusal,pres_2022,sido_30,,,,,,,,,,,,,0.025154557844191,C,A|B,0.0287620743601844,none,prediction_tilted,0.0,0.050309115688382,0.050309115688382,0.5,0.025154557844191
strong_0.50__rupture_0__weak_0.50__floor_none__recipient_prediction_tilted,weak_same_lane_refusal,pres_2022,sido_31,,,,,,,,,,,,,0.0511215494330516,C,A|B,0.176134143020495,none,prediction_tilted,0.0,0.1022430988661032,0.1022430988661032,0.5,0.0511215494330516
strong_0.50__rupture_0__weak_0.50__floor_none__recipient_prediction_tilted,weak_same_lane_refusal,pres_2022,sido_36,,,,,,,,,,,,,0.029883008545718702,C,A|B,0.0509430370441767,none,prediction_tilted,0.0,0.059766017091437404,0.059766017091437404,0.5,0.029883008545718702
strong_0.50__rupture_0__weak_0.50__floor_none__recipient_prediction_tilted,weak_same_lane_refusal,pres_2022,sido_41,,,,,,,,,,,,,0.022292096576477002,C,A|B,0.0359763522960836,none,prediction_tilted,0.0,0.044584193152954005,0.044584193152954005,0.5,0.022292096576477002
strong_0.50__rupture_0__weak_0.50__floor_none__recipient_prediction_tilted,weak_same_lane_refusal,pres_2022,sido_42,,,,,,,,,,,,,0.0233571726243893,C,A|B,0.0308172356117518,none,prediction_tilted,0.0,0.0467143452487786,0.0467143452487786,0.5,0.0233571726243893
strong_0.50__rupture_0__weak_0.50__floor_none__recipient_prediction_tilted,weak_same_lane_refusal,pres_2022,sido_43,,,,,,,,,,,,,0.0236670060447342,C,A|B,0.0345580698080987,none,prediction_tilted,0.0,0.0473340120894684,0.0473340120894684,0.5,0.0236670060447342
strong_0.50__rupture_0__weak_0.50__floor_none__recipient_prediction_tilted,weak_same_lane_refusal,pres_2022,sido_44,,,,,,,,,,,,,0.0235115449354657,C,A|B,0.0309340683403439,none,prediction_tilted,0.0,0.0470230898709314,0.0470230898709314,0.5,0.0235115449354657
strong_0.50__rupture_0__weak_0.50__floor_none__recipient_prediction_tilted,weak_same_lane_refusal,pres_2022,sido_45,,,,,,,,,,,,,0.0361980689793105,C,A|B,0.0459485902537228,none,prediction_tilted,0.0,0.072396137958621,0.072396137958621,0.5,0.0361980689793105
strong_0.50__rupture_0__weak_0.50__floor_none__recipient_prediction_tilted,weak_same_lane_refusal,pres_2022,sido_46,,,,,,,,,,,,,0.0358684238021872,C,A|B,0.0592373366011094,none,prediction_tilted,0.0,0.0717368476043744,0.0717368476043744,0.5,0.0358684238021872
strong_0.50__rupture_0__weak_0.50__floor_none__recipient_prediction_tilted,weak_same_lane_refusal,pres_2022,sido_47,,,,,,,,,,,,,0.017709123387680797,C,A|B,0.0343795636905044,none,prediction_tilted,0.0,0.035418246775361595,0.035418246775361595,0.5,0.017709123387680797
strong_0.50__rupture_0__weak_0.50__floor_none__recipient_prediction_tilted,weak_same_lane_refusal,pres_2022,sido_48,,,,,,,,,,,,,0.0312275269035888,C,A|B,0.0766151338961869,none,prediction_tilted,0.0,0.0624550538071776,0.0624550538071776,0.5,0.0312275269035888
strong_0.50__rupture_0__weak_0.50__floor_none__recipient_prediction_tilted,weak_same_lane_refusal,pres_2022,sido_50,,,,,,,,,,,,,0.0368380298535168,C,A|B,0.0503767176193264,none,prediction_tilted,0.0,0.0736760597070336,0.0736760597070336,0.5,0.0368380298535168
strong_0.50__rupture_1__weak_0.25__floor_candidate_ballot__recipient_affinity_only,strong_incumbent_veto,pres_2007,sido_11,A,B,0.1550560112006703,0.1830565695612803,0.6837328178902612,1.0,0.0625808920697294,0.224727422604459,-0.0,0.01,0.224727422604459,0.11575376295856316,0.007243973746374882,,,,,,,,,,
strong_0.50__rupture_1__weak_0.25__floor_candidate_ballot__recipient_affinity_only,strong_incumbent_veto,pres_2007,sido_26,A,B,0.1550560112006703,0.1830565695612803,0.6837328178902612,1.0,0.0625808920697294,0.1230144019232013,-0.0,0.01,0.1230144019232013,0.06769999442714049,0.004236726044366161,,,,,,,,,,
strong_0.50__rupture_1__weak_0.25__floor_candidate_ballot__recipient_affinity_only,strong_incumbent_veto,pres_2007,sido_27,A,B,0.1550560112006703,0.1830565695612803,0.6837328178902612,1.0,0.0625808920697294,0.0533297784427378,-0.0,0.01,0.0533297784427378,0.036548243373766096,0.002287221673911859,,,,,,,,,,
strong_0.50__rupture_1__weak_0.25__floor_candidate_ballot__recipient_affinity_only,strong_incumbent_veto,pres_2007,sido_28,A,B,0.1550560112006703,0.1830565695612803,0.6837328178902612,1.0,0.0625808920697294,0.1882964963574757,-0.0,0.01,0.1882964963574757,0.1253482410577939,0.007844404744768224,,,,,,,,,,
strong_0.50__rupture_1__weak_0.25__floor_candidate_ballot__recipient_affinity_only,strong_incumbent_veto,pres_2007,sido_29,A,B,0.1550560112006703,0.1830565695612803,0.6837328178902612,1.0,0.0625808920697294,0.5063986688693,-0.0,0.01,0.5063986688693,0.24746182449968468,0.015486381730393087,,,,,,,,,,
strong_0.50__rupture_1__weak_0.25__floor_candidate_ballot__recipient_affinity_only,strong_incumbent_veto,pres_2007,sido_30,A,B,0.1550560112006703,0.1830565695612803,0.6837328178902612,1.0,0.0625808920697294,0.1749885957265136,-0.0,0.01,0.1749885957265136,0.1550161062926277,0.009701046216968634,,,,,,,,,,
strong_0.50__rupture_1__weak_0.25__floor_candidate_ballot__recipient_affinity_only,strong_incumbent_veto,pres_2007,sido_31,A,B,0.1550560112006703,0.1830565695612803,0.6837328178902612,1.0,0.0625808920697294,0.0922216716368157,-0.0,0.01,0.0922216716368157,0.0762003677779345,0.004768686991584605,,,,,,,,,,
strong_0.50__rupture_1__weak_0.25__floor_candidate_ballot__recipient_affinity_only,strong_incumbent_veto,pres_2007,sido_41,A,B,0.1550560112006703,0.1830565695612803,0.6837328178902612,1.0,0.0625808920697294,0.1969781637048186,-0.0,0.01,0.1969781637048186,0.12484403173333555,0.007812850875453744,,,,,,,,,,
strong_0.50__rupture_1__weak_0.25__floor_candidate_ballot__recipient_affinity_only,strong_incumbent_veto,pres_2007,sido_42,A,B,0.1550560112006703,0.1830565695612803,0.6837328178902612,1.0,0.0625808920697294,0.1620964538589391,-0.0,0.01,0.1620964538589391,0.0926504884460915,0.005798150217652563,,,,,,,,,,
strong_0.50__rupture_1__weak_0.25__floor_candidate_ballot__recipient_affinity_only,strong_incumbent_veto,pres_2007,sido_43,A,B,0.1550560112006703,0.1830565695612803,0.6837328178902612,1.0,0.0625808920697294,0.1871115693451475,-0.0,0.01,0.1871115693451475,0.1250937284019757,0.007828477115724083,,,,,,,,,,
strong_0.50__rupture_1__weak_0.25__floor_candidate_ballot__recipient_affinity_only,strong_incumbent_veto,pres_2007,sido_44,A,B,0.1550560112006703,0.1830565695612803,0.6837328178902612,1.0,0.0625808920697294,0.1339414116449834,-0.0,0.01,0.1339414116449834,0.1803984259604589,0.01128949442458055,,,,,,,,,,
strong_0.50__rupture_1__weak_0.25__floor_candidate_ballot__recipient_affinity_only,strong_incumbent_veto,pres_2007,sido_45,A,B,0.1550560112006703,0.1830565695612803,0.6837328178902612,1.0,0.0625808920697294,0.5050615589935803,-0.0,0.01,0.5050615589935803,0.2489963619554737,0.015582414453290776,,,,,,,,,,
strong_0.50__rupture_1__weak_0.25__floor_candidate_ballot__recipient_affinity_only,strong_incumbent_veto,pres_2007,sido_46,A,B,0.1550560112006703,0.1830565695612803,0.6837328178902612,1.0,0.0625808920697294,0.5115021109033597,-0.0,0.01,0.5115021109033597,0.2436089090943725,0.015245262847259446,,,,,,,,,,
strong_0.50__rupture_1__weak_0.25__floor_candidate_ballot__recipient_affinity_only,strong_incumbent_veto,pres_2007,sido_47,A,B,0.1550560112006703,0.1830565695612803,0.6837328178902612,1.0,0.0625808920697294,0.0689035077128128,-0.0,0.01,0.0689035077128128,0.03689871266594581,0.0023091543548595123,,,,,,,,,,
strong_0.50__rupture_1__weak_0.25__floor_candidate_ballot__recipient_affinity_only,strong_incumbent_veto,pres_2007,sido_48,A,B,0.1550560112006703,0.1830565695612803,0.6837328178902612,1.0,0.0625808920697294,0.0994668855013218,-0.0,0.01,0.0994668855013218,0.0644903902204684,0.004035866149921866,,,,,,,,,,
strong_0.50__rupture_1__weak_0.25__floor_candidate_ballot__recipient_affinity_only,strong_incumbent_veto,pres_2007,sido_50,A,B,0.1550560112006703,0.1830565695612803,0.6837328178902612,1.0,0.0625808920697294,0.0,-0.0,0.01,0.0,0.2696919174747736,0.016877560779567178,,,,,,,,,,
strong_0.50__rupture_1__weak_0.25__floor_candidate_ballot__recipient_affinity_only,strong_incumbent_veto,pres_2017,sido_11,A,B,0.14222159439442095,0.1258437002381364,1.0,1.0,0.0629218501190682,0.2981507946412702,0.8660254037844386,0.01,0.03994463232341294,0.278981980736011,0.017554062377792057,,,,,,,,,,
strong_0.50__rupture_1__weak_0.25__floor_candidate_ballot__recipient_affinity_only,strong_incumbent_veto,pres_2017,sido_26,A,B,0.14222159439442095,0.1258437002381364,1.0,1.0,0.0629218501190682,0.3539560494922693,0.8660254037844386,0.01,0.047421118808782046,0.34186982856956366,0.021511082113485624,,,,,,,,,,
strong_0.50__rupture_1__weak_0.25__floor_candidate_ballot__recipient_affinity_only,strong_incumbent_veto,pres_2017,sido_27,A,B,0.14222159439442095,0.1258437002381364,1.0,1.0,0.0629218501190682,0.4618834178563183,0.8660254037844386,0.01,0.06188064440596367,0.4355892243398713,0.027408079887394556,,,,,,,,,,
strong_0.50__rupture_1__weak_0.25__floor_candidate_ballot__recipient_affinity_only,strong_incumbent_veto,pres_2017,sido_28,A,B,0.14222159439442095,0.1258437002381364,1.0,1.0,0.0629218501190682,0.2930148075897038,0.8660254037844386,0.01,0.03925654053201098,0.2833909071619301,0.01783148018554974,,,,,,,,,,
strong_0.50__rupture_1__weak_0.25__floor_candidate_ballot__recipient_affinity_only,strong_incumbent_veto,pres_2017,sido_29,A,B,0.14222159439442095,0.1258437002381364,1.0,1.0,0.0629218501190682,0.0341806016229801,0.8660254037844386,0.01,0.01,0.045169858892708296,0.002842171091146451,,,,,,,,,,
strong_0.50__rupture_1__weak_0.25__floor_candidate_ballot__recipient_affinity_only,strong_incumbent_veto,pres_2017,sido_30,A,B,0.14222159439442095,0.1258437002381364,1.0,1.0,0.0629218501190682,0.2396170369219419,0.8660254037844386,0.01,0.032102595767986436,0.23660045087585338,0.014887338108114405,,,,,,,,,,
strong_0.50__rupture_1__weak_0.25__floor_candidate_ballot__recipient_affinity_only,strong_incumbent_veto,pres_2017,sido_31,A,B,0.14222159439442095,0.1258437002381364,1.0,1.0,0.0629218501190682,0.3553353097157836,0.8660254037844386,0.01,0.04760590464030356,0.33924533516110666,0.02134594413260021,,,,,,,,,,
strong_0.50__rupture_1__weak_0.25__floor_candidate_ballot__recipient_affinity_only,strong_incumbent_veto,pres_2017,sido_36,A,B,0.14222159439442095,0.1258437002381364,1.0,1.0,0.0629218501190682,0.1724331995485346,0.8660254037844386,0.01,0.023101668283672248,0.20784226494522595,0.01307781984329117,,,,,,,,,,
strong_0.50__rupture_1__weak_0.25__floor_candidate_ballot__recipient_affinity_only,strong_incumbent_veto,pres_2017,sido_41,A,B,0.14222159439442095,0.1258437002381364,1.0,1.0,0.0629218501190682,0.2904867750077805,0.8660254037844386,0.01,0.038917848387628025,0.28147637098044914,0.01771101402689106,,,,,,,,,,
strong_0.50__rupture_1__weak_0.25__floor_candidate_ballot__recipient_affinity_only,strong_incumbent_veto,pres_2017,sido_42,A,B,0.14222159439442095,0.1258437002381364,1.0,1.0,0.0629218501190682,0.3376440484133232,0.8660254037844386,0.01,0.04523572505076244,0.32486433012568816,0.020441064689200043,,,,,,,,,,
strong_0.50__rupture_1__weak_0.25__floor_candidate_ballot__recipient_affinity_only,strong_incumbent_veto,pres_2017,sido_43,A,B,0.14222159439442095,0.1258437002381364,1.0,1.0,0.0629218501190682,0.2911638514975106,0.8660254037844386,0.01,0.03900855943694667,0.282309527506691,0.017763437776960975,,,,,,,,,,
strong_0.50__rupture_1__weak_0.25__floor_candidate_ballot__recipient_affinity_only,strong_incumbent_veto,pres_2017,sido_44,A,B,0.14222159439442095,0.1258437002381364,1.0,1.0,0.0629218501190682,0.2550776099850012,0.8660254037844386,0.01,0.03417391980137099,0.2518736676707936,0.01584835716612167,,,,,,,,,,
strong_0.50__rupture_1__weak_0.25__floor_candidate_ballot__recipient_affinity_only,strong_incumbent_veto,pres_2017,sido_45,A,B,0.14222159439442095,0.1258437002381364,1.0,1.0,0.0629218501190682,0.0682483484546126,0.8660254037844386,0.01,0.01,0.0835712825862142,0.005258459717148064,,,,,,,,,,
strong_0.50__rupture_1__weak_0.25__floor_candidate_ballot__recipient_affinity_only,strong_incumbent_veto,pres_2017,sido_46,A,B,0.14222159439442095,0.1258437002381364,1.0,1.0,0.0629218501190682,0.0438553923470368,0.8660254037844386,0.01,0.01,0.0540606403515208,0.0034015955095392423,,,,,,,,,,
strong_0.50__rupture_1__weak_0.25__floor_candidate_ballot__recipient_affinity_only,strong_incumbent_veto,pres_2017,sido_47,A,B,0.14222159439442095,0.1258437002381364,1.0,1.0,0.0629218501190682,0.4863134552896404,0.8660254037844386,0.01,0.06515364880662404,0.4571941982536088,0.028767504817821126,,,,,,,,,,
strong_0.50__rupture_1__weak_0.25__floor_candidate_ballot__recipient_affinity_only,strong_incumbent_veto,pres_2017,sido_48,A,B,0.14222159439442095,0.1258437002381364,1.0,1.0,0.0629218501190682,0.3752628188705947,0.8660254037844386,0.01,0.05027568463290128,0.359771080555815,0.022637462007908206,,,,,,,,,,
strong_0.50__rupture_1__weak_0.25__floor_candidate_ballot__recipient_affinity_only,strong_incumbent_veto,pres_2017,sido_50,A,B,0.14222159439442095,0.1258437002381364,1.0,1.0,0.0629218501190682,0.2397495310485979,0.8660254037844386,0.01,0.032120346615106106,0.2532836546023457,0.015937076152498633,,,,,,,,,,
strong_0.50__rupture_1__weak_0.25__floor_candidate_ballot__recipient_affinity_only,weak_same_lane_refusal,pres_2002,sido_11,,,,,,,,,,,,,0.010842633456907926,C,A,0.0172553182802303,candidate_ballot,affinity_only,0.0172553182802303,0.060625852107862005,0.0433705338276317,0.25,0.04978321865095408
strong_0.50__rupture_1__weak_0.25__floor_candidate_ballot__recipient_affinity_only,weak_same_lane_refusal,pres_2002,sido_26,,,,,,,,,,,,,0.0167082641960545,C,A,0.039818482004606,candidate_ballot,affinity_only,0.039818482004606,0.106651538788824,0.066833056784218,0.25,0.08994327459276949
strong_0.50__rupture_1__weak_0.25__floor_candidate_ballot__recipient_affinity_only,weak_same_lane_refusal,pres_2002,sido_27,,,,,,,,,,,,,0.011476550800502226,C,A,0.0058164519761945,candidate_ballot,affinity_only,0.0058164519761945,0.0517226551782034,0.0459062032020089,0.25,0.04024610437770118
strong_0.50__rupture_1__weak_0.25__floor_candidate_ballot__recipient_affinity_only,weak_same_lane_refusal,pres_2002,sido_28,,,,,,,,,,,,,0.009323625249517652,C,A,0.0255062904560678,candidate_ballot,affinity_only,0.0255062904560678,0.0628007914541384,0.03729450099807061,0.25,0.05347716620462075
strong_0.50__rupture_1__weak_0.25__floor_candidate_ballot__recipient_affinity_only,weak_same_lane_refusal,pres_2002,sido_29,,,,,,,,,,,,,0.014181589031599096,C,A,0.0779749988731636,candidate_ballot,affinity_only,0.0779749988731636,0.13470135499955999,0.056726356126396385,0.25,0.12051976596796089
strong_0.50__rupture_1__weak_0.25__floor_candidate_ballot__recipient_affinity_only,weak_same_lane_refusal,pres_2002,sido_30,,,,,,,,,,,,,0.014112278446669096,C,A,0.0189676131685742,candidate_ballot,affinity_only,0.0189676131685742,0.07541672695525059,0.056449113786676386,0.25,0.061304448508581494
strong_0.50__rupture_1__weak_0.25__floor_candidate_ballot__recipient_affinity_only,weak_same_lane_refusal,pres_2002,sido_41,,,,,,,,,,,,,0.009335599488619926,C,A,0.0208780312728109,candidate_ballot,affinity_only,0.0208780312728109,0.0582204292272906,0.0373423979544797,0.25,0.04888482973867067
strong_0.50__rupture_1__weak_0.25__floor_candidate_ballot__recipient_affinity_only,weak_same_lane_refusal,pres_2002,sido_42,,,,,,,,,,,,,0.016604712040343528,C,A,0.0200289187580357,candidate_ballot,affinity_only,0.0200289187580357,0.08644776691940981,0.06641884816137411,0.25,0.06984305487906628
strong_0.50__rupture_1__weak_0.25__floor_candidate_ballot__recipient_affinity_only,weak_same_lane_refusal,pres_2002,sido_43,,,,,,,,,,,,,0.015358920284495776,C,A,0.0118716878700329,candidate_ballot,affinity_only,0.0118716878700329,0.073307369008016,0.0614356811379831,0.25,0.05794844872352023
strong_0.50__rupture_1__weak_0.25__floor_candidate_ballot__recipient_affinity_only,weak_same_lane_refusal,pres_2002,sido_44,,,,,,,,,,,,,0.0089644993647145,C,A,0.0095463081839152,candidate_ballot,affinity_only,0.0095463081839152,0.0454043056427732,0.035857997458858,0.25,0.0364398062780587
strong_0.50__rupture_1__weak_0.25__floor_candidate_ballot__recipient_affinity_only,weak_same_lane_refusal,pres_2002,sido_45,,,,,,,,,,,,,0.026208020258169047,C,A,0.0228231814936564,candidate_ballot,affinity_only,0.0228231814936564,0.12765526252633258,0.10483208103267619,0.25,0.10144724226816354
strong_0.50__rupture_1__weak_0.25__floor_candidate_ballot__recipient_affinity_only,weak_same_lane_refusal,pres_2002,sido_46,,,,,,,,,,,,,0.030568214159661277,C,A,0.0132624825931937,candidate_ballot,affinity_only,0.0132624825931937,0.1355353392318388,0.12227285663864511,0.25,0.10496712507217752
strong_0.50__rupture_1__weak_0.25__floor_candidate_ballot__recipient_affinity_only,weak_same_lane_refusal,pres_2002,sido_47,,,,,,,,,,,,,0.003816306604965524,C,A,0.0296959172831779,candidate_ballot,affinity_only,0.0296959172831779,0.044961143703039996,0.015265226419862096,0.25,0.04114483709807447
strong_0.50__rupture_1__weak_0.25__floor_candidate_ballot__recipient_affinity_only,weak_same_lane_refusal,pres_2002,sido_48,,,,,,,,,,,,,0.013774585068221377,C,A,0.0344685791555901,candidate_ballot,affinity_only,0.0344685791555901,0.08956691942847561,0.05509834027288551,0.25,0.07579233436025423
strong_0.50__rupture_1__weak_0.25__floor_candidate_ballot__recipient_affinity_only,weak_same_lane_refusal,pres_2002,sido_50,,,,,,,,,,,,,0.03681425244378042,C,A,0.0,candidate_ballot,affinity_only,0.0,0.14725700977512168,0.14725700977512168,0.25,0.11044275733134126
strong_0.50__rupture_1__weak_0.25__floor_candidate_ballot__recipient_affinity_only,weak_same_lane_refusal,pres_2022,sido_11,,,,,,,,,,,,,0.005216039967730201,C,B,0.029384832583875,candidate_ballot,affinity_only,0.029384832583875,0.050248992454795804,0.020864159870920804,0.25,0.045032952487065604
strong_0.50__rupture_1__weak_0.25__floor_candidate_ballot__recipient_affinity_only,weak_same_lane_refusal,pres_2022,sido_26,,,,,,,,,,,,,0.0018344615027772494,C,B,0.0399820977460082,candidate_ballot,affinity_only,0.0399820977460082,0.0473199437571172,0.007337846011108998,0.25,0.045485482254339946
strong_0.50__rupture_1__weak_0.25__floor_candidate_ballot__recipient_affinity_only,weak_same_lane_refusal,pres_2022,sido_28,,,,,,,,,,,,,0.0012328698203317758,C,B,0.0485003528440327,candidate_ballot,affinity_only,0.0485003528440327,0.053431832125359804,0.004931479281327103,0.25,0.05219896230502803
strong_0.50__rupture_1__weak_0.25__floor_candidate_ballot__recipient_affinity_only,weak_same_lane_refusal,pres_2022,sido_30,,,,,,,,,,,,,0.005386760332049399,C,B,0.0287620743601844,candidate_ballot,affinity_only,0.0287620743601844,0.050309115688382,0.021547041328197597,0.25,0.0449223553563326
strong_0.50__rupture_1__weak_0.25__floor_candidate_ballot__recipient_affinity_only,weak_same_lane_refusal,pres_2022,sido_36,,,,,,,,,,,,,0.002205745011815176,C,B,0.0509430370441767,candidate_ballot,affinity_only,0.0509430370441767,0.059766017091437404,0.008822980047260703,0.25,0.05756027207962223
strong_0.50__rupture_1__weak_0.25__floor_candidate_ballot__recipient_affinity_only,weak_same_lane_refusal,pres_2022,sido_41,,,,,,,,,,,,,0.0021519602142176016,C,B,0.0359763522960836,candidate_ballot,affinity_only,0.0359763522960836,0.044584193152954005,0.008607840856870407,0.25,0.0424322329387364
strong_0.50__rupture_1__weak_0.25__floor_candidate_ballot__recipient_affinity_only,weak_same_lane_refusal,pres_2022,sido_42,,,,,,,,,,,,,0.0039742774092567,C,B,0.0308172356117518,candidate_ballot,affinity_only,0.0308172356117518,0.0467143452487786,0.0158971096370268,0.25,0.0427400678395219
strong_0.50__rupture_1__weak_0.25__floor_candidate_ballot__recipient_affinity_only,weak_same_lane_refusal,pres_2022,sido_43,,,,,,,,,,,,,0.003193985570342424,C,B,0.0345580698080987,candidate_ballot,affinity_only,0.0345580698080987,0.0473340120894684,0.012775942281369697,0.25,0.04414002651912598
strong_0.50__rupture_1__weak_0.25__floor_candidate_ballot__recipient_affinity_only,weak_same_lane_refusal,pres_2022,sido_44,,,,,,,,,,,,,0.004022255382646875,C,B,0.0309340683403439,candidate_ballot,affinity_only,0.0309340683403439,0.0470230898709314,0.0160890215305875,0.25,0.043000834488284526
strong_0.50__rupture_1__weak_0.25__floor_candidate_ballot__recipient_affinity_only,weak_same_lane_refusal,pres_2022,sido_45,,,,,,,,,,,,,0.006611886926224551,C,B,0.0459485902537228,candidate_ballot,affinity_only,0.0459485902537228,0.072396137958621,0.026447547704898204,0.25,0.06578425103239645
strong_0.50__rupture_1__weak_0.25__floor_candidate_ballot__recipient_affinity_only,weak_same_lane_refusal,pres_2022,sido_46,,,,,,,,,,,,,0.003124877750816251,C,B,0.0592373366011094,candidate_ballot,affinity_only,0.0592373366011094,0.0717368476043744,0.012499511003265004,0.25,0.06861196985355815
strong_0.50__rupture_1__weak_0.25__floor_candidate_ballot__recipient_affinity_only,weak_same_lane_refusal,pres_2022,sido_47,,,,,,,,,,,,,0.00025967077121429906,C,B,0.0343795636905044,candidate_ballot,affinity_only,0.0343795636905044,0.035418246775361595,0.0010386830848571962,0.25,0.0351585760041473
strong_0.50__rupture_1__weak_0.25__floor_candidate_ballot__recipient_affinity_only,weak_same_lane_refusal,pres_2022,sido_50,,,,,,,,,,,,,0.005824835521926801,C,B,0.0503767176193264,candidate_ballot,affinity_only,0.0503767176193264,0.0736760597070336,0.023299342087707203,0.25,0.0678512241851068
strong_0.50__rupture_1__weak_0.25__floor_candidate_ballot__recipient_prediction_tilted,strong_incumbent_veto,pres_2007,sido_11,A,B,0.1550560112006703,0.1830565695612803,0.6837328178902612,1.0,0.0625808920697294,0.224727422604459,-0.0,0.01,0.224727422604459,0.11575376295856316,0.007243973746374882,,,,,,,,,,
strong_0.50__rupture_1__weak_0.25__floor_candidate_ballot__recipient_prediction_tilted,strong_incumbent_veto,pres_2007,sido_26,A,B,0.1550560112006703,0.1830565695612803,0.6837328178902612,1.0,0.0625808920697294,0.1230144019232013,-0.0,0.01,0.1230144019232013,0.06769999442714049,0.004236726044366161,,,,,,,,,,
strong_0.50__rupture_1__weak_0.25__floor_candidate_ballot__recipient_prediction_tilted,strong_incumbent_veto,pres_2007,sido_27,A,B,0.1550560112006703,0.1830565695612803,0.6837328178902612,1.0,0.0625808920697294,0.0533297784427378,-0.0,0.01,0.0533297784427378,0.036548243373766096,0.002287221673911859,,,,,,,,,,
strong_0.50__rupture_1__weak_0.25__floor_candidate_ballot__recipient_prediction_tilted,strong_incumbent_veto,pres_2007,sido_28,A,B,0.1550560112006703,0.1830565695612803,0.6837328178902612,1.0,0.0625808920697294,0.1882964963574757,-0.0,0.01,0.1882964963574757,0.1253482410577939,0.007844404744768224,,,,,,,,,,
strong_0.50__rupture_1__weak_0.25__floor_candidate_ballot__recipient_prediction_tilted,strong_incumbent_veto,pres_2007,sido_29,A,B,0.1550560112006703,0.1830565695612803,0.6837328178902612,1.0,0.0625808920697294,0.5063986688693,-0.0,0.01,0.5063986688693,0.24746182449968468,0.015486381730393087,,,,,,,,,,
strong_0.50__rupture_1__weak_0.25__floor_candidate_ballot__recipient_prediction_tilted,strong_incumbent_veto,pres_2007,sido_30,A,B,0.1550560112006703,0.1830565695612803,0.6837328178902612,1.0,0.0625808920697294,0.1749885957265136,-0.0,0.01,0.1749885957265136,0.1550161062926277,0.009701046216968634,,,,,,,,,,
strong_0.50__rupture_1__weak_0.25__floor_candidate_ballot__recipient_prediction_tilted,strong_incumbent_veto,pres_2007,sido_31,A,B,0.1550560112006703,0.1830565695612803,0.6837328178902612,1.0,0.0625808920697294,0.0922216716368157,-0.0,0.01,0.0922216716368157,0.0762003677779345,0.004768686991584605,,,,,,,,,,
strong_0.50__rupture_1__weak_0.25__floor_candidate_ballot__recipient_prediction_tilted,strong_incumbent_veto,pres_2007,sido_41,A,B,0.1550560112006703,0.1830565695612803,0.6837328178902612,1.0,0.0625808920697294,0.1969781637048186,-0.0,0.01,0.1969781637048186,0.12484403173333555,0.007812850875453744,,,,,,,,,,
strong_0.50__rupture_1__weak_0.25__floor_candidate_ballot__recipient_prediction_tilted,strong_incumbent_veto,pres_2007,sido_42,A,B,0.1550560112006703,0.1830565695612803,0.6837328178902612,1.0,0.0625808920697294,0.1620964538589391,-0.0,0.01,0.1620964538589391,0.0926504884460915,0.005798150217652563,,,,,,,,,,
strong_0.50__rupture_1__weak_0.25__floor_candidate_ballot__recipient_prediction_tilted,strong_incumbent_veto,pres_2007,sido_43,A,B,0.1550560112006703,0.1830565695612803,0.6837328178902612,1.0,0.0625808920697294,0.1871115693451475,-0.0,0.01,0.1871115693451475,0.1250937284019757,0.007828477115724083,,,,,,,,,,
strong_0.50__rupture_1__weak_0.25__floor_candidate_ballot__recipient_prediction_tilted,strong_incumbent_veto,pres_2007,sido_44,A,B,0.1550560112006703,0.1830565695612803,0.6837328178902612,1.0,0.0625808920697294,0.1339414116449834,-0.0,0.01,0.1339414116449834,0.1803984259604589,0.01128949442458055,,,,,,,,,,
strong_0.50__rupture_1__weak_0.25__floor_candidate_ballot__recipient_prediction_tilted,strong_incumbent_veto,pres_2007,sido_45,A,B,0.1550560112006703,0.1830565695612803,0.6837328178902612,1.0,0.0625808920697294,0.5050615589935803,-0.0,0.01,0.5050615589935803,0.2489963619554737,0.015582414453290776,,,,,,,,,,
strong_0.50__rupture_1__weak_0.25__floor_candidate_ballot__recipient_prediction_tilted,strong_incumbent_veto,pres_2007,sido_46,A,B,0.1550560112006703,0.1830565695612803,0.6837328178902612,1.0,0.0625808920697294,0.5115021109033597,-0.0,0.01,0.5115021109033597,0.2436089090943725,0.015245262847259446,,,,,,,,,,
strong_0.50__rupture_1__weak_0.25__floor_candidate_ballot__recipient_prediction_tilted,strong_incumbent_veto,pres_2007,sido_47,A,B,0.1550560112006703,0.1830565695612803,0.6837328178902612,1.0,0.0625808920697294,0.0689035077128128,-0.0,0.01,0.0689035077128128,0.03689871266594581,0.0023091543548595123,,,,,,,,,,
strong_0.50__rupture_1__weak_0.25__floor_candidate_ballot__recipient_prediction_tilted,strong_incumbent_veto,pres_2007,sido_48,A,B,0.1550560112006703,0.1830565695612803,0.6837328178902612,1.0,0.0625808920697294,0.0994668855013218,-0.0,0.01,0.0994668855013218,0.0644903902204684,0.004035866149921866,,,,,,,,,,
strong_0.50__rupture_1__weak_0.25__floor_candidate_ballot__recipient_prediction_tilted,strong_incumbent_veto,pres_2007,sido_50,A,B,0.1550560112006703,0.1830565695612803,0.6837328178902612,1.0,0.0625808920697294,0.0,-0.0,0.01,0.0,0.2696919174747736,0.016877560779567178,,,,,,,,,,
strong_0.50__rupture_1__weak_0.25__floor_candidate_ballot__recipient_prediction_tilted,strong_incumbent_veto,pres_2017,sido_11,A,B,0.14222159439442095,0.1258437002381364,1.0,1.0,0.0629218501190682,0.2981507946412702,0.8660254037844386,0.01,0.03994463232341294,0.278981980736011,0.017554062377792057,,,,,,,,,,
strong_0.50__rupture_1__weak_0.25__floor_candidate_ballot__recipient_prediction_tilted,strong_incumbent_veto,pres_2017,sido_26,A,B,0.14222159439442095,0.1258437002381364,1.0,1.0,0.0629218501190682,0.3539560494922693,0.8660254037844386,0.01,0.047421118808782046,0.34186982856956366,0.021511082113485624,,,,,,,,,,
strong_0.50__rupture_1__weak_0.25__floor_candidate_ballot__recipient_prediction_tilted,strong_incumbent_veto,pres_2017,sido_27,A,B,0.14222159439442095,0.1258437002381364,1.0,1.0,0.0629218501190682,0.4618834178563183,0.8660254037844386,0.01,0.06188064440596367,0.4355892243398713,0.027408079887394556,,,,,,,,,,
strong_0.50__rupture_1__weak_0.25__floor_candidate_ballot__recipient_prediction_tilted,strong_incumbent_veto,pres_2017,sido_28,A,B,0.14222159439442095,0.1258437002381364,1.0,1.0,0.0629218501190682,0.2930148075897038,0.8660254037844386,0.01,0.03925654053201098,0.2833909071619301,0.01783148018554974,,,,,,,,,,
strong_0.50__rupture_1__weak_0.25__floor_candidate_ballot__recipient_prediction_tilted,strong_incumbent_veto,pres_2017,sido_29,A,B,0.14222159439442095,0.1258437002381364,1.0,1.0,0.0629218501190682,0.0341806016229801,0.8660254037844386,0.01,0.01,0.045169858892708296,0.002842171091146451,,,,,,,,,,
strong_0.50__rupture_1__weak_0.25__floor_candidate_ballot__recipient_prediction_tilted,strong_incumbent_veto,pres_2017,sido_30,A,B,0.14222159439442095,0.1258437002381364,1.0,1.0,0.0629218501190682,0.2396170369219419,0.8660254037844386,0.01,0.032102595767986436,0.23660045087585338,0.014887338108114405,,,,,,,,,,
strong_0.50__rupture_1__weak_0.25__floor_candidate_ballot__recipient_prediction_tilted,strong_incumbent_veto,pres_2017,sido_31,A,B,0.14222159439442095,0.1258437002381364,1.0,1.0,0.0629218501190682,0.3553353097157836,0.8660254037844386,0.01,0.04760590464030356,0.33924533516110666,0.02134594413260021,,,,,,,,,,
strong_0.50__rupture_1__weak_0.25__floor_candidate_ballot__recipient_prediction_tilted,strong_incumbent_veto,pres_2017,sido_36,A,B,0.14222159439442095,0.1258437002381364,1.0,1.0,0.0629218501190682,0.1724331995485346,0.8660254037844386,0.01,0.023101668283672248,0.20784226494522595,0.01307781984329117,,,,,,,,,,
strong_0.50__rupture_1__weak_0.25__floor_candidate_ballot__recipient_prediction_tilted,strong_incumbent_veto,pres_2017,sido_41,A,B,0.14222159439442095,0.1258437002381364,1.0,1.0,0.0629218501190682,0.2904867750077805,0.8660254037844386,0.01,0.038917848387628025,0.28147637098044914,0.01771101402689106,,,,,,,,,,
strong_0.50__rupture_1__weak_0.25__floor_candidate_ballot__recipient_prediction_tilted,strong_incumbent_veto,pres_2017,sido_42,A,B,0.14222159439442095,0.1258437002381364,1.0,1.0,0.0629218501190682,0.3376440484133232,0.8660254037844386,0.01,0.04523572505076244,0.32486433012568816,0.020441064689200043,,,,,,,,,,
strong_0.50__rupture_1__weak_0.25__floor_candidate_ballot__recipient_prediction_tilted,strong_incumbent_veto,pres_2017,sido_43,A,B,0.14222159439442095,0.1258437002381364,1.0,1.0,0.0629218501190682,0.2911638514975106,0.8660254037844386,0.01,0.03900855943694667,0.282309527506691,0.017763437776960975,,,,,,,,,,
strong_0.50__rupture_1__weak_0.25__floor_candidate_ballot__recipient_prediction_tilted,strong_incumbent_veto,pres_2017,sido_44,A,B,0.14222159439442095,0.1258437002381364,1.0,1.0,0.0629218501190682,0.2550776099850012,0.8660254037844386,0.01,0.03417391980137099,0.2518736676707936,0.01584835716612167,,,,,,,,,,
strong_0.50__rupture_1__weak_0.25__floor_candidate_ballot__recipient_prediction_tilted,strong_incumbent_veto,pres_2017,sido_45,A,B,0.14222159439442095,0.1258437002381364,1.0,1.0,0.0629218501190682,0.0682483484546126,0.8660254037844386,0.01,0.01,0.0835712825862142,0.005258459717148064,,,,,,,,,,
strong_0.50__rupture_1__weak_0.25__floor_candidate_ballot__recipient_prediction_tilted,strong_incumbent_veto,pres_2017,sido_46,A,B,0.14222159439442095,0.1258437002381364,1.0,1.0,0.0629218501190682,0.0438553923470368,0.8660254037844386,0.01,0.01,0.0540606403515208,0.0034015955095392423,,,,,,,,,,
strong_0.50__rupture_1__weak_0.25__floor_candidate_ballot__recipient_prediction_tilted,strong_incumbent_veto,pres_2017,sido_47,A,B,0.14222159439442095,0.1258437002381364,1.0,1.0,0.0629218501190682,0.4863134552896404,0.8660254037844386,0.01,0.06515364880662404,0.4571941982536088,0.028767504817821126,,,,,,,,,,
strong_0.50__rupture_1__weak_0.25__floor_candidate_ballot__recipient_prediction_tilted,strong_incumbent_veto,pres_2017,sido_48,A,B,0.14222159439442095,0.1258437002381364,1.0,1.0,0.0629218501190682,0.3752628188705947,0.8660254037844386,0.01,0.05027568463290128,0.359771080555815,0.022637462007908206,,,,,,,,,,
strong_0.50__rupture_1__weak_0.25__floor_candidate_ballot__recipient_prediction_tilted,strong_incumbent_veto,pres_2017,sido_50,A,B,0.14222159439442095,0.1258437002381364,1.0,1.0,0.0629218501190682,0.2397495310485979,0.8660254037844386,0.01,0.032120346615106106,0.2532836546023457,0.015937076152498633,,,,,,,,,,
strong_0.50__rupture_1__weak_0.25__floor_candidate_ballot__recipient_prediction_tilted,weak_same_lane_refusal,pres_2002,sido_11,,,,,,,,,,,,,0.010842633456907926,C,A|B,0.0172553182802303,candidate_ballot,prediction_tilted,0.0172553182802303,0.060625852107862005,0.0433705338276317,0.25,0.04978321865095408
strong_0.50__rupture_1__weak_0.25__floor_candidate_ballot__recipient_prediction_tilted,weak_same_lane_refusal,pres_2002,sido_26,,,,,,,,,,,,,0.0167082641960545,C,A|B,0.039818482004606,candidate_ballot,prediction_tilted,0.039818482004606,0.106651538788824,0.066833056784218,0.25,0.08994327459276949
strong_0.50__rupture_1__weak_0.25__floor_candidate_ballot__recipient_prediction_tilted,weak_same_lane_refusal,pres_2002,sido_27,,,,,,,,,,,,,0.011476550800502226,C,A|B,0.0058164519761945,candidate_ballot,prediction_tilted,0.0058164519761945,0.0517226551782034,0.0459062032020089,0.25,0.04024610437770118
strong_0.50__rupture_1__weak_0.25__floor_candidate_ballot__recipient_prediction_tilted,weak_same_lane_refusal,pres_2002,sido_28,,,,,,,,,,,,,0.009323625249517652,C,A|B,0.0255062904560678,candidate_ballot,prediction_tilted,0.0255062904560678,0.0628007914541384,0.03729450099807061,0.25,0.05347716620462075
strong_0.50__rupture_1__weak_0.25__floor_candidate_ballot__recipient_prediction_tilted,weak_same_lane_refusal,pres_2002,sido_29,,,,,,,,,,,,,0.014181589031599096,C,A|B,0.0779749988731636,candidate_ballot,prediction_tilted,0.0779749988731636,0.13470135499955999,0.056726356126396385,0.25,0.12051976596796089
strong_0.50__rupture_1__weak_0.25__floor_candidate_ballot__recipient_prediction_tilted,weak_same_lane_refusal,pres_2002,sido_30,,,,,,,,,,,,,0.014112278446669096,C,A|B,0.0189676131685742,candidate_ballot,prediction_tilted,0.0189676131685742,0.07541672695525059,0.056449113786676386,0.25,0.061304448508581494
strong_0.50__rupture_1__weak_0.25__floor_candidate_ballot__recipient_prediction_tilted,weak_same_lane_refusal,pres_2002,sido_41,,,,,,,,,,,,,0.009335599488619926,C,A|B,0.0208780312728109,candidate_ballot,prediction_tilted,0.0208780312728109,0.0582204292272906,0.0373423979544797,0.25,0.04888482973867067
strong_0.50__rupture_1__weak_0.25__floor_candidate_ballot__recipient_prediction_tilted,weak_same_lane_refusal,pres_2002,sido_42,,,,,,,,,,,,,0.016604712040343528,C,A|B,0.0200289187580357,candidate_ballot,prediction_tilted,0.0200289187580357,0.08644776691940981,0.06641884816137411,0.25,0.06984305487906628
strong_0.50__rupture_1__weak_0.25__floor_candidate_ballot__recipient_prediction_tilted,weak_same_lane_refusal,pres_2002,sido_43,,,,,,,,,,,,,0.015358920284495776,C,A|B,0.0118716878700329,candidate_ballot,prediction_tilted,0.0118716878700329,0.073307369008016,0.0614356811379831,0.25,0.05794844872352023
strong_0.50__rupture_1__weak_0.25__floor_candidate_ballot__recipient_prediction_tilted,weak_same_lane_refusal,pres_2002,sido_44,,,,,,,,,,,,,0.0089644993647145,C,A|B,0.0095463081839152,candidate_ballot,prediction_tilted,0.0095463081839152,0.0454043056427732,0.035857997458858,0.25,0.0364398062780587
strong_0.50__rupture_1__weak_0.25__floor_candidate_ballot__recipient_prediction_tilted,weak_same_lane_refusal,pres_2002,sido_45,,,,,,,,,,,,,0.026208020258169047,C,A|B,0.0228231814936564,candidate_ballot,prediction_tilted,0.0228231814936564,0.12765526252633258,0.10483208103267619,0.25,0.10144724226816354
strong_0.50__rupture_1__weak_0.25__floor_candidate_ballot__recipient_prediction_tilted,weak_same_lane_refusal,pres_2002,sido_46,,,,,,,,,,,,,0.030568214159661277,C,A|B,0.0132624825931937,candidate_ballot,prediction_tilted,0.0132624825931937,0.1355353392318388,0.12227285663864511,0.25,0.10496712507217752
strong_0.50__rupture_1__weak_0.25__floor_candidate_ballot__recipient_prediction_tilted,weak_same_lane_refusal,pres_2002,sido_47,,,,,,,,,,,,,0.003816306604965524,C,A|B,0.0296959172831779,candidate_ballot,prediction_tilted,0.0296959172831779,0.044961143703039996,0.015265226419862096,0.25,0.04114483709807447
strong_0.50__rupture_1__weak_0.25__floor_candidate_ballot__recipient_prediction_tilted,weak_same_lane_refusal,pres_2002,sido_48,,,,,,,,,,,,,0.013774585068221377,C,A|B,0.0344685791555901,candidate_ballot,prediction_tilted,0.0344685791555901,0.08956691942847561,0.05509834027288551,0.25,0.07579233436025423
strong_0.50__rupture_1__weak_0.25__floor_candidate_ballot__recipient_prediction_tilted,weak_same_lane_refusal,pres_2002,sido_50,,,,,,,,,,,,,0.03681425244378042,C,A|B,0.0,candidate_ballot,prediction_tilted,0.0,0.14725700977512168,0.14725700977512168,0.25,0.11044275733134126
strong_0.50__rupture_1__weak_0.25__floor_candidate_ballot__recipient_prediction_tilted,weak_same_lane_refusal,pres_2022,sido_11,,,,,,,,,,,,,0.005216039967730201,C,A|B,0.029384832583875,candidate_ballot,prediction_tilted,0.029384832583875,0.050248992454795804,0.020864159870920804,0.25,0.045032952487065604
strong_0.50__rupture_1__weak_0.25__floor_candidate_ballot__recipient_prediction_tilted,weak_same_lane_refusal,pres_2022,sido_26,,,,,,,,,,,,,0.0018344615027772494,C,A|B,0.0399820977460082,candidate_ballot,prediction_tilted,0.0399820977460082,0.0473199437571172,0.007337846011108998,0.25,0.045485482254339946
strong_0.50__rupture_1__weak_0.25__floor_candidate_ballot__recipient_prediction_tilted,weak_same_lane_refusal,pres_2022,sido_28,,,,,,,,,,,,,0.0012328698203317758,C,A|B,0.0485003528440327,candidate_ballot,prediction_tilted,0.0485003528440327,0.053431832125359804,0.004931479281327103,0.25,0.05219896230502803
strong_0.50__rupture_1__weak_0.25__floor_candidate_ballot__recipient_prediction_tilted,weak_same_lane_refusal,pres_2022,sido_30,,,,,,,,,,,,,0.005386760332049399,C,A|B,0.0287620743601844,candidate_ballot,prediction_tilted,0.0287620743601844,0.050309115688382,0.021547041328197597,0.25,0.0449223553563326
strong_0.50__rupture_1__weak_0.25__floor_candidate_ballot__recipient_prediction_tilted,weak_same_lane_refusal,pres_2022,sido_36,,,,,,,,,,,,,0.002205745011815176,C,A|B,0.0509430370441767,candidate_ballot,prediction_tilted,0.0509430370441767,0.059766017091437404,0.008822980047260703,0.25,0.05756027207962223
strong_0.50__rupture_1__weak_0.25__floor_candidate_ballot__recipient_prediction_tilted,weak_same_lane_refusal,pres_2022,sido_41,,,,,,,,,,,,,0.0021519602142176016,C,A|B,0.0359763522960836,candidate_ballot,prediction_tilted,0.0359763522960836,0.044584193152954005,0.008607840856870407,0.25,0.0424322329387364
strong_0.50__rupture_1__weak_0.25__floor_candidate_ballot__recipient_prediction_tilted,weak_same_lane_refusal,pres_2022,sido_42,,,,,,,,,,,,,0.0039742774092567,C,A|B,0.0308172356117518,candidate_ballot,prediction_tilted,0.0308172356117518,0.0467143452487786,0.0158971096370268,0.25,0.0427400678395219
strong_0.50__rupture_1__weak_0.25__floor_candidate_ballot__recipient_prediction_tilted,weak_same_lane_refusal,pres_2022,sido_43,,,,,,,,,,,,,0.003193985570342424,C,A|B,0.0345580698080987,candidate_ballot,prediction_tilted,0.0345580698080987,0.0473340120894684,0.012775942281369697,0.25,0.04414002651912598
strong_0.50__rupture_1__weak_0.25__floor_candidate_ballot__recipient_prediction_tilted,weak_same_lane_refusal,pres_2022,sido_44,,,,,,,,,,,,,0.004022255382646875,C,A|B,0.0309340683403439,candidate_ballot,prediction_tilted,0.0309340683403439,0.0470230898709314,0.0160890215305875,0.25,0.043000834488284526
strong_0.50__rupture_1__weak_0.25__floor_candidate_ballot__recipient_prediction_tilted,weak_same_lane_refusal,pres_2022,sido_45,,,,,,,,,,,,,0.006611886926224551,C,A|B,0.0459485902537228,candidate_ballot,prediction_tilted,0.0459485902537228,0.072396137958621,0.026447547704898204,0.25,0.06578425103239645
strong_0.50__rupture_1__weak_0.25__floor_candidate_ballot__recipient_prediction_tilted,weak_same_lane_refusal,pres_2022,sido_46,,,,,,,,,,,,,0.003124877750816251,C,A|B,0.0592373366011094,candidate_ballot,prediction_tilted,0.0592373366011094,0.0717368476043744,0.012499511003265004,0.25,0.06861196985355815
strong_0.50__rupture_1__weak_0.25__floor_candidate_ballot__recipient_prediction_tilted,weak_same_lane_refusal,pres_2022,sido_47,,,,,,,,,,,,,0.00025967077121429906,C,A|B,0.0343795636905044,candidate_ballot,prediction_tilted,0.0343795636905044,0.035418246775361595,0.0010386830848571962,0.25,0.0351585760041473
strong_0.50__rupture_1__weak_0.25__floor_candidate_ballot__recipient_prediction_tilted,weak_same_lane_refusal,pres_2022,sido_50,,,,,,,,,,,,,0.005824835521926801,C,A|B,0.0503767176193264,candidate_ballot,prediction_tilted,0.0503767176193264,0.0736760597070336,0.023299342087707203,0.25,0.0678512241851068
strong_0.50__rupture_1__weak_0.25__floor_theoretical__recipient_affinity_only,strong_incumbent_veto,pres_2007,sido_11,A,B,0.1550560112006703,0.1830565695612803,0.6837328178902612,1.0,0.0625808920697294,0.224727422604459,-0.0,0.01,0.224727422604459,0.11575376295856316,0.007243973746374882,,,,,,,,,,
strong_0.50__rupture_1__weak_0.25__floor_theoretical__recipient_affinity_only,strong_incumbent_veto,pres_2007,sido_26,A,B,0.1550560112006703,0.1830565695612803,0.6837328178902612,1.0,0.0625808920697294,0.1230144019232013,-0.0,0.01,0.1230144019232013,0.06769999442714049,0.004236726044366161,,,,,,,,,,
strong_0.50__rupture_1__weak_0.25__floor_theoretical__recipient_affinity_only,strong_incumbent_veto,pres_2007,sido_27,A,B,0.1550560112006703,0.1830565695612803,0.6837328178902612,1.0,0.0625808920697294,0.0533297784427378,-0.0,0.01,0.0533297784427378,0.036548243373766096,0.002287221673911859,,,,,,,,,,
strong_0.50__rupture_1__weak_0.25__floor_theoretical__recipient_affinity_only,strong_incumbent_veto,pres_2007,sido_28,A,B,0.1550560112006703,0.1830565695612803,0.6837328178902612,1.0,0.0625808920697294,0.1882964963574757,-0.0,0.01,0.1882964963574757,0.1253482410577939,0.007844404744768224,,,,,,,,,,
strong_0.50__rupture_1__weak_0.25__floor_theoretical__recipient_affinity_only,strong_incumbent_veto,pres_2007,sido_29,A,B,0.1550560112006703,0.1830565695612803,0.6837328178902612,1.0,0.0625808920697294,0.5063986688693,-0.0,0.01,0.5063986688693,0.24746182449968468,0.015486381730393087,,,,,,,,,,
strong_0.50__rupture_1__weak_0.25__floor_theoretical__recipient_affinity_only,strong_incumbent_veto,pres_2007,sido_30,A,B,0.1550560112006703,0.1830565695612803,0.6837328178902612,1.0,0.0625808920697294,0.1749885957265136,-0.0,0.01,0.1749885957265136,0.1550161062926277,0.009701046216968634,,,,,,,,,,
strong_0.50__rupture_1__weak_0.25__floor_theoretical__recipient_affinity_only,strong_incumbent_veto,pres_2007,sido_31,A,B,0.1550560112006703,0.1830565695612803,0.6837328178902612,1.0,0.0625808920697294,0.0922216716368157,-0.0,0.01,0.0922216716368157,0.0762003677779345,0.004768686991584605,,,,,,,,,,
strong_0.50__rupture_1__weak_0.25__floor_theoretical__recipient_affinity_only,strong_incumbent_veto,pres_2007,sido_41,A,B,0.1550560112006703,0.1830565695612803,0.6837328178902612,1.0,0.0625808920697294,0.1969781637048186,-0.0,0.01,0.1969781637048186,0.12484403173333555,0.007812850875453744,,,,,,,,,,
strong_0.50__rupture_1__weak_0.25__floor_theoretical__recipient_affinity_only,strong_incumbent_veto,pres_2007,sido_42,A,B,0.1550560112006703,0.1830565695612803,0.6837328178902612,1.0,0.0625808920697294,0.1620964538589391,-0.0,0.01,0.1620964538589391,0.0926504884460915,0.005798150217652563,,,,,,,,,,
strong_0.50__rupture_1__weak_0.25__floor_theoretical__recipient_affinity_only,strong_incumbent_veto,pres_2007,sido_43,A,B,0.1550560112006703,0.1830565695612803,0.6837328178902612,1.0,0.0625808920697294,0.1871115693451475,-0.0,0.01,0.1871115693451475,0.1250937284019757,0.007828477115724083,,,,,,,,,,
strong_0.50__rupture_1__weak_0.25__floor_theoretical__recipient_affinity_only,strong_incumbent_veto,pres_2007,sido_44,A,B,0.1550560112006703,0.1830565695612803,0.6837328178902612,1.0,0.0625808920697294,0.1339414116449834,-0.0,0.01,0.1339414116449834,0.1803984259604589,0.01128949442458055,,,,,,,,,,
strong_0.50__rupture_1__weak_0.25__floor_theoretical__recipient_affinity_only,strong_incumbent_veto,pres_2007,sido_45,A,B,0.1550560112006703,0.1830565695612803,0.6837328178902612,1.0,0.0625808920697294,0.5050615589935803,-0.0,0.01,0.5050615589935803,0.2489963619554737,0.015582414453290776,,,,,,,,,,
strong_0.50__rupture_1__weak_0.25__floor_theoretical__recipient_affinity_only,strong_incumbent_veto,pres_2007,sido_46,A,B,0.1550560112006703,0.1830565695612803,0.6837328178902612,1.0,0.0625808920697294,0.5115021109033597,-0.0,0.01,0.5115021109033597,0.2436089090943725,0.015245262847259446,,,,,,,,,,
strong_0.50__rupture_1__weak_0.25__floor_theoretical__recipient_affinity_only,strong_incumbent_veto,pres_2007,sido_47,A,B,0.1550560112006703,0.1830565695612803,0.6837328178902612,1.0,0.0625808920697294,0.0689035077128128,-0.0,0.01,0.0689035077128128,0.03689871266594581,0.0023091543548595123,,,,,,,,,,
strong_0.50__rupture_1__weak_0.25__floor_theoretical__recipient_affinity_only,strong_incumbent_veto,pres_2007,sido_48,A,B,0.1550560112006703,0.1830565695612803,0.6837328178902612,1.0,0.0625808920697294,0.0994668855013218,-0.0,0.01,0.0994668855013218,0.0644903902204684,0.004035866149921866,,,,,,,,,,
strong_0.50__rupture_1__weak_0.25__floor_theoretical__recipient_affinity_only,strong_incumbent_veto,pres_2007,sido_50,A,B,0.1550560112006703,0.1830565695612803,0.6837328178902612,1.0,0.0625808920697294,0.0,-0.0,0.01,0.0,0.2696919174747736,0.016877560779567178,,,,,,,,,,
strong_0.50__rupture_1__weak_0.25__floor_theoretical__recipient_affinity_only,strong_incumbent_veto,pres_2017,sido_11,A,B,0.14222159439442095,0.1258437002381364,1.0,1.0,0.0629218501190682,0.2981507946412702,0.8660254037844386,0.01,0.03994463232341294,0.278981980736011,0.017554062377792057,,,,,,,,,,
strong_0.50__rupture_1__weak_0.25__floor_theoretical__recipient_affinity_only,strong_incumbent_veto,pres_2017,sido_26,A,B,0.14222159439442095,0.1258437002381364,1.0,1.0,0.0629218501190682,0.3539560494922693,0.8660254037844386,0.01,0.047421118808782046,0.34186982856956366,0.021511082113485624,,,,,,,,,,
strong_0.50__rupture_1__weak_0.25__floor_theoretical__recipient_affinity_only,strong_incumbent_veto,pres_2017,sido_27,A,B,0.14222159439442095,0.1258437002381364,1.0,1.0,0.0629218501190682,0.4618834178563183,0.8660254037844386,0.01,0.06188064440596367,0.4355892243398713,0.027408079887394556,,,,,,,,,,
strong_0.50__rupture_1__weak_0.25__floor_theoretical__recipient_affinity_only,strong_incumbent_veto,pres_2017,sido_28,A,B,0.14222159439442095,0.1258437002381364,1.0,1.0,0.0629218501190682,0.2930148075897038,0.8660254037844386,0.01,0.03925654053201098,0.2833909071619301,0.01783148018554974,,,,,,,,,,
strong_0.50__rupture_1__weak_0.25__floor_theoretical__recipient_affinity_only,strong_incumbent_veto,pres_2017,sido_29,A,B,0.14222159439442095,0.1258437002381364,1.0,1.0,0.0629218501190682,0.0341806016229801,0.8660254037844386,0.01,0.01,0.045169858892708296,0.002842171091146451,,,,,,,,,,
strong_0.50__rupture_1__weak_0.25__floor_theoretical__recipient_affinity_only,strong_incumbent_veto,pres_2017,sido_30,A,B,0.14222159439442095,0.1258437002381364,1.0,1.0,0.0629218501190682,0.2396170369219419,0.8660254037844386,0.01,0.032102595767986436,0.23660045087585338,0.014887338108114405,,,,,,,,,,
strong_0.50__rupture_1__weak_0.25__floor_theoretical__recipient_affinity_only,strong_incumbent_veto,pres_2017,sido_31,A,B,0.14222159439442095,0.1258437002381364,1.0,1.0,0.0629218501190682,0.3553353097157836,0.8660254037844386,0.01,0.04760590464030356,0.33924533516110666,0.02134594413260021,,,,,,,,,,
strong_0.50__rupture_1__weak_0.25__floor_theoretical__recipient_affinity_only,strong_incumbent_veto,pres_2017,sido_36,A,B,0.14222159439442095,0.1258437002381364,1.0,1.0,0.0629218501190682,0.1724331995485346,0.8660254037844386,0.01,0.023101668283672248,0.20784226494522595,0.01307781984329117,,,,,,,,,,
strong_0.50__rupture_1__weak_0.25__floor_theoretical__recipient_affinity_only,strong_incumbent_veto,pres_2017,sido_41,A,B,0.14222159439442095,0.1258437002381364,1.0,1.0,0.0629218501190682,0.2904867750077805,0.8660254037844386,0.01,0.038917848387628025,0.28147637098044914,0.01771101402689106,,,,,,,,,,
strong_0.50__rupture_1__weak_0.25__floor_theoretical__recipient_affinity_only,strong_incumbent_veto,pres_2017,sido_42,A,B,0.14222159439442095,0.1258437002381364,1.0,1.0,0.0629218501190682,0.3376440484133232,0.8660254037844386,0.01,0.04523572505076244,0.32486433012568816,0.020441064689200043,,,,,,,,,,
strong_0.50__rupture_1__weak_0.25__floor_theoretical__recipient_affinity_only,strong_incumbent_veto,pres_2017,sido_43,A,B,0.14222159439442095,0.1258437002381364,1.0,1.0,0.0629218501190682,0.2911638514975106,0.8660254037844386,0.01,0.03900855943694667,0.282309527506691,0.017763437776960975,,,,,,,,,,
strong_0.50__rupture_1__weak_0.25__floor_theoretical__recipient_affinity_only,strong_incumbent_veto,pres_2017,sido_44,A,B,0.14222159439442095,0.1258437002381364,1.0,1.0,0.0629218501190682,0.2550776099850012,0.8660254037844386,0.01,0.03417391980137099,0.2518736676707936,0.01584835716612167,,,,,,,,,,
strong_0.50__rupture_1__weak_0.25__floor_theoretical__recipient_affinity_only,strong_incumbent_veto,pres_2017,sido_45,A,B,0.14222159439442095,0.1258437002381364,1.0,1.0,0.0629218501190682,0.0682483484546126,0.8660254037844386,0.01,0.01,0.0835712825862142,0.005258459717148064,,,,,,,,,,
strong_0.50__rupture_1__weak_0.25__floor_theoretical__recipient_affinity_only,strong_incumbent_veto,pres_2017,sido_46,A,B,0.14222159439442095,0.1258437002381364,1.0,1.0,0.0629218501190682,0.0438553923470368,0.8660254037844386,0.01,0.01,0.0540606403515208,0.0034015955095392423,,,,,,,,,,
strong_0.50__rupture_1__weak_0.25__floor_theoretical__recipient_affinity_only,strong_incumbent_veto,pres_2017,sido_47,A,B,0.14222159439442095,0.1258437002381364,1.0,1.0,0.0629218501190682,0.4863134552896404,0.8660254037844386,0.01,0.06515364880662404,0.4571941982536088,0.028767504817821126,,,,,,,,,,
strong_0.50__rupture_1__weak_0.25__floor_theoretical__recipient_affinity_only,strong_incumbent_veto,pres_2017,sido_48,A,B,0.14222159439442095,0.1258437002381364,1.0,1.0,0.0629218501190682,0.3752628188705947,0.8660254037844386,0.01,0.05027568463290128,0.359771080555815,0.022637462007908206,,,,,,,,,,
strong_0.50__rupture_1__weak_0.25__floor_theoretical__recipient_affinity_only,strong_incumbent_veto,pres_2017,sido_50,A,B,0.14222159439442095,0.1258437002381364,1.0,1.0,0.0629218501190682,0.2397495310485979,0.8660254037844386,0.01,0.032120346615106106,0.2532836546023457,0.015937076152498633,,,,,,,,,,
strong_0.50__rupture_1__weak_0.25__floor_theoretical__recipient_affinity_only,weak_same_lane_refusal,pres_2002,sido_11,,,,,,,,,,,,,0.0126564630269655,C,A,0.0172553182802303,theoretical,affinity_only,0.01,0.060625852107862005,0.050625852107862,0.25,0.047969389080896506
strong_0.50__rupture_1__weak_0.25__floor_theoretical__recipient_affinity_only,weak_same_lane_refusal,pres_2002,sido_26,,,,,,,,,,,,,0.024162884697206,C,A,0.039818482004606,theoretical,affinity_only,0.01,0.106651538788824,0.096651538788824,0.25,0.082488654091618
strong_0.50__rupture_1__weak_0.25__floor_theoretical__recipient_affinity_only,weak_same_lane_refusal,pres_2002,sido_27,,,,,,,,,,,,,0.01043066379455085,C,A,0.0058164519761945,theoretical,affinity_only,0.01,0.0517226551782034,0.0417226551782034,0.25,0.041291991383652554
strong_0.50__rupture_1__weak_0.25__floor_theoretical__recipient_affinity_only,weak_same_lane_refusal,pres_2002,sido_28,,,,,,,,,,,,,0.0132001978635346,C,A,0.0255062904560678,theoretical,affinity_only,0.01,0.0628007914541384,0.0528007914541384,0.25,0.0496005935906038
strong_0.50__rupture_1__weak_0.25__floor_theoretical__recipient_affinity_only,weak_same_lane_refusal,pres_2002,sido_29,,,,,,,,,,,,,0.031175338749889998,C,A,0.0779749988731636,theoretical,affinity_only,0.01,0.13470135499955999,0.12470135499955999,0.25,0.10352601624966999
strong_0.50__rupture_1__weak_0.25__floor_theoretical__recipient_affinity_only,weak_same_lane_refusal,pres_2002,sido_30,,,,,,,,,,,,,0.01635418173881265,C,A,0.0189676131685742,theoretical,affinity_only,0.01,0.07541672695525059,0.0654167269552506,0.25,0.059062545216437945
strong_0.50__rupture_1__weak_0.25__floor_theoretical__recipient_affinity_only,weak_same_lane_refusal,pres_2002,sido_31,,,,,,,,,,,,,0.06135040761748985,C,A,0.3115852121639049,theoretical,affinity_only,0.01,0.2554016304699594,0.2454016304699594,0.25,0.19405122285246956
strong_0.50__rupture_1__weak_0.25__floor_theoretical__recipient_affinity_only,weak_same_lane_refusal,pres_2002,sido_41,,,,,,,,,,,,,0.01205510730682265,C,A,0.0208780312728109,theoretical,affinity_only,0.01,0.0582204292272906,0.0482204292272906,0.25,0.04616532192046795
strong_0.50__rupture_1__weak_0.25__floor_theoretical__recipient_affinity_only,weak_same_lane_refusal,pres_2002,sido_42,,,,,,,,,,,,,0.019111941729852453,C,A,0.0200289187580357,theoretical,affinity_only,0.01,0.08644776691940981,0.07644776691940981,0.25,0.06733582518955736
strong_0.50__rupture_1__weak_0.25__floor_theoretical__recipient_affinity_only,weak_same_lane_refusal,pres_2002,sido_43,,,,,,,,,,,,,0.015826842252004,C,A,0.0118716878700329,theoretical,affinity_only,0.01,0.073307369008016,0.063307369008016,0.25,0.057480526756012
strong_0.50__rupture_1__weak_0.25__floor_theoretical__recipient_affinity_only,weak_same_lane_refusal,pres_2002,sido_44,,,,,,,,,,,,,0.0088510764106933,C,A,0.0095463081839152,theoretical,affinity_only,0.01,0.0454043056427732,0.0354043056427732,0.25,0.036553229232079903
strong_0.50__rupture_1__weak_0.25__floor_theoretical__recipient_affinity_only,weak_same_lane_refusal,pres_2002,sido_45,,,,,,,,,,,,,0.029413815631583146,C,A,0.0228231814936564,theoretical,affinity_only,0.01,0.12765526252633258,0.11765526252633259,0.25,0.09824144689474944
strong_0.50__rupture_1__weak_0.25__floor_theoretical__recipient_affinity_only,weak_same_lane_refusal,pres_2002,sido_46,,,,,,,,,,,,,0.0313838348079597,C,A,0.0132624825931937,theoretical,affinity_only,0.01,0.1355353392318388,0.1255353392318388,0.25,0.1041515044238791
strong_0.50__rupture_1__weak_0.25__floor_theoretical__recipient_affinity_only,weak_same_lane_refusal,pres_2002,sido_47,,,,,,,,,,,,,0.008740285925759999,C,A,0.0296959172831779,theoretical,affinity_only,0.01,0.044961143703039996,0.034961143703039994,0.25,0.03622085777728
strong_0.50__rupture_1__weak_0.25__floor_theoretical__recipient_affinity_only,weak_same_lane_refusal,pres_2002,sido_48,,,,,,,,,,,,,0.019891729857118904,C,A,0.0344685791555901,theoretical,affinity_only,0.01,0.08956691942847561,0.07956691942847562,0.25,0.06967518957135671
strong_0.50__rupture_1__weak_0.25__floor_theoretical__recipient_affinity_only,weak_same_lane_refusal,pres_2002,sido_50,,,,,,,,,,,,,0.03431425244378042,C,A,0.0,theoretical,affinity_only,0.01,0.14725700977512168,0.13725700977512167,0.25,0.11294275733134126
strong_0.50__rupture_1__weak_0.25__floor_theoretical__recipient_affinity_only,weak_same_lane_refusal,pres_2022,sido_11,,,,,,,,,,,,,0.01006224811369895,C,B,0.029384832583875,theoretical,affinity_only,0.01,0.050248992454795804,0.0402489924547958,0.25,0.040186744341096856
strong_0.50__rupture_1__weak_0.25__floor_theoretical__recipient_affinity_only,weak_same_lane_refusal,pres_2022,sido_26,,,,,,,,,,,,,0.0093299859392793,C,B,0.0399820977460082,theoretical,affinity_only,0.01,0.0473199437571172,0.0373199437571172,0.25,0.0379899578178379
strong_0.50__rupture_1__weak_0.25__floor_theoretical__recipient_affinity_only,weak_same_lane_refusal,pres_2022,sido_27,,,,,,,,,,,,,0.006468246249250499,C,B,0.0389354436816256,theoretical,affinity_only,0.01,0.035872984997002,0.025872984997001996,0.25,0.0294047387477515
strong_0.50__rupture_1__weak_0.25__floor_theoretical__recipient_affinity_only,weak_same_lane_refusal,pres_2022,sido_28,,,,,,,,,,,,,0.01085795803133995,C,B,0.0485003528440327,theoretical,affinity_only,0.01,0.053431832125359804,0.0434318321253598,0.25,0.04257387409401985
strong_0.50__rupture_1__weak_0.25__floor_theoretical__recipient_affinity_only,weak_same_lane_refusal,pres_2022,sido_29,,,,,,,,,,,,,0.0186724126166626,C,B,0.0876883018010707,theoretical,affinity_only,0.01,0.08468965046665039,0.0746896504666504,0.25,0.0660172378499878
strong_0.50__rupture_1__weak_0.25__floor_theoretical__recipient_affinity_only,weak_same_lane_refusal,pres_2022,sido_30,,,,,,,,,,,,,0.0100772789220955,C,B,0.0287620743601844,theoretical,affinity_only,0.01,0.050309115688382,0.040309115688382,0.25,0.0402318367662865
strong_0.50__rupture_1__weak_0.25__floor_theoretical__recipient_affinity_only,weak_same_lane_refusal,pres_2022,sido_31,,,,,,,,,,,,,0.0230607747165258,C,B,0.176134143020495,theoretical,affinity_only,0.01,0.1022430988661032,0.0922430988661032,0.25,0.07918232414957739
strong_0.50__rupture_1__weak_0.25__floor_theoretical__recipient_affinity_only,weak_same_lane_refusal,pres_2022,sido_36,,,,,,,,,,,,,0.01244150427285935,C,B,0.0509430370441767,theoretical,affinity_only,0.01,0.059766017091437404,0.0497660170914374,0.25,0.04732451281857805
strong_0.50__rupture_1__weak_0.25__floor_theoretical__recipient_affinity_only,weak_same_lane_refusal,pres_2022,sido_41,,,,,,,,,,,,,0.0086460482882385,C,B,0.0359763522960836,theoretical,affinity_only,0.01,0.044584193152954005,0.034584193152954,0.25,0.035938144864715506
strong_0.50__rupture_1__weak_0.25__floor_theoretical__recipient_affinity_only,weak_same_lane_refusal,pres_2022,sido_42,,,,,,,,,,,,,0.00917858631219465,C,B,0.0308172356117518,theoretical,affinity_only,0.01,0.0467143452487786,0.0367143452487786,0.25,0.03753575893658395
strong_0.50__rupture_1__weak_0.25__floor_theoretical__recipient_affinity_only,weak_same_lane_refusal,pres_2022,sido_43,,,,,,,,,,,,,0.0093335030223671,C,B,0.0345580698080987,theoretical,affinity_only,0.01,0.0473340120894684,0.0373340120894684,0.25,0.0380005090671013
strong_0.50__rupture_1__weak_0.25__floor_theoretical__recipient_affinity_only,weak_same_lane_refusal,pres_2022,sido_44,,,,,,,,,,,,,0.00925577246773285,C,B,0.0309340683403439,theoretical,affinity_only,0.01,0.0470230898709314,0.0370230898709314,0.25,0.03776731740319855
strong_0.50__rupture_1__weak_0.25__floor_theoretical__recipient_affinity_only,weak_same_lane_refusal,pres_2022,sido_45,,,,,,,,,,,,,0.01559903448965525,C,B,0.0459485902537228,theoretical,affinity_only,0.01,0.072396137958621,0.062396137958621,0.25,0.05679710346896575
strong_0.50__rupture_1__weak_0.25__floor_theoretical__recipient_affinity_only,weak_same_lane_refusal,pres_2022,sido_46,,,,,,,,,,,,,0.0154342119010936,C,B,0.0592373366011094,theoretical,affinity_only,0.01,0.0717368476043744,0.0617368476043744,0.25,0.056302635703280805
strong_0.50__rupture_1__weak_0.25__floor_theoretical__recipient_affinity_only,weak_same_lane_refusal,pres_2022,sido_47,,,,,,,,,,,,,0.006354561693840398,C,B,0.0343795636905044,theoretical,affinity_only,0.01,0.035418246775361595,0.025418246775361593,0.25,0.0290636850815212
strong_0.50__rupture_1__weak_0.25__floor_theoretical__recipient_affinity_only,weak_same_lane_refusal,pres_2022,sido_48,,,,,,,,,,,,,0.0131137634517944,C,B,0.0766151338961869,theoretical,affinity_only,0.01,0.0624550538071776,0.0524550538071776,0.25,0.0493412903553832
strong_0.50__rupture_1__weak_0.25__floor_theoretical__recipient_affinity_only,weak_same_lane_refusal,pres_2022,sido_50,,,,,,,,,,,,,0.0159190149267584,C,B,0.0503767176193264,theoretical,affinity_only,0.01,0.0736760597070336,0.0636760597070336,0.25,0.0577570447802752
strong_0.50__rupture_1__weak_0.25__floor_theoretical__recipient_prediction_tilted,strong_incumbent_veto,pres_2007,sido_11,A,B,0.1550560112006703,0.1830565695612803,0.6837328178902612,1.0,0.0625808920697294,0.224727422604459,-0.0,0.01,0.224727422604459,0.11575376295856316,0.007243973746374882,,,,,,,,,,
strong_0.50__rupture_1__weak_0.25__floor_theoretical__recipient_prediction_tilted,strong_incumbent_veto,pres_2007,sido_26,A,B,0.1550560112006703,0.1830565695612803,0.6837328178902612,1.0,0.0625808920697294,0.1230144019232013,-0.0,0.01,0.1230144019232013,0.06769999442714049,0.004236726044366161,,,,,,,,,,
strong_0.50__rupture_1__weak_0.25__floor_theoretical__recipient_prediction_tilted,strong_incumbent_veto,pres_2007,sido_27,A,B,0.1550560112006703,0.1830565695612803,0.6837328178902612,1.0,0.0625808920697294,0.0533297784427378,-0.0,0.01,0.0533297784427378,0.036548243373766096,0.002287221673911859,,,,,,,,,,
strong_0.50__rupture_1__weak_0.25__floor_theoretical__recipient_prediction_tilted,strong_incumbent_veto,pres_2007,sido_28,A,B,0.1550560112006703,0.1830565695612803,0.6837328178902612,1.0,0.0625808920697294,0.1882964963574757,-0.0,0.01,0.1882964963574757,0.1253482410577939,0.007844404744768224,,,,,,,,,,
strong_0.50__rupture_1__weak_0.25__floor_theoretical__recipient_prediction_tilted,strong_incumbent_veto,pres_2007,sido_29,A,B,0.1550560112006703,0.1830565695612803,0.6837328178902612,1.0,0.0625808920697294,0.5063986688693,-0.0,0.01,0.5063986688693,0.24746182449968468,0.015486381730393087,,,,,,,,,,
strong_0.50__rupture_1__weak_0.25__floor_theoretical__recipient_prediction_tilted,strong_incumbent_veto,pres_2007,sido_30,A,B,0.1550560112006703,0.1830565695612803,0.6837328178902612,1.0,0.0625808920697294,0.1749885957265136,-0.0,0.01,0.1749885957265136,0.1550161062926277,0.009701046216968634,,,,,,,,,,
strong_0.50__rupture_1__weak_0.25__floor_theoretical__recipient_prediction_tilted,strong_incumbent_veto,pres_2007,sido_31,A,B,0.1550560112006703,0.1830565695612803,0.6837328178902612,1.0,0.0625808920697294,0.0922216716368157,-0.0,0.01,0.0922216716368157,0.0762003677779345,0.004768686991584605,,,,,,,,,,
strong_0.50__rupture_1__weak_0.25__floor_theoretical__recipient_prediction_tilted,strong_incumbent_veto,pres_2007,sido_41,A,B,0.1550560112006703,0.1830565695612803,0.6837328178902612,1.0,0.0625808920697294,0.1969781637048186,-0.0,0.01,0.1969781637048186,0.12484403173333555,0.007812850875453744,,,,,,,,,,
strong_0.50__rupture_1__weak_0.25__floor_theoretical__recipient_prediction_tilted,strong_incumbent_veto,pres_2007,sido_42,A,B,0.1550560112006703,0.1830565695612803,0.6837328178902612,1.0,0.0625808920697294,0.1620964538589391,-0.0,0.01,0.1620964538589391,0.0926504884460915,0.005798150217652563,,,,,,,,,,
strong_0.50__rupture_1__weak_0.25__floor_theoretical__recipient_prediction_tilted,strong_incumbent_veto,pres_2007,sido_43,A,B,0.1550560112006703,0.1830565695612803,0.6837328178902612,1.0,0.0625808920697294,0.1871115693451475,-0.0,0.01,0.1871115693451475,0.1250937284019757,0.007828477115724083,,,,,,,,,,
strong_0.50__rupture_1__weak_0.25__floor_theoretical__recipient_prediction_tilted,strong_incumbent_veto,pres_2007,sido_44,A,B,0.1550560112006703,0.1830565695612803,0.6837328178902612,1.0,0.0625808920697294,0.1339414116449834,-0.0,0.01,0.1339414116449834,0.1803984259604589,0.01128949442458055,,,,,,,,,,
strong_0.50__rupture_1__weak_0.25__floor_theoretical__recipient_prediction_tilted,strong_incumbent_veto,pres_2007,sido_45,A,B,0.1550560112006703,0.1830565695612803,0.6837328178902612,1.0,0.0625808920697294,0.5050615589935803,-0.0,0.01,0.5050615589935803,0.2489963619554737,0.015582414453290776,,,,,,,,,,
strong_0.50__rupture_1__weak_0.25__floor_theoretical__recipient_prediction_tilted,strong_incumbent_veto,pres_2007,sido_46,A,B,0.1550560112006703,0.1830565695612803,0.6837328178902612,1.0,0.0625808920697294,0.5115021109033597,-0.0,0.01,0.5115021109033597,0.2436089090943725,0.015245262847259446,,,,,,,,,,
strong_0.50__rupture_1__weak_0.25__floor_theoretical__recipient_prediction_tilted,strong_incumbent_veto,pres_2007,sido_47,A,B,0.1550560112006703,0.1830565695612803,0.6837328178902612,1.0,0.0625808920697294,0.0689035077128128,-0.0,0.01,0.0689035077128128,0.03689871266594581,0.0023091543548595123,,,,,,,,,,
strong_0.50__rupture_1__weak_0.25__floor_theoretical__recipient_prediction_tilted,strong_incumbent_veto,pres_2007,sido_48,A,B,0.1550560112006703,0.1830565695612803,0.6837328178902612,1.0,0.0625808920697294,0.0994668855013218,-0.0,0.01,0.0994668855013218,0.0644903902204684,0.004035866149921866,,,,,,,,,,
strong_0.50__rupture_1__weak_0.25__floor_theoretical__recipient_prediction_tilted,strong_incumbent_veto,pres_2007,sido_50,A,B,0.1550560112006703,0.1830565695612803,0.6837328178902612,1.0,0.0625808920697294,0.0,-0.0,0.01,0.0,0.2696919174747736,0.016877560779567178,,,,,,,,,,
strong_0.50__rupture_1__weak_0.25__floor_theoretical__recipient_prediction_tilted,strong_incumbent_veto,pres_2017,sido_11,A,B,0.14222159439442095,0.1258437002381364,1.0,1.0,0.0629218501190682,0.2981507946412702,0.8660254037844386,0.01,0.03994463232341294,0.278981980736011,0.017554062377792057,,,,,,,,,,
strong_0.50__rupture_1__weak_0.25__floor_theoretical__recipient_prediction_tilted,strong_incumbent_veto,pres_2017,sido_26,A,B,0.14222159439442095,0.1258437002381364,1.0,1.0,0.0629218501190682,0.3539560494922693,0.8660254037844386,0.01,0.047421118808782046,0.34186982856956366,0.021511082113485624,,,,,,,,,,
strong_0.50__rupture_1__weak_0.25__floor_theoretical__recipient_prediction_tilted,strong_incumbent_veto,pres_2017,sido_27,A,B,0.14222159439442095,0.1258437002381364,1.0,1.0,0.0629218501190682,0.4618834178563183,0.8660254037844386,0.01,0.06188064440596367,0.4355892243398713,0.027408079887394556,,,,,,,,,,
strong_0.50__rupture_1__weak_0.25__floor_theoretical__recipient_prediction_tilted,strong_incumbent_veto,pres_2017,sido_28,A,B,0.14222159439442095,0.1258437002381364,1.0,1.0,0.0629218501190682,0.2930148075897038,0.8660254037844386,0.01,0.03925654053201098,0.2833909071619301,0.01783148018554974,,,,,,,,,,
strong_0.50__rupture_1__weak_0.25__floor_theoretical__recipient_prediction_tilted,strong_incumbent_veto,pres_2017,sido_29,A,B,0.14222159439442095,0.1258437002381364,1.0,1.0,0.0629218501190682,0.0341806016229801,0.8660254037844386,0.01,0.01,0.045169858892708296,0.002842171091146451,,,,,,,,,,
strong_0.50__rupture_1__weak_0.25__floor_theoretical__recipient_prediction_tilted,strong_incumbent_veto,pres_2017,sido_30,A,B,0.14222159439442095,0.1258437002381364,1.0,1.0,0.0629218501190682,0.2396170369219419,0.8660254037844386,0.01,0.032102595767986436,0.23660045087585338,0.014887338108114405,,,,,,,,,,
strong_0.50__rupture_1__weak_0.25__floor_theoretical__recipient_prediction_tilted,strong_incumbent_veto,pres_2017,sido_31,A,B,0.14222159439442095,0.1258437002381364,1.0,1.0,0.0629218501190682,0.3553353097157836,0.8660254037844386,0.01,0.04760590464030356,0.33924533516110666,0.02134594413260021,,,,,,,,,,
strong_0.50__rupture_1__weak_0.25__floor_theoretical__recipient_prediction_tilted,strong_incumbent_veto,pres_2017,sido_36,A,B,0.14222159439442095,0.1258437002381364,1.0,1.0,0.0629218501190682,0.1724331995485346,0.8660254037844386,0.01,0.023101668283672248,0.20784226494522595,0.01307781984329117,,,,,,,,,,
strong_0.50__rupture_1__weak_0.25__floor_theoretical__recipient_prediction_tilted,strong_incumbent_veto,pres_2017,sido_41,A,B,0.14222159439442095,0.1258437002381364,1.0,1.0,0.0629218501190682,0.2904867750077805,0.8660254037844386,0.01,0.038917848387628025,0.28147637098044914,0.01771101402689106,,,,,,,,,,
strong_0.50__rupture_1__weak_0.25__floor_theoretical__recipient_prediction_tilted,strong_incumbent_veto,pres_2017,sido_42,A,B,0.14222159439442095,0.1258437002381364,1.0,1.0,0.0629218501190682,0.3376440484133232,0.8660254037844386,0.01,0.04523572505076244,0.32486433012568816,0.020441064689200043,,,,,,,,,,
strong_0.50__rupture_1__weak_0.25__floor_theoretical__recipient_prediction_tilted,strong_incumbent_veto,pres_2017,sido_43,A,B,0.14222159439442095,0.1258437002381364,1.0,1.0,0.0629218501190682,0.2911638514975106,0.8660254037844386,0.01,0.03900855943694667,0.282309527506691,0.017763437776960975,,,,,,,,,,
strong_0.50__rupture_1__weak_0.25__floor_theoretical__recipient_prediction_tilted,strong_incumbent_veto,pres_2017,sido_44,A,B,0.14222159439442095,0.1258437002381364,1.0,1.0,0.0629218501190682,0.2550776099850012,0.8660254037844386,0.01,0.03417391980137099,0.2518736676707936,0.01584835716612167,,,,,,,,,,
strong_0.50__rupture_1__weak_0.25__floor_theoretical__recipient_prediction_tilted,strong_incumbent_veto,pres_2017,sido_45,A,B,0.14222159439442095,0.1258437002381364,1.0,1.0,0.0629218501190682,0.0682483484546126,0.8660254037844386,0.01,0.01,0.0835712825862142,0.005258459717148064,,,,,,,,,,
strong_0.50__rupture_1__weak_0.25__floor_theoretical__recipient_prediction_tilted,strong_incumbent_veto,pres_2017,sido_46,A,B,0.14222159439442095,0.1258437002381364,1.0,1.0,0.0629218501190682,0.0438553923470368,0.8660254037844386,0.01,0.01,0.0540606403515208,0.0034015955095392423,,,,,,,,,,
strong_0.50__rupture_1__weak_0.25__floor_theoretical__recipient_prediction_tilted,strong_incumbent_veto,pres_2017,sido_47,A,B,0.14222159439442095,0.1258437002381364,1.0,1.0,0.0629218501190682,0.4863134552896404,0.8660254037844386,0.01,0.06515364880662404,0.4571941982536088,0.028767504817821126,,,,,,,,,,
strong_0.50__rupture_1__weak_0.25__floor_theoretical__recipient_prediction_tilted,strong_incumbent_veto,pres_2017,sido_48,A,B,0.14222159439442095,0.1258437002381364,1.0,1.0,0.0629218501190682,0.3752628188705947,0.8660254037844386,0.01,0.05027568463290128,0.359771080555815,0.022637462007908206,,,,,,,,,,
strong_0.50__rupture_1__weak_0.25__floor_theoretical__recipient_prediction_tilted,strong_incumbent_veto,pres_2017,sido_50,A,B,0.14222159439442095,0.1258437002381364,1.0,1.0,0.0629218501190682,0.2397495310485979,0.8660254037844386,0.01,0.032120346615106106,0.2532836546023457,0.015937076152498633,,,,,,,,,,
strong_0.50__rupture_1__weak_0.25__floor_theoretical__recipient_prediction_tilted,weak_same_lane_refusal,pres_2002,sido_11,,,,,,,,,,,,,0.0126564630269655,C,A|B,0.0172553182802303,theoretical,prediction_tilted,0.01,0.060625852107862005,0.050625852107862,0.25,0.047969389080896506
strong_0.50__rupture_1__weak_0.25__floor_theoretical__recipient_prediction_tilted,weak_same_lane_refusal,pres_2002,sido_26,,,,,,,,,,,,,0.024162884697206,C,A|B,0.039818482004606,theoretical,prediction_tilted,0.01,0.106651538788824,0.096651538788824,0.25,0.082488654091618
strong_0.50__rupture_1__weak_0.25__floor_theoretical__recipient_prediction_tilted,weak_same_lane_refusal,pres_2002,sido_27,,,,,,,,,,,,,0.01043066379455085,C,A|B,0.0058164519761945,theoretical,prediction_tilted,0.01,0.0517226551782034,0.0417226551782034,0.25,0.041291991383652554
strong_0.50__rupture_1__weak_0.25__floor_theoretical__recipient_prediction_tilted,weak_same_lane_refusal,pres_2002,sido_28,,,,,,,,,,,,,0.0132001978635346,C,A|B,0.0255062904560678,theoretical,prediction_tilted,0.01,0.0628007914541384,0.0528007914541384,0.25,0.0496005935906038
strong_0.50__rupture_1__weak_0.25__floor_theoretical__recipient_prediction_tilted,weak_same_lane_refusal,pres_2002,sido_29,,,,,,,,,,,,,0.031175338749889998,C,A|B,0.0779749988731636,theoretical,prediction_tilted,0.01,0.13470135499955999,0.12470135499955999,0.25,0.10352601624966999
strong_0.50__rupture_1__weak_0.25__floor_theoretical__recipient_prediction_tilted,weak_same_lane_refusal,pres_2002,sido_30,,,,,,,,,,,,,0.01635418173881265,C,A|B,0.0189676131685742,theoretical,prediction_tilted,0.01,0.07541672695525059,0.0654167269552506,0.25,0.059062545216437945
strong_0.50__rupture_1__weak_0.25__floor_theoretical__recipient_prediction_tilted,weak_same_lane_refusal,pres_2002,sido_31,,,,,,,,,,,,,0.06135040761748985,C,A|B,0.3115852121639049,theoretical,prediction_tilted,0.01,0.2554016304699594,0.2454016304699594,0.25,0.19405122285246956
strong_0.50__rupture_1__weak_0.25__floor_theoretical__recipient_prediction_tilted,weak_same_lane_refusal,pres_2002,sido_41,,,,,,,,,,,,,0.01205510730682265,C,A|B,0.0208780312728109,theoretical,prediction_tilted,0.01,0.0582204292272906,0.0482204292272906,0.25,0.04616532192046795
strong_0.50__rupture_1__weak_0.25__floor_theoretical__recipient_prediction_tilted,weak_same_lane_refusal,pres_2002,sido_42,,,,,,,,,,,,,0.019111941729852453,C,A|B,0.0200289187580357,theoretical,prediction_tilted,0.01,0.08644776691940981,0.07644776691940981,0.25,0.06733582518955736
strong_0.50__rupture_1__weak_0.25__floor_theoretical__recipient_prediction_tilted,weak_same_lane_refusal,pres_2002,sido_43,,,,,,,,,,,,,0.015826842252004,C,A|B,0.0118716878700329,theoretical,prediction_tilted,0.01,0.073307369008016,0.063307369008016,0.25,0.057480526756012
strong_0.50__rupture_1__weak_0.25__floor_theoretical__recipient_prediction_tilted,weak_same_lane_refusal,pres_2002,sido_44,,,,,,,,,,,,,0.0088510764106933,C,A|B,0.0095463081839152,theoretical,prediction_tilted,0.01,0.0454043056427732,0.0354043056427732,0.25,0.036553229232079903
strong_0.50__rupture_1__weak_0.25__floor_theoretical__recipient_prediction_tilted,weak_same_lane_refusal,pres_2002,sido_45,,,,,,,,,,,,,0.029413815631583146,C,A|B,0.0228231814936564,theoretical,prediction_tilted,0.01,0.12765526252633258,0.11765526252633259,0.25,0.09824144689474944
strong_0.50__rupture_1__weak_0.25__floor_theoretical__recipient_prediction_tilted,weak_same_lane_refusal,pres_2002,sido_46,,,,,,,,,,,,,0.0313838348079597,C,A|B,0.0132624825931937,theoretical,prediction_tilted,0.01,0.1355353392318388,0.1255353392318388,0.25,0.1041515044238791
strong_0.50__rupture_1__weak_0.25__floor_theoretical__recipient_prediction_tilted,weak_same_lane_refusal,pres_2002,sido_47,,,,,,,,,,,,,0.008740285925759999,C,A|B,0.0296959172831779,theoretical,prediction_tilted,0.01,0.044961143703039996,0.034961143703039994,0.25,0.03622085777728
strong_0.50__rupture_1__weak_0.25__floor_theoretical__recipient_prediction_tilted,weak_same_lane_refusal,pres_2002,sido_48,,,,,,,,,,,,,0.019891729857118904,C,A|B,0.0344685791555901,theoretical,prediction_tilted,0.01,0.08956691942847561,0.07956691942847562,0.25,0.06967518957135671
strong_0.50__rupture_1__weak_0.25__floor_theoretical__recipient_prediction_tilted,weak_same_lane_refusal,pres_2002,sido_50,,,,,,,,,,,,,0.03431425244378042,C,A|B,0.0,theoretical,prediction_tilted,0.01,0.14725700977512168,0.13725700977512167,0.25,0.11294275733134126
strong_0.50__rupture_1__weak_0.25__floor_theoretical__recipient_prediction_tilted,weak_same_lane_refusal,pres_2022,sido_11,,,,,,,,,,,,,0.01006224811369895,C,A|B,0.029384832583875,theoretical,prediction_tilted,0.01,0.050248992454795804,0.0402489924547958,0.25,0.040186744341096856
strong_0.50__rupture_1__weak_0.25__floor_theoretical__recipient_prediction_tilted,weak_same_lane_refusal,pres_2022,sido_26,,,,,,,,,,,,,0.0093299859392793,C,A|B,0.0399820977460082,theoretical,prediction_tilted,0.01,0.0473199437571172,0.0373199437571172,0.25,0.0379899578178379
strong_0.50__rupture_1__weak_0.25__floor_theoretical__recipient_prediction_tilted,weak_same_lane_refusal,pres_2022,sido_27,,,,,,,,,,,,,0.006468246249250499,C,A|B,0.0389354436816256,theoretical,prediction_tilted,0.01,0.035872984997002,0.025872984997001996,0.25,0.0294047387477515
strong_0.50__rupture_1__weak_0.25__floor_theoretical__recipient_prediction_tilted,weak_same_lane_refusal,pres_2022,sido_28,,,,,,,,,,,,,0.01085795803133995,C,A|B,0.0485003528440327,theoretical,prediction_tilted,0.01,0.053431832125359804,0.0434318321253598,0.25,0.04257387409401985
strong_0.50__rupture_1__weak_0.25__floor_theoretical__recipient_prediction_tilted,weak_same_lane_refusal,pres_2022,sido_29,,,,,,,,,,,,,0.0186724126166626,C,A|B,0.0876883018010707,theoretical,prediction_tilted,0.01,0.08468965046665039,0.0746896504666504,0.25,0.0660172378499878
strong_0.50__rupture_1__weak_0.25__floor_theoretical__recipient_prediction_tilted,weak_same_lane_refusal,pres_2022,sido_30,,,,,,,,,,,,,0.0100772789220955,C,A|B,0.0287620743601844,theoretical,prediction_tilted,0.01,0.050309115688382,0.040309115688382,0.25,0.0402318367662865
strong_0.50__rupture_1__weak_0.25__floor_theoretical__recipient_prediction_tilted,weak_same_lane_refusal,pres_2022,sido_31,,,,,,,,,,,,,0.0230607747165258,C,A|B,0.176134143020495,theoretical,prediction_tilted,0.01,0.1022430988661032,0.0922430988661032,0.25,0.07918232414957739
strong_0.50__rupture_1__weak_0.25__floor_theoretical__recipient_prediction_tilted,weak_same_lane_refusal,pres_2022,sido_36,,,,,,,,,,,,,0.01244150427285935,C,A|B,0.0509430370441767,theoretical,prediction_tilted,0.01,0.059766017091437404,0.0497660170914374,0.25,0.04732451281857805
strong_0.50__rupture_1__weak_0.25__floor_theoretical__recipient_prediction_tilted,weak_same_lane_refusal,pres_2022,sido_41,,,,,,,,,,,,,0.0086460482882385,C,A|B,0.0359763522960836,theoretical,prediction_tilted,0.01,0.044584193152954005,0.034584193152954,0.25,0.035938144864715506
strong_0.50__rupture_1__weak_0.25__floor_theoretical__recipient_prediction_tilted,weak_same_lane_refusal,pres_2022,sido_42,,,,,,,,,,,,,0.00917858631219465,C,A|B,0.0308172356117518,theoretical,prediction_tilted,0.01,0.0467143452487786,0.0367143452487786,0.25,0.03753575893658395
strong_0.50__rupture_1__weak_0.25__floor_theoretical__recipient_prediction_tilted,weak_same_lane_refusal,pres_2022,sido_43,,,,,,,,,,,,,0.0093335030223671,C,A|B,0.0345580698080987,theoretical,prediction_tilted,0.01,0.0473340120894684,0.0373340120894684,0.25,0.0380005090671013
strong_0.50__rupture_1__weak_0.25__floor_theoretical__recipient_prediction_tilted,weak_same_lane_refusal,pres_2022,sido_44,,,,,,,,,,,,,0.00925577246773285,C,A|B,0.0309340683403439,theoretical,prediction_tilted,0.01,0.0470230898709314,0.0370230898709314,0.25,0.03776731740319855
strong_0.50__rupture_1__weak_0.25__floor_theoretical__recipient_prediction_tilted,weak_same_lane_refusal,pres_2022,sido_45,,,,,,,,,,,,,0.01559903448965525,C,A|B,0.0459485902537228,theoretical,prediction_tilted,0.01,0.072396137958621,0.062396137958621,0.25,0.05679710346896575
strong_0.50__rupture_1__weak_0.25__floor_theoretical__recipient_prediction_tilted,weak_same_lane_refusal,pres_2022,sido_46,,,,,,,,,,,,,0.0154342119010936,C,A|B,0.0592373366011094,theoretical,prediction_tilted,0.01,0.0717368476043744,0.0617368476043744,0.25,0.056302635703280805
strong_0.50__rupture_1__weak_0.25__floor_theoretical__recipient_prediction_tilted,weak_same_lane_refusal,pres_2022,sido_47,,,,,,,,,,,,,0.006354561693840398,C,A|B,0.0343795636905044,theoretical,prediction_tilted,0.01,0.035418246775361595,0.025418246775361593,0.25,0.0290636850815212
strong_0.50__rupture_1__weak_0.25__floor_theoretical__recipient_prediction_tilted,weak_same_lane_refusal,pres_2022,sido_48,,,,,,,,,,,,,0.0131137634517944,C,A|B,0.0766151338961869,theoretical,prediction_tilted,0.01,0.0624550538071776,0.0524550538071776,0.25,0.0493412903553832
strong_0.50__rupture_1__weak_0.25__floor_theoretical__recipient_prediction_tilted,weak_same_lane_refusal,pres_2022,sido_50,,,,,,,,,,,,,0.0159190149267584,C,A|B,0.0503767176193264,theoretical,prediction_tilted,0.01,0.0736760597070336,0.0636760597070336,0.25,0.0577570447802752
strong_0.50__rupture_1__weak_0.25__floor_none__recipient_affinity_only,strong_incumbent_veto,pres_2007,sido_11,A,B,0.1550560112006703,0.1830565695612803,0.6837328178902612,1.0,0.0625808920697294,0.224727422604459,-0.0,0.01,0.224727422604459,0.11575376295856316,0.007243973746374882,,,,,,,,,,
strong_0.50__rupture_1__weak_0.25__floor_none__recipient_affinity_only,strong_incumbent_veto,pres_2007,sido_26,A,B,0.1550560112006703,0.1830565695612803,0.6837328178902612,1.0,0.0625808920697294,0.1230144019232013,-0.0,0.01,0.1230144019232013,0.06769999442714049,0.004236726044366161,,,,,,,,,,
strong_0.50__rupture_1__weak_0.25__floor_none__recipient_affinity_only,strong_incumbent_veto,pres_2007,sido_27,A,B,0.1550560112006703,0.1830565695612803,0.6837328178902612,1.0,0.0625808920697294,0.0533297784427378,-0.0,0.01,0.0533297784427378,0.036548243373766096,0.002287221673911859,,,,,,,,,,
strong_0.50__rupture_1__weak_0.25__floor_none__recipient_affinity_only,strong_incumbent_veto,pres_2007,sido_28,A,B,0.1550560112006703,0.1830565695612803,0.6837328178902612,1.0,0.0625808920697294,0.1882964963574757,-0.0,0.01,0.1882964963574757,0.1253482410577939,0.007844404744768224,,,,,,,,,,
strong_0.50__rupture_1__weak_0.25__floor_none__recipient_affinity_only,strong_incumbent_veto,pres_2007,sido_29,A,B,0.1550560112006703,0.1830565695612803,0.6837328178902612,1.0,0.0625808920697294,0.5063986688693,-0.0,0.01,0.5063986688693,0.24746182449968468,0.015486381730393087,,,,,,,,,,
strong_0.50__rupture_1__weak_0.25__floor_none__recipient_affinity_only,strong_incumbent_veto,pres_2007,sido_30,A,B,0.1550560112006703,0.1830565695612803,0.6837328178902612,1.0,0.0625808920697294,0.1749885957265136,-0.0,0.01,0.1749885957265136,0.1550161062926277,0.009701046216968634,,,,,,,,,,
strong_0.50__rupture_1__weak_0.25__floor_none__recipient_affinity_only,strong_incumbent_veto,pres_2007,sido_31,A,B,0.1550560112006703,0.1830565695612803,0.6837328178902612,1.0,0.0625808920697294,0.0922216716368157,-0.0,0.01,0.0922216716368157,0.0762003677779345,0.004768686991584605,,,,,,,,,,
strong_0.50__rupture_1__weak_0.25__floor_none__recipient_affinity_only,strong_incumbent_veto,pres_2007,sido_41,A,B,0.1550560112006703,0.1830565695612803,0.6837328178902612,1.0,0.0625808920697294,0.1969781637048186,-0.0,0.01,0.1969781637048186,0.12484403173333555,0.007812850875453744,,,,,,,,,,
strong_0.50__rupture_1__weak_0.25__floor_none__recipient_affinity_only,strong_incumbent_veto,pres_2007,sido_42,A,B,0.1550560112006703,0.1830565695612803,0.6837328178902612,1.0,0.0625808920697294,0.1620964538589391,-0.0,0.01,0.1620964538589391,0.0926504884460915,0.005798150217652563,,,,,,,,,,
strong_0.50__rupture_1__weak_0.25__floor_none__recipient_affinity_only,strong_incumbent_veto,pres_2007,sido_43,A,B,0.1550560112006703,0.1830565695612803,0.6837328178902612,1.0,0.0625808920697294,0.1871115693451475,-0.0,0.01,0.1871115693451475,0.1250937284019757,0.007828477115724083,,,,,,,,,,
strong_0.50__rupture_1__weak_0.25__floor_none__recipient_affinity_only,strong_incumbent_veto,pres_2007,sido_44,A,B,0.1550560112006703,0.1830565695612803,0.6837328178902612,1.0,0.0625808920697294,0.1339414116449834,-0.0,0.01,0.1339414116449834,0.1803984259604589,0.01128949442458055,,,,,,,,,,
strong_0.50__rupture_1__weak_0.25__floor_none__recipient_affinity_only,strong_incumbent_veto,pres_2007,sido_45,A,B,0.1550560112006703,0.1830565695612803,0.6837328178902612,1.0,0.0625808920697294,0.5050615589935803,-0.0,0.01,0.5050615589935803,0.2489963619554737,0.015582414453290776,,,,,,,,,,
strong_0.50__rupture_1__weak_0.25__floor_none__recipient_affinity_only,strong_incumbent_veto,pres_2007,sido_46,A,B,0.1550560112006703,0.1830565695612803,0.6837328178902612,1.0,0.0625808920697294,0.5115021109033597,-0.0,0.01,0.5115021109033597,0.2436089090943725,0.015245262847259446,,,,,,,,,,
strong_0.50__rupture_1__weak_0.25__floor_none__recipient_affinity_only,strong_incumbent_veto,pres_2007,sido_47,A,B,0.1550560112006703,0.1830565695612803,0.6837328178902612,1.0,0.0625808920697294,0.0689035077128128,-0.0,0.01,0.0689035077128128,0.03689871266594581,0.0023091543548595123,,,,,,,,,,
strong_0.50__rupture_1__weak_0.25__floor_none__recipient_affinity_only,strong_incumbent_veto,pres_2007,sido_48,A,B,0.1550560112006703,0.1830565695612803,0.6837328178902612,1.0,0.0625808920697294,0.0994668855013218,-0.0,0.01,0.0994668855013218,0.0644903902204684,0.004035866149921866,,,,,,,,,,
strong_0.50__rupture_1__weak_0.25__floor_none__recipient_affinity_only,strong_incumbent_veto,pres_2007,sido_50,A,B,0.1550560112006703,0.1830565695612803,0.6837328178902612,1.0,0.0625808920697294,0.0,-0.0,0.01,0.0,0.2696919174747736,0.016877560779567178,,,,,,,,,,
strong_0.50__rupture_1__weak_0.25__floor_none__recipient_affinity_only,strong_incumbent_veto,pres_2017,sido_11,A,B,0.14222159439442095,0.1258437002381364,1.0,1.0,0.0629218501190682,0.2981507946412702,0.8660254037844386,0.01,0.03994463232341294,0.278981980736011,0.017554062377792057,,,,,,,,,,
strong_0.50__rupture_1__weak_0.25__floor_none__recipient_affinity_only,strong_incumbent_veto,pres_2017,sido_26,A,B,0.14222159439442095,0.1258437002381364,1.0,1.0,0.0629218501190682,0.3539560494922693,0.8660254037844386,0.01,0.047421118808782046,0.34186982856956366,0.021511082113485624,,,,,,,,,,
strong_0.50__rupture_1__weak_0.25__floor_none__recipient_affinity_only,strong_incumbent_veto,pres_2017,sido_27,A,B,0.14222159439442095,0.1258437002381364,1.0,1.0,0.0629218501190682,0.4618834178563183,0.8660254037844386,0.01,0.06188064440596367,0.4355892243398713,0.027408079887394556,,,,,,,,,,
strong_0.50__rupture_1__weak_0.25__floor_none__recipient_affinity_only,strong_incumbent_veto,pres_2017,sido_28,A,B,0.14222159439442095,0.1258437002381364,1.0,1.0,0.0629218501190682,0.2930148075897038,0.8660254037844386,0.01,0.03925654053201098,0.2833909071619301,0.01783148018554974,,,,,,,,,,
strong_0.50__rupture_1__weak_0.25__floor_none__recipient_affinity_only,strong_incumbent_veto,pres_2017,sido_29,A,B,0.14222159439442095,0.1258437002381364,1.0,1.0,0.0629218501190682,0.0341806016229801,0.8660254037844386,0.01,0.01,0.045169858892708296,0.002842171091146451,,,,,,,,,,
strong_0.50__rupture_1__weak_0.25__floor_none__recipient_affinity_only,strong_incumbent_veto,pres_2017,sido_30,A,B,0.14222159439442095,0.1258437002381364,1.0,1.0,0.0629218501190682,0.2396170369219419,0.8660254037844386,0.01,0.032102595767986436,0.23660045087585338,0.014887338108114405,,,,,,,,,,
strong_0.50__rupture_1__weak_0.25__floor_none__recipient_affinity_only,strong_incumbent_veto,pres_2017,sido_31,A,B,0.14222159439442095,0.1258437002381364,1.0,1.0,0.0629218501190682,0.3553353097157836,0.8660254037844386,0.01,0.04760590464030356,0.33924533516110666,0.02134594413260021,,,,,,,,,,
strong_0.50__rupture_1__weak_0.25__floor_none__recipient_affinity_only,strong_incumbent_veto,pres_2017,sido_36,A,B,0.14222159439442095,0.1258437002381364,1.0,1.0,0.0629218501190682,0.1724331995485346,0.8660254037844386,0.01,0.023101668283672248,0.20784226494522595,0.01307781984329117,,,,,,,,,,
strong_0.50__rupture_1__weak_0.25__floor_none__recipient_affinity_only,strong_incumbent_veto,pres_2017,sido_41,A,B,0.14222159439442095,0.1258437002381364,1.0,1.0,0.0629218501190682,0.2904867750077805,0.8660254037844386,0.01,0.038917848387628025,0.28147637098044914,0.01771101402689106,,,,,,,,,,
strong_0.50__rupture_1__weak_0.25__floor_none__recipient_affinity_only,strong_incumbent_veto,pres_2017,sido_42,A,B,0.14222159439442095,0.1258437002381364,1.0,1.0,0.0629218501190682,0.3376440484133232,0.8660254037844386,0.01,0.04523572505076244,0.32486433012568816,0.020441064689200043,,,,,,,,,,
strong_0.50__rupture_1__weak_0.25__floor_none__recipient_affinity_only,strong_incumbent_veto,pres_2017,sido_43,A,B,0.14222159439442095,0.1258437002381364,1.0,1.0,0.0629218501190682,0.2911638514975106,0.8660254037844386,0.01,0.03900855943694667,0.282309527506691,0.017763437776960975,,,,,,,,,,
strong_0.50__rupture_1__weak_0.25__floor_none__recipient_affinity_only,strong_incumbent_veto,pres_2017,sido_44,A,B,0.14222159439442095,0.1258437002381364,1.0,1.0,0.0629218501190682,0.2550776099850012,0.8660254037844386,0.01,0.03417391980137099,0.2518736676707936,0.01584835716612167,,,,,,,,,,
strong_0.50__rupture_1__weak_0.25__floor_none__recipient_affinity_only,strong_incumbent_veto,pres_2017,sido_45,A,B,0.14222159439442095,0.1258437002381364,1.0,1.0,0.0629218501190682,0.0682483484546126,0.8660254037844386,0.01,0.01,0.0835712825862142,0.005258459717148064,,,,,,,,,,
strong_0.50__rupture_1__weak_0.25__floor_none__recipient_affinity_only,strong_incumbent_veto,pres_2017,sido_46,A,B,0.14222159439442095,0.1258437002381364,1.0,1.0,0.0629218501190682,0.0438553923470368,0.8660254037844386,0.01,0.01,0.0540606403515208,0.0034015955095392423,,,,,,,,,,
strong_0.50__rupture_1__weak_0.25__floor_none__recipient_affinity_only,strong_incumbent_veto,pres_2017,sido_47,A,B,0.14222159439442095,0.1258437002381364,1.0,1.0,0.0629218501190682,0.4863134552896404,0.8660254037844386,0.01,0.06515364880662404,0.4571941982536088,0.028767504817821126,,,,,,,,,,
strong_0.50__rupture_1__weak_0.25__floor_none__recipient_affinity_only,strong_incumbent_veto,pres_2017,sido_48,A,B,0.14222159439442095,0.1258437002381364,1.0,1.0,0.0629218501190682,0.3752628188705947,0.8660254037844386,0.01,0.05027568463290128,0.359771080555815,0.022637462007908206,,,,,,,,,,
strong_0.50__rupture_1__weak_0.25__floor_none__recipient_affinity_only,strong_incumbent_veto,pres_2017,sido_50,A,B,0.14222159439442095,0.1258437002381364,1.0,1.0,0.0629218501190682,0.2397495310485979,0.8660254037844386,0.01,0.032120346615106106,0.2532836546023457,0.015937076152498633,,,,,,,,,,
strong_0.50__rupture_1__weak_0.25__floor_none__recipient_affinity_only,weak_same_lane_refusal,pres_2002,sido_11,,,,,,,,,,,,,0.015156463026965501,C,A,0.0172553182802303,none,affinity_only,0.0,0.060625852107862005,0.060625852107862005,0.25,0.045469389080896504
strong_0.50__rupture_1__weak_0.25__floor_none__recipient_affinity_only,weak_same_lane_refusal,pres_2002,sido_26,,,,,,,,,,,,,0.026662884697206,C,A,0.039818482004606,none,affinity_only,0.0,0.106651538788824,0.106651538788824,0.25,0.079988654091618
strong_0.50__rupture_1__weak_0.25__floor_none__recipient_affinity_only,weak_same_lane_refusal,pres_2002,sido_27,,,,,,,,,,,,,0.01293066379455085,C,A,0.0058164519761945,none,affinity_only,0.0,0.0517226551782034,0.0517226551782034,0.25,0.03879199138365255
strong_0.50__rupture_1__weak_0.25__floor_none__recipient_affinity_only,weak_same_lane_refusal,pres_2002,sido_28,,,,,,,,,,,,,0.0157001978635346,C,A,0.0255062904560678,none,affinity_only,0.0,0.0628007914541384,0.0628007914541384,0.25,0.0471005935906038
strong_0.50__rupture_1__weak_0.25__floor_none__recipient_affinity_only,weak_same_lane_refusal,pres_2002,sido_29,,,,,,,,,,,,,0.033675338749889996,C,A,0.0779749988731636,none,affinity_only,0.0,0.13470135499955999,0.13470135499955999,0.25,0.10102601624966999
strong_0.50__rupture_1__weak_0.25__floor_none__recipient_affinity_only,weak_same_lane_refusal,pres_2002,sido_30,,,,,,,,,,,,,0.018854181738812648,C,A,0.0189676131685742,none,affinity_only,0.0,0.07541672695525059,0.07541672695525059,0.25,0.05656254521643794
strong_0.50__rupture_1__weak_0.25__floor_none__recipient_affinity_only,weak_same_lane_refusal,pres_2002,sido_31,,,,,,,,,,,,,0.06385040761748985,C,A,0.3115852121639049,none,affinity_only,0.0,0.2554016304699594,0.2554016304699594,0.25,0.19155122285246956
strong_0.50__rupture_1__weak_0.25__floor_none__recipient_affinity_only,weak_same_lane_refusal,pres_2002,sido_41,,,,,,,,,,,,,0.01455510730682265,C,A,0.0208780312728109,none,affinity_only,0.0,0.0582204292272906,0.0582204292272906,0.25,0.04366532192046795
strong_0.50__rupture_1__weak_0.25__floor_none__recipient_affinity_only,weak_same_lane_refusal,pres_2002,sido_42,,,,,,,,,,,,,0.021611941729852452,C,A,0.0200289187580357,none,affinity_only,0.0,0.08644776691940981,0.08644776691940981,0.25,0.06483582518955736
strong_0.50__rupture_1__weak_0.25__floor_none__recipient_affinity_only,weak_same_lane_refusal,pres_2002,sido_43,,,,,,,,,,,,,0.018326842252004,C,A,0.0118716878700329,none,affinity_only,0.0,0.073307369008016,0.073307369008016,0.25,0.054980526756012005
strong_0.50__rupture_1__weak_0.25__floor_none__recipient_affinity_only,weak_same_lane_refusal,pres_2002,sido_44,,,,,,,,,,,,,0.0113510764106933,C,A,0.0095463081839152,none,affinity_only,0.0,0.0454043056427732,0.0454043056427732,0.25,0.0340532292320799
strong_0.50__rupture_1__weak_0.25__floor_none__recipient_affinity_only,weak_same_lane_refusal,pres_2002,sido_45,,,,,,,,,,,,,0.031913815631583145,C,A,0.0228231814936564,none,affinity_only,0.0,0.12765526252633258,0.12765526252633258,0.25,0.09574144689474944
strong_0.50__rupture_1__weak_0.25__floor_none__recipient_affinity_only,weak_same_lane_refusal,pres_2002,sido_46,,,,,,,,,,,,,0.0338838348079597,C,A,0.0132624825931937,none,affinity_only,0.0,0.1355353392318388,0.1355353392318388,0.25,0.1016515044238791
strong_0.50__rupture_1__weak_0.25__floor_none__recipient_affinity_only,weak_same_lane_refusal,pres_2002,sido_47,,,,,,,,,,,,,0.011240285925759999,C,A,0.0296959172831779,none,affinity_only,0.0,0.044961143703039996,0.044961143703039996,0.25,0.03372085777728
strong_0.50__rupture_1__weak_0.25__floor_none__recipient_affinity_only,weak_same_lane_refusal,pres_2002,sido_48,,,,,,,,,,,,,0.022391729857118903,C,A,0.0344685791555901,none,affinity_only,0.0,0.08956691942847561,0.08956691942847561,0.25,0.06717518957135671
strong_0.50__rupture_1__weak_0.25__floor_none__recipient_affinity_only,weak_same_lane_refusal,pres_2002,sido_50,,,,,,,,,,,,,0.03681425244378042,C,A,0.0,none,affinity_only,0.0,0.14725700977512168,0.14725700977512168,0.25,0.11044275733134126
strong_0.50__rupture_1__weak_0.25__floor_none__recipient_affinity_only,weak_same_lane_refusal,pres_2022,sido_11,,,,,,,,,,,,,0.012562248113698951,C,B,0.029384832583875,none,affinity_only,0.0,0.050248992454795804,0.050248992454795804,0.25,0.03768674434109685
strong_0.50__rupture_1__weak_0.25__floor_none__recipient_affinity_only,weak_same_lane_refusal,pres_2022,sido_26,,,,,,,,,,,,,0.0118299859392793,C,B,0.0399820977460082,none,affinity_only,0.0,0.0473199437571172,0.0473199437571172,0.25,0.0354899578178379
strong_0.50__rupture_1__weak_0.25__floor_none__recipient_affinity_only,weak_same_lane_refusal,pres_2022,sido_27,,,,,,,,,,,,,0.0089682462492505,C,B,0.0389354436816256,none,affinity_only,0.0,0.035872984997002,0.035872984997002,0.25,0.026904738747751497
strong_0.50__rupture_1__weak_0.25__floor_none__recipient_affinity_only,weak_same_lane_refusal,pres_2022,sido_28,,,,,,,,,,,,,0.013357958031339951,C,B,0.0485003528440327,none,affinity_only,0.0,0.053431832125359804,0.053431832125359804,0.25,0.04007387409401986
strong_0.50__rupture_1__weak_0.25__floor_none__recipient_affinity_only,weak_same_lane_refusal,pres_2022,sido_29,,,,,,,,,,,,,0.021172412616662598,C,B,0.0876883018010707,none,affinity_only,0.0,0.08468965046665039,0.08468965046665039,0.25,0.06351723784998779
strong_0.50__rupture_1__weak_0.25__floor_none__recipient_affinity_only,weak_same_lane_refusal,pres_2022,sido_30,,,,,,,,,,,,,0.0125772789220955,C,B,0.0287620743601844,none,affinity_only,0.0,0.050309115688382,0.050309115688382,0.25,0.0377318367662865
strong_0.50__rupture_1__weak_0.25__floor_none__recipient_affinity_only,weak_same_lane_refusal,pres_2022,sido_31,,,,,,,,,,,,,0.0255607747165258,C,B,0.176134143020495,none,affinity_only,0.0,0.1022430988661032,0.1022430988661032,0.25,0.0766823241495774
strong_0.50__rupture_1__weak_0.25__floor_none__recipient_affinity_only,weak_same_lane_refusal,pres_2022,sido_36,,,,,,,,,,,,,0.014941504272859351,C,B,0.0509430370441767,none,affinity_only,0.0,0.059766017091437404,0.059766017091437404,0.25,0.04482451281857805
strong_0.50__rupture_1__weak_0.25__floor_none__recipient_affinity_only,weak_same_lane_refusal,pres_2022,sido_41,,,,,,,,,,,,,0.011146048288238501,C,B,0.0359763522960836,none,affinity_only,0.0,0.044584193152954005,0.044584193152954005,0.25,0.033438144864715504
strong_0.50__rupture_1__weak_0.25__floor_none__recipient_affinity_only,weak_same_lane_refusal,pres_2022,sido_42,,,,,,,,,,,,,0.01167858631219465,C,B,0.0308172356117518,none,affinity_only,0.0,0.0467143452487786,0.0467143452487786,0.25,0.03503575893658395
strong_0.50__rupture_1__weak_0.25__floor_none__recipient_affinity_only,weak_same_lane_refusal,pres_2022,sido_43,,,,,,,,,,,,,0.0118335030223671,C,B,0.0345580698080987,none,affinity_only,0.0,0.0473340120894684,0.0473340120894684,0.25,0.035500509067101296
strong_0.50__rupture_1__weak_0.25__floor_none__recipient_affinity_only,weak_same_lane_refusal,pres_2022,sido_44,,,,,,,,,,,,,0.01175577246773285,C,B,0.0309340683403439,none,affinity_only,0.0,0.0470230898709314,0.0470230898709314,0.25,0.03526731740319855
strong_0.50__rupture_1__weak_0.25__floor_none__recipient_affinity_only,weak_same_lane_refusal,pres_2022,sido_45,,,,,,,,,,,,,0.01809903448965525,C,B,0.0459485902537228,none,affinity_only,0.0,0.072396137958621,0.072396137958621,0.25,0.054297103468965754
strong_0.50__rupture_1__weak_0.25__floor_none__recipient_affinity_only,weak_same_lane_refusal,pres_2022,sido_46,,,,,,,,,,,,,0.0179342119010936,C,B,0.0592373366011094,none,affinity_only,0.0,0.0717368476043744,0.0717368476043744,0.25,0.0538026357032808
strong_0.50__rupture_1__weak_0.25__floor_none__recipient_affinity_only,weak_same_lane_refusal,pres_2022,sido_47,,,,,,,,,,,,,0.008854561693840399,C,B,0.0343795636905044,none,affinity_only,0.0,0.035418246775361595,0.035418246775361595,0.25,0.026563685081521196
strong_0.50__rupture_1__weak_0.25__floor_none__recipient_affinity_only,weak_same_lane_refusal,pres_2022,sido_48,,,,,,,,,,,,,0.0156137634517944,C,B,0.0766151338961869,none,affinity_only,0.0,0.0624550538071776,0.0624550538071776,0.25,0.0468412903553832
strong_0.50__rupture_1__weak_0.25__floor_none__recipient_affinity_only,weak_same_lane_refusal,pres_2022,sido_50,,,,,,,,,,,,,0.0184190149267584,C,B,0.0503767176193264,none,affinity_only,0.0,0.0736760597070336,0.0736760597070336,0.25,0.0552570447802752
strong_0.50__rupture_1__weak_0.25__floor_none__recipient_prediction_tilted,strong_incumbent_veto,pres_2007,sido_11,A,B,0.1550560112006703,0.1830565695612803,0.6837328178902612,1.0,0.0625808920697294,0.224727422604459,-0.0,0.01,0.224727422604459,0.11575376295856316,0.007243973746374882,,,,,,,,,,
strong_0.50__rupture_1__weak_0.25__floor_none__recipient_prediction_tilted,strong_incumbent_veto,pres_2007,sido_26,A,B,0.1550560112006703,0.1830565695612803,0.6837328178902612,1.0,0.0625808920697294,0.1230144019232013,-0.0,0.01,0.1230144019232013,0.06769999442714049,0.004236726044366161,,,,,,,,,,
strong_0.50__rupture_1__weak_0.25__floor_none__recipient_prediction_tilted,strong_incumbent_veto,pres_2007,sido_27,A,B,0.1550560112006703,0.1830565695612803,0.6837328178902612,1.0,0.0625808920697294,0.0533297784427378,-0.0,0.01,0.0533297784427378,0.036548243373766096,0.002287221673911859,,,,,,,,,,
strong_0.50__rupture_1__weak_0.25__floor_none__recipient_prediction_tilted,strong_incumbent_veto,pres_2007,sido_28,A,B,0.1550560112006703,0.1830565695612803,0.6837328178902612,1.0,0.0625808920697294,0.1882964963574757,-0.0,0.01,0.1882964963574757,0.1253482410577939,0.007844404744768224,,,,,,,,,,
strong_0.50__rupture_1__weak_0.25__floor_none__recipient_prediction_tilted,strong_incumbent_veto,pres_2007,sido_29,A,B,0.1550560112006703,0.1830565695612803,0.6837328178902612,1.0,0.0625808920697294,0.5063986688693,-0.0,0.01,0.5063986688693,0.24746182449968468,0.015486381730393087,,,,,,,,,,
strong_0.50__rupture_1__weak_0.25__floor_none__recipient_prediction_tilted,strong_incumbent_veto,pres_2007,sido_30,A,B,0.1550560112006703,0.1830565695612803,0.6837328178902612,1.0,0.0625808920697294,0.1749885957265136,-0.0,0.01,0.1749885957265136,0.1550161062926277,0.009701046216968634,,,,,,,,,,
strong_0.50__rupture_1__weak_0.25__floor_none__recipient_prediction_tilted,strong_incumbent_veto,pres_2007,sido_31,A,B,0.1550560112006703,0.1830565695612803,0.6837328178902612,1.0,0.0625808920697294,0.0922216716368157,-0.0,0.01,0.0922216716368157,0.0762003677779345,0.004768686991584605,,,,,,,,,,
strong_0.50__rupture_1__weak_0.25__floor_none__recipient_prediction_tilted,strong_incumbent_veto,pres_2007,sido_41,A,B,0.1550560112006703,0.1830565695612803,0.6837328178902612,1.0,0.0625808920697294,0.1969781637048186,-0.0,0.01,0.1969781637048186,0.12484403173333555,0.007812850875453744,,,,,,,,,,
strong_0.50__rupture_1__weak_0.25__floor_none__recipient_prediction_tilted,strong_incumbent_veto,pres_2007,sido_42,A,B,0.1550560112006703,0.1830565695612803,0.6837328178902612,1.0,0.0625808920697294,0.1620964538589391,-0.0,0.01,0.1620964538589391,0.0926504884460915,0.005798150217652563,,,,,,,,,,
strong_0.50__rupture_1__weak_0.25__floor_none__recipient_prediction_tilted,strong_incumbent_veto,pres_2007,sido_43,A,B,0.1550560112006703,0.1830565695612803,0.6837328178902612,1.0,0.0625808920697294,0.1871115693451475,-0.0,0.01,0.1871115693451475,0.1250937284019757,0.007828477115724083,,,,,,,,,,
strong_0.50__rupture_1__weak_0.25__floor_none__recipient_prediction_tilted,strong_incumbent_veto,pres_2007,sido_44,A,B,0.1550560112006703,0.1830565695612803,0.6837328178902612,1.0,0.0625808920697294,0.1339414116449834,-0.0,0.01,0.1339414116449834,0.1803984259604589,0.01128949442458055,,,,,,,,,,
strong_0.50__rupture_1__weak_0.25__floor_none__recipient_prediction_tilted,strong_incumbent_veto,pres_2007,sido_45,A,B,0.1550560112006703,0.1830565695612803,0.6837328178902612,1.0,0.0625808920697294,0.5050615589935803,-0.0,0.01,0.5050615589935803,0.2489963619554737,0.015582414453290776,,,,,,,,,,
strong_0.50__rupture_1__weak_0.25__floor_none__recipient_prediction_tilted,strong_incumbent_veto,pres_2007,sido_46,A,B,0.1550560112006703,0.1830565695612803,0.6837328178902612,1.0,0.0625808920697294,0.5115021109033597,-0.0,0.01,0.5115021109033597,0.2436089090943725,0.015245262847259446,,,,,,,,,,
strong_0.50__rupture_1__weak_0.25__floor_none__recipient_prediction_tilted,strong_incumbent_veto,pres_2007,sido_47,A,B,0.1550560112006703,0.1830565695612803,0.6837328178902612,1.0,0.0625808920697294,0.0689035077128128,-0.0,0.01,0.0689035077128128,0.03689871266594581,0.0023091543548595123,,,,,,,,,,
strong_0.50__rupture_1__weak_0.25__floor_none__recipient_prediction_tilted,strong_incumbent_veto,pres_2007,sido_48,A,B,0.1550560112006703,0.1830565695612803,0.6837328178902612,1.0,0.0625808920697294,0.0994668855013218,-0.0,0.01,0.0994668855013218,0.0644903902204684,0.004035866149921866,,,,,,,,,,
strong_0.50__rupture_1__weak_0.25__floor_none__recipient_prediction_tilted,strong_incumbent_veto,pres_2007,sido_50,A,B,0.1550560112006703,0.1830565695612803,0.6837328178902612,1.0,0.0625808920697294,0.0,-0.0,0.01,0.0,0.2696919174747736,0.016877560779567178,,,,,,,,,,
strong_0.50__rupture_1__weak_0.25__floor_none__recipient_prediction_tilted,strong_incumbent_veto,pres_2017,sido_11,A,B,0.14222159439442095,0.1258437002381364,1.0,1.0,0.0629218501190682,0.2981507946412702,0.8660254037844386,0.01,0.03994463232341294,0.278981980736011,0.017554062377792057,,,,,,,,,,
strong_0.50__rupture_1__weak_0.25__floor_none__recipient_prediction_tilted,strong_incumbent_veto,pres_2017,sido_26,A,B,0.14222159439442095,0.1258437002381364,1.0,1.0,0.0629218501190682,0.3539560494922693,0.8660254037844386,0.01,0.047421118808782046,0.34186982856956366,0.021511082113485624,,,,,,,,,,
strong_0.50__rupture_1__weak_0.25__floor_none__recipient_prediction_tilted,strong_incumbent_veto,pres_2017,sido_27,A,B,0.14222159439442095,0.1258437002381364,1.0,1.0,0.0629218501190682,0.4618834178563183,0.8660254037844386,0.01,0.06188064440596367,0.4355892243398713,0.027408079887394556,,,,,,,,,,
strong_0.50__rupture_1__weak_0.25__floor_none__recipient_prediction_tilted,strong_incumbent_veto,pres_2017,sido_28,A,B,0.14222159439442095,0.1258437002381364,1.0,1.0,0.0629218501190682,0.2930148075897038,0.8660254037844386,0.01,0.03925654053201098,0.2833909071619301,0.01783148018554974,,,,,,,,,,
strong_0.50__rupture_1__weak_0.25__floor_none__recipient_prediction_tilted,strong_incumbent_veto,pres_2017,sido_29,A,B,0.14222159439442095,0.1258437002381364,1.0,1.0,0.0629218501190682,0.0341806016229801,0.8660254037844386,0.01,0.01,0.045169858892708296,0.002842171091146451,,,,,,,,,,
strong_0.50__rupture_1__weak_0.25__floor_none__recipient_prediction_tilted,strong_incumbent_veto,pres_2017,sido_30,A,B,0.14222159439442095,0.1258437002381364,1.0,1.0,0.0629218501190682,0.2396170369219419,0.8660254037844386,0.01,0.032102595767986436,0.23660045087585338,0.014887338108114405,,,,,,,,,,
strong_0.50__rupture_1__weak_0.25__floor_none__recipient_prediction_tilted,strong_incumbent_veto,pres_2017,sido_31,A,B,0.14222159439442095,0.1258437002381364,1.0,1.0,0.0629218501190682,0.3553353097157836,0.8660254037844386,0.01,0.04760590464030356,0.33924533516110666,0.02134594413260021,,,,,,,,,,
strong_0.50__rupture_1__weak_0.25__floor_none__recipient_prediction_tilted,strong_incumbent_veto,pres_2017,sido_36,A,B,0.14222159439442095,0.1258437002381364,1.0,1.0,0.0629218501190682,0.1724331995485346,0.8660254037844386,0.01,0.023101668283672248,0.20784226494522595,0.01307781984329117,,,,,,,,,,
strong_0.50__rupture_1__weak_0.25__floor_none__recipient_prediction_tilted,strong_incumbent_veto,pres_2017,sido_41,A,B,0.14222159439442095,0.1258437002381364,1.0,1.0,0.0629218501190682,0.2904867750077805,0.8660254037844386,0.01,0.038917848387628025,0.28147637098044914,0.01771101402689106,,,,,,,,,,
strong_0.50__rupture_1__weak_0.25__floor_none__recipient_prediction_tilted,strong_incumbent_veto,pres_2017,sido_42,A,B,0.14222159439442095,0.1258437002381364,1.0,1.0,0.0629218501190682,0.3376440484133232,0.8660254037844386,0.01,0.04523572505076244,0.32486433012568816,0.020441064689200043,,,,,,,,,,
strong_0.50__rupture_1__weak_0.25__floor_none__recipient_prediction_tilted,strong_incumbent_veto,pres_2017,sido_43,A,B,0.14222159439442095,0.1258437002381364,1.0,1.0,0.0629218501190682,0.2911638514975106,0.8660254037844386,0.01,0.03900855943694667,0.282309527506691,0.017763437776960975,,,,,,,,,,
strong_0.50__rupture_1__weak_0.25__floor_none__recipient_prediction_tilted,strong_incumbent_veto,pres_2017,sido_44,A,B,0.14222159439442095,0.1258437002381364,1.0,1.0,0.0629218501190682,0.2550776099850012,0.8660254037844386,0.01,0.03417391980137099,0.2518736676707936,0.01584835716612167,,,,,,,,,,
strong_0.50__rupture_1__weak_0.25__floor_none__recipient_prediction_tilted,strong_incumbent_veto,pres_2017,sido_45,A,B,0.14222159439442095,0.1258437002381364,1.0,1.0,0.0629218501190682,0.0682483484546126,0.8660254037844386,0.01,0.01,0.0835712825862142,0.005258459717148064,,,,,,,,,,
strong_0.50__rupture_1__weak_0.25__floor_none__recipient_prediction_tilted,strong_incumbent_veto,pres_2017,sido_46,A,B,0.14222159439442095,0.1258437002381364,1.0,1.0,0.0629218501190682,0.0438553923470368,0.8660254037844386,0.01,0.01,0.0540606403515208,0.0034015955095392423,,,,,,,,,,
strong_0.50__rupture_1__weak_0.25__floor_none__recipient_prediction_tilted,strong_incumbent_veto,pres_2017,sido_47,A,B,0.14222159439442095,0.1258437002381364,1.0,1.0,0.0629218501190682,0.4863134552896404,0.8660254037844386,0.01,0.06515364880662404,0.4571941982536088,0.028767504817821126,,,,,,,,,,
strong_0.50__rupture_1__weak_0.25__floor_none__recipient_prediction_tilted,strong_incumbent_veto,pres_2017,sido_48,A,B,0.14222159439442095,0.1258437002381364,1.0,1.0,0.0629218501190682,0.3752628188705947,0.8660254037844386,0.01,0.05027568463290128,0.359771080555815,0.022637462007908206,,,,,,,,,,
strong_0.50__rupture_1__weak_0.25__floor_none__recipient_prediction_tilted,strong_incumbent_veto,pres_2017,sido_50,A,B,0.14222159439442095,0.1258437002381364,1.0,1.0,0.0629218501190682,0.2397495310485979,0.8660254037844386,0.01,0.032120346615106106,0.2532836546023457,0.015937076152498633,,,,,,,,,,
strong_0.50__rupture_1__weak_0.25__floor_none__recipient_prediction_tilted,weak_same_lane_refusal,pres_2002,sido_11,,,,,,,,,,,,,0.015156463026965501,C,A|B,0.0172553182802303,none,prediction_tilted,0.0,0.060625852107862005,0.060625852107862005,0.25,0.045469389080896504
strong_0.50__rupture_1__weak_0.25__floor_none__recipient_prediction_tilted,weak_same_lane_refusal,pres_2002,sido_26,,,,,,,,,,,,,0.026662884697206,C,A|B,0.039818482004606,none,prediction_tilted,0.0,0.106651538788824,0.106651538788824,0.25,0.079988654091618
strong_0.50__rupture_1__weak_0.25__floor_none__recipient_prediction_tilted,weak_same_lane_refusal,pres_2002,sido_27,,,,,,,,,,,,,0.01293066379455085,C,A|B,0.0058164519761945,none,prediction_tilted,0.0,0.0517226551782034,0.0517226551782034,0.25,0.03879199138365255
strong_0.50__rupture_1__weak_0.25__floor_none__recipient_prediction_tilted,weak_same_lane_refusal,pres_2002,sido_28,,,,,,,,,,,,,0.0157001978635346,C,A|B,0.0255062904560678,none,prediction_tilted,0.0,0.0628007914541384,0.0628007914541384,0.25,0.0471005935906038
strong_0.50__rupture_1__weak_0.25__floor_none__recipient_prediction_tilted,weak_same_lane_refusal,pres_2002,sido_29,,,,,,,,,,,,,0.033675338749889996,C,A|B,0.0779749988731636,none,prediction_tilted,0.0,0.13470135499955999,0.13470135499955999,0.25,0.10102601624966999
strong_0.50__rupture_1__weak_0.25__floor_none__recipient_prediction_tilted,weak_same_lane_refusal,pres_2002,sido_30,,,,,,,,,,,,,0.018854181738812648,C,A|B,0.0189676131685742,none,prediction_tilted,0.0,0.07541672695525059,0.07541672695525059,0.25,0.05656254521643794
strong_0.50__rupture_1__weak_0.25__floor_none__recipient_prediction_tilted,weak_same_lane_refusal,pres_2002,sido_31,,,,,,,,,,,,,0.06385040761748985,C,A|B,0.3115852121639049,none,prediction_tilted,0.0,0.2554016304699594,0.2554016304699594,0.25,0.19155122285246956
strong_0.50__rupture_1__weak_0.25__floor_none__recipient_prediction_tilted,weak_same_lane_refusal,pres_2002,sido_41,,,,,,,,,,,,,0.01455510730682265,C,A|B,0.0208780312728109,none,prediction_tilted,0.0,0.0582204292272906,0.0582204292272906,0.25,0.04366532192046795
strong_0.50__rupture_1__weak_0.25__floor_none__recipient_prediction_tilted,weak_same_lane_refusal,pres_2002,sido_42,,,,,,,,,,,,,0.021611941729852452,C,A|B,0.0200289187580357,none,prediction_tilted,0.0,0.08644776691940981,0.08644776691940981,0.25,0.06483582518955736
strong_0.50__rupture_1__weak_0.25__floor_none__recipient_prediction_tilted,weak_same_lane_refusal,pres_2002,sido_43,,,,,,,,,,,,,0.018326842252004,C,A|B,0.0118716878700329,none,prediction_tilted,0.0,0.073307369008016,0.073307369008016,0.25,0.054980526756012005
strong_0.50__rupture_1__weak_0.25__floor_none__recipient_prediction_tilted,weak_same_lane_refusal,pres_2002,sido_44,,,,,,,,,,,,,0.0113510764106933,C,A|B,0.0095463081839152,none,prediction_tilted,0.0,0.0454043056427732,0.0454043056427732,0.25,0.0340532292320799
strong_0.50__rupture_1__weak_0.25__floor_none__recipient_prediction_tilted,weak_same_lane_refusal,pres_2002,sido_45,,,,,,,,,,,,,0.031913815631583145,C,A|B,0.0228231814936564,none,prediction_tilted,0.0,0.12765526252633258,0.12765526252633258,0.25,0.09574144689474944
strong_0.50__rupture_1__weak_0.25__floor_none__recipient_prediction_tilted,weak_same_lane_refusal,pres_2002,sido_46,,,,,,,,,,,,,0.0338838348079597,C,A|B,0.0132624825931937,none,prediction_tilted,0.0,0.1355353392318388,0.1355353392318388,0.25,0.1016515044238791
strong_0.50__rupture_1__weak_0.25__floor_none__recipient_prediction_tilted,weak_same_lane_refusal,pres_2002,sido_47,,,,,,,,,,,,,0.011240285925759999,C,A|B,0.0296959172831779,none,prediction_tilted,0.0,0.044961143703039996,0.044961143703039996,0.25,0.03372085777728
strong_0.50__rupture_1__weak_0.25__floor_none__recipient_prediction_tilted,weak_same_lane_refusal,pres_2002,sido_48,,,,,,,,,,,,,0.022391729857118903,C,A|B,0.0344685791555901,none,prediction_tilted,0.0,0.08956691942847561,0.08956691942847561,0.25,0.06717518957135671
strong_0.50__rupture_1__weak_0.25__floor_none__recipient_prediction_tilted,weak_same_lane_refusal,pres_2002,sido_50,,,,,,,,,,,,,0.03681425244378042,C,A|B,0.0,none,prediction_tilted,0.0,0.14725700977512168,0.14725700977512168,0.25,0.11044275733134126
strong_0.50__rupture_1__weak_0.25__floor_none__recipient_prediction_tilted,weak_same_lane_refusal,pres_2022,sido_11,,,,,,,,,,,,,0.012562248113698951,C,A|B,0.029384832583875,none,prediction_tilted,0.0,0.050248992454795804,0.050248992454795804,0.25,0.03768674434109685
strong_0.50__rupture_1__weak_0.25__floor_none__recipient_prediction_tilted,weak_same_lane_refusal,pres_2022,sido_26,,,,,,,,,,,,,0.0118299859392793,C,A|B,0.0399820977460082,none,prediction_tilted,0.0,0.0473199437571172,0.0473199437571172,0.25,0.0354899578178379
strong_0.50__rupture_1__weak_0.25__floor_none__recipient_prediction_tilted,weak_same_lane_refusal,pres_2022,sido_27,,,,,,,,,,,,,0.0089682462492505,C,A|B,0.0389354436816256,none,prediction_tilted,0.0,0.035872984997002,0.035872984997002,0.25,0.026904738747751497
strong_0.50__rupture_1__weak_0.25__floor_none__recipient_prediction_tilted,weak_same_lane_refusal,pres_2022,sido_28,,,,,,,,,,,,,0.013357958031339951,C,A|B,0.0485003528440327,none,prediction_tilted,0.0,0.053431832125359804,0.053431832125359804,0.25,0.04007387409401986
strong_0.50__rupture_1__weak_0.25__floor_none__recipient_prediction_tilted,weak_same_lane_refusal,pres_2022,sido_29,,,,,,,,,,,,,0.021172412616662598,C,A|B,0.0876883018010707,none,prediction_tilted,0.0,0.08468965046665039,0.08468965046665039,0.25,0.06351723784998779
strong_0.50__rupture_1__weak_0.25__floor_none__recipient_prediction_tilted,weak_same_lane_refusal,pres_2022,sido_30,,,,,,,,,,,,,0.0125772789220955,C,A|B,0.0287620743601844,none,prediction_tilted,0.0,0.050309115688382,0.050309115688382,0.25,0.0377318367662865
strong_0.50__rupture_1__weak_0.25__floor_none__recipient_prediction_tilted,weak_same_lane_refusal,pres_2022,sido_31,,,,,,,,,,,,,0.0255607747165258,C,A|B,0.176134143020495,none,prediction_tilted,0.0,0.1022430988661032,0.1022430988661032,0.25,0.0766823241495774
strong_0.50__rupture_1__weak_0.25__floor_none__recipient_prediction_tilted,weak_same_lane_refusal,pres_2022,sido_36,,,,,,,,,,,,,0.014941504272859351,C,A|B,0.0509430370441767,none,prediction_tilted,0.0,0.059766017091437404,0.059766017091437404,0.25,0.04482451281857805
strong_0.50__rupture_1__weak_0.25__floor_none__recipient_prediction_tilted,weak_same_lane_refusal,pres_2022,sido_41,,,,,,,,,,,,,0.011146048288238501,C,A|B,0.0359763522960836,none,prediction_tilted,0.0,0.044584193152954005,0.044584193152954005,0.25,0.033438144864715504
strong_0.50__rupture_1__weak_0.25__floor_none__recipient_prediction_tilted,weak_same_lane_refusal,pres_2022,sido_42,,,,,,,,,,,,,0.01167858631219465,C,A|B,0.0308172356117518,none,prediction_tilted,0.0,0.0467143452487786,0.0467143452487786,0.25,0.03503575893658395
strong_0.50__rupture_1__weak_0.25__floor_none__recipient_prediction_tilted,weak_same_lane_refusal,pres_2022,sido_43,,,,,,,,,,,,,0.0118335030223671,C,A|B,0.0345580698080987,none,prediction_tilted,0.0,0.0473340120894684,0.0473340120894684,0.25,0.035500509067101296
strong_0.50__rupture_1__weak_0.25__floor_none__recipient_prediction_tilted,weak_same_lane_refusal,pres_2022,sido_44,,,,,,,,,,,,,0.01175577246773285,C,A|B,0.0309340683403439,none,prediction_tilted,0.0,0.0470230898709314,0.0470230898709314,0.25,0.03526731740319855
strong_0.50__rupture_1__weak_0.25__floor_none__recipient_prediction_tilted,weak_same_lane_refusal,pres_2022,sido_45,,,,,,,,,,,,,0.01809903448965525,C,A|B,0.0459485902537228,none,prediction_tilted,0.0,0.072396137958621,0.072396137958621,0.25,0.054297103468965754
strong_0.50__rupture_1__weak_0.25__floor_none__recipient_prediction_tilted,weak_same_lane_refusal,pres_2022,sido_46,,,,,,,,,,,,,0.0179342119010936,C,A|B,0.0592373366011094,none,prediction_tilted,0.0,0.0717368476043744,0.0717368476043744,0.25,0.0538026357032808
strong_0.50__rupture_1__weak_0.25__floor_none__recipient_prediction_tilted,weak_same_lane_refusal,pres_2022,sido_47,,,,,,,,,,,,,0.008854561693840399,C,A|B,0.0343795636905044,none,prediction_tilted,0.0,0.035418246775361595,0.035418246775361595,0.25,0.026563685081521196
strong_0.50__rupture_1__weak_0.25__floor_none__recipient_prediction_tilted,weak_same_lane_refusal,pres_2022,sido_48,,,,,,,,,,,,,0.0156137634517944,C,A|B,0.0766151338961869,none,prediction_tilted,0.0,0.0624550538071776,0.0624550538071776,0.25,0.0468412903553832
strong_0.50__rupture_1__weak_0.25__floor_none__recipient_prediction_tilted,weak_same_lane_refusal,pres_2022,sido_50,,,,,,,,,,,,,0.0184190149267584,C,A|B,0.0503767176193264,none,prediction_tilted,0.0,0.0736760597070336,0.0736760597070336,0.25,0.0552570447802752
strong_0.50__rupture_1__weak_0.50__floor_candidate_ballot__recipient_affinity_only,strong_incumbent_veto,pres_2007,sido_11,A,B,0.1550560112006703,0.1830565695612803,0.6837328178902612,1.0,0.0625808920697294,0.224727422604459,-0.0,0.01,0.224727422604459,0.11575376295856316,0.007243973746374882,,,,,,,,,,
strong_0.50__rupture_1__weak_0.50__floor_candidate_ballot__recipient_affinity_only,strong_incumbent_veto,pres_2007,sido_26,A,B,0.1550560112006703,0.1830565695612803,0.6837328178902612,1.0,0.0625808920697294,0.1230144019232013,-0.0,0.01,0.1230144019232013,0.06769999442714049,0.004236726044366161,,,,,,,,,,
strong_0.50__rupture_1__weak_0.50__floor_candidate_ballot__recipient_affinity_only,strong_incumbent_veto,pres_2007,sido_27,A,B,0.1550560112006703,0.1830565695612803,0.6837328178902612,1.0,0.0625808920697294,0.0533297784427378,-0.0,0.01,0.0533297784427378,0.036548243373766096,0.002287221673911859,,,,,,,,,,
strong_0.50__rupture_1__weak_0.50__floor_candidate_ballot__recipient_affinity_only,strong_incumbent_veto,pres_2007,sido_28,A,B,0.1550560112006703,0.1830565695612803,0.6837328178902612,1.0,0.0625808920697294,0.1882964963574757,-0.0,0.01,0.1882964963574757,0.1253482410577939,0.007844404744768224,,,,,,,,,,
strong_0.50__rupture_1__weak_0.50__floor_candidate_ballot__recipient_affinity_only,strong_incumbent_veto,pres_2007,sido_29,A,B,0.1550560112006703,0.1830565695612803,0.6837328178902612,1.0,0.0625808920697294,0.5063986688693,-0.0,0.01,0.5063986688693,0.24746182449968468,0.015486381730393087,,,,,,,,,,
strong_0.50__rupture_1__weak_0.50__floor_candidate_ballot__recipient_affinity_only,strong_incumbent_veto,pres_2007,sido_30,A,B,0.1550560112006703,0.1830565695612803,0.6837328178902612,1.0,0.0625808920697294,0.1749885957265136,-0.0,0.01,0.1749885957265136,0.1550161062926277,0.009701046216968634,,,,,,,,,,
strong_0.50__rupture_1__weak_0.50__floor_candidate_ballot__recipient_affinity_only,strong_incumbent_veto,pres_2007,sido_31,A,B,0.1550560112006703,0.1830565695612803,0.6837328178902612,1.0,0.0625808920697294,0.0922216716368157,-0.0,0.01,0.0922216716368157,0.0762003677779345,0.004768686991584605,,,,,,,,,,
strong_0.50__rupture_1__weak_0.50__floor_candidate_ballot__recipient_affinity_only,strong_incumbent_veto,pres_2007,sido_41,A,B,0.1550560112006703,0.1830565695612803,0.6837328178902612,1.0,0.0625808920697294,0.1969781637048186,-0.0,0.01,0.1969781637048186,0.12484403173333555,0.007812850875453744,,,,,,,,,,
strong_0.50__rupture_1__weak_0.50__floor_candidate_ballot__recipient_affinity_only,strong_incumbent_veto,pres_2007,sido_42,A,B,0.1550560112006703,0.1830565695612803,0.6837328178902612,1.0,0.0625808920697294,0.1620964538589391,-0.0,0.01,0.1620964538589391,0.0926504884460915,0.005798150217652563,,,,,,,,,,
strong_0.50__rupture_1__weak_0.50__floor_candidate_ballot__recipient_affinity_only,strong_incumbent_veto,pres_2007,sido_43,A,B,0.1550560112006703,0.1830565695612803,0.6837328178902612,1.0,0.0625808920697294,0.1871115693451475,-0.0,0.01,0.1871115693451475,0.1250937284019757,0.007828477115724083,,,,,,,,,,
strong_0.50__rupture_1__weak_0.50__floor_candidate_ballot__recipient_affinity_only,strong_incumbent_veto,pres_2007,sido_44,A,B,0.1550560112006703,0.1830565695612803,0.6837328178902612,1.0,0.0625808920697294,0.1339414116449834,-0.0,0.01,0.1339414116449834,0.1803984259604589,0.01128949442458055,,,,,,,,,,
strong_0.50__rupture_1__weak_0.50__floor_candidate_ballot__recipient_affinity_only,strong_incumbent_veto,pres_2007,sido_45,A,B,0.1550560112006703,0.1830565695612803,0.6837328178902612,1.0,0.0625808920697294,0.5050615589935803,-0.0,0.01,0.5050615589935803,0.2489963619554737,0.015582414453290776,,,,,,,,,,
strong_0.50__rupture_1__weak_0.50__floor_candidate_ballot__recipient_affinity_only,strong_incumbent_veto,pres_2007,sido_46,A,B,0.1550560112006703,0.1830565695612803,0.6837328178902612,1.0,0.0625808920697294,0.5115021109033597,-0.0,0.01,0.5115021109033597,0.2436089090943725,0.015245262847259446,,,,,,,,,,
strong_0.50__rupture_1__weak_0.50__floor_candidate_ballot__recipient_affinity_only,strong_incumbent_veto,pres_2007,sido_47,A,B,0.1550560112006703,0.1830565695612803,0.6837328178902612,1.0,0.0625808920697294,0.0689035077128128,-0.0,0.01,0.0689035077128128,0.03689871266594581,0.0023091543548595123,,,,,,,,,,
strong_0.50__rupture_1__weak_0.50__floor_candidate_ballot__recipient_affinity_only,strong_incumbent_veto,pres_2007,sido_48,A,B,0.1550560112006703,0.1830565695612803,0.6837328178902612,1.0,0.0625808920697294,0.0994668855013218,-0.0,0.01,0.0994668855013218,0.0644903902204684,0.004035866149921866,,,,,,,,,,
strong_0.50__rupture_1__weak_0.50__floor_candidate_ballot__recipient_affinity_only,strong_incumbent_veto,pres_2007,sido_50,A,B,0.1550560112006703,0.1830565695612803,0.6837328178902612,1.0,0.0625808920697294,0.0,-0.0,0.01,0.0,0.2696919174747736,0.016877560779567178,,,,,,,,,,
strong_0.50__rupture_1__weak_0.50__floor_candidate_ballot__recipient_affinity_only,strong_incumbent_veto,pres_2017,sido_11,A,B,0.14222159439442095,0.1258437002381364,1.0,1.0,0.0629218501190682,0.2981507946412702,0.8660254037844386,0.01,0.03994463232341294,0.278981980736011,0.017554062377792057,,,,,,,,,,
strong_0.50__rupture_1__weak_0.50__floor_candidate_ballot__recipient_affinity_only,strong_incumbent_veto,pres_2017,sido_26,A,B,0.14222159439442095,0.1258437002381364,1.0,1.0,0.0629218501190682,0.3539560494922693,0.8660254037844386,0.01,0.047421118808782046,0.34186982856956366,0.021511082113485624,,,,,,,,,,
strong_0.50__rupture_1__weak_0.50__floor_candidate_ballot__recipient_affinity_only,strong_incumbent_veto,pres_2017,sido_27,A,B,0.14222159439442095,0.1258437002381364,1.0,1.0,0.0629218501190682,0.4618834178563183,0.8660254037844386,0.01,0.06188064440596367,0.4355892243398713,0.027408079887394556,,,,,,,,,,
strong_0.50__rupture_1__weak_0.50__floor_candidate_ballot__recipient_affinity_only,strong_incumbent_veto,pres_2017,sido_28,A,B,0.14222159439442095,0.1258437002381364,1.0,1.0,0.0629218501190682,0.2930148075897038,0.8660254037844386,0.01,0.03925654053201098,0.2833909071619301,0.01783148018554974,,,,,,,,,,
strong_0.50__rupture_1__weak_0.50__floor_candidate_ballot__recipient_affinity_only,strong_incumbent_veto,pres_2017,sido_29,A,B,0.14222159439442095,0.1258437002381364,1.0,1.0,0.0629218501190682,0.0341806016229801,0.8660254037844386,0.01,0.01,0.045169858892708296,0.002842171091146451,,,,,,,,,,
strong_0.50__rupture_1__weak_0.50__floor_candidate_ballot__recipient_affinity_only,strong_incumbent_veto,pres_2017,sido_30,A,B,0.14222159439442095,0.1258437002381364,1.0,1.0,0.0629218501190682,0.2396170369219419,0.8660254037844386,0.01,0.032102595767986436,0.23660045087585338,0.014887338108114405,,,,,,,,,,
strong_0.50__rupture_1__weak_0.50__floor_candidate_ballot__recipient_affinity_only,strong_incumbent_veto,pres_2017,sido_31,A,B,0.14222159439442095,0.1258437002381364,1.0,1.0,0.0629218501190682,0.3553353097157836,0.8660254037844386,0.01,0.04760590464030356,0.33924533516110666,0.02134594413260021,,,,,,,,,,
strong_0.50__rupture_1__weak_0.50__floor_candidate_ballot__recipient_affinity_only,strong_incumbent_veto,pres_2017,sido_36,A,B,0.14222159439442095,0.1258437002381364,1.0,1.0,0.0629218501190682,0.1724331995485346,0.8660254037844386,0.01,0.023101668283672248,0.20784226494522595,0.01307781984329117,,,,,,,,,,
strong_0.50__rupture_1__weak_0.50__floor_candidate_ballot__recipient_affinity_only,strong_incumbent_veto,pres_2017,sido_41,A,B,0.14222159439442095,0.1258437002381364,1.0,1.0,0.0629218501190682,0.2904867750077805,0.8660254037844386,0.01,0.038917848387628025,0.28147637098044914,0.01771101402689106,,,,,,,,,,
strong_0.50__rupture_1__weak_0.50__floor_candidate_ballot__recipient_affinity_only,strong_incumbent_veto,pres_2017,sido_42,A,B,0.14222159439442095,0.1258437002381364,1.0,1.0,0.0629218501190682,0.3376440484133232,0.8660254037844386,0.01,0.04523572505076244,0.32486433012568816,0.020441064689200043,,,,,,,,,,
strong_0.50__rupture_1__weak_0.50__floor_candidate_ballot__recipient_affinity_only,strong_incumbent_veto,pres_2017,sido_43,A,B,0.14222159439442095,0.1258437002381364,1.0,1.0,0.0629218501190682,0.2911638514975106,0.8660254037844386,0.01,0.03900855943694667,0.282309527506691,0.017763437776960975,,,,,,,,,,
strong_0.50__rupture_1__weak_0.50__floor_candidate_ballot__recipient_affinity_only,strong_incumbent_veto,pres_2017,sido_44,A,B,0.14222159439442095,0.1258437002381364,1.0,1.0,0.0629218501190682,0.2550776099850012,0.8660254037844386,0.01,0.03417391980137099,0.2518736676707936,0.01584835716612167,,,,,,,,,,
strong_0.50__rupture_1__weak_0.50__floor_candidate_ballot__recipient_affinity_only,strong_incumbent_veto,pres_2017,sido_45,A,B,0.14222159439442095,0.1258437002381364,1.0,1.0,0.0629218501190682,0.0682483484546126,0.8660254037844386,0.01,0.01,0.0835712825862142,0.005258459717148064,,,,,,,,,,
strong_0.50__rupture_1__weak_0.50__floor_candidate_ballot__recipient_affinity_only,strong_incumbent_veto,pres_2017,sido_46,A,B,0.14222159439442095,0.1258437002381364,1.0,1.0,0.0629218501190682,0.0438553923470368,0.8660254037844386,0.01,0.01,0.0540606403515208,0.0034015955095392423,,,,,,,,,,
strong_0.50__rupture_1__weak_0.50__floor_candidate_ballot__recipient_affinity_only,strong_incumbent_veto,pres_2017,sido_47,A,B,0.14222159439442095,0.1258437002381364,1.0,1.0,0.0629218501190682,0.4863134552896404,0.8660254037844386,0.01,0.06515364880662404,0.4571941982536088,0.028767504817821126,,,,,,,,,,
strong_0.50__rupture_1__weak_0.50__floor_candidate_ballot__recipient_affinity_only,strong_incumbent_veto,pres_2017,sido_48,A,B,0.14222159439442095,0.1258437002381364,1.0,1.0,0.0629218501190682,0.3752628188705947,0.8660254037844386,0.01,0.05027568463290128,0.359771080555815,0.022637462007908206,,,,,,,,,,
strong_0.50__rupture_1__weak_0.50__floor_candidate_ballot__recipient_affinity_only,strong_incumbent_veto,pres_2017,sido_50,A,B,0.14222159439442095,0.1258437002381364,1.0,1.0,0.0629218501190682,0.2397495310485979,0.8660254037844386,0.01,0.032120346615106106,0.2532836546023457,0.015937076152498633,,,,,,,,,,
strong_0.50__rupture_1__weak_0.50__floor_candidate_ballot__recipient_affinity_only,weak_same_lane_refusal,pres_2002,sido_11,,,,,,,,,,,,,0.02168526691381585,C,A,0.0172553182802303,candidate_ballot,affinity_only,0.0172553182802303,0.060625852107862005,0.0433705338276317,0.5,0.038940585194046154
strong_0.50__rupture_1__weak_0.50__floor_candidate_ballot__recipient_affinity_only,weak_same_lane_refusal,pres_2002,sido_26,,,,,,,,,,,,,0.033416528392109,C,A,0.039818482004606,candidate_ballot,affinity_only,0.039818482004606,0.106651538788824,0.066833056784218,0.5,0.073235010396715
strong_0.50__rupture_1__weak_0.50__floor_candidate_ballot__recipient_affinity_only,weak_same_lane_refusal,pres_2002,sido_27,,,,,,,,,,,,,0.02295310160100445,C,A,0.0058164519761945,candidate_ballot,affinity_only,0.0058164519761945,0.0517226551782034,0.0459062032020089,0.5,0.02876955357719895
strong_0.50__rupture_1__weak_0.50__floor_candidate_ballot__recipient_affinity_only,weak_same_lane_refusal,pres_2002,sido_28,,,,,,,,,,,,,0.018647250499035303,C,A,0.0255062904560678,candidate_ballot,affinity_only,0.0255062904560678,0.0628007914541384,0.03729450099807061,0.5,0.0441535409551031
strong_0.50__rupture_1__weak_0.50__floor_candidate_ballot__recipient_affinity_only,weak_same_lane_refusal,pres_2002,sido_29,,,,,,,,,,,,,0.028363178063198193,C,A,0.0779749988731636,candidate_ballot,affinity_only,0.0779749988731636,0.13470135499955999,0.056726356126396385,0.5,0.1063381769363618
strong_0.50__rupture_1__weak_0.50__floor_candidate_ballot__recipient_affinity_only,weak_same_lane_refusal,pres_2002,sido_30,,,,,,,,,,,,,0.028224556893338193,C,A,0.0189676131685742,candidate_ballot,affinity_only,0.0189676131685742,0.07541672695525059,0.056449113786676386,0.5,0.0471921700619124
strong_0.50__rupture_1__weak_0.50__floor_candidate_ballot__recipient_affinity_only,weak_same_lane_refusal,pres_2002,sido_41,,,,,,,,,,,,,0.01867119897723985,C,A,0.0208780312728109,candidate_ballot,affinity_only,0.0208780312728109,0.0582204292272906,0.0373423979544797,0.5,0.03954923025005075
strong_0.50__rupture_1__weak_0.50__floor_candidate_ballot__recipient_affinity_only,weak_same_lane_refusal,pres_2002,sido_42,,,,,,,,,,,,,0.033209424080687056,C,A,0.0200289187580357,candidate_ballot,affinity_only,0.0200289187580357,0.08644776691940981,0.06641884816137411,0.5,0.05323834283872275
strong_0.50__rupture_1__weak_0.50__floor_candidate_ballot__recipient_affinity_only,weak_same_lane_refusal,pres_2002,sido_43,,,,,,,,,,,,,0.03071784056899155,C,A,0.0118716878700329,candidate_ballot,affinity_only,0.0118716878700329,0.073307369008016,0.0614356811379831,0.5,0.04258952843902445
strong_0.50__rupture_1__weak_0.50__floor_candidate_ballot__recipient_affinity_only,weak_same_lane_refusal,pres_2002,sido_44,,,,,,,,,,,,,0.017928998729429,C,A,0.0095463081839152,candidate_ballot,affinity_only,0.0095463081839152,0.0454043056427732,0.035857997458858,0.5,0.0274753069133442
strong_0.50__rupture_1__weak_0.50__floor_candidate_ballot__recipient_affinity_only,weak_same_lane_refusal,pres_2002,sido_45,,,,,,,,,,,,,0.052416040516338094,C,A,0.0228231814936564,candidate_ballot,affinity_only,0.0228231814936564,0.12765526252633258,0.10483208103267619,0.5,0.07523922200999449
strong_0.50__rupture_1__weak_0.50__floor_candidate_ballot__recipient_affinity_only,weak_same_lane_refusal,pres_2002,sido_46,,,,,,,,,,,,,0.061136428319322554,C,A,0.0132624825931937,candidate_ballot,affinity_only,0.0132624825931937,0.1355353392318388,0.12227285663864511,0.5,0.07439891091251624
strong_0.50__rupture_1__weak_0.50__floor_candidate_ballot__recipient_affinity_only,weak_same_lane_refusal,pres_2002,sido_47,,,,,,,,,,,,,0.007632613209931048,C,A,0.0296959172831779,candidate_ballot,affinity_only,0.0296959172831779,0.044961143703039996,0.015265226419862096,0.5,0.03732853049310895
strong_0.50__rupture_1__weak_0.50__floor_candidate_ballot__recipient_affinity_only,weak_same_lane_refusal,pres_2002,sido_48,,,,,,,,,,,,,0.027549170136442754,C,A,0.0344685791555901,candidate_ballot,affinity_only,0.0344685791555901,0.08956691942847561,0.05509834027288551,0.5,0.06201774929203285
strong_0.50__rupture_1__weak_0.50__floor_candidate_ballot__recipient_affinity_only,weak_same_lane_refusal,pres_2002,sido_50,,,,,,,,,,,,,0.07362850488756084,C,A,0.0,candidate_ballot,affinity_only,0.0,0.14725700977512168,0.14725700977512168,0.5,0.07362850488756084
strong_0.50__rupture_1__weak_0.50__floor_candidate_ballot__recipient_affinity_only,weak_same_lane_refusal,pres_2022,sido_11,,,,,,,,,,,,,0.010432079935460402,C,B,0.029384832583875,candidate_ballot,affinity_only,0.029384832583875,0.050248992454795804,0.020864159870920804,0.5,0.039816912519335404
strong_0.50__rupture_1__weak_0.50__floor_candidate_ballot__recipient_affinity_only,weak_same_lane_refusal,pres_2022,sido_26,,,,,,,,,,,,,0.003668923005554499,C,B,0.0399820977460082,candidate_ballot,affinity_only,0.0399820977460082,0.0473199437571172,0.007337846011108998,0.5,0.0436510207515627
strong_0.50__rupture_1__weak_0.50__floor_candidate_ballot__recipient_affinity_only,weak_same_lane_refusal,pres_2022,sido_28,,,,,,,,,,,,,0.0024657396406635515,C,B,0.0485003528440327,candidate_ballot,affinity_only,0.0485003528440327,0.053431832125359804,0.004931479281327103,0.5,0.05096609248469625
strong_0.50__rupture_1__weak_0.50__floor_candidate_ballot__recipient_affinity_only,weak_same_lane_refusal,pres_2022,sido_30,,,,,,,,,,,,,0.010773520664098798,C,B,0.0287620743601844,candidate_ballot,affinity_only,0.0287620743601844,0.050309115688382,0.021547041328197597,0.5,0.0395355950242832
strong_0.50__rupture_1__weak_0.50__floor_candidate_ballot__recipient_affinity_only,weak_same_lane_refusal,pres_2022,sido_36,,,,,,,,,,,,,0.004411490023630352,C,B,0.0509430370441767,candidate_ballot,affinity_only,0.0509430370441767,0.059766017091437404,0.008822980047260703,0.5,0.05535452706780705
strong_0.50__rupture_1__weak_0.50__floor_candidate_ballot__recipient_affinity_only,weak_same_lane_refusal,pres_2022,sido_41,,,,,,,,,,,,,0.004303920428435203,C,B,0.0359763522960836,candidate_ballot,affinity_only,0.0359763522960836,0.044584193152954005,0.008607840856870407,0.5,0.0402802727245188
strong_0.50__rupture_1__weak_0.50__floor_candidate_ballot__recipient_affinity_only,weak_same_lane_refusal,pres_2022,sido_42,,,,,,,,,,,,,0.0079485548185134,C,B,0.0308172356117518,candidate_ballot,affinity_only,0.0308172356117518,0.0467143452487786,0.0158971096370268,0.5,0.0387657904302652
strong_0.50__rupture_1__weak_0.50__floor_candidate_ballot__recipient_affinity_only,weak_same_lane_refusal,pres_2022,sido_43,,,,,,,,,,,,,0.006387971140684848,C,B,0.0345580698080987,candidate_ballot,affinity_only,0.0345580698080987,0.0473340120894684,0.012775942281369697,0.5,0.040946040948783555
strong_0.50__rupture_1__weak_0.50__floor_candidate_ballot__recipient_affinity_only,weak_same_lane_refusal,pres_2022,sido_44,,,,,,,,,,,,,0.00804451076529375,C,B,0.0309340683403439,candidate_ballot,affinity_only,0.0309340683403439,0.0470230898709314,0.0160890215305875,0.5,0.03897857910563765
strong_0.50__rupture_1__weak_0.50__floor_candidate_ballot__recipient_affinity_only,weak_same_lane_refusal,pres_2022,sido_45,,,,,,,,,,,,,0.013223773852449102,C,B,0.0459485902537228,candidate_ballot,affinity_only,0.0459485902537228,0.072396137958621,0.026447547704898204,0.5,0.059172364106171896
strong_0.50__rupture_1__weak_0.50__floor_candidate_ballot__recipient_affinity_only,weak_same_lane_refusal,pres_2022,sido_46,,,,,,,,,,,,,0.006249755501632502,C,B,0.0592373366011094,candidate_ballot,affinity_only,0.0592373366011094,0.0717368476043744,0.012499511003265004,0.5,0.0654870921027419
strong_0.50__rupture_1__weak_0.50__floor_candidate_ballot__recipient_affinity_only,weak_same_lane_refusal,pres_2022,sido_47,,,,,,,,,,,,,0.0005193415424285981,C,B,0.0343795636905044,candidate_ballot,affinity_only,0.0343795636905044,0.035418246775361595,0.0010386830848571962,0.5,0.034898905232933
strong_0.50__rupture_1__weak_0.50__floor_candidate_ballot__recipient_affinity_only,weak_same_lane_refusal,pres_2022,sido_50,,,,,,,,,,,,,0.011649671043853602,C,B,0.0503767176193264,candidate_ballot,affinity_only,0.0503767176193264,0.0736760597070336,0.023299342087707203,0.5,0.06202638866318
strong_0.50__rupture_1__weak_0.50__floor_candidate_ballot__recipient_prediction_tilted,strong_incumbent_veto,pres_2007,sido_11,A,B,0.1550560112006703,0.1830565695612803,0.6837328178902612,1.0,0.0625808920697294,0.224727422604459,-0.0,0.01,0.224727422604459,0.11575376295856316,0.007243973746374882,,,,,,,,,,
strong_0.50__rupture_1__weak_0.50__floor_candidate_ballot__recipient_prediction_tilted,strong_incumbent_veto,pres_2007,sido_26,A,B,0.1550560112006703,0.1830565695612803,0.6837328178902612,1.0,0.0625808920697294,0.1230144019232013,-0.0,0.01,0.1230144019232013,0.06769999442714049,0.004236726044366161,,,,,,,,,,
strong_0.50__rupture_1__weak_0.50__floor_candidate_ballot__recipient_prediction_tilted,strong_incumbent_veto,pres_2007,sido_27,A,B,0.1550560112006703,0.1830565695612803,0.6837328178902612,1.0,0.0625808920697294,0.0533297784427378,-0.0,0.01,0.0533297784427378,0.036548243373766096,0.002287221673911859,,,,,,,,,,
strong_0.50__rupture_1__weak_0.50__floor_candidate_ballot__recipient_prediction_tilted,strong_incumbent_veto,pres_2007,sido_28,A,B,0.1550560112006703,0.1830565695612803,0.6837328178902612,1.0,0.0625808920697294,0.1882964963574757,-0.0,0.01,0.1882964963574757,0.1253482410577939,0.007844404744768224,,,,,,,,,,
strong_0.50__rupture_1__weak_0.50__floor_candidate_ballot__recipient_prediction_tilted,strong_incumbent_veto,pres_2007,sido_29,A,B,0.1550560112006703,0.1830565695612803,0.6837328178902612,1.0,0.0625808920697294,0.5063986688693,-0.0,0.01,0.5063986688693,0.24746182449968468,0.015486381730393087,,,,,,,,,,
strong_0.50__rupture_1__weak_0.50__floor_candidate_ballot__recipient_prediction_tilted,strong_incumbent_veto,pres_2007,sido_30,A,B,0.1550560112006703,0.1830565695612803,0.6837328178902612,1.0,0.0625808920697294,0.1749885957265136,-0.0,0.01,0.1749885957265136,0.1550161062926277,0.009701046216968634,,,,,,,,,,
strong_0.50__rupture_1__weak_0.50__floor_candidate_ballot__recipient_prediction_tilted,strong_incumbent_veto,pres_2007,sido_31,A,B,0.1550560112006703,0.1830565695612803,0.6837328178902612,1.0,0.0625808920697294,0.0922216716368157,-0.0,0.01,0.0922216716368157,0.0762003677779345,0.004768686991584605,,,,,,,,,,
strong_0.50__rupture_1__weak_0.50__floor_candidate_ballot__recipient_prediction_tilted,strong_incumbent_veto,pres_2007,sido_41,A,B,0.1550560112006703,0.1830565695612803,0.6837328178902612,1.0,0.0625808920697294,0.1969781637048186,-0.0,0.01,0.1969781637048186,0.12484403173333555,0.007812850875453744,,,,,,,,,,
strong_0.50__rupture_1__weak_0.50__floor_candidate_ballot__recipient_prediction_tilted,strong_incumbent_veto,pres_2007,sido_42,A,B,0.1550560112006703,0.1830565695612803,0.6837328178902612,1.0,0.0625808920697294,0.1620964538589391,-0.0,0.01,0.1620964538589391,0.0926504884460915,0.005798150217652563,,,,,,,,,,
strong_0.50__rupture_1__weak_0.50__floor_candidate_ballot__recipient_prediction_tilted,strong_incumbent_veto,pres_2007,sido_43,A,B,0.1550560112006703,0.1830565695612803,0.6837328178902612,1.0,0.0625808920697294,0.1871115693451475,-0.0,0.01,0.1871115693451475,0.1250937284019757,0.007828477115724083,,,,,,,,,,
strong_0.50__rupture_1__weak_0.50__floor_candidate_ballot__recipient_prediction_tilted,strong_incumbent_veto,pres_2007,sido_44,A,B,0.1550560112006703,0.1830565695612803,0.6837328178902612,1.0,0.0625808920697294,0.1339414116449834,-0.0,0.01,0.1339414116449834,0.1803984259604589,0.01128949442458055,,,,,,,,,,
strong_0.50__rupture_1__weak_0.50__floor_candidate_ballot__recipient_prediction_tilted,strong_incumbent_veto,pres_2007,sido_45,A,B,0.1550560112006703,0.1830565695612803,0.6837328178902612,1.0,0.0625808920697294,0.5050615589935803,-0.0,0.01,0.5050615589935803,0.2489963619554737,0.015582414453290776,,,,,,,,,,
strong_0.50__rupture_1__weak_0.50__floor_candidate_ballot__recipient_prediction_tilted,strong_incumbent_veto,pres_2007,sido_46,A,B,0.1550560112006703,0.1830565695612803,0.6837328178902612,1.0,0.0625808920697294,0.5115021109033597,-0.0,0.01,0.5115021109033597,0.2436089090943725,0.015245262847259446,,,,,,,,,,
strong_0.50__rupture_1__weak_0.50__floor_candidate_ballot__recipient_prediction_tilted,strong_incumbent_veto,pres_2007,sido_47,A,B,0.1550560112006703,0.1830565695612803,0.6837328178902612,1.0,0.0625808920697294,0.0689035077128128,-0.0,0.01,0.0689035077128128,0.03689871266594581,0.0023091543548595123,,,,,,,,,,
strong_0.50__rupture_1__weak_0.50__floor_candidate_ballot__recipient_prediction_tilted,strong_incumbent_veto,pres_2007,sido_48,A,B,0.1550560112006703,0.1830565695612803,0.6837328178902612,1.0,0.0625808920697294,0.0994668855013218,-0.0,0.01,0.0994668855013218,0.0644903902204684,0.004035866149921866,,,,,,,,,,
strong_0.50__rupture_1__weak_0.50__floor_candidate_ballot__recipient_prediction_tilted,strong_incumbent_veto,pres_2007,sido_50,A,B,0.1550560112006703,0.1830565695612803,0.6837328178902612,1.0,0.0625808920697294,0.0,-0.0,0.01,0.0,0.2696919174747736,0.016877560779567178,,,,,,,,,,
strong_0.50__rupture_1__weak_0.50__floor_candidate_ballot__recipient_prediction_tilted,strong_incumbent_veto,pres_2017,sido_11,A,B,0.14222159439442095,0.1258437002381364,1.0,1.0,0.0629218501190682,0.2981507946412702,0.8660254037844386,0.01,0.03994463232341294,0.278981980736011,0.017554062377792057,,,,,,,,,,
strong_0.50__rupture_1__weak_0.50__floor_candidate_ballot__recipient_prediction_tilted,strong_incumbent_veto,pres_2017,sido_26,A,B,0.14222159439442095,0.1258437002381364,1.0,1.0,0.0629218501190682,0.3539560494922693,0.8660254037844386,0.01,0.047421118808782046,0.34186982856956366,0.021511082113485624,,,,,,,,,,
strong_0.50__rupture_1__weak_0.50__floor_candidate_ballot__recipient_prediction_tilted,strong_incumbent_veto,pres_2017,sido_27,A,B,0.14222159439442095,0.1258437002381364,1.0,1.0,0.0629218501190682,0.4618834178563183,0.8660254037844386,0.01,0.06188064440596367,0.4355892243398713,0.027408079887394556,,,,,,,,,,
strong_0.50__rupture_1__weak_0.50__floor_candidate_ballot__recipient_prediction_tilted,strong_incumbent_veto,pres_2017,sido_28,A,B,0.14222159439442095,0.1258437002381364,1.0,1.0,0.0629218501190682,0.2930148075897038,0.8660254037844386,0.01,0.03925654053201098,0.2833909071619301,0.01783148018554974,,,,,,,,,,
strong_0.50__rupture_1__weak_0.50__floor_candidate_ballot__recipient_prediction_tilted,strong_incumbent_veto,pres_2017,sido_29,A,B,0.14222159439442095,0.1258437002381364,1.0,1.0,0.0629218501190682,0.0341806016229801,0.8660254037844386,0.01,0.01,0.045169858892708296,0.002842171091146451,,,,,,,,,,
strong_0.50__rupture_1__weak_0.50__floor_candidate_ballot__recipient_prediction_tilted,strong_incumbent_veto,pres_2017,sido_30,A,B,0.14222159439442095,0.1258437002381364,1.0,1.0,0.0629218501190682,0.2396170369219419,0.8660254037844386,0.01,0.032102595767986436,0.23660045087585338,0.014887338108114405,,,,,,,,,,
strong_0.50__rupture_1__weak_0.50__floor_candidate_ballot__recipient_prediction_tilted,strong_incumbent_veto,pres_2017,sido_31,A,B,0.14222159439442095,0.1258437002381364,1.0,1.0,0.0629218501190682,0.3553353097157836,0.8660254037844386,0.01,0.04760590464030356,0.33924533516110666,0.02134594413260021,,,,,,,,,,
strong_0.50__rupture_1__weak_0.50__floor_candidate_ballot__recipient_prediction_tilted,strong_incumbent_veto,pres_2017,sido_36,A,B,0.14222159439442095,0.1258437002381364,1.0,1.0,0.0629218501190682,0.1724331995485346,0.8660254037844386,0.01,0.023101668283672248,0.20784226494522595,0.01307781984329117,,,,,,,,,,
strong_0.50__rupture_1__weak_0.50__floor_candidate_ballot__recipient_prediction_tilted,strong_incumbent_veto,pres_2017,sido_41,A,B,0.14222159439442095,0.1258437002381364,1.0,1.0,0.0629218501190682,0.2904867750077805,0.8660254037844386,0.01,0.038917848387628025,0.28147637098044914,0.01771101402689106,,,,,,,,,,
strong_0.50__rupture_1__weak_0.50__floor_candidate_ballot__recipient_prediction_tilted,strong_incumbent_veto,pres_2017,sido_42,A,B,0.14222159439442095,0.1258437002381364,1.0,1.0,0.0629218501190682,0.3376440484133232,0.8660254037844386,0.01,0.04523572505076244,0.32486433012568816,0.020441064689200043,,,,,,,,,,
strong_0.50__rupture_1__weak_0.50__floor_candidate_ballot__recipient_prediction_tilted,strong_incumbent_veto,pres_2017,sido_43,A,B,0.14222159439442095,0.1258437002381364,1.0,1.0,0.0629218501190682,0.2911638514975106,0.8660254037844386,0.01,0.03900855943694667,0.282309527506691,0.017763437776960975,,,,,,,,,,
strong_0.50__rupture_1__weak_0.50__floor_candidate_ballot__recipient_prediction_tilted,strong_incumbent_veto,pres_2017,sido_44,A,B,0.14222159439442095,0.1258437002381364,1.0,1.0,0.0629218501190682,0.2550776099850012,0.8660254037844386,0.01,0.03417391980137099,0.2518736676707936,0.01584835716612167,,,,,,,,,,
strong_0.50__rupture_1__weak_0.50__floor_candidate_ballot__recipient_prediction_tilted,strong_incumbent_veto,pres_2017,sido_45,A,B,0.14222159439442095,0.1258437002381364,1.0,1.0,0.0629218501190682,0.0682483484546126,0.8660254037844386,0.01,0.01,0.0835712825862142,0.005258459717148064,,,,,,,,,,
strong_0.50__rupture_1__weak_0.50__floor_candidate_ballot__recipient_prediction_tilted,strong_incumbent_veto,pres_2017,sido_46,A,B,0.14222159439442095,0.1258437002381364,1.0,1.0,0.0629218501190682,0.0438553923470368,0.8660254037844386,0.01,0.01,0.0540606403515208,0.0034015955095392423,,,,,,,,,,
strong_0.50__rupture_1__weak_0.50__floor_candidate_ballot__recipient_prediction_tilted,strong_incumbent_veto,pres_2017,sido_47,A,B,0.14222159439442095,0.1258437002381364,1.0,1.0,0.0629218501190682,0.4863134552896404,0.8660254037844386,0.01,0.06515364880662404,0.4571941982536088,0.028767504817821126,,,,,,,,,,
strong_0.50__rupture_1__weak_0.50__floor_candidate_ballot__recipient_prediction_tilted,strong_incumbent_veto,pres_2017,sido_48,A,B,0.14222159439442095,0.1258437002381364,1.0,1.0,0.0629218501190682,0.3752628188705947,0.8660254037844386,0.01,0.05027568463290128,0.359771080555815,0.022637462007908206,,,,,,,,,,
strong_0.50__rupture_1__weak_0.50__floor_candidate_ballot__recipient_prediction_tilted,strong_incumbent_veto,pres_2017,sido_50,A,B,0.14222159439442095,0.1258437002381364,1.0,1.0,0.0629218501190682,0.2397495310485979,0.8660254037844386,0.01,0.032120346615106106,0.2532836546023457,0.015937076152498633,,,,,,,,,,
strong_0.50__rupture_1__weak_0.50__floor_candidate_ballot__recipient_prediction_tilted,weak_same_lane_refusal,pres_2002,sido_11,,,,,,,,,,,,,0.02168526691381585,C,A|B,0.0172553182802303,candidate_ballot,prediction_tilted,0.0172553182802303,0.060625852107862005,0.0433705338276317,0.5,0.038940585194046154
strong_0.50__rupture_1__weak_0.50__floor_candidate_ballot__recipient_prediction_tilted,weak_same_lane_refusal,pres_2002,sido_26,,,,,,,,,,,,,0.033416528392109,C,A|B,0.039818482004606,candidate_ballot,prediction_tilted,0.039818482004606,0.106651538788824,0.066833056784218,0.5,0.073235010396715
strong_0.50__rupture_1__weak_0.50__floor_candidate_ballot__recipient_prediction_tilted,weak_same_lane_refusal,pres_2002,sido_27,,,,,,,,,,,,,0.02295310160100445,C,A|B,0.0058164519761945,candidate_ballot,prediction_tilted,0.0058164519761945,0.0517226551782034,0.0459062032020089,0.5,0.02876955357719895
strong_0.50__rupture_1__weak_0.50__floor_candidate_ballot__recipient_prediction_tilted,weak_same_lane_refusal,pres_2002,sido_28,,,,,,,,,,,,,0.018647250499035303,C,A|B,0.0255062904560678,candidate_ballot,prediction_tilted,0.0255062904560678,0.0628007914541384,0.03729450099807061,0.5,0.0441535409551031
strong_0.50__rupture_1__weak_0.50__floor_candidate_ballot__recipient_prediction_tilted,weak_same_lane_refusal,pres_2002,sido_29,,,,,,,,,,,,,0.028363178063198193,C,A|B,0.0779749988731636,candidate_ballot,prediction_tilted,0.0779749988731636,0.13470135499955999,0.056726356126396385,0.5,0.1063381769363618
strong_0.50__rupture_1__weak_0.50__floor_candidate_ballot__recipient_prediction_tilted,weak_same_lane_refusal,pres_2002,sido_30,,,,,,,,,,,,,0.028224556893338193,C,A|B,0.0189676131685742,candidate_ballot,prediction_tilted,0.0189676131685742,0.07541672695525059,0.056449113786676386,0.5,0.0471921700619124
strong_0.50__rupture_1__weak_0.50__floor_candidate_ballot__recipient_prediction_tilted,weak_same_lane_refusal,pres_2002,sido_41,,,,,,,,,,,,,0.01867119897723985,C,A|B,0.0208780312728109,candidate_ballot,prediction_tilted,0.0208780312728109,0.0582204292272906,0.0373423979544797,0.5,0.03954923025005075
strong_0.50__rupture_1__weak_0.50__floor_candidate_ballot__recipient_prediction_tilted,weak_same_lane_refusal,pres_2002,sido_42,,,,,,,,,,,,,0.033209424080687056,C,A|B,0.0200289187580357,candidate_ballot,prediction_tilted,0.0200289187580357,0.08644776691940981,0.06641884816137411,0.5,0.05323834283872275
strong_0.50__rupture_1__weak_0.50__floor_candidate_ballot__recipient_prediction_tilted,weak_same_lane_refusal,pres_2002,sido_43,,,,,,,,,,,,,0.03071784056899155,C,A|B,0.0118716878700329,candidate_ballot,prediction_tilted,0.0118716878700329,0.073307369008016,0.0614356811379831,0.5,0.04258952843902445
strong_0.50__rupture_1__weak_0.50__floor_candidate_ballot__recipient_prediction_tilted,weak_same_lane_refusal,pres_2002,sido_44,,,,,,,,,,,,,0.017928998729429,C,A|B,0.0095463081839152,candidate_ballot,prediction_tilted,0.0095463081839152,0.0454043056427732,0.035857997458858,0.5,0.0274753069133442
strong_0.50__rupture_1__weak_0.50__floor_candidate_ballot__recipient_prediction_tilted,weak_same_lane_refusal,pres_2002,sido_45,,,,,,,,,,,,,0.052416040516338094,C,A|B,0.0228231814936564,candidate_ballot,prediction_tilted,0.0228231814936564,0.12765526252633258,0.10483208103267619,0.5,0.07523922200999449
strong_0.50__rupture_1__weak_0.50__floor_candidate_ballot__recipient_prediction_tilted,weak_same_lane_refusal,pres_2002,sido_46,,,,,,,,,,,,,0.061136428319322554,C,A|B,0.0132624825931937,candidate_ballot,prediction_tilted,0.0132624825931937,0.1355353392318388,0.12227285663864511,0.5,0.07439891091251624
strong_0.50__rupture_1__weak_0.50__floor_candidate_ballot__recipient_prediction_tilted,weak_same_lane_refusal,pres_2002,sido_47,,,,,,,,,,,,,0.007632613209931048,C,A|B,0.0296959172831779,candidate_ballot,prediction_tilted,0.0296959172831779,0.044961143703039996,0.015265226419862096,0.5,0.03732853049310895
strong_0.50__rupture_1__weak_0.50__floor_candidate_ballot__recipient_prediction_tilted,weak_same_lane_refusal,pres_2002,sido_48,,,,,,,,,,,,,0.027549170136442754,C,A|B,0.0344685791555901,candidate_ballot,prediction_tilted,0.0344685791555901,0.08956691942847561,0.05509834027288551,0.5,0.06201774929203285
strong_0.50__rupture_1__weak_0.50__floor_candidate_ballot__recipient_prediction_tilted,weak_same_lane_refusal,pres_2002,sido_50,,,,,,,,,,,,,0.07362850488756084,C,A|B,0.0,candidate_ballot,prediction_tilted,0.0,0.14725700977512168,0.14725700977512168,0.5,0.07362850488756084
strong_0.50__rupture_1__weak_0.50__floor_candidate_ballot__recipient_prediction_tilted,weak_same_lane_refusal,pres_2022,sido_11,,,,,,,,,,,,,0.010432079935460402,C,A|B,0.029384832583875,candidate_ballot,prediction_tilted,0.029384832583875,0.050248992454795804,0.020864159870920804,0.5,0.039816912519335404
strong_0.50__rupture_1__weak_0.50__floor_candidate_ballot__recipient_prediction_tilted,weak_same_lane_refusal,pres_2022,sido_26,,,,,,,,,,,,,0.003668923005554499,C,A|B,0.0399820977460082,candidate_ballot,prediction_tilted,0.0399820977460082,0.0473199437571172,0.007337846011108998,0.5,0.0436510207515627
strong_0.50__rupture_1__weak_0.50__floor_candidate_ballot__recipient_prediction_tilted,weak_same_lane_refusal,pres_2022,sido_28,,,,,,,,,,,,,0.0024657396406635515,C,A|B,0.0485003528440327,candidate_ballot,prediction_tilted,0.0485003528440327,0.053431832125359804,0.004931479281327103,0.5,0.05096609248469625
strong_0.50__rupture_1__weak_0.50__floor_candidate_ballot__recipient_prediction_tilted,weak_same_lane_refusal,pres_2022,sido_30,,,,,,,,,,,,,0.010773520664098798,C,A|B,0.0287620743601844,candidate_ballot,prediction_tilted,0.0287620743601844,0.050309115688382,0.021547041328197597,0.5,0.0395355950242832
strong_0.50__rupture_1__weak_0.50__floor_candidate_ballot__recipient_prediction_tilted,weak_same_lane_refusal,pres_2022,sido_36,,,,,,,,,,,,,0.004411490023630352,C,A|B,0.0509430370441767,candidate_ballot,prediction_tilted,0.0509430370441767,0.059766017091437404,0.008822980047260703,0.5,0.05535452706780705
strong_0.50__rupture_1__weak_0.50__floor_candidate_ballot__recipient_prediction_tilted,weak_same_lane_refusal,pres_2022,sido_41,,,,,,,,,,,,,0.004303920428435203,C,A|B,0.0359763522960836,candidate_ballot,prediction_tilted,0.0359763522960836,0.044584193152954005,0.008607840856870407,0.5,0.0402802727245188
strong_0.50__rupture_1__weak_0.50__floor_candidate_ballot__recipient_prediction_tilted,weak_same_lane_refusal,pres_2022,sido_42,,,,,,,,,,,,,0.0079485548185134,C,A|B,0.0308172356117518,candidate_ballot,prediction_tilted,0.0308172356117518,0.0467143452487786,0.0158971096370268,0.5,0.0387657904302652
strong_0.50__rupture_1__weak_0.50__floor_candidate_ballot__recipient_prediction_tilted,weak_same_lane_refusal,pres_2022,sido_43,,,,,,,,,,,,,0.006387971140684848,C,A|B,0.0345580698080987,candidate_ballot,prediction_tilted,0.0345580698080987,0.0473340120894684,0.012775942281369697,0.5,0.040946040948783555
strong_0.50__rupture_1__weak_0.50__floor_candidate_ballot__recipient_prediction_tilted,weak_same_lane_refusal,pres_2022,sido_44,,,,,,,,,,,,,0.00804451076529375,C,A|B,0.0309340683403439,candidate_ballot,prediction_tilted,0.0309340683403439,0.0470230898709314,0.0160890215305875,0.5,0.03897857910563765
strong_0.50__rupture_1__weak_0.50__floor_candidate_ballot__recipient_prediction_tilted,weak_same_lane_refusal,pres_2022,sido_45,,,,,,,,,,,,,0.013223773852449102,C,A|B,0.0459485902537228,candidate_ballot,prediction_tilted,0.0459485902537228,0.072396137958621,0.026447547704898204,0.5,0.059172364106171896
strong_0.50__rupture_1__weak_0.50__floor_candidate_ballot__recipient_prediction_tilted,weak_same_lane_refusal,pres_2022,sido_46,,,,,,,,,,,,,0.006249755501632502,C,A|B,0.0592373366011094,candidate_ballot,prediction_tilted,0.0592373366011094,0.0717368476043744,0.012499511003265004,0.5,0.0654870921027419
strong_0.50__rupture_1__weak_0.50__floor_candidate_ballot__recipient_prediction_tilted,weak_same_lane_refusal,pres_2022,sido_47,,,,,,,,,,,,,0.0005193415424285981,C,A|B,0.0343795636905044,candidate_ballot,prediction_tilted,0.0343795636905044,0.035418246775361595,0.0010386830848571962,0.5,0.034898905232933
strong_0.50__rupture_1__weak_0.50__floor_candidate_ballot__recipient_prediction_tilted,weak_same_lane_refusal,pres_2022,sido_50,,,,,,,,,,,,,0.011649671043853602,C,A|B,0.0503767176193264,candidate_ballot,prediction_tilted,0.0503767176193264,0.0736760597070336,0.023299342087707203,0.5,0.06202638866318
strong_0.50__rupture_1__weak_0.50__floor_theoretical__recipient_affinity_only,strong_incumbent_veto,pres_2007,sido_11,A,B,0.1550560112006703,0.1830565695612803,0.6837328178902612,1.0,0.0625808920697294,0.224727422604459,-0.0,0.01,0.224727422604459,0.11575376295856316,0.007243973746374882,,,,,,,,,,
strong_0.50__rupture_1__weak_0.50__floor_theoretical__recipient_affinity_only,strong_incumbent_veto,pres_2007,sido_26,A,B,0.1550560112006703,0.1830565695612803,0.6837328178902612,1.0,0.0625808920697294,0.1230144019232013,-0.0,0.01,0.1230144019232013,0.06769999442714049,0.004236726044366161,,,,,,,,,,
strong_0.50__rupture_1__weak_0.50__floor_theoretical__recipient_affinity_only,strong_incumbent_veto,pres_2007,sido_27,A,B,0.1550560112006703,0.1830565695612803,0.6837328178902612,1.0,0.0625808920697294,0.0533297784427378,-0.0,0.01,0.0533297784427378,0.036548243373766096,0.002287221673911859,,,,,,,,,,
strong_0.50__rupture_1__weak_0.50__floor_theoretical__recipient_affinity_only,strong_incumbent_veto,pres_2007,sido_28,A,B,0.1550560112006703,0.1830565695612803,0.6837328178902612,1.0,0.0625808920697294,0.1882964963574757,-0.0,0.01,0.1882964963574757,0.1253482410577939,0.007844404744768224,,,,,,,,,,
strong_0.50__rupture_1__weak_0.50__floor_theoretical__recipient_affinity_only,strong_incumbent_veto,pres_2007,sido_29,A,B,0.1550560112006703,0.1830565695612803,0.6837328178902612,1.0,0.0625808920697294,0.5063986688693,-0.0,0.01,0.5063986688693,0.24746182449968468,0.015486381730393087,,,,,,,,,,
strong_0.50__rupture_1__weak_0.50__floor_theoretical__recipient_affinity_only,strong_incumbent_veto,pres_2007,sido_30,A,B,0.1550560112006703,0.1830565695612803,0.6837328178902612,1.0,0.0625808920697294,0.1749885957265136,-0.0,0.01,0.1749885957265136,0.1550161062926277,0.009701046216968634,,,,,,,,,,
strong_0.50__rupture_1__weak_0.50__floor_theoretical__recipient_affinity_only,strong_incumbent_veto,pres_2007,sido_31,A,B,0.1550560112006703,0.1830565695612803,0.6837328178902612,1.0,0.0625808920697294,0.0922216716368157,-0.0,0.01,0.0922216716368157,0.0762003677779345,0.004768686991584605,,,,,,,,,,
strong_0.50__rupture_1__weak_0.50__floor_theoretical__recipient_affinity_only,strong_incumbent_veto,pres_2007,sido_41,A,B,0.1550560112006703,0.1830565695612803,0.6837328178902612,1.0,0.0625808920697294,0.1969781637048186,-0.0,0.01,0.1969781637048186,0.12484403173333555,0.007812850875453744,,,,,,,,,,
strong_0.50__rupture_1__weak_0.50__floor_theoretical__recipient_affinity_only,strong_incumbent_veto,pres_2007,sido_42,A,B,0.1550560112006703,0.1830565695612803,0.6837328178902612,1.0,0.0625808920697294,0.1620964538589391,-0.0,0.01,0.1620964538589391,0.0926504884460915,0.005798150217652563,,,,,,,,,,
strong_0.50__rupture_1__weak_0.50__floor_theoretical__recipient_affinity_only,strong_incumbent_veto,pres_2007,sido_43,A,B,0.1550560112006703,0.1830565695612803,0.6837328178902612,1.0,0.0625808920697294,0.1871115693451475,-0.0,0.01,0.1871115693451475,0.1250937284019757,0.007828477115724083,,,,,,,,,,
strong_0.50__rupture_1__weak_0.50__floor_theoretical__recipient_affinity_only,strong_incumbent_veto,pres_2007,sido_44,A,B,0.1550560112006703,0.1830565695612803,0.6837328178902612,1.0,0.0625808920697294,0.1339414116449834,-0.0,0.01,0.1339414116449834,0.1803984259604589,0.01128949442458055,,,,,,,,,,
strong_0.50__rupture_1__weak_0.50__floor_theoretical__recipient_affinity_only,strong_incumbent_veto,pres_2007,sido_45,A,B,0.1550560112006703,0.1830565695612803,0.6837328178902612,1.0,0.0625808920697294,0.5050615589935803,-0.0,0.01,0.5050615589935803,0.2489963619554737,0.015582414453290776,,,,,,,,,,
strong_0.50__rupture_1__weak_0.50__floor_theoretical__recipient_affinity_only,strong_incumbent_veto,pres_2007,sido_46,A,B,0.1550560112006703,0.1830565695612803,0.6837328178902612,1.0,0.0625808920697294,0.5115021109033597,-0.0,0.01,0.5115021109033597,0.2436089090943725,0.015245262847259446,,,,,,,,,,
strong_0.50__rupture_1__weak_0.50__floor_theoretical__recipient_affinity_only,strong_incumbent_veto,pres_2007,sido_47,A,B,0.1550560112006703,0.1830565695612803,0.6837328178902612,1.0,0.0625808920697294,0.0689035077128128,-0.0,0.01,0.0689035077128128,0.03689871266594581,0.0023091543548595123,,,,,,,,,,
strong_0.50__rupture_1__weak_0.50__floor_theoretical__recipient_affinity_only,strong_incumbent_veto,pres_2007,sido_48,A,B,0.1550560112006703,0.1830565695612803,0.6837328178902612,1.0,0.0625808920697294,0.0994668855013218,-0.0,0.01,0.0994668855013218,0.0644903902204684,0.004035866149921866,,,,,,,,,,
strong_0.50__rupture_1__weak_0.50__floor_theoretical__recipient_affinity_only,strong_incumbent_veto,pres_2007,sido_50,A,B,0.1550560112006703,0.1830565695612803,0.6837328178902612,1.0,0.0625808920697294,0.0,-0.0,0.01,0.0,0.2696919174747736,0.016877560779567178,,,,,,,,,,
strong_0.50__rupture_1__weak_0.50__floor_theoretical__recipient_affinity_only,strong_incumbent_veto,pres_2017,sido_11,A,B,0.14222159439442095,0.1258437002381364,1.0,1.0,0.0629218501190682,0.2981507946412702,0.8660254037844386,0.01,0.03994463232341294,0.278981980736011,0.017554062377792057,,,,,,,,,,
strong_0.50__rupture_1__weak_0.50__floor_theoretical__recipient_affinity_only,strong_incumbent_veto,pres_2017,sido_26,A,B,0.14222159439442095,0.1258437002381364,1.0,1.0,0.0629218501190682,0.3539560494922693,0.8660254037844386,0.01,0.047421118808782046,0.34186982856956366,0.021511082113485624,,,,,,,,,,
strong_0.50__rupture_1__weak_0.50__floor_theoretical__recipient_affinity_only,strong_incumbent_veto,pres_2017,sido_27,A,B,0.14222159439442095,0.1258437002381364,1.0,1.0,0.0629218501190682,0.4618834178563183,0.8660254037844386,0.01,0.06188064440596367,0.4355892243398713,0.027408079887394556,,,,,,,,,,
strong_0.50__rupture_1__weak_0.50__floor_theoretical__recipient_affinity_only,strong_incumbent_veto,pres_2017,sido_28,A,B,0.14222159439442095,0.1258437002381364,1.0,1.0,0.0629218501190682,0.2930148075897038,0.8660254037844386,0.01,0.03925654053201098,0.2833909071619301,0.01783148018554974,,,,,,,,,,
strong_0.50__rupture_1__weak_0.50__floor_theoretical__recipient_affinity_only,strong_incumbent_veto,pres_2017,sido_29,A,B,0.14222159439442095,0.1258437002381364,1.0,1.0,0.0629218501190682,0.0341806016229801,0.8660254037844386,0.01,0.01,0.045169858892708296,0.002842171091146451,,,,,,,,,,
strong_0.50__rupture_1__weak_0.50__floor_theoretical__recipient_affinity_only,strong_incumbent_veto,pres_2017,sido_30,A,B,0.14222159439442095,0.1258437002381364,1.0,1.0,0.0629218501190682,0.2396170369219419,0.8660254037844386,0.01,0.032102595767986436,0.23660045087585338,0.014887338108114405,,,,,,,,,,
strong_0.50__rupture_1__weak_0.50__floor_theoretical__recipient_affinity_only,strong_incumbent_veto,pres_2017,sido_31,A,B,0.14222159439442095,0.1258437002381364,1.0,1.0,0.0629218501190682,0.3553353097157836,0.8660254037844386,0.01,0.04760590464030356,0.33924533516110666,0.02134594413260021,,,,,,,,,,
strong_0.50__rupture_1__weak_0.50__floor_theoretical__recipient_affinity_only,strong_incumbent_veto,pres_2017,sido_36,A,B,0.14222159439442095,0.1258437002381364,1.0,1.0,0.0629218501190682,0.1724331995485346,0.8660254037844386,0.01,0.023101668283672248,0.20784226494522595,0.01307781984329117,,,,,,,,,,
strong_0.50__rupture_1__weak_0.50__floor_theoretical__recipient_affinity_only,strong_incumbent_veto,pres_2017,sido_41,A,B,0.14222159439442095,0.1258437002381364,1.0,1.0,0.0629218501190682,0.2904867750077805,0.8660254037844386,0.01,0.038917848387628025,0.28147637098044914,0.01771101402689106,,,,,,,,,,
strong_0.50__rupture_1__weak_0.50__floor_theoretical__recipient_affinity_only,strong_incumbent_veto,pres_2017,sido_42,A,B,0.14222159439442095,0.1258437002381364,1.0,1.0,0.0629218501190682,0.3376440484133232,0.8660254037844386,0.01,0.04523572505076244,0.32486433012568816,0.020441064689200043,,,,,,,,,,
strong_0.50__rupture_1__weak_0.50__floor_theoretical__recipient_affinity_only,strong_incumbent_veto,pres_2017,sido_43,A,B,0.14222159439442095,0.1258437002381364,1.0,1.0,0.0629218501190682,0.2911638514975106,0.8660254037844386,0.01,0.03900855943694667,0.282309527506691,0.017763437776960975,,,,,,,,,,
strong_0.50__rupture_1__weak_0.50__floor_theoretical__recipient_affinity_only,strong_incumbent_veto,pres_2017,sido_44,A,B,0.14222159439442095,0.1258437002381364,1.0,1.0,0.0629218501190682,0.2550776099850012,0.8660254037844386,0.01,0.03417391980137099,0.2518736676707936,0.01584835716612167,,,,,,,,,,
strong_0.50__rupture_1__weak_0.50__floor_theoretical__recipient_affinity_only,strong_incumbent_veto,pres_2017,sido_45,A,B,0.14222159439442095,0.1258437002381364,1.0,1.0,0.0629218501190682,0.0682483484546126,0.8660254037844386,0.01,0.01,0.0835712825862142,0.005258459717148064,,,,,,,,,,
strong_0.50__rupture_1__weak_0.50__floor_theoretical__recipient_affinity_only,strong_incumbent_veto,pres_2017,sido_46,A,B,0.14222159439442095,0.1258437002381364,1.0,1.0,0.0629218501190682,0.0438553923470368,0.8660254037844386,0.01,0.01,0.0540606403515208,0.0034015955095392423,,,,,,,,,,
strong_0.50__rupture_1__weak_0.50__floor_theoretical__recipient_affinity_only,strong_incumbent_veto,pres_2017,sido_47,A,B,0.14222159439442095,0.1258437002381364,1.0,1.0,0.0629218501190682,0.4863134552896404,0.8660254037844386,0.01,0.06515364880662404,0.4571941982536088,0.028767504817821126,,,,,,,,,,
strong_0.50__rupture_1__weak_0.50__floor_theoretical__recipient_affinity_only,strong_incumbent_veto,pres_2017,sido_48,A,B,0.14222159439442095,0.1258437002381364,1.0,1.0,0.0629218501190682,0.3752628188705947,0.8660254037844386,0.01,0.05027568463290128,0.359771080555815,0.022637462007908206,,,,,,,,,,
strong_0.50__rupture_1__weak_0.50__floor_theoretical__recipient_affinity_only,strong_incumbent_veto,pres_2017,sido_50,A,B,0.14222159439442095,0.1258437002381364,1.0,1.0,0.0629218501190682,0.2397495310485979,0.8660254037844386,0.01,0.032120346615106106,0.2532836546023457,0.015937076152498633,,,,,,,,,,
strong_0.50__rupture_1__weak_0.50__floor_theoretical__recipient_affinity_only,weak_same_lane_refusal,pres_2002,sido_11,,,,,,,,,,,,,0.025312926053931,C,A,0.0172553182802303,theoretical,affinity_only,0.01,0.060625852107862005,0.050625852107862,0.5,0.03531292605393101
strong_0.50__rupture_1__weak_0.50__floor_theoretical__recipient_affinity_only,weak_same_lane_refusal,pres_2002,sido_26,,,,,,,,,,,,,0.048325769394412,C,A,0.039818482004606,theoretical,affinity_only,0.01,0.106651538788824,0.096651538788824,0.5,0.058325769394411996
strong_0.50__rupture_1__weak_0.50__floor_theoretical__recipient_affinity_only,weak_same_lane_refusal,pres_2002,sido_27,,,,,,,,,,,,,0.0208613275891017,C,A,0.0058164519761945,theoretical,affinity_only,0.01,0.0517226551782034,0.0417226551782034,0.5,0.030861327589101702
strong_0.50__rupture_1__weak_0.50__floor_theoretical__recipient_affinity_only,weak_same_lane_refusal,pres_2002,sido_28,,,,,,,,,,,,,0.0264003957270692,C,A,0.0255062904560678,theoretical,affinity_only,0.01,0.0628007914541384,0.0528007914541384,0.5,0.0364003957270692
strong_0.50__rupture_1__weak_0.50__floor_theoretical__recipient_affinity_only,weak_same_lane_refusal,pres_2002,sido_29,,,,,,,,,,,,,0.062350677499779995,C,A,0.0779749988731636,theoretical,affinity_only,0.01,0.13470135499955999,0.12470135499955999,0.5,0.07235067749978
strong_0.50__rupture_1__weak_0.50__floor_theoretical__recipient_affinity_only,weak_same_lane_refusal,pres_2002,sido_30,,,,,,,,,,,,,0.0327083634776253,C,A,0.0189676131685742,theoretical,affinity_only,0.01,0.07541672695525059,0.0654167269552506,0.5,0.04270836347762529
strong_0.50__rupture_1__weak_0.50__floor_theoretical__recipient_affinity_only,weak_same_lane_refusal,pres_2002,sido_31,,,,,,,,,,,,,0.1227008152349797,C,A,0.3115852121639049,theoretical,affinity_only,0.01,0.2554016304699594,0.2454016304699594,0.5,0.1327008152349797
strong_0.50__rupture_1__weak_0.50__floor_theoretical__recipient_affinity_only,weak_same_lane_refusal,pres_2002,sido_41,,,,,,,,,,,,,0.0241102146136453,C,A,0.0208780312728109,theoretical,affinity_only,0.01,0.0582204292272906,0.0482204292272906,0.5,0.0341102146136453
strong_0.50__rupture_1__weak_0.50__floor_theoretical__recipient_affinity_only,weak_same_lane_refusal,pres_2002,sido_42,,,,,,,,,,,,,0.038223883459704906,C,A,0.0200289187580357,theoretical,affinity_only,0.01,0.08644776691940981,0.07644776691940981,0.5,0.0482238834597049
strong_0.50__rupture_1__weak_0.50__floor_theoretical__recipient_affinity_only,weak_same_lane_refusal,pres_2002,sido_43,,,,,,,,,,,,,0.031653684504008,C,A,0.0118716878700329,theoretical,affinity_only,0.01,0.073307369008016,0.063307369008016,0.5,0.041653684504008
strong_0.50__rupture_1__weak_0.50__floor_theoretical__recipient_affinity_only,weak_same_lane_refusal,pres_2002,sido_44,,,,,,,,,,,,,0.0177021528213866,C,A,0.0095463081839152,theoretical,affinity_only,0.01,0.0454043056427732,0.0354043056427732,0.5,0.027702152821386602
strong_0.50__rupture_1__weak_0.50__floor_theoretical__recipient_affinity_only,weak_same_lane_refusal,pres_2002,sido_45,,,,,,,,,,,,,0.05882763126316629,C,A,0.0228231814936564,theoretical,affinity_only,0.01,0.12765526252633258,0.11765526252633259,0.5,0.0688276312631663
strong_0.50__rupture_1__weak_0.50__floor_theoretical__recipient_affinity_only,weak_same_lane_refusal,pres_2002,sido_46,,,,,,,,,,,,,0.0627676696159194,C,A,0.0132624825931937,theoretical,affinity_only,0.01,0.1355353392318388,0.1255353392318388,0.5,0.0727676696159194
strong_0.50__rupture_1__weak_0.50__floor_theoretical__recipient_affinity_only,weak_same_lane_refusal,pres_2002,sido_47,,,,,,,,,,,,,0.017480571851519997,C,A,0.0296959172831779,theoretical,affinity_only,0.01,0.044961143703039996,0.034961143703039994,0.5,0.02748057185152
strong_0.50__rupture_1__weak_0.50__floor_theoretical__recipient_affinity_only,weak_same_lane_refusal,pres_2002,sido_48,,,,,,,,,,,,,0.03978345971423781,C,A,0.0344685791555901,theoretical,affinity_only,0.01,0.08956691942847561,0.07956691942847562,0.5,0.0497834597142378
strong_0.50__rupture_1__weak_0.50__floor_theoretical__recipient_affinity_only,weak_same_lane_refusal,pres_2002,sido_50,,,,,,,,,,,,,0.06862850488756084,C,A,0.0,theoretical,affinity_only,0.01,0.14725700977512168,0.13725700977512167,0.5,0.07862850488756085
strong_0.50__rupture_1__weak_0.50__floor_theoretical__recipient_affinity_only,weak_same_lane_refusal,pres_2022,sido_11,,,,,,,,,,,,,0.0201244962273979,C,B,0.029384832583875,theoretical,affinity_only,0.01,0.050248992454795804,0.0402489924547958,0.5,0.030124496227397903
strong_0.50__rupture_1__weak_0.50__floor_theoretical__recipient_affinity_only,weak_same_lane_refusal,pres_2022,sido_26,,,,,,,,,,,,,0.0186599718785586,C,B,0.0399820977460082,theoretical,affinity_only,0.01,0.0473199437571172,0.0373199437571172,0.5,0.0286599718785586
strong_0.50__rupture_1__weak_0.50__floor_theoretical__recipient_affinity_only,weak_same_lane_refusal,pres_2022,sido_27,,,,,,,,,,,,,0.012936492498500998,C,B,0.0389354436816256,theoretical,affinity_only,0.01,0.035872984997002,0.025872984997001996,0.5,0.022936492498501
strong_0.50__rupture_1__weak_0.50__floor_theoretical__recipient_affinity_only,weak_same_lane_refusal,pres_2022,sido_28,,,,,,,,,,,,,0.0217159160626799,C,B,0.0485003528440327,theoretical,affinity_only,0.01,0.053431832125359804,0.0434318321253598,0.5,0.0317159160626799
strong_0.50__rupture_1__weak_0.50__floor_theoretical__recipient_affinity_only,weak_same_lane_refusal,pres_2022,sido_29,,,,,,,,,,,,,0.0373448252333252,C,B,0.0876883018010707,theoretical,affinity_only,0.01,0.08468965046665039,0.0746896504666504,0.5,0.04734482523332519
strong_0.50__rupture_1__weak_0.50__floor_theoretical__recipient_affinity_only,weak_same_lane_refusal,pres_2022,sido_30,,,,,,,,,,,,,0.020154557844191,C,B,0.0287620743601844,theoretical,affinity_only,0.01,0.050309115688382,0.040309115688382,0.5,0.030154557844191
strong_0.50__rupture_1__weak_0.50__floor_theoretical__recipient_affinity_only,weak_same_lane_refusal,pres_2022,sido_31,,,,,,,,,,,,,0.0461215494330516,C,B,0.176134143020495,theoretical,affinity_only,0.01,0.1022430988661032,0.0922430988661032,0.5,0.056121549433051594
strong_0.50__rupture_1__weak_0.50__floor_theoretical__recipient_affinity_only,weak_same_lane_refusal,pres_2022,sido_36,,,,,,,,,,,,,0.0248830085457187,C,B,0.0509430370441767,theoretical,affinity_only,0.01,0.059766017091437404,0.0497660170914374,0.5,0.0348830085457187
strong_0.50__rupture_1__weak_0.50__floor_theoretical__recipient_affinity_only,weak_same_lane_refusal,pres_2022,sido_41,,,,,,,,,,,,,0.017292096576477,C,B,0.0359763522960836,theoretical,affinity_only,0.01,0.044584193152954005,0.034584193152954,0.5,0.027292096576477003
strong_0.50__rupture_1__weak_0.50__floor_theoretical__recipient_affinity_only,weak_same_lane_refusal,pres_2022,sido_42,,,,,,,,,,,,,0.0183571726243893,C,B,0.0308172356117518,theoretical,affinity_only,0.01,0.0467143452487786,0.0367143452487786,0.5,0.0283571726243893
strong_0.50__rupture_1__weak_0.50__floor_theoretical__recipient_affinity_only,weak_same_lane_refusal,pres_2022,sido_43,,,,,,,,,,,,,0.0186670060447342,C,B,0.0345580698080987,theoretical,affinity_only,0.01,0.0473340120894684,0.0373340120894684,0.5,0.0286670060447342
strong_0.50__rupture_1__weak_0.50__floor_theoretical__recipient_affinity_only,weak_same_lane_refusal,pres_2022,sido_44,,,,,,,,,,,,,0.0185115449354657,C,B,0.0309340683403439,theoretical,affinity_only,0.01,0.0470230898709314,0.0370230898709314,0.5,0.0285115449354657
strong_0.50__rupture_1__weak_0.50__floor_theoretical__recipient_affinity_only,weak_same_lane_refusal,pres_2022,sido_45,,,,,,,,,,,,,0.0311980689793105,C,B,0.0459485902537228,theoretical,affinity_only,0.01,0.072396137958621,0.062396137958621,0.5,0.0411980689793105
strong_0.50__rupture_1__weak_0.50__floor_theoretical__recipient_affinity_only,weak_same_lane_refusal,pres_2022,sido_46,,,,,,,,,,,,,0.0308684238021872,C,B,0.0592373366011094,theoretical,affinity_only,0.01,0.0717368476043744,0.0617368476043744,0.5,0.040868423802187206
strong_0.50__rupture_1__weak_0.50__floor_theoretical__recipient_affinity_only,weak_same_lane_refusal,pres_2022,sido_47,,,,,,,,,,,,,0.012709123387680796,C,B,0.0343795636905044,theoretical,affinity_only,0.01,0.035418246775361595,0.025418246775361593,0.5,0.0227091233876808
strong_0.50__rupture_1__weak_0.50__floor_theoretical__recipient_affinity_only,weak_same_lane_refusal,pres_2022,sido_48,,,,,,,,,,,,,0.0262275269035888,C,B,0.0766151338961869,theoretical,affinity_only,0.01,0.0624550538071776,0.0524550538071776,0.5,0.0362275269035888
strong_0.50__rupture_1__weak_0.50__floor_theoretical__recipient_affinity_only,weak_same_lane_refusal,pres_2022,sido_50,,,,,,,,,,,,,0.0318380298535168,C,B,0.0503767176193264,theoretical,affinity_only,0.01,0.0736760597070336,0.0636760597070336,0.5,0.0418380298535168
strong_0.50__rupture_1__weak_0.50__floor_theoretical__recipient_prediction_tilted,strong_incumbent_veto,pres_2007,sido_11,A,B,0.1550560112006703,0.1830565695612803,0.6837328178902612,1.0,0.0625808920697294,0.224727422604459,-0.0,0.01,0.224727422604459,0.11575376295856316,0.007243973746374882,,,,,,,,,,
strong_0.50__rupture_1__weak_0.50__floor_theoretical__recipient_prediction_tilted,strong_incumbent_veto,pres_2007,sido_26,A,B,0.1550560112006703,0.1830565695612803,0.6837328178902612,1.0,0.0625808920697294,0.1230144019232013,-0.0,0.01,0.1230144019232013,0.06769999442714049,0.004236726044366161,,,,,,,,,,
strong_0.50__rupture_1__weak_0.50__floor_theoretical__recipient_prediction_tilted,strong_incumbent_veto,pres_2007,sido_27,A,B,0.1550560112006703,0.1830565695612803,0.6837328178902612,1.0,0.0625808920697294,0.0533297784427378,-0.0,0.01,0.0533297784427378,0.036548243373766096,0.002287221673911859,,,,,,,,,,
strong_0.50__rupture_1__weak_0.50__floor_theoretical__recipient_prediction_tilted,strong_incumbent_veto,pres_2007,sido_28,A,B,0.1550560112006703,0.1830565695612803,0.6837328178902612,1.0,0.0625808920697294,0.1882964963574757,-0.0,0.01,0.1882964963574757,0.1253482410577939,0.007844404744768224,,,,,,,,,,
strong_0.50__rupture_1__weak_0.50__floor_theoretical__recipient_prediction_tilted,strong_incumbent_veto,pres_2007,sido_29,A,B,0.1550560112006703,0.1830565695612803,0.6837328178902612,1.0,0.0625808920697294,0.5063986688693,-0.0,0.01,0.5063986688693,0.24746182449968468,0.015486381730393087,,,,,,,,,,
strong_0.50__rupture_1__weak_0.50__floor_theoretical__recipient_prediction_tilted,strong_incumbent_veto,pres_2007,sido_30,A,B,0.1550560112006703,0.1830565695612803,0.6837328178902612,1.0,0.0625808920697294,0.1749885957265136,-0.0,0.01,0.1749885957265136,0.1550161062926277,0.009701046216968634,,,,,,,,,,
strong_0.50__rupture_1__weak_0.50__floor_theoretical__recipient_prediction_tilted,strong_incumbent_veto,pres_2007,sido_31,A,B,0.1550560112006703,0.1830565695612803,0.6837328178902612,1.0,0.0625808920697294,0.0922216716368157,-0.0,0.01,0.0922216716368157,0.0762003677779345,0.004768686991584605,,,,,,,,,,
strong_0.50__rupture_1__weak_0.50__floor_theoretical__recipient_prediction_tilted,strong_incumbent_veto,pres_2007,sido_41,A,B,0.1550560112006703,0.1830565695612803,0.6837328178902612,1.0,0.0625808920697294,0.1969781637048186,-0.0,0.01,0.1969781637048186,0.12484403173333555,0.007812850875453744,,,,,,,,,,
strong_0.50__rupture_1__weak_0.50__floor_theoretical__recipient_prediction_tilted,strong_incumbent_veto,pres_2007,sido_42,A,B,0.1550560112006703,0.1830565695612803,0.6837328178902612,1.0,0.0625808920697294,0.1620964538589391,-0.0,0.01,0.1620964538589391,0.0926504884460915,0.005798150217652563,,,,,,,,,,
strong_0.50__rupture_1__weak_0.50__floor_theoretical__recipient_prediction_tilted,strong_incumbent_veto,pres_2007,sido_43,A,B,0.1550560112006703,0.1830565695612803,0.6837328178902612,1.0,0.0625808920697294,0.1871115693451475,-0.0,0.01,0.1871115693451475,0.1250937284019757,0.007828477115724083,,,,,,,,,,
strong_0.50__rupture_1__weak_0.50__floor_theoretical__recipient_prediction_tilted,strong_incumbent_veto,pres_2007,sido_44,A,B,0.1550560112006703,0.1830565695612803,0.6837328178902612,1.0,0.0625808920697294,0.1339414116449834,-0.0,0.01,0.1339414116449834,0.1803984259604589,0.01128949442458055,,,,,,,,,,
strong_0.50__rupture_1__weak_0.50__floor_theoretical__recipient_prediction_tilted,strong_incumbent_veto,pres_2007,sido_45,A,B,0.1550560112006703,0.1830565695612803,0.6837328178902612,1.0,0.0625808920697294,0.5050615589935803,-0.0,0.01,0.5050615589935803,0.2489963619554737,0.015582414453290776,,,,,,,,,,
strong_0.50__rupture_1__weak_0.50__floor_theoretical__recipient_prediction_tilted,strong_incumbent_veto,pres_2007,sido_46,A,B,0.1550560112006703,0.1830565695612803,0.6837328178902612,1.0,0.0625808920697294,0.5115021109033597,-0.0,0.01,0.5115021109033597,0.2436089090943725,0.015245262847259446,,,,,,,,,,
strong_0.50__rupture_1__weak_0.50__floor_theoretical__recipient_prediction_tilted,strong_incumbent_veto,pres_2007,sido_47,A,B,0.1550560112006703,0.1830565695612803,0.6837328178902612,1.0,0.0625808920697294,0.0689035077128128,-0.0,0.01,0.0689035077128128,0.03689871266594581,0.0023091543548595123,,,,,,,,,,
strong_0.50__rupture_1__weak_0.50__floor_theoretical__recipient_prediction_tilted,strong_incumbent_veto,pres_2007,sido_48,A,B,0.1550560112006703,0.1830565695612803,0.6837328178902612,1.0,0.0625808920697294,0.0994668855013218,-0.0,0.01,0.0994668855013218,0.0644903902204684,0.004035866149921866,,,,,,,,,,
strong_0.50__rupture_1__weak_0.50__floor_theoretical__recipient_prediction_tilted,strong_incumbent_veto,pres_2007,sido_50,A,B,0.1550560112006703,0.1830565695612803,0.6837328178902612,1.0,0.0625808920697294,0.0,-0.0,0.01,0.0,0.2696919174747736,0.016877560779567178,,,,,,,,,,
strong_0.50__rupture_1__weak_0.50__floor_theoretical__recipient_prediction_tilted,strong_incumbent_veto,pres_2017,sido_11,A,B,0.14222159439442095,0.1258437002381364,1.0,1.0,0.0629218501190682,0.2981507946412702,0.8660254037844386,0.01,0.03994463232341294,0.278981980736011,0.017554062377792057,,,,,,,,,,
strong_0.50__rupture_1__weak_0.50__floor_theoretical__recipient_prediction_tilted,strong_incumbent_veto,pres_2017,sido_26,A,B,0.14222159439442095,0.1258437002381364,1.0,1.0,0.0629218501190682,0.3539560494922693,0.8660254037844386,0.01,0.047421118808782046,0.34186982856956366,0.021511082113485624,,,,,,,,,,
strong_0.50__rupture_1__weak_0.50__floor_theoretical__recipient_prediction_tilted,strong_incumbent_veto,pres_2017,sido_27,A,B,0.14222159439442095,0.1258437002381364,1.0,1.0,0.0629218501190682,0.4618834178563183,0.8660254037844386,0.01,0.06188064440596367,0.4355892243398713,0.027408079887394556,,,,,,,,,,
strong_0.50__rupture_1__weak_0.50__floor_theoretical__recipient_prediction_tilted,strong_incumbent_veto,pres_2017,sido_28,A,B,0.14222159439442095,0.1258437002381364,1.0,1.0,0.0629218501190682,0.2930148075897038,0.8660254037844386,0.01,0.03925654053201098,0.2833909071619301,0.01783148018554974,,,,,,,,,,
strong_0.50__rupture_1__weak_0.50__floor_theoretical__recipient_prediction_tilted,strong_incumbent_veto,pres_2017,sido_29,A,B,0.14222159439442095,0.1258437002381364,1.0,1.0,0.0629218501190682,0.0341806016229801,0.8660254037844386,0.01,0.01,0.045169858892708296,0.002842171091146451,,,,,,,,,,
strong_0.50__rupture_1__weak_0.50__floor_theoretical__recipient_prediction_tilted,strong_incumbent_veto,pres_2017,sido_30,A,B,0.14222159439442095,0.1258437002381364,1.0,1.0,0.0629218501190682,0.2396170369219419,0.8660254037844386,0.01,0.032102595767986436,0.23660045087585338,0.014887338108114405,,,,,,,,,,
strong_0.50__rupture_1__weak_0.50__floor_theoretical__recipient_prediction_tilted,strong_incumbent_veto,pres_2017,sido_31,A,B,0.14222159439442095,0.1258437002381364,1.0,1.0,0.0629218501190682,0.3553353097157836,0.8660254037844386,0.01,0.04760590464030356,0.33924533516110666,0.02134594413260021,,,,,,,,,,
strong_0.50__rupture_1__weak_0.50__floor_theoretical__recipient_prediction_tilted,strong_incumbent_veto,pres_2017,sido_36,A,B,0.14222159439442095,0.1258437002381364,1.0,1.0,0.0629218501190682,0.1724331995485346,0.8660254037844386,0.01,0.023101668283672248,0.20784226494522595,0.01307781984329117,,,,,,,,,,
strong_0.50__rupture_1__weak_0.50__floor_theoretical__recipient_prediction_tilted,strong_incumbent_veto,pres_2017,sido_41,A,B,0.14222159439442095,0.1258437002381364,1.0,1.0,0.0629218501190682,0.2904867750077805,0.8660254037844386,0.01,0.038917848387628025,0.28147637098044914,0.01771101402689106,,,,,,,,,,
strong_0.50__rupture_1__weak_0.50__floor_theoretical__recipient_prediction_tilted,strong_incumbent_veto,pres_2017,sido_42,A,B,0.14222159439442095,0.1258437002381364,1.0,1.0,0.0629218501190682,0.3376440484133232,0.8660254037844386,0.01,0.04523572505076244,0.32486433012568816,0.020441064689200043,,,,,,,,,,
strong_0.50__rupture_1__weak_0.50__floor_theoretical__recipient_prediction_tilted,strong_incumbent_veto,pres_2017,sido_43,A,B,0.14222159439442095,0.1258437002381364,1.0,1.0,0.0629218501190682,0.2911638514975106,0.8660254037844386,0.01,0.03900855943694667,0.282309527506691,0.017763437776960975,,,,,,,,,,
strong_0.50__rupture_1__weak_0.50__floor_theoretical__recipient_prediction_tilted,strong_incumbent_veto,pres_2017,sido_44,A,B,0.14222159439442095,0.1258437002381364,1.0,1.0,0.0629218501190682,0.2550776099850012,0.8660254037844386,0.01,0.03417391980137099,0.2518736676707936,0.01584835716612167,,,,,,,,,,
strong_0.50__rupture_1__weak_0.50__floor_theoretical__recipient_prediction_tilted,strong_incumbent_veto,pres_2017,sido_45,A,B,0.14222159439442095,0.1258437002381364,1.0,1.0,0.0629218501190682,0.0682483484546126,0.8660254037844386,0.01,0.01,0.0835712825862142,0.005258459717148064,,,,,,,,,,
strong_0.50__rupture_1__weak_0.50__floor_theoretical__recipient_prediction_tilted,strong_incumbent_veto,pres_2017,sido_46,A,B,0.14222159439442095,0.1258437002381364,1.0,1.0,0.0629218501190682,0.0438553923470368,0.8660254037844386,0.01,0.01,0.0540606403515208,0.0034015955095392423,,,,,,,,,,
strong_0.50__rupture_1__weak_0.50__floor_theoretical__recipient_prediction_tilted,strong_incumbent_veto,pres_2017,sido_47,A,B,0.14222159439442095,0.1258437002381364,1.0,1.0,0.0629218501190682,0.4863134552896404,0.8660254037844386,0.01,0.06515364880662404,0.4571941982536088,0.028767504817821126,,,,,,,,,,
strong_0.50__rupture_1__weak_0.50__floor_theoretical__recipient_prediction_tilted,strong_incumbent_veto,pres_2017,sido_48,A,B,0.14222159439442095,0.1258437002381364,1.0,1.0,0.0629218501190682,0.3752628188705947,0.8660254037844386,0.01,0.05027568463290128,0.359771080555815,0.022637462007908206,,,,,,,,,,
strong_0.50__rupture_1__weak_0.50__floor_theoretical__recipient_prediction_tilted,strong_incumbent_veto,pres_2017,sido_50,A,B,0.14222159439442095,0.1258437002381364,1.0,1.0,0.0629218501190682,0.2397495310485979,0.8660254037844386,0.01,0.032120346615106106,0.2532836546023457,0.015937076152498633,,,,,,,,,,
strong_0.50__rupture_1__weak_0.50__floor_theoretical__recipient_prediction_tilted,weak_same_lane_refusal,pres_2002,sido_11,,,,,,,,,,,,,0.025312926053931,C,A|B,0.0172553182802303,theoretical,prediction_tilted,0.01,0.060625852107862005,0.050625852107862,0.5,0.03531292605393101
strong_0.50__rupture_1__weak_0.50__floor_theoretical__recipient_prediction_tilted,weak_same_lane_refusal,pres_2002,sido_26,,,,,,,,,,,,,0.048325769394412,C,A|B,0.039818482004606,theoretical,prediction_tilted,0.01,0.106651538788824,0.096651538788824,0.5,0.058325769394411996
strong_0.50__rupture_1__weak_0.50__floor_theoretical__recipient_prediction_tilted,weak_same_lane_refusal,pres_2002,sido_27,,,,,,,,,,,,,0.0208613275891017,C,A|B,0.0058164519761945,theoretical,prediction_tilted,0.01,0.0517226551782034,0.0417226551782034,0.5,0.030861327589101702
strong_0.50__rupture_1__weak_0.50__floor_theoretical__recipient_prediction_tilted,weak_same_lane_refusal,pres_2002,sido_28,,,,,,,,,,,,,0.0264003957270692,C,A|B,0.0255062904560678,theoretical,prediction_tilted,0.01,0.0628007914541384,0.0528007914541384,0.5,0.0364003957270692
strong_0.50__rupture_1__weak_0.50__floor_theoretical__recipient_prediction_tilted,weak_same_lane_refusal,pres_2002,sido_29,,,,,,,,,,,,,0.062350677499779995,C,A|B,0.0779749988731636,theoretical,prediction_tilted,0.01,0.13470135499955999,0.12470135499955999,0.5,0.07235067749978
strong_0.50__rupture_1__weak_0.50__floor_theoretical__recipient_prediction_tilted,weak_same_lane_refusal,pres_2002,sido_30,,,,,,,,,,,,,0.0327083634776253,C,A|B,0.0189676131685742,theoretical,prediction_tilted,0.01,0.07541672695525059,0.0654167269552506,0.5,0.04270836347762529
strong_0.50__rupture_1__weak_0.50__floor_theoretical__recipient_prediction_tilted,weak_same_lane_refusal,pres_2002,sido_31,,,,,,,,,,,,,0.1227008152349797,C,A|B,0.3115852121639049,theoretical,prediction_tilted,0.01,0.2554016304699594,0.2454016304699594,0.5,0.1327008152349797
strong_0.50__rupture_1__weak_0.50__floor_theoretical__recipient_prediction_tilted,weak_same_lane_refusal,pres_2002,sido_41,,,,,,,,,,,,,0.0241102146136453,C,A|B,0.0208780312728109,theoretical,prediction_tilted,0.01,0.0582204292272906,0.0482204292272906,0.5,0.0341102146136453
strong_0.50__rupture_1__weak_0.50__floor_theoretical__recipient_prediction_tilted,weak_same_lane_refusal,pres_2002,sido_42,,,,,,,,,,,,,0.038223883459704906,C,A|B,0.0200289187580357,theoretical,prediction_tilted,0.01,0.08644776691940981,0.07644776691940981,0.5,0.0482238834597049
strong_0.50__rupture_1__weak_0.50__floor_theoretical__recipient_prediction_tilted,weak_same_lane_refusal,pres_2002,sido_43,,,,,,,,,,,,,0.031653684504008,C,A|B,0.0118716878700329,theoretical,prediction_tilted,0.01,0.073307369008016,0.063307369008016,0.5,0.041653684504008
strong_0.50__rupture_1__weak_0.50__floor_theoretical__recipient_prediction_tilted,weak_same_lane_refusal,pres_2002,sido_44,,,,,,,,,,,,,0.0177021528213866,C,A|B,0.0095463081839152,theoretical,prediction_tilted,0.01,0.0454043056427732,0.0354043056427732,0.5,0.027702152821386602
strong_0.50__rupture_1__weak_0.50__floor_theoretical__recipient_prediction_tilted,weak_same_lane_refusal,pres_2002,sido_45,,,,,,,,,,,,,0.05882763126316629,C,A|B,0.0228231814936564,theoretical,prediction_tilted,0.01,0.12765526252633258,0.11765526252633259,0.5,0.0688276312631663
strong_0.50__rupture_1__weak_0.50__floor_theoretical__recipient_prediction_tilted,weak_same_lane_refusal,pres_2002,sido_46,,,,,,,,,,,,,0.0627676696159194,C,A|B,0.0132624825931937,theoretical,prediction_tilted,0.01,0.1355353392318388,0.1255353392318388,0.5,0.0727676696159194
strong_0.50__rupture_1__weak_0.50__floor_theoretical__recipient_prediction_tilted,weak_same_lane_refusal,pres_2002,sido_47,,,,,,,,,,,,,0.017480571851519997,C,A|B,0.0296959172831779,theoretical,prediction_tilted,0.01,0.044961143703039996,0.034961143703039994,0.5,0.02748057185152
strong_0.50__rupture_1__weak_0.50__floor_theoretical__recipient_prediction_tilted,weak_same_lane_refusal,pres_2002,sido_48,,,,,,,,,,,,,0.03978345971423781,C,A|B,0.0344685791555901,theoretical,prediction_tilted,0.01,0.08956691942847561,0.07956691942847562,0.5,0.0497834597142378
strong_0.50__rupture_1__weak_0.50__floor_theoretical__recipient_prediction_tilted,weak_same_lane_refusal,pres_2002,sido_50,,,,,,,,,,,,,0.06862850488756084,C,A|B,0.0,theoretical,prediction_tilted,0.01,0.14725700977512168,0.13725700977512167,0.5,0.07862850488756085
strong_0.50__rupture_1__weak_0.50__floor_theoretical__recipient_prediction_tilted,weak_same_lane_refusal,pres_2022,sido_11,,,,,,,,,,,,,0.0201244962273979,C,A|B,0.029384832583875,theoretical,prediction_tilted,0.01,0.050248992454795804,0.0402489924547958,0.5,0.030124496227397903
strong_0.50__rupture_1__weak_0.50__floor_theoretical__recipient_prediction_tilted,weak_same_lane_refusal,pres_2022,sido_26,,,,,,,,,,,,,0.0186599718785586,C,A|B,0.0399820977460082,theoretical,prediction_tilted,0.01,0.0473199437571172,0.0373199437571172,0.5,0.0286599718785586
strong_0.50__rupture_1__weak_0.50__floor_theoretical__recipient_prediction_tilted,weak_same_lane_refusal,pres_2022,sido_27,,,,,,,,,,,,,0.012936492498500998,C,A|B,0.0389354436816256,theoretical,prediction_tilted,0.01,0.035872984997002,0.025872984997001996,0.5,0.022936492498501
strong_0.50__rupture_1__weak_0.50__floor_theoretical__recipient_prediction_tilted,weak_same_lane_refusal,pres_2022,sido_28,,,,,,,,,,,,,0.0217159160626799,C,A|B,0.0485003528440327,theoretical,prediction_tilted,0.01,0.053431832125359804,0.0434318321253598,0.5,0.0317159160626799
strong_0.50__rupture_1__weak_0.50__floor_theoretical__recipient_prediction_tilted,weak_same_lane_refusal,pres_2022,sido_29,,,,,,,,,,,,,0.0373448252333252,C,A|B,0.0876883018010707,theoretical,prediction_tilted,0.01,0.08468965046665039,0.0746896504666504,0.5,0.04734482523332519
strong_0.50__rupture_1__weak_0.50__floor_theoretical__recipient_prediction_tilted,weak_same_lane_refusal,pres_2022,sido_30,,,,,,,,,,,,,0.020154557844191,C,A|B,0.0287620743601844,theoretical,prediction_tilted,0.01,0.050309115688382,0.040309115688382,0.5,0.030154557844191
strong_0.50__rupture_1__weak_0.50__floor_theoretical__recipient_prediction_tilted,weak_same_lane_refusal,pres_2022,sido_31,,,,,,,,,,,,,0.0461215494330516,C,A|B,0.176134143020495,theoretical,prediction_tilted,0.01,0.1022430988661032,0.0922430988661032,0.5,0.056121549433051594
strong_0.50__rupture_1__weak_0.50__floor_theoretical__recipient_prediction_tilted,weak_same_lane_refusal,pres_2022,sido_36,,,,,,,,,,,,,0.0248830085457187,C,A|B,0.0509430370441767,theoretical,prediction_tilted,0.01,0.059766017091437404,0.0497660170914374,0.5,0.0348830085457187
strong_0.50__rupture_1__weak_0.50__floor_theoretical__recipient_prediction_tilted,weak_same_lane_refusal,pres_2022,sido_41,,,,,,,,,,,,,0.017292096576477,C,A|B,0.0359763522960836,theoretical,prediction_tilted,0.01,0.044584193152954005,0.034584193152954,0.5,0.027292096576477003
strong_0.50__rupture_1__weak_0.50__floor_theoretical__recipient_prediction_tilted,weak_same_lane_refusal,pres_2022,sido_42,,,,,,,,,,,,,0.0183571726243893,C,A|B,0.0308172356117518,theoretical,prediction_tilted,0.01,0.0467143452487786,0.0367143452487786,0.5,0.0283571726243893
strong_0.50__rupture_1__weak_0.50__floor_theoretical__recipient_prediction_tilted,weak_same_lane_refusal,pres_2022,sido_43,,,,,,,,,,,,,0.0186670060447342,C,A|B,0.0345580698080987,theoretical,prediction_tilted,0.01,0.0473340120894684,0.0373340120894684,0.5,0.0286670060447342
strong_0.50__rupture_1__weak_0.50__floor_theoretical__recipient_prediction_tilted,weak_same_lane_refusal,pres_2022,sido_44,,,,,,,,,,,,,0.0185115449354657,C,A|B,0.0309340683403439,theoretical,prediction_tilted,0.01,0.0470230898709314,0.0370230898709314,0.5,0.0285115449354657
strong_0.50__rupture_1__weak_0.50__floor_theoretical__recipient_prediction_tilted,weak_same_lane_refusal,pres_2022,sido_45,,,,,,,,,,,,,0.0311980689793105,C,A|B,0.0459485902537228,theoretical,prediction_tilted,0.01,0.072396137958621,0.062396137958621,0.5,0.0411980689793105
strong_0.50__rupture_1__weak_0.50__floor_theoretical__recipient_prediction_tilted,weak_same_lane_refusal,pres_2022,sido_46,,,,,,,,,,,,,0.0308684238021872,C,A|B,0.0592373366011094,theoretical,prediction_tilted,0.01,0.0717368476043744,0.0617368476043744,0.5,0.040868423802187206
strong_0.50__rupture_1__weak_0.50__floor_theoretical__recipient_prediction_tilted,weak_same_lane_refusal,pres_2022,sido_47,,,,,,,,,,,,,0.012709123387680796,C,A|B,0.0343795636905044,theoretical,prediction_tilted,0.01,0.035418246775361595,0.025418246775361593,0.5,0.0227091233876808
strong_0.50__rupture_1__weak_0.50__floor_theoretical__recipient_prediction_tilted,weak_same_lane_refusal,pres_2022,sido_48,,,,,,,,,,,,,0.0262275269035888,C,A|B,0.0766151338961869,theoretical,prediction_tilted,0.01,0.0624550538071776,0.0524550538071776,0.5,0.0362275269035888
strong_0.50__rupture_1__weak_0.50__floor_theoretical__recipient_prediction_tilted,weak_same_lane_refusal,pres_2022,sido_50,,,,,,,,,,,,,0.0318380298535168,C,A|B,0.0503767176193264,theoretical,prediction_tilted,0.01,0.0736760597070336,0.0636760597070336,0.5,0.0418380298535168
strong_0.50__rupture_1__weak_0.50__floor_none__recipient_affinity_only,strong_incumbent_veto,pres_2007,sido_11,A,B,0.1550560112006703,0.1830565695612803,0.6837328178902612,1.0,0.0625808920697294,0.224727422604459,-0.0,0.01,0.224727422604459,0.11575376295856316,0.007243973746374882,,,,,,,,,,
strong_0.50__rupture_1__weak_0.50__floor_none__recipient_affinity_only,strong_incumbent_veto,pres_2007,sido_26,A,B,0.1550560112006703,0.1830565695612803,0.6837328178902612,1.0,0.0625808920697294,0.1230144019232013,-0.0,0.01,0.1230144019232013,0.06769999442714049,0.004236726044366161,,,,,,,,,,
strong_0.50__rupture_1__weak_0.50__floor_none__recipient_affinity_only,strong_incumbent_veto,pres_2007,sido_27,A,B,0.1550560112006703,0.1830565695612803,0.6837328178902612,1.0,0.0625808920697294,0.0533297784427378,-0.0,0.01,0.0533297784427378,0.036548243373766096,0.002287221673911859,,,,,,,,,,
strong_0.50__rupture_1__weak_0.50__floor_none__recipient_affinity_only,strong_incumbent_veto,pres_2007,sido_28,A,B,0.1550560112006703,0.1830565695612803,0.6837328178902612,1.0,0.0625808920697294,0.1882964963574757,-0.0,0.01,0.1882964963574757,0.1253482410577939,0.007844404744768224,,,,,,,,,,
strong_0.50__rupture_1__weak_0.50__floor_none__recipient_affinity_only,strong_incumbent_veto,pres_2007,sido_29,A,B,0.1550560112006703,0.1830565695612803,0.6837328178902612,1.0,0.0625808920697294,0.5063986688693,-0.0,0.01,0.5063986688693,0.24746182449968468,0.015486381730393087,,,,,,,,,,
strong_0.50__rupture_1__weak_0.50__floor_none__recipient_affinity_only,strong_incumbent_veto,pres_2007,sido_30,A,B,0.1550560112006703,0.1830565695612803,0.6837328178902612,1.0,0.0625808920697294,0.1749885957265136,-0.0,0.01,0.1749885957265136,0.1550161062926277,0.009701046216968634,,,,,,,,,,
strong_0.50__rupture_1__weak_0.50__floor_none__recipient_affinity_only,strong_incumbent_veto,pres_2007,sido_31,A,B,0.1550560112006703,0.1830565695612803,0.6837328178902612,1.0,0.0625808920697294,0.0922216716368157,-0.0,0.01,0.0922216716368157,0.0762003677779345,0.004768686991584605,,,,,,,,,,
strong_0.50__rupture_1__weak_0.50__floor_none__recipient_affinity_only,strong_incumbent_veto,pres_2007,sido_41,A,B,0.1550560112006703,0.1830565695612803,0.6837328178902612,1.0,0.0625808920697294,0.1969781637048186,-0.0,0.01,0.1969781637048186,0.12484403173333555,0.007812850875453744,,,,,,,,,,
strong_0.50__rupture_1__weak_0.50__floor_none__recipient_affinity_only,strong_incumbent_veto,pres_2007,sido_42,A,B,0.1550560112006703,0.1830565695612803,0.6837328178902612,1.0,0.0625808920697294,0.1620964538589391,-0.0,0.01,0.1620964538589391,0.0926504884460915,0.005798150217652563,,,,,,,,,,
strong_0.50__rupture_1__weak_0.50__floor_none__recipient_affinity_only,strong_incumbent_veto,pres_2007,sido_43,A,B,0.1550560112006703,0.1830565695612803,0.6837328178902612,1.0,0.0625808920697294,0.1871115693451475,-0.0,0.01,0.1871115693451475,0.1250937284019757,0.007828477115724083,,,,,,,,,,
strong_0.50__rupture_1__weak_0.50__floor_none__recipient_affinity_only,strong_incumbent_veto,pres_2007,sido_44,A,B,0.1550560112006703,0.1830565695612803,0.6837328178902612,1.0,0.0625808920697294,0.1339414116449834,-0.0,0.01,0.1339414116449834,0.1803984259604589,0.01128949442458055,,,,,,,,,,
strong_0.50__rupture_1__weak_0.50__floor_none__recipient_affinity_only,strong_incumbent_veto,pres_2007,sido_45,A,B,0.1550560112006703,0.1830565695612803,0.6837328178902612,1.0,0.0625808920697294,0.5050615589935803,-0.0,0.01,0.5050615589935803,0.2489963619554737,0.015582414453290776,,,,,,,,,,
strong_0.50__rupture_1__weak_0.50__floor_none__recipient_affinity_only,strong_incumbent_veto,pres_2007,sido_46,A,B,0.1550560112006703,0.1830565695612803,0.6837328178902612,1.0,0.0625808920697294,0.5115021109033597,-0.0,0.01,0.5115021109033597,0.2436089090943725,0.015245262847259446,,,,,,,,,,
strong_0.50__rupture_1__weak_0.50__floor_none__recipient_affinity_only,strong_incumbent_veto,pres_2007,sido_47,A,B,0.1550560112006703,0.1830565695612803,0.6837328178902612,1.0,0.0625808920697294,0.0689035077128128,-0.0,0.01,0.0689035077128128,0.03689871266594581,0.0023091543548595123,,,,,,,,,,
strong_0.50__rupture_1__weak_0.50__floor_none__recipient_affinity_only,strong_incumbent_veto,pres_2007,sido_48,A,B,0.1550560112006703,0.1830565695612803,0.6837328178902612,1.0,0.0625808920697294,0.0994668855013218,-0.0,0.01,0.0994668855013218,0.0644903902204684,0.004035866149921866,,,,,,,,,,
strong_0.50__rupture_1__weak_0.50__floor_none__recipient_affinity_only,strong_incumbent_veto,pres_2007,sido_50,A,B,0.1550560112006703,0.1830565695612803,0.6837328178902612,1.0,0.0625808920697294,0.0,-0.0,0.01,0.0,0.2696919174747736,0.016877560779567178,,,,,,,,,,
strong_0.50__rupture_1__weak_0.50__floor_none__recipient_affinity_only,strong_incumbent_veto,pres_2017,sido_11,A,B,0.14222159439442095,0.1258437002381364,1.0,1.0,0.0629218501190682,0.2981507946412702,0.8660254037844386,0.01,0.03994463232341294,0.278981980736011,0.017554062377792057,,,,,,,,,,
strong_0.50__rupture_1__weak_0.50__floor_none__recipient_affinity_only,strong_incumbent_veto,pres_2017,sido_26,A,B,0.14222159439442095,0.1258437002381364,1.0,1.0,0.0629218501190682,0.3539560494922693,0.8660254037844386,0.01,0.047421118808782046,0.34186982856956366,0.021511082113485624,,,,,,,,,,
strong_0.50__rupture_1__weak_0.50__floor_none__recipient_affinity_only,strong_incumbent_veto,pres_2017,sido_27,A,B,0.14222159439442095,0.1258437002381364,1.0,1.0,0.0629218501190682,0.4618834178563183,0.8660254037844386,0.01,0.06188064440596367,0.4355892243398713,0.027408079887394556,,,,,,,,,,
strong_0.50__rupture_1__weak_0.50__floor_none__recipient_affinity_only,strong_incumbent_veto,pres_2017,sido_28,A,B,0.14222159439442095,0.1258437002381364,1.0,1.0,0.0629218501190682,0.2930148075897038,0.8660254037844386,0.01,0.03925654053201098,0.2833909071619301,0.01783148018554974,,,,,,,,,,
strong_0.50__rupture_1__weak_0.50__floor_none__recipient_affinity_only,strong_incumbent_veto,pres_2017,sido_29,A,B,0.14222159439442095,0.1258437002381364,1.0,1.0,0.0629218501190682,0.0341806016229801,0.8660254037844386,0.01,0.01,0.045169858892708296,0.002842171091146451,,,,,,,,,,
strong_0.50__rupture_1__weak_0.50__floor_none__recipient_affinity_only,strong_incumbent_veto,pres_2017,sido_30,A,B,0.14222159439442095,0.1258437002381364,1.0,1.0,0.0629218501190682,0.2396170369219419,0.8660254037844386,0.01,0.032102595767986436,0.23660045087585338,0.014887338108114405,,,,,,,,,,
strong_0.50__rupture_1__weak_0.50__floor_none__recipient_affinity_only,strong_incumbent_veto,pres_2017,sido_31,A,B,0.14222159439442095,0.1258437002381364,1.0,1.0,0.0629218501190682,0.3553353097157836,0.8660254037844386,0.01,0.04760590464030356,0.33924533516110666,0.02134594413260021,,,,,,,,,,
strong_0.50__rupture_1__weak_0.50__floor_none__recipient_affinity_only,strong_incumbent_veto,pres_2017,sido_36,A,B,0.14222159439442095,0.1258437002381364,1.0,1.0,0.0629218501190682,0.1724331995485346,0.8660254037844386,0.01,0.023101668283672248,0.20784226494522595,0.01307781984329117,,,,,,,,,,
strong_0.50__rupture_1__weak_0.50__floor_none__recipient_affinity_only,strong_incumbent_veto,pres_2017,sido_41,A,B,0.14222159439442095,0.1258437002381364,1.0,1.0,0.0629218501190682,0.2904867750077805,0.8660254037844386,0.01,0.038917848387628025,0.28147637098044914,0.01771101402689106,,,,,,,,,,
strong_0.50__rupture_1__weak_0.50__floor_none__recipient_affinity_only,strong_incumbent_veto,pres_2017,sido_42,A,B,0.14222159439442095,0.1258437002381364,1.0,1.0,0.0629218501190682,0.3376440484133232,0.8660254037844386,0.01,0.04523572505076244,0.32486433012568816,0.020441064689200043,,,,,,,,,,
strong_0.50__rupture_1__weak_0.50__floor_none__recipient_affinity_only,strong_incumbent_veto,pres_2017,sido_43,A,B,0.14222159439442095,0.1258437002381364,1.0,1.0,0.0629218501190682,0.2911638514975106,0.8660254037844386,0.01,0.03900855943694667,0.282309527506691,0.017763437776960975,,,,,,,,,,
strong_0.50__rupture_1__weak_0.50__floor_none__recipient_affinity_only,strong_incumbent_veto,pres_2017,sido_44,A,B,0.14222159439442095,0.1258437002381364,1.0,1.0,0.0629218501190682,0.2550776099850012,0.8660254037844386,0.01,0.03417391980137099,0.2518736676707936,0.01584835716612167,,,,,,,,,,
strong_0.50__rupture_1__weak_0.50__floor_none__recipient_affinity_only,strong_incumbent_veto,pres_2017,sido_45,A,B,0.14222159439442095,0.1258437002381364,1.0,1.0,0.0629218501190682,0.0682483484546126,0.8660254037844386,0.01,0.01,0.0835712825862142,0.005258459717148064,,,,,,,,,,
strong_0.50__rupture_1__weak_0.50__floor_none__recipient_affinity_only,strong_incumbent_veto,pres_2017,sido_46,A,B,0.14222159439442095,0.1258437002381364,1.0,1.0,0.0629218501190682,0.0438553923470368,0.8660254037844386,0.01,0.01,0.0540606403515208,0.0034015955095392423,,,,,,,,,,
strong_0.50__rupture_1__weak_0.50__floor_none__recipient_affinity_only,strong_incumbent_veto,pres_2017,sido_47,A,B,0.14222159439442095,0.1258437002381364,1.0,1.0,0.0629218501190682,0.4863134552896404,0.8660254037844386,0.01,0.06515364880662404,0.4571941982536088,0.028767504817821126,,,,,,,,,,
strong_0.50__rupture_1__weak_0.50__floor_none__recipient_affinity_only,strong_incumbent_veto,pres_2017,sido_48,A,B,0.14222159439442095,0.1258437002381364,1.0,1.0,0.0629218501190682,0.3752628188705947,0.8660254037844386,0.01,0.05027568463290128,0.359771080555815,0.022637462007908206,,,,,,,,,,
strong_0.50__rupture_1__weak_0.50__floor_none__recipient_affinity_only,strong_incumbent_veto,pres_2017,sido_50,A,B,0.14222159439442095,0.1258437002381364,1.0,1.0,0.0629218501190682,0.2397495310485979,0.8660254037844386,0.01,0.032120346615106106,0.2532836546023457,0.015937076152498633,,,,,,,,,,
strong_0.50__rupture_1__weak_0.50__floor_none__recipient_affinity_only,weak_same_lane_refusal,pres_2002,sido_11,,,,,,,,,,,,,0.030312926053931002,C,A,0.0172553182802303,none,affinity_only,0.0,0.060625852107862005,0.060625852107862005,0.5,0.030312926053931002
strong_0.50__rupture_1__weak_0.50__floor_none__recipient_affinity_only,weak_same_lane_refusal,pres_2002,sido_26,,,,,,,,,,,,,0.053325769394412,C,A,0.039818482004606,none,affinity_only,0.0,0.106651538788824,0.106651538788824,0.5,0.053325769394412
strong_0.50__rupture_1__weak_0.50__floor_none__recipient_affinity_only,weak_same_lane_refusal,pres_2002,sido_27,,,,,,,,,,,,,0.0258613275891017,C,A,0.0058164519761945,none,affinity_only,0.0,0.0517226551782034,0.0517226551782034,0.5,0.0258613275891017
strong_0.50__rupture_1__weak_0.50__floor_none__recipient_affinity_only,weak_same_lane_refusal,pres_2002,sido_28,,,,,,,,,,,,,0.0314003957270692,C,A,0.0255062904560678,none,affinity_only,0.0,0.0628007914541384,0.0628007914541384,0.5,0.0314003957270692
strong_0.50__rupture_1__weak_0.50__floor_none__recipient_affinity_only,weak_same_lane_refusal,pres_2002,sido_29,,,,,,,,,,,,,0.06735067749977999,C,A,0.0779749988731636,none,affinity_only,0.0,0.13470135499955999,0.13470135499955999,0.5,0.06735067749977999
strong_0.50__rupture_1__weak_0.50__floor_none__recipient_affinity_only,weak_same_lane_refusal,pres_2002,sido_30,,,,,,,,,,,,,0.037708363477625295,C,A,0.0189676131685742,none,affinity_only,0.0,0.07541672695525059,0.07541672695525059,0.5,0.037708363477625295
strong_0.50__rupture_1__weak_0.50__floor_none__recipient_affinity_only,weak_same_lane_refusal,pres_2002,sido_31,,,,,,,,,,,,,0.1277008152349797,C,A,0.3115852121639049,none,affinity_only,0.0,0.2554016304699594,0.2554016304699594,0.5,0.1277008152349797
strong_0.50__rupture_1__weak_0.50__floor_none__recipient_affinity_only,weak_same_lane_refusal,pres_2002,sido_41,,,,,,,,,,,,,0.0291102146136453,C,A,0.0208780312728109,none,affinity_only,0.0,0.0582204292272906,0.0582204292272906,0.5,0.0291102146136453
strong_0.50__rupture_1__weak_0.50__floor_none__recipient_affinity_only,weak_same_lane_refusal,pres_2002,sido_42,,,,,,,,,,,,,0.043223883459704904,C,A,0.0200289187580357,none,affinity_only,0.0,0.08644776691940981,0.08644776691940981,0.5,0.043223883459704904
strong_0.50__rupture_1__weak_0.50__floor_none__recipient_affinity_only,weak_same_lane_refusal,pres_2002,sido_43,,,,,,,,,,,,,0.036653684504008,C,A,0.0118716878700329,none,affinity_only,0.0,0.073307369008016,0.073307369008016,0.5,0.036653684504008
strong_0.50__rupture_1__weak_0.50__floor_none__recipient_affinity_only,weak_same_lane_refusal,pres_2002,sido_44,,,,,,,,,,,,,0.0227021528213866,C,A,0.0095463081839152,none,affinity_only,0.0,0.0454043056427732,0.0454043056427732,0.5,0.0227021528213866
strong_0.50__rupture_1__weak_0.50__floor_none__recipient_affinity_only,weak_same_lane_refusal,pres_2002,sido_45,,,,,,,,,,,,,0.06382763126316629,C,A,0.0228231814936564,none,affinity_only,0.0,0.12765526252633258,0.12765526252633258,0.5,0.06382763126316629
strong_0.50__rupture_1__weak_0.50__floor_none__recipient_affinity_only,weak_same_lane_refusal,pres_2002,sido_46,,,,,,,,,,,,,0.0677676696159194,C,A,0.0132624825931937,none,affinity_only,0.0,0.1355353392318388,0.1355353392318388,0.5,0.0677676696159194
strong_0.50__rupture_1__weak_0.50__floor_none__recipient_affinity_only,weak_same_lane_refusal,pres_2002,sido_47,,,,,,,,,,,,,0.022480571851519998,C,A,0.0296959172831779,none,affinity_only,0.0,0.044961143703039996,0.044961143703039996,0.5,0.022480571851519998
strong_0.50__rupture_1__weak_0.50__floor_none__recipient_affinity_only,weak_same_lane_refusal,pres_2002,sido_48,,,,,,,,,,,,,0.044783459714237805,C,A,0.0344685791555901,none,affinity_only,0.0,0.08956691942847561,0.08956691942847561,0.5,0.044783459714237805
strong_0.50__rupture_1__weak_0.50__floor_none__recipient_affinity_only,weak_same_lane_refusal,pres_2002,sido_50,,,,,,,,,,,,,0.07362850488756084,C,A,0.0,none,affinity_only,0.0,0.14725700977512168,0.14725700977512168,0.5,0.07362850488756084
strong_0.50__rupture_1__weak_0.50__floor_none__recipient_affinity_only,weak_same_lane_refusal,pres_2022,sido_11,,,,,,,,,,,,,0.025124496227397902,C,B,0.029384832583875,none,affinity_only,0.0,0.050248992454795804,0.050248992454795804,0.5,0.025124496227397902
strong_0.50__rupture_1__weak_0.50__floor_none__recipient_affinity_only,weak_same_lane_refusal,pres_2022,sido_26,,,,,,,,,,,,,0.0236599718785586,C,B,0.0399820977460082,none,affinity_only,0.0,0.0473199437571172,0.0473199437571172,0.5,0.0236599718785586
strong_0.50__rupture_1__weak_0.50__floor_none__recipient_affinity_only,weak_same_lane_refusal,pres_2022,sido_27,,,,,,,,,,,,,0.017936492498501,C,B,0.0389354436816256,none,affinity_only,0.0,0.035872984997002,0.035872984997002,0.5,0.017936492498501
strong_0.50__rupture_1__weak_0.50__floor_none__recipient_affinity_only,weak_same_lane_refusal,pres_2022,sido_28,,,,,,,,,,,,,0.026715916062679902,C,B,0.0485003528440327,none,affinity_only,0.0,0.053431832125359804,0.053431832125359804,0.5,0.026715916062679902
strong_0.50__rupture_1__weak_0.50__floor_none__recipient_affinity_only,weak_same_lane_refusal,pres_2022,sido_29,,,,,,,,,,,,,0.042344825233325195,C,B,0.0876883018010707,none,affinity_only,0.0,0.08468965046665039,0.08468965046665039,0.5,0.042344825233325195
strong_0.50__rupture_1__weak_0.50__floor_none__recipient_affinity_only,weak_same_lane_refusal,pres_2022,sido_30,,,,,,,,,,,,,0.025154557844191,C,B,0.0287620743601844,none,affinity_only,0.0,0.050309115688382,0.050309115688382,0.5,0.025154557844191
strong_0.50__rupture_1__weak_0.50__floor_none__recipient_affinity_only,weak_same_lane_refusal,pres_2022,sido_31,,,,,,,,,,,,,0.0511215494330516,C,B,0.176134143020495,none,affinity_only,0.0,0.1022430988661032,0.1022430988661032,0.5,0.0511215494330516
strong_0.50__rupture_1__weak_0.50__floor_none__recipient_affinity_only,weak_same_lane_refusal,pres_2022,sido_36,,,,,,,,,,,,,0.029883008545718702,C,B,0.0509430370441767,none,affinity_only,0.0,0.059766017091437404,0.059766017091437404,0.5,0.029883008545718702
strong_0.50__rupture_1__weak_0.50__floor_none__recipient_affinity_only,weak_same_lane_refusal,pres_2022,sido_41,,,,,,,,,,,,,0.022292096576477002,C,B,0.0359763522960836,none,affinity_only,0.0,0.044584193152954005,0.044584193152954005,0.5,0.022292096576477002
strong_0.50__rupture_1__weak_0.50__floor_none__recipient_affinity_only,weak_same_lane_refusal,pres_2022,sido_42,,,,,,,,,,,,,0.0233571726243893,C,B,0.0308172356117518,none,affinity_only,0.0,0.0467143452487786,0.0467143452487786,0.5,0.0233571726243893
strong_0.50__rupture_1__weak_0.50__floor_none__recipient_affinity_only,weak_same_lane_refusal,pres_2022,sido_43,,,,,,,,,,,,,0.0236670060447342,C,B,0.0345580698080987,none,affinity_only,0.0,0.0473340120894684,0.0473340120894684,0.5,0.0236670060447342
strong_0.50__rupture_1__weak_0.50__floor_none__recipient_affinity_only,weak_same_lane_refusal,pres_2022,sido_44,,,,,,,,,,,,,0.0235115449354657,C,B,0.0309340683403439,none,affinity_only,0.0,0.0470230898709314,0.0470230898709314,0.5,0.0235115449354657
strong_0.50__rupture_1__weak_0.50__floor_none__recipient_affinity_only,weak_same_lane_refusal,pres_2022,sido_45,,,,,,,,,,,,,0.0361980689793105,C,B,0.0459485902537228,none,affinity_only,0.0,0.072396137958621,0.072396137958621,0.5,0.0361980689793105
strong_0.50__rupture_1__weak_0.50__floor_none__recipient_affinity_only,weak_same_lane_refusal,pres_2022,sido_46,,,,,,,,,,,,,0.0358684238021872,C,B,0.0592373366011094,none,affinity_only,0.0,0.0717368476043744,0.0717368476043744,0.5,0.0358684238021872
strong_0.50__rupture_1__weak_0.50__floor_none__recipient_affinity_only,weak_same_lane_refusal,pres_2022,sido_47,,,,,,,,,,,,,0.017709123387680797,C,B,0.0343795636905044,none,affinity_only,0.0,0.035418246775361595,0.035418246775361595,0.5,0.017709123387680797
strong_0.50__rupture_1__weak_0.50__floor_none__recipient_affinity_only,weak_same_lane_refusal,pres_2022,sido_48,,,,,,,,,,,,,0.0312275269035888,C,B,0.0766151338961869,none,affinity_only,0.0,0.0624550538071776,0.0624550538071776,0.5,0.0312275269035888
strong_0.50__rupture_1__weak_0.50__floor_none__recipient_affinity_only,weak_same_lane_refusal,pres_2022,sido_50,,,,,,,,,,,,,0.0368380298535168,C,B,0.0503767176193264,none,affinity_only,0.0,0.0736760597070336,0.0736760597070336,0.5,0.0368380298535168
strong_0.50__rupture_1__weak_0.50__floor_none__recipient_prediction_tilted,strong_incumbent_veto,pres_2007,sido_11,A,B,0.1550560112006703,0.1830565695612803,0.6837328178902612,1.0,0.0625808920697294,0.224727422604459,-0.0,0.01,0.224727422604459,0.11575376295856316,0.007243973746374882,,,,,,,,,,
strong_0.50__rupture_1__weak_0.50__floor_none__recipient_prediction_tilted,strong_incumbent_veto,pres_2007,sido_26,A,B,0.1550560112006703,0.1830565695612803,0.6837328178902612,1.0,0.0625808920697294,0.1230144019232013,-0.0,0.01,0.1230144019232013,0.06769999442714049,0.004236726044366161,,,,,,,,,,
strong_0.50__rupture_1__weak_0.50__floor_none__recipient_prediction_tilted,strong_incumbent_veto,pres_2007,sido_27,A,B,0.1550560112006703,0.1830565695612803,0.6837328178902612,1.0,0.0625808920697294,0.0533297784427378,-0.0,0.01,0.0533297784427378,0.036548243373766096,0.002287221673911859,,,,,,,,,,
strong_0.50__rupture_1__weak_0.50__floor_none__recipient_prediction_tilted,strong_incumbent_veto,pres_2007,sido_28,A,B,0.1550560112006703,0.1830565695612803,0.6837328178902612,1.0,0.0625808920697294,0.1882964963574757,-0.0,0.01,0.1882964963574757,0.1253482410577939,0.007844404744768224,,,,,,,,,,
strong_0.50__rupture_1__weak_0.50__floor_none__recipient_prediction_tilted,strong_incumbent_veto,pres_2007,sido_29,A,B,0.1550560112006703,0.1830565695612803,0.6837328178902612,1.0,0.0625808920697294,0.5063986688693,-0.0,0.01,0.5063986688693,0.24746182449968468,0.015486381730393087,,,,,,,,,,
strong_0.50__rupture_1__weak_0.50__floor_none__recipient_prediction_tilted,strong_incumbent_veto,pres_2007,sido_30,A,B,0.1550560112006703,0.1830565695612803,0.6837328178902612,1.0,0.0625808920697294,0.1749885957265136,-0.0,0.01,0.1749885957265136,0.1550161062926277,0.009701046216968634,,,,,,,,,,
strong_0.50__rupture_1__weak_0.50__floor_none__recipient_prediction_tilted,strong_incumbent_veto,pres_2007,sido_31,A,B,0.1550560112006703,0.1830565695612803,0.6837328178902612,1.0,0.0625808920697294,0.0922216716368157,-0.0,0.01,0.0922216716368157,0.0762003677779345,0.004768686991584605,,,,,,,,,,
strong_0.50__rupture_1__weak_0.50__floor_none__recipient_prediction_tilted,strong_incumbent_veto,pres_2007,sido_41,A,B,0.1550560112006703,0.1830565695612803,0.6837328178902612,1.0,0.0625808920697294,0.1969781637048186,-0.0,0.01,0.1969781637048186,0.12484403173333555,0.007812850875453744,,,,,,,,,,
strong_0.50__rupture_1__weak_0.50__floor_none__recipient_prediction_tilted,strong_incumbent_veto,pres_2007,sido_42,A,B,0.1550560112006703,0.1830565695612803,0.6837328178902612,1.0,0.0625808920697294,0.1620964538589391,-0.0,0.01,0.1620964538589391,0.0926504884460915,0.005798150217652563,,,,,,,,,,
strong_0.50__rupture_1__weak_0.50__floor_none__recipient_prediction_tilted,strong_incumbent_veto,pres_2007,sido_43,A,B,0.1550560112006703,0.1830565695612803,0.6837328178902612,1.0,0.0625808920697294,0.1871115693451475,-0.0,0.01,0.1871115693451475,0.1250937284019757,0.007828477115724083,,,,,,,,,,
strong_0.50__rupture_1__weak_0.50__floor_none__recipient_prediction_tilted,strong_incumbent_veto,pres_2007,sido_44,A,B,0.1550560112006703,0.1830565695612803,0.6837328178902612,1.0,0.0625808920697294,0.1339414116449834,-0.0,0.01,0.1339414116449834,0.1803984259604589,0.01128949442458055,,,,,,,,,,
strong_0.50__rupture_1__weak_0.50__floor_none__recipient_prediction_tilted,strong_incumbent_veto,pres_2007,sido_45,A,B,0.1550560112006703,0.1830565695612803,0.6837328178902612,1.0,0.0625808920697294,0.5050615589935803,-0.0,0.01,0.5050615589935803,0.2489963619554737,0.015582414453290776,,,,,,,,,,
strong_0.50__rupture_1__weak_0.50__floor_none__recipient_prediction_tilted,strong_incumbent_veto,pres_2007,sido_46,A,B,0.1550560112006703,0.1830565695612803,0.6837328178902612,1.0,0.0625808920697294,0.5115021109033597,-0.0,0.01,0.5115021109033597,0.2436089090943725,0.015245262847259446,,,,,,,,,,
strong_0.50__rupture_1__weak_0.50__floor_none__recipient_prediction_tilted,strong_incumbent_veto,pres_2007,sido_47,A,B,0.1550560112006703,0.1830565695612803,0.6837328178902612,1.0,0.0625808920697294,0.0689035077128128,-0.0,0.01,0.0689035077128128,0.03689871266594581,0.0023091543548595123,,,,,,,,,,
strong_0.50__rupture_1__weak_0.50__floor_none__recipient_prediction_tilted,strong_incumbent_veto,pres_2007,sido_48,A,B,0.1550560112006703,0.1830565695612803,0.6837328178902612,1.0,0.0625808920697294,0.0994668855013218,-0.0,0.01,0.0994668855013218,0.0644903902204684,0.004035866149921866,,,,,,,,,,
strong_0.50__rupture_1__weak_0.50__floor_none__recipient_prediction_tilted,strong_incumbent_veto,pres_2007,sido_50,A,B,0.1550560112006703,0.1830565695612803,0.6837328178902612,1.0,0.0625808920697294,0.0,-0.0,0.01,0.0,0.2696919174747736,0.016877560779567178,,,,,,,,,,
strong_0.50__rupture_1__weak_0.50__floor_none__recipient_prediction_tilted,strong_incumbent_veto,pres_2017,sido_11,A,B,0.14222159439442095,0.1258437002381364,1.0,1.0,0.0629218501190682,0.2981507946412702,0.8660254037844386,0.01,0.03994463232341294,0.278981980736011,0.017554062377792057,,,,,,,,,,
strong_0.50__rupture_1__weak_0.50__floor_none__recipient_prediction_tilted,strong_incumbent_veto,pres_2017,sido_26,A,B,0.14222159439442095,0.1258437002381364,1.0,1.0,0.0629218501190682,0.3539560494922693,0.8660254037844386,0.01,0.047421118808782046,0.34186982856956366,0.021511082113485624,,,,,,,,,,
strong_0.50__rupture_1__weak_0.50__floor_none__recipient_prediction_tilted,strong_incumbent_veto,pres_2017,sido_27,A,B,0.14222159439442095,0.1258437002381364,1.0,1.0,0.0629218501190682,0.4618834178563183,0.8660254037844386,0.01,0.06188064440596367,0.4355892243398713,0.027408079887394556,,,,,,,,,,
strong_0.50__rupture_1__weak_0.50__floor_none__recipient_prediction_tilted,strong_incumbent_veto,pres_2017,sido_28,A,B,0.14222159439442095,0.1258437002381364,1.0,1.0,0.0629218501190682,0.2930148075897038,0.8660254037844386,0.01,0.03925654053201098,0.2833909071619301,0.01783148018554974,,,,,,,,,,
strong_0.50__rupture_1__weak_0.50__floor_none__recipient_prediction_tilted,strong_incumbent_veto,pres_2017,sido_29,A,B,0.14222159439442095,0.1258437002381364,1.0,1.0,0.0629218501190682,0.0341806016229801,0.8660254037844386,0.01,0.01,0.045169858892708296,0.002842171091146451,,,,,,,,,,
strong_0.50__rupture_1__weak_0.50__floor_none__recipient_prediction_tilted,strong_incumbent_veto,pres_2017,sido_30,A,B,0.14222159439442095,0.1258437002381364,1.0,1.0,0.0629218501190682,0.2396170369219419,0.8660254037844386,0.01,0.032102595767986436,0.23660045087585338,0.014887338108114405,,,,,,,,,,
strong_0.50__rupture_1__weak_0.50__floor_none__recipient_prediction_tilted,strong_incumbent_veto,pres_2017,sido_31,A,B,0.14222159439442095,0.1258437002381364,1.0,1.0,0.0629218501190682,0.3553353097157836,0.8660254037844386,0.01,0.04760590464030356,0.33924533516110666,0.02134594413260021,,,,,,,,,,
strong_0.50__rupture_1__weak_0.50__floor_none__recipient_prediction_tilted,strong_incumbent_veto,pres_2017,sido_36,A,B,0.14222159439442095,0.1258437002381364,1.0,1.0,0.0629218501190682,0.1724331995485346,0.8660254037844386,0.01,0.023101668283672248,0.20784226494522595,0.01307781984329117,,,,,,,,,,
strong_0.50__rupture_1__weak_0.50__floor_none__recipient_prediction_tilted,strong_incumbent_veto,pres_2017,sido_41,A,B,0.14222159439442095,0.1258437002381364,1.0,1.0,0.0629218501190682,0.2904867750077805,0.8660254037844386,0.01,0.038917848387628025,0.28147637098044914,0.01771101402689106,,,,,,,,,,
strong_0.50__rupture_1__weak_0.50__floor_none__recipient_prediction_tilted,strong_incumbent_veto,pres_2017,sido_42,A,B,0.14222159439442095,0.1258437002381364,1.0,1.0,0.0629218501190682,0.3376440484133232,0.8660254037844386,0.01,0.04523572505076244,0.32486433012568816,0.020441064689200043,,,,,,,,,,
strong_0.50__rupture_1__weak_0.50__floor_none__recipient_prediction_tilted,strong_incumbent_veto,pres_2017,sido_43,A,B,0.14222159439442095,0.1258437002381364,1.0,1.0,0.0629218501190682,0.2911638514975106,0.8660254037844386,0.01,0.03900855943694667,0.282309527506691,0.017763437776960975,,,,,,,,,,
strong_0.50__rupture_1__weak_0.50__floor_none__recipient_prediction_tilted,strong_incumbent_veto,pres_2017,sido_44,A,B,0.14222159439442095,0.1258437002381364,1.0,1.0,0.0629218501190682,0.2550776099850012,0.8660254037844386,0.01,0.03417391980137099,0.2518736676707936,0.01584835716612167,,,,,,,,,,
strong_0.50__rupture_1__weak_0.50__floor_none__recipient_prediction_tilted,strong_incumbent_veto,pres_2017,sido_45,A,B,0.14222159439442095,0.1258437002381364,1.0,1.0,0.0629218501190682,0.0682483484546126,0.8660254037844386,0.01,0.01,0.0835712825862142,0.005258459717148064,,,,,,,,,,
strong_0.50__rupture_1__weak_0.50__floor_none__recipient_prediction_tilted,strong_incumbent_veto,pres_2017,sido_46,A,B,0.14222159439442095,0.1258437002381364,1.0,1.0,0.0629218501190682,0.0438553923470368,0.8660254037844386,0.01,0.01,0.0540606403515208,0.0034015955095392423,,,,,,,,,,
strong_0.50__rupture_1__weak_0.50__floor_none__recipient_prediction_tilted,strong_incumbent_veto,pres_2017,sido_47,A,B,0.14222159439442095,0.1258437002381364,1.0,1.0,0.0629218501190682,0.4863134552896404,0.8660254037844386,0.01,0.06515364880662404,0.4571941982536088,0.028767504817821126,,,,,,,,,,
strong_0.50__rupture_1__weak_0.50__floor_none__recipient_prediction_tilted,strong_incumbent_veto,pres_2017,sido_48,A,B,0.14222159439442095,0.1258437002381364,1.0,1.0,0.0629218501190682,0.3752628188705947,0.8660254037844386,0.01,0.05027568463290128,0.359771080555815,0.022637462007908206,,,,,,,,,,
strong_0.50__rupture_1__weak_0.50__floor_none__recipient_prediction_tilted,strong_incumbent_veto,pres_2017,sido_50,A,B,0.14222159439442095,0.1258437002381364,1.0,1.0,0.0629218501190682,0.2397495310485979,0.8660254037844386,0.01,0.032120346615106106,0.2532836546023457,0.015937076152498633,,,,,,,,,,
strong_0.50__rupture_1__weak_0.50__floor_none__recipient_prediction_tilted,weak_same_lane_refusal,pres_2002,sido_11,,,,,,,,,,,,,0.030312926053931002,C,A|B,0.0172553182802303,none,prediction_tilted,0.0,0.060625852107862005,0.060625852107862005,0.5,0.030312926053931002
strong_0.50__rupture_1__weak_0.50__floor_none__recipient_prediction_tilted,weak_same_lane_refusal,pres_2002,sido_26,,,,,,,,,,,,,0.053325769394412,C,A|B,0.039818482004606,none,prediction_tilted,0.0,0.106651538788824,0.106651538788824,0.5,0.053325769394412
strong_0.50__rupture_1__weak_0.50__floor_none__recipient_prediction_tilted,weak_same_lane_refusal,pres_2002,sido_27,,,,,,,,,,,,,0.0258613275891017,C,A|B,0.0058164519761945,none,prediction_tilted,0.0,0.0517226551782034,0.0517226551782034,0.5,0.0258613275891017
strong_0.50__rupture_1__weak_0.50__floor_none__recipient_prediction_tilted,weak_same_lane_refusal,pres_2002,sido_28,,,,,,,,,,,,,0.0314003957270692,C,A|B,0.0255062904560678,none,prediction_tilted,0.0,0.0628007914541384,0.0628007914541384,0.5,0.0314003957270692
strong_0.50__rupture_1__weak_0.50__floor_none__recipient_prediction_tilted,weak_same_lane_refusal,pres_2002,sido_29,,,,,,,,,,,,,0.06735067749977999,C,A|B,0.0779749988731636,none,prediction_tilted,0.0,0.13470135499955999,0.13470135499955999,0.5,0.06735067749977999
strong_0.50__rupture_1__weak_0.50__floor_none__recipient_prediction_tilted,weak_same_lane_refusal,pres_2002,sido_30,,,,,,,,,,,,,0.037708363477625295,C,A|B,0.0189676131685742,none,prediction_tilted,0.0,0.07541672695525059,0.07541672695525059,0.5,0.037708363477625295
strong_0.50__rupture_1__weak_0.50__floor_none__recipient_prediction_tilted,weak_same_lane_refusal,pres_2002,sido_31,,,,,,,,,,,,,0.1277008152349797,C,A|B,0.3115852121639049,none,prediction_tilted,0.0,0.2554016304699594,0.2554016304699594,0.5,0.1277008152349797
strong_0.50__rupture_1__weak_0.50__floor_none__recipient_prediction_tilted,weak_same_lane_refusal,pres_2002,sido_41,,,,,,,,,,,,,0.0291102146136453,C,A|B,0.0208780312728109,none,prediction_tilted,0.0,0.0582204292272906,0.0582204292272906,0.5,0.0291102146136453
strong_0.50__rupture_1__weak_0.50__floor_none__recipient_prediction_tilted,weak_same_lane_refusal,pres_2002,sido_42,,,,,,,,,,,,,0.043223883459704904,C,A|B,0.0200289187580357,none,prediction_tilted,0.0,0.08644776691940981,0.08644776691940981,0.5,0.043223883459704904
strong_0.50__rupture_1__weak_0.50__floor_none__recipient_prediction_tilted,weak_same_lane_refusal,pres_2002,sido_43,,,,,,,,,,,,,0.036653684504008,C,A|B,0.0118716878700329,none,prediction_tilted,0.0,0.073307369008016,0.073307369008016,0.5,0.036653684504008
strong_0.50__rupture_1__weak_0.50__floor_none__recipient_prediction_tilted,weak_same_lane_refusal,pres_2002,sido_44,,,,,,,,,,,,,0.0227021528213866,C,A|B,0.0095463081839152,none,prediction_tilted,0.0,0.0454043056427732,0.0454043056427732,0.5,0.0227021528213866
strong_0.50__rupture_1__weak_0.50__floor_none__recipient_prediction_tilted,weak_same_lane_refusal,pres_2002,sido_45,,,,,,,,,,,,,0.06382763126316629,C,A|B,0.0228231814936564,none,prediction_tilted,0.0,0.12765526252633258,0.12765526252633258,0.5,0.06382763126316629
strong_0.50__rupture_1__weak_0.50__floor_none__recipient_prediction_tilted,weak_same_lane_refusal,pres_2002,sido_46,,,,,,,,,,,,,0.0677676696159194,C,A|B,0.0132624825931937,none,prediction_tilted,0.0,0.1355353392318388,0.1355353392318388,0.5,0.0677676696159194
strong_0.50__rupture_1__weak_0.50__floor_none__recipient_prediction_tilted,weak_same_lane_refusal,pres_2002,sido_47,,,,,,,,,,,,,0.022480571851519998,C,A|B,0.0296959172831779,none,prediction_tilted,0.0,0.044961143703039996,0.044961143703039996,0.5,0.022480571851519998
strong_0.50__rupture_1__weak_0.50__floor_none__recipient_prediction_tilted,weak_same_lane_refusal,pres_2002,sido_48,,,,,,,,,,,,,0.044783459714237805,C,A|B,0.0344685791555901,none,prediction_tilted,0.0,0.08956691942847561,0.08956691942847561,0.5,0.044783459714237805
strong_0.50__rupture_1__weak_0.50__floor_none__recipient_prediction_tilted,weak_same_lane_refusal,pres_2002,sido_50,,,,,,,,,,,,,0.07362850488756084,C,A|B,0.0,none,prediction_tilted,0.0,0.14725700977512168,0.14725700977512168,0.5,0.07362850488756084
strong_0.50__rupture_1__weak_0.50__floor_none__recipient_prediction_tilted,weak_same_lane_refusal,pres_2022,sido_11,,,,,,,,,,,,,0.025124496227397902,C,A|B,0.029384832583875,none,prediction_tilted,0.0,0.050248992454795804,0.050248992454795804,0.5,0.025124496227397902
strong_0.50__rupture_1__weak_0.50__floor_none__recipient_prediction_tilted,weak_same_lane_refusal,pres_2022,sido_26,,,,,,,,,,,,,0.0236599718785586,C,A|B,0.0399820977460082,none,prediction_tilted,0.0,0.0473199437571172,0.0473199437571172,0.5,0.0236599718785586
strong_0.50__rupture_1__weak_0.50__floor_none__recipient_prediction_tilted,weak_same_lane_refusal,pres_2022,sido_27,,,,,,,,,,,,,0.017936492498501,C,A|B,0.0389354436816256,none,prediction_tilted,0.0,0.035872984997002,0.035872984997002,0.5,0.017936492498501
strong_0.50__rupture_1__weak_0.50__floor_none__recipient_prediction_tilted,weak_same_lane_refusal,pres_2022,sido_28,,,,,,,,,,,,,0.026715916062679902,C,A|B,0.0485003528440327,none,prediction_tilted,0.0,0.053431832125359804,0.053431832125359804,0.5,0.026715916062679902
strong_0.50__rupture_1__weak_0.50__floor_none__recipient_prediction_tilted,weak_same_lane_refusal,pres_2022,sido_29,,,,,,,,,,,,,0.042344825233325195,C,A|B,0.0876883018010707,none,prediction_tilted,0.0,0.08468965046665039,0.08468965046665039,0.5,0.042344825233325195
strong_0.50__rupture_1__weak_0.50__floor_none__recipient_prediction_tilted,weak_same_lane_refusal,pres_2022,sido_30,,,,,,,,,,,,,0.025154557844191,C,A|B,0.0287620743601844,none,prediction_tilted,0.0,0.050309115688382,0.050309115688382,0.5,0.025154557844191
strong_0.50__rupture_1__weak_0.50__floor_none__recipient_prediction_tilted,weak_same_lane_refusal,pres_2022,sido_31,,,,,,,,,,,,,0.0511215494330516,C,A|B,0.176134143020495,none,prediction_tilted,0.0,0.1022430988661032,0.1022430988661032,0.5,0.0511215494330516
strong_0.50__rupture_1__weak_0.50__floor_none__recipient_prediction_tilted,weak_same_lane_refusal,pres_2022,sido_36,,,,,,,,,,,,,0.029883008545718702,C,A|B,0.0509430370441767,none,prediction_tilted,0.0,0.059766017091437404,0.059766017091437404,0.5,0.029883008545718702
strong_0.50__rupture_1__weak_0.50__floor_none__recipient_prediction_tilted,weak_same_lane_refusal,pres_2022,sido_41,,,,,,,,,,,,,0.022292096576477002,C,A|B,0.0359763522960836,none,prediction_tilted,0.0,0.044584193152954005,0.044584193152954005,0.5,0.022292096576477002
strong_0.50__rupture_1__weak_0.50__floor_none__recipient_prediction_tilted,weak_same_lane_refusal,pres_2022,sido_42,,,,,,,,,,,,,0.0233571726243893,C,A|B,0.0308172356117518,none,prediction_tilted,0.0,0.0467143452487786,0.0467143452487786,0.5,0.0233571726243893
strong_0.50__rupture_1__weak_0.50__floor_none__recipient_prediction_tilted,weak_same_lane_refusal,pres_2022,sido_43,,,,,,,,,,,,,0.0236670060447342,C,A|B,0.0345580698080987,none,prediction_tilted,0.0,0.0473340120894684,0.0473340120894684,0.5,0.0236670060447342
strong_0.50__rupture_1__weak_0.50__floor_none__recipient_prediction_tilted,weak_same_lane_refusal,pres_2022,sido_44,,,,,,,,,,,,,0.0235115449354657,C,A|B,0.0309340683403439,none,prediction_tilted,0.0,0.0470230898709314,0.0470230898709314,0.5,0.0235115449354657
strong_0.50__rupture_1__weak_0.50__floor_none__recipient_prediction_tilted,weak_same_lane_refusal,pres_2022,sido_45,,,,,,,,,,,,,0.0361980689793105,C,A|B,0.0459485902537228,none,prediction_tilted,0.0,0.072396137958621,0.072396137958621,0.5,0.0361980689793105
strong_0.50__rupture_1__weak_0.50__floor_none__recipient_prediction_tilted,weak_same_lane_refusal,pres_2022,sido_46,,,,,,,,,,,,,0.0358684238021872,C,A|B,0.0592373366011094,none,prediction_tilted,0.0,0.0717368476043744,0.0717368476043744,0.5,0.0358684238021872
strong_0.50__rupture_1__weak_0.50__floor_none__recipient_prediction_tilted,weak_same_lane_refusal,pres_2022,sido_47,,,,,,,,,,,,,0.017709123387680797,C,A|B,0.0343795636905044,none,prediction_tilted,0.0,0.035418246775361595,0.035418246775361595,0.5,0.017709123387680797
strong_0.50__rupture_1__weak_0.50__floor_none__recipient_prediction_tilted,weak_same_lane_refusal,pres_2022,sido_48,,,,,,,,,,,,,0.0312275269035888,C,A|B,0.0766151338961869,none,prediction_tilted,0.0,0.0624550538071776,0.0624550538071776,0.5,0.0312275269035888
strong_0.50__rupture_1__weak_0.50__floor_none__recipient_prediction_tilted,weak_same_lane_refusal,pres_2022,sido_50,,,,,,,,,,,,,0.0368380298535168,C,A|B,0.0503767176193264,none,prediction_tilted,0.0,0.0736760597070336,0.0736760597070336,0.5,0.0368380298535168
strong_1.00__rupture_0__weak_0.25__floor_candidate_ballot__recipient_affinity_only,strong_incumbent_veto,pres_2007,sido_11,A,B,0.1550560112006703,0.1830565695612803,0.6837328178902612,1.0,0.1251617841394588,0.224727422604459,0.0,0.01,0.224727422604459,0.11575376295856316,0.014487947492749764,,,,,,,,,,
strong_1.00__rupture_0__weak_0.25__floor_candidate_ballot__recipient_affinity_only,strong_incumbent_veto,pres_2007,sido_26,A,B,0.1550560112006703,0.1830565695612803,0.6837328178902612,1.0,0.1251617841394588,0.1230144019232013,0.0,0.01,0.1230144019232013,0.06769999442714049,0.008473452088732321,,,,,,,,,,
strong_1.00__rupture_0__weak_0.25__floor_candidate_ballot__recipient_affinity_only,strong_incumbent_veto,pres_2007,sido_27,A,B,0.1550560112006703,0.1830565695612803,0.6837328178902612,1.0,0.1251617841394588,0.0533297784427378,0.0,0.01,0.0533297784427378,0.036548243373766096,0.004574443347823718,,,,,,,,,,
strong_1.00__rupture_0__weak_0.25__floor_candidate_ballot__recipient_affinity_only,strong_incumbent_veto,pres_2007,sido_28,A,B,0.1550560112006703,0.1830565695612803,0.6837328178902612,1.0,0.1251617841394588,0.1882964963574757,0.0,0.01,0.1882964963574757,0.1253482410577939,0.015688809489536448,,,,,,,,,,
strong_1.00__rupture_0__weak_0.25__floor_candidate_ballot__recipient_affinity_only,strong_incumbent_veto,pres_2007,sido_29,A,B,0.1550560112006703,0.1830565695612803,0.6837328178902612,1.0,0.1251617841394588,0.5063986688693,0.0,0.01,0.5063986688693,0.24746182449968468,0.030972763460786173,,,,,,,,,,
strong_1.00__rupture_0__weak_0.25__floor_candidate_ballot__recipient_affinity_only,strong_incumbent_veto,pres_2007,sido_30,A,B,0.1550560112006703,0.1830565695612803,0.6837328178902612,1.0,0.1251617841394588,0.1749885957265136,0.0,0.01,0.1749885957265136,0.1550161062926277,0.019402092433937267,,,,,,,,,,
strong_1.00__rupture_0__weak_0.25__floor_candidate_ballot__recipient_affinity_only,strong_incumbent_veto,pres_2007,sido_31,A,B,0.1550560112006703,0.1830565695612803,0.6837328178902612,1.0,0.1251617841394588,0.0922216716368157,0.0,0.01,0.0922216716368157,0.0762003677779345,0.00953737398316921,,,,,,,,,,
strong_1.00__rupture_0__weak_0.25__floor_candidate_ballot__recipient_affinity_only,strong_incumbent_veto,pres_2007,sido_41,A,B,0.1550560112006703,0.1830565695612803,0.6837328178902612,1.0,0.1251617841394588,0.1969781637048186,0.0,0.01,0.1969781637048186,0.12484403173333555,0.015625701750907488,,,,,,,,,,
strong_1.00__rupture_0__weak_0.25__floor_candidate_ballot__recipient_affinity_only,strong_incumbent_veto,pres_2007,sido_42,A,B,0.1550560112006703,0.1830565695612803,0.6837328178902612,1.0,0.1251617841394588,0.1620964538589391,0.0,0.01,0.1620964538589391,0.0926504884460915,0.011596300435305126,,,,,,,,,,
strong_1.00__rupture_0__weak_0.25__floor_candidate_ballot__recipient_affinity_only,strong_incumbent_veto,pres_2007,sido_43,A,B,0.1550560112006703,0.1830565695612803,0.6837328178902612,1.0,0.1251617841394588,0.1871115693451475,0.0,0.01,0.1871115693451475,0.1250937284019757,0.015656954231448167,,,,,,,,,,
strong_1.00__rupture_0__weak_0.25__floor_candidate_ballot__recipient_affinity_only,strong_incumbent_veto,pres_2007,sido_44,A,B,0.1550560112006703,0.1830565695612803,0.6837328178902612,1.0,0.1251617841394588,0.1339414116449834,0.0,0.01,0.1339414116449834,0.1803984259604589,0.0225789888491611,,,,,,,,,,
strong_1.00__rupture_0__weak_0.25__floor_candidate_ballot__recipient_affinity_only,strong_incumbent_veto,pres_2007,sido_45,A,B,0.1550560112006703,0.1830565695612803,0.6837328178902612,1.0,0.1251617841394588,0.5050615589935803,0.0,0.01,0.5050615589935803,0.2489963619554737,0.03116482890658155,,,,,,,,,,
strong_1.00__rupture_0__weak_0.25__floor_candidate_ballot__recipient_affinity_only,strong_incumbent_veto,pres_2007,sido_46,A,B,0.1550560112006703,0.1830565695612803,0.6837328178902612,1.0,0.1251617841394588,0.5115021109033597,0.0,0.01,0.5115021109033597,0.2436089090943725,0.03049052569451889,,,,,,,,,,
strong_1.00__rupture_0__weak_0.25__floor_candidate_ballot__recipient_affinity_only,strong_incumbent_veto,pres_2007,sido_47,A,B,0.1550560112006703,0.1830565695612803,0.6837328178902612,1.0,0.1251617841394588,0.0689035077128128,0.0,0.01,0.0689035077128128,0.03689871266594581,0.004618308709719025,,,,,,,,,,
strong_1.00__rupture_0__weak_0.25__floor_candidate_ballot__recipient_affinity_only,strong_incumbent_veto,pres_2007,sido_48,A,B,0.1550560112006703,0.1830565695612803,0.6837328178902612,1.0,0.1251617841394588,0.0994668855013218,0.0,0.01,0.0994668855013218,0.0644903902204684,0.008071732299843731,,,,,,,,,,
strong_1.00__rupture_0__weak_0.25__floor_candidate_ballot__recipient_affinity_only,strong_incumbent_veto,pres_2007,sido_50,A,B,0.1550560112006703,0.1830565695612803,0.6837328178902612,1.0,0.1251617841394588,0.0,0.0,0.01,0.0,0.2696919174747736,0.033755121559134356,,,,,,,,,,
strong_1.00__rupture_0__weak_0.25__floor_candidate_ballot__recipient_affinity_only,strong_incumbent_veto,pres_2017,sido_11,A,B,0.14222159439442095,0.1258437002381364,1.0,1.0,0.1258437002381364,0.2981507946412702,0.0,0.01,0.2981507946412702,0.020775818418153735,0.002614505865216092,,,,,,,,,,
strong_1.00__rupture_0__weak_0.25__floor_candidate_ballot__recipient_affinity_only,strong_incumbent_veto,pres_2017,sido_26,A,B,0.14222159439442095,0.1258437002381364,1.0,1.0,0.1258437002381364,0.3539560494922693,0.0,0.01,0.3539560494922693,0.03533489788607641,0.00444667429752056,,,,,,,,,,
strong_1.00__rupture_0__weak_0.25__floor_candidate_ballot__recipient_affinity_only,strong_incumbent_veto,pres_2017,sido_27,A,B,0.14222159439442095,0.1258437002381364,1.0,1.0,0.1258437002381364,0.4618834178563183,0.0,0.01,0.4618834178563183,0.035586450889516674,0.004478330658279499,,,,,,,,,,
strong_1.00__rupture_0__weak_0.25__floor_candidate_ballot__recipient_affinity_only,strong_incumbent_veto,pres_2017,sido_28,A,B,0.14222159439442095,0.1258437002381364,1.0,1.0,0.1258437002381364,0.2930148075897038,0.0,0.01,0.2930148075897038,0.02963264010423733,0.0037290810785422213,,,,,,,,,,
strong_1.00__rupture_0__weak_0.25__floor_candidate_ballot__recipient_affinity_only,strong_incumbent_veto,pres_2017,sido_29,A,B,0.14222159439442095,0.1258437002381364,1.0,1.0,0.1258437002381364,0.0341806016229801,0.0,0.01,0.0341806016229801,0.020989257269728195,0.0026413658000728002,,,,,,,,,,
strong_1.00__rupture_0__weak_0.25__floor_candidate_ballot__recipient_affinity_only,strong_incumbent_veto,pres_2017,sido_30,A,B,0.14222159439442095,0.1258437002381364,1.0,1.0,0.1258437002381364,0.2396170369219419,0.0,0.01,0.2396170369219419,0.029086009721897926,0.003660291088566044,,,,,,,,,,
strong_1.00__rupture_0__weak_0.25__floor_candidate_ballot__recipient_affinity_only,strong_incumbent_veto,pres_2017,sido_31,A,B,0.14222159439442095,0.1258437002381364,1.0,1.0,0.1258437002381364,0.3553353097157836,0.0,0.01,0.3553353097157836,0.03151593008562664,0.003966081258421664,,,,,,,,,,
strong_1.00__rupture_0__weak_0.25__floor_candidate_ballot__recipient_affinity_only,strong_incumbent_veto,pres_2017,sido_36,A,B,0.14222159439442095,0.1258437002381364,1.0,1.0,0.1258437002381364,0.1724331995485346,0.0,0.01,0.1724331995485346,0.05851073368036361,0.007363207229985109,,,,,,,,,,
strong_1.00__rupture_0__weak_0.25__floor_candidate_ballot__recipient_affinity_only,strong_incumbent_veto,pres_2017,sido_41,A,B,0.14222159439442095,0.1258437002381364,1.0,1.0,0.1258437002381364,0.2904867750077805,0.0,0.01,0.2904867750077805,0.029907444360296687,0.0037636634629659195,,,,,,,,,,
strong_1.00__rupture_0__weak_0.25__floor_candidate_ballot__recipient_affinity_only,strong_incumbent_veto,pres_2017,sido_42,A,B,0.14222159439442095,0.1258437002381364,1.0,1.0,0.1258437002381364,0.3376440484133232,0.0,0.01,0.3376440484133232,0.03245600676312743,0.004084383986025937,,,,,,,,,,
strong_1.00__rupture_0__weak_0.25__floor_candidate_ballot__recipient_affinity_only,strong_incumbent_veto,pres_2017,sido_43,A,B,0.14222159439442095,0.1258437002381364,1.0,1.0,0.1258437002381364,0.2911638514975106,0.0,0.01,0.2911638514975106,0.03015423544612711,0.003794720566392607,,,,,,,,,,
strong_1.00__rupture_0__weak_0.25__floor_candidate_ballot__recipient_affinity_only,strong_incumbent_veto,pres_2017,sido_44,A,B,0.14222159439442095,0.1258437002381364,1.0,1.0,0.1258437002381364,0.2550776099850012,0.0,0.01,0.2550776099850012,0.030969977487163403,0.003897376563276424,,,,,,,,,,
strong_1.00__rupture_0__weak_0.25__floor_candidate_ballot__recipient_affinity_only,strong_incumbent_veto,pres_2017,sido_45,A,B,0.14222159439442095,0.1258437002381364,1.0,1.0,0.1258437002381364,0.0682483484546126,0.0,0.01,0.0682483484546126,0.025322934131601596,0.003186731732007344,,,,,,,,,,
strong_1.00__rupture_0__weak_0.25__floor_candidate_ballot__recipient_affinity_only,strong_incumbent_veto,pres_2017,sido_46,A,B,0.14222159439442095,0.1258437002381364,1.0,1.0,0.1258437002381364,0.0438553923470368,0.0,0.01,0.0438553923470368,0.020205248004484,0.002542703173113488,,,,,,,,,,
strong_1.00__rupture_0__weak_0.25__floor_candidate_ballot__recipient_affinity_only,strong_incumbent_veto,pres_2017,sido_47,A,B,0.14222159439442095,0.1258437002381364,1.0,1.0,0.1258437002381364,0.4863134552896404,0.0,0.01,0.4863134552896404,0.03603439177059248,0.004534701196242009,,,,,,,,,,
strong_1.00__rupture_0__weak_0.25__floor_candidate_ballot__recipient_affinity_only,strong_incumbent_veto,pres_2017,sido_48,A,B,0.14222159439442095,0.1258437002381364,1.0,1.0,0.1258437002381364,0.3752628188705947,0.0,0.01,0.3752628188705947,0.034783946318121595,0.004377340513557123,,,,,,,,,,
strong_1.00__rupture_0__weak_0.25__floor_candidate_ballot__recipient_affinity_only,strong_incumbent_veto,pres_2017,sido_50,A,B,0.14222159439442095,0.1258437002381364,1.0,1.0,0.1258437002381364,0.2397495310485979,0.0,0.01,0.2397495310485979,0.045654470168853906,0.005745327458460191,,,,,,,,,,
strong_1.00__rupture_0__weak_0.25__floor_candidate_ballot__recipient_affinity_only,weak_same_lane_refusal,pres_2002,sido_11,,,,,,,,,,,,,0.010842633456907926,C,A,0.0172553182802303,candidate_ballot,affinity_only,0.0172553182802303,0.060625852107862005,0.0433705338276317,0.25,0.04978321865095408
strong_1.00__rupture_0__weak_0.25__floor_candidate_ballot__recipient_affinity_only,weak_same_lane_refusal,pres_2002,sido_26,,,,,,,,,,,,,0.0167082641960545,C,A,0.039818482004606,candidate_ballot,affinity_only,0.039818482004606,0.106651538788824,0.066833056784218,0.25,0.08994327459276949
strong_1.00__rupture_0__weak_0.25__floor_candidate_ballot__recipient_affinity_only,weak_same_lane_refusal,pres_2002,sido_27,,,,,,,,,,,,,0.011476550800502226,C,A,0.0058164519761945,candidate_ballot,affinity_only,0.0058164519761945,0.0517226551782034,0.0459062032020089,0.25,0.04024610437770118
strong_1.00__rupture_0__weak_0.25__floor_candidate_ballot__recipient_affinity_only,weak_same_lane_refusal,pres_2002,sido_28,,,,,,,,,,,,,0.009323625249517652,C,A,0.0255062904560678,candidate_ballot,affinity_only,0.0255062904560678,0.0628007914541384,0.03729450099807061,0.25,0.05347716620462075
strong_1.00__rupture_0__weak_0.25__floor_candidate_ballot__recipient_affinity_only,weak_same_lane_refusal,pres_2002,sido_29,,,,,,,,,,,,,0.014181589031599096,C,A,0.0779749988731636,candidate_ballot,affinity_only,0.0779749988731636,0.13470135499955999,0.056726356126396385,0.25,0.12051976596796089
strong_1.00__rupture_0__weak_0.25__floor_candidate_ballot__recipient_affinity_only,weak_same_lane_refusal,pres_2002,sido_30,,,,,,,,,,,,,0.014112278446669096,C,A,0.0189676131685742,candidate_ballot,affinity_only,0.0189676131685742,0.07541672695525059,0.056449113786676386,0.25,0.061304448508581494
strong_1.00__rupture_0__weak_0.25__floor_candidate_ballot__recipient_affinity_only,weak_same_lane_refusal,pres_2002,sido_41,,,,,,,,,,,,,0.009335599488619926,C,A,0.0208780312728109,candidate_ballot,affinity_only,0.0208780312728109,0.0582204292272906,0.0373423979544797,0.25,0.04888482973867067
strong_1.00__rupture_0__weak_0.25__floor_candidate_ballot__recipient_affinity_only,weak_same_lane_refusal,pres_2002,sido_42,,,,,,,,,,,,,0.016604712040343528,C,A,0.0200289187580357,candidate_ballot,affinity_only,0.0200289187580357,0.08644776691940981,0.06641884816137411,0.25,0.06984305487906628
strong_1.00__rupture_0__weak_0.25__floor_candidate_ballot__recipient_affinity_only,weak_same_lane_refusal,pres_2002,sido_43,,,,,,,,,,,,,0.015358920284495776,C,A,0.0118716878700329,candidate_ballot,affinity_only,0.0118716878700329,0.073307369008016,0.0614356811379831,0.25,0.05794844872352023
strong_1.00__rupture_0__weak_0.25__floor_candidate_ballot__recipient_affinity_only,weak_same_lane_refusal,pres_2002,sido_44,,,,,,,,,,,,,0.0089644993647145,C,A,0.0095463081839152,candidate_ballot,affinity_only,0.0095463081839152,0.0454043056427732,0.035857997458858,0.25,0.0364398062780587
strong_1.00__rupture_0__weak_0.25__floor_candidate_ballot__recipient_affinity_only,weak_same_lane_refusal,pres_2002,sido_45,,,,,,,,,,,,,0.026208020258169047,C,A,0.0228231814936564,candidate_ballot,affinity_only,0.0228231814936564,0.12765526252633258,0.10483208103267619,0.25,0.10144724226816354
strong_1.00__rupture_0__weak_0.25__floor_candidate_ballot__recipient_affinity_only,weak_same_lane_refusal,pres_2002,sido_46,,,,,,,,,,,,,0.030568214159661277,C,A,0.0132624825931937,candidate_ballot,affinity_only,0.0132624825931937,0.1355353392318388,0.12227285663864511,0.25,0.10496712507217752
strong_1.00__rupture_0__weak_0.25__floor_candidate_ballot__recipient_affinity_only,weak_same_lane_refusal,pres_2002,sido_47,,,,,,,,,,,,,0.003816306604965524,C,A,0.0296959172831779,candidate_ballot,affinity_only,0.0296959172831779,0.044961143703039996,0.015265226419862096,0.25,0.04114483709807447
strong_1.00__rupture_0__weak_0.25__floor_candidate_ballot__recipient_affinity_only,weak_same_lane_refusal,pres_2002,sido_48,,,,,,,,,,,,,0.013774585068221377,C,A,0.0344685791555901,candidate_ballot,affinity_only,0.0344685791555901,0.08956691942847561,0.05509834027288551,0.25,0.07579233436025423
strong_1.00__rupture_0__weak_0.25__floor_candidate_ballot__recipient_affinity_only,weak_same_lane_refusal,pres_2002,sido_50,,,,,,,,,,,,,0.03681425244378042,C,A,0.0,candidate_ballot,affinity_only,0.0,0.14725700977512168,0.14725700977512168,0.25,0.11044275733134126
strong_1.00__rupture_0__weak_0.25__floor_candidate_ballot__recipient_affinity_only,weak_same_lane_refusal,pres_2022,sido_11,,,,,,,,,,,,,0.005216039967730201,C,B,0.029384832583875,candidate_ballot,affinity_only,0.029384832583875,0.050248992454795804,0.020864159870920804,0.25,0.045032952487065604
strong_1.00__rupture_0__weak_0.25__floor_candidate_ballot__recipient_affinity_only,weak_same_lane_refusal,pres_2022,sido_26,,,,,,,,,,,,,0.0018344615027772494,C,B,0.0399820977460082,candidate_ballot,affinity_only,0.0399820977460082,0.0473199437571172,0.007337846011108998,0.25,0.045485482254339946
strong_1.00__rupture_0__weak_0.25__floor_candidate_ballot__recipient_affinity_only,weak_same_lane_refusal,pres_2022,sido_28,,,,,,,,,,,,,0.0012328698203317758,C,B,0.0485003528440327,candidate_ballot,affinity_only,0.0485003528440327,0.053431832125359804,0.004931479281327103,0.25,0.05219896230502803
strong_1.00__rupture_0__weak_0.25__floor_candidate_ballot__recipient_affinity_only,weak_same_lane_refusal,pres_2022,sido_30,,,,,,,,,,,,,0.005386760332049399,C,B,0.0287620743601844,candidate_ballot,affinity_only,0.0287620743601844,0.050309115688382,0.021547041328197597,0.25,0.0449223553563326
strong_1.00__rupture_0__weak_0.25__floor_candidate_ballot__recipient_affinity_only,weak_same_lane_refusal,pres_2022,sido_36,,,,,,,,,,,,,0.002205745011815176,C,B,0.0509430370441767,candidate_ballot,affinity_only,0.0509430370441767,0.059766017091437404,0.008822980047260703,0.25,0.05756027207962223
strong_1.00__rupture_0__weak_0.25__floor_candidate_ballot__recipient_affinity_only,weak_same_lane_refusal,pres_2022,sido_41,,,,,,,,,,,,,0.0021519602142176016,C,B,0.0359763522960836,candidate_ballot,affinity_only,0.0359763522960836,0.044584193152954005,0.008607840856870407,0.25,0.0424322329387364
strong_1.00__rupture_0__weak_0.25__floor_candidate_ballot__recipient_affinity_only,weak_same_lane_refusal,pres_2022,sido_42,,,,,,,,,,,,,0.0039742774092567,C,B,0.0308172356117518,candidate_ballot,affinity_only,0.0308172356117518,0.0467143452487786,0.0158971096370268,0.25,0.0427400678395219
strong_1.00__rupture_0__weak_0.25__floor_candidate_ballot__recipient_affinity_only,weak_same_lane_refusal,pres_2022,sido_43,,,,,,,,,,,,,0.003193985570342424,C,B,0.0345580698080987,candidate_ballot,affinity_only,0.0345580698080987,0.0473340120894684,0.012775942281369697,0.25,0.04414002651912598
strong_1.00__rupture_0__weak_0.25__floor_candidate_ballot__recipient_affinity_only,weak_same_lane_refusal,pres_2022,sido_44,,,,,,,,,,,,,0.004022255382646875,C,B,0.0309340683403439,candidate_ballot,affinity_only,0.0309340683403439,0.0470230898709314,0.0160890215305875,0.25,0.043000834488284526
strong_1.00__rupture_0__weak_0.25__floor_candidate_ballot__recipient_affinity_only,weak_same_lane_refusal,pres_2022,sido_45,,,,,,,,,,,,,0.006611886926224551,C,B,0.0459485902537228,candidate_ballot,affinity_only,0.0459485902537228,0.072396137958621,0.026447547704898204,0.25,0.06578425103239645
strong_1.00__rupture_0__weak_0.25__floor_candidate_ballot__recipient_affinity_only,weak_same_lane_refusal,pres_2022,sido_46,,,,,,,,,,,,,0.003124877750816251,C,B,0.0592373366011094,candidate_ballot,affinity_only,0.0592373366011094,0.0717368476043744,0.012499511003265004,0.25,0.06861196985355815
strong_1.00__rupture_0__weak_0.25__floor_candidate_ballot__recipient_affinity_only,weak_same_lane_refusal,pres_2022,sido_47,,,,,,,,,,,,,0.00025967077121429906,C,B,0.0343795636905044,candidate_ballot,affinity_only,0.0343795636905044,0.035418246775361595,0.0010386830848571962,0.25,0.0351585760041473
strong_1.00__rupture_0__weak_0.25__floor_candidate_ballot__recipient_affinity_only,weak_same_lane_refusal,pres_2022,sido_50,,,,,,,,,,,,,0.005824835521926801,C,B,0.0503767176193264,candidate_ballot,affinity_only,0.0503767176193264,0.0736760597070336,0.023299342087707203,0.25,0.0678512241851068
strong_1.00__rupture_0__weak_0.25__floor_candidate_ballot__recipient_prediction_tilted,strong_incumbent_veto,pres_2007,sido_11,A,B,0.1550560112006703,0.1830565695612803,0.6837328178902612,1.0,0.1251617841394588,0.224727422604459,0.0,0.01,0.224727422604459,0.11575376295856316,0.014487947492749764,,,,,,,,,,
strong_1.00__rupture_0__weak_0.25__floor_candidate_ballot__recipient_prediction_tilted,strong_incumbent_veto,pres_2007,sido_26,A,B,0.1550560112006703,0.1830565695612803,0.6837328178902612,1.0,0.1251617841394588,0.1230144019232013,0.0,0.01,0.1230144019232013,0.06769999442714049,0.008473452088732321,,,,,,,,,,
strong_1.00__rupture_0__weak_0.25__floor_candidate_ballot__recipient_prediction_tilted,strong_incumbent_veto,pres_2007,sido_27,A,B,0.1550560112006703,0.1830565695612803,0.6837328178902612,1.0,0.1251617841394588,0.0533297784427378,0.0,0.01,0.0533297784427378,0.036548243373766096,0.004574443347823718,,,,,,,,,,
strong_1.00__rupture_0__weak_0.25__floor_candidate_ballot__recipient_prediction_tilted,strong_incumbent_veto,pres_2007,sido_28,A,B,0.1550560112006703,0.1830565695612803,0.6837328178902612,1.0,0.1251617841394588,0.1882964963574757,0.0,0.01,0.1882964963574757,0.1253482410577939,0.015688809489536448,,,,,,,,,,
strong_1.00__rupture_0__weak_0.25__floor_candidate_ballot__recipient_prediction_tilted,strong_incumbent_veto,pres_2007,sido_29,A,B,0.1550560112006703,0.1830565695612803,0.6837328178902612,1.0,0.1251617841394588,0.5063986688693,0.0,0.01,0.5063986688693,0.24746182449968468,0.030972763460786173,,,,,,,,,,
strong_1.00__rupture_0__weak_0.25__floor_candidate_ballot__recipient_prediction_tilted,strong_incumbent_veto,pres_2007,sido_30,A,B,0.1550560112006703,0.1830565695612803,0.6837328178902612,1.0,0.1251617841394588,0.1749885957265136,0.0,0.01,0.1749885957265136,0.1550161062926277,0.019402092433937267,,,,,,,,,,
strong_1.00__rupture_0__weak_0.25__floor_candidate_ballot__recipient_prediction_tilted,strong_incumbent_veto,pres_2007,sido_31,A,B,0.1550560112006703,0.1830565695612803,0.6837328178902612,1.0,0.1251617841394588,0.0922216716368157,0.0,0.01,0.0922216716368157,0.0762003677779345,0.00953737398316921,,,,,,,,,,
strong_1.00__rupture_0__weak_0.25__floor_candidate_ballot__recipient_prediction_tilted,strong_incumbent_veto,pres_2007,sido_41,A,B,0.1550560112006703,0.1830565695612803,0.6837328178902612,1.0,0.1251617841394588,0.1969781637048186,0.0,0.01,0.1969781637048186,0.12484403173333555,0.015625701750907488,,,,,,,,,,
strong_1.00__rupture_0__weak_0.25__floor_candidate_ballot__recipient_prediction_tilted,strong_incumbent_veto,pres_2007,sido_42,A,B,0.1550560112006703,0.1830565695612803,0.6837328178902612,1.0,0.1251617841394588,0.1620964538589391,0.0,0.01,0.1620964538589391,0.0926504884460915,0.011596300435305126,,,,,,,,,,
strong_1.00__rupture_0__weak_0.25__floor_candidate_ballot__recipient_prediction_tilted,strong_incumbent_veto,pres_2007,sido_43,A,B,0.1550560112006703,0.1830565695612803,0.6837328178902612,1.0,0.1251617841394588,0.1871115693451475,0.0,0.01,0.1871115693451475,0.1250937284019757,0.015656954231448167,,,,,,,,,,
strong_1.00__rupture_0__weak_0.25__floor_candidate_ballot__recipient_prediction_tilted,strong_incumbent_veto,pres_2007,sido_44,A,B,0.1550560112006703,0.1830565695612803,0.6837328178902612,1.0,0.1251617841394588,0.1339414116449834,0.0,0.01,0.1339414116449834,0.1803984259604589,0.0225789888491611,,,,,,,,,,
strong_1.00__rupture_0__weak_0.25__floor_candidate_ballot__recipient_prediction_tilted,strong_incumbent_veto,pres_2007,sido_45,A,B,0.1550560112006703,0.1830565695612803,0.6837328178902612,1.0,0.1251617841394588,0.5050615589935803,0.0,0.01,0.5050615589935803,0.2489963619554737,0.03116482890658155,,,,,,,,,,
strong_1.00__rupture_0__weak_0.25__floor_candidate_ballot__recipient_prediction_tilted,strong_incumbent_veto,pres_2007,sido_46,A,B,0.1550560112006703,0.1830565695612803,0.6837328178902612,1.0,0.1251617841394588,0.5115021109033597,0.0,0.01,0.5115021109033597,0.2436089090943725,0.03049052569451889,,,,,,,,,,
strong_1.00__rupture_0__weak_0.25__floor_candidate_ballot__recipient_prediction_tilted,strong_incumbent_veto,pres_2007,sido_47,A,B,0.1550560112006703,0.1830565695612803,0.6837328178902612,1.0,0.1251617841394588,0.0689035077128128,0.0,0.01,0.0689035077128128,0.03689871266594581,0.004618308709719025,,,,,,,,,,
strong_1.00__rupture_0__weak_0.25__floor_candidate_ballot__recipient_prediction_tilted,strong_incumbent_veto,pres_2007,sido_48,A,B,0.1550560112006703,0.1830565695612803,0.6837328178902612,1.0,0.1251617841394588,0.0994668855013218,0.0,0.01,0.0994668855013218,0.0644903902204684,0.008071732299843731,,,,,,,,,,
strong_1.00__rupture_0__weak_0.25__floor_candidate_ballot__recipient_prediction_tilted,strong_incumbent_veto,pres_2007,sido_50,A,B,0.1550560112006703,0.1830565695612803,0.6837328178902612,1.0,0.1251617841394588,0.0,0.0,0.01,0.0,0.2696919174747736,0.033755121559134356,,,,,,,,,,
strong_1.00__rupture_0__weak_0.25__floor_candidate_ballot__recipient_prediction_tilted,strong_incumbent_veto,pres_2017,sido_11,A,B,0.14222159439442095,0.1258437002381364,1.0,1.0,0.1258437002381364,0.2981507946412702,0.0,0.01,0.2981507946412702,0.020775818418153735,0.002614505865216092,,,,,,,,,,
strong_1.00__rupture_0__weak_0.25__floor_candidate_ballot__recipient_prediction_tilted,strong_incumbent_veto,pres_2017,sido_26,A,B,0.14222159439442095,0.1258437002381364,1.0,1.0,0.1258437002381364,0.3539560494922693,0.0,0.01,0.3539560494922693,0.03533489788607641,0.00444667429752056,,,,,,,,,,
strong_1.00__rupture_0__weak_0.25__floor_candidate_ballot__recipient_prediction_tilted,strong_incumbent_veto,pres_2017,sido_27,A,B,0.14222159439442095,0.1258437002381364,1.0,1.0,0.1258437002381364,0.4618834178563183,0.0,0.01,0.4618834178563183,0.035586450889516674,0.004478330658279499,,,,,,,,,,
strong_1.00__rupture_0__weak_0.25__floor_candidate_ballot__recipient_prediction_tilted,strong_incumbent_veto,pres_2017,sido_28,A,B,0.14222159439442095,0.1258437002381364,1.0,1.0,0.1258437002381364,0.2930148075897038,0.0,0.01,0.2930148075897038,0.02963264010423733,0.0037290810785422213,,,,,,,,,,
strong_1.00__rupture_0__weak_0.25__floor_candidate_ballot__recipient_prediction_tilted,strong_incumbent_veto,pres_2017,sido_29,A,B,0.14222159439442095,0.1258437002381364,1.0,1.0,0.1258437002381364,0.0341806016229801,0.0,0.01,0.0341806016229801,0.020989257269728195,0.0026413658000728002,,,,,,,,,,
strong_1.00__rupture_0__weak_0.25__floor_candidate_ballot__recipient_prediction_tilted,strong_incumbent_veto,pres_2017,sido_30,A,B,0.14222159439442095,0.1258437002381364,1.0,1.0,0.1258437002381364,0.2396170369219419,0.0,0.01,0.2396170369219419,0.029086009721897926,0.003660291088566044,,,,,,,,,,
strong_1.00__rupture_0__weak_0.25__floor_candidate_ballot__recipient_prediction_tilted,strong_incumbent_veto,pres_2017,sido_31,A,B,0.14222159439442095,0.1258437002381364,1.0,1.0,0.1258437002381364,0.3553353097157836,0.0,0.01,0.3553353097157836,0.03151593008562664,0.003966081258421664,,,,,,,,,,
strong_1.00__rupture_0__weak_0.25__floor_candidate_ballot__recipient_prediction_tilted,strong_incumbent_veto,pres_2017,sido_36,A,B,0.14222159439442095,0.1258437002381364,1.0,1.0,0.1258437002381364,0.1724331995485346,0.0,0.01,0.1724331995485346,0.05851073368036361,0.007363207229985109,,,,,,,,,,
strong_1.00__rupture_0__weak_0.25__floor_candidate_ballot__recipient_prediction_tilted,strong_incumbent_veto,pres_2017,sido_41,A,B,0.14222159439442095,0.1258437002381364,1.0,1.0,0.1258437002381364,0.2904867750077805,0.0,0.01,0.2904867750077805,0.029907444360296687,0.0037636634629659195,,,,,,,,,,
strong_1.00__rupture_0__weak_0.25__floor_candidate_ballot__recipient_prediction_tilted,strong_incumbent_veto,pres_2017,sido_42,A,B,0.14222159439442095,0.1258437002381364,1.0,1.0,0.1258437002381364,0.3376440484133232,0.0,0.01,0.3376440484133232,0.03245600676312743,0.004084383986025937,,,,,,,,,,
strong_1.00__rupture_0__weak_0.25__floor_candidate_ballot__recipient_prediction_tilted,strong_incumbent_veto,pres_2017,sido_43,A,B,0.14222159439442095,0.1258437002381364,1.0,1.0,0.1258437002381364,0.2911638514975106,0.0,0.01,0.2911638514975106,0.03015423544612711,0.003794720566392607,,,,,,,,,,
strong_1.00__rupture_0__weak_0.25__floor_candidate_ballot__recipient_prediction_tilted,strong_incumbent_veto,pres_2017,sido_44,A,B,0.14222159439442095,0.1258437002381364,1.0,1.0,0.1258437002381364,0.2550776099850012,0.0,0.01,0.2550776099850012,0.030969977487163403,0.003897376563276424,,,,,,,,,,
strong_1.00__rupture_0__weak_0.25__floor_candidate_ballot__recipient_prediction_tilted,strong_incumbent_veto,pres_2017,sido_45,A,B,0.14222159439442095,0.1258437002381364,1.0,1.0,0.1258437002381364,0.0682483484546126,0.0,0.01,0.0682483484546126,0.025322934131601596,0.003186731732007344,,,,,,,,,,
strong_1.00__rupture_0__weak_0.25__floor_candidate_ballot__recipient_prediction_tilted,strong_incumbent_veto,pres_2017,sido_46,A,B,0.14222159439442095,0.1258437002381364,1.0,1.0,0.1258437002381364,0.0438553923470368,0.0,0.01,0.0438553923470368,0.020205248004484,0.002542703173113488,,,,,,,,,,
strong_1.00__rupture_0__weak_0.25__floor_candidate_ballot__recipient_prediction_tilted,strong_incumbent_veto,pres_2017,sido_47,A,B,0.14222159439442095,0.1258437002381364,1.0,1.0,0.1258437002381364,0.4863134552896404,0.0,0.01,0.4863134552896404,0.03603439177059248,0.004534701196242009,,,,,,,,,,
strong_1.00__rupture_0__weak_0.25__floor_candidate_ballot__recipient_prediction_tilted,strong_incumbent_veto,pres_2017,sido_48,A,B,0.14222159439442095,0.1258437002381364,1.0,1.0,0.1258437002381364,0.3752628188705947,0.0,0.01,0.3752628188705947,0.034783946318121595,0.004377340513557123,,,,,,,,,,
strong_1.00__rupture_0__weak_0.25__floor_candidate_ballot__recipient_prediction_tilted,strong_incumbent_veto,pres_2017,sido_50,A,B,0.14222159439442095,0.1258437002381364,1.0,1.0,0.1258437002381364,0.2397495310485979,0.0,0.01,0.2397495310485979,0.045654470168853906,0.005745327458460191,,,,,,,,,,
strong_1.00__rupture_0__weak_0.25__floor_candidate_ballot__recipient_prediction_tilted,weak_same_lane_refusal,pres_2002,sido_11,,,,,,,,,,,,,0.010842633456907926,C,A|B,0.0172553182802303,candidate_ballot,prediction_tilted,0.0172553182802303,0.060625852107862005,0.0433705338276317,0.25,0.04978321865095408
strong_1.00__rupture_0__weak_0.25__floor_candidate_ballot__recipient_prediction_tilted,weak_same_lane_refusal,pres_2002,sido_26,,,,,,,,,,,,,0.0167082641960545,C,A|B,0.039818482004606,candidate_ballot,prediction_tilted,0.039818482004606,0.106651538788824,0.066833056784218,0.25,0.08994327459276949
strong_1.00__rupture_0__weak_0.25__floor_candidate_ballot__recipient_prediction_tilted,weak_same_lane_refusal,pres_2002,sido_27,,,,,,,,,,,,,0.011476550800502226,C,A|B,0.0058164519761945,candidate_ballot,prediction_tilted,0.0058164519761945,0.0517226551782034,0.0459062032020089,0.25,0.04024610437770118
strong_1.00__rupture_0__weak_0.25__floor_candidate_ballot__recipient_prediction_tilted,weak_same_lane_refusal,pres_2002,sido_28,,,,,,,,,,,,,0.009323625249517652,C,A|B,0.0255062904560678,candidate_ballot,prediction_tilted,0.0255062904560678,0.0628007914541384,0.03729450099807061,0.25,0.05347716620462075
strong_1.00__rupture_0__weak_0.25__floor_candidate_ballot__recipient_prediction_tilted,weak_same_lane_refusal,pres_2002,sido_29,,,,,,,,,,,,,0.014181589031599096,C,A|B,0.0779749988731636,candidate_ballot,prediction_tilted,0.0779749988731636,0.13470135499955999,0.056726356126396385,0.25,0.12051976596796089
strong_1.00__rupture_0__weak_0.25__floor_candidate_ballot__recipient_prediction_tilted,weak_same_lane_refusal,pres_2002,sido_30,,,,,,,,,,,,,0.014112278446669096,C,A|B,0.0189676131685742,candidate_ballot,prediction_tilted,0.0189676131685742,0.07541672695525059,0.056449113786676386,0.25,0.061304448508581494
strong_1.00__rupture_0__weak_0.25__floor_candidate_ballot__recipient_prediction_tilted,weak_same_lane_refusal,pres_2002,sido_41,,,,,,,,,,,,,0.009335599488619926,C,A|B,0.0208780312728109,candidate_ballot,prediction_tilted,0.0208780312728109,0.0582204292272906,0.0373423979544797,0.25,0.04888482973867067
strong_1.00__rupture_0__weak_0.25__floor_candidate_ballot__recipient_prediction_tilted,weak_same_lane_refusal,pres_2002,sido_42,,,,,,,,,,,,,0.016604712040343528,C,A|B,0.0200289187580357,candidate_ballot,prediction_tilted,0.0200289187580357,0.08644776691940981,0.06641884816137411,0.25,0.06984305487906628
strong_1.00__rupture_0__weak_0.25__floor_candidate_ballot__recipient_prediction_tilted,weak_same_lane_refusal,pres_2002,sido_43,,,,,,,,,,,,,0.015358920284495776,C,A|B,0.0118716878700329,candidate_ballot,prediction_tilted,0.0118716878700329,0.073307369008016,0.0614356811379831,0.25,0.05794844872352023
strong_1.00__rupture_0__weak_0.25__floor_candidate_ballot__recipient_prediction_tilted,weak_same_lane_refusal,pres_2002,sido_44,,,,,,,,,,,,,0.0089644993647145,C,A|B,0.0095463081839152,candidate_ballot,prediction_tilted,0.0095463081839152,0.0454043056427732,0.035857997458858,0.25,0.0364398062780587
strong_1.00__rupture_0__weak_0.25__floor_candidate_ballot__recipient_prediction_tilted,weak_same_lane_refusal,pres_2002,sido_45,,,,,,,,,,,,,0.026208020258169047,C,A|B,0.0228231814936564,candidate_ballot,prediction_tilted,0.0228231814936564,0.12765526252633258,0.10483208103267619,0.25,0.10144724226816354
strong_1.00__rupture_0__weak_0.25__floor_candidate_ballot__recipient_prediction_tilted,weak_same_lane_refusal,pres_2002,sido_46,,,,,,,,,,,,,0.030568214159661277,C,A|B,0.0132624825931937,candidate_ballot,prediction_tilted,0.0132624825931937,0.1355353392318388,0.12227285663864511,0.25,0.10496712507217752
strong_1.00__rupture_0__weak_0.25__floor_candidate_ballot__recipient_prediction_tilted,weak_same_lane_refusal,pres_2002,sido_47,,,,,,,,,,,,,0.003816306604965524,C,A|B,0.0296959172831779,candidate_ballot,prediction_tilted,0.0296959172831779,0.044961143703039996,0.015265226419862096,0.25,0.04114483709807447
strong_1.00__rupture_0__weak_0.25__floor_candidate_ballot__recipient_prediction_tilted,weak_same_lane_refusal,pres_2002,sido_48,,,,,,,,,,,,,0.013774585068221377,C,A|B,0.0344685791555901,candidate_ballot,prediction_tilted,0.0344685791555901,0.08956691942847561,0.05509834027288551,0.25,0.07579233436025423
strong_1.00__rupture_0__weak_0.25__floor_candidate_ballot__recipient_prediction_tilted,weak_same_lane_refusal,pres_2002,sido_50,,,,,,,,,,,,,0.03681425244378042,C,A|B,0.0,candidate_ballot,prediction_tilted,0.0,0.14725700977512168,0.14725700977512168,0.25,0.11044275733134126
strong_1.00__rupture_0__weak_0.25__floor_candidate_ballot__recipient_prediction_tilted,weak_same_lane_refusal,pres_2022,sido_11,,,,,,,,,,,,,0.005216039967730201,C,A|B,0.029384832583875,candidate_ballot,prediction_tilted,0.029384832583875,0.050248992454795804,0.020864159870920804,0.25,0.045032952487065604
strong_1.00__rupture_0__weak_0.25__floor_candidate_ballot__recipient_prediction_tilted,weak_same_lane_refusal,pres_2022,sido_26,,,,,,,,,,,,,0.0018344615027772494,C,A|B,0.0399820977460082,candidate_ballot,prediction_tilted,0.0399820977460082,0.0473199437571172,0.007337846011108998,0.25,0.045485482254339946
strong_1.00__rupture_0__weak_0.25__floor_candidate_ballot__recipient_prediction_tilted,weak_same_lane_refusal,pres_2022,sido_28,,,,,,,,,,,,,0.0012328698203317758,C,A|B,0.0485003528440327,candidate_ballot,prediction_tilted,0.0485003528440327,0.053431832125359804,0.004931479281327103,0.25,0.05219896230502803
strong_1.00__rupture_0__weak_0.25__floor_candidate_ballot__recipient_prediction_tilted,weak_same_lane_refusal,pres_2022,sido_30,,,,,,,,,,,,,0.005386760332049399,C,A|B,0.0287620743601844,candidate_ballot,prediction_tilted,0.0287620743601844,0.050309115688382,0.021547041328197597,0.25,0.0449223553563326
strong_1.00__rupture_0__weak_0.25__floor_candidate_ballot__recipient_prediction_tilted,weak_same_lane_refusal,pres_2022,sido_36,,,,,,,,,,,,,0.002205745011815176,C,A|B,0.0509430370441767,candidate_ballot,prediction_tilted,0.0509430370441767,0.059766017091437404,0.008822980047260703,0.25,0.05756027207962223
strong_1.00__rupture_0__weak_0.25__floor_candidate_ballot__recipient_prediction_tilted,weak_same_lane_refusal,pres_2022,sido_41,,,,,,,,,,,,,0.0021519602142176016,C,A|B,0.0359763522960836,candidate_ballot,prediction_tilted,0.0359763522960836,0.044584193152954005,0.008607840856870407,0.25,0.0424322329387364
strong_1.00__rupture_0__weak_0.25__floor_candidate_ballot__recipient_prediction_tilted,weak_same_lane_refusal,pres_2022,sido_42,,,,,,,,,,,,,0.0039742774092567,C,A|B,0.0308172356117518,candidate_ballot,prediction_tilted,0.0308172356117518,0.0467143452487786,0.0158971096370268,0.25,0.0427400678395219
strong_1.00__rupture_0__weak_0.25__floor_candidate_ballot__recipient_prediction_tilted,weak_same_lane_refusal,pres_2022,sido_43,,,,,,,,,,,,,0.003193985570342424,C,A|B,0.0345580698080987,candidate_ballot,prediction_tilted,0.0345580698080987,0.0473340120894684,0.012775942281369697,0.25,0.04414002651912598
strong_1.00__rupture_0__weak_0.25__floor_candidate_ballot__recipient_prediction_tilted,weak_same_lane_refusal,pres_2022,sido_44,,,,,,,,,,,,,0.004022255382646875,C,A|B,0.0309340683403439,candidate_ballot,prediction_tilted,0.0309340683403439,0.0470230898709314,0.0160890215305875,0.25,0.043000834488284526
strong_1.00__rupture_0__weak_0.25__floor_candidate_ballot__recipient_prediction_tilted,weak_same_lane_refusal,pres_2022,sido_45,,,,,,,,,,,,,0.006611886926224551,C,A|B,0.0459485902537228,candidate_ballot,prediction_tilted,0.0459485902537228,0.072396137958621,0.026447547704898204,0.25,0.06578425103239645
strong_1.00__rupture_0__weak_0.25__floor_candidate_ballot__recipient_prediction_tilted,weak_same_lane_refusal,pres_2022,sido_46,,,,,,,,,,,,,0.003124877750816251,C,A|B,0.0592373366011094,candidate_ballot,prediction_tilted,0.0592373366011094,0.0717368476043744,0.012499511003265004,0.25,0.06861196985355815
strong_1.00__rupture_0__weak_0.25__floor_candidate_ballot__recipient_prediction_tilted,weak_same_lane_refusal,pres_2022,sido_47,,,,,,,,,,,,,0.00025967077121429906,C,A|B,0.0343795636905044,candidate_ballot,prediction_tilted,0.0343795636905044,0.035418246775361595,0.0010386830848571962,0.25,0.0351585760041473
strong_1.00__rupture_0__weak_0.25__floor_candidate_ballot__recipient_prediction_tilted,weak_same_lane_refusal,pres_2022,sido_50,,,,,,,,,,,,,0.005824835521926801,C,A|B,0.0503767176193264,candidate_ballot,prediction_tilted,0.0503767176193264,0.0736760597070336,0.023299342087707203,0.25,0.0678512241851068
strong_1.00__rupture_0__weak_0.25__floor_theoretical__recipient_affinity_only,strong_incumbent_veto,pres_2007,sido_11,A,B,0.1550560112006703,0.1830565695612803,0.6837328178902612,1.0,0.1251617841394588,0.224727422604459,0.0,0.01,0.224727422604459,0.11575376295856316,0.014487947492749764,,,,,,,,,,
strong_1.00__rupture_0__weak_0.25__floor_theoretical__recipient_affinity_only,strong_incumbent_veto,pres_2007,sido_26,A,B,0.1550560112006703,0.1830565695612803,0.6837328178902612,1.0,0.1251617841394588,0.1230144019232013,0.0,0.01,0.1230144019232013,0.06769999442714049,0.008473452088732321,,,,,,,,,,
strong_1.00__rupture_0__weak_0.25__floor_theoretical__recipient_affinity_only,strong_incumbent_veto,pres_2007,sido_27,A,B,0.1550560112006703,0.1830565695612803,0.6837328178902612,1.0,0.1251617841394588,0.0533297784427378,0.0,0.01,0.0533297784427378,0.036548243373766096,0.004574443347823718,,,,,,,,,,
strong_1.00__rupture_0__weak_0.25__floor_theoretical__recipient_affinity_only,strong_incumbent_veto,pres_2007,sido_28,A,B,0.1550560112006703,0.1830565695612803,0.6837328178902612,1.0,0.1251617841394588,0.1882964963574757,0.0,0.01,0.1882964963574757,0.1253482410577939,0.015688809489536448,,,,,,,,,,
strong_1.00__rupture_0__weak_0.25__floor_theoretical__recipient_affinity_only,strong_incumbent_veto,pres_2007,sido_29,A,B,0.1550560112006703,0.1830565695612803,0.6837328178902612,1.0,0.1251617841394588,0.5063986688693,0.0,0.01,0.5063986688693,0.24746182449968468,0.030972763460786173,,,,,,,,,,
strong_1.00__rupture_0__weak_0.25__floor_theoretical__recipient_affinity_only,strong_incumbent_veto,pres_2007,sido_30,A,B,0.1550560112006703,0.1830565695612803,0.6837328178902612,1.0,0.1251617841394588,0.1749885957265136,0.0,0.01,0.1749885957265136,0.1550161062926277,0.019402092433937267,,,,,,,,,,
strong_1.00__rupture_0__weak_0.25__floor_theoretical__recipient_affinity_only,strong_incumbent_veto,pres_2007,sido_31,A,B,0.1550560112006703,0.1830565695612803,0.6837328178902612,1.0,0.1251617841394588,0.0922216716368157,0.0,0.01,0.0922216716368157,0.0762003677779345,0.00953737398316921,,,,,,,,,,
strong_1.00__rupture_0__weak_0.25__floor_theoretical__recipient_affinity_only,strong_incumbent_veto,pres_2007,sido_41,A,B,0.1550560112006703,0.1830565695612803,0.6837328178902612,1.0,0.1251617841394588,0.1969781637048186,0.0,0.01,0.1969781637048186,0.12484403173333555,0.015625701750907488,,,,,,,,,,
strong_1.00__rupture_0__weak_0.25__floor_theoretical__recipient_affinity_only,strong_incumbent_veto,pres_2007,sido_42,A,B,0.1550560112006703,0.1830565695612803,0.6837328178902612,1.0,0.1251617841394588,0.1620964538589391,0.0,0.01,0.1620964538589391,0.0926504884460915,0.011596300435305126,,,,,,,,,,
strong_1.00__rupture_0__weak_0.25__floor_theoretical__recipient_affinity_only,strong_incumbent_veto,pres_2007,sido_43,A,B,0.1550560112006703,0.1830565695612803,0.6837328178902612,1.0,0.1251617841394588,0.1871115693451475,0.0,0.01,0.1871115693451475,0.1250937284019757,0.015656954231448167,,,,,,,,,,
strong_1.00__rupture_0__weak_0.25__floor_theoretical__recipient_affinity_only,strong_incumbent_veto,pres_2007,sido_44,A,B,0.1550560112006703,0.1830565695612803,0.6837328178902612,1.0,0.1251617841394588,0.1339414116449834,0.0,0.01,0.1339414116449834,0.1803984259604589,0.0225789888491611,,,,,,,,,,
strong_1.00__rupture_0__weak_0.25__floor_theoretical__recipient_affinity_only,strong_incumbent_veto,pres_2007,sido_45,A,B,0.1550560112006703,0.1830565695612803,0.6837328178902612,1.0,0.1251617841394588,0.5050615589935803,0.0,0.01,0.5050615589935803,0.2489963619554737,0.03116482890658155,,,,,,,,,,
strong_1.00__rupture_0__weak_0.25__floor_theoretical__recipient_affinity_only,strong_incumbent_veto,pres_2007,sido_46,A,B,0.1550560112006703,0.1830565695612803,0.6837328178902612,1.0,0.1251617841394588,0.5115021109033597,0.0,0.01,0.5115021109033597,0.2436089090943725,0.03049052569451889,,,,,,,,,,
strong_1.00__rupture_0__weak_0.25__floor_theoretical__recipient_affinity_only,strong_incumbent_veto,pres_2007,sido_47,A,B,0.1550560112006703,0.1830565695612803,0.6837328178902612,1.0,0.1251617841394588,0.0689035077128128,0.0,0.01,0.0689035077128128,0.03689871266594581,0.004618308709719025,,,,,,,,,,
strong_1.00__rupture_0__weak_0.25__floor_theoretical__recipient_affinity_only,strong_incumbent_veto,pres_2007,sido_48,A,B,0.1550560112006703,0.1830565695612803,0.6837328178902612,1.0,0.1251617841394588,0.0994668855013218,0.0,0.01,0.0994668855013218,0.0644903902204684,0.008071732299843731,,,,,,,,,,
strong_1.00__rupture_0__weak_0.25__floor_theoretical__recipient_affinity_only,strong_incumbent_veto,pres_2007,sido_50,A,B,0.1550560112006703,0.1830565695612803,0.6837328178902612,1.0,0.1251617841394588,0.0,0.0,0.01,0.0,0.2696919174747736,0.033755121559134356,,,,,,,,,,
strong_1.00__rupture_0__weak_0.25__floor_theoretical__recipient_affinity_only,strong_incumbent_veto,pres_2017,sido_11,A,B,0.14222159439442095,0.1258437002381364,1.0,1.0,0.1258437002381364,0.2981507946412702,0.0,0.01,0.2981507946412702,0.020775818418153735,0.002614505865216092,,,,,,,,,,
strong_1.00__rupture_0__weak_0.25__floor_theoretical__recipient_affinity_only,strong_incumbent_veto,pres_2017,sido_26,A,B,0.14222159439442095,0.1258437002381364,1.0,1.0,0.1258437002381364,0.3539560494922693,0.0,0.01,0.3539560494922693,0.03533489788607641,0.00444667429752056,,,,,,,,,,
strong_1.00__rupture_0__weak_0.25__floor_theoretical__recipient_affinity_only,strong_incumbent_veto,pres_2017,sido_27,A,B,0.14222159439442095,0.1258437002381364,1.0,1.0,0.1258437002381364,0.4618834178563183,0.0,0.01,0.4618834178563183,0.035586450889516674,0.004478330658279499,,,,,,,,,,
strong_1.00__rupture_0__weak_0.25__floor_theoretical__recipient_affinity_only,strong_incumbent_veto,pres_2017,sido_28,A,B,0.14222159439442095,0.1258437002381364,1.0,1.0,0.1258437002381364,0.2930148075897038,0.0,0.01,0.2930148075897038,0.02963264010423733,0.0037290810785422213,,,,,,,,,,
strong_1.00__rupture_0__weak_0.25__floor_theoretical__recipient_affinity_only,strong_incumbent_veto,pres_2017,sido_29,A,B,0.14222159439442095,0.1258437002381364,1.0,1.0,0.1258437002381364,0.0341806016229801,0.0,0.01,0.0341806016229801,0.020989257269728195,0.0026413658000728002,,,,,,,,,,
strong_1.00__rupture_0__weak_0.25__floor_theoretical__recipient_affinity_only,strong_incumbent_veto,pres_2017,sido_30,A,B,0.14222159439442095,0.1258437002381364,1.0,1.0,0.1258437002381364,0.2396170369219419,0.0,0.01,0.2396170369219419,0.029086009721897926,0.003660291088566044,,,,,,,,,,
strong_1.00__rupture_0__weak_0.25__floor_theoretical__recipient_affinity_only,strong_incumbent_veto,pres_2017,sido_31,A,B,0.14222159439442095,0.1258437002381364,1.0,1.0,0.1258437002381364,0.3553353097157836,0.0,0.01,0.3553353097157836,0.03151593008562664,0.003966081258421664,,,,,,,,,,
strong_1.00__rupture_0__weak_0.25__floor_theoretical__recipient_affinity_only,strong_incumbent_veto,pres_2017,sido_36,A,B,0.14222159439442095,0.1258437002381364,1.0,1.0,0.1258437002381364,0.1724331995485346,0.0,0.01,0.1724331995485346,0.05851073368036361,0.007363207229985109,,,,,,,,,,
strong_1.00__rupture_0__weak_0.25__floor_theoretical__recipient_affinity_only,strong_incumbent_veto,pres_2017,sido_41,A,B,0.14222159439442095,0.1258437002381364,1.0,1.0,0.1258437002381364,0.2904867750077805,0.0,0.01,0.2904867750077805,0.029907444360296687,0.0037636634629659195,,,,,,,,,,
strong_1.00__rupture_0__weak_0.25__floor_theoretical__recipient_affinity_only,strong_incumbent_veto,pres_2017,sido_42,A,B,0.14222159439442095,0.1258437002381364,1.0,1.0,0.1258437002381364,0.3376440484133232,0.0,0.01,0.3376440484133232,0.03245600676312743,0.004084383986025937,,,,,,,,,,
strong_1.00__rupture_0__weak_0.25__floor_theoretical__recipient_affinity_only,strong_incumbent_veto,pres_2017,sido_43,A,B,0.14222159439442095,0.1258437002381364,1.0,1.0,0.1258437002381364,0.2911638514975106,0.0,0.01,0.2911638514975106,0.03015423544612711,0.003794720566392607,,,,,,,,,,
strong_1.00__rupture_0__weak_0.25__floor_theoretical__recipient_affinity_only,strong_incumbent_veto,pres_2017,sido_44,A,B,0.14222159439442095,0.1258437002381364,1.0,1.0,0.1258437002381364,0.2550776099850012,0.0,0.01,0.2550776099850012,0.030969977487163403,0.003897376563276424,,,,,,,,,,
strong_1.00__rupture_0__weak_0.25__floor_theoretical__recipient_affinity_only,strong_incumbent_veto,pres_2017,sido_45,A,B,0.14222159439442095,0.1258437002381364,1.0,1.0,0.1258437002381364,0.0682483484546126,0.0,0.01,0.0682483484546126,0.025322934131601596,0.003186731732007344,,,,,,,,,,
strong_1.00__rupture_0__weak_0.25__floor_theoretical__recipient_affinity_only,strong_incumbent_veto,pres_2017,sido_46,A,B,0.14222159439442095,0.1258437002381364,1.0,1.0,0.1258437002381364,0.0438553923470368,0.0,0.01,0.0438553923470368,0.020205248004484,0.002542703173113488,,,,,,,,,,
strong_1.00__rupture_0__weak_0.25__floor_theoretical__recipient_affinity_only,strong_incumbent_veto,pres_2017,sido_47,A,B,0.14222159439442095,0.1258437002381364,1.0,1.0,0.1258437002381364,0.4863134552896404,0.0,0.01,0.4863134552896404,0.03603439177059248,0.004534701196242009,,,,,,,,,,
strong_1.00__rupture_0__weak_0.25__floor_theoretical__recipient_affinity_only,strong_incumbent_veto,pres_2017,sido_48,A,B,0.14222159439442095,0.1258437002381364,1.0,1.0,0.1258437002381364,0.3752628188705947,0.0,0.01,0.3752628188705947,0.034783946318121595,0.004377340513557123,,,,,,,,,,
strong_1.00__rupture_0__weak_0.25__floor_theoretical__recipient_affinity_only,strong_incumbent_veto,pres_2017,sido_50,A,B,0.14222159439442095,0.1258437002381364,1.0,1.0,0.1258437002381364,0.2397495310485979,0.0,0.01,0.2397495310485979,0.045654470168853906,0.005745327458460191,,,,,,,,,,
strong_1.00__rupture_0__weak_0.25__floor_theoretical__recipient_affinity_only,weak_same_lane_refusal,pres_2002,sido_11,,,,,,,,,,,,,0.0126564630269655,C,A,0.0172553182802303,theoretical,affinity_only,0.01,0.060625852107862005,0.050625852107862,0.25,0.047969389080896506
strong_1.00__rupture_0__weak_0.25__floor_theoretical__recipient_affinity_only,weak_same_lane_refusal,pres_2002,sido_26,,,,,,,,,,,,,0.024162884697206,C,A,0.039818482004606,theoretical,affinity_only,0.01,0.106651538788824,0.096651538788824,0.25,0.082488654091618
strong_1.00__rupture_0__weak_0.25__floor_theoretical__recipient_affinity_only,weak_same_lane_refusal,pres_2002,sido_27,,,,,,,,,,,,,0.01043066379455085,C,A,0.0058164519761945,theoretical,affinity_only,0.01,0.0517226551782034,0.0417226551782034,0.25,0.041291991383652554
strong_1.00__rupture_0__weak_0.25__floor_theoretical__recipient_affinity_only,weak_same_lane_refusal,pres_2002,sido_28,,,,,,,,,,,,,0.0132001978635346,C,A,0.0255062904560678,theoretical,affinity_only,0.01,0.0628007914541384,0.0528007914541384,0.25,0.0496005935906038
strong_1.00__rupture_0__weak_0.25__floor_theoretical__recipient_affinity_only,weak_same_lane_refusal,pres_2002,sido_29,,,,,,,,,,,,,0.031175338749889998,C,A,0.0779749988731636,theoretical,affinity_only,0.01,0.13470135499955999,0.12470135499955999,0.25,0.10352601624966999
strong_1.00__rupture_0__weak_0.25__floor_theoretical__recipient_affinity_only,weak_same_lane_refusal,pres_2002,sido_30,,,,,,,,,,,,,0.01635418173881265,C,A,0.0189676131685742,theoretical,affinity_only,0.01,0.07541672695525059,0.0654167269552506,0.25,0.059062545216437945
strong_1.00__rupture_0__weak_0.25__floor_theoretical__recipient_affinity_only,weak_same_lane_refusal,pres_2002,sido_31,,,,,,,,,,,,,0.06135040761748985,C,A,0.3115852121639049,theoretical,affinity_only,0.01,0.2554016304699594,0.2454016304699594,0.25,0.19405122285246956
strong_1.00__rupture_0__weak_0.25__floor_theoretical__recipient_affinity_only,weak_same_lane_refusal,pres_2002,sido_41,,,,,,,,,,,,,0.01205510730682265,C,A,0.0208780312728109,theoretical,affinity_only,0.01,0.0582204292272906,0.0482204292272906,0.25,0.04616532192046795
strong_1.00__rupture_0__weak_0.25__floor_theoretical__recipient_affinity_only,weak_same_lane_refusal,pres_2002,sido_42,,,,,,,,,,,,,0.019111941729852453,C,A,0.0200289187580357,theoretical,affinity_only,0.01,0.08644776691940981,0.07644776691940981,0.25,0.06733582518955736
strong_1.00__rupture_0__weak_0.25__floor_theoretical__recipient_affinity_only,weak_same_lane_refusal,pres_2002,sido_43,,,,,,,,,,,,,0.015826842252004,C,A,0.0118716878700329,theoretical,affinity_only,0.01,0.073307369008016,0.063307369008016,0.25,0.057480526756012
strong_1.00__rupture_0__weak_0.25__floor_theoretical__recipient_affinity_only,weak_same_lane_refusal,pres_2002,sido_44,,,,,,,,,,,,,0.0088510764106933,C,A,0.0095463081839152,theoretical,affinity_only,0.01,0.0454043056427732,0.0354043056427732,0.25,0.036553229232079903
strong_1.00__rupture_0__weak_0.25__floor_theoretical__recipient_affinity_only,weak_same_lane_refusal,pres_2002,sido_45,,,,,,,,,,,,,0.029413815631583146,C,A,0.0228231814936564,theoretical,affinity_only,0.01,0.12765526252633258,0.11765526252633259,0.25,0.09824144689474944
strong_1.00__rupture_0__weak_0.25__floor_theoretical__recipient_affinity_only,weak_same_lane_refusal,pres_2002,sido_46,,,,,,,,,,,,,0.0313838348079597,C,A,0.0132624825931937,theoretical,affinity_only,0.01,0.1355353392318388,0.1255353392318388,0.25,0.1041515044238791
strong_1.00__rupture_0__weak_0.25__floor_theoretical__recipient_affinity_only,weak_same_lane_refusal,pres_2002,sido_47,,,,,,,,,,,,,0.008740285925759999,C,A,0.0296959172831779,theoretical,affinity_only,0.01,0.044961143703039996,0.034961143703039994,0.25,0.03622085777728
strong_1.00__rupture_0__weak_0.25__floor_theoretical__recipient_affinity_only,weak_same_lane_refusal,pres_2002,sido_48,,,,,,,,,,,,,0.019891729857118904,C,A,0.0344685791555901,theoretical,affinity_only,0.01,0.08956691942847561,0.07956691942847562,0.25,0.06967518957135671
strong_1.00__rupture_0__weak_0.25__floor_theoretical__recipient_affinity_only,weak_same_lane_refusal,pres_2002,sido_50,,,,,,,,,,,,,0.03431425244378042,C,A,0.0,theoretical,affinity_only,0.01,0.14725700977512168,0.13725700977512167,0.25,0.11294275733134126
strong_1.00__rupture_0__weak_0.25__floor_theoretical__recipient_affinity_only,weak_same_lane_refusal,pres_2022,sido_11,,,,,,,,,,,,,0.01006224811369895,C,B,0.029384832583875,theoretical,affinity_only,0.01,0.050248992454795804,0.0402489924547958,0.25,0.040186744341096856
strong_1.00__rupture_0__weak_0.25__floor_theoretical__recipient_affinity_only,weak_same_lane_refusal,pres_2022,sido_26,,,,,,,,,,,,,0.0093299859392793,C,B,0.0399820977460082,theoretical,affinity_only,0.01,0.0473199437571172,0.0373199437571172,0.25,0.0379899578178379
strong_1.00__rupture_0__weak_0.25__floor_theoretical__recipient_affinity_only,weak_same_lane_refusal,pres_2022,sido_27,,,,,,,,,,,,,0.006468246249250499,C,B,0.0389354436816256,theoretical,affinity_only,0.01,0.035872984997002,0.025872984997001996,0.25,0.0294047387477515
strong_1.00__rupture_0__weak_0.25__floor_theoretical__recipient_affinity_only,weak_same_lane_refusal,pres_2022,sido_28,,,,,,,,,,,,,0.01085795803133995,C,B,0.0485003528440327,theoretical,affinity_only,0.01,0.053431832125359804,0.0434318321253598,0.25,0.04257387409401985
strong_1.00__rupture_0__weak_0.25__floor_theoretical__recipient_affinity_only,weak_same_lane_refusal,pres_2022,sido_29,,,,,,,,,,,,,0.0186724126166626,C,B,0.0876883018010707,theoretical,affinity_only,0.01,0.08468965046665039,0.0746896504666504,0.25,0.0660172378499878
strong_1.00__rupture_0__weak_0.25__floor_theoretical__recipient_affinity_only,weak_same_lane_refusal,pres_2022,sido_30,,,,,,,,,,,,,0.0100772789220955,C,B,0.0287620743601844,theoretical,affinity_only,0.01,0.050309115688382,0.040309115688382,0.25,0.0402318367662865
strong_1.00__rupture_0__weak_0.25__floor_theoretical__recipient_affinity_only,weak_same_lane_refusal,pres_2022,sido_31,,,,,,,,,,,,,0.0230607747165258,C,B,0.176134143020495,theoretical,affinity_only,0.01,0.1022430988661032,0.0922430988661032,0.25,0.07918232414957739
strong_1.00__rupture_0__weak_0.25__floor_theoretical__recipient_affinity_only,weak_same_lane_refusal,pres_2022,sido_36,,,,,,,,,,,,,0.01244150427285935,C,B,0.0509430370441767,theoretical,affinity_only,0.01,0.059766017091437404,0.0497660170914374,0.25,0.04732451281857805
strong_1.00__rupture_0__weak_0.25__floor_theoretical__recipient_affinity_only,weak_same_lane_refusal,pres_2022,sido_41,,,,,,,,,,,,,0.0086460482882385,C,B,0.0359763522960836,theoretical,affinity_only,0.01,0.044584193152954005,0.034584193152954,0.25,0.035938144864715506
strong_1.00__rupture_0__weak_0.25__floor_theoretical__recipient_affinity_only,weak_same_lane_refusal,pres_2022,sido_42,,,,,,,,,,,,,0.00917858631219465,C,B,0.0308172356117518,theoretical,affinity_only,0.01,0.0467143452487786,0.0367143452487786,0.25,0.03753575893658395
strong_1.00__rupture_0__weak_0.25__floor_theoretical__recipient_affinity_only,weak_same_lane_refusal,pres_2022,sido_43,,,,,,,,,,,,,0.0093335030223671,C,B,0.0345580698080987,theoretical,affinity_only,0.01,0.0473340120894684,0.0373340120894684,0.25,0.0380005090671013
strong_1.00__rupture_0__weak_0.25__floor_theoretical__recipient_affinity_only,weak_same_lane_refusal,pres_2022,sido_44,,,,,,,,,,,,,0.00925577246773285,C,B,0.0309340683403439,theoretical,affinity_only,0.01,0.0470230898709314,0.0370230898709314,0.25,0.03776731740319855
strong_1.00__rupture_0__weak_0.25__floor_theoretical__recipient_affinity_only,weak_same_lane_refusal,pres_2022,sido_45,,,,,,,,,,,,,0.01559903448965525,C,B,0.0459485902537228,theoretical,affinity_only,0.01,0.072396137958621,0.062396137958621,0.25,0.05679710346896575
strong_1.00__rupture_0__weak_0.25__floor_theoretical__recipient_affinity_only,weak_same_lane_refusal,pres_2022,sido_46,,,,,,,,,,,,,0.0154342119010936,C,B,0.0592373366011094,theoretical,affinity_only,0.01,0.0717368476043744,0.0617368476043744,0.25,0.056302635703280805
strong_1.00__rupture_0__weak_0.25__floor_theoretical__recipient_affinity_only,weak_same_lane_refusal,pres_2022,sido_47,,,,,,,,,,,,,0.006354561693840398,C,B,0.0343795636905044,theoretical,affinity_only,0.01,0.035418246775361595,0.025418246775361593,0.25,0.0290636850815212
strong_1.00__rupture_0__weak_0.25__floor_theoretical__recipient_affinity_only,weak_same_lane_refusal,pres_2022,sido_48,,,,,,,,,,,,,0.0131137634517944,C,B,0.0766151338961869,theoretical,affinity_only,0.01,0.0624550538071776,0.0524550538071776,0.25,0.0493412903553832
strong_1.00__rupture_0__weak_0.25__floor_theoretical__recipient_affinity_only,weak_same_lane_refusal,pres_2022,sido_50,,,,,,,,,,,,,0.0159190149267584,C,B,0.0503767176193264,theoretical,affinity_only,0.01,0.0736760597070336,0.0636760597070336,0.25,0.0577570447802752
strong_1.00__rupture_0__weak_0.25__floor_theoretical__recipient_prediction_tilted,strong_incumbent_veto,pres_2007,sido_11,A,B,0.1550560112006703,0.1830565695612803,0.6837328178902612,1.0,0.1251617841394588,0.224727422604459,0.0,0.01,0.224727422604459,0.11575376295856316,0.014487947492749764,,,,,,,,,,
strong_1.00__rupture_0__weak_0.25__floor_theoretical__recipient_prediction_tilted,strong_incumbent_veto,pres_2007,sido_26,A,B,0.1550560112006703,0.1830565695612803,0.6837328178902612,1.0,0.1251617841394588,0.1230144019232013,0.0,0.01,0.1230144019232013,0.06769999442714049,0.008473452088732321,,,,,,,,,,
strong_1.00__rupture_0__weak_0.25__floor_theoretical__recipient_prediction_tilted,strong_incumbent_veto,pres_2007,sido_27,A,B,0.1550560112006703,0.1830565695612803,0.6837328178902612,1.0,0.1251617841394588,0.0533297784427378,0.0,0.01,0.0533297784427378,0.036548243373766096,0.004574443347823718,,,,,,,,,,
strong_1.00__rupture_0__weak_0.25__floor_theoretical__recipient_prediction_tilted,strong_incumbent_veto,pres_2007,sido_28,A,B,0.1550560112006703,0.1830565695612803,0.6837328178902612,1.0,0.1251617841394588,0.1882964963574757,0.0,0.01,0.1882964963574757,0.1253482410577939,0.015688809489536448,,,,,,,,,,
strong_1.00__rupture_0__weak_0.25__floor_theoretical__recipient_prediction_tilted,strong_incumbent_veto,pres_2007,sido_29,A,B,0.1550560112006703,0.1830565695612803,0.6837328178902612,1.0,0.1251617841394588,0.5063986688693,0.0,0.01,0.5063986688693,0.24746182449968468,0.030972763460786173,,,,,,,,,,
strong_1.00__rupture_0__weak_0.25__floor_theoretical__recipient_prediction_tilted,strong_incumbent_veto,pres_2007,sido_30,A,B,0.1550560112006703,0.1830565695612803,0.6837328178902612,1.0,0.1251617841394588,0.1749885957265136,0.0,0.01,0.1749885957265136,0.1550161062926277,0.019402092433937267,,,,,,,,,,
strong_1.00__rupture_0__weak_0.25__floor_theoretical__recipient_prediction_tilted,strong_incumbent_veto,pres_2007,sido_31,A,B,0.1550560112006703,0.1830565695612803,0.6837328178902612,1.0,0.1251617841394588,0.0922216716368157,0.0,0.01,0.0922216716368157,0.0762003677779345,0.00953737398316921,,,,,,,,,,
strong_1.00__rupture_0__weak_0.25__floor_theoretical__recipient_prediction_tilted,strong_incumbent_veto,pres_2007,sido_41,A,B,0.1550560112006703,0.1830565695612803,0.6837328178902612,1.0,0.1251617841394588,0.1969781637048186,0.0,0.01,0.1969781637048186,0.12484403173333555,0.015625701750907488,,,,,,,,,,
strong_1.00__rupture_0__weak_0.25__floor_theoretical__recipient_prediction_tilted,strong_incumbent_veto,pres_2007,sido_42,A,B,0.1550560112006703,0.1830565695612803,0.6837328178902612,1.0,0.1251617841394588,0.1620964538589391,0.0,0.01,0.1620964538589391,0.0926504884460915,0.011596300435305126,,,,,,,,,,
strong_1.00__rupture_0__weak_0.25__floor_theoretical__recipient_prediction_tilted,strong_incumbent_veto,pres_2007,sido_43,A,B,0.1550560112006703,0.1830565695612803,0.6837328178902612,1.0,0.1251617841394588,0.1871115693451475,0.0,0.01,0.1871115693451475,0.1250937284019757,0.015656954231448167,,,,,,,,,,
strong_1.00__rupture_0__weak_0.25__floor_theoretical__recipient_prediction_tilted,strong_incumbent_veto,pres_2007,sido_44,A,B,0.1550560112006703,0.1830565695612803,0.6837328178902612,1.0,0.1251617841394588,0.1339414116449834,0.0,0.01,0.1339414116449834,0.1803984259604589,0.0225789888491611,,,,,,,,,,
strong_1.00__rupture_0__weak_0.25__floor_theoretical__recipient_prediction_tilted,strong_incumbent_veto,pres_2007,sido_45,A,B,0.1550560112006703,0.1830565695612803,0.6837328178902612,1.0,0.1251617841394588,0.5050615589935803,0.0,0.01,0.5050615589935803,0.2489963619554737,0.03116482890658155,,,,,,,,,,
strong_1.00__rupture_0__weak_0.25__floor_theoretical__recipient_prediction_tilted,strong_incumbent_veto,pres_2007,sido_46,A,B,0.1550560112006703,0.1830565695612803,0.6837328178902612,1.0,0.1251617841394588,0.5115021109033597,0.0,0.01,0.5115021109033597,0.2436089090943725,0.03049052569451889,,,,,,,,,,
strong_1.00__rupture_0__weak_0.25__floor_theoretical__recipient_prediction_tilted,strong_incumbent_veto,pres_2007,sido_47,A,B,0.1550560112006703,0.1830565695612803,0.6837328178902612,1.0,0.1251617841394588,0.0689035077128128,0.0,0.01,0.0689035077128128,0.03689871266594581,0.004618308709719025,,,,,,,,,,
strong_1.00__rupture_0__weak_0.25__floor_theoretical__recipient_prediction_tilted,strong_incumbent_veto,pres_2007,sido_48,A,B,0.1550560112006703,0.1830565695612803,0.6837328178902612,1.0,0.1251617841394588,0.0994668855013218,0.0,0.01,0.0994668855013218,0.0644903902204684,0.008071732299843731,,,,,,,,,,
strong_1.00__rupture_0__weak_0.25__floor_theoretical__recipient_prediction_tilted,strong_incumbent_veto,pres_2007,sido_50,A,B,0.1550560112006703,0.1830565695612803,0.6837328178902612,1.0,0.1251617841394588,0.0,0.0,0.01,0.0,0.2696919174747736,0.033755121559134356,,,,,,,,,,
strong_1.00__rupture_0__weak_0.25__floor_theoretical__recipient_prediction_tilted,strong_incumbent_veto,pres_2017,sido_11,A,B,0.14222159439442095,0.1258437002381364,1.0,1.0,0.1258437002381364,0.2981507946412702,0.0,0.01,0.2981507946412702,0.020775818418153735,0.002614505865216092,,,,,,,,,,
strong_1.00__rupture_0__weak_0.25__floor_theoretical__recipient_prediction_tilted,strong_incumbent_veto,pres_2017,sido_26,A,B,0.14222159439442095,0.1258437002381364,1.0,1.0,0.1258437002381364,0.3539560494922693,0.0,0.01,0.3539560494922693,0.03533489788607641,0.00444667429752056,,,,,,,,,,
strong_1.00__rupture_0__weak_0.25__floor_theoretical__recipient_prediction_tilted,strong_incumbent_veto,pres_2017,sido_27,A,B,0.14222159439442095,0.1258437002381364,1.0,1.0,0.1258437002381364,0.4618834178563183,0.0,0.01,0.4618834178563183,0.035586450889516674,0.004478330658279499,,,,,,,,,,
strong_1.00__rupture_0__weak_0.25__floor_theoretical__recipient_prediction_tilted,strong_incumbent_veto,pres_2017,sido_28,A,B,0.14222159439442095,0.1258437002381364,1.0,1.0,0.1258437002381364,0.2930148075897038,0.0,0.01,0.2930148075897038,0.02963264010423733,0.0037290810785422213,,,,,,,,,,
strong_1.00__rupture_0__weak_0.25__floor_theoretical__recipient_prediction_tilted,strong_incumbent_veto,pres_2017,sido_29,A,B,0.14222159439442095,0.1258437002381364,1.0,1.0,0.1258437002381364,0.0341806016229801,0.0,0.01,0.0341806016229801,0.020989257269728195,0.0026413658000728002,,,,,,,,,,
strong_1.00__rupture_0__weak_0.25__floor_theoretical__recipient_prediction_tilted,strong_incumbent_veto,pres_2017,sido_30,A,B,0.14222159439442095,0.1258437002381364,1.0,1.0,0.1258437002381364,0.2396170369219419,0.0,0.01,0.2396170369219419,0.029086009721897926,0.003660291088566044,,,,,,,,,,
strong_1.00__rupture_0__weak_0.25__floor_theoretical__recipient_prediction_tilted,strong_incumbent_veto,pres_2017,sido_31,A,B,0.14222159439442095,0.1258437002381364,1.0,1.0,0.1258437002381364,0.3553353097157836,0.0,0.01,0.3553353097157836,0.03151593008562664,0.003966081258421664,,,,,,,,,,
strong_1.00__rupture_0__weak_0.25__floor_theoretical__recipient_prediction_tilted,strong_incumbent_veto,pres_2017,sido_36,A,B,0.14222159439442095,0.1258437002381364,1.0,1.0,0.1258437002381364,0.1724331995485346,0.0,0.01,0.1724331995485346,0.05851073368036361,0.007363207229985109,,,,,,,,,,
strong_1.00__rupture_0__weak_0.25__floor_theoretical__recipient_prediction_tilted,strong_incumbent_veto,pres_2017,sido_41,A,B,0.14222159439442095,0.1258437002381364,1.0,1.0,0.1258437002381364,0.2904867750077805,0.0,0.01,0.2904867750077805,0.029907444360296687,0.0037636634629659195,,,,,,,,,,
strong_1.00__rupture_0__weak_0.25__floor_theoretical__recipient_prediction_tilted,strong_incumbent_veto,pres_2017,sido_42,A,B,0.14222159439442095,0.1258437002381364,1.0,1.0,0.1258437002381364,0.3376440484133232,0.0,0.01,0.3376440484133232,0.03245600676312743,0.004084383986025937,,,,,,,,,,
strong_1.00__rupture_0__weak_0.25__floor_theoretical__recipient_prediction_tilted,strong_incumbent_veto,pres_2017,sido_43,A,B,0.14222159439442095,0.1258437002381364,1.0,1.0,0.1258437002381364,0.2911638514975106,0.0,0.01,0.2911638514975106,0.03015423544612711,0.003794720566392607,,,,,,,,,,
strong_1.00__rupture_0__weak_0.25__floor_theoretical__recipient_prediction_tilted,strong_incumbent_veto,pres_2017,sido_44,A,B,0.14222159439442095,0.1258437002381364,1.0,1.0,0.1258437002381364,0.2550776099850012,0.0,0.01,0.2550776099850012,0.030969977487163403,0.003897376563276424,,,,,,,,,,
strong_1.00__rupture_0__weak_0.25__floor_theoretical__recipient_prediction_tilted,strong_incumbent_veto,pres_2017,sido_45,A,B,0.14222159439442095,0.1258437002381364,1.0,1.0,0.1258437002381364,0.0682483484546126,0.0,0.01,0.0682483484546126,0.025322934131601596,0.003186731732007344,,,,,,,,,,
strong_1.00__rupture_0__weak_0.25__floor_theoretical__recipient_prediction_tilted,strong_incumbent_veto,pres_2017,sido_46,A,B,0.14222159439442095,0.1258437002381364,1.0,1.0,0.1258437002381364,0.0438553923470368,0.0,0.01,0.0438553923470368,0.020205248004484,0.002542703173113488,,,,,,,,,,
strong_1.00__rupture_0__weak_0.25__floor_theoretical__recipient_prediction_tilted,strong_incumbent_veto,pres_2017,sido_47,A,B,0.14222159439442095,0.1258437002381364,1.0,1.0,0.1258437002381364,0.4863134552896404,0.0,0.01,0.4863134552896404,0.03603439177059248,0.004534701196242009,,,,,,,,,,
strong_1.00__rupture_0__weak_0.25__floor_theoretical__recipient_prediction_tilted,strong_incumbent_veto,pres_2017,sido_48,A,B,0.14222159439442095,0.1258437002381364,1.0,1.0,0.1258437002381364,0.3752628188705947,0.0,0.01,0.3752628188705947,0.034783946318121595,0.004377340513557123,,,,,,,,,,
strong_1.00__rupture_0__weak_0.25__floor_theoretical__recipient_prediction_tilted,strong_incumbent_veto,pres_2017,sido_50,A,B,0.14222159439442095,0.1258437002381364,1.0,1.0,0.1258437002381364,0.2397495310485979,0.0,0.01,0.2397495310485979,0.045654470168853906,0.005745327458460191,,,,,,,,,,
strong_1.00__rupture_0__weak_0.25__floor_theoretical__recipient_prediction_tilted,weak_same_lane_refusal,pres_2002,sido_11,,,,,,,,,,,,,0.0126564630269655,C,A|B,0.0172553182802303,theoretical,prediction_tilted,0.01,0.060625852107862005,0.050625852107862,0.25,0.047969389080896506
strong_1.00__rupture_0__weak_0.25__floor_theoretical__recipient_prediction_tilted,weak_same_lane_refusal,pres_2002,sido_26,,,,,,,,,,,,,0.024162884697206,C,A|B,0.039818482004606,theoretical,prediction_tilted,0.01,0.106651538788824,0.096651538788824,0.25,0.082488654091618
strong_1.00__rupture_0__weak_0.25__floor_theoretical__recipient_prediction_tilted,weak_same_lane_refusal,pres_2002,sido_27,,,,,,,,,,,,,0.01043066379455085,C,A|B,0.0058164519761945,theoretical,prediction_tilted,0.01,0.0517226551782034,0.0417226551782034,0.25,0.041291991383652554
strong_1.00__rupture_0__weak_0.25__floor_theoretical__recipient_prediction_tilted,weak_same_lane_refusal,pres_2002,sido_28,,,,,,,,,,,,,0.0132001978635346,C,A|B,0.0255062904560678,theoretical,prediction_tilted,0.01,0.0628007914541384,0.0528007914541384,0.25,0.0496005935906038
strong_1.00__rupture_0__weak_0.25__floor_theoretical__recipient_prediction_tilted,weak_same_lane_refusal,pres_2002,sido_29,,,,,,,,,,,,,0.031175338749889998,C,A|B,0.0779749988731636,theoretical,prediction_tilted,0.01,0.13470135499955999,0.12470135499955999,0.25,0.10352601624966999
strong_1.00__rupture_0__weak_0.25__floor_theoretical__recipient_prediction_tilted,weak_same_lane_refusal,pres_2002,sido_30,,,,,,,,,,,,,0.01635418173881265,C,A|B,0.0189676131685742,theoretical,prediction_tilted,0.01,0.07541672695525059,0.0654167269552506,0.25,0.059062545216437945
strong_1.00__rupture_0__weak_0.25__floor_theoretical__recipient_prediction_tilted,weak_same_lane_refusal,pres_2002,sido_31,,,,,,,,,,,,,0.06135040761748985,C,A|B,0.3115852121639049,theoretical,prediction_tilted,0.01,0.2554016304699594,0.2454016304699594,0.25,0.19405122285246956
strong_1.00__rupture_0__weak_0.25__floor_theoretical__recipient_prediction_tilted,weak_same_lane_refusal,pres_2002,sido_41,,,,,,,,,,,,,0.01205510730682265,C,A|B,0.0208780312728109,theoretical,prediction_tilted,0.01,0.0582204292272906,0.0482204292272906,0.25,0.04616532192046795
strong_1.00__rupture_0__weak_0.25__floor_theoretical__recipient_prediction_tilted,weak_same_lane_refusal,pres_2002,sido_42,,,,,,,,,,,,,0.019111941729852453,C,A|B,0.0200289187580357,theoretical,prediction_tilted,0.01,0.08644776691940981,0.07644776691940981,0.25,0.06733582518955736
strong_1.00__rupture_0__weak_0.25__floor_theoretical__recipient_prediction_tilted,weak_same_lane_refusal,pres_2002,sido_43,,,,,,,,,,,,,0.015826842252004,C,A|B,0.0118716878700329,theoretical,prediction_tilted,0.01,0.073307369008016,0.063307369008016,0.25,0.057480526756012
strong_1.00__rupture_0__weak_0.25__floor_theoretical__recipient_prediction_tilted,weak_same_lane_refusal,pres_2002,sido_44,,,,,,,,,,,,,0.0088510764106933,C,A|B,0.0095463081839152,theoretical,prediction_tilted,0.01,0.0454043056427732,0.0354043056427732,0.25,0.036553229232079903
strong_1.00__rupture_0__weak_0.25__floor_theoretical__recipient_prediction_tilted,weak_same_lane_refusal,pres_2002,sido_45,,,,,,,,,,,,,0.029413815631583146,C,A|B,0.0228231814936564,theoretical,prediction_tilted,0.01,0.12765526252633258,0.11765526252633259,0.25,0.09824144689474944
strong_1.00__rupture_0__weak_0.25__floor_theoretical__recipient_prediction_tilted,weak_same_lane_refusal,pres_2002,sido_46,,,,,,,,,,,,,0.0313838348079597,C,A|B,0.0132624825931937,theoretical,prediction_tilted,0.01,0.1355353392318388,0.1255353392318388,0.25,0.1041515044238791
strong_1.00__rupture_0__weak_0.25__floor_theoretical__recipient_prediction_tilted,weak_same_lane_refusal,pres_2002,sido_47,,,,,,,,,,,,,0.008740285925759999,C,A|B,0.0296959172831779,theoretical,prediction_tilted,0.01,0.044961143703039996,0.034961143703039994,0.25,0.03622085777728
strong_1.00__rupture_0__weak_0.25__floor_theoretical__recipient_prediction_tilted,weak_same_lane_refusal,pres_2002,sido_48,,,,,,,,,,,,,0.019891729857118904,C,A|B,0.0344685791555901,theoretical,prediction_tilted,0.01,0.08956691942847561,0.07956691942847562,0.25,0.06967518957135671
strong_1.00__rupture_0__weak_0.25__floor_theoretical__recipient_prediction_tilted,weak_same_lane_refusal,pres_2002,sido_50,,,,,,,,,,,,,0.03431425244378042,C,A|B,0.0,theoretical,prediction_tilted,0.01,0.14725700977512168,0.13725700977512167,0.25,0.11294275733134126
strong_1.00__rupture_0__weak_0.25__floor_theoretical__recipient_prediction_tilted,weak_same_lane_refusal,pres_2022,sido_11,,,,,,,,,,,,,0.01006224811369895,C,A|B,0.029384832583875,theoretical,prediction_tilted,0.01,0.050248992454795804,0.0402489924547958,0.25,0.040186744341096856
strong_1.00__rupture_0__weak_0.25__floor_theoretical__recipient_prediction_tilted,weak_same_lane_refusal,pres_2022,sido_26,,,,,,,,,,,,,0.0093299859392793,C,A|B,0.0399820977460082,theoretical,prediction_tilted,0.01,0.0473199437571172,0.0373199437571172,0.25,0.0379899578178379
strong_1.00__rupture_0__weak_0.25__floor_theoretical__recipient_prediction_tilted,weak_same_lane_refusal,pres_2022,sido_27,,,,,,,,,,,,,0.006468246249250499,C,A|B,0.0389354436816256,theoretical,prediction_tilted,0.01,0.035872984997002,0.025872984997001996,0.25,0.0294047387477515
strong_1.00__rupture_0__weak_0.25__floor_theoretical__recipient_prediction_tilted,weak_same_lane_refusal,pres_2022,sido_28,,,,,,,,,,,,,0.01085795803133995,C,A|B,0.0485003528440327,theoretical,prediction_tilted,0.01,0.053431832125359804,0.0434318321253598,0.25,0.04257387409401985
strong_1.00__rupture_0__weak_0.25__floor_theoretical__recipient_prediction_tilted,weak_same_lane_refusal,pres_2022,sido_29,,,,,,,,,,,,,0.0186724126166626,C,A|B,0.0876883018010707,theoretical,prediction_tilted,0.01,0.08468965046665039,0.0746896504666504,0.25,0.0660172378499878
strong_1.00__rupture_0__weak_0.25__floor_theoretical__recipient_prediction_tilted,weak_same_lane_refusal,pres_2022,sido_30,,,,,,,,,,,,,0.0100772789220955,C,A|B,0.0287620743601844,theoretical,prediction_tilted,0.01,0.050309115688382,0.040309115688382,0.25,0.0402318367662865
strong_1.00__rupture_0__weak_0.25__floor_theoretical__recipient_prediction_tilted,weak_same_lane_refusal,pres_2022,sido_31,,,,,,,,,,,,,0.0230607747165258,C,A|B,0.176134143020495,theoretical,prediction_tilted,0.01,0.1022430988661032,0.0922430988661032,0.25,0.07918232414957739
strong_1.00__rupture_0__weak_0.25__floor_theoretical__recipient_prediction_tilted,weak_same_lane_refusal,pres_2022,sido_36,,,,,,,,,,,,,0.01244150427285935,C,A|B,0.0509430370441767,theoretical,prediction_tilted,0.01,0.059766017091437404,0.0497660170914374,0.25,0.04732451281857805
strong_1.00__rupture_0__weak_0.25__floor_theoretical__recipient_prediction_tilted,weak_same_lane_refusal,pres_2022,sido_41,,,,,,,,,,,,,0.0086460482882385,C,A|B,0.0359763522960836,theoretical,prediction_tilted,0.01,0.044584193152954005,0.034584193152954,0.25,0.035938144864715506
strong_1.00__rupture_0__weak_0.25__floor_theoretical__recipient_prediction_tilted,weak_same_lane_refusal,pres_2022,sido_42,,,,,,,,,,,,,0.00917858631219465,C,A|B,0.0308172356117518,theoretical,prediction_tilted,0.01,0.0467143452487786,0.0367143452487786,0.25,0.03753575893658395
strong_1.00__rupture_0__weak_0.25__floor_theoretical__recipient_prediction_tilted,weak_same_lane_refusal,pres_2022,sido_43,,,,,,,,,,,,,0.0093335030223671,C,A|B,0.0345580698080987,theoretical,prediction_tilted,0.01,0.0473340120894684,0.0373340120894684,0.25,0.0380005090671013
strong_1.00__rupture_0__weak_0.25__floor_theoretical__recipient_prediction_tilted,weak_same_lane_refusal,pres_2022,sido_44,,,,,,,,,,,,,0.00925577246773285,C,A|B,0.0309340683403439,theoretical,prediction_tilted,0.01,0.0470230898709314,0.0370230898709314,0.25,0.03776731740319855
strong_1.00__rupture_0__weak_0.25__floor_theoretical__recipient_prediction_tilted,weak_same_lane_refusal,pres_2022,sido_45,,,,,,,,,,,,,0.01559903448965525,C,A|B,0.0459485902537228,theoretical,prediction_tilted,0.01,0.072396137958621,0.062396137958621,0.25,0.05679710346896575
strong_1.00__rupture_0__weak_0.25__floor_theoretical__recipient_prediction_tilted,weak_same_lane_refusal,pres_2022,sido_46,,,,,,,,,,,,,0.0154342119010936,C,A|B,0.0592373366011094,theoretical,prediction_tilted,0.01,0.0717368476043744,0.0617368476043744,0.25,0.056302635703280805
strong_1.00__rupture_0__weak_0.25__floor_theoretical__recipient_prediction_tilted,weak_same_lane_refusal,pres_2022,sido_47,,,,,,,,,,,,,0.006354561693840398,C,A|B,0.0343795636905044,theoretical,prediction_tilted,0.01,0.035418246775361595,0.025418246775361593,0.25,0.0290636850815212
strong_1.00__rupture_0__weak_0.25__floor_theoretical__recipient_prediction_tilted,weak_same_lane_refusal,pres_2022,sido_48,,,,,,,,,,,,,0.0131137634517944,C,A|B,0.0766151338961869,theoretical,prediction_tilted,0.01,0.0624550538071776,0.0524550538071776,0.25,0.0493412903553832
strong_1.00__rupture_0__weak_0.25__floor_theoretical__recipient_prediction_tilted,weak_same_lane_refusal,pres_2022,sido_50,,,,,,,,,,,,,0.0159190149267584,C,A|B,0.0503767176193264,theoretical,prediction_tilted,0.01,0.0736760597070336,0.0636760597070336,0.25,0.0577570447802752
strong_1.00__rupture_0__weak_0.25__floor_none__recipient_affinity_only,strong_incumbent_veto,pres_2007,sido_11,A,B,0.1550560112006703,0.1830565695612803,0.6837328178902612,1.0,0.1251617841394588,0.224727422604459,0.0,0.01,0.224727422604459,0.11575376295856316,0.014487947492749764,,,,,,,,,,
strong_1.00__rupture_0__weak_0.25__floor_none__recipient_affinity_only,strong_incumbent_veto,pres_2007,sido_26,A,B,0.1550560112006703,0.1830565695612803,0.6837328178902612,1.0,0.1251617841394588,0.1230144019232013,0.0,0.01,0.1230144019232013,0.06769999442714049,0.008473452088732321,,,,,,,,,,
strong_1.00__rupture_0__weak_0.25__floor_none__recipient_affinity_only,strong_incumbent_veto,pres_2007,sido_27,A,B,0.1550560112006703,0.1830565695612803,0.6837328178902612,1.0,0.1251617841394588,0.0533297784427378,0.0,0.01,0.0533297784427378,0.036548243373766096,0.004574443347823718,,,,,,,,,,
strong_1.00__rupture_0__weak_0.25__floor_none__recipient_affinity_only,strong_incumbent_veto,pres_2007,sido_28,A,B,0.1550560112006703,0.1830565695612803,0.6837328178902612,1.0,0.1251617841394588,0.1882964963574757,0.0,0.01,0.1882964963574757,0.1253482410577939,0.015688809489536448,,,,,,,,,,
strong_1.00__rupture_0__weak_0.25__floor_none__recipient_affinity_only,strong_incumbent_veto,pres_2007,sido_29,A,B,0.1550560112006703,0.1830565695612803,0.6837328178902612,1.0,0.1251617841394588,0.5063986688693,0.0,0.01,0.5063986688693,0.24746182449968468,0.030972763460786173,,,,,,,,,,
strong_1.00__rupture_0__weak_0.25__floor_none__recipient_affinity_only,strong_incumbent_veto,pres_2007,sido_30,A,B,0.1550560112006703,0.1830565695612803,0.6837328178902612,1.0,0.1251617841394588,0.1749885957265136,0.0,0.01,0.1749885957265136,0.1550161062926277,0.019402092433937267,,,,,,,,,,
strong_1.00__rupture_0__weak_0.25__floor_none__recipient_affinity_only,strong_incumbent_veto,pres_2007,sido_31,A,B,0.1550560112006703,0.1830565695612803,0.6837328178902612,1.0,0.1251617841394588,0.0922216716368157,0.0,0.01,0.0922216716368157,0.0762003677779345,0.00953737398316921,,,,,,,,,,
strong_1.00__rupture_0__weak_0.25__floor_none__recipient_affinity_only,strong_incumbent_veto,pres_2007,sido_41,A,B,0.1550560112006703,0.1830565695612803,0.6837328178902612,1.0,0.1251617841394588,0.1969781637048186,0.0,0.01,0.1969781637048186,0.12484403173333555,0.015625701750907488,,,,,,,,,,
strong_1.00__rupture_0__weak_0.25__floor_none__recipient_affinity_only,strong_incumbent_veto,pres_2007,sido_42,A,B,0.1550560112006703,0.1830565695612803,0.6837328178902612,1.0,0.1251617841394588,0.1620964538589391,0.0,0.01,0.1620964538589391,0.0926504884460915,0.011596300435305126,,,,,,,,,,
strong_1.00__rupture_0__weak_0.25__floor_none__recipient_affinity_only,strong_incumbent_veto,pres_2007,sido_43,A,B,0.1550560112006703,0.1830565695612803,0.6837328178902612,1.0,0.1251617841394588,0.1871115693451475,0.0,0.01,0.1871115693451475,0.1250937284019757,0.015656954231448167,,,,,,,,,,
strong_1.00__rupture_0__weak_0.25__floor_none__recipient_affinity_only,strong_incumbent_veto,pres_2007,sido_44,A,B,0.1550560112006703,0.1830565695612803,0.6837328178902612,1.0,0.1251617841394588,0.1339414116449834,0.0,0.01,0.1339414116449834,0.1803984259604589,0.0225789888491611,,,,,,,,,,
strong_1.00__rupture_0__weak_0.25__floor_none__recipient_affinity_only,strong_incumbent_veto,pres_2007,sido_45,A,B,0.1550560112006703,0.1830565695612803,0.6837328178902612,1.0,0.1251617841394588,0.5050615589935803,0.0,0.01,0.5050615589935803,0.2489963619554737,0.03116482890658155,,,,,,,,,,
strong_1.00__rupture_0__weak_0.25__floor_none__recipient_affinity_only,strong_incumbent_veto,pres_2007,sido_46,A,B,0.1550560112006703,0.1830565695612803,0.6837328178902612,1.0,0.1251617841394588,0.5115021109033597,0.0,0.01,0.5115021109033597,0.2436089090943725,0.03049052569451889,,,,,,,,,,
strong_1.00__rupture_0__weak_0.25__floor_none__recipient_affinity_only,strong_incumbent_veto,pres_2007,sido_47,A,B,0.1550560112006703,0.1830565695612803,0.6837328178902612,1.0,0.1251617841394588,0.0689035077128128,0.0,0.01,0.0689035077128128,0.03689871266594581,0.004618308709719025,,,,,,,,,,
strong_1.00__rupture_0__weak_0.25__floor_none__recipient_affinity_only,strong_incumbent_veto,pres_2007,sido_48,A,B,0.1550560112006703,0.1830565695612803,0.6837328178902612,1.0,0.1251617841394588,0.0994668855013218,0.0,0.01,0.0994668855013218,0.0644903902204684,0.008071732299843731,,,,,,,,,,
strong_1.00__rupture_0__weak_0.25__floor_none__recipient_affinity_only,strong_incumbent_veto,pres_2007,sido_50,A,B,0.1550560112006703,0.1830565695612803,0.6837328178902612,1.0,0.1251617841394588,0.0,0.0,0.01,0.0,0.2696919174747736,0.033755121559134356,,,,,,,,,,
strong_1.00__rupture_0__weak_0.25__floor_none__recipient_affinity_only,strong_incumbent_veto,pres_2017,sido_11,A,B,0.14222159439442095,0.1258437002381364,1.0,1.0,0.1258437002381364,0.2981507946412702,0.0,0.01,0.2981507946412702,0.020775818418153735,0.002614505865216092,,,,,,,,,,
strong_1.00__rupture_0__weak_0.25__floor_none__recipient_affinity_only,strong_incumbent_veto,pres_2017,sido_26,A,B,0.14222159439442095,0.1258437002381364,1.0,1.0,0.1258437002381364,0.3539560494922693,0.0,0.01,0.3539560494922693,0.03533489788607641,0.00444667429752056,,,,,,,,,,
strong_1.00__rupture_0__weak_0.25__floor_none__recipient_affinity_only,strong_incumbent_veto,pres_2017,sido_27,A,B,0.14222159439442095,0.1258437002381364,1.0,1.0,0.1258437002381364,0.4618834178563183,0.0,0.01,0.4618834178563183,0.035586450889516674,0.004478330658279499,,,,,,,,,,
strong_1.00__rupture_0__weak_0.25__floor_none__recipient_affinity_only,strong_incumbent_veto,pres_2017,sido_28,A,B,0.14222159439442095,0.1258437002381364,1.0,1.0,0.1258437002381364,0.2930148075897038,0.0,0.01,0.2930148075897038,0.02963264010423733,0.0037290810785422213,,,,,,,,,,
strong_1.00__rupture_0__weak_0.25__floor_none__recipient_affinity_only,strong_incumbent_veto,pres_2017,sido_29,A,B,0.14222159439442095,0.1258437002381364,1.0,1.0,0.1258437002381364,0.0341806016229801,0.0,0.01,0.0341806016229801,0.020989257269728195,0.0026413658000728002,,,,,,,,,,
strong_1.00__rupture_0__weak_0.25__floor_none__recipient_affinity_only,strong_incumbent_veto,pres_2017,sido_30,A,B,0.14222159439442095,0.1258437002381364,1.0,1.0,0.1258437002381364,0.2396170369219419,0.0,0.01,0.2396170369219419,0.029086009721897926,0.003660291088566044,,,,,,,,,,
strong_1.00__rupture_0__weak_0.25__floor_none__recipient_affinity_only,strong_incumbent_veto,pres_2017,sido_31,A,B,0.14222159439442095,0.1258437002381364,1.0,1.0,0.1258437002381364,0.3553353097157836,0.0,0.01,0.3553353097157836,0.03151593008562664,0.003966081258421664,,,,,,,,,,
strong_1.00__rupture_0__weak_0.25__floor_none__recipient_affinity_only,strong_incumbent_veto,pres_2017,sido_36,A,B,0.14222159439442095,0.1258437002381364,1.0,1.0,0.1258437002381364,0.1724331995485346,0.0,0.01,0.1724331995485346,0.05851073368036361,0.007363207229985109,,,,,,,,,,
strong_1.00__rupture_0__weak_0.25__floor_none__recipient_affinity_only,strong_incumbent_veto,pres_2017,sido_41,A,B,0.14222159439442095,0.1258437002381364,1.0,1.0,0.1258437002381364,0.2904867750077805,0.0,0.01,0.2904867750077805,0.029907444360296687,0.0037636634629659195,,,,,,,,,,
strong_1.00__rupture_0__weak_0.25__floor_none__recipient_affinity_only,strong_incumbent_veto,pres_2017,sido_42,A,B,0.14222159439442095,0.1258437002381364,1.0,1.0,0.1258437002381364,0.3376440484133232,0.0,0.01,0.3376440484133232,0.03245600676312743,0.004084383986025937,,,,,,,,,,
strong_1.00__rupture_0__weak_0.25__floor_none__recipient_affinity_only,strong_incumbent_veto,pres_2017,sido_43,A,B,0.14222159439442095,0.1258437002381364,1.0,1.0,0.1258437002381364,0.2911638514975106,0.0,0.01,0.2911638514975106,0.03015423544612711,0.003794720566392607,,,,,,,,,,
strong_1.00__rupture_0__weak_0.25__floor_none__recipient_affinity_only,strong_incumbent_veto,pres_2017,sido_44,A,B,0.14222159439442095,0.1258437002381364,1.0,1.0,0.1258437002381364,0.2550776099850012,0.0,0.01,0.2550776099850012,0.030969977487163403,0.003897376563276424,,,,,,,,,,
strong_1.00__rupture_0__weak_0.25__floor_none__recipient_affinity_only,strong_incumbent_veto,pres_2017,sido_45,A,B,0.14222159439442095,0.1258437002381364,1.0,1.0,0.1258437002381364,0.0682483484546126,0.0,0.01,0.0682483484546126,0.025322934131601596,0.003186731732007344,,,,,,,,,,
strong_1.00__rupture_0__weak_0.25__floor_none__recipient_affinity_only,strong_incumbent_veto,pres_2017,sido_46,A,B,0.14222159439442095,0.1258437002381364,1.0,1.0,0.1258437002381364,0.0438553923470368,0.0,0.01,0.0438553923470368,0.020205248004484,0.002542703173113488,,,,,,,,,,
strong_1.00__rupture_0__weak_0.25__floor_none__recipient_affinity_only,strong_incumbent_veto,pres_2017,sido_47,A,B,0.14222159439442095,0.1258437002381364,1.0,1.0,0.1258437002381364,0.4863134552896404,0.0,0.01,0.4863134552896404,0.03603439177059248,0.004534701196242009,,,,,,,,,,
strong_1.00__rupture_0__weak_0.25__floor_none__recipient_affinity_only,strong_incumbent_veto,pres_2017,sido_48,A,B,0.14222159439442095,0.1258437002381364,1.0,1.0,0.1258437002381364,0.3752628188705947,0.0,0.01,0.3752628188705947,0.034783946318121595,0.004377340513557123,,,,,,,,,,
strong_1.00__rupture_0__weak_0.25__floor_none__recipient_affinity_only,strong_incumbent_veto,pres_2017,sido_50,A,B,0.14222159439442095,0.1258437002381364,1.0,1.0,0.1258437002381364,0.2397495310485979,0.0,0.01,0.2397495310485979,0.045654470168853906,0.005745327458460191,,,,,,,,,,
strong_1.00__rupture_0__weak_0.25__floor_none__recipient_affinity_only,weak_same_lane_refusal,pres_2002,sido_11,,,,,,,,,,,,,0.015156463026965501,C,A,0.0172553182802303,none,affinity_only,0.0,0.060625852107862005,0.060625852107862005,0.25,0.045469389080896504
strong_1.00__rupture_0__weak_0.25__floor_none__recipient_affinity_only,weak_same_lane_refusal,pres_2002,sido_26,,,,,,,,,,,,,0.026662884697206,C,A,0.039818482004606,none,affinity_only,0.0,0.106651538788824,0.106651538788824,0.25,0.079988654091618
strong_1.00__rupture_0__weak_0.25__floor_none__recipient_affinity_only,weak_same_lane_refusal,pres_2002,sido_27,,,,,,,,,,,,,0.01293066379455085,C,A,0.0058164519761945,none,affinity_only,0.0,0.0517226551782034,0.0517226551782034,0.25,0.03879199138365255
strong_1.00__rupture_0__weak_0.25__floor_none__recipient_affinity_only,weak_same_lane_refusal,pres_2002,sido_28,,,,,,,,,,,,,0.0157001978635346,C,A,0.0255062904560678,none,affinity_only,0.0,0.0628007914541384,0.0628007914541384,0.25,0.0471005935906038
strong_1.00__rupture_0__weak_0.25__floor_none__recipient_affinity_only,weak_same_lane_refusal,pres_2002,sido_29,,,,,,,,,,,,,0.033675338749889996,C,A,0.0779749988731636,none,affinity_only,0.0,0.13470135499955999,0.13470135499955999,0.25,0.10102601624966999
strong_1.00__rupture_0__weak_0.25__floor_none__recipient_affinity_only,weak_same_lane_refusal,pres_2002,sido_30,,,,,,,,,,,,,0.018854181738812648,C,A,0.0189676131685742,none,affinity_only,0.0,0.07541672695525059,0.07541672695525059,0.25,0.05656254521643794
strong_1.00__rupture_0__weak_0.25__floor_none__recipient_affinity_only,weak_same_lane_refusal,pres_2002,sido_31,,,,,,,,,,,,,0.06385040761748985,C,A,0.3115852121639049,none,affinity_only,0.0,0.2554016304699594,0.2554016304699594,0.25,0.19155122285246956
strong_1.00__rupture_0__weak_0.25__floor_none__recipient_affinity_only,weak_same_lane_refusal,pres_2002,sido_41,,,,,,,,,,,,,0.01455510730682265,C,A,0.0208780312728109,none,affinity_only,0.0,0.0582204292272906,0.0582204292272906,0.25,0.04366532192046795
strong_1.00__rupture_0__weak_0.25__floor_none__recipient_affinity_only,weak_same_lane_refusal,pres_2002,sido_42,,,,,,,,,,,,,0.021611941729852452,C,A,0.0200289187580357,none,affinity_only,0.0,0.08644776691940981,0.08644776691940981,0.25,0.06483582518955736
strong_1.00__rupture_0__weak_0.25__floor_none__recipient_affinity_only,weak_same_lane_refusal,pres_2002,sido_43,,,,,,,,,,,,,0.018326842252004,C,A,0.0118716878700329,none,affinity_only,0.0,0.073307369008016,0.073307369008016,0.25,0.054980526756012005
strong_1.00__rupture_0__weak_0.25__floor_none__recipient_affinity_only,weak_same_lane_refusal,pres_2002,sido_44,,,,,,,,,,,,,0.0113510764106933,C,A,0.0095463081839152,none,affinity_only,0.0,0.0454043056427732,0.0454043056427732,0.25,0.0340532292320799
strong_1.00__rupture_0__weak_0.25__floor_none__recipient_affinity_only,weak_same_lane_refusal,pres_2002,sido_45,,,,,,,,,,,,,0.031913815631583145,C,A,0.0228231814936564,none,affinity_only,0.0,0.12765526252633258,0.12765526252633258,0.25,0.09574144689474944
strong_1.00__rupture_0__weak_0.25__floor_none__recipient_affinity_only,weak_same_lane_refusal,pres_2002,sido_46,,,,,,,,,,,,,0.0338838348079597,C,A,0.0132624825931937,none,affinity_only,0.0,0.1355353392318388,0.1355353392318388,0.25,0.1016515044238791
strong_1.00__rupture_0__weak_0.25__floor_none__recipient_affinity_only,weak_same_lane_refusal,pres_2002,sido_47,,,,,,,,,,,,,0.011240285925759999,C,A,0.0296959172831779,none,affinity_only,0.0,0.044961143703039996,0.044961143703039996,0.25,0.03372085777728
strong_1.00__rupture_0__weak_0.25__floor_none__recipient_affinity_only,weak_same_lane_refusal,pres_2002,sido_48,,,,,,,,,,,,,0.022391729857118903,C,A,0.0344685791555901,none,affinity_only,0.0,0.08956691942847561,0.08956691942847561,0.25,0.06717518957135671
strong_1.00__rupture_0__weak_0.25__floor_none__recipient_affinity_only,weak_same_lane_refusal,pres_2002,sido_50,,,,,,,,,,,,,0.03681425244378042,C,A,0.0,none,affinity_only,0.0,0.14725700977512168,0.14725700977512168,0.25,0.11044275733134126
strong_1.00__rupture_0__weak_0.25__floor_none__recipient_affinity_only,weak_same_lane_refusal,pres_2022,sido_11,,,,,,,,,,,,,0.012562248113698951,C,B,0.029384832583875,none,affinity_only,0.0,0.050248992454795804,0.050248992454795804,0.25,0.03768674434109685
strong_1.00__rupture_0__weak_0.25__floor_none__recipient_affinity_only,weak_same_lane_refusal,pres_2022,sido_26,,,,,,,,,,,,,0.0118299859392793,C,B,0.0399820977460082,none,affinity_only,0.0,0.0473199437571172,0.0473199437571172,0.25,0.0354899578178379
strong_1.00__rupture_0__weak_0.25__floor_none__recipient_affinity_only,weak_same_lane_refusal,pres_2022,sido_27,,,,,,,,,,,,,0.0089682462492505,C,B,0.0389354436816256,none,affinity_only,0.0,0.035872984997002,0.035872984997002,0.25,0.026904738747751497
strong_1.00__rupture_0__weak_0.25__floor_none__recipient_affinity_only,weak_same_lane_refusal,pres_2022,sido_28,,,,,,,,,,,,,0.013357958031339951,C,B,0.0485003528440327,none,affinity_only,0.0,0.053431832125359804,0.053431832125359804,0.25,0.04007387409401986
strong_1.00__rupture_0__weak_0.25__floor_none__recipient_affinity_only,weak_same_lane_refusal,pres_2022,sido_29,,,,,,,,,,,,,0.021172412616662598,C,B,0.0876883018010707,none,affinity_only,0.0,0.08468965046665039,0.08468965046665039,0.25,0.06351723784998779
strong_1.00__rupture_0__weak_0.25__floor_none__recipient_affinity_only,weak_same_lane_refusal,pres_2022,sido_30,,,,,,,,,,,,,0.0125772789220955,C,B,0.0287620743601844,none,affinity_only,0.0,0.050309115688382,0.050309115688382,0.25,0.0377318367662865
strong_1.00__rupture_0__weak_0.25__floor_none__recipient_affinity_only,weak_same_lane_refusal,pres_2022,sido_31,,,,,,,,,,,,,0.0255607747165258,C,B,0.176134143020495,none,affinity_only,0.0,0.1022430988661032,0.1022430988661032,0.25,0.0766823241495774
strong_1.00__rupture_0__weak_0.25__floor_none__recipient_affinity_only,weak_same_lane_refusal,pres_2022,sido_36,,,,,,,,,,,,,0.014941504272859351,C,B,0.0509430370441767,none,affinity_only,0.0,0.059766017091437404,0.059766017091437404,0.25,0.04482451281857805
strong_1.00__rupture_0__weak_0.25__floor_none__recipient_affinity_only,weak_same_lane_refusal,pres_2022,sido_41,,,,,,,,,,,,,0.011146048288238501,C,B,0.0359763522960836,none,affinity_only,0.0,0.044584193152954005,0.044584193152954005,0.25,0.033438144864715504
strong_1.00__rupture_0__weak_0.25__floor_none__recipient_affinity_only,weak_same_lane_refusal,pres_2022,sido_42,,,,,,,,,,,,,0.01167858631219465,C,B,0.0308172356117518,none,affinity_only,0.0,0.0467143452487786,0.0467143452487786,0.25,0.03503575893658395
strong_1.00__rupture_0__weak_0.25__floor_none__recipient_affinity_only,weak_same_lane_refusal,pres_2022,sido_43,,,,,,,,,,,,,0.0118335030223671,C,B,0.0345580698080987,none,affinity_only,0.0,0.0473340120894684,0.0473340120894684,0.25,0.035500509067101296
strong_1.00__rupture_0__weak_0.25__floor_none__recipient_affinity_only,weak_same_lane_refusal,pres_2022,sido_44,,,,,,,,,,,,,0.01175577246773285,C,B,0.0309340683403439,none,affinity_only,0.0,0.0470230898709314,0.0470230898709314,0.25,0.03526731740319855
strong_1.00__rupture_0__weak_0.25__floor_none__recipient_affinity_only,weak_same_lane_refusal,pres_2022,sido_45,,,,,,,,,,,,,0.01809903448965525,C,B,0.0459485902537228,none,affinity_only,0.0,0.072396137958621,0.072396137958621,0.25,0.054297103468965754
strong_1.00__rupture_0__weak_0.25__floor_none__recipient_affinity_only,weak_same_lane_refusal,pres_2022,sido_46,,,,,,,,,,,,,0.0179342119010936,C,B,0.0592373366011094,none,affinity_only,0.0,0.0717368476043744,0.0717368476043744,0.25,0.0538026357032808
strong_1.00__rupture_0__weak_0.25__floor_none__recipient_affinity_only,weak_same_lane_refusal,pres_2022,sido_47,,,,,,,,,,,,,0.008854561693840399,C,B,0.0343795636905044,none,affinity_only,0.0,0.035418246775361595,0.035418246775361595,0.25,0.026563685081521196
strong_1.00__rupture_0__weak_0.25__floor_none__recipient_affinity_only,weak_same_lane_refusal,pres_2022,sido_48,,,,,,,,,,,,,0.0156137634517944,C,B,0.0766151338961869,none,affinity_only,0.0,0.0624550538071776,0.0624550538071776,0.25,0.0468412903553832
strong_1.00__rupture_0__weak_0.25__floor_none__recipient_affinity_only,weak_same_lane_refusal,pres_2022,sido_50,,,,,,,,,,,,,0.0184190149267584,C,B,0.0503767176193264,none,affinity_only,0.0,0.0736760597070336,0.0736760597070336,0.25,0.0552570447802752
strong_1.00__rupture_0__weak_0.25__floor_none__recipient_prediction_tilted,strong_incumbent_veto,pres_2007,sido_11,A,B,0.1550560112006703,0.1830565695612803,0.6837328178902612,1.0,0.1251617841394588,0.224727422604459,0.0,0.01,0.224727422604459,0.11575376295856316,0.014487947492749764,,,,,,,,,,
strong_1.00__rupture_0__weak_0.25__floor_none__recipient_prediction_tilted,strong_incumbent_veto,pres_2007,sido_26,A,B,0.1550560112006703,0.1830565695612803,0.6837328178902612,1.0,0.1251617841394588,0.1230144019232013,0.0,0.01,0.1230144019232013,0.06769999442714049,0.008473452088732321,,,,,,,,,,
strong_1.00__rupture_0__weak_0.25__floor_none__recipient_prediction_tilted,strong_incumbent_veto,pres_2007,sido_27,A,B,0.1550560112006703,0.1830565695612803,0.6837328178902612,1.0,0.1251617841394588,0.0533297784427378,0.0,0.01,0.0533297784427378,0.036548243373766096,0.004574443347823718,,,,,,,,,,
strong_1.00__rupture_0__weak_0.25__floor_none__recipient_prediction_tilted,strong_incumbent_veto,pres_2007,sido_28,A,B,0.1550560112006703,0.1830565695612803,0.6837328178902612,1.0,0.1251617841394588,0.1882964963574757,0.0,0.01,0.1882964963574757,0.1253482410577939,0.015688809489536448,,,,,,,,,,
strong_1.00__rupture_0__weak_0.25__floor_none__recipient_prediction_tilted,strong_incumbent_veto,pres_2007,sido_29,A,B,0.1550560112006703,0.1830565695612803,0.6837328178902612,1.0,0.1251617841394588,0.5063986688693,0.0,0.01,0.5063986688693,0.24746182449968468,0.030972763460786173,,,,,,,,,,
strong_1.00__rupture_0__weak_0.25__floor_none__recipient_prediction_tilted,strong_incumbent_veto,pres_2007,sido_30,A,B,0.1550560112006703,0.1830565695612803,0.6837328178902612,1.0,0.1251617841394588,0.1749885957265136,0.0,0.01,0.1749885957265136,0.1550161062926277,0.019402092433937267,,,,,,,,,,
strong_1.00__rupture_0__weak_0.25__floor_none__recipient_prediction_tilted,strong_incumbent_veto,pres_2007,sido_31,A,B,0.1550560112006703,0.1830565695612803,0.6837328178902612,1.0,0.1251617841394588,0.0922216716368157,0.0,0.01,0.0922216716368157,0.0762003677779345,0.00953737398316921,,,,,,,,,,
strong_1.00__rupture_0__weak_0.25__floor_none__recipient_prediction_tilted,strong_incumbent_veto,pres_2007,sido_41,A,B,0.1550560112006703,0.1830565695612803,0.6837328178902612,1.0,0.1251617841394588,0.1969781637048186,0.0,0.01,0.1969781637048186,0.12484403173333555,0.015625701750907488,,,,,,,,,,
strong_1.00__rupture_0__weak_0.25__floor_none__recipient_prediction_tilted,strong_incumbent_veto,pres_2007,sido_42,A,B,0.1550560112006703,0.1830565695612803,0.6837328178902612,1.0,0.1251617841394588,0.1620964538589391,0.0,0.01,0.1620964538589391,0.0926504884460915,0.011596300435305126,,,,,,,,,,
strong_1.00__rupture_0__weak_0.25__floor_none__recipient_prediction_tilted,strong_incumbent_veto,pres_2007,sido_43,A,B,0.1550560112006703,0.1830565695612803,0.6837328178902612,1.0,0.1251617841394588,0.1871115693451475,0.0,0.01,0.1871115693451475,0.1250937284019757,0.015656954231448167,,,,,,,,,,
strong_1.00__rupture_0__weak_0.25__floor_none__recipient_prediction_tilted,strong_incumbent_veto,pres_2007,sido_44,A,B,0.1550560112006703,0.1830565695612803,0.6837328178902612,1.0,0.1251617841394588,0.1339414116449834,0.0,0.01,0.1339414116449834,0.1803984259604589,0.0225789888491611,,,,,,,,,,
strong_1.00__rupture_0__weak_0.25__floor_none__recipient_prediction_tilted,strong_incumbent_veto,pres_2007,sido_45,A,B,0.1550560112006703,0.1830565695612803,0.6837328178902612,1.0,0.1251617841394588,0.5050615589935803,0.0,0.01,0.5050615589935803,0.2489963619554737,0.03116482890658155,,,,,,,,,,
strong_1.00__rupture_0__weak_0.25__floor_none__recipient_prediction_tilted,strong_incumbent_veto,pres_2007,sido_46,A,B,0.1550560112006703,0.1830565695612803,0.6837328178902612,1.0,0.1251617841394588,0.5115021109033597,0.0,0.01,0.5115021109033597,0.2436089090943725,0.03049052569451889,,,,,,,,,,
strong_1.00__rupture_0__weak_0.25__floor_none__recipient_prediction_tilted,strong_incumbent_veto,pres_2007,sido_47,A,B,0.1550560112006703,0.1830565695612803,0.6837328178902612,1.0,0.1251617841394588,0.0689035077128128,0.0,0.01,0.0689035077128128,0.03689871266594581,0.004618308709719025,,,,,,,,,,
strong_1.00__rupture_0__weak_0.25__floor_none__recipient_prediction_tilted,strong_incumbent_veto,pres_2007,sido_48,A,B,0.1550560112006703,0.1830565695612803,0.6837328178902612,1.0,0.1251617841394588,0.0994668855013218,0.0,0.01,0.0994668855013218,0.0644903902204684,0.008071732299843731,,,,,,,,,,
strong_1.00__rupture_0__weak_0.25__floor_none__recipient_prediction_tilted,strong_incumbent_veto,pres_2007,sido_50,A,B,0.1550560112006703,0.1830565695612803,0.6837328178902612,1.0,0.1251617841394588,0.0,0.0,0.01,0.0,0.2696919174747736,0.033755121559134356,,,,,,,,,,
strong_1.00__rupture_0__weak_0.25__floor_none__recipient_prediction_tilted,strong_incumbent_veto,pres_2017,sido_11,A,B,0.14222159439442095,0.1258437002381364,1.0,1.0,0.1258437002381364,0.2981507946412702,0.0,0.01,0.2981507946412702,0.020775818418153735,0.002614505865216092,,,,,,,,,,
strong_1.00__rupture_0__weak_0.25__floor_none__recipient_prediction_tilted,strong_incumbent_veto,pres_2017,sido_26,A,B,0.14222159439442095,0.1258437002381364,1.0,1.0,0.1258437002381364,0.3539560494922693,0.0,0.01,0.3539560494922693,0.03533489788607641,0.00444667429752056,,,,,,,,,,
strong_1.00__rupture_0__weak_0.25__floor_none__recipient_prediction_tilted,strong_incumbent_veto,pres_2017,sido_27,A,B,0.14222159439442095,0.1258437002381364,1.0,1.0,0.1258437002381364,0.4618834178563183,0.0,0.01,0.4618834178563183,0.035586450889516674,0.004478330658279499,,,,,,,,,,
strong_1.00__rupture_0__weak_0.25__floor_none__recipient_prediction_tilted,strong_incumbent_veto,pres_2017,sido_28,A,B,0.14222159439442095,0.1258437002381364,1.0,1.0,0.1258437002381364,0.2930148075897038,0.0,0.01,0.2930148075897038,0.02963264010423733,0.0037290810785422213,,,,,,,,,,
strong_1.00__rupture_0__weak_0.25__floor_none__recipient_prediction_tilted,strong_incumbent_veto,pres_2017,sido_29,A,B,0.14222159439442095,0.1258437002381364,1.0,1.0,0.1258437002381364,0.0341806016229801,0.0,0.01,0.0341806016229801,0.020989257269728195,0.0026413658000728002,,,,,,,,,,
strong_1.00__rupture_0__weak_0.25__floor_none__recipient_prediction_tilted,strong_incumbent_veto,pres_2017,sido_30,A,B,0.14222159439442095,0.1258437002381364,1.0,1.0,0.1258437002381364,0.2396170369219419,0.0,0.01,0.2396170369219419,0.029086009721897926,0.003660291088566044,,,,,,,,,,
strong_1.00__rupture_0__weak_0.25__floor_none__recipient_prediction_tilted,strong_incumbent_veto,pres_2017,sido_31,A,B,0.14222159439442095,0.1258437002381364,1.0,1.0,0.1258437002381364,0.3553353097157836,0.0,0.01,0.3553353097157836,0.03151593008562664,0.003966081258421664,,,,,,,,,,
strong_1.00__rupture_0__weak_0.25__floor_none__recipient_prediction_tilted,strong_incumbent_veto,pres_2017,sido_36,A,B,0.14222159439442095,0.1258437002381364,1.0,1.0,0.1258437002381364,0.1724331995485346,0.0,0.01,0.1724331995485346,0.05851073368036361,0.007363207229985109,,,,,,,,,,
strong_1.00__rupture_0__weak_0.25__floor_none__recipient_prediction_tilted,strong_incumbent_veto,pres_2017,sido_41,A,B,0.14222159439442095,0.1258437002381364,1.0,1.0,0.1258437002381364,0.2904867750077805,0.0,0.01,0.2904867750077805,0.029907444360296687,0.0037636634629659195,,,,,,,,,,
strong_1.00__rupture_0__weak_0.25__floor_none__recipient_prediction_tilted,strong_incumbent_veto,pres_2017,sido_42,A,B,0.14222159439442095,0.1258437002381364,1.0,1.0,0.1258437002381364,0.3376440484133232,0.0,0.01,0.3376440484133232,0.03245600676312743,0.004084383986025937,,,,,,,,,,
strong_1.00__rupture_0__weak_0.25__floor_none__recipient_prediction_tilted,strong_incumbent_veto,pres_2017,sido_43,A,B,0.14222159439442095,0.1258437002381364,1.0,1.0,0.1258437002381364,0.2911638514975106,0.0,0.01,0.2911638514975106,0.03015423544612711,0.003794720566392607,,,,,,,,,,
strong_1.00__rupture_0__weak_0.25__floor_none__recipient_prediction_tilted,strong_incumbent_veto,pres_2017,sido_44,A,B,0.14222159439442095,0.1258437002381364,1.0,1.0,0.1258437002381364,0.2550776099850012,0.0,0.01,0.2550776099850012,0.030969977487163403,0.003897376563276424,,,,,,,,,,
strong_1.00__rupture_0__weak_0.25__floor_none__recipient_prediction_tilted,strong_incumbent_veto,pres_2017,sido_45,A,B,0.14222159439442095,0.1258437002381364,1.0,1.0,0.1258437002381364,0.0682483484546126,0.0,0.01,0.0682483484546126,0.025322934131601596,0.003186731732007344,,,,,,,,,,
strong_1.00__rupture_0__weak_0.25__floor_none__recipient_prediction_tilted,strong_incumbent_veto,pres_2017,sido_46,A,B,0.14222159439442095,0.1258437002381364,1.0,1.0,0.1258437002381364,0.0438553923470368,0.0,0.01,0.0438553923470368,0.020205248004484,0.002542703173113488,,,,,,,,,,
strong_1.00__rupture_0__weak_0.25__floor_none__recipient_prediction_tilted,strong_incumbent_veto,pres_2017,sido_47,A,B,0.14222159439442095,0.1258437002381364,1.0,1.0,0.1258437002381364,0.4863134552896404,0.0,0.01,0.4863134552896404,0.03603439177059248,0.004534701196242009,,,,,,,,,,
strong_1.00__rupture_0__weak_0.25__floor_none__recipient_prediction_tilted,strong_incumbent_veto,pres_2017,sido_48,A,B,0.14222159439442095,0.1258437002381364,1.0,1.0,0.1258437002381364,0.3752628188705947,0.0,0.01,0.3752628188705947,0.034783946318121595,0.004377340513557123,,,,,,,,,,
strong_1.00__rupture_0__weak_0.25__floor_none__recipient_prediction_tilted,strong_incumbent_veto,pres_2017,sido_50,A,B,0.14222159439442095,0.1258437002381364,1.0,1.0,0.1258437002381364,0.2397495310485979,0.0,0.01,0.2397495310485979,0.045654470168853906,0.005745327458460191,,,,,,,,,,
strong_1.00__rupture_0__weak_0.25__floor_none__recipient_prediction_tilted,weak_same_lane_refusal,pres_2002,sido_11,,,,,,,,,,,,,0.015156463026965501,C,A|B,0.0172553182802303,none,prediction_tilted,0.0,0.060625852107862005,0.060625852107862005,0.25,0.045469389080896504
strong_1.00__rupture_0__weak_0.25__floor_none__recipient_prediction_tilted,weak_same_lane_refusal,pres_2002,sido_26,,,,,,,,,,,,,0.026662884697206,C,A|B,0.039818482004606,none,prediction_tilted,0.0,0.106651538788824,0.106651538788824,0.25,0.079988654091618
strong_1.00__rupture_0__weak_0.25__floor_none__recipient_prediction_tilted,weak_same_lane_refusal,pres_2002,sido_27,,,,,,,,,,,,,0.01293066379455085,C,A|B,0.0058164519761945,none,prediction_tilted,0.0,0.0517226551782034,0.0517226551782034,0.25,0.03879199138365255
strong_1.00__rupture_0__weak_0.25__floor_none__recipient_prediction_tilted,weak_same_lane_refusal,pres_2002,sido_28,,,,,,,,,,,,,0.0157001978635346,C,A|B,0.0255062904560678,none,prediction_tilted,0.0,0.0628007914541384,0.0628007914541384,0.25,0.0471005935906038
strong_1.00__rupture_0__weak_0.25__floor_none__recipient_prediction_tilted,weak_same_lane_refusal,pres_2002,sido_29,,,,,,,,,,,,,0.033675338749889996,C,A|B,0.0779749988731636,none,prediction_tilted,0.0,0.13470135499955999,0.13470135499955999,0.25,0.10102601624966999
strong_1.00__rupture_0__weak_0.25__floor_none__recipient_prediction_tilted,weak_same_lane_refusal,pres_2002,sido_30,,,,,,,,,,,,,0.018854181738812648,C,A|B,0.0189676131685742,none,prediction_tilted,0.0,0.07541672695525059,0.07541672695525059,0.25,0.05656254521643794
strong_1.00__rupture_0__weak_0.25__floor_none__recipient_prediction_tilted,weak_same_lane_refusal,pres_2002,sido_31,,,,,,,,,,,,,0.06385040761748985,C,A|B,0.3115852121639049,none,prediction_tilted,0.0,0.2554016304699594,0.2554016304699594,0.25,0.19155122285246956
strong_1.00__rupture_0__weak_0.25__floor_none__recipient_prediction_tilted,weak_same_lane_refusal,pres_2002,sido_41,,,,,,,,,,,,,0.01455510730682265,C,A|B,0.0208780312728109,none,prediction_tilted,0.0,0.0582204292272906,0.0582204292272906,0.25,0.04366532192046795
strong_1.00__rupture_0__weak_0.25__floor_none__recipient_prediction_tilted,weak_same_lane_refusal,pres_2002,sido_42,,,,,,,,,,,,,0.021611941729852452,C,A|B,0.0200289187580357,none,prediction_tilted,0.0,0.08644776691940981,0.08644776691940981,0.25,0.06483582518955736
strong_1.00__rupture_0__weak_0.25__floor_none__recipient_prediction_tilted,weak_same_lane_refusal,pres_2002,sido_43,,,,,,,,,,,,,0.018326842252004,C,A|B,0.0118716878700329,none,prediction_tilted,0.0,0.073307369008016,0.073307369008016,0.25,0.054980526756012005
strong_1.00__rupture_0__weak_0.25__floor_none__recipient_prediction_tilted,weak_same_lane_refusal,pres_2002,sido_44,,,,,,,,,,,,,0.0113510764106933,C,A|B,0.0095463081839152,none,prediction_tilted,0.0,0.0454043056427732,0.0454043056427732,0.25,0.0340532292320799
strong_1.00__rupture_0__weak_0.25__floor_none__recipient_prediction_tilted,weak_same_lane_refusal,pres_2002,sido_45,,,,,,,,,,,,,0.031913815631583145,C,A|B,0.0228231814936564,none,prediction_tilted,0.0,0.12765526252633258,0.12765526252633258,0.25,0.09574144689474944
strong_1.00__rupture_0__weak_0.25__floor_none__recipient_prediction_tilted,weak_same_lane_refusal,pres_2002,sido_46,,,,,,,,,,,,,0.0338838348079597,C,A|B,0.0132624825931937,none,prediction_tilted,0.0,0.1355353392318388,0.1355353392318388,0.25,0.1016515044238791
strong_1.00__rupture_0__weak_0.25__floor_none__recipient_prediction_tilted,weak_same_lane_refusal,pres_2002,sido_47,,,,,,,,,,,,,0.011240285925759999,C,A|B,0.0296959172831779,none,prediction_tilted,0.0,0.044961143703039996,0.044961143703039996,0.25,0.03372085777728
strong_1.00__rupture_0__weak_0.25__floor_none__recipient_prediction_tilted,weak_same_lane_refusal,pres_2002,sido_48,,,,,,,,,,,,,0.022391729857118903,C,A|B,0.0344685791555901,none,prediction_tilted,0.0,0.08956691942847561,0.08956691942847561,0.25,0.06717518957135671
strong_1.00__rupture_0__weak_0.25__floor_none__recipient_prediction_tilted,weak_same_lane_refusal,pres_2002,sido_50,,,,,,,,,,,,,0.03681425244378042,C,A|B,0.0,none,prediction_tilted,0.0,0.14725700977512168,0.14725700977512168,0.25,0.11044275733134126
strong_1.00__rupture_0__weak_0.25__floor_none__recipient_prediction_tilted,weak_same_lane_refusal,pres_2022,sido_11,,,,,,,,,,,,,0.012562248113698951,C,A|B,0.029384832583875,none,prediction_tilted,0.0,0.050248992454795804,0.050248992454795804,0.25,0.03768674434109685
strong_1.00__rupture_0__weak_0.25__floor_none__recipient_prediction_tilted,weak_same_lane_refusal,pres_2022,sido_26,,,,,,,,,,,,,0.0118299859392793,C,A|B,0.0399820977460082,none,prediction_tilted,0.0,0.0473199437571172,0.0473199437571172,0.25,0.0354899578178379
strong_1.00__rupture_0__weak_0.25__floor_none__recipient_prediction_tilted,weak_same_lane_refusal,pres_2022,sido_27,,,,,,,,,,,,,0.0089682462492505,C,A|B,0.0389354436816256,none,prediction_tilted,0.0,0.035872984997002,0.035872984997002,0.25,0.026904738747751497
strong_1.00__rupture_0__weak_0.25__floor_none__recipient_prediction_tilted,weak_same_lane_refusal,pres_2022,sido_28,,,,,,,,,,,,,0.013357958031339951,C,A|B,0.0485003528440327,none,prediction_tilted,0.0,0.053431832125359804,0.053431832125359804,0.25,0.04007387409401986
strong_1.00__rupture_0__weak_0.25__floor_none__recipient_prediction_tilted,weak_same_lane_refusal,pres_2022,sido_29,,,,,,,,,,,,,0.021172412616662598,C,A|B,0.0876883018010707,none,prediction_tilted,0.0,0.08468965046665039,0.08468965046665039,0.25,0.06351723784998779
strong_1.00__rupture_0__weak_0.25__floor_none__recipient_prediction_tilted,weak_same_lane_refusal,pres_2022,sido_30,,,,,,,,,,,,,0.0125772789220955,C,A|B,0.0287620743601844,none,prediction_tilted,0.0,0.050309115688382,0.050309115688382,0.25,0.0377318367662865
strong_1.00__rupture_0__weak_0.25__floor_none__recipient_prediction_tilted,weak_same_lane_refusal,pres_2022,sido_31,,,,,,,,,,,,,0.0255607747165258,C,A|B,0.176134143020495,none,prediction_tilted,0.0,0.1022430988661032,0.1022430988661032,0.25,0.0766823241495774
strong_1.00__rupture_0__weak_0.25__floor_none__recipient_prediction_tilted,weak_same_lane_refusal,pres_2022,sido_36,,,,,,,,,,,,,0.014941504272859351,C,A|B,0.0509430370441767,none,prediction_tilted,0.0,0.059766017091437404,0.059766017091437404,0.25,0.04482451281857805
strong_1.00__rupture_0__weak_0.25__floor_none__recipient_prediction_tilted,weak_same_lane_refusal,pres_2022,sido_41,,,,,,,,,,,,,0.011146048288238501,C,A|B,0.0359763522960836,none,prediction_tilted,0.0,0.044584193152954005,0.044584193152954005,0.25,0.033438144864715504
strong_1.00__rupture_0__weak_0.25__floor_none__recipient_prediction_tilted,weak_same_lane_refusal,pres_2022,sido_42,,,,,,,,,,,,,0.01167858631219465,C,A|B,0.0308172356117518,none,prediction_tilted,0.0,0.0467143452487786,0.0467143452487786,0.25,0.03503575893658395
strong_1.00__rupture_0__weak_0.25__floor_none__recipient_prediction_tilted,weak_same_lane_refusal,pres_2022,sido_43,,,,,,,,,,,,,0.0118335030223671,C,A|B,0.0345580698080987,none,prediction_tilted,0.0,0.0473340120894684,0.0473340120894684,0.25,0.035500509067101296
strong_1.00__rupture_0__weak_0.25__floor_none__recipient_prediction_tilted,weak_same_lane_refusal,pres_2022,sido_44,,,,,,,,,,,,,0.01175577246773285,C,A|B,0.0309340683403439,none,prediction_tilted,0.0,0.0470230898709314,0.0470230898709314,0.25,0.03526731740319855
strong_1.00__rupture_0__weak_0.25__floor_none__recipient_prediction_tilted,weak_same_lane_refusal,pres_2022,sido_45,,,,,,,,,,,,,0.01809903448965525,C,A|B,0.0459485902537228,none,prediction_tilted,0.0,0.072396137958621,0.072396137958621,0.25,0.054297103468965754
strong_1.00__rupture_0__weak_0.25__floor_none__recipient_prediction_tilted,weak_same_lane_refusal,pres_2022,sido_46,,,,,,,,,,,,,0.0179342119010936,C,A|B,0.0592373366011094,none,prediction_tilted,0.0,0.0717368476043744,0.0717368476043744,0.25,0.0538026357032808
strong_1.00__rupture_0__weak_0.25__floor_none__recipient_prediction_tilted,weak_same_lane_refusal,pres_2022,sido_47,,,,,,,,,,,,,0.008854561693840399,C,A|B,0.0343795636905044,none,prediction_tilted,0.0,0.035418246775361595,0.035418246775361595,0.25,0.026563685081521196
strong_1.00__rupture_0__weak_0.25__floor_none__recipient_prediction_tilted,weak_same_lane_refusal,pres_2022,sido_48,,,,,,,,,,,,,0.0156137634517944,C,A|B,0.0766151338961869,none,prediction_tilted,0.0,0.0624550538071776,0.0624550538071776,0.25,0.0468412903553832
strong_1.00__rupture_0__weak_0.25__floor_none__recipient_prediction_tilted,weak_same_lane_refusal,pres_2022,sido_50,,,,,,,,,,,,,0.0184190149267584,C,A|B,0.0503767176193264,none,prediction_tilted,0.0,0.0736760597070336,0.0736760597070336,0.25,0.0552570447802752
strong_1.00__rupture_0__weak_0.50__floor_candidate_ballot__recipient_affinity_only,strong_incumbent_veto,pres_2007,sido_11,A,B,0.1550560112006703,0.1830565695612803,0.6837328178902612,1.0,0.1251617841394588,0.224727422604459,0.0,0.01,0.224727422604459,0.11575376295856316,0.014487947492749764,,,,,,,,,,
strong_1.00__rupture_0__weak_0.50__floor_candidate_ballot__recipient_affinity_only,strong_incumbent_veto,pres_2007,sido_26,A,B,0.1550560112006703,0.1830565695612803,0.6837328178902612,1.0,0.1251617841394588,0.1230144019232013,0.0,0.01,0.1230144019232013,0.06769999442714049,0.008473452088732321,,,,,,,,,,
strong_1.00__rupture_0__weak_0.50__floor_candidate_ballot__recipient_affinity_only,strong_incumbent_veto,pres_2007,sido_27,A,B,0.1550560112006703,0.1830565695612803,0.6837328178902612,1.0,0.1251617841394588,0.0533297784427378,0.0,0.01,0.0533297784427378,0.036548243373766096,0.004574443347823718,,,,,,,,,,
strong_1.00__rupture_0__weak_0.50__floor_candidate_ballot__recipient_affinity_only,strong_incumbent_veto,pres_2007,sido_28,A,B,0.1550560112006703,0.1830565695612803,0.6837328178902612,1.0,0.1251617841394588,0.1882964963574757,0.0,0.01,0.1882964963574757,0.1253482410577939,0.015688809489536448,,,,,,,,,,
strong_1.00__rupture_0__weak_0.50__floor_candidate_ballot__recipient_affinity_only,strong_incumbent_veto,pres_2007,sido_29,A,B,0.1550560112006703,0.1830565695612803,0.6837328178902612,1.0,0.1251617841394588,0.5063986688693,0.0,0.01,0.5063986688693,0.24746182449968468,0.030972763460786173,,,,,,,,,,
strong_1.00__rupture_0__weak_0.50__floor_candidate_ballot__recipient_affinity_only,strong_incumbent_veto,pres_2007,sido_30,A,B,0.1550560112006703,0.1830565695612803,0.6837328178902612,1.0,0.1251617841394588,0.1749885957265136,0.0,0.01,0.1749885957265136,0.1550161062926277,0.019402092433937267,,,,,,,,,,
strong_1.00__rupture_0__weak_0.50__floor_candidate_ballot__recipient_affinity_only,strong_incumbent_veto,pres_2007,sido_31,A,B,0.1550560112006703,0.1830565695612803,0.6837328178902612,1.0,0.1251617841394588,0.0922216716368157,0.0,0.01,0.0922216716368157,0.0762003677779345,0.00953737398316921,,,,,,,,,,
strong_1.00__rupture_0__weak_0.50__floor_candidate_ballot__recipient_affinity_only,strong_incumbent_veto,pres_2007,sido_41,A,B,0.1550560112006703,0.1830565695612803,0.6837328178902612,1.0,0.1251617841394588,0.1969781637048186,0.0,0.01,0.1969781637048186,0.12484403173333555,0.015625701750907488,,,,,,,,,,
strong_1.00__rupture_0__weak_0.50__floor_candidate_ballot__recipient_affinity_only,strong_incumbent_veto,pres_2007,sido_42,A,B,0.1550560112006703,0.1830565695612803,0.6837328178902612,1.0,0.1251617841394588,0.1620964538589391,0.0,0.01,0.1620964538589391,0.0926504884460915,0.011596300435305126,,,,,,,,,,
strong_1.00__rupture_0__weak_0.50__floor_candidate_ballot__recipient_affinity_only,strong_incumbent_veto,pres_2007,sido_43,A,B,0.1550560112006703,0.1830565695612803,0.6837328178902612,1.0,0.1251617841394588,0.1871115693451475,0.0,0.01,0.1871115693451475,0.1250937284019757,0.015656954231448167,,,,,,,,,,
strong_1.00__rupture_0__weak_0.50__floor_candidate_ballot__recipient_affinity_only,strong_incumbent_veto,pres_2007,sido_44,A,B,0.1550560112006703,0.1830565695612803,0.6837328178902612,1.0,0.1251617841394588,0.1339414116449834,0.0,0.01,0.1339414116449834,0.1803984259604589,0.0225789888491611,,,,,,,,,,
strong_1.00__rupture_0__weak_0.50__floor_candidate_ballot__recipient_affinity_only,strong_incumbent_veto,pres_2007,sido_45,A,B,0.1550560112006703,0.1830565695612803,0.6837328178902612,1.0,0.1251617841394588,0.5050615589935803,0.0,0.01,0.5050615589935803,0.2489963619554737,0.03116482890658155,,,,,,,,,,
strong_1.00__rupture_0__weak_0.50__floor_candidate_ballot__recipient_affinity_only,strong_incumbent_veto,pres_2007,sido_46,A,B,0.1550560112006703,0.1830565695612803,0.6837328178902612,1.0,0.1251617841394588,0.5115021109033597,0.0,0.01,0.5115021109033597,0.2436089090943725,0.03049052569451889,,,,,,,,,,
strong_1.00__rupture_0__weak_0.50__floor_candidate_ballot__recipient_affinity_only,strong_incumbent_veto,pres_2007,sido_47,A,B,0.1550560112006703,0.1830565695612803,0.6837328178902612,1.0,0.1251617841394588,0.0689035077128128,0.0,0.01,0.0689035077128128,0.03689871266594581,0.004618308709719025,,,,,,,,,,
strong_1.00__rupture_0__weak_0.50__floor_candidate_ballot__recipient_affinity_only,strong_incumbent_veto,pres_2007,sido_48,A,B,0.1550560112006703,0.1830565695612803,0.6837328178902612,1.0,0.1251617841394588,0.0994668855013218,0.0,0.01,0.0994668855013218,0.0644903902204684,0.008071732299843731,,,,,,,,,,
strong_1.00__rupture_0__weak_0.50__floor_candidate_ballot__recipient_affinity_only,strong_incumbent_veto,pres_2007,sido_50,A,B,0.1550560112006703,0.1830565695612803,0.6837328178902612,1.0,0.1251617841394588,0.0,0.0,0.01,0.0,0.2696919174747736,0.033755121559134356,,,,,,,,,,
strong_1.00__rupture_0__weak_0.50__floor_candidate_ballot__recipient_affinity_only,strong_incumbent_veto,pres_2017,sido_11,A,B,0.14222159439442095,0.1258437002381364,1.0,1.0,0.1258437002381364,0.2981507946412702,0.0,0.01,0.2981507946412702,0.020775818418153735,0.002614505865216092,,,,,,,,,,
strong_1.00__rupture_0__weak_0.50__floor_candidate_ballot__recipient_affinity_only,strong_incumbent_veto,pres_2017,sido_26,A,B,0.14222159439442095,0.1258437002381364,1.0,1.0,0.1258437002381364,0.3539560494922693,0.0,0.01,0.3539560494922693,0.03533489788607641,0.00444667429752056,,,,,,,,,,
strong_1.00__rupture_0__weak_0.50__floor_candidate_ballot__recipient_affinity_only,strong_incumbent_veto,pres_2017,sido_27,A,B,0.14222159439442095,0.1258437002381364,1.0,1.0,0.1258437002381364,0.4618834178563183,0.0,0.01,0.4618834178563183,0.035586450889516674,0.004478330658279499,,,,,,,,,,
strong_1.00__rupture_0__weak_0.50__floor_candidate_ballot__recipient_affinity_only,strong_incumbent_veto,pres_2017,sido_28,A,B,0.14222159439442095,0.1258437002381364,1.0,1.0,0.1258437002381364,0.2930148075897038,0.0,0.01,0.2930148075897038,0.02963264010423733,0.0037290810785422213,,,,,,,,,,
strong_1.00__rupture_0__weak_0.50__floor_candidate_ballot__recipient_affinity_only,strong_incumbent_veto,pres_2017,sido_29,A,B,0.14222159439442095,0.1258437002381364,1.0,1.0,0.1258437002381364,0.0341806016229801,0.0,0.01,0.0341806016229801,0.020989257269728195,0.0026413658000728002,,,,,,,,,,
strong_1.00__rupture_0__weak_0.50__floor_candidate_ballot__recipient_affinity_only,strong_incumbent_veto,pres_2017,sido_30,A,B,0.14222159439442095,0.1258437002381364,1.0,1.0,0.1258437002381364,0.2396170369219419,0.0,0.01,0.2396170369219419,0.029086009721897926,0.003660291088566044,,,,,,,,,,
strong_1.00__rupture_0__weak_0.50__floor_candidate_ballot__recipient_affinity_only,strong_incumbent_veto,pres_2017,sido_31,A,B,0.14222159439442095,0.1258437002381364,1.0,1.0,0.1258437002381364,0.3553353097157836,0.0,0.01,0.3553353097157836,0.03151593008562664,0.003966081258421664,,,,,,,,,,
strong_1.00__rupture_0__weak_0.50__floor_candidate_ballot__recipient_affinity_only,strong_incumbent_veto,pres_2017,sido_36,A,B,0.14222159439442095,0.1258437002381364,1.0,1.0,0.1258437002381364,0.1724331995485346,0.0,0.01,0.1724331995485346,0.05851073368036361,0.007363207229985109,,,,,,,,,,
strong_1.00__rupture_0__weak_0.50__floor_candidate_ballot__recipient_affinity_only,strong_incumbent_veto,pres_2017,sido_41,A,B,0.14222159439442095,0.1258437002381364,1.0,1.0,0.1258437002381364,0.2904867750077805,0.0,0.01,0.2904867750077805,0.029907444360296687,0.0037636634629659195,,,,,,,,,,
strong_1.00__rupture_0__weak_0.50__floor_candidate_ballot__recipient_affinity_only,strong_incumbent_veto,pres_2017,sido_42,A,B,0.14222159439442095,0.1258437002381364,1.0,1.0,0.1258437002381364,0.3376440484133232,0.0,0.01,0.3376440484133232,0.03245600676312743,0.004084383986025937,,,,,,,,,,
strong_1.00__rupture_0__weak_0.50__floor_candidate_ballot__recipient_affinity_only,strong_incumbent_veto,pres_2017,sido_43,A,B,0.14222159439442095,0.1258437002381364,1.0,1.0,0.1258437002381364,0.2911638514975106,0.0,0.01,0.2911638514975106,0.03015423544612711,0.003794720566392607,,,,,,,,,,
strong_1.00__rupture_0__weak_0.50__floor_candidate_ballot__recipient_affinity_only,strong_incumbent_veto,pres_2017,sido_44,A,B,0.14222159439442095,0.1258437002381364,1.0,1.0,0.1258437002381364,0.2550776099850012,0.0,0.01,0.2550776099850012,0.030969977487163403,0.003897376563276424,,,,,,,,,,
strong_1.00__rupture_0__weak_0.50__floor_candidate_ballot__recipient_affinity_only,strong_incumbent_veto,pres_2017,sido_45,A,B,0.14222159439442095,0.1258437002381364,1.0,1.0,0.1258437002381364,0.0682483484546126,0.0,0.01,0.0682483484546126,0.025322934131601596,0.003186731732007344,,,,,,,,,,
strong_1.00__rupture_0__weak_0.50__floor_candidate_ballot__recipient_affinity_only,strong_incumbent_veto,pres_2017,sido_46,A,B,0.14222159439442095,0.1258437002381364,1.0,1.0,0.1258437002381364,0.0438553923470368,0.0,0.01,0.0438553923470368,0.020205248004484,0.002542703173113488,,,,,,,,,,
strong_1.00__rupture_0__weak_0.50__floor_candidate_ballot__recipient_affinity_only,strong_incumbent_veto,pres_2017,sido_47,A,B,0.14222159439442095,0.1258437002381364,1.0,1.0,0.1258437002381364,0.4863134552896404,0.0,0.01,0.4863134552896404,0.03603439177059248,0.004534701196242009,,,,,,,,,,
strong_1.00__rupture_0__weak_0.50__floor_candidate_ballot__recipient_affinity_only,strong_incumbent_veto,pres_2017,sido_48,A,B,0.14222159439442095,0.1258437002381364,1.0,1.0,0.1258437002381364,0.3752628188705947,0.0,0.01,0.3752628188705947,0.034783946318121595,0.004377340513557123,,,,,,,,,,
strong_1.00__rupture_0__weak_0.50__floor_candidate_ballot__recipient_affinity_only,strong_incumbent_veto,pres_2017,sido_50,A,B,0.14222159439442095,0.1258437002381364,1.0,1.0,0.1258437002381364,0.2397495310485979,0.0,0.01,0.2397495310485979,0.045654470168853906,0.005745327458460191,,,,,,,,,,
strong_1.00__rupture_0__weak_0.50__floor_candidate_ballot__recipient_affinity_only,weak_same_lane_refusal,pres_2002,sido_11,,,,,,,,,,,,,0.02168526691381585,C,A,0.0172553182802303,candidate_ballot,affinity_only,0.0172553182802303,0.060625852107862005,0.0433705338276317,0.5,0.038940585194046154
strong_1.00__rupture_0__weak_0.50__floor_candidate_ballot__recipient_affinity_only,weak_same_lane_refusal,pres_2002,sido_26,,,,,,,,,,,,,0.033416528392109,C,A,0.039818482004606,candidate_ballot,affinity_only,0.039818482004606,0.106651538788824,0.066833056784218,0.5,0.073235010396715
strong_1.00__rupture_0__weak_0.50__floor_candidate_ballot__recipient_affinity_only,weak_same_lane_refusal,pres_2002,sido_27,,,,,,,,,,,,,0.02295310160100445,C,A,0.0058164519761945,candidate_ballot,affinity_only,0.0058164519761945,0.0517226551782034,0.0459062032020089,0.5,0.02876955357719895
strong_1.00__rupture_0__weak_0.50__floor_candidate_ballot__recipient_affinity_only,weak_same_lane_refusal,pres_2002,sido_28,,,,,,,,,,,,,0.018647250499035303,C,A,0.0255062904560678,candidate_ballot,affinity_only,0.0255062904560678,0.0628007914541384,0.03729450099807061,0.5,0.0441535409551031
strong_1.00__rupture_0__weak_0.50__floor_candidate_ballot__recipient_affinity_only,weak_same_lane_refusal,pres_2002,sido_29,,,,,,,,,,,,,0.028363178063198193,C,A,0.0779749988731636,candidate_ballot,affinity_only,0.0779749988731636,0.13470135499955999,0.056726356126396385,0.5,0.1063381769363618
strong_1.00__rupture_0__weak_0.50__floor_candidate_ballot__recipient_affinity_only,weak_same_lane_refusal,pres_2002,sido_30,,,,,,,,,,,,,0.028224556893338193,C,A,0.0189676131685742,candidate_ballot,affinity_only,0.0189676131685742,0.07541672695525059,0.056449113786676386,0.5,0.0471921700619124
strong_1.00__rupture_0__weak_0.50__floor_candidate_ballot__recipient_affinity_only,weak_same_lane_refusal,pres_2002,sido_41,,,,,,,,,,,,,0.01867119897723985,C,A,0.0208780312728109,candidate_ballot,affinity_only,0.0208780312728109,0.0582204292272906,0.0373423979544797,0.5,0.03954923025005075
strong_1.00__rupture_0__weak_0.50__floor_candidate_ballot__recipient_affinity_only,weak_same_lane_refusal,pres_2002,sido_42,,,,,,,,,,,,,0.033209424080687056,C,A,0.0200289187580357,candidate_ballot,affinity_only,0.0200289187580357,0.08644776691940981,0.06641884816137411,0.5,0.05323834283872275
strong_1.00__rupture_0__weak_0.50__floor_candidate_ballot__recipient_affinity_only,weak_same_lane_refusal,pres_2002,sido_43,,,,,,,,,,,,,0.03071784056899155,C,A,0.0118716878700329,candidate_ballot,affinity_only,0.0118716878700329,0.073307369008016,0.0614356811379831,0.5,0.04258952843902445
strong_1.00__rupture_0__weak_0.50__floor_candidate_ballot__recipient_affinity_only,weak_same_lane_refusal,pres_2002,sido_44,,,,,,,,,,,,,0.017928998729429,C,A,0.0095463081839152,candidate_ballot,affinity_only,0.0095463081839152,0.0454043056427732,0.035857997458858,0.5,0.0274753069133442
strong_1.00__rupture_0__weak_0.50__floor_candidate_ballot__recipient_affinity_only,weak_same_lane_refusal,pres_2002,sido_45,,,,,,,,,,,,,0.052416040516338094,C,A,0.0228231814936564,candidate_ballot,affinity_only,0.0228231814936564,0.12765526252633258,0.10483208103267619,0.5,0.07523922200999449
strong_1.00__rupture_0__weak_0.50__floor_candidate_ballot__recipient_affinity_only,weak_same_lane_refusal,pres_2002,sido_46,,,,,,,,,,,,,0.061136428319322554,C,A,0.0132624825931937,candidate_ballot,affinity_only,0.0132624825931937,0.1355353392318388,0.12227285663864511,0.5,0.07439891091251624
strong_1.00__rupture_0__weak_0.50__floor_candidate_ballot__recipient_affinity_only,weak_same_lane_refusal,pres_2002,sido_47,,,,,,,,,,,,,0.007632613209931048,C,A,0.0296959172831779,candidate_ballot,affinity_only,0.0296959172831779,0.044961143703039996,0.015265226419862096,0.5,0.03732853049310895
strong_1.00__rupture_0__weak_0.50__floor_candidate_ballot__recipient_affinity_only,weak_same_lane_refusal,pres_2002,sido_48,,,,,,,,,,,,,0.027549170136442754,C,A,0.0344685791555901,candidate_ballot,affinity_only,0.0344685791555901,0.08956691942847561,0.05509834027288551,0.5,0.06201774929203285
strong_1.00__rupture_0__weak_0.50__floor_candidate_ballot__recipient_affinity_only,weak_same_lane_refusal,pres_2002,sido_50,,,,,,,,,,,,,0.07362850488756084,C,A,0.0,candidate_ballot,affinity_only,0.0,0.14725700977512168,0.14725700977512168,0.5,0.07362850488756084
strong_1.00__rupture_0__weak_0.50__floor_candidate_ballot__recipient_affinity_only,weak_same_lane_refusal,pres_2022,sido_11,,,,,,,,,,,,,0.010432079935460402,C,B,0.029384832583875,candidate_ballot,affinity_only,0.029384832583875,0.050248992454795804,0.020864159870920804,0.5,0.039816912519335404
strong_1.00__rupture_0__weak_0.50__floor_candidate_ballot__recipient_affinity_only,weak_same_lane_refusal,pres_2022,sido_26,,,,,,,,,,,,,0.003668923005554499,C,B,0.0399820977460082,candidate_ballot,affinity_only,0.0399820977460082,0.0473199437571172,0.007337846011108998,0.5,0.0436510207515627
strong_1.00__rupture_0__weak_0.50__floor_candidate_ballot__recipient_affinity_only,weak_same_lane_refusal,pres_2022,sido_28,,,,,,,,,,,,,0.0024657396406635515,C,B,0.0485003528440327,candidate_ballot,affinity_only,0.0485003528440327,0.053431832125359804,0.004931479281327103,0.5,0.05096609248469625
strong_1.00__rupture_0__weak_0.50__floor_candidate_ballot__recipient_affinity_only,weak_same_lane_refusal,pres_2022,sido_30,,,,,,,,,,,,,0.010773520664098798,C,B,0.0287620743601844,candidate_ballot,affinity_only,0.0287620743601844,0.050309115688382,0.021547041328197597,0.5,0.0395355950242832
strong_1.00__rupture_0__weak_0.50__floor_candidate_ballot__recipient_affinity_only,weak_same_lane_refusal,pres_2022,sido_36,,,,,,,,,,,,,0.004411490023630352,C,B,0.0509430370441767,candidate_ballot,affinity_only,0.0509430370441767,0.059766017091437404,0.008822980047260703,0.5,0.05535452706780705
strong_1.00__rupture_0__weak_0.50__floor_candidate_ballot__recipient_affinity_only,weak_same_lane_refusal,pres_2022,sido_41,,,,,,,,,,,,,0.004303920428435203,C,B,0.0359763522960836,candidate_ballot,affinity_only,0.0359763522960836,0.044584193152954005,0.008607840856870407,0.5,0.0402802727245188
strong_1.00__rupture_0__weak_0.50__floor_candidate_ballot__recipient_affinity_only,weak_same_lane_refusal,pres_2022,sido_42,,,,,,,,,,,,,0.0079485548185134,C,B,0.0308172356117518,candidate_ballot,affinity_only,0.0308172356117518,0.0467143452487786,0.0158971096370268,0.5,0.0387657904302652
strong_1.00__rupture_0__weak_0.50__floor_candidate_ballot__recipient_affinity_only,weak_same_lane_refusal,pres_2022,sido_43,,,,,,,,,,,,,0.006387971140684848,C,B,0.0345580698080987,candidate_ballot,affinity_only,0.0345580698080987,0.0473340120894684,0.012775942281369697,0.5,0.040946040948783555
strong_1.00__rupture_0__weak_0.50__floor_candidate_ballot__recipient_affinity_only,weak_same_lane_refusal,pres_2022,sido_44,,,,,,,,,,,,,0.00804451076529375,C,B,0.0309340683403439,candidate_ballot,affinity_only,0.0309340683403439,0.0470230898709314,0.0160890215305875,0.5,0.03897857910563765
strong_1.00__rupture_0__weak_0.50__floor_candidate_ballot__recipient_affinity_only,weak_same_lane_refusal,pres_2022,sido_45,,,,,,,,,,,,,0.013223773852449102,C,B,0.0459485902537228,candidate_ballot,affinity_only,0.0459485902537228,0.072396137958621,0.026447547704898204,0.5,0.059172364106171896
strong_1.00__rupture_0__weak_0.50__floor_candidate_ballot__recipient_affinity_only,weak_same_lane_refusal,pres_2022,sido_46,,,,,,,,,,,,,0.006249755501632502,C,B,0.0592373366011094,candidate_ballot,affinity_only,0.0592373366011094,0.0717368476043744,0.012499511003265004,0.5,0.0654870921027419
strong_1.00__rupture_0__weak_0.50__floor_candidate_ballot__recipient_affinity_only,weak_same_lane_refusal,pres_2022,sido_47,,,,,,,,,,,,,0.0005193415424285981,C,B,0.0343795636905044,candidate_ballot,affinity_only,0.0343795636905044,0.035418246775361595,0.0010386830848571962,0.5,0.034898905232933
strong_1.00__rupture_0__weak_0.50__floor_candidate_ballot__recipient_affinity_only,weak_same_lane_refusal,pres_2022,sido_50,,,,,,,,,,,,,0.011649671043853602,C,B,0.0503767176193264,candidate_ballot,affinity_only,0.0503767176193264,0.0736760597070336,0.023299342087707203,0.5,0.06202638866318
strong_1.00__rupture_0__weak_0.50__floor_candidate_ballot__recipient_prediction_tilted,strong_incumbent_veto,pres_2007,sido_11,A,B,0.1550560112006703,0.1830565695612803,0.6837328178902612,1.0,0.1251617841394588,0.224727422604459,0.0,0.01,0.224727422604459,0.11575376295856316,0.014487947492749764,,,,,,,,,,
strong_1.00__rupture_0__weak_0.50__floor_candidate_ballot__recipient_prediction_tilted,strong_incumbent_veto,pres_2007,sido_26,A,B,0.1550560112006703,0.1830565695612803,0.6837328178902612,1.0,0.1251617841394588,0.1230144019232013,0.0,0.01,0.1230144019232013,0.06769999442714049,0.008473452088732321,,,,,,,,,,
strong_1.00__rupture_0__weak_0.50__floor_candidate_ballot__recipient_prediction_tilted,strong_incumbent_veto,pres_2007,sido_27,A,B,0.1550560112006703,0.1830565695612803,0.6837328178902612,1.0,0.1251617841394588,0.0533297784427378,0.0,0.01,0.0533297784427378,0.036548243373766096,0.004574443347823718,,,,,,,,,,
strong_1.00__rupture_0__weak_0.50__floor_candidate_ballot__recipient_prediction_tilted,strong_incumbent_veto,pres_2007,sido_28,A,B,0.1550560112006703,0.1830565695612803,0.6837328178902612,1.0,0.1251617841394588,0.1882964963574757,0.0,0.01,0.1882964963574757,0.1253482410577939,0.015688809489536448,,,,,,,,,,
strong_1.00__rupture_0__weak_0.50__floor_candidate_ballot__recipient_prediction_tilted,strong_incumbent_veto,pres_2007,sido_29,A,B,0.1550560112006703,0.1830565695612803,0.6837328178902612,1.0,0.1251617841394588,0.5063986688693,0.0,0.01,0.5063986688693,0.24746182449968468,0.030972763460786173,,,,,,,,,,
strong_1.00__rupture_0__weak_0.50__floor_candidate_ballot__recipient_prediction_tilted,strong_incumbent_veto,pres_2007,sido_30,A,B,0.1550560112006703,0.1830565695612803,0.6837328178902612,1.0,0.1251617841394588,0.1749885957265136,0.0,0.01,0.1749885957265136,0.1550161062926277,0.019402092433937267,,,,,,,,,,
strong_1.00__rupture_0__weak_0.50__floor_candidate_ballot__recipient_prediction_tilted,strong_incumbent_veto,pres_2007,sido_31,A,B,0.1550560112006703,0.1830565695612803,0.6837328178902612,1.0,0.1251617841394588,0.0922216716368157,0.0,0.01,0.0922216716368157,0.0762003677779345,0.00953737398316921,,,,,,,,,,
strong_1.00__rupture_0__weak_0.50__floor_candidate_ballot__recipient_prediction_tilted,strong_incumbent_veto,pres_2007,sido_41,A,B,0.1550560112006703,0.1830565695612803,0.6837328178902612,1.0,0.1251617841394588,0.1969781637048186,0.0,0.01,0.1969781637048186,0.12484403173333555,0.015625701750907488,,,,,,,,,,
strong_1.00__rupture_0__weak_0.50__floor_candidate_ballot__recipient_prediction_tilted,strong_incumbent_veto,pres_2007,sido_42,A,B,0.1550560112006703,0.1830565695612803,0.6837328178902612,1.0,0.1251617841394588,0.1620964538589391,0.0,0.01,0.1620964538589391,0.0926504884460915,0.011596300435305126,,,,,,,,,,
strong_1.00__rupture_0__weak_0.50__floor_candidate_ballot__recipient_prediction_tilted,strong_incumbent_veto,pres_2007,sido_43,A,B,0.1550560112006703,0.1830565695612803,0.6837328178902612,1.0,0.1251617841394588,0.1871115693451475,0.0,0.01,0.1871115693451475,0.1250937284019757,0.015656954231448167,,,,,,,,,,
strong_1.00__rupture_0__weak_0.50__floor_candidate_ballot__recipient_prediction_tilted,strong_incumbent_veto,pres_2007,sido_44,A,B,0.1550560112006703,0.1830565695612803,0.6837328178902612,1.0,0.1251617841394588,0.1339414116449834,0.0,0.01,0.1339414116449834,0.1803984259604589,0.0225789888491611,,,,,,,,,,
strong_1.00__rupture_0__weak_0.50__floor_candidate_ballot__recipient_prediction_tilted,strong_incumbent_veto,pres_2007,sido_45,A,B,0.1550560112006703,0.1830565695612803,0.6837328178902612,1.0,0.1251617841394588,0.5050615589935803,0.0,0.01,0.5050615589935803,0.2489963619554737,0.03116482890658155,,,,,,,,,,
strong_1.00__rupture_0__weak_0.50__floor_candidate_ballot__recipient_prediction_tilted,strong_incumbent_veto,pres_2007,sido_46,A,B,0.1550560112006703,0.1830565695612803,0.6837328178902612,1.0,0.1251617841394588,0.5115021109033597,0.0,0.01,0.5115021109033597,0.2436089090943725,0.03049052569451889,,,,,,,,,,
strong_1.00__rupture_0__weak_0.50__floor_candidate_ballot__recipient_prediction_tilted,strong_incumbent_veto,pres_2007,sido_47,A,B,0.1550560112006703,0.1830565695612803,0.6837328178902612,1.0,0.1251617841394588,0.0689035077128128,0.0,0.01,0.0689035077128128,0.03689871266594581,0.004618308709719025,,,,,,,,,,
strong_1.00__rupture_0__weak_0.50__floor_candidate_ballot__recipient_prediction_tilted,strong_incumbent_veto,pres_2007,sido_48,A,B,0.1550560112006703,0.1830565695612803,0.6837328178902612,1.0,0.1251617841394588,0.0994668855013218,0.0,0.01,0.0994668855013218,0.0644903902204684,0.008071732299843731,,,,,,,,,,
strong_1.00__rupture_0__weak_0.50__floor_candidate_ballot__recipient_prediction_tilted,strong_incumbent_veto,pres_2007,sido_50,A,B,0.1550560112006703,0.1830565695612803,0.6837328178902612,1.0,0.1251617841394588,0.0,0.0,0.01,0.0,0.2696919174747736,0.033755121559134356,,,,,,,,,,
strong_1.00__rupture_0__weak_0.50__floor_candidate_ballot__recipient_prediction_tilted,strong_incumbent_veto,pres_2017,sido_11,A,B,0.14222159439442095,0.1258437002381364,1.0,1.0,0.1258437002381364,0.2981507946412702,0.0,0.01,0.2981507946412702,0.020775818418153735,0.002614505865216092,,,,,,,,,,
strong_1.00__rupture_0__weak_0.50__floor_candidate_ballot__recipient_prediction_tilted,strong_incumbent_veto,pres_2017,sido_26,A,B,0.14222159439442095,0.1258437002381364,1.0,1.0,0.1258437002381364,0.3539560494922693,0.0,0.01,0.3539560494922693,0.03533489788607641,0.00444667429752056,,,,,,,,,,
strong_1.00__rupture_0__weak_0.50__floor_candidate_ballot__recipient_prediction_tilted,strong_incumbent_veto,pres_2017,sido_27,A,B,0.14222159439442095,0.1258437002381364,1.0,1.0,0.1258437002381364,0.4618834178563183,0.0,0.01,0.4618834178563183,0.035586450889516674,0.004478330658279499,,,,,,,,,,
strong_1.00__rupture_0__weak_0.50__floor_candidate_ballot__recipient_prediction_tilted,strong_incumbent_veto,pres_2017,sido_28,A,B,0.14222159439442095,0.1258437002381364,1.0,1.0,0.1258437002381364,0.2930148075897038,0.0,0.01,0.2930148075897038,0.02963264010423733,0.0037290810785422213,,,,,,,,,,
strong_1.00__rupture_0__weak_0.50__floor_candidate_ballot__recipient_prediction_tilted,strong_incumbent_veto,pres_2017,sido_29,A,B,0.14222159439442095,0.1258437002381364,1.0,1.0,0.1258437002381364,0.0341806016229801,0.0,0.01,0.0341806016229801,0.020989257269728195,0.0026413658000728002,,,,,,,,,,
strong_1.00__rupture_0__weak_0.50__floor_candidate_ballot__recipient_prediction_tilted,strong_incumbent_veto,pres_2017,sido_30,A,B,0.14222159439442095,0.1258437002381364,1.0,1.0,0.1258437002381364,0.2396170369219419,0.0,0.01,0.2396170369219419,0.029086009721897926,0.003660291088566044,,,,,,,,,,
strong_1.00__rupture_0__weak_0.50__floor_candidate_ballot__recipient_prediction_tilted,strong_incumbent_veto,pres_2017,sido_31,A,B,0.14222159439442095,0.1258437002381364,1.0,1.0,0.1258437002381364,0.3553353097157836,0.0,0.01,0.3553353097157836,0.03151593008562664,0.003966081258421664,,,,,,,,,,
strong_1.00__rupture_0__weak_0.50__floor_candidate_ballot__recipient_prediction_tilted,strong_incumbent_veto,pres_2017,sido_36,A,B,0.14222159439442095,0.1258437002381364,1.0,1.0,0.1258437002381364,0.1724331995485346,0.0,0.01,0.1724331995485346,0.05851073368036361,0.007363207229985109,,,,,,,,,,
strong_1.00__rupture_0__weak_0.50__floor_candidate_ballot__recipient_prediction_tilted,strong_incumbent_veto,pres_2017,sido_41,A,B,0.14222159439442095,0.1258437002381364,1.0,1.0,0.1258437002381364,0.2904867750077805,0.0,0.01,0.2904867750077805,0.029907444360296687,0.0037636634629659195,,,,,,,,,,
strong_1.00__rupture_0__weak_0.50__floor_candidate_ballot__recipient_prediction_tilted,strong_incumbent_veto,pres_2017,sido_42,A,B,0.14222159439442095,0.1258437002381364,1.0,1.0,0.1258437002381364,0.3376440484133232,0.0,0.01,0.3376440484133232,0.03245600676312743,0.004084383986025937,,,,,,,,,,
strong_1.00__rupture_0__weak_0.50__floor_candidate_ballot__recipient_prediction_tilted,strong_incumbent_veto,pres_2017,sido_43,A,B,0.14222159439442095,0.1258437002381364,1.0,1.0,0.1258437002381364,0.2911638514975106,0.0,0.01,0.2911638514975106,0.03015423544612711,0.003794720566392607,,,,,,,,,,
strong_1.00__rupture_0__weak_0.50__floor_candidate_ballot__recipient_prediction_tilted,strong_incumbent_veto,pres_2017,sido_44,A,B,0.14222159439442095,0.1258437002381364,1.0,1.0,0.1258437002381364,0.2550776099850012,0.0,0.01,0.2550776099850012,0.030969977487163403,0.003897376563276424,,,,,,,,,,
strong_1.00__rupture_0__weak_0.50__floor_candidate_ballot__recipient_prediction_tilted,strong_incumbent_veto,pres_2017,sido_45,A,B,0.14222159439442095,0.1258437002381364,1.0,1.0,0.1258437002381364,0.0682483484546126,0.0,0.01,0.0682483484546126,0.025322934131601596,0.003186731732007344,,,,,,,,,,
strong_1.00__rupture_0__weak_0.50__floor_candidate_ballot__recipient_prediction_tilted,strong_incumbent_veto,pres_2017,sido_46,A,B,0.14222159439442095,0.1258437002381364,1.0,1.0,0.1258437002381364,0.0438553923470368,0.0,0.01,0.0438553923470368,0.020205248004484,0.002542703173113488,,,,,,,,,,
strong_1.00__rupture_0__weak_0.50__floor_candidate_ballot__recipient_prediction_tilted,strong_incumbent_veto,pres_2017,sido_47,A,B,0.14222159439442095,0.1258437002381364,1.0,1.0,0.1258437002381364,0.4863134552896404,0.0,0.01,0.4863134552896404,0.03603439177059248,0.004534701196242009,,,,,,,,,,
strong_1.00__rupture_0__weak_0.50__floor_candidate_ballot__recipient_prediction_tilted,strong_incumbent_veto,pres_2017,sido_48,A,B,0.14222159439442095,0.1258437002381364,1.0,1.0,0.1258437002381364,0.3752628188705947,0.0,0.01,0.3752628188705947,0.034783946318121595,0.004377340513557123,,,,,,,,,,
strong_1.00__rupture_0__weak_0.50__floor_candidate_ballot__recipient_prediction_tilted,strong_incumbent_veto,pres_2017,sido_50,A,B,0.14222159439442095,0.1258437002381364,1.0,1.0,0.1258437002381364,0.2397495310485979,0.0,0.01,0.2397495310485979,0.045654470168853906,0.005745327458460191,,,,,,,,,,
strong_1.00__rupture_0__weak_0.50__floor_candidate_ballot__recipient_prediction_tilted,weak_same_lane_refusal,pres_2002,sido_11,,,,,,,,,,,,,0.02168526691381585,C,A|B,0.0172553182802303,candidate_ballot,prediction_tilted,0.0172553182802303,0.060625852107862005,0.0433705338276317,0.5,0.038940585194046154
strong_1.00__rupture_0__weak_0.50__floor_candidate_ballot__recipient_prediction_tilted,weak_same_lane_refusal,pres_2002,sido_26,,,,,,,,,,,,,0.033416528392109,C,A|B,0.039818482004606,candidate_ballot,prediction_tilted,0.039818482004606,0.106651538788824,0.066833056784218,0.5,0.073235010396715
strong_1.00__rupture_0__weak_0.50__floor_candidate_ballot__recipient_prediction_tilted,weak_same_lane_refusal,pres_2002,sido_27,,,,,,,,,,,,,0.02295310160100445,C,A|B,0.0058164519761945,candidate_ballot,prediction_tilted,0.0058164519761945,0.0517226551782034,0.0459062032020089,0.5,0.02876955357719895
strong_1.00__rupture_0__weak_0.50__floor_candidate_ballot__recipient_prediction_tilted,weak_same_lane_refusal,pres_2002,sido_28,,,,,,,,,,,,,0.018647250499035303,C,A|B,0.0255062904560678,candidate_ballot,prediction_tilted,0.0255062904560678,0.0628007914541384,0.03729450099807061,0.5,0.0441535409551031
strong_1.00__rupture_0__weak_0.50__floor_candidate_ballot__recipient_prediction_tilted,weak_same_lane_refusal,pres_2002,sido_29,,,,,,,,,,,,,0.028363178063198193,C,A|B,0.0779749988731636,candidate_ballot,prediction_tilted,0.0779749988731636,0.13470135499955999,0.056726356126396385,0.5,0.1063381769363618
strong_1.00__rupture_0__weak_0.50__floor_candidate_ballot__recipient_prediction_tilted,weak_same_lane_refusal,pres_2002,sido_30,,,,,,,,,,,,,0.028224556893338193,C,A|B,0.0189676131685742,candidate_ballot,prediction_tilted,0.0189676131685742,0.07541672695525059,0.056449113786676386,0.5,0.0471921700619124
strong_1.00__rupture_0__weak_0.50__floor_candidate_ballot__recipient_prediction_tilted,weak_same_lane_refusal,pres_2002,sido_41,,,,,,,,,,,,,0.01867119897723985,C,A|B,0.0208780312728109,candidate_ballot,prediction_tilted,0.0208780312728109,0.0582204292272906,0.0373423979544797,0.5,0.03954923025005075
strong_1.00__rupture_0__weak_0.50__floor_candidate_ballot__recipient_prediction_tilted,weak_same_lane_refusal,pres_2002,sido_42,,,,,,,,,,,,,0.033209424080687056,C,A|B,0.0200289187580357,candidate_ballot,prediction_tilted,0.0200289187580357,0.08644776691940981,0.06641884816137411,0.5,0.05323834283872275
strong_1.00__rupture_0__weak_0.50__floor_candidate_ballot__recipient_prediction_tilted,weak_same_lane_refusal,pres_2002,sido_43,,,,,,,,,,,,,0.03071784056899155,C,A|B,0.0118716878700329,candidate_ballot,prediction_tilted,0.0118716878700329,0.073307369008016,0.0614356811379831,0.5,0.04258952843902445
strong_1.00__rupture_0__weak_0.50__floor_candidate_ballot__recipient_prediction_tilted,weak_same_lane_refusal,pres_2002,sido_44,,,,,,,,,,,,,0.017928998729429,C,A|B,0.0095463081839152,candidate_ballot,prediction_tilted,0.0095463081839152,0.0454043056427732,0.035857997458858,0.5,0.0274753069133442
strong_1.00__rupture_0__weak_0.50__floor_candidate_ballot__recipient_prediction_tilted,weak_same_lane_refusal,pres_2002,sido_45,,,,,,,,,,,,,0.052416040516338094,C,A|B,0.0228231814936564,candidate_ballot,prediction_tilted,0.0228231814936564,0.12765526252633258,0.10483208103267619,0.5,0.07523922200999449
strong_1.00__rupture_0__weak_0.50__floor_candidate_ballot__recipient_prediction_tilted,weak_same_lane_refusal,pres_2002,sido_46,,,,,,,,,,,,,0.061136428319322554,C,A|B,0.0132624825931937,candidate_ballot,prediction_tilted,0.0132624825931937,0.1355353392318388,0.12227285663864511,0.5,0.07439891091251624
strong_1.00__rupture_0__weak_0.50__floor_candidate_ballot__recipient_prediction_tilted,weak_same_lane_refusal,pres_2002,sido_47,,,,,,,,,,,,,0.007632613209931048,C,A|B,0.0296959172831779,candidate_ballot,prediction_tilted,0.0296959172831779,0.044961143703039996,0.015265226419862096,0.5,0.03732853049310895
strong_1.00__rupture_0__weak_0.50__floor_candidate_ballot__recipient_prediction_tilted,weak_same_lane_refusal,pres_2002,sido_48,,,,,,,,,,,,,0.027549170136442754,C,A|B,0.0344685791555901,candidate_ballot,prediction_tilted,0.0344685791555901,0.08956691942847561,0.05509834027288551,0.5,0.06201774929203285
strong_1.00__rupture_0__weak_0.50__floor_candidate_ballot__recipient_prediction_tilted,weak_same_lane_refusal,pres_2002,sido_50,,,,,,,,,,,,,0.07362850488756084,C,A|B,0.0,candidate_ballot,prediction_tilted,0.0,0.14725700977512168,0.14725700977512168,0.5,0.07362850488756084
strong_1.00__rupture_0__weak_0.50__floor_candidate_ballot__recipient_prediction_tilted,weak_same_lane_refusal,pres_2022,sido_11,,,,,,,,,,,,,0.010432079935460402,C,A|B,0.029384832583875,candidate_ballot,prediction_tilted,0.029384832583875,0.050248992454795804,0.020864159870920804,0.5,0.039816912519335404
strong_1.00__rupture_0__weak_0.50__floor_candidate_ballot__recipient_prediction_tilted,weak_same_lane_refusal,pres_2022,sido_26,,,,,,,,,,,,,0.003668923005554499,C,A|B,0.0399820977460082,candidate_ballot,prediction_tilted,0.0399820977460082,0.0473199437571172,0.007337846011108998,0.5,0.0436510207515627
strong_1.00__rupture_0__weak_0.50__floor_candidate_ballot__recipient_prediction_tilted,weak_same_lane_refusal,pres_2022,sido_28,,,,,,,,,,,,,0.0024657396406635515,C,A|B,0.0485003528440327,candidate_ballot,prediction_tilted,0.0485003528440327,0.053431832125359804,0.004931479281327103,0.5,0.05096609248469625
strong_1.00__rupture_0__weak_0.50__floor_candidate_ballot__recipient_prediction_tilted,weak_same_lane_refusal,pres_2022,sido_30,,,,,,,,,,,,,0.010773520664098798,C,A|B,0.0287620743601844,candidate_ballot,prediction_tilted,0.0287620743601844,0.050309115688382,0.021547041328197597,0.5,0.0395355950242832
strong_1.00__rupture_0__weak_0.50__floor_candidate_ballot__recipient_prediction_tilted,weak_same_lane_refusal,pres_2022,sido_36,,,,,,,,,,,,,0.004411490023630352,C,A|B,0.0509430370441767,candidate_ballot,prediction_tilted,0.0509430370441767,0.059766017091437404,0.008822980047260703,0.5,0.05535452706780705
strong_1.00__rupture_0__weak_0.50__floor_candidate_ballot__recipient_prediction_tilted,weak_same_lane_refusal,pres_2022,sido_41,,,,,,,,,,,,,0.004303920428435203,C,A|B,0.0359763522960836,candidate_ballot,prediction_tilted,0.0359763522960836,0.044584193152954005,0.008607840856870407,0.5,0.0402802727245188
strong_1.00__rupture_0__weak_0.50__floor_candidate_ballot__recipient_prediction_tilted,weak_same_lane_refusal,pres_2022,sido_42,,,,,,,,,,,,,0.0079485548185134,C,A|B,0.0308172356117518,candidate_ballot,prediction_tilted,0.0308172356117518,0.0467143452487786,0.0158971096370268,0.5,0.0387657904302652
strong_1.00__rupture_0__weak_0.50__floor_candidate_ballot__recipient_prediction_tilted,weak_same_lane_refusal,pres_2022,sido_43,,,,,,,,,,,,,0.006387971140684848,C,A|B,0.0345580698080987,candidate_ballot,prediction_tilted,0.0345580698080987,0.0473340120894684,0.012775942281369697,0.5,0.040946040948783555
strong_1.00__rupture_0__weak_0.50__floor_candidate_ballot__recipient_prediction_tilted,weak_same_lane_refusal,pres_2022,sido_44,,,,,,,,,,,,,0.00804451076529375,C,A|B,0.0309340683403439,candidate_ballot,prediction_tilted,0.0309340683403439,0.0470230898709314,0.0160890215305875,0.5,0.03897857910563765
strong_1.00__rupture_0__weak_0.50__floor_candidate_ballot__recipient_prediction_tilted,weak_same_lane_refusal,pres_2022,sido_45,,,,,,,,,,,,,0.013223773852449102,C,A|B,0.0459485902537228,candidate_ballot,prediction_tilted,0.0459485902537228,0.072396137958621,0.026447547704898204,0.5,0.059172364106171896
strong_1.00__rupture_0__weak_0.50__floor_candidate_ballot__recipient_prediction_tilted,weak_same_lane_refusal,pres_2022,sido_46,,,,,,,,,,,,,0.006249755501632502,C,A|B,0.0592373366011094,candidate_ballot,prediction_tilted,0.0592373366011094,0.0717368476043744,0.012499511003265004,0.5,0.0654870921027419
strong_1.00__rupture_0__weak_0.50__floor_candidate_ballot__recipient_prediction_tilted,weak_same_lane_refusal,pres_2022,sido_47,,,,,,,,,,,,,0.0005193415424285981,C,A|B,0.0343795636905044,candidate_ballot,prediction_tilted,0.0343795636905044,0.035418246775361595,0.0010386830848571962,0.5,0.034898905232933
strong_1.00__rupture_0__weak_0.50__floor_candidate_ballot__recipient_prediction_tilted,weak_same_lane_refusal,pres_2022,sido_50,,,,,,,,,,,,,0.011649671043853602,C,A|B,0.0503767176193264,candidate_ballot,prediction_tilted,0.0503767176193264,0.0736760597070336,0.023299342087707203,0.5,0.06202638866318
strong_1.00__rupture_0__weak_0.50__floor_theoretical__recipient_affinity_only,strong_incumbent_veto,pres_2007,sido_11,A,B,0.1550560112006703,0.1830565695612803,0.6837328178902612,1.0,0.1251617841394588,0.224727422604459,0.0,0.01,0.224727422604459,0.11575376295856316,0.014487947492749764,,,,,,,,,,
strong_1.00__rupture_0__weak_0.50__floor_theoretical__recipient_affinity_only,strong_incumbent_veto,pres_2007,sido_26,A,B,0.1550560112006703,0.1830565695612803,0.6837328178902612,1.0,0.1251617841394588,0.1230144019232013,0.0,0.01,0.1230144019232013,0.06769999442714049,0.008473452088732321,,,,,,,,,,
strong_1.00__rupture_0__weak_0.50__floor_theoretical__recipient_affinity_only,strong_incumbent_veto,pres_2007,sido_27,A,B,0.1550560112006703,0.1830565695612803,0.6837328178902612,1.0,0.1251617841394588,0.0533297784427378,0.0,0.01,0.0533297784427378,0.036548243373766096,0.004574443347823718,,,,,,,,,,
strong_1.00__rupture_0__weak_0.50__floor_theoretical__recipient_affinity_only,strong_incumbent_veto,pres_2007,sido_28,A,B,0.1550560112006703,0.1830565695612803,0.6837328178902612,1.0,0.1251617841394588,0.1882964963574757,0.0,0.01,0.1882964963574757,0.1253482410577939,0.015688809489536448,,,,,,,,,,
strong_1.00__rupture_0__weak_0.50__floor_theoretical__recipient_affinity_only,strong_incumbent_veto,pres_2007,sido_29,A,B,0.1550560112006703,0.1830565695612803,0.6837328178902612,1.0,0.1251617841394588,0.5063986688693,0.0,0.01,0.5063986688693,0.24746182449968468,0.030972763460786173,,,,,,,,,,
strong_1.00__rupture_0__weak_0.50__floor_theoretical__recipient_affinity_only,strong_incumbent_veto,pres_2007,sido_30,A,B,0.1550560112006703,0.1830565695612803,0.6837328178902612,1.0,0.1251617841394588,0.1749885957265136,0.0,0.01,0.1749885957265136,0.1550161062926277,0.019402092433937267,,,,,,,,,,
strong_1.00__rupture_0__weak_0.50__floor_theoretical__recipient_affinity_only,strong_incumbent_veto,pres_2007,sido_31,A,B,0.1550560112006703,0.1830565695612803,0.6837328178902612,1.0,0.1251617841394588,0.0922216716368157,0.0,0.01,0.0922216716368157,0.0762003677779345,0.00953737398316921,,,,,,,,,,
strong_1.00__rupture_0__weak_0.50__floor_theoretical__recipient_affinity_only,strong_incumbent_veto,pres_2007,sido_41,A,B,0.1550560112006703,0.1830565695612803,0.6837328178902612,1.0,0.1251617841394588,0.1969781637048186,0.0,0.01,0.1969781637048186,0.12484403173333555,0.015625701750907488,,,,,,,,,,
strong_1.00__rupture_0__weak_0.50__floor_theoretical__recipient_affinity_only,strong_incumbent_veto,pres_2007,sido_42,A,B,0.1550560112006703,0.1830565695612803,0.6837328178902612,1.0,0.1251617841394588,0.1620964538589391,0.0,0.01,0.1620964538589391,0.0926504884460915,0.011596300435305126,,,,,,,,,,
strong_1.00__rupture_0__weak_0.50__floor_theoretical__recipient_affinity_only,strong_incumbent_veto,pres_2007,sido_43,A,B,0.1550560112006703,0.1830565695612803,0.6837328178902612,1.0,0.1251617841394588,0.1871115693451475,0.0,0.01,0.1871115693451475,0.1250937284019757,0.015656954231448167,,,,,,,,,,
strong_1.00__rupture_0__weak_0.50__floor_theoretical__recipient_affinity_only,strong_incumbent_veto,pres_2007,sido_44,A,B,0.1550560112006703,0.1830565695612803,0.6837328178902612,1.0,0.1251617841394588,0.1339414116449834,0.0,0.01,0.1339414116449834,0.1803984259604589,0.0225789888491611,,,,,,,,,,
strong_1.00__rupture_0__weak_0.50__floor_theoretical__recipient_affinity_only,strong_incumbent_veto,pres_2007,sido_45,A,B,0.1550560112006703,0.1830565695612803,0.6837328178902612,1.0,0.1251617841394588,0.5050615589935803,0.0,0.01,0.5050615589935803,0.2489963619554737,0.03116482890658155,,,,,,,,,,
strong_1.00__rupture_0__weak_0.50__floor_theoretical__recipient_affinity_only,strong_incumbent_veto,pres_2007,sido_46,A,B,0.1550560112006703,0.1830565695612803,0.6837328178902612,1.0,0.1251617841394588,0.5115021109033597,0.0,0.01,0.5115021109033597,0.2436089090943725,0.03049052569451889,,,,,,,,,,
strong_1.00__rupture_0__weak_0.50__floor_theoretical__recipient_affinity_only,strong_incumbent_veto,pres_2007,sido_47,A,B,0.1550560112006703,0.1830565695612803,0.6837328178902612,1.0,0.1251617841394588,0.0689035077128128,0.0,0.01,0.0689035077128128,0.03689871266594581,0.004618308709719025,,,,,,,,,,
strong_1.00__rupture_0__weak_0.50__floor_theoretical__recipient_affinity_only,strong_incumbent_veto,pres_2007,sido_48,A,B,0.1550560112006703,0.1830565695612803,0.6837328178902612,1.0,0.1251617841394588,0.0994668855013218,0.0,0.01,0.0994668855013218,0.0644903902204684,0.008071732299843731,,,,,,,,,,
strong_1.00__rupture_0__weak_0.50__floor_theoretical__recipient_affinity_only,strong_incumbent_veto,pres_2007,sido_50,A,B,0.1550560112006703,0.1830565695612803,0.6837328178902612,1.0,0.1251617841394588,0.0,0.0,0.01,0.0,0.2696919174747736,0.033755121559134356,,,,,,,,,,
strong_1.00__rupture_0__weak_0.50__floor_theoretical__recipient_affinity_only,strong_incumbent_veto,pres_2017,sido_11,A,B,0.14222159439442095,0.1258437002381364,1.0,1.0,0.1258437002381364,0.2981507946412702,0.0,0.01,0.2981507946412702,0.020775818418153735,0.002614505865216092,,,,,,,,,,
strong_1.00__rupture_0__weak_0.50__floor_theoretical__recipient_affinity_only,strong_incumbent_veto,pres_2017,sido_26,A,B,0.14222159439442095,0.1258437002381364,1.0,1.0,0.1258437002381364,0.3539560494922693,0.0,0.01,0.3539560494922693,0.03533489788607641,0.00444667429752056,,,,,,,,,,
strong_1.00__rupture_0__weak_0.50__floor_theoretical__recipient_affinity_only,strong_incumbent_veto,pres_2017,sido_27,A,B,0.14222159439442095,0.1258437002381364,1.0,1.0,0.1258437002381364,0.4618834178563183,0.0,0.01,0.4618834178563183,0.035586450889516674,0.004478330658279499,,,,,,,,,,
strong_1.00__rupture_0__weak_0.50__floor_theoretical__recipient_affinity_only,strong_incumbent_veto,pres_2017,sido_28,A,B,0.14222159439442095,0.1258437002381364,1.0,1.0,0.1258437002381364,0.2930148075897038,0.0,0.01,0.2930148075897038,0.02963264010423733,0.0037290810785422213,,,,,,,,,,
strong_1.00__rupture_0__weak_0.50__floor_theoretical__recipient_affinity_only,strong_incumbent_veto,pres_2017,sido_29,A,B,0.14222159439442095,0.1258437002381364,1.0,1.0,0.1258437002381364,0.0341806016229801,0.0,0.01,0.0341806016229801,0.020989257269728195,0.0026413658000728002,,,,,,,,,,
strong_1.00__rupture_0__weak_0.50__floor_theoretical__recipient_affinity_only,strong_incumbent_veto,pres_2017,sido_30,A,B,0.14222159439442095,0.1258437002381364,1.0,1.0,0.1258437002381364,0.2396170369219419,0.0,0.01,0.2396170369219419,0.029086009721897926,0.003660291088566044,,,,,,,,,,
strong_1.00__rupture_0__weak_0.50__floor_theoretical__recipient_affinity_only,strong_incumbent_veto,pres_2017,sido_31,A,B,0.14222159439442095,0.1258437002381364,1.0,1.0,0.1258437002381364,0.3553353097157836,0.0,0.01,0.3553353097157836,0.03151593008562664,0.003966081258421664,,,,,,,,,,
strong_1.00__rupture_0__weak_0.50__floor_theoretical__recipient_affinity_only,strong_incumbent_veto,pres_2017,sido_36,A,B,0.14222159439442095,0.1258437002381364,1.0,1.0,0.1258437002381364,0.1724331995485346,0.0,0.01,0.1724331995485346,0.05851073368036361,0.007363207229985109,,,,,,,,,,
strong_1.00__rupture_0__weak_0.50__floor_theoretical__recipient_affinity_only,strong_incumbent_veto,pres_2017,sido_41,A,B,0.14222159439442095,0.1258437002381364,1.0,1.0,0.1258437002381364,0.2904867750077805,0.0,0.01,0.2904867750077805,0.029907444360296687,0.0037636634629659195,,,,,,,,,,
strong_1.00__rupture_0__weak_0.50__floor_theoretical__recipient_affinity_only,strong_incumbent_veto,pres_2017,sido_42,A,B,0.14222159439442095,0.1258437002381364,1.0,1.0,0.1258437002381364,0.3376440484133232,0.0,0.01,0.3376440484133232,0.03245600676312743,0.004084383986025937,,,,,,,,,,
strong_1.00__rupture_0__weak_0.50__floor_theoretical__recipient_affinity_only,strong_incumbent_veto,pres_2017,sido_43,A,B,0.14222159439442095,0.1258437002381364,1.0,1.0,0.1258437002381364,0.2911638514975106,0.0,0.01,0.2911638514975106,0.03015423544612711,0.003794720566392607,,,,,,,,,,
strong_1.00__rupture_0__weak_0.50__floor_theoretical__recipient_affinity_only,strong_incumbent_veto,pres_2017,sido_44,A,B,0.14222159439442095,0.1258437002381364,1.0,1.0,0.1258437002381364,0.2550776099850012,0.0,0.01,0.2550776099850012,0.030969977487163403,0.003897376563276424,,,,,,,,,,
strong_1.00__rupture_0__weak_0.50__floor_theoretical__recipient_affinity_only,strong_incumbent_veto,pres_2017,sido_45,A,B,0.14222159439442095,0.1258437002381364,1.0,1.0,0.1258437002381364,0.0682483484546126,0.0,0.01,0.0682483484546126,0.025322934131601596,0.003186731732007344,,,,,,,,,,
strong_1.00__rupture_0__weak_0.50__floor_theoretical__recipient_affinity_only,strong_incumbent_veto,pres_2017,sido_46,A,B,0.14222159439442095,0.1258437002381364,1.0,1.0,0.1258437002381364,0.0438553923470368,0.0,0.01,0.0438553923470368,0.020205248004484,0.002542703173113488,,,,,,,,,,
strong_1.00__rupture_0__weak_0.50__floor_theoretical__recipient_affinity_only,strong_incumbent_veto,pres_2017,sido_47,A,B,0.14222159439442095,0.1258437002381364,1.0,1.0,0.1258437002381364,0.4863134552896404,0.0,0.01,0.4863134552896404,0.03603439177059248,0.004534701196242009,,,,,,,,,,
strong_1.00__rupture_0__weak_0.50__floor_theoretical__recipient_affinity_only,strong_incumbent_veto,pres_2017,sido_48,A,B,0.14222159439442095,0.1258437002381364,1.0,1.0,0.1258437002381364,0.3752628188705947,0.0,0.01,0.3752628188705947,0.034783946318121595,0.004377340513557123,,,,,,,,,,
strong_1.00__rupture_0__weak_0.50__floor_theoretical__recipient_affinity_only,strong_incumbent_veto,pres_2017,sido_50,A,B,0.14222159439442095,0.1258437002381364,1.0,1.0,0.1258437002381364,0.2397495310485979,0.0,0.01,0.2397495310485979,0.045654470168853906,0.005745327458460191,,,,,,,,,,
strong_1.00__rupture_0__weak_0.50__floor_theoretical__recipient_affinity_only,weak_same_lane_refusal,pres_2002,sido_11,,,,,,,,,,,,,0.025312926053931,C,A,0.0172553182802303,theoretical,affinity_only,0.01,0.060625852107862005,0.050625852107862,0.5,0.03531292605393101
strong_1.00__rupture_0__weak_0.50__floor_theoretical__recipient_affinity_only,weak_same_lane_refusal,pres_2002,sido_26,,,,,,,,,,,,,0.048325769394412,C,A,0.039818482004606,theoretical,affinity_only,0.01,0.106651538788824,0.096651538788824,0.5,0.058325769394411996
strong_1.00__rupture_0__weak_0.50__floor_theoretical__recipient_affinity_only,weak_same_lane_refusal,pres_2002,sido_27,,,,,,,,,,,,,0.0208613275891017,C,A,0.0058164519761945,theoretical,affinity_only,0.01,0.0517226551782034,0.0417226551782034,0.5,0.030861327589101702
strong_1.00__rupture_0__weak_0.50__floor_theoretical__recipient_affinity_only,weak_same_lane_refusal,pres_2002,sido_28,,,,,,,,,,,,,0.0264003957270692,C,A,0.0255062904560678,theoretical,affinity_only,0.01,0.0628007914541384,0.0528007914541384,0.5,0.0364003957270692
strong_1.00__rupture_0__weak_0.50__floor_theoretical__recipient_affinity_only,weak_same_lane_refusal,pres_2002,sido_29,,,,,,,,,,,,,0.062350677499779995,C,A,0.0779749988731636,theoretical,affinity_only,0.01,0.13470135499955999,0.12470135499955999,0.5,0.07235067749978
strong_1.00__rupture_0__weak_0.50__floor_theoretical__recipient_affinity_only,weak_same_lane_refusal,pres_2002,sido_30,,,,,,,,,,,,,0.0327083634776253,C,A,0.0189676131685742,theoretical,affinity_only,0.01,0.07541672695525059,0.0654167269552506,0.5,0.04270836347762529
strong_1.00__rupture_0__weak_0.50__floor_theoretical__recipient_affinity_only,weak_same_lane_refusal,pres_2002,sido_31,,,,,,,,,,,,,0.1227008152349797,C,A,0.3115852121639049,theoretical,affinity_only,0.01,0.2554016304699594,0.2454016304699594,0.5,0.1327008152349797
strong_1.00__rupture_0__weak_0.50__floor_theoretical__recipient_affinity_only,weak_same_lane_refusal,pres_2002,sido_41,,,,,,,,,,,,,0.0241102146136453,C,A,0.0208780312728109,theoretical,affinity_only,0.01,0.0582204292272906,0.0482204292272906,0.5,0.0341102146136453
strong_1.00__rupture_0__weak_0.50__floor_theoretical__recipient_affinity_only,weak_same_lane_refusal,pres_2002,sido_42,,,,,,,,,,,,,0.038223883459704906,C,A,0.0200289187580357,theoretical,affinity_only,0.01,0.08644776691940981,0.07644776691940981,0.5,0.0482238834597049
strong_1.00__rupture_0__weak_0.50__floor_theoretical__recipient_affinity_only,weak_same_lane_refusal,pres_2002,sido_43,,,,,,,,,,,,,0.031653684504008,C,A,0.0118716878700329,theoretical,affinity_only,0.01,0.073307369008016,0.063307369008016,0.5,0.041653684504008
strong_1.00__rupture_0__weak_0.50__floor_theoretical__recipient_affinity_only,weak_same_lane_refusal,pres_2002,sido_44,,,,,,,,,,,,,0.0177021528213866,C,A,0.0095463081839152,theoretical,affinity_only,0.01,0.0454043056427732,0.0354043056427732,0.5,0.027702152821386602
strong_1.00__rupture_0__weak_0.50__floor_theoretical__recipient_affinity_only,weak_same_lane_refusal,pres_2002,sido_45,,,,,,,,,,,,,0.05882763126316629,C,A,0.0228231814936564,theoretical,affinity_only,0.01,0.12765526252633258,0.11765526252633259,0.5,0.0688276312631663
strong_1.00__rupture_0__weak_0.50__floor_theoretical__recipient_affinity_only,weak_same_lane_refusal,pres_2002,sido_46,,,,,,,,,,,,,0.0627676696159194,C,A,0.0132624825931937,theoretical,affinity_only,0.01,0.1355353392318388,0.1255353392318388,0.5,0.0727676696159194
strong_1.00__rupture_0__weak_0.50__floor_theoretical__recipient_affinity_only,weak_same_lane_refusal,pres_2002,sido_47,,,,,,,,,,,,,0.017480571851519997,C,A,0.0296959172831779,theoretical,affinity_only,0.01,0.044961143703039996,0.034961143703039994,0.5,0.02748057185152
strong_1.00__rupture_0__weak_0.50__floor_theoretical__recipient_affinity_only,weak_same_lane_refusal,pres_2002,sido_48,,,,,,,,,,,,,0.03978345971423781,C,A,0.0344685791555901,theoretical,affinity_only,0.01,0.08956691942847561,0.07956691942847562,0.5,0.0497834597142378
strong_1.00__rupture_0__weak_0.50__floor_theoretical__recipient_affinity_only,weak_same_lane_refusal,pres_2002,sido_50,,,,,,,,,,,,,0.06862850488756084,C,A,0.0,theoretical,affinity_only,0.01,0.14725700977512168,0.13725700977512167,0.5,0.07862850488756085
strong_1.00__rupture_0__weak_0.50__floor_theoretical__recipient_affinity_only,weak_same_lane_refusal,pres_2022,sido_11,,,,,,,,,,,,,0.0201244962273979,C,B,0.029384832583875,theoretical,affinity_only,0.01,0.050248992454795804,0.0402489924547958,0.5,0.030124496227397903
strong_1.00__rupture_0__weak_0.50__floor_theoretical__recipient_affinity_only,weak_same_lane_refusal,pres_2022,sido_26,,,,,,,,,,,,,0.0186599718785586,C,B,0.0399820977460082,theoretical,affinity_only,0.01,0.0473199437571172,0.0373199437571172,0.5,0.0286599718785586
strong_1.00__rupture_0__weak_0.50__floor_theoretical__recipient_affinity_only,weak_same_lane_refusal,pres_2022,sido_27,,,,,,,,,,,,,0.012936492498500998,C,B,0.0389354436816256,theoretical,affinity_only,0.01,0.035872984997002,0.025872984997001996,0.5,0.022936492498501
strong_1.00__rupture_0__weak_0.50__floor_theoretical__recipient_affinity_only,weak_same_lane_refusal,pres_2022,sido_28,,,,,,,,,,,,,0.0217159160626799,C,B,0.0485003528440327,theoretical,affinity_only,0.01,0.053431832125359804,0.0434318321253598,0.5,0.0317159160626799
strong_1.00__rupture_0__weak_0.50__floor_theoretical__recipient_affinity_only,weak_same_lane_refusal,pres_2022,sido_29,,,,,,,,,,,,,0.0373448252333252,C,B,0.0876883018010707,theoretical,affinity_only,0.01,0.08468965046665039,0.0746896504666504,0.5,0.04734482523332519
strong_1.00__rupture_0__weak_0.50__floor_theoretical__recipient_affinity_only,weak_same_lane_refusal,pres_2022,sido_30,,,,,,,,,,,,,0.020154557844191,C,B,0.0287620743601844,theoretical,affinity_only,0.01,0.050309115688382,0.040309115688382,0.5,0.030154557844191
strong_1.00__rupture_0__weak_0.50__floor_theoretical__recipient_affinity_only,weak_same_lane_refusal,pres_2022,sido_31,,,,,,,,,,,,,0.0461215494330516,C,B,0.176134143020495,theoretical,affinity_only,0.01,0.1022430988661032,0.0922430988661032,0.5,0.056121549433051594
strong_1.00__rupture_0__weak_0.50__floor_theoretical__recipient_affinity_only,weak_same_lane_refusal,pres_2022,sido_36,,,,,,,,,,,,,0.0248830085457187,C,B,0.0509430370441767,theoretical,affinity_only,0.01,0.059766017091437404,0.0497660170914374,0.5,0.0348830085457187
strong_1.00__rupture_0__weak_0.50__floor_theoretical__recipient_affinity_only,weak_same_lane_refusal,pres_2022,sido_41,,,,,,,,,,,,,0.017292096576477,C,B,0.0359763522960836,theoretical,affinity_only,0.01,0.044584193152954005,0.034584193152954,0.5,0.027292096576477003
strong_1.00__rupture_0__weak_0.50__floor_theoretical__recipient_affinity_only,weak_same_lane_refusal,pres_2022,sido_42,,,,,,,,,,,,,0.0183571726243893,C,B,0.0308172356117518,theoretical,affinity_only,0.01,0.0467143452487786,0.0367143452487786,0.5,0.0283571726243893
strong_1.00__rupture_0__weak_0.50__floor_theoretical__recipient_affinity_only,weak_same_lane_refusal,pres_2022,sido_43,,,,,,,,,,,,,0.0186670060447342,C,B,0.0345580698080987,theoretical,affinity_only,0.01,0.0473340120894684,0.0373340120894684,0.5,0.0286670060447342
strong_1.00__rupture_0__weak_0.50__floor_theoretical__recipient_affinity_only,weak_same_lane_refusal,pres_2022,sido_44,,,,,,,,,,,,,0.0185115449354657,C,B,0.0309340683403439,theoretical,affinity_only,0.01,0.0470230898709314,0.0370230898709314,0.5,0.0285115449354657
strong_1.00__rupture_0__weak_0.50__floor_theoretical__recipient_affinity_only,weak_same_lane_refusal,pres_2022,sido_45,,,,,,,,,,,,,0.0311980689793105,C,B,0.0459485902537228,theoretical,affinity_only,0.01,0.072396137958621,0.062396137958621,0.5,0.0411980689793105
strong_1.00__rupture_0__weak_0.50__floor_theoretical__recipient_affinity_only,weak_same_lane_refusal,pres_2022,sido_46,,,,,,,,,,,,,0.0308684238021872,C,B,0.0592373366011094,theoretical,affinity_only,0.01,0.0717368476043744,0.0617368476043744,0.5,0.040868423802187206
strong_1.00__rupture_0__weak_0.50__floor_theoretical__recipient_affinity_only,weak_same_lane_refusal,pres_2022,sido_47,,,,,,,,,,,,,0.012709123387680796,C,B,0.0343795636905044,theoretical,affinity_only,0.01,0.035418246775361595,0.025418246775361593,0.5,0.0227091233876808
strong_1.00__rupture_0__weak_0.50__floor_theoretical__recipient_affinity_only,weak_same_lane_refusal,pres_2022,sido_48,,,,,,,,,,,,,0.0262275269035888,C,B,0.0766151338961869,theoretical,affinity_only,0.01,0.0624550538071776,0.0524550538071776,0.5,0.0362275269035888
strong_1.00__rupture_0__weak_0.50__floor_theoretical__recipient_affinity_only,weak_same_lane_refusal,pres_2022,sido_50,,,,,,,,,,,,,0.0318380298535168,C,B,0.0503767176193264,theoretical,affinity_only,0.01,0.0736760597070336,0.0636760597070336,0.5,0.0418380298535168
strong_1.00__rupture_0__weak_0.50__floor_theoretical__recipient_prediction_tilted,strong_incumbent_veto,pres_2007,sido_11,A,B,0.1550560112006703,0.1830565695612803,0.6837328178902612,1.0,0.1251617841394588,0.224727422604459,0.0,0.01,0.224727422604459,0.11575376295856316,0.014487947492749764,,,,,,,,,,
strong_1.00__rupture_0__weak_0.50__floor_theoretical__recipient_prediction_tilted,strong_incumbent_veto,pres_2007,sido_26,A,B,0.1550560112006703,0.1830565695612803,0.6837328178902612,1.0,0.1251617841394588,0.1230144019232013,0.0,0.01,0.1230144019232013,0.06769999442714049,0.008473452088732321,,,,,,,,,,
strong_1.00__rupture_0__weak_0.50__floor_theoretical__recipient_prediction_tilted,strong_incumbent_veto,pres_2007,sido_27,A,B,0.1550560112006703,0.1830565695612803,0.6837328178902612,1.0,0.1251617841394588,0.0533297784427378,0.0,0.01,0.0533297784427378,0.036548243373766096,0.004574443347823718,,,,,,,,,,
strong_1.00__rupture_0__weak_0.50__floor_theoretical__recipient_prediction_tilted,strong_incumbent_veto,pres_2007,sido_28,A,B,0.1550560112006703,0.1830565695612803,0.6837328178902612,1.0,0.1251617841394588,0.1882964963574757,0.0,0.01,0.1882964963574757,0.1253482410577939,0.015688809489536448,,,,,,,,,,
strong_1.00__rupture_0__weak_0.50__floor_theoretical__recipient_prediction_tilted,strong_incumbent_veto,pres_2007,sido_29,A,B,0.1550560112006703,0.1830565695612803,0.6837328178902612,1.0,0.1251617841394588,0.5063986688693,0.0,0.01,0.5063986688693,0.24746182449968468,0.030972763460786173,,,,,,,,,,
strong_1.00__rupture_0__weak_0.50__floor_theoretical__recipient_prediction_tilted,strong_incumbent_veto,pres_2007,sido_30,A,B,0.1550560112006703,0.1830565695612803,0.6837328178902612,1.0,0.1251617841394588,0.1749885957265136,0.0,0.01,0.1749885957265136,0.1550161062926277,0.019402092433937267,,,,,,,,,,
strong_1.00__rupture_0__weak_0.50__floor_theoretical__recipient_prediction_tilted,strong_incumbent_veto,pres_2007,sido_31,A,B,0.1550560112006703,0.1830565695612803,0.6837328178902612,1.0,0.1251617841394588,0.0922216716368157,0.0,0.01,0.0922216716368157,0.0762003677779345,0.00953737398316921,,,,,,,,,,
strong_1.00__rupture_0__weak_0.50__floor_theoretical__recipient_prediction_tilted,strong_incumbent_veto,pres_2007,sido_41,A,B,0.1550560112006703,0.1830565695612803,0.6837328178902612,1.0,0.1251617841394588,0.1969781637048186,0.0,0.01,0.1969781637048186,0.12484403173333555,0.015625701750907488,,,,,,,,,,
strong_1.00__rupture_0__weak_0.50__floor_theoretical__recipient_prediction_tilted,strong_incumbent_veto,pres_2007,sido_42,A,B,0.1550560112006703,0.1830565695612803,0.6837328178902612,1.0,0.1251617841394588,0.1620964538589391,0.0,0.01,0.1620964538589391,0.0926504884460915,0.011596300435305126,,,,,,,,,,
strong_1.00__rupture_0__weak_0.50__floor_theoretical__recipient_prediction_tilted,strong_incumbent_veto,pres_2007,sido_43,A,B,0.1550560112006703,0.1830565695612803,0.6837328178902612,1.0,0.1251617841394588,0.1871115693451475,0.0,0.01,0.1871115693451475,0.1250937284019757,0.015656954231448167,,,,,,,,,,
strong_1.00__rupture_0__weak_0.50__floor_theoretical__recipient_prediction_tilted,strong_incumbent_veto,pres_2007,sido_44,A,B,0.1550560112006703,0.1830565695612803,0.6837328178902612,1.0,0.1251617841394588,0.1339414116449834,0.0,0.01,0.1339414116449834,0.1803984259604589,0.0225789888491611,,,,,,,,,,
strong_1.00__rupture_0__weak_0.50__floor_theoretical__recipient_prediction_tilted,strong_incumbent_veto,pres_2007,sido_45,A,B,0.1550560112006703,0.1830565695612803,0.6837328178902612,1.0,0.1251617841394588,0.5050615589935803,0.0,0.01,0.5050615589935803,0.2489963619554737,0.03116482890658155,,,,,,,,,,
strong_1.00__rupture_0__weak_0.50__floor_theoretical__recipient_prediction_tilted,strong_incumbent_veto,pres_2007,sido_46,A,B,0.1550560112006703,0.1830565695612803,0.6837328178902612,1.0,0.1251617841394588,0.5115021109033597,0.0,0.01,0.5115021109033597,0.2436089090943725,0.03049052569451889,,,,,,,,,,
strong_1.00__rupture_0__weak_0.50__floor_theoretical__recipient_prediction_tilted,strong_incumbent_veto,pres_2007,sido_47,A,B,0.1550560112006703,0.1830565695612803,0.6837328178902612,1.0,0.1251617841394588,0.0689035077128128,0.0,0.01,0.0689035077128128,0.03689871266594581,0.004618308709719025,,,,,,,,,,
strong_1.00__rupture_0__weak_0.50__floor_theoretical__recipient_prediction_tilted,strong_incumbent_veto,pres_2007,sido_48,A,B,0.1550560112006703,0.1830565695612803,0.6837328178902612,1.0,0.1251617841394588,0.0994668855013218,0.0,0.01,0.0994668855013218,0.0644903902204684,0.008071732299843731,,,,,,,,,,
strong_1.00__rupture_0__weak_0.50__floor_theoretical__recipient_prediction_tilted,strong_incumbent_veto,pres_2007,sido_50,A,B,0.1550560112006703,0.1830565695612803,0.6837328178902612,1.0,0.1251617841394588,0.0,0.0,0.01,0.0,0.2696919174747736,0.033755121559134356,,,,,,,,,,
strong_1.00__rupture_0__weak_0.50__floor_theoretical__recipient_prediction_tilted,strong_incumbent_veto,pres_2017,sido_11,A,B,0.14222159439442095,0.1258437002381364,1.0,1.0,0.1258437002381364,0.2981507946412702,0.0,0.01,0.2981507946412702,0.020775818418153735,0.002614505865216092,,,,,,,,,,
strong_1.00__rupture_0__weak_0.50__floor_theoretical__recipient_prediction_tilted,strong_incumbent_veto,pres_2017,sido_26,A,B,0.14222159439442095,0.1258437002381364,1.0,1.0,0.1258437002381364,0.3539560494922693,0.0,0.01,0.3539560494922693,0.03533489788607641,0.00444667429752056,,,,,,,,,,
strong_1.00__rupture_0__weak_0.50__floor_theoretical__recipient_prediction_tilted,strong_incumbent_veto,pres_2017,sido_27,A,B,0.14222159439442095,0.1258437002381364,1.0,1.0,0.1258437002381364,0.4618834178563183,0.0,0.01,0.4618834178563183,0.035586450889516674,0.004478330658279499,,,,,,,,,,
strong_1.00__rupture_0__weak_0.50__floor_theoretical__recipient_prediction_tilted,strong_incumbent_veto,pres_2017,sido_28,A,B,0.14222159439442095,0.1258437002381364,1.0,1.0,0.1258437002381364,0.2930148075897038,0.0,0.01,0.2930148075897038,0.02963264010423733,0.0037290810785422213,,,,,,,,,,
strong_1.00__rupture_0__weak_0.50__floor_theoretical__recipient_prediction_tilted,strong_incumbent_veto,pres_2017,sido_29,A,B,0.14222159439442095,0.1258437002381364,1.0,1.0,0.1258437002381364,0.0341806016229801,0.0,0.01,0.0341806016229801,0.020989257269728195,0.0026413658000728002,,,,,,,,,,
strong_1.00__rupture_0__weak_0.50__floor_theoretical__recipient_prediction_tilted,strong_incumbent_veto,pres_2017,sido_30,A,B,0.14222159439442095,0.1258437002381364,1.0,1.0,0.1258437002381364,0.2396170369219419,0.0,0.01,0.2396170369219419,0.029086009721897926,0.003660291088566044,,,,,,,,,,
strong_1.00__rupture_0__weak_0.50__floor_theoretical__recipient_prediction_tilted,strong_incumbent_veto,pres_2017,sido_31,A,B,0.14222159439442095,0.1258437002381364,1.0,1.0,0.1258437002381364,0.3553353097157836,0.0,0.01,0.3553353097157836,0.03151593008562664,0.003966081258421664,,,,,,,,,,
strong_1.00__rupture_0__weak_0.50__floor_theoretical__recipient_prediction_tilted,strong_incumbent_veto,pres_2017,sido_36,A,B,0.14222159439442095,0.1258437002381364,1.0,1.0,0.1258437002381364,0.1724331995485346,0.0,0.01,0.1724331995485346,0.05851073368036361,0.007363207229985109,,,,,,,,,,
strong_1.00__rupture_0__weak_0.50__floor_theoretical__recipient_prediction_tilted,strong_incumbent_veto,pres_2017,sido_41,A,B,0.14222159439442095,0.1258437002381364,1.0,1.0,0.1258437002381364,0.2904867750077805,0.0,0.01,0.2904867750077805,0.029907444360296687,0.0037636634629659195,,,,,,,,,,
strong_1.00__rupture_0__weak_0.50__floor_theoretical__recipient_prediction_tilted,strong_incumbent_veto,pres_2017,sido_42,A,B,0.14222159439442095,0.1258437002381364,1.0,1.0,0.1258437002381364,0.3376440484133232,0.0,0.01,0.3376440484133232,0.03245600676312743,0.004084383986025937,,,,,,,,,,
strong_1.00__rupture_0__weak_0.50__floor_theoretical__recipient_prediction_tilted,strong_incumbent_veto,pres_2017,sido_43,A,B,0.14222159439442095,0.1258437002381364,1.0,1.0,0.1258437002381364,0.2911638514975106,0.0,0.01,0.2911638514975106,0.03015423544612711,0.003794720566392607,,,,,,,,,,
strong_1.00__rupture_0__weak_0.50__floor_theoretical__recipient_prediction_tilted,strong_incumbent_veto,pres_2017,sido_44,A,B,0.14222159439442095,0.1258437002381364,1.0,1.0,0.1258437002381364,0.2550776099850012,0.0,0.01,0.2550776099850012,0.030969977487163403,0.003897376563276424,,,,,,,,,,
strong_1.00__rupture_0__weak_0.50__floor_theoretical__recipient_prediction_tilted,strong_incumbent_veto,pres_2017,sido_45,A,B,0.14222159439442095,0.1258437002381364,1.0,1.0,0.1258437002381364,0.0682483484546126,0.0,0.01,0.0682483484546126,0.025322934131601596,0.003186731732007344,,,,,,,,,,
strong_1.00__rupture_0__weak_0.50__floor_theoretical__recipient_prediction_tilted,strong_incumbent_veto,pres_2017,sido_46,A,B,0.14222159439442095,0.1258437002381364,1.0,1.0,0.1258437002381364,0.0438553923470368,0.0,0.01,0.0438553923470368,0.020205248004484,0.002542703173113488,,,,,,,,,,
strong_1.00__rupture_0__weak_0.50__floor_theoretical__recipient_prediction_tilted,strong_incumbent_veto,pres_2017,sido_47,A,B,0.14222159439442095,0.1258437002381364,1.0,1.0,0.1258437002381364,0.4863134552896404,0.0,0.01,0.4863134552896404,0.03603439177059248,0.004534701196242009,,,,,,,,,,
strong_1.00__rupture_0__weak_0.50__floor_theoretical__recipient_prediction_tilted,strong_incumbent_veto,pres_2017,sido_48,A,B,0.14222159439442095,0.1258437002381364,1.0,1.0,0.1258437002381364,0.3752628188705947,0.0,0.01,0.3752628188705947,0.034783946318121595,0.004377340513557123,,,,,,,,,,
strong_1.00__rupture_0__weak_0.50__floor_theoretical__recipient_prediction_tilted,strong_incumbent_veto,pres_2017,sido_50,A,B,0.14222159439442095,0.1258437002381364,1.0,1.0,0.1258437002381364,0.2397495310485979,0.0,0.01,0.2397495310485979,0.045654470168853906,0.005745327458460191,,,,,,,,,,
strong_1.00__rupture_0__weak_0.50__floor_theoretical__recipient_prediction_tilted,weak_same_lane_refusal,pres_2002,sido_11,,,,,,,,,,,,,0.025312926053931,C,A|B,0.0172553182802303,theoretical,prediction_tilted,0.01,0.060625852107862005,0.050625852107862,0.5,0.03531292605393101
strong_1.00__rupture_0__weak_0.50__floor_theoretical__recipient_prediction_tilted,weak_same_lane_refusal,pres_2002,sido_26,,,,,,,,,,,,,0.048325769394412,C,A|B,0.039818482004606,theoretical,prediction_tilted,0.01,0.106651538788824,0.096651538788824,0.5,0.058325769394411996
strong_1.00__rupture_0__weak_0.50__floor_theoretical__recipient_prediction_tilted,weak_same_lane_refusal,pres_2002,sido_27,,,,,,,,,,,,,0.0208613275891017,C,A|B,0.0058164519761945,theoretical,prediction_tilted,0.01,0.0517226551782034,0.0417226551782034,0.5,0.030861327589101702
strong_1.00__rupture_0__weak_0.50__floor_theoretical__recipient_prediction_tilted,weak_same_lane_refusal,pres_2002,sido_28,,,,,,,,,,,,,0.0264003957270692,C,A|B,0.0255062904560678,theoretical,prediction_tilted,0.01,0.0628007914541384,0.0528007914541384,0.5,0.0364003957270692
strong_1.00__rupture_0__weak_0.50__floor_theoretical__recipient_prediction_tilted,weak_same_lane_refusal,pres_2002,sido_29,,,,,,,,,,,,,0.062350677499779995,C,A|B,0.0779749988731636,theoretical,prediction_tilted,0.01,0.13470135499955999,0.12470135499955999,0.5,0.07235067749978
strong_1.00__rupture_0__weak_0.50__floor_theoretical__recipient_prediction_tilted,weak_same_lane_refusal,pres_2002,sido_30,,,,,,,,,,,,,0.0327083634776253,C,A|B,0.0189676131685742,theoretical,prediction_tilted,0.01,0.07541672695525059,0.0654167269552506,0.5,0.04270836347762529
strong_1.00__rupture_0__weak_0.50__floor_theoretical__recipient_prediction_tilted,weak_same_lane_refusal,pres_2002,sido_31,,,,,,,,,,,,,0.1227008152349797,C,A|B,0.3115852121639049,theoretical,prediction_tilted,0.01,0.2554016304699594,0.2454016304699594,0.5,0.1327008152349797
strong_1.00__rupture_0__weak_0.50__floor_theoretical__recipient_prediction_tilted,weak_same_lane_refusal,pres_2002,sido_41,,,,,,,,,,,,,0.0241102146136453,C,A|B,0.0208780312728109,theoretical,prediction_tilted,0.01,0.0582204292272906,0.0482204292272906,0.5,0.0341102146136453
strong_1.00__rupture_0__weak_0.50__floor_theoretical__recipient_prediction_tilted,weak_same_lane_refusal,pres_2002,sido_42,,,,,,,,,,,,,0.038223883459704906,C,A|B,0.0200289187580357,theoretical,prediction_tilted,0.01,0.08644776691940981,0.07644776691940981,0.5,0.0482238834597049
strong_1.00__rupture_0__weak_0.50__floor_theoretical__recipient_prediction_tilted,weak_same_lane_refusal,pres_2002,sido_43,,,,,,,,,,,,,0.031653684504008,C,A|B,0.0118716878700329,theoretical,prediction_tilted,0.01,0.073307369008016,0.063307369008016,0.5,0.041653684504008
strong_1.00__rupture_0__weak_0.50__floor_theoretical__recipient_prediction_tilted,weak_same_lane_refusal,pres_2002,sido_44,,,,,,,,,,,,,0.0177021528213866,C,A|B,0.0095463081839152,theoretical,prediction_tilted,0.01,0.0454043056427732,0.0354043056427732,0.5,0.027702152821386602
strong_1.00__rupture_0__weak_0.50__floor_theoretical__recipient_prediction_tilted,weak_same_lane_refusal,pres_2002,sido_45,,,,,,,,,,,,,0.05882763126316629,C,A|B,0.0228231814936564,theoretical,prediction_tilted,0.01,0.12765526252633258,0.11765526252633259,0.5,0.0688276312631663
strong_1.00__rupture_0__weak_0.50__floor_theoretical__recipient_prediction_tilted,weak_same_lane_refusal,pres_2002,sido_46,,,,,,,,,,,,,0.0627676696159194,C,A|B,0.0132624825931937,theoretical,prediction_tilted,0.01,0.1355353392318388,0.1255353392318388,0.5,0.0727676696159194
strong_1.00__rupture_0__weak_0.50__floor_theoretical__recipient_prediction_tilted,weak_same_lane_refusal,pres_2002,sido_47,,,,,,,,,,,,,0.017480571851519997,C,A|B,0.0296959172831779,theoretical,prediction_tilted,0.01,0.044961143703039996,0.034961143703039994,0.5,0.02748057185152
strong_1.00__rupture_0__weak_0.50__floor_theoretical__recipient_prediction_tilted,weak_same_lane_refusal,pres_2002,sido_48,,,,,,,,,,,,,0.03978345971423781,C,A|B,0.0344685791555901,theoretical,prediction_tilted,0.01,0.08956691942847561,0.07956691942847562,0.5,0.0497834597142378
strong_1.00__rupture_0__weak_0.50__floor_theoretical__recipient_prediction_tilted,weak_same_lane_refusal,pres_2002,sido_50,,,,,,,,,,,,,0.06862850488756084,C,A|B,0.0,theoretical,prediction_tilted,0.01,0.14725700977512168,0.13725700977512167,0.5,0.07862850488756085
strong_1.00__rupture_0__weak_0.50__floor_theoretical__recipient_prediction_tilted,weak_same_lane_refusal,pres_2022,sido_11,,,,,,,,,,,,,0.0201244962273979,C,A|B,0.029384832583875,theoretical,prediction_tilted,0.01,0.050248992454795804,0.0402489924547958,0.5,0.030124496227397903
strong_1.00__rupture_0__weak_0.50__floor_theoretical__recipient_prediction_tilted,weak_same_lane_refusal,pres_2022,sido_26,,,,,,,,,,,,,0.0186599718785586,C,A|B,0.0399820977460082,theoretical,prediction_tilted,0.01,0.0473199437571172,0.0373199437571172,0.5,0.0286599718785586
strong_1.00__rupture_0__weak_0.50__floor_theoretical__recipient_prediction_tilted,weak_same_lane_refusal,pres_2022,sido_27,,,,,,,,,,,,,0.012936492498500998,C,A|B,0.0389354436816256,theoretical,prediction_tilted,0.01,0.035872984997002,0.025872984997001996,0.5,0.022936492498501
strong_1.00__rupture_0__weak_0.50__floor_theoretical__recipient_prediction_tilted,weak_same_lane_refusal,pres_2022,sido_28,,,,,,,,,,,,,0.0217159160626799,C,A|B,0.0485003528440327,theoretical,prediction_tilted,0.01,0.053431832125359804,0.0434318321253598,0.5,0.0317159160626799
strong_1.00__rupture_0__weak_0.50__floor_theoretical__recipient_prediction_tilted,weak_same_lane_refusal,pres_2022,sido_29,,,,,,,,,,,,,0.0373448252333252,C,A|B,0.0876883018010707,theoretical,prediction_tilted,0.01,0.08468965046665039,0.0746896504666504,0.5,0.04734482523332519
strong_1.00__rupture_0__weak_0.50__floor_theoretical__recipient_prediction_tilted,weak_same_lane_refusal,pres_2022,sido_30,,,,,,,,,,,,,0.020154557844191,C,A|B,0.0287620743601844,theoretical,prediction_tilted,0.01,0.050309115688382,0.040309115688382,0.5,0.030154557844191
strong_1.00__rupture_0__weak_0.50__floor_theoretical__recipient_prediction_tilted,weak_same_lane_refusal,pres_2022,sido_31,,,,,,,,,,,,,0.0461215494330516,C,A|B,0.176134143020495,theoretical,prediction_tilted,0.01,0.1022430988661032,0.0922430988661032,0.5,0.056121549433051594
strong_1.00__rupture_0__weak_0.50__floor_theoretical__recipient_prediction_tilted,weak_same_lane_refusal,pres_2022,sido_36,,,,,,,,,,,,,0.0248830085457187,C,A|B,0.0509430370441767,theoretical,prediction_tilted,0.01,0.059766017091437404,0.0497660170914374,0.5,0.0348830085457187
strong_1.00__rupture_0__weak_0.50__floor_theoretical__recipient_prediction_tilted,weak_same_lane_refusal,pres_2022,sido_41,,,,,,,,,,,,,0.017292096576477,C,A|B,0.0359763522960836,theoretical,prediction_tilted,0.01,0.044584193152954005,0.034584193152954,0.5,0.027292096576477003
strong_1.00__rupture_0__weak_0.50__floor_theoretical__recipient_prediction_tilted,weak_same_lane_refusal,pres_2022,sido_42,,,,,,,,,,,,,0.0183571726243893,C,A|B,0.0308172356117518,theoretical,prediction_tilted,0.01,0.0467143452487786,0.0367143452487786,0.5,0.0283571726243893
strong_1.00__rupture_0__weak_0.50__floor_theoretical__recipient_prediction_tilted,weak_same_lane_refusal,pres_2022,sido_43,,,,,,,,,,,,,0.0186670060447342,C,A|B,0.0345580698080987,theoretical,prediction_tilted,0.01,0.0473340120894684,0.0373340120894684,0.5,0.0286670060447342
strong_1.00__rupture_0__weak_0.50__floor_theoretical__recipient_prediction_tilted,weak_same_lane_refusal,pres_2022,sido_44,,,,,,,,,,,,,0.0185115449354657,C,A|B,0.0309340683403439,theoretical,prediction_tilted,0.01,0.0470230898709314,0.0370230898709314,0.5,0.0285115449354657
strong_1.00__rupture_0__weak_0.50__floor_theoretical__recipient_prediction_tilted,weak_same_lane_refusal,pres_2022,sido_45,,,,,,,,,,,,,0.0311980689793105,C,A|B,0.0459485902537228,theoretical,prediction_tilted,0.01,0.072396137958621,0.062396137958621,0.5,0.0411980689793105
strong_1.00__rupture_0__weak_0.50__floor_theoretical__recipient_prediction_tilted,weak_same_lane_refusal,pres_2022,sido_46,,,,,,,,,,,,,0.0308684238021872,C,A|B,0.0592373366011094,theoretical,prediction_tilted,0.01,0.0717368476043744,0.0617368476043744,0.5,0.040868423802187206
strong_1.00__rupture_0__weak_0.50__floor_theoretical__recipient_prediction_tilted,weak_same_lane_refusal,pres_2022,sido_47,,,,,,,,,,,,,0.012709123387680796,C,A|B,0.0343795636905044,theoretical,prediction_tilted,0.01,0.035418246775361595,0.025418246775361593,0.5,0.0227091233876808
strong_1.00__rupture_0__weak_0.50__floor_theoretical__recipient_prediction_tilted,weak_same_lane_refusal,pres_2022,sido_48,,,,,,,,,,,,,0.0262275269035888,C,A|B,0.0766151338961869,theoretical,prediction_tilted,0.01,0.0624550538071776,0.0524550538071776,0.5,0.0362275269035888
strong_1.00__rupture_0__weak_0.50__floor_theoretical__recipient_prediction_tilted,weak_same_lane_refusal,pres_2022,sido_50,,,,,,,,,,,,,0.0318380298535168,C,A|B,0.0503767176193264,theoretical,prediction_tilted,0.01,0.0736760597070336,0.0636760597070336,0.5,0.0418380298535168
strong_1.00__rupture_0__weak_0.50__floor_none__recipient_affinity_only,strong_incumbent_veto,pres_2007,sido_11,A,B,0.1550560112006703,0.1830565695612803,0.6837328178902612,1.0,0.1251617841394588,0.224727422604459,0.0,0.01,0.224727422604459,0.11575376295856316,0.014487947492749764,,,,,,,,,,
strong_1.00__rupture_0__weak_0.50__floor_none__recipient_affinity_only,strong_incumbent_veto,pres_2007,sido_26,A,B,0.1550560112006703,0.1830565695612803,0.6837328178902612,1.0,0.1251617841394588,0.1230144019232013,0.0,0.01,0.1230144019232013,0.06769999442714049,0.008473452088732321,,,,,,,,,,
strong_1.00__rupture_0__weak_0.50__floor_none__recipient_affinity_only,strong_incumbent_veto,pres_2007,sido_27,A,B,0.1550560112006703,0.1830565695612803,0.6837328178902612,1.0,0.1251617841394588,0.0533297784427378,0.0,0.01,0.0533297784427378,0.036548243373766096,0.004574443347823718,,,,,,,,,,
strong_1.00__rupture_0__weak_0.50__floor_none__recipient_affinity_only,strong_incumbent_veto,pres_2007,sido_28,A,B,0.1550560112006703,0.1830565695612803,0.6837328178902612,1.0,0.1251617841394588,0.1882964963574757,0.0,0.01,0.1882964963574757,0.1253482410577939,0.015688809489536448,,,,,,,,,,
strong_1.00__rupture_0__weak_0.50__floor_none__recipient_affinity_only,strong_incumbent_veto,pres_2007,sido_29,A,B,0.1550560112006703,0.1830565695612803,0.6837328178902612,1.0,0.1251617841394588,0.5063986688693,0.0,0.01,0.5063986688693,0.24746182449968468,0.030972763460786173,,,,,,,,,,
strong_1.00__rupture_0__weak_0.50__floor_none__recipient_affinity_only,strong_incumbent_veto,pres_2007,sido_30,A,B,0.1550560112006703,0.1830565695612803,0.6837328178902612,1.0,0.1251617841394588,0.1749885957265136,0.0,0.01,0.1749885957265136,0.1550161062926277,0.019402092433937267,,,,,,,,,,
strong_1.00__rupture_0__weak_0.50__floor_none__recipient_affinity_only,strong_incumbent_veto,pres_2007,sido_31,A,B,0.1550560112006703,0.1830565695612803,0.6837328178902612,1.0,0.1251617841394588,0.0922216716368157,0.0,0.01,0.0922216716368157,0.0762003677779345,0.00953737398316921,,,,,,,,,,
strong_1.00__rupture_0__weak_0.50__floor_none__recipient_affinity_only,strong_incumbent_veto,pres_2007,sido_41,A,B,0.1550560112006703,0.1830565695612803,0.6837328178902612,1.0,0.1251617841394588,0.1969781637048186,0.0,0.01,0.1969781637048186,0.12484403173333555,0.015625701750907488,,,,,,,,,,
strong_1.00__rupture_0__weak_0.50__floor_none__recipient_affinity_only,strong_incumbent_veto,pres_2007,sido_42,A,B,0.1550560112006703,0.1830565695612803,0.6837328178902612,1.0,0.1251617841394588,0.1620964538589391,0.0,0.01,0.1620964538589391,0.0926504884460915,0.011596300435305126,,,,,,,,,,
strong_1.00__rupture_0__weak_0.50__floor_none__recipient_affinity_only,strong_incumbent_veto,pres_2007,sido_43,A,B,0.1550560112006703,0.1830565695612803,0.6837328178902612,1.0,0.1251617841394588,0.1871115693451475,0.0,0.01,0.1871115693451475,0.1250937284019757,0.015656954231448167,,,,,,,,,,
strong_1.00__rupture_0__weak_0.50__floor_none__recipient_affinity_only,strong_incumbent_veto,pres_2007,sido_44,A,B,0.1550560112006703,0.1830565695612803,0.6837328178902612,1.0,0.1251617841394588,0.1339414116449834,0.0,0.01,0.1339414116449834,0.1803984259604589,0.0225789888491611,,,,,,,,,,
strong_1.00__rupture_0__weak_0.50__floor_none__recipient_affinity_only,strong_incumbent_veto,pres_2007,sido_45,A,B,0.1550560112006703,0.1830565695612803,0.6837328178902612,1.0,0.1251617841394588,0.5050615589935803,0.0,0.01,0.5050615589935803,0.2489963619554737,0.03116482890658155,,,,,,,,,,
strong_1.00__rupture_0__weak_0.50__floor_none__recipient_affinity_only,strong_incumbent_veto,pres_2007,sido_46,A,B,0.1550560112006703,0.1830565695612803,0.6837328178902612,1.0,0.1251617841394588,0.5115021109033597,0.0,0.01,0.5115021109033597,0.2436089090943725,0.03049052569451889,,,,,,,,,,
strong_1.00__rupture_0__weak_0.50__floor_none__recipient_affinity_only,strong_incumbent_veto,pres_2007,sido_47,A,B,0.1550560112006703,0.1830565695612803,0.6837328178902612,1.0,0.1251617841394588,0.0689035077128128,0.0,0.01,0.0689035077128128,0.03689871266594581,0.004618308709719025,,,,,,,,,,
strong_1.00__rupture_0__weak_0.50__floor_none__recipient_affinity_only,strong_incumbent_veto,pres_2007,sido_48,A,B,0.1550560112006703,0.1830565695612803,0.6837328178902612,1.0,0.1251617841394588,0.0994668855013218,0.0,0.01,0.0994668855013218,0.0644903902204684,0.008071732299843731,,,,,,,,,,
strong_1.00__rupture_0__weak_0.50__floor_none__recipient_affinity_only,strong_incumbent_veto,pres_2007,sido_50,A,B,0.1550560112006703,0.1830565695612803,0.6837328178902612,1.0,0.1251617841394588,0.0,0.0,0.01,0.0,0.2696919174747736,0.033755121559134356,,,,,,,,,,
strong_1.00__rupture_0__weak_0.50__floor_none__recipient_affinity_only,strong_incumbent_veto,pres_2017,sido_11,A,B,0.14222159439442095,0.1258437002381364,1.0,1.0,0.1258437002381364,0.2981507946412702,0.0,0.01,0.2981507946412702,0.020775818418153735,0.002614505865216092,,,,,,,,,,
strong_1.00__rupture_0__weak_0.50__floor_none__recipient_affinity_only,strong_incumbent_veto,pres_2017,sido_26,A,B,0.14222159439442095,0.1258437002381364,1.0,1.0,0.1258437002381364,0.3539560494922693,0.0,0.01,0.3539560494922693,0.03533489788607641,0.00444667429752056,,,,,,,,,,
strong_1.00__rupture_0__weak_0.50__floor_none__recipient_affinity_only,strong_incumbent_veto,pres_2017,sido_27,A,B,0.14222159439442095,0.1258437002381364,1.0,1.0,0.1258437002381364,0.4618834178563183,0.0,0.01,0.4618834178563183,0.035586450889516674,0.004478330658279499,,,,,,,,,,
strong_1.00__rupture_0__weak_0.50__floor_none__recipient_affinity_only,strong_incumbent_veto,pres_2017,sido_28,A,B,0.14222159439442095,0.1258437002381364,1.0,1.0,0.1258437002381364,0.2930148075897038,0.0,0.01,0.2930148075897038,0.02963264010423733,0.0037290810785422213,,,,,,,,,,
strong_1.00__rupture_0__weak_0.50__floor_none__recipient_affinity_only,strong_incumbent_veto,pres_2017,sido_29,A,B,0.14222159439442095,0.1258437002381364,1.0,1.0,0.1258437002381364,0.0341806016229801,0.0,0.01,0.0341806016229801,0.020989257269728195,0.0026413658000728002,,,,,,,,,,
strong_1.00__rupture_0__weak_0.50__floor_none__recipient_affinity_only,strong_incumbent_veto,pres_2017,sido_30,A,B,0.14222159439442095,0.1258437002381364,1.0,1.0,0.1258437002381364,0.2396170369219419,0.0,0.01,0.2396170369219419,0.029086009721897926,0.003660291088566044,,,,,,,,,,
strong_1.00__rupture_0__weak_0.50__floor_none__recipient_affinity_only,strong_incumbent_veto,pres_2017,sido_31,A,B,0.14222159439442095,0.1258437002381364,1.0,1.0,0.1258437002381364,0.3553353097157836,0.0,0.01,0.3553353097157836,0.03151593008562664,0.003966081258421664,,,,,,,,,,
strong_1.00__rupture_0__weak_0.50__floor_none__recipient_affinity_only,strong_incumbent_veto,pres_2017,sido_36,A,B,0.14222159439442095,0.1258437002381364,1.0,1.0,0.1258437002381364,0.1724331995485346,0.0,0.01,0.1724331995485346,0.05851073368036361,0.007363207229985109,,,,,,,,,,
strong_1.00__rupture_0__weak_0.50__floor_none__recipient_affinity_only,strong_incumbent_veto,pres_2017,sido_41,A,B,0.14222159439442095,0.1258437002381364,1.0,1.0,0.1258437002381364,0.2904867750077805,0.0,0.01,0.2904867750077805,0.029907444360296687,0.0037636634629659195,,,,,,,,,,
strong_1.00__rupture_0__weak_0.50__floor_none__recipient_affinity_only,strong_incumbent_veto,pres_2017,sido_42,A,B,0.14222159439442095,0.1258437002381364,1.0,1.0,0.1258437002381364,0.3376440484133232,0.0,0.01,0.3376440484133232,0.03245600676312743,0.004084383986025937,,,,,,,,,,
strong_1.00__rupture_0__weak_0.50__floor_none__recipient_affinity_only,strong_incumbent_veto,pres_2017,sido_43,A,B,0.14222159439442095,0.1258437002381364,1.0,1.0,0.1258437002381364,0.2911638514975106,0.0,0.01,0.2911638514975106,0.03015423544612711,0.003794720566392607,,,,,,,,,,
strong_1.00__rupture_0__weak_0.50__floor_none__recipient_affinity_only,strong_incumbent_veto,pres_2017,sido_44,A,B,0.14222159439442095,0.1258437002381364,1.0,1.0,0.1258437002381364,0.2550776099850012,0.0,0.01,0.2550776099850012,0.030969977487163403,0.003897376563276424,,,,,,,,,,
strong_1.00__rupture_0__weak_0.50__floor_none__recipient_affinity_only,strong_incumbent_veto,pres_2017,sido_45,A,B,0.14222159439442095,0.1258437002381364,1.0,1.0,0.1258437002381364,0.0682483484546126,0.0,0.01,0.0682483484546126,0.025322934131601596,0.003186731732007344,,,,,,,,,,
strong_1.00__rupture_0__weak_0.50__floor_none__recipient_affinity_only,strong_incumbent_veto,pres_2017,sido_46,A,B,0.14222159439442095,0.1258437002381364,1.0,1.0,0.1258437002381364,0.0438553923470368,0.0,0.01,0.0438553923470368,0.020205248004484,0.002542703173113488,,,,,,,,,,
strong_1.00__rupture_0__weak_0.50__floor_none__recipient_affinity_only,strong_incumbent_veto,pres_2017,sido_47,A,B,0.14222159439442095,0.1258437002381364,1.0,1.0,0.1258437002381364,0.4863134552896404,0.0,0.01,0.4863134552896404,0.03603439177059248,0.004534701196242009,,,,,,,,,,
strong_1.00__rupture_0__weak_0.50__floor_none__recipient_affinity_only,strong_incumbent_veto,pres_2017,sido_48,A,B,0.14222159439442095,0.1258437002381364,1.0,1.0,0.1258437002381364,0.3752628188705947,0.0,0.01,0.3752628188705947,0.034783946318121595,0.004377340513557123,,,,,,,,,,
strong_1.00__rupture_0__weak_0.50__floor_none__recipient_affinity_only,strong_incumbent_veto,pres_2017,sido_50,A,B,0.14222159439442095,0.1258437002381364,1.0,1.0,0.1258437002381364,0.2397495310485979,0.0,0.01,0.2397495310485979,0.045654470168853906,0.005745327458460191,,,,,,,,,,
strong_1.00__rupture_0__weak_0.50__floor_none__recipient_affinity_only,weak_same_lane_refusal,pres_2002,sido_11,,,,,,,,,,,,,0.030312926053931002,C,A,0.0172553182802303,none,affinity_only,0.0,0.060625852107862005,0.060625852107862005,0.5,0.030312926053931002
strong_1.00__rupture_0__weak_0.50__floor_none__recipient_affinity_only,weak_same_lane_refusal,pres_2002,sido_26,,,,,,,,,,,,,0.053325769394412,C,A,0.039818482004606,none,affinity_only,0.0,0.106651538788824,0.106651538788824,0.5,0.053325769394412
strong_1.00__rupture_0__weak_0.50__floor_none__recipient_affinity_only,weak_same_lane_refusal,pres_2002,sido_27,,,,,,,,,,,,,0.0258613275891017,C,A,0.0058164519761945,none,affinity_only,0.0,0.0517226551782034,0.0517226551782034,0.5,0.0258613275891017
strong_1.00__rupture_0__weak_0.50__floor_none__recipient_affinity_only,weak_same_lane_refusal,pres_2002,sido_28,,,,,,,,,,,,,0.0314003957270692,C,A,0.0255062904560678,none,affinity_only,0.0,0.0628007914541384,0.0628007914541384,0.5,0.0314003957270692
strong_1.00__rupture_0__weak_0.50__floor_none__recipient_affinity_only,weak_same_lane_refusal,pres_2002,sido_29,,,,,,,,,,,,,0.06735067749977999,C,A,0.0779749988731636,none,affinity_only,0.0,0.13470135499955999,0.13470135499955999,0.5,0.06735067749977999
strong_1.00__rupture_0__weak_0.50__floor_none__recipient_affinity_only,weak_same_lane_refusal,pres_2002,sido_30,,,,,,,,,,,,,0.037708363477625295,C,A,0.0189676131685742,none,affinity_only,0.0,0.07541672695525059,0.07541672695525059,0.5,0.037708363477625295
strong_1.00__rupture_0__weak_0.50__floor_none__recipient_affinity_only,weak_same_lane_refusal,pres_2002,sido_31,,,,,,,,,,,,,0.1277008152349797,C,A,0.3115852121639049,none,affinity_only,0.0,0.2554016304699594,0.2554016304699594,0.5,0.1277008152349797
strong_1.00__rupture_0__weak_0.50__floor_none__recipient_affinity_only,weak_same_lane_refusal,pres_2002,sido_41,,,,,,,,,,,,,0.0291102146136453,C,A,0.0208780312728109,none,affinity_only,0.0,0.0582204292272906,0.0582204292272906,0.5,0.0291102146136453
strong_1.00__rupture_0__weak_0.50__floor_none__recipient_affinity_only,weak_same_lane_refusal,pres_2002,sido_42,,,,,,,,,,,,,0.043223883459704904,C,A,0.0200289187580357,none,affinity_only,0.0,0.08644776691940981,0.08644776691940981,0.5,0.043223883459704904
strong_1.00__rupture_0__weak_0.50__floor_none__recipient_affinity_only,weak_same_lane_refusal,pres_2002,sido_43,,,,,,,,,,,,,0.036653684504008,C,A,0.0118716878700329,none,affinity_only,0.0,0.073307369008016,0.073307369008016,0.5,0.036653684504008
strong_1.00__rupture_0__weak_0.50__floor_none__recipient_affinity_only,weak_same_lane_refusal,pres_2002,sido_44,,,,,,,,,,,,,0.0227021528213866,C,A,0.0095463081839152,none,affinity_only,0.0,0.0454043056427732,0.0454043056427732,0.5,0.0227021528213866
strong_1.00__rupture_0__weak_0.50__floor_none__recipient_affinity_only,weak_same_lane_refusal,pres_2002,sido_45,,,,,,,,,,,,,0.06382763126316629,C,A,0.0228231814936564,none,affinity_only,0.0,0.12765526252633258,0.12765526252633258,0.5,0.06382763126316629
strong_1.00__rupture_0__weak_0.50__floor_none__recipient_affinity_only,weak_same_lane_refusal,pres_2002,sido_46,,,,,,,,,,,,,0.0677676696159194,C,A,0.0132624825931937,none,affinity_only,0.0,0.1355353392318388,0.1355353392318388,0.5,0.0677676696159194
strong_1.00__rupture_0__weak_0.50__floor_none__recipient_affinity_only,weak_same_lane_refusal,pres_2002,sido_47,,,,,,,,,,,,,0.022480571851519998,C,A,0.0296959172831779,none,affinity_only,0.0,0.044961143703039996,0.044961143703039996,0.5,0.022480571851519998
strong_1.00__rupture_0__weak_0.50__floor_none__recipient_affinity_only,weak_same_lane_refusal,pres_2002,sido_48,,,,,,,,,,,,,0.044783459714237805,C,A,0.0344685791555901,none,affinity_only,0.0,0.08956691942847561,0.08956691942847561,0.5,0.044783459714237805
strong_1.00__rupture_0__weak_0.50__floor_none__recipient_affinity_only,weak_same_lane_refusal,pres_2002,sido_50,,,,,,,,,,,,,0.07362850488756084,C,A,0.0,none,affinity_only,0.0,0.14725700977512168,0.14725700977512168,0.5,0.07362850488756084
strong_1.00__rupture_0__weak_0.50__floor_none__recipient_affinity_only,weak_same_lane_refusal,pres_2022,sido_11,,,,,,,,,,,,,0.025124496227397902,C,B,0.029384832583875,none,affinity_only,0.0,0.050248992454795804,0.050248992454795804,0.5,0.025124496227397902
strong_1.00__rupture_0__weak_0.50__floor_none__recipient_affinity_only,weak_same_lane_refusal,pres_2022,sido_26,,,,,,,,,,,,,0.0236599718785586,C,B,0.0399820977460082,none,affinity_only,0.0,0.0473199437571172,0.0473199437571172,0.5,0.0236599718785586
strong_1.00__rupture_0__weak_0.50__floor_none__recipient_affinity_only,weak_same_lane_refusal,pres_2022,sido_27,,,,,,,,,,,,,0.017936492498501,C,B,0.0389354436816256,none,affinity_only,0.0,0.035872984997002,0.035872984997002,0.5,0.017936492498501
strong_1.00__rupture_0__weak_0.50__floor_none__recipient_affinity_only,weak_same_lane_refusal,pres_2022,sido_28,,,,,,,,,,,,,0.026715916062679902,C,B,0.0485003528440327,none,affinity_only,0.0,0.053431832125359804,0.053431832125359804,0.5,0.026715916062679902
strong_1.00__rupture_0__weak_0.50__floor_none__recipient_affinity_only,weak_same_lane_refusal,pres_2022,sido_29,,,,,,,,,,,,,0.042344825233325195,C,B,0.0876883018010707,none,affinity_only,0.0,0.08468965046665039,0.08468965046665039,0.5,0.042344825233325195
strong_1.00__rupture_0__weak_0.50__floor_none__recipient_affinity_only,weak_same_lane_refusal,pres_2022,sido_30,,,,,,,,,,,,,0.025154557844191,C,B,0.0287620743601844,none,affinity_only,0.0,0.050309115688382,0.050309115688382,0.5,0.025154557844191
strong_1.00__rupture_0__weak_0.50__floor_none__recipient_affinity_only,weak_same_lane_refusal,pres_2022,sido_31,,,,,,,,,,,,,0.0511215494330516,C,B,0.176134143020495,none,affinity_only,0.0,0.1022430988661032,0.1022430988661032,0.5,0.0511215494330516
strong_1.00__rupture_0__weak_0.50__floor_none__recipient_affinity_only,weak_same_lane_refusal,pres_2022,sido_36,,,,,,,,,,,,,0.029883008545718702,C,B,0.0509430370441767,none,affinity_only,0.0,0.059766017091437404,0.059766017091437404,0.5,0.029883008545718702
strong_1.00__rupture_0__weak_0.50__floor_none__recipient_affinity_only,weak_same_lane_refusal,pres_2022,sido_41,,,,,,,,,,,,,0.022292096576477002,C,B,0.0359763522960836,none,affinity_only,0.0,0.044584193152954005,0.044584193152954005,0.5,0.022292096576477002
strong_1.00__rupture_0__weak_0.50__floor_none__recipient_affinity_only,weak_same_lane_refusal,pres_2022,sido_42,,,,,,,,,,,,,0.0233571726243893,C,B,0.0308172356117518,none,affinity_only,0.0,0.0467143452487786,0.0467143452487786,0.5,0.0233571726243893
strong_1.00__rupture_0__weak_0.50__floor_none__recipient_affinity_only,weak_same_lane_refusal,pres_2022,sido_43,,,,,,,,,,,,,0.0236670060447342,C,B,0.0345580698080987,none,affinity_only,0.0,0.0473340120894684,0.0473340120894684,0.5,0.0236670060447342
strong_1.00__rupture_0__weak_0.50__floor_none__recipient_affinity_only,weak_same_lane_refusal,pres_2022,sido_44,,,,,,,,,,,,,0.0235115449354657,C,B,0.0309340683403439,none,affinity_only,0.0,0.0470230898709314,0.0470230898709314,0.5,0.0235115449354657
strong_1.00__rupture_0__weak_0.50__floor_none__recipient_affinity_only,weak_same_lane_refusal,pres_2022,sido_45,,,,,,,,,,,,,0.0361980689793105,C,B,0.0459485902537228,none,affinity_only,0.0,0.072396137958621,0.072396137958621,0.5,0.0361980689793105
strong_1.00__rupture_0__weak_0.50__floor_none__recipient_affinity_only,weak_same_lane_refusal,pres_2022,sido_46,,,,,,,,,,,,,0.0358684238021872,C,B,0.0592373366011094,none,affinity_only,0.0,0.0717368476043744,0.0717368476043744,0.5,0.0358684238021872
strong_1.00__rupture_0__weak_0.50__floor_none__recipient_affinity_only,weak_same_lane_refusal,pres_2022,sido_47,,,,,,,,,,,,,0.017709123387680797,C,B,0.0343795636905044,none,affinity_only,0.0,0.035418246775361595,0.035418246775361595,0.5,0.017709123387680797
strong_1.00__rupture_0__weak_0.50__floor_none__recipient_affinity_only,weak_same_lane_refusal,pres_2022,sido_48,,,,,,,,,,,,,0.0312275269035888,C,B,0.0766151338961869,none,affinity_only,0.0,0.0624550538071776,0.0624550538071776,0.5,0.0312275269035888
strong_1.00__rupture_0__weak_0.50__floor_none__recipient_affinity_only,weak_same_lane_refusal,pres_2022,sido_50,,,,,,,,,,,,,0.0368380298535168,C,B,0.0503767176193264,none,affinity_only,0.0,0.0736760597070336,0.0736760597070336,0.5,0.0368380298535168
strong_1.00__rupture_0__weak_0.50__floor_none__recipient_prediction_tilted,strong_incumbent_veto,pres_2007,sido_11,A,B,0.1550560112006703,0.1830565695612803,0.6837328178902612,1.0,0.1251617841394588,0.224727422604459,0.0,0.01,0.224727422604459,0.11575376295856316,0.014487947492749764,,,,,,,,,,
strong_1.00__rupture_0__weak_0.50__floor_none__recipient_prediction_tilted,strong_incumbent_veto,pres_2007,sido_26,A,B,0.1550560112006703,0.1830565695612803,0.6837328178902612,1.0,0.1251617841394588,0.1230144019232013,0.0,0.01,0.1230144019232013,0.06769999442714049,0.008473452088732321,,,,,,,,,,
strong_1.00__rupture_0__weak_0.50__floor_none__recipient_prediction_tilted,strong_incumbent_veto,pres_2007,sido_27,A,B,0.1550560112006703,0.1830565695612803,0.6837328178902612,1.0,0.1251617841394588,0.0533297784427378,0.0,0.01,0.0533297784427378,0.036548243373766096,0.004574443347823718,,,,,,,,,,
strong_1.00__rupture_0__weak_0.50__floor_none__recipient_prediction_tilted,strong_incumbent_veto,pres_2007,sido_28,A,B,0.1550560112006703,0.1830565695612803,0.6837328178902612,1.0,0.1251617841394588,0.1882964963574757,0.0,0.01,0.1882964963574757,0.1253482410577939,0.015688809489536448,,,,,,,,,,
strong_1.00__rupture_0__weak_0.50__floor_none__recipient_prediction_tilted,strong_incumbent_veto,pres_2007,sido_29,A,B,0.1550560112006703,0.1830565695612803,0.6837328178902612,1.0,0.1251617841394588,0.5063986688693,0.0,0.01,0.5063986688693,0.24746182449968468,0.030972763460786173,,,,,,,,,,
strong_1.00__rupture_0__weak_0.50__floor_none__recipient_prediction_tilted,strong_incumbent_veto,pres_2007,sido_30,A,B,0.1550560112006703,0.1830565695612803,0.6837328178902612,1.0,0.1251617841394588,0.1749885957265136,0.0,0.01,0.1749885957265136,0.1550161062926277,0.019402092433937267,,,,,,,,,,
strong_1.00__rupture_0__weak_0.50__floor_none__recipient_prediction_tilted,strong_incumbent_veto,pres_2007,sido_31,A,B,0.1550560112006703,0.1830565695612803,0.6837328178902612,1.0,0.1251617841394588,0.0922216716368157,0.0,0.01,0.0922216716368157,0.0762003677779345,0.00953737398316921,,,,,,,,,,
strong_1.00__rupture_0__weak_0.50__floor_none__recipient_prediction_tilted,strong_incumbent_veto,pres_2007,sido_41,A,B,0.1550560112006703,0.1830565695612803,0.6837328178902612,1.0,0.1251617841394588,0.1969781637048186,0.0,0.01,0.1969781637048186,0.12484403173333555,0.015625701750907488,,,,,,,,,,
strong_1.00__rupture_0__weak_0.50__floor_none__recipient_prediction_tilted,strong_incumbent_veto,pres_2007,sido_42,A,B,0.1550560112006703,0.1830565695612803,0.6837328178902612,1.0,0.1251617841394588,0.1620964538589391,0.0,0.01,0.1620964538589391,0.0926504884460915,0.011596300435305126,,,,,,,,,,
strong_1.00__rupture_0__weak_0.50__floor_none__recipient_prediction_tilted,strong_incumbent_veto,pres_2007,sido_43,A,B,0.1550560112006703,0.1830565695612803,0.6837328178902612,1.0,0.1251617841394588,0.1871115693451475,0.0,0.01,0.1871115693451475,0.1250937284019757,0.015656954231448167,,,,,,,,,,
strong_1.00__rupture_0__weak_0.50__floor_none__recipient_prediction_tilted,strong_incumbent_veto,pres_2007,sido_44,A,B,0.1550560112006703,0.1830565695612803,0.6837328178902612,1.0,0.1251617841394588,0.1339414116449834,0.0,0.01,0.1339414116449834,0.1803984259604589,0.0225789888491611,,,,,,,,,,
strong_1.00__rupture_0__weak_0.50__floor_none__recipient_prediction_tilted,strong_incumbent_veto,pres_2007,sido_45,A,B,0.1550560112006703,0.1830565695612803,0.6837328178902612,1.0,0.1251617841394588,0.5050615589935803,0.0,0.01,0.5050615589935803,0.2489963619554737,0.03116482890658155,,,,,,,,,,
strong_1.00__rupture_0__weak_0.50__floor_none__recipient_prediction_tilted,strong_incumbent_veto,pres_2007,sido_46,A,B,0.1550560112006703,0.1830565695612803,0.6837328178902612,1.0,0.1251617841394588,0.5115021109033597,0.0,0.01,0.5115021109033597,0.2436089090943725,0.03049052569451889,,,,,,,,,,
strong_1.00__rupture_0__weak_0.50__floor_none__recipient_prediction_tilted,strong_incumbent_veto,pres_2007,sido_47,A,B,0.1550560112006703,0.1830565695612803,0.6837328178902612,1.0,0.1251617841394588,0.0689035077128128,0.0,0.01,0.0689035077128128,0.03689871266594581,0.004618308709719025,,,,,,,,,,
strong_1.00__rupture_0__weak_0.50__floor_none__recipient_prediction_tilted,strong_incumbent_veto,pres_2007,sido_48,A,B,0.1550560112006703,0.1830565695612803,0.6837328178902612,1.0,0.1251617841394588,0.0994668855013218,0.0,0.01,0.0994668855013218,0.0644903902204684,0.008071732299843731,,,,,,,,,,
strong_1.00__rupture_0__weak_0.50__floor_none__recipient_prediction_tilted,strong_incumbent_veto,pres_2007,sido_50,A,B,0.1550560112006703,0.1830565695612803,0.6837328178902612,1.0,0.1251617841394588,0.0,0.0,0.01,0.0,0.2696919174747736,0.033755121559134356,,,,,,,,,,
strong_1.00__rupture_0__weak_0.50__floor_none__recipient_prediction_tilted,strong_incumbent_veto,pres_2017,sido_11,A,B,0.14222159439442095,0.1258437002381364,1.0,1.0,0.1258437002381364,0.2981507946412702,0.0,0.01,0.2981507946412702,0.020775818418153735,0.002614505865216092,,,,,,,,,,
strong_1.00__rupture_0__weak_0.50__floor_none__recipient_prediction_tilted,strong_incumbent_veto,pres_2017,sido_26,A,B,0.14222159439442095,0.1258437002381364,1.0,1.0,0.1258437002381364,0.3539560494922693,0.0,0.01,0.3539560494922693,0.03533489788607641,0.00444667429752056,,,,,,,,,,
strong_1.00__rupture_0__weak_0.50__floor_none__recipient_prediction_tilted,strong_incumbent_veto,pres_2017,sido_27,A,B,0.14222159439442095,0.1258437002381364,1.0,1.0,0.1258437002381364,0.4618834178563183,0.0,0.01,0.4618834178563183,0.035586450889516674,0.004478330658279499,,,,,,,,,,
strong_1.00__rupture_0__weak_0.50__floor_none__recipient_prediction_tilted,strong_incumbent_veto,pres_2017,sido_28,A,B,0.14222159439442095,0.1258437002381364,1.0,1.0,0.1258437002381364,0.2930148075897038,0.0,0.01,0.2930148075897038,0.02963264010423733,0.0037290810785422213,,,,,,,,,,
strong_1.00__rupture_0__weak_0.50__floor_none__recipient_prediction_tilted,strong_incumbent_veto,pres_2017,sido_29,A,B,0.14222159439442095,0.1258437002381364,1.0,1.0,0.1258437002381364,0.0341806016229801,0.0,0.01,0.0341806016229801,0.020989257269728195,0.0026413658000728002,,,,,,,,,,
strong_1.00__rupture_0__weak_0.50__floor_none__recipient_prediction_tilted,strong_incumbent_veto,pres_2017,sido_30,A,B,0.14222159439442095,0.1258437002381364,1.0,1.0,0.1258437002381364,0.2396170369219419,0.0,0.01,0.2396170369219419,0.029086009721897926,0.003660291088566044,,,,,,,,,,
strong_1.00__rupture_0__weak_0.50__floor_none__recipient_prediction_tilted,strong_incumbent_veto,pres_2017,sido_31,A,B,0.14222159439442095,0.1258437002381364,1.0,1.0,0.1258437002381364,0.3553353097157836,0.0,0.01,0.3553353097157836,0.03151593008562664,0.003966081258421664,,,,,,,,,,
strong_1.00__rupture_0__weak_0.50__floor_none__recipient_prediction_tilted,strong_incumbent_veto,pres_2017,sido_36,A,B,0.14222159439442095,0.1258437002381364,1.0,1.0,0.1258437002381364,0.1724331995485346,0.0,0.01,0.1724331995485346,0.05851073368036361,0.007363207229985109,,,,,,,,,,
strong_1.00__rupture_0__weak_0.50__floor_none__recipient_prediction_tilted,strong_incumbent_veto,pres_2017,sido_41,A,B,0.14222159439442095,0.1258437002381364,1.0,1.0,0.1258437002381364,0.2904867750077805,0.0,0.01,0.2904867750077805,0.029907444360296687,0.0037636634629659195,,,,,,,,,,
strong_1.00__rupture_0__weak_0.50__floor_none__recipient_prediction_tilted,strong_incumbent_veto,pres_2017,sido_42,A,B,0.14222159439442095,0.1258437002381364,1.0,1.0,0.1258437002381364,0.3376440484133232,0.0,0.01,0.3376440484133232,0.03245600676312743,0.004084383986025937,,,,,,,,,,
strong_1.00__rupture_0__weak_0.50__floor_none__recipient_prediction_tilted,strong_incumbent_veto,pres_2017,sido_43,A,B,0.14222159439442095,0.1258437002381364,1.0,1.0,0.1258437002381364,0.2911638514975106,0.0,0.01,0.2911638514975106,0.03015423544612711,0.003794720566392607,,,,,,,,,,
strong_1.00__rupture_0__weak_0.50__floor_none__recipient_prediction_tilted,strong_incumbent_veto,pres_2017,sido_44,A,B,0.14222159439442095,0.1258437002381364,1.0,1.0,0.1258437002381364,0.2550776099850012,0.0,0.01,0.2550776099850012,0.030969977487163403,0.003897376563276424,,,,,,,,,,
strong_1.00__rupture_0__weak_0.50__floor_none__recipient_prediction_tilted,strong_incumbent_veto,pres_2017,sido_45,A,B,0.14222159439442095,0.1258437002381364,1.0,1.0,0.1258437002381364,0.0682483484546126,0.0,0.01,0.0682483484546126,0.025322934131601596,0.003186731732007344,,,,,,,,,,
strong_1.00__rupture_0__weak_0.50__floor_none__recipient_prediction_tilted,strong_incumbent_veto,pres_2017,sido_46,A,B,0.14222159439442095,0.1258437002381364,1.0,1.0,0.1258437002381364,0.0438553923470368,0.0,0.01,0.0438553923470368,0.020205248004484,0.002542703173113488,,,,,,,,,,
strong_1.00__rupture_0__weak_0.50__floor_none__recipient_prediction_tilted,strong_incumbent_veto,pres_2017,sido_47,A,B,0.14222159439442095,0.1258437002381364,1.0,1.0,0.1258437002381364,0.4863134552896404,0.0,0.01,0.4863134552896404,0.03603439177059248,0.004534701196242009,,,,,,,,,,
strong_1.00__rupture_0__weak_0.50__floor_none__recipient_prediction_tilted,strong_incumbent_veto,pres_2017,sido_48,A,B,0.14222159439442095,0.1258437002381364,1.0,1.0,0.1258437002381364,0.3752628188705947,0.0,0.01,0.3752628188705947,0.034783946318121595,0.004377340513557123,,,,,,,,,,
strong_1.00__rupture_0__weak_0.50__floor_none__recipient_prediction_tilted,strong_incumbent_veto,pres_2017,sido_50,A,B,0.14222159439442095,0.1258437002381364,1.0,1.0,0.1258437002381364,0.2397495310485979,0.0,0.01,0.2397495310485979,0.045654470168853906,0.005745327458460191,,,,,,,,,,
strong_1.00__rupture_0__weak_0.50__floor_none__recipient_prediction_tilted,weak_same_lane_refusal,pres_2002,sido_11,,,,,,,,,,,,,0.030312926053931002,C,A|B,0.0172553182802303,none,prediction_tilted,0.0,0.060625852107862005,0.060625852107862005,0.5,0.030312926053931002
strong_1.00__rupture_0__weak_0.50__floor_none__recipient_prediction_tilted,weak_same_lane_refusal,pres_2002,sido_26,,,,,,,,,,,,,0.053325769394412,C,A|B,0.039818482004606,none,prediction_tilted,0.0,0.106651538788824,0.106651538788824,0.5,0.053325769394412
strong_1.00__rupture_0__weak_0.50__floor_none__recipient_prediction_tilted,weak_same_lane_refusal,pres_2002,sido_27,,,,,,,,,,,,,0.0258613275891017,C,A|B,0.0058164519761945,none,prediction_tilted,0.0,0.0517226551782034,0.0517226551782034,0.5,0.0258613275891017
strong_1.00__rupture_0__weak_0.50__floor_none__recipient_prediction_tilted,weak_same_lane_refusal,pres_2002,sido_28,,,,,,,,,,,,,0.0314003957270692,C,A|B,0.0255062904560678,none,prediction_tilted,0.0,0.0628007914541384,0.0628007914541384,0.5,0.0314003957270692
strong_1.00__rupture_0__weak_0.50__floor_none__recipient_prediction_tilted,weak_same_lane_refusal,pres_2002,sido_29,,,,,,,,,,,,,0.06735067749977999,C,A|B,0.0779749988731636,none,prediction_tilted,0.0,0.13470135499955999,0.13470135499955999,0.5,0.06735067749977999
strong_1.00__rupture_0__weak_0.50__floor_none__recipient_prediction_tilted,weak_same_lane_refusal,pres_2002,sido_30,,,,,,,,,,,,,0.037708363477625295,C,A|B,0.0189676131685742,none,prediction_tilted,0.0,0.07541672695525059,0.07541672695525059,0.5,0.037708363477625295
strong_1.00__rupture_0__weak_0.50__floor_none__recipient_prediction_tilted,weak_same_lane_refusal,pres_2002,sido_31,,,,,,,,,,,,,0.1277008152349797,C,A|B,0.3115852121639049,none,prediction_tilted,0.0,0.2554016304699594,0.2554016304699594,0.5,0.1277008152349797
strong_1.00__rupture_0__weak_0.50__floor_none__recipient_prediction_tilted,weak_same_lane_refusal,pres_2002,sido_41,,,,,,,,,,,,,0.0291102146136453,C,A|B,0.0208780312728109,none,prediction_tilted,0.0,0.0582204292272906,0.0582204292272906,0.5,0.0291102146136453
strong_1.00__rupture_0__weak_0.50__floor_none__recipient_prediction_tilted,weak_same_lane_refusal,pres_2002,sido_42,,,,,,,,,,,,,0.043223883459704904,C,A|B,0.0200289187580357,none,prediction_tilted,0.0,0.08644776691940981,0.08644776691940981,0.5,0.043223883459704904
strong_1.00__rupture_0__weak_0.50__floor_none__recipient_prediction_tilted,weak_same_lane_refusal,pres_2002,sido_43,,,,,,,,,,,,,0.036653684504008,C,A|B,0.0118716878700329,none,prediction_tilted,0.0,0.073307369008016,0.073307369008016,0.5,0.036653684504008
strong_1.00__rupture_0__weak_0.50__floor_none__recipient_prediction_tilted,weak_same_lane_refusal,pres_2002,sido_44,,,,,,,,,,,,,0.0227021528213866,C,A|B,0.0095463081839152,none,prediction_tilted,0.0,0.0454043056427732,0.0454043056427732,0.5,0.0227021528213866
strong_1.00__rupture_0__weak_0.50__floor_none__recipient_prediction_tilted,weak_same_lane_refusal,pres_2002,sido_45,,,,,,,,,,,,,0.06382763126316629,C,A|B,0.0228231814936564,none,prediction_tilted,0.0,0.12765526252633258,0.12765526252633258,0.5,0.06382763126316629
strong_1.00__rupture_0__weak_0.50__floor_none__recipient_prediction_tilted,weak_same_lane_refusal,pres_2002,sido_46,,,,,,,,,,,,,0.0677676696159194,C,A|B,0.0132624825931937,none,prediction_tilted,0.0,0.1355353392318388,0.1355353392318388,0.5,0.0677676696159194
strong_1.00__rupture_0__weak_0.50__floor_none__recipient_prediction_tilted,weak_same_lane_refusal,pres_2002,sido_47,,,,,,,,,,,,,0.022480571851519998,C,A|B,0.0296959172831779,none,prediction_tilted,0.0,0.044961143703039996,0.044961143703039996,0.5,0.022480571851519998
strong_1.00__rupture_0__weak_0.50__floor_none__recipient_prediction_tilted,weak_same_lane_refusal,pres_2002,sido_48,,,,,,,,,,,,,0.044783459714237805,C,A|B,0.0344685791555901,none,prediction_tilted,0.0,0.08956691942847561,0.08956691942847561,0.5,0.044783459714237805
strong_1.00__rupture_0__weak_0.50__floor_none__recipient_prediction_tilted,weak_same_lane_refusal,pres_2002,sido_50,,,,,,,,,,,,,0.07362850488756084,C,A|B,0.0,none,prediction_tilted,0.0,0.14725700977512168,0.14725700977512168,0.5,0.07362850488756084
strong_1.00__rupture_0__weak_0.50__floor_none__recipient_prediction_tilted,weak_same_lane_refusal,pres_2022,sido_11,,,,,,,,,,,,,0.025124496227397902,C,A|B,0.029384832583875,none,prediction_tilted,0.0,0.050248992454795804,0.050248992454795804,0.5,0.025124496227397902
strong_1.00__rupture_0__weak_0.50__floor_none__recipient_prediction_tilted,weak_same_lane_refusal,pres_2022,sido_26,,,,,,,,,,,,,0.0236599718785586,C,A|B,0.0399820977460082,none,prediction_tilted,0.0,0.0473199437571172,0.0473199437571172,0.5,0.0236599718785586
strong_1.00__rupture_0__weak_0.50__floor_none__recipient_prediction_tilted,weak_same_lane_refusal,pres_2022,sido_27,,,,,,,,,,,,,0.017936492498501,C,A|B,0.0389354436816256,none,prediction_tilted,0.0,0.035872984997002,0.035872984997002,0.5,0.017936492498501
strong_1.00__rupture_0__weak_0.50__floor_none__recipient_prediction_tilted,weak_same_lane_refusal,pres_2022,sido_28,,,,,,,,,,,,,0.026715916062679902,C,A|B,0.0485003528440327,none,prediction_tilted,0.0,0.053431832125359804,0.053431832125359804,0.5,0.026715916062679902
strong_1.00__rupture_0__weak_0.50__floor_none__recipient_prediction_tilted,weak_same_lane_refusal,pres_2022,sido_29,,,,,,,,,,,,,0.042344825233325195,C,A|B,0.0876883018010707,none,prediction_tilted,0.0,0.08468965046665039,0.08468965046665039,0.5,0.042344825233325195
strong_1.00__rupture_0__weak_0.50__floor_none__recipient_prediction_tilted,weak_same_lane_refusal,pres_2022,sido_30,,,,,,,,,,,,,0.025154557844191,C,A|B,0.0287620743601844,none,prediction_tilted,0.0,0.050309115688382,0.050309115688382,0.5,0.025154557844191
strong_1.00__rupture_0__weak_0.50__floor_none__recipient_prediction_tilted,weak_same_lane_refusal,pres_2022,sido_31,,,,,,,,,,,,,0.0511215494330516,C,A|B,0.176134143020495,none,prediction_tilted,0.0,0.1022430988661032,0.1022430988661032,0.5,0.0511215494330516
strong_1.00__rupture_0__weak_0.50__floor_none__recipient_prediction_tilted,weak_same_lane_refusal,pres_2022,sido_36,,,,,,,,,,,,,0.029883008545718702,C,A|B,0.0509430370441767,none,prediction_tilted,0.0,0.059766017091437404,0.059766017091437404,0.5,0.029883008545718702
strong_1.00__rupture_0__weak_0.50__floor_none__recipient_prediction_tilted,weak_same_lane_refusal,pres_2022,sido_41,,,,,,,,,,,,,0.022292096576477002,C,A|B,0.0359763522960836,none,prediction_tilted,0.0,0.044584193152954005,0.044584193152954005,0.5,0.022292096576477002
strong_1.00__rupture_0__weak_0.50__floor_none__recipient_prediction_tilted,weak_same_lane_refusal,pres_2022,sido_42,,,,,,,,,,,,,0.0233571726243893,C,A|B,0.0308172356117518,none,prediction_tilted,0.0,0.0467143452487786,0.0467143452487786,0.5,0.0233571726243893
strong_1.00__rupture_0__weak_0.50__floor_none__recipient_prediction_tilted,weak_same_lane_refusal,pres_2022,sido_43,,,,,,,,,,,,,0.0236670060447342,C,A|B,0.0345580698080987,none,prediction_tilted,0.0,0.0473340120894684,0.0473340120894684,0.5,0.0236670060447342
strong_1.00__rupture_0__weak_0.50__floor_none__recipient_prediction_tilted,weak_same_lane_refusal,pres_2022,sido_44,,,,,,,,,,,,,0.0235115449354657,C,A|B,0.0309340683403439,none,prediction_tilted,0.0,0.0470230898709314,0.0470230898709314,0.5,0.0235115449354657
strong_1.00__rupture_0__weak_0.50__floor_none__recipient_prediction_tilted,weak_same_lane_refusal,pres_2022,sido_45,,,,,,,,,,,,,0.0361980689793105,C,A|B,0.0459485902537228,none,prediction_tilted,0.0,0.072396137958621,0.072396137958621,0.5,0.0361980689793105
strong_1.00__rupture_0__weak_0.50__floor_none__recipient_prediction_tilted,weak_same_lane_refusal,pres_2022,sido_46,,,,,,,,,,,,,0.0358684238021872,C,A|B,0.0592373366011094,none,prediction_tilted,0.0,0.0717368476043744,0.0717368476043744,0.5,0.0358684238021872
strong_1.00__rupture_0__weak_0.50__floor_none__recipient_prediction_tilted,weak_same_lane_refusal,pres_2022,sido_47,,,,,,,,,,,,,0.017709123387680797,C,A|B,0.0343795636905044,none,prediction_tilted,0.0,0.035418246775361595,0.035418246775361595,0.5,0.017709123387680797
strong_1.00__rupture_0__weak_0.50__floor_none__recipient_prediction_tilted,weak_same_lane_refusal,pres_2022,sido_48,,,,,,,,,,,,,0.0312275269035888,C,A|B,0.0766151338961869,none,prediction_tilted,0.0,0.0624550538071776,0.0624550538071776,0.5,0.0312275269035888
strong_1.00__rupture_0__weak_0.50__floor_none__recipient_prediction_tilted,weak_same_lane_refusal,pres_2022,sido_50,,,,,,,,,,,,,0.0368380298535168,C,A|B,0.0503767176193264,none,prediction_tilted,0.0,0.0736760597070336,0.0736760597070336,0.5,0.0368380298535168
strong_1.00__rupture_1__weak_0.25__floor_candidate_ballot__recipient_affinity_only,strong_incumbent_veto,pres_2007,sido_11,A,B,0.1550560112006703,0.1830565695612803,0.6837328178902612,1.0,0.1251617841394588,0.224727422604459,-0.0,0.01,0.224727422604459,0.11575376295856316,0.014487947492749764,,,,,,,,,,
strong_1.00__rupture_1__weak_0.25__floor_candidate_ballot__recipient_affinity_only,strong_incumbent_veto,pres_2007,sido_26,A,B,0.1550560112006703,0.1830565695612803,0.6837328178902612,1.0,0.1251617841394588,0.1230144019232013,-0.0,0.01,0.1230144019232013,0.06769999442714049,0.008473452088732321,,,,,,,,,,
strong_1.00__rupture_1__weak_0.25__floor_candidate_ballot__recipient_affinity_only,strong_incumbent_veto,pres_2007,sido_27,A,B,0.1550560112006703,0.1830565695612803,0.6837328178902612,1.0,0.1251617841394588,0.0533297784427378,-0.0,0.01,0.0533297784427378,0.036548243373766096,0.004574443347823718,,,,,,,,,,
strong_1.00__rupture_1__weak_0.25__floor_candidate_ballot__recipient_affinity_only,strong_incumbent_veto,pres_2007,sido_28,A,B,0.1550560112006703,0.1830565695612803,0.6837328178902612,1.0,0.1251617841394588,0.1882964963574757,-0.0,0.01,0.1882964963574757,0.1253482410577939,0.015688809489536448,,,,,,,,,,
strong_1.00__rupture_1__weak_0.25__floor_candidate_ballot__recipient_affinity_only,strong_incumbent_veto,pres_2007,sido_29,A,B,0.1550560112006703,0.1830565695612803,0.6837328178902612,1.0,0.1251617841394588,0.5063986688693,-0.0,0.01,0.5063986688693,0.24746182449968468,0.030972763460786173,,,,,,,,,,
strong_1.00__rupture_1__weak_0.25__floor_candidate_ballot__recipient_affinity_only,strong_incumbent_veto,pres_2007,sido_30,A,B,0.1550560112006703,0.1830565695612803,0.6837328178902612,1.0,0.1251617841394588,0.1749885957265136,-0.0,0.01,0.1749885957265136,0.1550161062926277,0.019402092433937267,,,,,,,,,,
strong_1.00__rupture_1__weak_0.25__floor_candidate_ballot__recipient_affinity_only,strong_incumbent_veto,pres_2007,sido_31,A,B,0.1550560112006703,0.1830565695612803,0.6837328178902612,1.0,0.1251617841394588,0.0922216716368157,-0.0,0.01,0.0922216716368157,0.0762003677779345,0.00953737398316921,,,,,,,,,,
strong_1.00__rupture_1__weak_0.25__floor_candidate_ballot__recipient_affinity_only,strong_incumbent_veto,pres_2007,sido_41,A,B,0.1550560112006703,0.1830565695612803,0.6837328178902612,1.0,0.1251617841394588,0.1969781637048186,-0.0,0.01,0.1969781637048186,0.12484403173333555,0.015625701750907488,,,,,,,,,,
strong_1.00__rupture_1__weak_0.25__floor_candidate_ballot__recipient_affinity_only,strong_incumbent_veto,pres_2007,sido_42,A,B,0.1550560112006703,0.1830565695612803,0.6837328178902612,1.0,0.1251617841394588,0.1620964538589391,-0.0,0.01,0.1620964538589391,0.0926504884460915,0.011596300435305126,,,,,,,,,,
strong_1.00__rupture_1__weak_0.25__floor_candidate_ballot__recipient_affinity_only,strong_incumbent_veto,pres_2007,sido_43,A,B,0.1550560112006703,0.1830565695612803,0.6837328178902612,1.0,0.1251617841394588,0.1871115693451475,-0.0,0.01,0.1871115693451475,0.1250937284019757,0.015656954231448167,,,,,,,,,,
strong_1.00__rupture_1__weak_0.25__floor_candidate_ballot__recipient_affinity_only,strong_incumbent_veto,pres_2007,sido_44,A,B,0.1550560112006703,0.1830565695612803,0.6837328178902612,1.0,0.1251617841394588,0.1339414116449834,-0.0,0.01,0.1339414116449834,0.1803984259604589,0.0225789888491611,,,,,,,,,,
strong_1.00__rupture_1__weak_0.25__floor_candidate_ballot__recipient_affinity_only,strong_incumbent_veto,pres_2007,sido_45,A,B,0.1550560112006703,0.1830565695612803,0.6837328178902612,1.0,0.1251617841394588,0.5050615589935803,-0.0,0.01,0.5050615589935803,0.2489963619554737,0.03116482890658155,,,,,,,,,,
strong_1.00__rupture_1__weak_0.25__floor_candidate_ballot__recipient_affinity_only,strong_incumbent_veto,pres_2007,sido_46,A,B,0.1550560112006703,0.1830565695612803,0.6837328178902612,1.0,0.1251617841394588,0.5115021109033597,-0.0,0.01,0.5115021109033597,0.2436089090943725,0.03049052569451889,,,,,,,,,,
strong_1.00__rupture_1__weak_0.25__floor_candidate_ballot__recipient_affinity_only,strong_incumbent_veto,pres_2007,sido_47,A,B,0.1550560112006703,0.1830565695612803,0.6837328178902612,1.0,0.1251617841394588,0.0689035077128128,-0.0,0.01,0.0689035077128128,0.03689871266594581,0.004618308709719025,,,,,,,,,,
strong_1.00__rupture_1__weak_0.25__floor_candidate_ballot__recipient_affinity_only,strong_incumbent_veto,pres_2007,sido_48,A,B,0.1550560112006703,0.1830565695612803,0.6837328178902612,1.0,0.1251617841394588,0.0994668855013218,-0.0,0.01,0.0994668855013218,0.0644903902204684,0.008071732299843731,,,,,,,,,,
strong_1.00__rupture_1__weak_0.25__floor_candidate_ballot__recipient_affinity_only,strong_incumbent_veto,pres_2007,sido_50,A,B,0.1550560112006703,0.1830565695612803,0.6837328178902612,1.0,0.1251617841394588,0.0,-0.0,0.01,0.0,0.2696919174747736,0.033755121559134356,,,,,,,,,,
strong_1.00__rupture_1__weak_0.25__floor_candidate_ballot__recipient_affinity_only,strong_incumbent_veto,pres_2017,sido_11,A,B,0.14222159439442095,0.1258437002381364,1.0,1.0,0.1258437002381364,0.2981507946412702,0.8660254037844386,0.01,0.03994463232341294,0.278981980736011,0.035108124755584114,,,,,,,,,,
strong_1.00__rupture_1__weak_0.25__floor_candidate_ballot__recipient_affinity_only,strong_incumbent_veto,pres_2017,sido_26,A,B,0.14222159439442095,0.1258437002381364,1.0,1.0,0.1258437002381364,0.3539560494922693,0.8660254037844386,0.01,0.047421118808782046,0.34186982856956366,0.04302216422697125,,,,,,,,,,
strong_1.00__rupture_1__weak_0.25__floor_candidate_ballot__recipient_affinity_only,strong_incumbent_veto,pres_2017,sido_27,A,B,0.14222159439442095,0.1258437002381364,1.0,1.0,0.1258437002381364,0.4618834178563183,0.8660254037844386,0.01,0.06188064440596367,0.4355892243398713,0.05481615977478911,,,,,,,,,,
strong_1.00__rupture_1__weak_0.25__floor_candidate_ballot__recipient_affinity_only,strong_incumbent_veto,pres_2017,sido_28,A,B,0.14222159439442095,0.1258437002381364,1.0,1.0,0.1258437002381364,0.2930148075897038,0.8660254037844386,0.01,0.03925654053201098,0.2833909071619301,0.03566296037109948,,,,,,,,,,
strong_1.00__rupture_1__weak_0.25__floor_candidate_ballot__recipient_affinity_only,strong_incumbent_veto,pres_2017,sido_29,A,B,0.14222159439442095,0.1258437002381364,1.0,1.0,0.1258437002381364,0.0341806016229801,0.8660254037844386,0.01,0.01,0.045169858892708296,0.005684342182292902,,,,,,,,,,
strong_1.00__rupture_1__weak_0.25__floor_candidate_ballot__recipient_affinity_only,strong_incumbent_veto,pres_2017,sido_30,A,B,0.14222159439442095,0.1258437002381364,1.0,1.0,0.1258437002381364,0.2396170369219419,0.8660254037844386,0.01,0.032102595767986436,0.23660045087585338,0.02977467621622881,,,,,,,,,,
strong_1.00__rupture_1__weak_0.25__floor_candidate_ballot__recipient_affinity_only,strong_incumbent_veto,pres_2017,sido_31,A,B,0.14222159439442095,0.1258437002381364,1.0,1.0,0.1258437002381364,0.3553353097157836,0.8660254037844386,0.01,0.04760590464030356,0.33924533516110666,0.04269188826520042,,,,,,,,,,
strong_1.00__rupture_1__weak_0.25__floor_candidate_ballot__recipient_affinity_only,strong_incumbent_veto,pres_2017,sido_36,A,B,0.14222159439442095,0.1258437002381364,1.0,1.0,0.1258437002381364,0.1724331995485346,0.8660254037844386,0.01,0.023101668283672248,0.20784226494522595,0.02615563968658234,,,,,,,,,,
strong_1.00__rupture_1__weak_0.25__floor_candidate_ballot__recipient_affinity_only,strong_incumbent_veto,pres_2017,sido_41,A,B,0.14222159439442095,0.1258437002381364,1.0,1.0,0.1258437002381364,0.2904867750077805,0.8660254037844386,0.01,0.038917848387628025,0.28147637098044914,0.03542202805378212,,,,,,,,,,
strong_1.00__rupture_1__weak_0.25__floor_candidate_ballot__recipient_affinity_only,strong_incumbent_veto,pres_2017,sido_42,A,B,0.14222159439442095,0.1258437002381364,1.0,1.0,0.1258437002381364,0.3376440484133232,0.8660254037844386,0.01,0.04523572505076244,0.32486433012568816,0.040882129378400085,,,,,,,,,,
strong_1.00__rupture_1__weak_0.25__floor_candidate_ballot__recipient_affinity_only,strong_incumbent_veto,pres_2017,sido_43,A,B,0.14222159439442095,0.1258437002381364,1.0,1.0,0.1258437002381364,0.2911638514975106,0.8660254037844386,0.01,0.03900855943694667,0.282309527506691,0.03552687555392195,,,,,,,,,,
strong_1.00__rupture_1__weak_0.25__floor_candidate_ballot__recipient_affinity_only,strong_incumbent_veto,pres_2017,sido_44,A,B,0.14222159439442095,0.1258437002381364,1.0,1.0,0.1258437002381364,0.2550776099850012,0.8660254037844386,0.01,0.03417391980137099,0.2518736676707936,0.03169671433224334,,,,,,,,,,
strong_1.00__rupture_1__weak_0.25__floor_candidate_ballot__recipient_affinity_only,strong_incumbent_veto,pres_2017,sido_45,A,B,0.14222159439442095,0.1258437002381364,1.0,1.0,0.1258437002381364,0.0682483484546126,0.8660254037844386,0.01,0.01,0.0835712825862142,0.010516919434296128,,,,,,,,,,
strong_1.00__rupture_1__weak_0.25__floor_candidate_ballot__recipient_affinity_only,strong_incumbent_veto,pres_2017,sido_46,A,B,0.14222159439442095,0.1258437002381364,1.0,1.0,0.1258437002381364,0.0438553923470368,0.8660254037844386,0.01,0.01,0.0540606403515208,0.0068031910190784846,,,,,,,,,,
strong_1.00__rupture_1__weak_0.25__floor_candidate_ballot__recipient_affinity_only,strong_incumbent_veto,pres_2017,sido_47,A,B,0.14222159439442095,0.1258437002381364,1.0,1.0,0.1258437002381364,0.4863134552896404,0.8660254037844386,0.01,0.06515364880662404,0.4571941982536088,0.05753500963564225,,,,,,,,,,
strong_1.00__rupture_1__weak_0.25__floor_candidate_ballot__recipient_affinity_only,strong_incumbent_veto,pres_2017,sido_48,A,B,0.14222159439442095,0.1258437002381364,1.0,1.0,0.1258437002381364,0.3752628188705947,0.8660254037844386,0.01,0.05027568463290128,0.359771080555815,0.04527492401581641,,,,,,,,,,
strong_1.00__rupture_1__weak_0.25__floor_candidate_ballot__recipient_affinity_only,strong_incumbent_veto,pres_2017,sido_50,A,B,0.14222159439442095,0.1258437002381364,1.0,1.0,0.1258437002381364,0.2397495310485979,0.8660254037844386,0.01,0.032120346615106106,0.2532836546023457,0.031874152304997266,,,,,,,,,,
strong_1.00__rupture_1__weak_0.25__floor_candidate_ballot__recipient_affinity_only,weak_same_lane_refusal,pres_2002,sido_11,,,,,,,,,,,,,0.010842633456907926,C,A,0.0172553182802303,candidate_ballot,affinity_only,0.0172553182802303,0.060625852107862005,0.0433705338276317,0.25,0.04978321865095408
strong_1.00__rupture_1__weak_0.25__floor_candidate_ballot__recipient_affinity_only,weak_same_lane_refusal,pres_2002,sido_26,,,,,,,,,,,,,0.0167082641960545,C,A,0.039818482004606,candidate_ballot,affinity_only,0.039818482004606,0.106651538788824,0.066833056784218,0.25,0.08994327459276949
strong_1.00__rupture_1__weak_0.25__floor_candidate_ballot__recipient_affinity_only,weak_same_lane_refusal,pres_2002,sido_27,,,,,,,,,,,,,0.011476550800502226,C,A,0.0058164519761945,candidate_ballot,affinity_only,0.0058164519761945,0.0517226551782034,0.0459062032020089,0.25,0.04024610437770118
strong_1.00__rupture_1__weak_0.25__floor_candidate_ballot__recipient_affinity_only,weak_same_lane_refusal,pres_2002,sido_28,,,,,,,,,,,,,0.009323625249517652,C,A,0.0255062904560678,candidate_ballot,affinity_only,0.0255062904560678,0.0628007914541384,0.03729450099807061,0.25,0.05347716620462075
strong_1.00__rupture_1__weak_0.25__floor_candidate_ballot__recipient_affinity_only,weak_same_lane_refusal,pres_2002,sido_29,,,,,,,,,,,,,0.014181589031599096,C,A,0.0779749988731636,candidate_ballot,affinity_only,0.0779749988731636,0.13470135499955999,0.056726356126396385,0.25,0.12051976596796089
strong_1.00__rupture_1__weak_0.25__floor_candidate_ballot__recipient_affinity_only,weak_same_lane_refusal,pres_2002,sido_30,,,,,,,,,,,,,0.014112278446669096,C,A,0.0189676131685742,candidate_ballot,affinity_only,0.0189676131685742,0.07541672695525059,0.056449113786676386,0.25,0.061304448508581494
strong_1.00__rupture_1__weak_0.25__floor_candidate_ballot__recipient_affinity_only,weak_same_lane_refusal,pres_2002,sido_41,,,,,,,,,,,,,0.009335599488619926,C,A,0.0208780312728109,candidate_ballot,affinity_only,0.0208780312728109,0.0582204292272906,0.0373423979544797,0.25,0.04888482973867067
strong_1.00__rupture_1__weak_0.25__floor_candidate_ballot__recipient_affinity_only,weak_same_lane_refusal,pres_2002,sido_42,,,,,,,,,,,,,0.016604712040343528,C,A,0.0200289187580357,candidate_ballot,affinity_only,0.0200289187580357,0.08644776691940981,0.06641884816137411,0.25,0.06984305487906628
strong_1.00__rupture_1__weak_0.25__floor_candidate_ballot__recipient_affinity_only,weak_same_lane_refusal,pres_2002,sido_43,,,,,,,,,,,,,0.015358920284495776,C,A,0.0118716878700329,candidate_ballot,affinity_only,0.0118716878700329,0.073307369008016,0.0614356811379831,0.25,0.05794844872352023
strong_1.00__rupture_1__weak_0.25__floor_candidate_ballot__recipient_affinity_only,weak_same_lane_refusal,pres_2002,sido_44,,,,,,,,,,,,,0.0089644993647145,C,A,0.0095463081839152,candidate_ballot,affinity_only,0.0095463081839152,0.0454043056427732,0.035857997458858,0.25,0.0364398062780587
strong_1.00__rupture_1__weak_0.25__floor_candidate_ballot__recipient_affinity_only,weak_same_lane_refusal,pres_2002,sido_45,,,,,,,,,,,,,0.026208020258169047,C,A,0.0228231814936564,candidate_ballot,affinity_only,0.0228231814936564,0.12765526252633258,0.10483208103267619,0.25,0.10144724226816354
strong_1.00__rupture_1__weak_0.25__floor_candidate_ballot__recipient_affinity_only,weak_same_lane_refusal,pres_2002,sido_46,,,,,,,,,,,,,0.030568214159661277,C,A,0.0132624825931937,candidate_ballot,affinity_only,0.0132624825931937,0.1355353392318388,0.12227285663864511,0.25,0.10496712507217752
strong_1.00__rupture_1__weak_0.25__floor_candidate_ballot__recipient_affinity_only,weak_same_lane_refusal,pres_2002,sido_47,,,,,,,,,,,,,0.003816306604965524,C,A,0.0296959172831779,candidate_ballot,affinity_only,0.0296959172831779,0.044961143703039996,0.015265226419862096,0.25,0.04114483709807447
strong_1.00__rupture_1__weak_0.25__floor_candidate_ballot__recipient_affinity_only,weak_same_lane_refusal,pres_2002,sido_48,,,,,,,,,,,,,0.013774585068221377,C,A,0.0344685791555901,candidate_ballot,affinity_only,0.0344685791555901,0.08956691942847561,0.05509834027288551,0.25,0.07579233436025423
strong_1.00__rupture_1__weak_0.25__floor_candidate_ballot__recipient_affinity_only,weak_same_lane_refusal,pres_2002,sido_50,,,,,,,,,,,,,0.03681425244378042,C,A,0.0,candidate_ballot,affinity_only,0.0,0.14725700977512168,0.14725700977512168,0.25,0.11044275733134126
strong_1.00__rupture_1__weak_0.25__floor_candidate_ballot__recipient_affinity_only,weak_same_lane_refusal,pres_2022,sido_11,,,,,,,,,,,,,0.005216039967730201,C,B,0.029384832583875,candidate_ballot,affinity_only,0.029384832583875,0.050248992454795804,0.020864159870920804,0.25,0.045032952487065604
strong_1.00__rupture_1__weak_0.25__floor_candidate_ballot__recipient_affinity_only,weak_same_lane_refusal,pres_2022,sido_26,,,,,,,,,,,,,0.0018344615027772494,C,B,0.0399820977460082,candidate_ballot,affinity_only,0.0399820977460082,0.0473199437571172,0.007337846011108998,0.25,0.045485482254339946
strong_1.00__rupture_1__weak_0.25__floor_candidate_ballot__recipient_affinity_only,weak_same_lane_refusal,pres_2022,sido_28,,,,,,,,,,,,,0.0012328698203317758,C,B,0.0485003528440327,candidate_ballot,affinity_only,0.0485003528440327,0.053431832125359804,0.004931479281327103,0.25,0.05219896230502803
strong_1.00__rupture_1__weak_0.25__floor_candidate_ballot__recipient_affinity_only,weak_same_lane_refusal,pres_2022,sido_30,,,,,,,,,,,,,0.005386760332049399,C,B,0.0287620743601844,candidate_ballot,affinity_only,0.0287620743601844,0.050309115688382,0.021547041328197597,0.25,0.0449223553563326
strong_1.00__rupture_1__weak_0.25__floor_candidate_ballot__recipient_affinity_only,weak_same_lane_refusal,pres_2022,sido_36,,,,,,,,,,,,,0.002205745011815176,C,B,0.0509430370441767,candidate_ballot,affinity_only,0.0509430370441767,0.059766017091437404,0.008822980047260703,0.25,0.05756027207962223
strong_1.00__rupture_1__weak_0.25__floor_candidate_ballot__recipient_affinity_only,weak_same_lane_refusal,pres_2022,sido_41,,,,,,,,,,,,,0.0021519602142176016,C,B,0.0359763522960836,candidate_ballot,affinity_only,0.0359763522960836,0.044584193152954005,0.008607840856870407,0.25,0.0424322329387364
strong_1.00__rupture_1__weak_0.25__floor_candidate_ballot__recipient_affinity_only,weak_same_lane_refusal,pres_2022,sido_42,,,,,,,,,,,,,0.0039742774092567,C,B,0.0308172356117518,candidate_ballot,affinity_only,0.0308172356117518,0.0467143452487786,0.0158971096370268,0.25,0.0427400678395219
strong_1.00__rupture_1__weak_0.25__floor_candidate_ballot__recipient_affinity_only,weak_same_lane_refusal,pres_2022,sido_43,,,,,,,,,,,,,0.003193985570342424,C,B,0.0345580698080987,candidate_ballot,affinity_only,0.0345580698080987,0.0473340120894684,0.012775942281369697,0.25,0.04414002651912598
strong_1.00__rupture_1__weak_0.25__floor_candidate_ballot__recipient_affinity_only,weak_same_lane_refusal,pres_2022,sido_44,,,,,,,,,,,,,0.004022255382646875,C,B,0.0309340683403439,candidate_ballot,affinity_only,0.0309340683403439,0.0470230898709314,0.0160890215305875,0.25,0.043000834488284526
strong_1.00__rupture_1__weak_0.25__floor_candidate_ballot__recipient_affinity_only,weak_same_lane_refusal,pres_2022,sido_45,,,,,,,,,,,,,0.006611886926224551,C,B,0.0459485902537228,candidate_ballot,affinity_only,0.0459485902537228,0.072396137958621,0.026447547704898204,0.25,0.06578425103239645
strong_1.00__rupture_1__weak_0.25__floor_candidate_ballot__recipient_affinity_only,weak_same_lane_refusal,pres_2022,sido_46,,,,,,,,,,,,,0.003124877750816251,C,B,0.0592373366011094,candidate_ballot,affinity_only,0.0592373366011094,0.0717368476043744,0.012499511003265004,0.25,0.06861196985355815
strong_1.00__rupture_1__weak_0.25__floor_candidate_ballot__recipient_affinity_only,weak_same_lane_refusal,pres_2022,sido_47,,,,,,,,,,,,,0.00025967077121429906,C,B,0.0343795636905044,candidate_ballot,affinity_only,0.0343795636905044,0.035418246775361595,0.0010386830848571962,0.25,0.0351585760041473
strong_1.00__rupture_1__weak_0.25__floor_candidate_ballot__recipient_affinity_only,weak_same_lane_refusal,pres_2022,sido_50,,,,,,,,,,,,,0.005824835521926801,C,B,0.0503767176193264,candidate_ballot,affinity_only,0.0503767176193264,0.0736760597070336,0.023299342087707203,0.25,0.0678512241851068
strong_1.00__rupture_1__weak_0.25__floor_candidate_ballot__recipient_prediction_tilted,strong_incumbent_veto,pres_2007,sido_11,A,B,0.1550560112006703,0.1830565695612803,0.6837328178902612,1.0,0.1251617841394588,0.224727422604459,-0.0,0.01,0.224727422604459,0.11575376295856316,0.014487947492749764,,,,,,,,,,
strong_1.00__rupture_1__weak_0.25__floor_candidate_ballot__recipient_prediction_tilted,strong_incumbent_veto,pres_2007,sido_26,A,B,0.1550560112006703,0.1830565695612803,0.6837328178902612,1.0,0.1251617841394588,0.1230144019232013,-0.0,0.01,0.1230144019232013,0.06769999442714049,0.008473452088732321,,,,,,,,,,
strong_1.00__rupture_1__weak_0.25__floor_candidate_ballot__recipient_prediction_tilted,strong_incumbent_veto,pres_2007,sido_27,A,B,0.1550560112006703,0.1830565695612803,0.6837328178902612,1.0,0.1251617841394588,0.0533297784427378,-0.0,0.01,0.0533297784427378,0.036548243373766096,0.004574443347823718,,,,,,,,,,
strong_1.00__rupture_1__weak_0.25__floor_candidate_ballot__recipient_prediction_tilted,strong_incumbent_veto,pres_2007,sido_28,A,B,0.1550560112006703,0.1830565695612803,0.6837328178902612,1.0,0.1251617841394588,0.1882964963574757,-0.0,0.01,0.1882964963574757,0.1253482410577939,0.015688809489536448,,,,,,,,,,
strong_1.00__rupture_1__weak_0.25__floor_candidate_ballot__recipient_prediction_tilted,strong_incumbent_veto,pres_2007,sido_29,A,B,0.1550560112006703,0.1830565695612803,0.6837328178902612,1.0,0.1251617841394588,0.5063986688693,-0.0,0.01,0.5063986688693,0.24746182449968468,0.030972763460786173,,,,,,,,,,
strong_1.00__rupture_1__weak_0.25__floor_candidate_ballot__recipient_prediction_tilted,strong_incumbent_veto,pres_2007,sido_30,A,B,0.1550560112006703,0.1830565695612803,0.6837328178902612,1.0,0.1251617841394588,0.1749885957265136,-0.0,0.01,0.1749885957265136,0.1550161062926277,0.019402092433937267,,,,,,,,,,
strong_1.00__rupture_1__weak_0.25__floor_candidate_ballot__recipient_prediction_tilted,strong_incumbent_veto,pres_2007,sido_31,A,B,0.1550560112006703,0.1830565695612803,0.6837328178902612,1.0,0.1251617841394588,0.0922216716368157,-0.0,0.01,0.0922216716368157,0.0762003677779345,0.00953737398316921,,,,,,,,,,
strong_1.00__rupture_1__weak_0.25__floor_candidate_ballot__recipient_prediction_tilted,strong_incumbent_veto,pres_2007,sido_41,A,B,0.1550560112006703,0.1830565695612803,0.6837328178902612,1.0,0.1251617841394588,0.1969781637048186,-0.0,0.01,0.1969781637048186,0.12484403173333555,0.015625701750907488,,,,,,,,,,
strong_1.00__rupture_1__weak_0.25__floor_candidate_ballot__recipient_prediction_tilted,strong_incumbent_veto,pres_2007,sido_42,A,B,0.1550560112006703,0.1830565695612803,0.6837328178902612,1.0,0.1251617841394588,0.1620964538589391,-0.0,0.01,0.1620964538589391,0.0926504884460915,0.011596300435305126,,,,,,,,,,
strong_1.00__rupture_1__weak_0.25__floor_candidate_ballot__recipient_prediction_tilted,strong_incumbent_veto,pres_2007,sido_43,A,B,0.1550560112006703,0.1830565695612803,0.6837328178902612,1.0,0.1251617841394588,0.1871115693451475,-0.0,0.01,0.1871115693451475,0.1250937284019757,0.015656954231448167,,,,,,,,,,
strong_1.00__rupture_1__weak_0.25__floor_candidate_ballot__recipient_prediction_tilted,strong_incumbent_veto,pres_2007,sido_44,A,B,0.1550560112006703,0.1830565695612803,0.6837328178902612,1.0,0.1251617841394588,0.1339414116449834,-0.0,0.01,0.1339414116449834,0.1803984259604589,0.0225789888491611,,,,,,,,,,
strong_1.00__rupture_1__weak_0.25__floor_candidate_ballot__recipient_prediction_tilted,strong_incumbent_veto,pres_2007,sido_45,A,B,0.1550560112006703,0.1830565695612803,0.6837328178902612,1.0,0.1251617841394588,0.5050615589935803,-0.0,0.01,0.5050615589935803,0.2489963619554737,0.03116482890658155,,,,,,,,,,
strong_1.00__rupture_1__weak_0.25__floor_candidate_ballot__recipient_prediction_tilted,strong_incumbent_veto,pres_2007,sido_46,A,B,0.1550560112006703,0.1830565695612803,0.6837328178902612,1.0,0.1251617841394588,0.5115021109033597,-0.0,0.01,0.5115021109033597,0.2436089090943725,0.03049052569451889,,,,,,,,,,
strong_1.00__rupture_1__weak_0.25__floor_candidate_ballot__recipient_prediction_tilted,strong_incumbent_veto,pres_2007,sido_47,A,B,0.1550560112006703,0.1830565695612803,0.6837328178902612,1.0,0.1251617841394588,0.0689035077128128,-0.0,0.01,0.0689035077128128,0.03689871266594581,0.004618308709719025,,,,,,,,,,
strong_1.00__rupture_1__weak_0.25__floor_candidate_ballot__recipient_prediction_tilted,strong_incumbent_veto,pres_2007,sido_48,A,B,0.1550560112006703,0.1830565695612803,0.6837328178902612,1.0,0.1251617841394588,0.0994668855013218,-0.0,0.01,0.0994668855013218,0.0644903902204684,0.008071732299843731,,,,,,,,,,
strong_1.00__rupture_1__weak_0.25__floor_candidate_ballot__recipient_prediction_tilted,strong_incumbent_veto,pres_2007,sido_50,A,B,0.1550560112006703,0.1830565695612803,0.6837328178902612,1.0,0.1251617841394588,0.0,-0.0,0.01,0.0,0.2696919174747736,0.033755121559134356,,,,,,,,,,
strong_1.00__rupture_1__weak_0.25__floor_candidate_ballot__recipient_prediction_tilted,strong_incumbent_veto,pres_2017,sido_11,A,B,0.14222159439442095,0.1258437002381364,1.0,1.0,0.1258437002381364,0.2981507946412702,0.8660254037844386,0.01,0.03994463232341294,0.278981980736011,0.035108124755584114,,,,,,,,,,
strong_1.00__rupture_1__weak_0.25__floor_candidate_ballot__recipient_prediction_tilted,strong_incumbent_veto,pres_2017,sido_26,A,B,0.14222159439442095,0.1258437002381364,1.0,1.0,0.1258437002381364,0.3539560494922693,0.8660254037844386,0.01,0.047421118808782046,0.34186982856956366,0.04302216422697125,,,,,,,,,,
strong_1.00__rupture_1__weak_0.25__floor_candidate_ballot__recipient_prediction_tilted,strong_incumbent_veto,pres_2017,sido_27,A,B,0.14222159439442095,0.1258437002381364,1.0,1.0,0.1258437002381364,0.4618834178563183,0.8660254037844386,0.01,0.06188064440596367,0.4355892243398713,0.05481615977478911,,,,,,,,,,
strong_1.00__rupture_1__weak_0.25__floor_candidate_ballot__recipient_prediction_tilted,strong_incumbent_veto,pres_2017,sido_28,A,B,0.14222159439442095,0.1258437002381364,1.0,1.0,0.1258437002381364,0.2930148075897038,0.8660254037844386,0.01,0.03925654053201098,0.2833909071619301,0.03566296037109948,,,,,,,,,,
strong_1.00__rupture_1__weak_0.25__floor_candidate_ballot__recipient_prediction_tilted,strong_incumbent_veto,pres_2017,sido_29,A,B,0.14222159439442095,0.1258437002381364,1.0,1.0,0.1258437002381364,0.0341806016229801,0.8660254037844386,0.01,0.01,0.045169858892708296,0.005684342182292902,,,,,,,,,,
strong_1.00__rupture_1__weak_0.25__floor_candidate_ballot__recipient_prediction_tilted,strong_incumbent_veto,pres_2017,sido_30,A,B,0.14222159439442095,0.1258437002381364,1.0,1.0,0.1258437002381364,0.2396170369219419,0.8660254037844386,0.01,0.032102595767986436,0.23660045087585338,0.02977467621622881,,,,,,,,,,
strong_1.00__rupture_1__weak_0.25__floor_candidate_ballot__recipient_prediction_tilted,strong_incumbent_veto,pres_2017,sido_31,A,B,0.14222159439442095,0.1258437002381364,1.0,1.0,0.1258437002381364,0.3553353097157836,0.8660254037844386,0.01,0.04760590464030356,0.33924533516110666,0.04269188826520042,,,,,,,,,,
strong_1.00__rupture_1__weak_0.25__floor_candidate_ballot__recipient_prediction_tilted,strong_incumbent_veto,pres_2017,sido_36,A,B,0.14222159439442095,0.1258437002381364,1.0,1.0,0.1258437002381364,0.1724331995485346,0.8660254037844386,0.01,0.023101668283672248,0.20784226494522595,0.02615563968658234,,,,,,,,,,
strong_1.00__rupture_1__weak_0.25__floor_candidate_ballot__recipient_prediction_tilted,strong_incumbent_veto,pres_2017,sido_41,A,B,0.14222159439442095,0.1258437002381364,1.0,1.0,0.1258437002381364,0.2904867750077805,0.8660254037844386,0.01,0.038917848387628025,0.28147637098044914,0.03542202805378212,,,,,,,,,,
strong_1.00__rupture_1__weak_0.25__floor_candidate_ballot__recipient_prediction_tilted,strong_incumbent_veto,pres_2017,sido_42,A,B,0.14222159439442095,0.1258437002381364,1.0,1.0,0.1258437002381364,0.3376440484133232,0.8660254037844386,0.01,0.04523572505076244,0.32486433012568816,0.040882129378400085,,,,,,,,,,
strong_1.00__rupture_1__weak_0.25__floor_candidate_ballot__recipient_prediction_tilted,strong_incumbent_veto,pres_2017,sido_43,A,B,0.14222159439442095,0.1258437002381364,1.0,1.0,0.1258437002381364,0.2911638514975106,0.8660254037844386,0.01,0.03900855943694667,0.282309527506691,0.03552687555392195,,,,,,,,,,
strong_1.00__rupture_1__weak_0.25__floor_candidate_ballot__recipient_prediction_tilted,strong_incumbent_veto,pres_2017,sido_44,A,B,0.14222159439442095,0.1258437002381364,1.0,1.0,0.1258437002381364,0.2550776099850012,0.8660254037844386,0.01,0.03417391980137099,0.2518736676707936,0.03169671433224334,,,,,,,,,,
strong_1.00__rupture_1__weak_0.25__floor_candidate_ballot__recipient_prediction_tilted,strong_incumbent_veto,pres_2017,sido_45,A,B,0.14222159439442095,0.1258437002381364,1.0,1.0,0.1258437002381364,0.0682483484546126,0.8660254037844386,0.01,0.01,0.0835712825862142,0.010516919434296128,,,,,,,,,,
strong_1.00__rupture_1__weak_0.25__floor_candidate_ballot__recipient_prediction_tilted,strong_incumbent_veto,pres_2017,sido_46,A,B,0.14222159439442095,0.1258437002381364,1.0,1.0,0.1258437002381364,0.0438553923470368,0.8660254037844386,0.01,0.01,0.0540606403515208,0.0068031910190784846,,,,,,,,,,
strong_1.00__rupture_1__weak_0.25__floor_candidate_ballot__recipient_prediction_tilted,strong_incumbent_veto,pres_2017,sido_47,A,B,0.14222159439442095,0.1258437002381364,1.0,1.0,0.1258437002381364,0.4863134552896404,0.8660254037844386,0.01,0.06515364880662404,0.4571941982536088,0.05753500963564225,,,,,,,,,,
strong_1.00__rupture_1__weak_0.25__floor_candidate_ballot__recipient_prediction_tilted,strong_incumbent_veto,pres_2017,sido_48,A,B,0.14222159439442095,0.1258437002381364,1.0,1.0,0.1258437002381364,0.3752628188705947,0.8660254037844386,0.01,0.05027568463290128,0.359771080555815,0.04527492401581641,,,,,,,,,,
strong_1.00__rupture_1__weak_0.25__floor_candidate_ballot__recipient_prediction_tilted,strong_incumbent_veto,pres_2017,sido_50,A,B,0.14222159439442095,0.1258437002381364,1.0,1.0,0.1258437002381364,0.2397495310485979,0.8660254037844386,0.01,0.032120346615106106,0.2532836546023457,0.031874152304997266,,,,,,,,,,
strong_1.00__rupture_1__weak_0.25__floor_candidate_ballot__recipient_prediction_tilted,weak_same_lane_refusal,pres_2002,sido_11,,,,,,,,,,,,,0.010842633456907926,C,A|B,0.0172553182802303,candidate_ballot,prediction_tilted,0.0172553182802303,0.060625852107862005,0.0433705338276317,0.25,0.04978321865095408
strong_1.00__rupture_1__weak_0.25__floor_candidate_ballot__recipient_prediction_tilted,weak_same_lane_refusal,pres_2002,sido_26,,,,,,,,,,,,,0.0167082641960545,C,A|B,0.039818482004606,candidate_ballot,prediction_tilted,0.039818482004606,0.106651538788824,0.066833056784218,0.25,0.08994327459276949
strong_1.00__rupture_1__weak_0.25__floor_candidate_ballot__recipient_prediction_tilted,weak_same_lane_refusal,pres_2002,sido_27,,,,,,,,,,,,,0.011476550800502226,C,A|B,0.0058164519761945,candidate_ballot,prediction_tilted,0.0058164519761945,0.0517226551782034,0.0459062032020089,0.25,0.04024610437770118
strong_1.00__rupture_1__weak_0.25__floor_candidate_ballot__recipient_prediction_tilted,weak_same_lane_refusal,pres_2002,sido_28,,,,,,,,,,,,,0.009323625249517652,C,A|B,0.0255062904560678,candidate_ballot,prediction_tilted,0.0255062904560678,0.0628007914541384,0.03729450099807061,0.25,0.05347716620462075
strong_1.00__rupture_1__weak_0.25__floor_candidate_ballot__recipient_prediction_tilted,weak_same_lane_refusal,pres_2002,sido_29,,,,,,,,,,,,,0.014181589031599096,C,A|B,0.0779749988731636,candidate_ballot,prediction_tilted,0.0779749988731636,0.13470135499955999,0.056726356126396385,0.25,0.12051976596796089
strong_1.00__rupture_1__weak_0.25__floor_candidate_ballot__recipient_prediction_tilted,weak_same_lane_refusal,pres_2002,sido_30,,,,,,,,,,,,,0.014112278446669096,C,A|B,0.0189676131685742,candidate_ballot,prediction_tilted,0.0189676131685742,0.07541672695525059,0.056449113786676386,0.25,0.061304448508581494
strong_1.00__rupture_1__weak_0.25__floor_candidate_ballot__recipient_prediction_tilted,weak_same_lane_refusal,pres_2002,sido_41,,,,,,,,,,,,,0.009335599488619926,C,A|B,0.0208780312728109,candidate_ballot,prediction_tilted,0.0208780312728109,0.0582204292272906,0.0373423979544797,0.25,0.04888482973867067
strong_1.00__rupture_1__weak_0.25__floor_candidate_ballot__recipient_prediction_tilted,weak_same_lane_refusal,pres_2002,sido_42,,,,,,,,,,,,,0.016604712040343528,C,A|B,0.0200289187580357,candidate_ballot,prediction_tilted,0.0200289187580357,0.08644776691940981,0.06641884816137411,0.25,0.06984305487906628
strong_1.00__rupture_1__weak_0.25__floor_candidate_ballot__recipient_prediction_tilted,weak_same_lane_refusal,pres_2002,sido_43,,,,,,,,,,,,,0.015358920284495776,C,A|B,0.0118716878700329,candidate_ballot,prediction_tilted,0.0118716878700329,0.073307369008016,0.0614356811379831,0.25,0.05794844872352023
strong_1.00__rupture_1__weak_0.25__floor_candidate_ballot__recipient_prediction_tilted,weak_same_lane_refusal,pres_2002,sido_44,,,,,,,,,,,,,0.0089644993647145,C,A|B,0.0095463081839152,candidate_ballot,prediction_tilted,0.0095463081839152,0.0454043056427732,0.035857997458858,0.25,0.0364398062780587
strong_1.00__rupture_1__weak_0.25__floor_candidate_ballot__recipient_prediction_tilted,weak_same_lane_refusal,pres_2002,sido_45,,,,,,,,,,,,,0.026208020258169047,C,A|B,0.0228231814936564,candidate_ballot,prediction_tilted,0.0228231814936564,0.12765526252633258,0.10483208103267619,0.25,0.10144724226816354
strong_1.00__rupture_1__weak_0.25__floor_candidate_ballot__recipient_prediction_tilted,weak_same_lane_refusal,pres_2002,sido_46,,,,,,,,,,,,,0.030568214159661277,C,A|B,0.0132624825931937,candidate_ballot,prediction_tilted,0.0132624825931937,0.1355353392318388,0.12227285663864511,0.25,0.10496712507217752
strong_1.00__rupture_1__weak_0.25__floor_candidate_ballot__recipient_prediction_tilted,weak_same_lane_refusal,pres_2002,sido_47,,,,,,,,,,,,,0.003816306604965524,C,A|B,0.0296959172831779,candidate_ballot,prediction_tilted,0.0296959172831779,0.044961143703039996,0.015265226419862096,0.25,0.04114483709807447
strong_1.00__rupture_1__weak_0.25__floor_candidate_ballot__recipient_prediction_tilted,weak_same_lane_refusal,pres_2002,sido_48,,,,,,,,,,,,,0.013774585068221377,C,A|B,0.0344685791555901,candidate_ballot,prediction_tilted,0.0344685791555901,0.08956691942847561,0.05509834027288551,0.25,0.07579233436025423
strong_1.00__rupture_1__weak_0.25__floor_candidate_ballot__recipient_prediction_tilted,weak_same_lane_refusal,pres_2002,sido_50,,,,,,,,,,,,,0.03681425244378042,C,A|B,0.0,candidate_ballot,prediction_tilted,0.0,0.14725700977512168,0.14725700977512168,0.25,0.11044275733134126
strong_1.00__rupture_1__weak_0.25__floor_candidate_ballot__recipient_prediction_tilted,weak_same_lane_refusal,pres_2022,sido_11,,,,,,,,,,,,,0.005216039967730201,C,A|B,0.029384832583875,candidate_ballot,prediction_tilted,0.029384832583875,0.050248992454795804,0.020864159870920804,0.25,0.045032952487065604
strong_1.00__rupture_1__weak_0.25__floor_candidate_ballot__recipient_prediction_tilted,weak_same_lane_refusal,pres_2022,sido_26,,,,,,,,,,,,,0.0018344615027772494,C,A|B,0.0399820977460082,candidate_ballot,prediction_tilted,0.0399820977460082,0.0473199437571172,0.007337846011108998,0.25,0.045485482254339946
strong_1.00__rupture_1__weak_0.25__floor_candidate_ballot__recipient_prediction_tilted,weak_same_lane_refusal,pres_2022,sido_28,,,,,,,,,,,,,0.0012328698203317758,C,A|B,0.0485003528440327,candidate_ballot,prediction_tilted,0.0485003528440327,0.053431832125359804,0.004931479281327103,0.25,0.05219896230502803
strong_1.00__rupture_1__weak_0.25__floor_candidate_ballot__recipient_prediction_tilted,weak_same_lane_refusal,pres_2022,sido_30,,,,,,,,,,,,,0.005386760332049399,C,A|B,0.0287620743601844,candidate_ballot,prediction_tilted,0.0287620743601844,0.050309115688382,0.021547041328197597,0.25,0.0449223553563326
strong_1.00__rupture_1__weak_0.25__floor_candidate_ballot__recipient_prediction_tilted,weak_same_lane_refusal,pres_2022,sido_36,,,,,,,,,,,,,0.002205745011815176,C,A|B,0.0509430370441767,candidate_ballot,prediction_tilted,0.0509430370441767,0.059766017091437404,0.008822980047260703,0.25,0.05756027207962223
strong_1.00__rupture_1__weak_0.25__floor_candidate_ballot__recipient_prediction_tilted,weak_same_lane_refusal,pres_2022,sido_41,,,,,,,,,,,,,0.0021519602142176016,C,A|B,0.0359763522960836,candidate_ballot,prediction_tilted,0.0359763522960836,0.044584193152954005,0.008607840856870407,0.25,0.0424322329387364
strong_1.00__rupture_1__weak_0.25__floor_candidate_ballot__recipient_prediction_tilted,weak_same_lane_refusal,pres_2022,sido_42,,,,,,,,,,,,,0.0039742774092567,C,A|B,0.0308172356117518,candidate_ballot,prediction_tilted,0.0308172356117518,0.0467143452487786,0.0158971096370268,0.25,0.0427400678395219
strong_1.00__rupture_1__weak_0.25__floor_candidate_ballot__recipient_prediction_tilted,weak_same_lane_refusal,pres_2022,sido_43,,,,,,,,,,,,,0.003193985570342424,C,A|B,0.0345580698080987,candidate_ballot,prediction_tilted,0.0345580698080987,0.0473340120894684,0.012775942281369697,0.25,0.04414002651912598
strong_1.00__rupture_1__weak_0.25__floor_candidate_ballot__recipient_prediction_tilted,weak_same_lane_refusal,pres_2022,sido_44,,,,,,,,,,,,,0.004022255382646875,C,A|B,0.0309340683403439,candidate_ballot,prediction_tilted,0.0309340683403439,0.0470230898709314,0.0160890215305875,0.25,0.043000834488284526
strong_1.00__rupture_1__weak_0.25__floor_candidate_ballot__recipient_prediction_tilted,weak_same_lane_refusal,pres_2022,sido_45,,,,,,,,,,,,,0.006611886926224551,C,A|B,0.0459485902537228,candidate_ballot,prediction_tilted,0.0459485902537228,0.072396137958621,0.026447547704898204,0.25,0.06578425103239645
strong_1.00__rupture_1__weak_0.25__floor_candidate_ballot__recipient_prediction_tilted,weak_same_lane_refusal,pres_2022,sido_46,,,,,,,,,,,,,0.003124877750816251,C,A|B,0.0592373366011094,candidate_ballot,prediction_tilted,0.0592373366011094,0.0717368476043744,0.012499511003265004,0.25,0.06861196985355815
strong_1.00__rupture_1__weak_0.25__floor_candidate_ballot__recipient_prediction_tilted,weak_same_lane_refusal,pres_2022,sido_47,,,,,,,,,,,,,0.00025967077121429906,C,A|B,0.0343795636905044,candidate_ballot,prediction_tilted,0.0343795636905044,0.035418246775361595,0.0010386830848571962,0.25,0.0351585760041473
strong_1.00__rupture_1__weak_0.25__floor_candidate_ballot__recipient_prediction_tilted,weak_same_lane_refusal,pres_2022,sido_50,,,,,,,,,,,,,0.005824835521926801,C,A|B,0.0503767176193264,candidate_ballot,prediction_tilted,0.0503767176193264,0.0736760597070336,0.023299342087707203,0.25,0.0678512241851068
strong_1.00__rupture_1__weak_0.25__floor_theoretical__recipient_affinity_only,strong_incumbent_veto,pres_2007,sido_11,A,B,0.1550560112006703,0.1830565695612803,0.6837328178902612,1.0,0.1251617841394588,0.224727422604459,-0.0,0.01,0.224727422604459,0.11575376295856316,0.014487947492749764,,,,,,,,,,
strong_1.00__rupture_1__weak_0.25__floor_theoretical__recipient_affinity_only,strong_incumbent_veto,pres_2007,sido_26,A,B,0.1550560112006703,0.1830565695612803,0.6837328178902612,1.0,0.1251617841394588,0.1230144019232013,-0.0,0.01,0.1230144019232013,0.06769999442714049,0.008473452088732321,,,,,,,,,,
strong_1.00__rupture_1__weak_0.25__floor_theoretical__recipient_affinity_only,strong_incumbent_veto,pres_2007,sido_27,A,B,0.1550560112006703,0.1830565695612803,0.6837328178902612,1.0,0.1251617841394588,0.0533297784427378,-0.0,0.01,0.0533297784427378,0.036548243373766096,0.004574443347823718,,,,,,,,,,
strong_1.00__rupture_1__weak_0.25__floor_theoretical__recipient_affinity_only,strong_incumbent_veto,pres_2007,sido_28,A,B,0.1550560112006703,0.1830565695612803,0.6837328178902612,1.0,0.1251617841394588,0.1882964963574757,-0.0,0.01,0.1882964963574757,0.1253482410577939,0.015688809489536448,,,,,,,,,,
strong_1.00__rupture_1__weak_0.25__floor_theoretical__recipient_affinity_only,strong_incumbent_veto,pres_2007,sido_29,A,B,0.1550560112006703,0.1830565695612803,0.6837328178902612,1.0,0.1251617841394588,0.5063986688693,-0.0,0.01,0.5063986688693,0.24746182449968468,0.030972763460786173,,,,,,,,,,
strong_1.00__rupture_1__weak_0.25__floor_theoretical__recipient_affinity_only,strong_incumbent_veto,pres_2007,sido_30,A,B,0.1550560112006703,0.1830565695612803,0.6837328178902612,1.0,0.1251617841394588,0.1749885957265136,-0.0,0.01,0.1749885957265136,0.1550161062926277,0.019402092433937267,,,,,,,,,,
strong_1.00__rupture_1__weak_0.25__floor_theoretical__recipient_affinity_only,strong_incumbent_veto,pres_2007,sido_31,A,B,0.1550560112006703,0.1830565695612803,0.6837328178902612,1.0,0.1251617841394588,0.0922216716368157,-0.0,0.01,0.0922216716368157,0.0762003677779345,0.00953737398316921,,,,,,,,,,
strong_1.00__rupture_1__weak_0.25__floor_theoretical__recipient_affinity_only,strong_incumbent_veto,pres_2007,sido_41,A,B,0.1550560112006703,0.1830565695612803,0.6837328178902612,1.0,0.1251617841394588,0.1969781637048186,-0.0,0.01,0.1969781637048186,0.12484403173333555,0.015625701750907488,,,,,,,,,,
strong_1.00__rupture_1__weak_0.25__floor_theoretical__recipient_affinity_only,strong_incumbent_veto,pres_2007,sido_42,A,B,0.1550560112006703,0.1830565695612803,0.6837328178902612,1.0,0.1251617841394588,0.1620964538589391,-0.0,0.01,0.1620964538589391,0.0926504884460915,0.011596300435305126,,,,,,,,,,
strong_1.00__rupture_1__weak_0.25__floor_theoretical__recipient_affinity_only,strong_incumbent_veto,pres_2007,sido_43,A,B,0.1550560112006703,0.1830565695612803,0.6837328178902612,1.0,0.1251617841394588,0.1871115693451475,-0.0,0.01,0.1871115693451475,0.1250937284019757,0.015656954231448167,,,,,,,,,,
strong_1.00__rupture_1__weak_0.25__floor_theoretical__recipient_affinity_only,strong_incumbent_veto,pres_2007,sido_44,A,B,0.1550560112006703,0.1830565695612803,0.6837328178902612,1.0,0.1251617841394588,0.1339414116449834,-0.0,0.01,0.1339414116449834,0.1803984259604589,0.0225789888491611,,,,,,,,,,
strong_1.00__rupture_1__weak_0.25__floor_theoretical__recipient_affinity_only,strong_incumbent_veto,pres_2007,sido_45,A,B,0.1550560112006703,0.1830565695612803,0.6837328178902612,1.0,0.1251617841394588,0.5050615589935803,-0.0,0.01,0.5050615589935803,0.2489963619554737,0.03116482890658155,,,,,,,,,,
strong_1.00__rupture_1__weak_0.25__floor_theoretical__recipient_affinity_only,strong_incumbent_veto,pres_2007,sido_46,A,B,0.1550560112006703,0.1830565695612803,0.6837328178902612,1.0,0.1251617841394588,0.5115021109033597,-0.0,0.01,0.5115021109033597,0.2436089090943725,0.03049052569451889,,,,,,,,,,
strong_1.00__rupture_1__weak_0.25__floor_theoretical__recipient_affinity_only,strong_incumbent_veto,pres_2007,sido_47,A,B,0.1550560112006703,0.1830565695612803,0.6837328178902612,1.0,0.1251617841394588,0.0689035077128128,-0.0,0.01,0.0689035077128128,0.03689871266594581,0.004618308709719025,,,,,,,,,,
strong_1.00__rupture_1__weak_0.25__floor_theoretical__recipient_affinity_only,strong_incumbent_veto,pres_2007,sido_48,A,B,0.1550560112006703,0.1830565695612803,0.6837328178902612,1.0,0.1251617841394588,0.0994668855013218,-0.0,0.01,0.0994668855013218,0.0644903902204684,0.008071732299843731,,,,,,,,,,
strong_1.00__rupture_1__weak_0.25__floor_theoretical__recipient_affinity_only,strong_incumbent_veto,pres_2007,sido_50,A,B,0.1550560112006703,0.1830565695612803,0.6837328178902612,1.0,0.1251617841394588,0.0,-0.0,0.01,0.0,0.2696919174747736,0.033755121559134356,,,,,,,,,,
strong_1.00__rupture_1__weak_0.25__floor_theoretical__recipient_affinity_only,strong_incumbent_veto,pres_2017,sido_11,A,B,0.14222159439442095,0.1258437002381364,1.0,1.0,0.1258437002381364,0.2981507946412702,0.8660254037844386,0.01,0.03994463232341294,0.278981980736011,0.035108124755584114,,,,,,,,,,
strong_1.00__rupture_1__weak_0.25__floor_theoretical__recipient_affinity_only,strong_incumbent_veto,pres_2017,sido_26,A,B,0.14222159439442095,0.1258437002381364,1.0,1.0,0.1258437002381364,0.3539560494922693,0.8660254037844386,0.01,0.047421118808782046,0.34186982856956366,0.04302216422697125,,,,,,,,,,
strong_1.00__rupture_1__weak_0.25__floor_theoretical__recipient_affinity_only,strong_incumbent_veto,pres_2017,sido_27,A,B,0.14222159439442095,0.1258437002381364,1.0,1.0,0.1258437002381364,0.4618834178563183,0.8660254037844386,0.01,0.06188064440596367,0.4355892243398713,0.05481615977478911,,,,,,,,,,
strong_1.00__rupture_1__weak_0.25__floor_theoretical__recipient_affinity_only,strong_incumbent_veto,pres_2017,sido_28,A,B,0.14222159439442095,0.1258437002381364,1.0,1.0,0.1258437002381364,0.2930148075897038,0.8660254037844386,0.01,0.03925654053201098,0.2833909071619301,0.03566296037109948,,,,,,,,,,
strong_1.00__rupture_1__weak_0.25__floor_theoretical__recipient_affinity_only,strong_incumbent_veto,pres_2017,sido_29,A,B,0.14222159439442095,0.1258437002381364,1.0,1.0,0.1258437002381364,0.0341806016229801,0.8660254037844386,0.01,0.01,0.045169858892708296,0.005684342182292902,,,,,,,,,,
strong_1.00__rupture_1__weak_0.25__floor_theoretical__recipient_affinity_only,strong_incumbent_veto,pres_2017,sido_30,A,B,0.14222159439442095,0.1258437002381364,1.0,1.0,0.1258437002381364,0.2396170369219419,0.8660254037844386,0.01,0.032102595767986436,0.23660045087585338,0.02977467621622881,,,,,,,,,,
strong_1.00__rupture_1__weak_0.25__floor_theoretical__recipient_affinity_only,strong_incumbent_veto,pres_2017,sido_31,A,B,0.14222159439442095,0.1258437002381364,1.0,1.0,0.1258437002381364,0.3553353097157836,0.8660254037844386,0.01,0.04760590464030356,0.33924533516110666,0.04269188826520042,,,,,,,,,,
strong_1.00__rupture_1__weak_0.25__floor_theoretical__recipient_affinity_only,strong_incumbent_veto,pres_2017,sido_36,A,B,0.14222159439442095,0.1258437002381364,1.0,1.0,0.1258437002381364,0.1724331995485346,0.8660254037844386,0.01,0.023101668283672248,0.20784226494522595,0.02615563968658234,,,,,,,,,,
strong_1.00__rupture_1__weak_0.25__floor_theoretical__recipient_affinity_only,strong_incumbent_veto,pres_2017,sido_41,A,B,0.14222159439442095,0.1258437002381364,1.0,1.0,0.1258437002381364,0.2904867750077805,0.8660254037844386,0.01,0.038917848387628025,0.28147637098044914,0.03542202805378212,,,,,,,,,,
strong_1.00__rupture_1__weak_0.25__floor_theoretical__recipient_affinity_only,strong_incumbent_veto,pres_2017,sido_42,A,B,0.14222159439442095,0.1258437002381364,1.0,1.0,0.1258437002381364,0.3376440484133232,0.8660254037844386,0.01,0.04523572505076244,0.32486433012568816,0.040882129378400085,,,,,,,,,,
strong_1.00__rupture_1__weak_0.25__floor_theoretical__recipient_affinity_only,strong_incumbent_veto,pres_2017,sido_43,A,B,0.14222159439442095,0.1258437002381364,1.0,1.0,0.1258437002381364,0.2911638514975106,0.8660254037844386,0.01,0.03900855943694667,0.282309527506691,0.03552687555392195,,,,,,,,,,
strong_1.00__rupture_1__weak_0.25__floor_theoretical__recipient_affinity_only,strong_incumbent_veto,pres_2017,sido_44,A,B,0.14222159439442095,0.1258437002381364,1.0,1.0,0.1258437002381364,0.2550776099850012,0.8660254037844386,0.01,0.03417391980137099,0.2518736676707936,0.03169671433224334,,,,,,,,,,
strong_1.00__rupture_1__weak_0.25__floor_theoretical__recipient_affinity_only,strong_incumbent_veto,pres_2017,sido_45,A,B,0.14222159439442095,0.1258437002381364,1.0,1.0,0.1258437002381364,0.0682483484546126,0.8660254037844386,0.01,0.01,0.0835712825862142,0.010516919434296128,,,,,,,,,,
strong_1.00__rupture_1__weak_0.25__floor_theoretical__recipient_affinity_only,strong_incumbent_veto,pres_2017,sido_46,A,B,0.14222159439442095,0.1258437002381364,1.0,1.0,0.1258437002381364,0.0438553923470368,0.8660254037844386,0.01,0.01,0.0540606403515208,0.0068031910190784846,,,,,,,,,,
strong_1.00__rupture_1__weak_0.25__floor_theoretical__recipient_affinity_only,strong_incumbent_veto,pres_2017,sido_47,A,B,0.14222159439442095,0.1258437002381364,1.0,1.0,0.1258437002381364,0.4863134552896404,0.8660254037844386,0.01,0.06515364880662404,0.4571941982536088,0.05753500963564225,,,,,,,,,,
strong_1.00__rupture_1__weak_0.25__floor_theoretical__recipient_affinity_only,strong_incumbent_veto,pres_2017,sido_48,A,B,0.14222159439442095,0.1258437002381364,1.0,1.0,0.1258437002381364,0.3752628188705947,0.8660254037844386,0.01,0.05027568463290128,0.359771080555815,0.04527492401581641,,,,,,,,,,
strong_1.00__rupture_1__weak_0.25__floor_theoretical__recipient_affinity_only,strong_incumbent_veto,pres_2017,sido_50,A,B,0.14222159439442095,0.1258437002381364,1.0,1.0,0.1258437002381364,0.2397495310485979,0.8660254037844386,0.01,0.032120346615106106,0.2532836546023457,0.031874152304997266,,,,,,,,,,
strong_1.00__rupture_1__weak_0.25__floor_theoretical__recipient_affinity_only,weak_same_lane_refusal,pres_2002,sido_11,,,,,,,,,,,,,0.0126564630269655,C,A,0.0172553182802303,theoretical,affinity_only,0.01,0.060625852107862005,0.050625852107862,0.25,0.047969389080896506
strong_1.00__rupture_1__weak_0.25__floor_theoretical__recipient_affinity_only,weak_same_lane_refusal,pres_2002,sido_26,,,,,,,,,,,,,0.024162884697206,C,A,0.039818482004606,theoretical,affinity_only,0.01,0.106651538788824,0.096651538788824,0.25,0.082488654091618
strong_1.00__rupture_1__weak_0.25__floor_theoretical__recipient_affinity_only,weak_same_lane_refusal,pres_2002,sido_27,,,,,,,,,,,,,0.01043066379455085,C,A,0.0058164519761945,theoretical,affinity_only,0.01,0.0517226551782034,0.0417226551782034,0.25,0.041291991383652554
strong_1.00__rupture_1__weak_0.25__floor_theoretical__recipient_affinity_only,weak_same_lane_refusal,pres_2002,sido_28,,,,,,,,,,,,,0.0132001978635346,C,A,0.0255062904560678,theoretical,affinity_only,0.01,0.0628007914541384,0.0528007914541384,0.25,0.0496005935906038
strong_1.00__rupture_1__weak_0.25__floor_theoretical__recipient_affinity_only,weak_same_lane_refusal,pres_2002,sido_29,,,,,,,,,,,,,0.031175338749889998,C,A,0.0779749988731636,theoretical,affinity_only,0.01,0.13470135499955999,0.12470135499955999,0.25,0.10352601624966999
strong_1.00__rupture_1__weak_0.25__floor_theoretical__recipient_affinity_only,weak_same_lane_refusal,pres_2002,sido_30,,,,,,,,,,,,,0.01635418173881265,C,A,0.0189676131685742,theoretical,affinity_only,0.01,0.07541672695525059,0.0654167269552506,0.25,0.059062545216437945
strong_1.00__rupture_1__weak_0.25__floor_theoretical__recipient_affinity_only,weak_same_lane_refusal,pres_2002,sido_31,,,,,,,,,,,,,0.06135040761748985,C,A,0.3115852121639049,theoretical,affinity_only,0.01,0.2554016304699594,0.2454016304699594,0.25,0.19405122285246956
strong_1.00__rupture_1__weak_0.25__floor_theoretical__recipient_affinity_only,weak_same_lane_refusal,pres_2002,sido_41,,,,,,,,,,,,,0.01205510730682265,C,A,0.0208780312728109,theoretical,affinity_only,0.01,0.0582204292272906,0.0482204292272906,0.25,0.04616532192046795
strong_1.00__rupture_1__weak_0.25__floor_theoretical__recipient_affinity_only,weak_same_lane_refusal,pres_2002,sido_42,,,,,,,,,,,,,0.019111941729852453,C,A,0.0200289187580357,theoretical,affinity_only,0.01,0.08644776691940981,0.07644776691940981,0.25,0.06733582518955736
strong_1.00__rupture_1__weak_0.25__floor_theoretical__recipient_affinity_only,weak_same_lane_refusal,pres_2002,sido_43,,,,,,,,,,,,,0.015826842252004,C,A,0.0118716878700329,theoretical,affinity_only,0.01,0.073307369008016,0.063307369008016,0.25,0.057480526756012
strong_1.00__rupture_1__weak_0.25__floor_theoretical__recipient_affinity_only,weak_same_lane_refusal,pres_2002,sido_44,,,,,,,,,,,,,0.0088510764106933,C,A,0.0095463081839152,theoretical,affinity_only,0.01,0.0454043056427732,0.0354043056427732,0.25,0.036553229232079903
strong_1.00__rupture_1__weak_0.25__floor_theoretical__recipient_affinity_only,weak_same_lane_refusal,pres_2002,sido_45,,,,,,,,,,,,,0.029413815631583146,C,A,0.0228231814936564,theoretical,affinity_only,0.01,0.12765526252633258,0.11765526252633259,0.25,0.09824144689474944
strong_1.00__rupture_1__weak_0.25__floor_theoretical__recipient_affinity_only,weak_same_lane_refusal,pres_2002,sido_46,,,,,,,,,,,,,0.0313838348079597,C,A,0.0132624825931937,theoretical,affinity_only,0.01,0.1355353392318388,0.1255353392318388,0.25,0.1041515044238791
strong_1.00__rupture_1__weak_0.25__floor_theoretical__recipient_affinity_only,weak_same_lane_refusal,pres_2002,sido_47,,,,,,,,,,,,,0.008740285925759999,C,A,0.0296959172831779,theoretical,affinity_only,0.01,0.044961143703039996,0.034961143703039994,0.25,0.03622085777728
strong_1.00__rupture_1__weak_0.25__floor_theoretical__recipient_affinity_only,weak_same_lane_refusal,pres_2002,sido_48,,,,,,,,,,,,,0.019891729857118904,C,A,0.0344685791555901,theoretical,affinity_only,0.01,0.08956691942847561,0.07956691942847562,0.25,0.06967518957135671
strong_1.00__rupture_1__weak_0.25__floor_theoretical__recipient_affinity_only,weak_same_lane_refusal,pres_2002,sido_50,,,,,,,,,,,,,0.03431425244378042,C,A,0.0,theoretical,affinity_only,0.01,0.14725700977512168,0.13725700977512167,0.25,0.11294275733134126
strong_1.00__rupture_1__weak_0.25__floor_theoretical__recipient_affinity_only,weak_same_lane_refusal,pres_2022,sido_11,,,,,,,,,,,,,0.01006224811369895,C,B,0.029384832583875,theoretical,affinity_only,0.01,0.050248992454795804,0.0402489924547958,0.25,0.040186744341096856
strong_1.00__rupture_1__weak_0.25__floor_theoretical__recipient_affinity_only,weak_same_lane_refusal,pres_2022,sido_26,,,,,,,,,,,,,0.0093299859392793,C,B,0.0399820977460082,theoretical,affinity_only,0.01,0.0473199437571172,0.0373199437571172,0.25,0.0379899578178379
strong_1.00__rupture_1__weak_0.25__floor_theoretical__recipient_affinity_only,weak_same_lane_refusal,pres_2022,sido_27,,,,,,,,,,,,,0.006468246249250499,C,B,0.0389354436816256,theoretical,affinity_only,0.01,0.035872984997002,0.025872984997001996,0.25,0.0294047387477515
strong_1.00__rupture_1__weak_0.25__floor_theoretical__recipient_affinity_only,weak_same_lane_refusal,pres_2022,sido_28,,,,,,,,,,,,,0.01085795803133995,C,B,0.0485003528440327,theoretical,affinity_only,0.01,0.053431832125359804,0.0434318321253598,0.25,0.04257387409401985
strong_1.00__rupture_1__weak_0.25__floor_theoretical__recipient_affinity_only,weak_same_lane_refusal,pres_2022,sido_29,,,,,,,,,,,,,0.0186724126166626,C,B,0.0876883018010707,theoretical,affinity_only,0.01,0.08468965046665039,0.0746896504666504,0.25,0.0660172378499878
strong_1.00__rupture_1__weak_0.25__floor_theoretical__recipient_affinity_only,weak_same_lane_refusal,pres_2022,sido_30,,,,,,,,,,,,,0.0100772789220955,C,B,0.0287620743601844,theoretical,affinity_only,0.01,0.050309115688382,0.040309115688382,0.25,0.0402318367662865
strong_1.00__rupture_1__weak_0.25__floor_theoretical__recipient_affinity_only,weak_same_lane_refusal,pres_2022,sido_31,,,,,,,,,,,,,0.0230607747165258,C,B,0.176134143020495,theoretical,affinity_only,0.01,0.1022430988661032,0.0922430988661032,0.25,0.07918232414957739
strong_1.00__rupture_1__weak_0.25__floor_theoretical__recipient_affinity_only,weak_same_lane_refusal,pres_2022,sido_36,,,,,,,,,,,,,0.01244150427285935,C,B,0.0509430370441767,theoretical,affinity_only,0.01,0.059766017091437404,0.0497660170914374,0.25,0.04732451281857805
strong_1.00__rupture_1__weak_0.25__floor_theoretical__recipient_affinity_only,weak_same_lane_refusal,pres_2022,sido_41,,,,,,,,,,,,,0.0086460482882385,C,B,0.0359763522960836,theoretical,affinity_only,0.01,0.044584193152954005,0.034584193152954,0.25,0.035938144864715506
strong_1.00__rupture_1__weak_0.25__floor_theoretical__recipient_affinity_only,weak_same_lane_refusal,pres_2022,sido_42,,,,,,,,,,,,,0.00917858631219465,C,B,0.0308172356117518,theoretical,affinity_only,0.01,0.0467143452487786,0.0367143452487786,0.25,0.03753575893658395
strong_1.00__rupture_1__weak_0.25__floor_theoretical__recipient_affinity_only,weak_same_lane_refusal,pres_2022,sido_43,,,,,,,,,,,,,0.0093335030223671,C,B,0.0345580698080987,theoretical,affinity_only,0.01,0.0473340120894684,0.0373340120894684,0.25,0.0380005090671013
strong_1.00__rupture_1__weak_0.25__floor_theoretical__recipient_affinity_only,weak_same_lane_refusal,pres_2022,sido_44,,,,,,,,,,,,,0.00925577246773285,C,B,0.0309340683403439,theoretical,affinity_only,0.01,0.0470230898709314,0.0370230898709314,0.25,0.03776731740319855
strong_1.00__rupture_1__weak_0.25__floor_theoretical__recipient_affinity_only,weak_same_lane_refusal,pres_2022,sido_45,,,,,,,,,,,,,0.01559903448965525,C,B,0.0459485902537228,theoretical,affinity_only,0.01,0.072396137958621,0.062396137958621,0.25,0.05679710346896575
strong_1.00__rupture_1__weak_0.25__floor_theoretical__recipient_affinity_only,weak_same_lane_refusal,pres_2022,sido_46,,,,,,,,,,,,,0.0154342119010936,C,B,0.0592373366011094,theoretical,affinity_only,0.01,0.0717368476043744,0.0617368476043744,0.25,0.056302635703280805
strong_1.00__rupture_1__weak_0.25__floor_theoretical__recipient_affinity_only,weak_same_lane_refusal,pres_2022,sido_47,,,,,,,,,,,,,0.006354561693840398,C,B,0.0343795636905044,theoretical,affinity_only,0.01,0.035418246775361595,0.025418246775361593,0.25,0.0290636850815212
strong_1.00__rupture_1__weak_0.25__floor_theoretical__recipient_affinity_only,weak_same_lane_refusal,pres_2022,sido_48,,,,,,,,,,,,,0.0131137634517944,C,B,0.0766151338961869,theoretical,affinity_only,0.01,0.0624550538071776,0.0524550538071776,0.25,0.0493412903553832
strong_1.00__rupture_1__weak_0.25__floor_theoretical__recipient_affinity_only,weak_same_lane_refusal,pres_2022,sido_50,,,,,,,,,,,,,0.0159190149267584,C,B,0.0503767176193264,theoretical,affinity_only,0.01,0.0736760597070336,0.0636760597070336,0.25,0.0577570447802752
strong_1.00__rupture_1__weak_0.25__floor_theoretical__recipient_prediction_tilted,strong_incumbent_veto,pres_2007,sido_11,A,B,0.1550560112006703,0.1830565695612803,0.6837328178902612,1.0,0.1251617841394588,0.224727422604459,-0.0,0.01,0.224727422604459,0.11575376295856316,0.014487947492749764,,,,,,,,,,
strong_1.00__rupture_1__weak_0.25__floor_theoretical__recipient_prediction_tilted,strong_incumbent_veto,pres_2007,sido_26,A,B,0.1550560112006703,0.1830565695612803,0.6837328178902612,1.0,0.1251617841394588,0.1230144019232013,-0.0,0.01,0.1230144019232013,0.06769999442714049,0.008473452088732321,,,,,,,,,,
strong_1.00__rupture_1__weak_0.25__floor_theoretical__recipient_prediction_tilted,strong_incumbent_veto,pres_2007,sido_27,A,B,0.1550560112006703,0.1830565695612803,0.6837328178902612,1.0,0.1251617841394588,0.0533297784427378,-0.0,0.01,0.0533297784427378,0.036548243373766096,0.004574443347823718,,,,,,,,,,
strong_1.00__rupture_1__weak_0.25__floor_theoretical__recipient_prediction_tilted,strong_incumbent_veto,pres_2007,sido_28,A,B,0.1550560112006703,0.1830565695612803,0.6837328178902612,1.0,0.1251617841394588,0.1882964963574757,-0.0,0.01,0.1882964963574757,0.1253482410577939,0.015688809489536448,,,,,,,,,,
strong_1.00__rupture_1__weak_0.25__floor_theoretical__recipient_prediction_tilted,strong_incumbent_veto,pres_2007,sido_29,A,B,0.1550560112006703,0.1830565695612803,0.6837328178902612,1.0,0.1251617841394588,0.5063986688693,-0.0,0.01,0.5063986688693,0.24746182449968468,0.030972763460786173,,,,,,,,,,
strong_1.00__rupture_1__weak_0.25__floor_theoretical__recipient_prediction_tilted,strong_incumbent_veto,pres_2007,sido_30,A,B,0.1550560112006703,0.1830565695612803,0.6837328178902612,1.0,0.1251617841394588,0.1749885957265136,-0.0,0.01,0.1749885957265136,0.1550161062926277,0.019402092433937267,,,,,,,,,,
strong_1.00__rupture_1__weak_0.25__floor_theoretical__recipient_prediction_tilted,strong_incumbent_veto,pres_2007,sido_31,A,B,0.1550560112006703,0.1830565695612803,0.6837328178902612,1.0,0.1251617841394588,0.0922216716368157,-0.0,0.01,0.0922216716368157,0.0762003677779345,0.00953737398316921,,,,,,,,,,
strong_1.00__rupture_1__weak_0.25__floor_theoretical__recipient_prediction_tilted,strong_incumbent_veto,pres_2007,sido_41,A,B,0.1550560112006703,0.1830565695612803,0.6837328178902612,1.0,0.1251617841394588,0.1969781637048186,-0.0,0.01,0.1969781637048186,0.12484403173333555,0.015625701750907488,,,,,,,,,,
strong_1.00__rupture_1__weak_0.25__floor_theoretical__recipient_prediction_tilted,strong_incumbent_veto,pres_2007,sido_42,A,B,0.1550560112006703,0.1830565695612803,0.6837328178902612,1.0,0.1251617841394588,0.1620964538589391,-0.0,0.01,0.1620964538589391,0.0926504884460915,0.011596300435305126,,,,,,,,,,
strong_1.00__rupture_1__weak_0.25__floor_theoretical__recipient_prediction_tilted,strong_incumbent_veto,pres_2007,sido_43,A,B,0.1550560112006703,0.1830565695612803,0.6837328178902612,1.0,0.1251617841394588,0.1871115693451475,-0.0,0.01,0.1871115693451475,0.1250937284019757,0.015656954231448167,,,,,,,,,,
strong_1.00__rupture_1__weak_0.25__floor_theoretical__recipient_prediction_tilted,strong_incumbent_veto,pres_2007,sido_44,A,B,0.1550560112006703,0.1830565695612803,0.6837328178902612,1.0,0.1251617841394588,0.1339414116449834,-0.0,0.01,0.1339414116449834,0.1803984259604589,0.0225789888491611,,,,,,,,,,
strong_1.00__rupture_1__weak_0.25__floor_theoretical__recipient_prediction_tilted,strong_incumbent_veto,pres_2007,sido_45,A,B,0.1550560112006703,0.1830565695612803,0.6837328178902612,1.0,0.1251617841394588,0.5050615589935803,-0.0,0.01,0.5050615589935803,0.2489963619554737,0.03116482890658155,,,,,,,,,,
strong_1.00__rupture_1__weak_0.25__floor_theoretical__recipient_prediction_tilted,strong_incumbent_veto,pres_2007,sido_46,A,B,0.1550560112006703,0.1830565695612803,0.6837328178902612,1.0,0.1251617841394588,0.5115021109033597,-0.0,0.01,0.5115021109033597,0.2436089090943725,0.03049052569451889,,,,,,,,,,
strong_1.00__rupture_1__weak_0.25__floor_theoretical__recipient_prediction_tilted,strong_incumbent_veto,pres_2007,sido_47,A,B,0.1550560112006703,0.1830565695612803,0.6837328178902612,1.0,0.1251617841394588,0.0689035077128128,-0.0,0.01,0.0689035077128128,0.03689871266594581,0.004618308709719025,,,,,,,,,,
strong_1.00__rupture_1__weak_0.25__floor_theoretical__recipient_prediction_tilted,strong_incumbent_veto,pres_2007,sido_48,A,B,0.1550560112006703,0.1830565695612803,0.6837328178902612,1.0,0.1251617841394588,0.0994668855013218,-0.0,0.01,0.0994668855013218,0.0644903902204684,0.008071732299843731,,,,,,,,,,
strong_1.00__rupture_1__weak_0.25__floor_theoretical__recipient_prediction_tilted,strong_incumbent_veto,pres_2007,sido_50,A,B,0.1550560112006703,0.1830565695612803,0.6837328178902612,1.0,0.1251617841394588,0.0,-0.0,0.01,0.0,0.2696919174747736,0.033755121559134356,,,,,,,,,,
strong_1.00__rupture_1__weak_0.25__floor_theoretical__recipient_prediction_tilted,strong_incumbent_veto,pres_2017,sido_11,A,B,0.14222159439442095,0.1258437002381364,1.0,1.0,0.1258437002381364,0.2981507946412702,0.8660254037844386,0.01,0.03994463232341294,0.278981980736011,0.035108124755584114,,,,,,,,,,
strong_1.00__rupture_1__weak_0.25__floor_theoretical__recipient_prediction_tilted,strong_incumbent_veto,pres_2017,sido_26,A,B,0.14222159439442095,0.1258437002381364,1.0,1.0,0.1258437002381364,0.3539560494922693,0.8660254037844386,0.01,0.047421118808782046,0.34186982856956366,0.04302216422697125,,,,,,,,,,
strong_1.00__rupture_1__weak_0.25__floor_theoretical__recipient_prediction_tilted,strong_incumbent_veto,pres_2017,sido_27,A,B,0.14222159439442095,0.1258437002381364,1.0,1.0,0.1258437002381364,0.4618834178563183,0.8660254037844386,0.01,0.06188064440596367,0.4355892243398713,0.05481615977478911,,,,,,,,,,
strong_1.00__rupture_1__weak_0.25__floor_theoretical__recipient_prediction_tilted,strong_incumbent_veto,pres_2017,sido_28,A,B,0.14222159439442095,0.1258437002381364,1.0,1.0,0.1258437002381364,0.2930148075897038,0.8660254037844386,0.01,0.03925654053201098,0.2833909071619301,0.03566296037109948,,,,,,,,,,
strong_1.00__rupture_1__weak_0.25__floor_theoretical__recipient_prediction_tilted,strong_incumbent_veto,pres_2017,sido_29,A,B,0.14222159439442095,0.1258437002381364,1.0,1.0,0.1258437002381364,0.0341806016229801,0.8660254037844386,0.01,0.01,0.045169858892708296,0.005684342182292902,,,,,,,,,,
strong_1.00__rupture_1__weak_0.25__floor_theoretical__recipient_prediction_tilted,strong_incumbent_veto,pres_2017,sido_30,A,B,0.14222159439442095,0.1258437002381364,1.0,1.0,0.1258437002381364,0.2396170369219419,0.8660254037844386,0.01,0.032102595767986436,0.23660045087585338,0.02977467621622881,,,,,,,,,,
strong_1.00__rupture_1__weak_0.25__floor_theoretical__recipient_prediction_tilted,strong_incumbent_veto,pres_2017,sido_31,A,B,0.14222159439442095,0.1258437002381364,1.0,1.0,0.1258437002381364,0.3553353097157836,0.8660254037844386,0.01,0.04760590464030356,0.33924533516110666,0.04269188826520042,,,,,,,,,,
strong_1.00__rupture_1__weak_0.25__floor_theoretical__recipient_prediction_tilted,strong_incumbent_veto,pres_2017,sido_36,A,B,0.14222159439442095,0.1258437002381364,1.0,1.0,0.1258437002381364,0.1724331995485346,0.8660254037844386,0.01,0.023101668283672248,0.20784226494522595,0.02615563968658234,,,,,,,,,,
strong_1.00__rupture_1__weak_0.25__floor_theoretical__recipient_prediction_tilted,strong_incumbent_veto,pres_2017,sido_41,A,B,0.14222159439442095,0.1258437002381364,1.0,1.0,0.1258437002381364,0.2904867750077805,0.8660254037844386,0.01,0.038917848387628025,0.28147637098044914,0.03542202805378212,,,,,,,,,,
strong_1.00__rupture_1__weak_0.25__floor_theoretical__recipient_prediction_tilted,strong_incumbent_veto,pres_2017,sido_42,A,B,0.14222159439442095,0.1258437002381364,1.0,1.0,0.1258437002381364,0.3376440484133232,0.8660254037844386,0.01,0.04523572505076244,0.32486433012568816,0.040882129378400085,,,,,,,,,,
strong_1.00__rupture_1__weak_0.25__floor_theoretical__recipient_prediction_tilted,strong_incumbent_veto,pres_2017,sido_43,A,B,0.14222159439442095,0.1258437002381364,1.0,1.0,0.1258437002381364,0.2911638514975106,0.8660254037844386,0.01,0.03900855943694667,0.282309527506691,0.03552687555392195,,,,,,,,,,
strong_1.00__rupture_1__weak_0.25__floor_theoretical__recipient_prediction_tilted,strong_incumbent_veto,pres_2017,sido_44,A,B,0.14222159439442095,0.1258437002381364,1.0,1.0,0.1258437002381364,0.2550776099850012,0.8660254037844386,0.01,0.03417391980137099,0.2518736676707936,0.03169671433224334,,,,,,,,,,
strong_1.00__rupture_1__weak_0.25__floor_theoretical__recipient_prediction_tilted,strong_incumbent_veto,pres_2017,sido_45,A,B,0.14222159439442095,0.1258437002381364,1.0,1.0,0.1258437002381364,0.0682483484546126,0.8660254037844386,0.01,0.01,0.0835712825862142,0.010516919434296128,,,,,,,,,,
strong_1.00__rupture_1__weak_0.25__floor_theoretical__recipient_prediction_tilted,strong_incumbent_veto,pres_2017,sido_46,A,B,0.14222159439442095,0.1258437002381364,1.0,1.0,0.1258437002381364,0.0438553923470368,0.8660254037844386,0.01,0.01,0.0540606403515208,0.0068031910190784846,,,,,,,,,,
strong_1.00__rupture_1__weak_0.25__floor_theoretical__recipient_prediction_tilted,strong_incumbent_veto,pres_2017,sido_47,A,B,0.14222159439442095,0.1258437002381364,1.0,1.0,0.1258437002381364,0.4863134552896404,0.8660254037844386,0.01,0.06515364880662404,0.4571941982536088,0.05753500963564225,,,,,,,,,,
strong_1.00__rupture_1__weak_0.25__floor_theoretical__recipient_prediction_tilted,strong_incumbent_veto,pres_2017,sido_48,A,B,0.14222159439442095,0.1258437002381364,1.0,1.0,0.1258437002381364,0.3752628188705947,0.8660254037844386,0.01,0.05027568463290128,0.359771080555815,0.04527492401581641,,,,,,,,,,
strong_1.00__rupture_1__weak_0.25__floor_theoretical__recipient_prediction_tilted,strong_incumbent_veto,pres_2017,sido_50,A,B,0.14222159439442095,0.1258437002381364,1.0,1.0,0.1258437002381364,0.2397495310485979,0.8660254037844386,0.01,0.032120346615106106,0.2532836546023457,0.031874152304997266,,,,,,,,,,
strong_1.00__rupture_1__weak_0.25__floor_theoretical__recipient_prediction_tilted,weak_same_lane_refusal,pres_2002,sido_11,,,,,,,,,,,,,0.0126564630269655,C,A|B,0.0172553182802303,theoretical,prediction_tilted,0.01,0.060625852107862005,0.050625852107862,0.25,0.047969389080896506
strong_1.00__rupture_1__weak_0.25__floor_theoretical__recipient_prediction_tilted,weak_same_lane_refusal,pres_2002,sido_26,,,,,,,,,,,,,0.024162884697206,C,A|B,0.039818482004606,theoretical,prediction_tilted,0.01,0.106651538788824,0.096651538788824,0.25,0.082488654091618
strong_1.00__rupture_1__weak_0.25__floor_theoretical__recipient_prediction_tilted,weak_same_lane_refusal,pres_2002,sido_27,,,,,,,,,,,,,0.01043066379455085,C,A|B,0.0058164519761945,theoretical,prediction_tilted,0.01,0.0517226551782034,0.0417226551782034,0.25,0.041291991383652554
strong_1.00__rupture_1__weak_0.25__floor_theoretical__recipient_prediction_tilted,weak_same_lane_refusal,pres_2002,sido_28,,,,,,,,,,,,,0.0132001978635346,C,A|B,0.0255062904560678,theoretical,prediction_tilted,0.01,0.0628007914541384,0.0528007914541384,0.25,0.0496005935906038
strong_1.00__rupture_1__weak_0.25__floor_theoretical__recipient_prediction_tilted,weak_same_lane_refusal,pres_2002,sido_29,,,,,,,,,,,,,0.031175338749889998,C,A|B,0.0779749988731636,theoretical,prediction_tilted,0.01,0.13470135499955999,0.12470135499955999,0.25,0.10352601624966999
strong_1.00__rupture_1__weak_0.25__floor_theoretical__recipient_prediction_tilted,weak_same_lane_refusal,pres_2002,sido_30,,,,,,,,,,,,,0.01635418173881265,C,A|B,0.0189676131685742,theoretical,prediction_tilted,0.01,0.07541672695525059,0.0654167269552506,0.25,0.059062545216437945
strong_1.00__rupture_1__weak_0.25__floor_theoretical__recipient_prediction_tilted,weak_same_lane_refusal,pres_2002,sido_31,,,,,,,,,,,,,0.06135040761748985,C,A|B,0.3115852121639049,theoretical,prediction_tilted,0.01,0.2554016304699594,0.2454016304699594,0.25,0.19405122285246956
strong_1.00__rupture_1__weak_0.25__floor_theoretical__recipient_prediction_tilted,weak_same_lane_refusal,pres_2002,sido_41,,,,,,,,,,,,,0.01205510730682265,C,A|B,0.0208780312728109,theoretical,prediction_tilted,0.01,0.0582204292272906,0.0482204292272906,0.25,0.04616532192046795
strong_1.00__rupture_1__weak_0.25__floor_theoretical__recipient_prediction_tilted,weak_same_lane_refusal,pres_2002,sido_42,,,,,,,,,,,,,0.019111941729852453,C,A|B,0.0200289187580357,theoretical,prediction_tilted,0.01,0.08644776691940981,0.07644776691940981,0.25,0.06733582518955736
strong_1.00__rupture_1__weak_0.25__floor_theoretical__recipient_prediction_tilted,weak_same_lane_refusal,pres_2002,sido_43,,,,,,,,,,,,,0.015826842252004,C,A|B,0.0118716878700329,theoretical,prediction_tilted,0.01,0.073307369008016,0.063307369008016,0.25,0.057480526756012
strong_1.00__rupture_1__weak_0.25__floor_theoretical__recipient_prediction_tilted,weak_same_lane_refusal,pres_2002,sido_44,,,,,,,,,,,,,0.0088510764106933,C,A|B,0.0095463081839152,theoretical,prediction_tilted,0.01,0.0454043056427732,0.0354043056427732,0.25,0.036553229232079903
strong_1.00__rupture_1__weak_0.25__floor_theoretical__recipient_prediction_tilted,weak_same_lane_refusal,pres_2002,sido_45,,,,,,,,,,,,,0.029413815631583146,C,A|B,0.0228231814936564,theoretical,prediction_tilted,0.01,0.12765526252633258,0.11765526252633259,0.25,0.09824144689474944
strong_1.00__rupture_1__weak_0.25__floor_theoretical__recipient_prediction_tilted,weak_same_lane_refusal,pres_2002,sido_46,,,,,,,,,,,,,0.0313838348079597,C,A|B,0.0132624825931937,theoretical,prediction_tilted,0.01,0.1355353392318388,0.1255353392318388,0.25,0.1041515044238791
strong_1.00__rupture_1__weak_0.25__floor_theoretical__recipient_prediction_tilted,weak_same_lane_refusal,pres_2002,sido_47,,,,,,,,,,,,,0.008740285925759999,C,A|B,0.0296959172831779,theoretical,prediction_tilted,0.01,0.044961143703039996,0.034961143703039994,0.25,0.03622085777728
strong_1.00__rupture_1__weak_0.25__floor_theoretical__recipient_prediction_tilted,weak_same_lane_refusal,pres_2002,sido_48,,,,,,,,,,,,,0.019891729857118904,C,A|B,0.0344685791555901,theoretical,prediction_tilted,0.01,0.08956691942847561,0.07956691942847562,0.25,0.06967518957135671
strong_1.00__rupture_1__weak_0.25__floor_theoretical__recipient_prediction_tilted,weak_same_lane_refusal,pres_2002,sido_50,,,,,,,,,,,,,0.03431425244378042,C,A|B,0.0,theoretical,prediction_tilted,0.01,0.14725700977512168,0.13725700977512167,0.25,0.11294275733134126
strong_1.00__rupture_1__weak_0.25__floor_theoretical__recipient_prediction_tilted,weak_same_lane_refusal,pres_2022,sido_11,,,,,,,,,,,,,0.01006224811369895,C,A|B,0.029384832583875,theoretical,prediction_tilted,0.01,0.050248992454795804,0.0402489924547958,0.25,0.040186744341096856
strong_1.00__rupture_1__weak_0.25__floor_theoretical__recipient_prediction_tilted,weak_same_lane_refusal,pres_2022,sido_26,,,,,,,,,,,,,0.0093299859392793,C,A|B,0.0399820977460082,theoretical,prediction_tilted,0.01,0.0473199437571172,0.0373199437571172,0.25,0.0379899578178379
strong_1.00__rupture_1__weak_0.25__floor_theoretical__recipient_prediction_tilted,weak_same_lane_refusal,pres_2022,sido_27,,,,,,,,,,,,,0.006468246249250499,C,A|B,0.0389354436816256,theoretical,prediction_tilted,0.01,0.035872984997002,0.025872984997001996,0.25,0.0294047387477515
strong_1.00__rupture_1__weak_0.25__floor_theoretical__recipient_prediction_tilted,weak_same_lane_refusal,pres_2022,sido_28,,,,,,,,,,,,,0.01085795803133995,C,A|B,0.0485003528440327,theoretical,prediction_tilted,0.01,0.053431832125359804,0.0434318321253598,0.25,0.04257387409401985
strong_1.00__rupture_1__weak_0.25__floor_theoretical__recipient_prediction_tilted,weak_same_lane_refusal,pres_2022,sido_29,,,,,,,,,,,,,0.0186724126166626,C,A|B,0.0876883018010707,theoretical,prediction_tilted,0.01,0.08468965046665039,0.0746896504666504,0.25,0.0660172378499878
strong_1.00__rupture_1__weak_0.25__floor_theoretical__recipient_prediction_tilted,weak_same_lane_refusal,pres_2022,sido_30,,,,,,,,,,,,,0.0100772789220955,C,A|B,0.0287620743601844,theoretical,prediction_tilted,0.01,0.050309115688382,0.040309115688382,0.25,0.0402318367662865
strong_1.00__rupture_1__weak_0.25__floor_theoretical__recipient_prediction_tilted,weak_same_lane_refusal,pres_2022,sido_31,,,,,,,,,,,,,0.0230607747165258,C,A|B,0.176134143020495,theoretical,prediction_tilted,0.01,0.1022430988661032,0.0922430988661032,0.25,0.07918232414957739
strong_1.00__rupture_1__weak_0.25__floor_theoretical__recipient_prediction_tilted,weak_same_lane_refusal,pres_2022,sido_36,,,,,,,,,,,,,0.01244150427285935,C,A|B,0.0509430370441767,theoretical,prediction_tilted,0.01,0.059766017091437404,0.0497660170914374,0.25,0.04732451281857805
strong_1.00__rupture_1__weak_0.25__floor_theoretical__recipient_prediction_tilted,weak_same_lane_refusal,pres_2022,sido_41,,,,,,,,,,,,,0.0086460482882385,C,A|B,0.0359763522960836,theoretical,prediction_tilted,0.01,0.044584193152954005,0.034584193152954,0.25,0.035938144864715506
strong_1.00__rupture_1__weak_0.25__floor_theoretical__recipient_prediction_tilted,weak_same_lane_refusal,pres_2022,sido_42,,,,,,,,,,,,,0.00917858631219465,C,A|B,0.0308172356117518,theoretical,prediction_tilted,0.01,0.0467143452487786,0.0367143452487786,0.25,0.03753575893658395
strong_1.00__rupture_1__weak_0.25__floor_theoretical__recipient_prediction_tilted,weak_same_lane_refusal,pres_2022,sido_43,,,,,,,,,,,,,0.0093335030223671,C,A|B,0.0345580698080987,theoretical,prediction_tilted,0.01,0.0473340120894684,0.0373340120894684,0.25,0.0380005090671013
strong_1.00__rupture_1__weak_0.25__floor_theoretical__recipient_prediction_tilted,weak_same_lane_refusal,pres_2022,sido_44,,,,,,,,,,,,,0.00925577246773285,C,A|B,0.0309340683403439,theoretical,prediction_tilted,0.01,0.0470230898709314,0.0370230898709314,0.25,0.03776731740319855
strong_1.00__rupture_1__weak_0.25__floor_theoretical__recipient_prediction_tilted,weak_same_lane_refusal,pres_2022,sido_45,,,,,,,,,,,,,0.01559903448965525,C,A|B,0.0459485902537228,theoretical,prediction_tilted,0.01,0.072396137958621,0.062396137958621,0.25,0.05679710346896575
strong_1.00__rupture_1__weak_0.25__floor_theoretical__recipient_prediction_tilted,weak_same_lane_refusal,pres_2022,sido_46,,,,,,,,,,,,,0.0154342119010936,C,A|B,0.0592373366011094,theoretical,prediction_tilted,0.01,0.0717368476043744,0.0617368476043744,0.25,0.056302635703280805
strong_1.00__rupture_1__weak_0.25__floor_theoretical__recipient_prediction_tilted,weak_same_lane_refusal,pres_2022,sido_47,,,,,,,,,,,,,0.006354561693840398,C,A|B,0.0343795636905044,theoretical,prediction_tilted,0.01,0.035418246775361595,0.025418246775361593,0.25,0.0290636850815212
strong_1.00__rupture_1__weak_0.25__floor_theoretical__recipient_prediction_tilted,weak_same_lane_refusal,pres_2022,sido_48,,,,,,,,,,,,,0.0131137634517944,C,A|B,0.0766151338961869,theoretical,prediction_tilted,0.01,0.0624550538071776,0.0524550538071776,0.25,0.0493412903553832
strong_1.00__rupture_1__weak_0.25__floor_theoretical__recipient_prediction_tilted,weak_same_lane_refusal,pres_2022,sido_50,,,,,,,,,,,,,0.0159190149267584,C,A|B,0.0503767176193264,theoretical,prediction_tilted,0.01,0.0736760597070336,0.0636760597070336,0.25,0.0577570447802752
strong_1.00__rupture_1__weak_0.25__floor_none__recipient_affinity_only,strong_incumbent_veto,pres_2007,sido_11,A,B,0.1550560112006703,0.1830565695612803,0.6837328178902612,1.0,0.1251617841394588,0.224727422604459,-0.0,0.01,0.224727422604459,0.11575376295856316,0.014487947492749764,,,,,,,,,,
strong_1.00__rupture_1__weak_0.25__floor_none__recipient_affinity_only,strong_incumbent_veto,pres_2007,sido_26,A,B,0.1550560112006703,0.1830565695612803,0.6837328178902612,1.0,0.1251617841394588,0.1230144019232013,-0.0,0.01,0.1230144019232013,0.06769999442714049,0.008473452088732321,,,,,,,,,,
strong_1.00__rupture_1__weak_0.25__floor_none__recipient_affinity_only,strong_incumbent_veto,pres_2007,sido_27,A,B,0.1550560112006703,0.1830565695612803,0.6837328178902612,1.0,0.1251617841394588,0.0533297784427378,-0.0,0.01,0.0533297784427378,0.036548243373766096,0.004574443347823718,,,,,,,,,,
strong_1.00__rupture_1__weak_0.25__floor_none__recipient_affinity_only,strong_incumbent_veto,pres_2007,sido_28,A,B,0.1550560112006703,0.1830565695612803,0.6837328178902612,1.0,0.1251617841394588,0.1882964963574757,-0.0,0.01,0.1882964963574757,0.1253482410577939,0.015688809489536448,,,,,,,,,,
strong_1.00__rupture_1__weak_0.25__floor_none__recipient_affinity_only,strong_incumbent_veto,pres_2007,sido_29,A,B,0.1550560112006703,0.1830565695612803,0.6837328178902612,1.0,0.1251617841394588,0.5063986688693,-0.0,0.01,0.5063986688693,0.24746182449968468,0.030972763460786173,,,,,,,,,,
strong_1.00__rupture_1__weak_0.25__floor_none__recipient_affinity_only,strong_incumbent_veto,pres_2007,sido_30,A,B,0.1550560112006703,0.1830565695612803,0.6837328178902612,1.0,0.1251617841394588,0.1749885957265136,-0.0,0.01,0.1749885957265136,0.1550161062926277,0.019402092433937267,,,,,,,,,,
strong_1.00__rupture_1__weak_0.25__floor_none__recipient_affinity_only,strong_incumbent_veto,pres_2007,sido_31,A,B,0.1550560112006703,0.1830565695612803,0.6837328178902612,1.0,0.1251617841394588,0.0922216716368157,-0.0,0.01,0.0922216716368157,0.0762003677779345,0.00953737398316921,,,,,,,,,,
strong_1.00__rupture_1__weak_0.25__floor_none__recipient_affinity_only,strong_incumbent_veto,pres_2007,sido_41,A,B,0.1550560112006703,0.1830565695612803,0.6837328178902612,1.0,0.1251617841394588,0.1969781637048186,-0.0,0.01,0.1969781637048186,0.12484403173333555,0.015625701750907488,,,,,,,,,,
strong_1.00__rupture_1__weak_0.25__floor_none__recipient_affinity_only,strong_incumbent_veto,pres_2007,sido_42,A,B,0.1550560112006703,0.1830565695612803,0.6837328178902612,1.0,0.1251617841394588,0.1620964538589391,-0.0,0.01,0.1620964538589391,0.0926504884460915,0.011596300435305126,,,,,,,,,,
strong_1.00__rupture_1__weak_0.25__floor_none__recipient_affinity_only,strong_incumbent_veto,pres_2007,sido_43,A,B,0.1550560112006703,0.1830565695612803,0.6837328178902612,1.0,0.1251617841394588,0.1871115693451475,-0.0,0.01,0.1871115693451475,0.1250937284019757,0.015656954231448167,,,,,,,,,,
strong_1.00__rupture_1__weak_0.25__floor_none__recipient_affinity_only,strong_incumbent_veto,pres_2007,sido_44,A,B,0.1550560112006703,0.1830565695612803,0.6837328178902612,1.0,0.1251617841394588,0.1339414116449834,-0.0,0.01,0.1339414116449834,0.1803984259604589,0.0225789888491611,,,,,,,,,,
strong_1.00__rupture_1__weak_0.25__floor_none__recipient_affinity_only,strong_incumbent_veto,pres_2007,sido_45,A,B,0.1550560112006703,0.1830565695612803,0.6837328178902612,1.0,0.1251617841394588,0.5050615589935803,-0.0,0.01,0.5050615589935803,0.2489963619554737,0.03116482890658155,,,,,,,,,,
strong_1.00__rupture_1__weak_0.25__floor_none__recipient_affinity_only,strong_incumbent_veto,pres_2007,sido_46,A,B,0.1550560112006703,0.1830565695612803,0.6837328178902612,1.0,0.1251617841394588,0.5115021109033597,-0.0,0.01,0.5115021109033597,0.2436089090943725,0.03049052569451889,,,,,,,,,,
strong_1.00__rupture_1__weak_0.25__floor_none__recipient_affinity_only,strong_incumbent_veto,pres_2007,sido_47,A,B,0.1550560112006703,0.1830565695612803,0.6837328178902612,1.0,0.1251617841394588,0.0689035077128128,-0.0,0.01,0.0689035077128128,0.03689871266594581,0.004618308709719025,,,,,,,,,,
strong_1.00__rupture_1__weak_0.25__floor_none__recipient_affinity_only,strong_incumbent_veto,pres_2007,sido_48,A,B,0.1550560112006703,0.1830565695612803,0.6837328178902612,1.0,0.1251617841394588,0.0994668855013218,-0.0,0.01,0.0994668855013218,0.0644903902204684,0.008071732299843731,,,,,,,,,,
strong_1.00__rupture_1__weak_0.25__floor_none__recipient_affinity_only,strong_incumbent_veto,pres_2007,sido_50,A,B,0.1550560112006703,0.1830565695612803,0.6837328178902612,1.0,0.1251617841394588,0.0,-0.0,0.01,0.0,0.2696919174747736,0.033755121559134356,,,,,,,,,,
strong_1.00__rupture_1__weak_0.25__floor_none__recipient_affinity_only,strong_incumbent_veto,pres_2017,sido_11,A,B,0.14222159439442095,0.1258437002381364,1.0,1.0,0.1258437002381364,0.2981507946412702,0.8660254037844386,0.01,0.03994463232341294,0.278981980736011,0.035108124755584114,,,,,,,,,,
strong_1.00__rupture_1__weak_0.25__floor_none__recipient_affinity_only,strong_incumbent_veto,pres_2017,sido_26,A,B,0.14222159439442095,0.1258437002381364,1.0,1.0,0.1258437002381364,0.3539560494922693,0.8660254037844386,0.01,0.047421118808782046,0.34186982856956366,0.04302216422697125,,,,,,,,,,
strong_1.00__rupture_1__weak_0.25__floor_none__recipient_affinity_only,strong_incumbent_veto,pres_2017,sido_27,A,B,0.14222159439442095,0.1258437002381364,1.0,1.0,0.1258437002381364,0.4618834178563183,0.8660254037844386,0.01,0.06188064440596367,0.4355892243398713,0.05481615977478911,,,,,,,,,,
strong_1.00__rupture_1__weak_0.25__floor_none__recipient_affinity_only,strong_incumbent_veto,pres_2017,sido_28,A,B,0.14222159439442095,0.1258437002381364,1.0,1.0,0.1258437002381364,0.2930148075897038,0.8660254037844386,0.01,0.03925654053201098,0.2833909071619301,0.03566296037109948,,,,,,,,,,
strong_1.00__rupture_1__weak_0.25__floor_none__recipient_affinity_only,strong_incumbent_veto,pres_2017,sido_29,A,B,0.14222159439442095,0.1258437002381364,1.0,1.0,0.1258437002381364,0.0341806016229801,0.8660254037844386,0.01,0.01,0.045169858892708296,0.005684342182292902,,,,,,,,,,
strong_1.00__rupture_1__weak_0.25__floor_none__recipient_affinity_only,strong_incumbent_veto,pres_2017,sido_30,A,B,0.14222159439442095,0.1258437002381364,1.0,1.0,0.1258437002381364,0.2396170369219419,0.8660254037844386,0.01,0.032102595767986436,0.23660045087585338,0.02977467621622881,,,,,,,,,,
strong_1.00__rupture_1__weak_0.25__floor_none__recipient_affinity_only,strong_incumbent_veto,pres_2017,sido_31,A,B,0.14222159439442095,0.1258437002381364,1.0,1.0,0.1258437002381364,0.3553353097157836,0.8660254037844386,0.01,0.04760590464030356,0.33924533516110666,0.04269188826520042,,,,,,,,,,
strong_1.00__rupture_1__weak_0.25__floor_none__recipient_affinity_only,strong_incumbent_veto,pres_2017,sido_36,A,B,0.14222159439442095,0.1258437002381364,1.0,1.0,0.1258437002381364,0.1724331995485346,0.8660254037844386,0.01,0.023101668283672248,0.20784226494522595,0.02615563968658234,,,,,,,,,,
strong_1.00__rupture_1__weak_0.25__floor_none__recipient_affinity_only,strong_incumbent_veto,pres_2017,sido_41,A,B,0.14222159439442095,0.1258437002381364,1.0,1.0,0.1258437002381364,0.2904867750077805,0.8660254037844386,0.01,0.038917848387628025,0.28147637098044914,0.03542202805378212,,,,,,,,,,
strong_1.00__rupture_1__weak_0.25__floor_none__recipient_affinity_only,strong_incumbent_veto,pres_2017,sido_42,A,B,0.14222159439442095,0.1258437002381364,1.0,1.0,0.1258437002381364,0.3376440484133232,0.8660254037844386,0.01,0.04523572505076244,0.32486433012568816,0.040882129378400085,,,,,,,,,,
strong_1.00__rupture_1__weak_0.25__floor_none__recipient_affinity_only,strong_incumbent_veto,pres_2017,sido_43,A,B,0.14222159439442095,0.1258437002381364,1.0,1.0,0.1258437002381364,0.2911638514975106,0.8660254037844386,0.01,0.03900855943694667,0.282309527506691,0.03552687555392195,,,,,,,,,,
strong_1.00__rupture_1__weak_0.25__floor_none__recipient_affinity_only,strong_incumbent_veto,pres_2017,sido_44,A,B,0.14222159439442095,0.1258437002381364,1.0,1.0,0.1258437002381364,0.2550776099850012,0.8660254037844386,0.01,0.03417391980137099,0.2518736676707936,0.03169671433224334,,,,,,,,,,
strong_1.00__rupture_1__weak_0.25__floor_none__recipient_affinity_only,strong_incumbent_veto,pres_2017,sido_45,A,B,0.14222159439442095,0.1258437002381364,1.0,1.0,0.1258437002381364,0.0682483484546126,0.8660254037844386,0.01,0.01,0.0835712825862142,0.010516919434296128,,,,,,,,,,
strong_1.00__rupture_1__weak_0.25__floor_none__recipient_affinity_only,strong_incumbent_veto,pres_2017,sido_46,A,B,0.14222159439442095,0.1258437002381364,1.0,1.0,0.1258437002381364,0.0438553923470368,0.8660254037844386,0.01,0.01,0.0540606403515208,0.0068031910190784846,,,,,,,,,,
strong_1.00__rupture_1__weak_0.25__floor_none__recipient_affinity_only,strong_incumbent_veto,pres_2017,sido_47,A,B,0.14222159439442095,0.1258437002381364,1.0,1.0,0.1258437002381364,0.4863134552896404,0.8660254037844386,0.01,0.06515364880662404,0.4571941982536088,0.05753500963564225,,,,,,,,,,
strong_1.00__rupture_1__weak_0.25__floor_none__recipient_affinity_only,strong_incumbent_veto,pres_2017,sido_48,A,B,0.14222159439442095,0.1258437002381364,1.0,1.0,0.1258437002381364,0.3752628188705947,0.8660254037844386,0.01,0.05027568463290128,0.359771080555815,0.04527492401581641,,,,,,,,,,
strong_1.00__rupture_1__weak_0.25__floor_none__recipient_affinity_only,strong_incumbent_veto,pres_2017,sido_50,A,B,0.14222159439442095,0.1258437002381364,1.0,1.0,0.1258437002381364,0.2397495310485979,0.8660254037844386,0.01,0.032120346615106106,0.2532836546023457,0.031874152304997266,,,,,,,,,,
strong_1.00__rupture_1__weak_0.25__floor_none__recipient_affinity_only,weak_same_lane_refusal,pres_2002,sido_11,,,,,,,,,,,,,0.015156463026965501,C,A,0.0172553182802303,none,affinity_only,0.0,0.060625852107862005,0.060625852107862005,0.25,0.045469389080896504
strong_1.00__rupture_1__weak_0.25__floor_none__recipient_affinity_only,weak_same_lane_refusal,pres_2002,sido_26,,,,,,,,,,,,,0.026662884697206,C,A,0.039818482004606,none,affinity_only,0.0,0.106651538788824,0.106651538788824,0.25,0.079988654091618
strong_1.00__rupture_1__weak_0.25__floor_none__recipient_affinity_only,weak_same_lane_refusal,pres_2002,sido_27,,,,,,,,,,,,,0.01293066379455085,C,A,0.0058164519761945,none,affinity_only,0.0,0.0517226551782034,0.0517226551782034,0.25,0.03879199138365255
strong_1.00__rupture_1__weak_0.25__floor_none__recipient_affinity_only,weak_same_lane_refusal,pres_2002,sido_28,,,,,,,,,,,,,0.0157001978635346,C,A,0.0255062904560678,none,affinity_only,0.0,0.0628007914541384,0.0628007914541384,0.25,0.0471005935906038
strong_1.00__rupture_1__weak_0.25__floor_none__recipient_affinity_only,weak_same_lane_refusal,pres_2002,sido_29,,,,,,,,,,,,,0.033675338749889996,C,A,0.0779749988731636,none,affinity_only,0.0,0.13470135499955999,0.13470135499955999,0.25,0.10102601624966999
strong_1.00__rupture_1__weak_0.25__floor_none__recipient_affinity_only,weak_same_lane_refusal,pres_2002,sido_30,,,,,,,,,,,,,0.018854181738812648,C,A,0.0189676131685742,none,affinity_only,0.0,0.07541672695525059,0.07541672695525059,0.25,0.05656254521643794
strong_1.00__rupture_1__weak_0.25__floor_none__recipient_affinity_only,weak_same_lane_refusal,pres_2002,sido_31,,,,,,,,,,,,,0.06385040761748985,C,A,0.3115852121639049,none,affinity_only,0.0,0.2554016304699594,0.2554016304699594,0.25,0.19155122285246956
strong_1.00__rupture_1__weak_0.25__floor_none__recipient_affinity_only,weak_same_lane_refusal,pres_2002,sido_41,,,,,,,,,,,,,0.01455510730682265,C,A,0.0208780312728109,none,affinity_only,0.0,0.0582204292272906,0.0582204292272906,0.25,0.04366532192046795
strong_1.00__rupture_1__weak_0.25__floor_none__recipient_affinity_only,weak_same_lane_refusal,pres_2002,sido_42,,,,,,,,,,,,,0.021611941729852452,C,A,0.0200289187580357,none,affinity_only,0.0,0.08644776691940981,0.08644776691940981,0.25,0.06483582518955736
strong_1.00__rupture_1__weak_0.25__floor_none__recipient_affinity_only,weak_same_lane_refusal,pres_2002,sido_43,,,,,,,,,,,,,0.018326842252004,C,A,0.0118716878700329,none,affinity_only,0.0,0.073307369008016,0.073307369008016,0.25,0.054980526756012005
strong_1.00__rupture_1__weak_0.25__floor_none__recipient_affinity_only,weak_same_lane_refusal,pres_2002,sido_44,,,,,,,,,,,,,0.0113510764106933,C,A,0.0095463081839152,none,affinity_only,0.0,0.0454043056427732,0.0454043056427732,0.25,0.0340532292320799
strong_1.00__rupture_1__weak_0.25__floor_none__recipient_affinity_only,weak_same_lane_refusal,pres_2002,sido_45,,,,,,,,,,,,,0.031913815631583145,C,A,0.0228231814936564,none,affinity_only,0.0,0.12765526252633258,0.12765526252633258,0.25,0.09574144689474944
strong_1.00__rupture_1__weak_0.25__floor_none__recipient_affinity_only,weak_same_lane_refusal,pres_2002,sido_46,,,,,,,,,,,,,0.0338838348079597,C,A,0.0132624825931937,none,affinity_only,0.0,0.1355353392318388,0.1355353392318388,0.25,0.1016515044238791
strong_1.00__rupture_1__weak_0.25__floor_none__recipient_affinity_only,weak_same_lane_refusal,pres_2002,sido_47,,,,,,,,,,,,,0.011240285925759999,C,A,0.0296959172831779,none,affinity_only,0.0,0.044961143703039996,0.044961143703039996,0.25,0.03372085777728
strong_1.00__rupture_1__weak_0.25__floor_none__recipient_affinity_only,weak_same_lane_refusal,pres_2002,sido_48,,,,,,,,,,,,,0.022391729857118903,C,A,0.0344685791555901,none,affinity_only,0.0,0.08956691942847561,0.08956691942847561,0.25,0.06717518957135671
strong_1.00__rupture_1__weak_0.25__floor_none__recipient_affinity_only,weak_same_lane_refusal,pres_2002,sido_50,,,,,,,,,,,,,0.03681425244378042,C,A,0.0,none,affinity_only,0.0,0.14725700977512168,0.14725700977512168,0.25,0.11044275733134126
strong_1.00__rupture_1__weak_0.25__floor_none__recipient_affinity_only,weak_same_lane_refusal,pres_2022,sido_11,,,,,,,,,,,,,0.012562248113698951,C,B,0.029384832583875,none,affinity_only,0.0,0.050248992454795804,0.050248992454795804,0.25,0.03768674434109685
strong_1.00__rupture_1__weak_0.25__floor_none__recipient_affinity_only,weak_same_lane_refusal,pres_2022,sido_26,,,,,,,,,,,,,0.0118299859392793,C,B,0.0399820977460082,none,affinity_only,0.0,0.0473199437571172,0.0473199437571172,0.25,0.0354899578178379
strong_1.00__rupture_1__weak_0.25__floor_none__recipient_affinity_only,weak_same_lane_refusal,pres_2022,sido_27,,,,,,,,,,,,,0.0089682462492505,C,B,0.0389354436816256,none,affinity_only,0.0,0.035872984997002,0.035872984997002,0.25,0.026904738747751497
strong_1.00__rupture_1__weak_0.25__floor_none__recipient_affinity_only,weak_same_lane_refusal,pres_2022,sido_28,,,,,,,,,,,,,0.013357958031339951,C,B,0.0485003528440327,none,affinity_only,0.0,0.053431832125359804,0.053431832125359804,0.25,0.04007387409401986
strong_1.00__rupture_1__weak_0.25__floor_none__recipient_affinity_only,weak_same_lane_refusal,pres_2022,sido_29,,,,,,,,,,,,,0.021172412616662598,C,B,0.0876883018010707,none,affinity_only,0.0,0.08468965046665039,0.08468965046665039,0.25,0.06351723784998779
strong_1.00__rupture_1__weak_0.25__floor_none__recipient_affinity_only,weak_same_lane_refusal,pres_2022,sido_30,,,,,,,,,,,,,0.0125772789220955,C,B,0.0287620743601844,none,affinity_only,0.0,0.050309115688382,0.050309115688382,0.25,0.0377318367662865
strong_1.00__rupture_1__weak_0.25__floor_none__recipient_affinity_only,weak_same_lane_refusal,pres_2022,sido_31,,,,,,,,,,,,,0.0255607747165258,C,B,0.176134143020495,none,affinity_only,0.0,0.1022430988661032,0.1022430988661032,0.25,0.0766823241495774
strong_1.00__rupture_1__weak_0.25__floor_none__recipient_affinity_only,weak_same_lane_refusal,pres_2022,sido_36,,,,,,,,,,,,,0.014941504272859351,C,B,0.0509430370441767,none,affinity_only,0.0,0.059766017091437404,0.059766017091437404,0.25,0.04482451281857805
strong_1.00__rupture_1__weak_0.25__floor_none__recipient_affinity_only,weak_same_lane_refusal,pres_2022,sido_41,,,,,,,,,,,,,0.011146048288238501,C,B,0.0359763522960836,none,affinity_only,0.0,0.044584193152954005,0.044584193152954005,0.25,0.033438144864715504
strong_1.00__rupture_1__weak_0.25__floor_none__recipient_affinity_only,weak_same_lane_refusal,pres_2022,sido_42,,,,,,,,,,,,,0.01167858631219465,C,B,0.0308172356117518,none,affinity_only,0.0,0.0467143452487786,0.0467143452487786,0.25,0.03503575893658395
strong_1.00__rupture_1__weak_0.25__floor_none__recipient_affinity_only,weak_same_lane_refusal,pres_2022,sido_43,,,,,,,,,,,,,0.0118335030223671,C,B,0.0345580698080987,none,affinity_only,0.0,0.0473340120894684,0.0473340120894684,0.25,0.035500509067101296
strong_1.00__rupture_1__weak_0.25__floor_none__recipient_affinity_only,weak_same_lane_refusal,pres_2022,sido_44,,,,,,,,,,,,,0.01175577246773285,C,B,0.0309340683403439,none,affinity_only,0.0,0.0470230898709314,0.0470230898709314,0.25,0.03526731740319855
strong_1.00__rupture_1__weak_0.25__floor_none__recipient_affinity_only,weak_same_lane_refusal,pres_2022,sido_45,,,,,,,,,,,,,0.01809903448965525,C,B,0.0459485902537228,none,affinity_only,0.0,0.072396137958621,0.072396137958621,0.25,0.054297103468965754
strong_1.00__rupture_1__weak_0.25__floor_none__recipient_affinity_only,weak_same_lane_refusal,pres_2022,sido_46,,,,,,,,,,,,,0.0179342119010936,C,B,0.0592373366011094,none,affinity_only,0.0,0.0717368476043744,0.0717368476043744,0.25,0.0538026357032808
strong_1.00__rupture_1__weak_0.25__floor_none__recipient_affinity_only,weak_same_lane_refusal,pres_2022,sido_47,,,,,,,,,,,,,0.008854561693840399,C,B,0.0343795636905044,none,affinity_only,0.0,0.035418246775361595,0.035418246775361595,0.25,0.026563685081521196
strong_1.00__rupture_1__weak_0.25__floor_none__recipient_affinity_only,weak_same_lane_refusal,pres_2022,sido_48,,,,,,,,,,,,,0.0156137634517944,C,B,0.0766151338961869,none,affinity_only,0.0,0.0624550538071776,0.0624550538071776,0.25,0.0468412903553832
strong_1.00__rupture_1__weak_0.25__floor_none__recipient_affinity_only,weak_same_lane_refusal,pres_2022,sido_50,,,,,,,,,,,,,0.0184190149267584,C,B,0.0503767176193264,none,affinity_only,0.0,0.0736760597070336,0.0736760597070336,0.25,0.0552570447802752
strong_1.00__rupture_1__weak_0.25__floor_none__recipient_prediction_tilted,strong_incumbent_veto,pres_2007,sido_11,A,B,0.1550560112006703,0.1830565695612803,0.6837328178902612,1.0,0.1251617841394588,0.224727422604459,-0.0,0.01,0.224727422604459,0.11575376295856316,0.014487947492749764,,,,,,,,,,
strong_1.00__rupture_1__weak_0.25__floor_none__recipient_prediction_tilted,strong_incumbent_veto,pres_2007,sido_26,A,B,0.1550560112006703,0.1830565695612803,0.6837328178902612,1.0,0.1251617841394588,0.1230144019232013,-0.0,0.01,0.1230144019232013,0.06769999442714049,0.008473452088732321,,,,,,,,,,
strong_1.00__rupture_1__weak_0.25__floor_none__recipient_prediction_tilted,strong_incumbent_veto,pres_2007,sido_27,A,B,0.1550560112006703,0.1830565695612803,0.6837328178902612,1.0,0.1251617841394588,0.0533297784427378,-0.0,0.01,0.0533297784427378,0.036548243373766096,0.004574443347823718,,,,,,,,,,
strong_1.00__rupture_1__weak_0.25__floor_none__recipient_prediction_tilted,strong_incumbent_veto,pres_2007,sido_28,A,B,0.1550560112006703,0.1830565695612803,0.6837328178902612,1.0,0.1251617841394588,0.1882964963574757,-0.0,0.01,0.1882964963574757,0.1253482410577939,0.015688809489536448,,,,,,,,,,
strong_1.00__rupture_1__weak_0.25__floor_none__recipient_prediction_tilted,strong_incumbent_veto,pres_2007,sido_29,A,B,0.1550560112006703,0.1830565695612803,0.6837328178902612,1.0,0.1251617841394588,0.5063986688693,-0.0,0.01,0.5063986688693,0.24746182449968468,0.030972763460786173,,,,,,,,,,
strong_1.00__rupture_1__weak_0.25__floor_none__recipient_prediction_tilted,strong_incumbent_veto,pres_2007,sido_30,A,B,0.1550560112006703,0.1830565695612803,0.6837328178902612,1.0,0.1251617841394588,0.1749885957265136,-0.0,0.01,0.1749885957265136,0.1550161062926277,0.019402092433937267,,,,,,,,,,
strong_1.00__rupture_1__weak_0.25__floor_none__recipient_prediction_tilted,strong_incumbent_veto,pres_2007,sido_31,A,B,0.1550560112006703,0.1830565695612803,0.6837328178902612,1.0,0.1251617841394588,0.0922216716368157,-0.0,0.01,0.0922216716368157,0.0762003677779345,0.00953737398316921,,,,,,,,,,
strong_1.00__rupture_1__weak_0.25__floor_none__recipient_prediction_tilted,strong_incumbent_veto,pres_2007,sido_41,A,B,0.1550560112006703,0.1830565695612803,0.6837328178902612,1.0,0.1251617841394588,0.1969781637048186,-0.0,0.01,0.1969781637048186,0.12484403173333555,0.015625701750907488,,,,,,,,,,
strong_1.00__rupture_1__weak_0.25__floor_none__recipient_prediction_tilted,strong_incumbent_veto,pres_2007,sido_42,A,B,0.1550560112006703,0.1830565695612803,0.6837328178902612,1.0,0.1251617841394588,0.1620964538589391,-0.0,0.01,0.1620964538589391,0.0926504884460915,0.011596300435305126,,,,,,,,,,
strong_1.00__rupture_1__weak_0.25__floor_none__recipient_prediction_tilted,strong_incumbent_veto,pres_2007,sido_43,A,B,0.1550560112006703,0.1830565695612803,0.6837328178902612,1.0,0.1251617841394588,0.1871115693451475,-0.0,0.01,0.1871115693451475,0.1250937284019757,0.015656954231448167,,,,,,,,,,
strong_1.00__rupture_1__weak_0.25__floor_none__recipient_prediction_tilted,strong_incumbent_veto,pres_2007,sido_44,A,B,0.1550560112006703,0.1830565695612803,0.6837328178902612,1.0,0.1251617841394588,0.1339414116449834,-0.0,0.01,0.1339414116449834,0.1803984259604589,0.0225789888491611,,,,,,,,,,
strong_1.00__rupture_1__weak_0.25__floor_none__recipient_prediction_tilted,strong_incumbent_veto,pres_2007,sido_45,A,B,0.1550560112006703,0.1830565695612803,0.6837328178902612,1.0,0.1251617841394588,0.5050615589935803,-0.0,0.01,0.5050615589935803,0.2489963619554737,0.03116482890658155,,,,,,,,,,
strong_1.00__rupture_1__weak_0.25__floor_none__recipient_prediction_tilted,strong_incumbent_veto,pres_2007,sido_46,A,B,0.1550560112006703,0.1830565695612803,0.6837328178902612,1.0,0.1251617841394588,0.5115021109033597,-0.0,0.01,0.5115021109033597,0.2436089090943725,0.03049052569451889,,,,,,,,,,
strong_1.00__rupture_1__weak_0.25__floor_none__recipient_prediction_tilted,strong_incumbent_veto,pres_2007,sido_47,A,B,0.1550560112006703,0.1830565695612803,0.6837328178902612,1.0,0.1251617841394588,0.0689035077128128,-0.0,0.01,0.0689035077128128,0.03689871266594581,0.004618308709719025,,,,,,,,,,
strong_1.00__rupture_1__weak_0.25__floor_none__recipient_prediction_tilted,strong_incumbent_veto,pres_2007,sido_48,A,B,0.1550560112006703,0.1830565695612803,0.6837328178902612,1.0,0.1251617841394588,0.0994668855013218,-0.0,0.01,0.0994668855013218,0.0644903902204684,0.008071732299843731,,,,,,,,,,
strong_1.00__rupture_1__weak_0.25__floor_none__recipient_prediction_tilted,strong_incumbent_veto,pres_2007,sido_50,A,B,0.1550560112006703,0.1830565695612803,0.6837328178902612,1.0,0.1251617841394588,0.0,-0.0,0.01,0.0,0.2696919174747736,0.033755121559134356,,,,,,,,,,
strong_1.00__rupture_1__weak_0.25__floor_none__recipient_prediction_tilted,strong_incumbent_veto,pres_2017,sido_11,A,B,0.14222159439442095,0.1258437002381364,1.0,1.0,0.1258437002381364,0.2981507946412702,0.8660254037844386,0.01,0.03994463232341294,0.278981980736011,0.035108124755584114,,,,,,,,,,
strong_1.00__rupture_1__weak_0.25__floor_none__recipient_prediction_tilted,strong_incumbent_veto,pres_2017,sido_26,A,B,0.14222159439442095,0.1258437002381364,1.0,1.0,0.1258437002381364,0.3539560494922693,0.8660254037844386,0.01,0.047421118808782046,0.34186982856956366,0.04302216422697125,,,,,,,,,,
strong_1.00__rupture_1__weak_0.25__floor_none__recipient_prediction_tilted,strong_incumbent_veto,pres_2017,sido_27,A,B,0.14222159439442095,0.1258437002381364,1.0,1.0,0.1258437002381364,0.4618834178563183,0.8660254037844386,0.01,0.06188064440596367,0.4355892243398713,0.05481615977478911,,,,,,,,,,
strong_1.00__rupture_1__weak_0.25__floor_none__recipient_prediction_tilted,strong_incumbent_veto,pres_2017,sido_28,A,B,0.14222159439442095,0.1258437002381364,1.0,1.0,0.1258437002381364,0.2930148075897038,0.8660254037844386,0.01,0.03925654053201098,0.2833909071619301,0.03566296037109948,,,,,,,,,,
strong_1.00__rupture_1__weak_0.25__floor_none__recipient_prediction_tilted,strong_incumbent_veto,pres_2017,sido_29,A,B,0.14222159439442095,0.1258437002381364,1.0,1.0,0.1258437002381364,0.0341806016229801,0.8660254037844386,0.01,0.01,0.045169858892708296,0.005684342182292902,,,,,,,,,,
strong_1.00__rupture_1__weak_0.25__floor_none__recipient_prediction_tilted,strong_incumbent_veto,pres_2017,sido_30,A,B,0.14222159439442095,0.1258437002381364,1.0,1.0,0.1258437002381364,0.2396170369219419,0.8660254037844386,0.01,0.032102595767986436,0.23660045087585338,0.02977467621622881,,,,,,,,,,
strong_1.00__rupture_1__weak_0.25__floor_none__recipient_prediction_tilted,strong_incumbent_veto,pres_2017,sido_31,A,B,0.14222159439442095,0.1258437002381364,1.0,1.0,0.1258437002381364,0.3553353097157836,0.8660254037844386,0.01,0.04760590464030356,0.33924533516110666,0.04269188826520042,,,,,,,,,,
strong_1.00__rupture_1__weak_0.25__floor_none__recipient_prediction_tilted,strong_incumbent_veto,pres_2017,sido_36,A,B,0.14222159439442095,0.1258437002381364,1.0,1.0,0.1258437002381364,0.1724331995485346,0.8660254037844386,0.01,0.023101668283672248,0.20784226494522595,0.02615563968658234,,,,,,,,,,
strong_1.00__rupture_1__weak_0.25__floor_none__recipient_prediction_tilted,strong_incumbent_veto,pres_2017,sido_41,A,B,0.14222159439442095,0.1258437002381364,1.0,1.0,0.1258437002381364,0.2904867750077805,0.8660254037844386,0.01,0.038917848387628025,0.28147637098044914,0.03542202805378212,,,,,,,,,,
strong_1.00__rupture_1__weak_0.25__floor_none__recipient_prediction_tilted,strong_incumbent_veto,pres_2017,sido_42,A,B,0.14222159439442095,0.1258437002381364,1.0,1.0,0.1258437002381364,0.3376440484133232,0.8660254037844386,0.01,0.04523572505076244,0.32486433012568816,0.040882129378400085,,,,,,,,,,
strong_1.00__rupture_1__weak_0.25__floor_none__recipient_prediction_tilted,strong_incumbent_veto,pres_2017,sido_43,A,B,0.14222159439442095,0.1258437002381364,1.0,1.0,0.1258437002381364,0.2911638514975106,0.8660254037844386,0.01,0.03900855943694667,0.282309527506691,0.03552687555392195,,,,,,,,,,
strong_1.00__rupture_1__weak_0.25__floor_none__recipient_prediction_tilted,strong_incumbent_veto,pres_2017,sido_44,A,B,0.14222159439442095,0.1258437002381364,1.0,1.0,0.1258437002381364,0.2550776099850012,0.8660254037844386,0.01,0.03417391980137099,0.2518736676707936,0.03169671433224334,,,,,,,,,,
strong_1.00__rupture_1__weak_0.25__floor_none__recipient_prediction_tilted,strong_incumbent_veto,pres_2017,sido_45,A,B,0.14222159439442095,0.1258437002381364,1.0,1.0,0.1258437002381364,0.0682483484546126,0.8660254037844386,0.01,0.01,0.0835712825862142,0.010516919434296128,,,,,,,,,,
strong_1.00__rupture_1__weak_0.25__floor_none__recipient_prediction_tilted,strong_incumbent_veto,pres_2017,sido_46,A,B,0.14222159439442095,0.1258437002381364,1.0,1.0,0.1258437002381364,0.0438553923470368,0.8660254037844386,0.01,0.01,0.0540606403515208,0.0068031910190784846,,,,,,,,,,
strong_1.00__rupture_1__weak_0.25__floor_none__recipient_prediction_tilted,strong_incumbent_veto,pres_2017,sido_47,A,B,0.14222159439442095,0.1258437002381364,1.0,1.0,0.1258437002381364,0.4863134552896404,0.8660254037844386,0.01,0.06515364880662404,0.4571941982536088,0.05753500963564225,,,,,,,,,,
strong_1.00__rupture_1__weak_0.25__floor_none__recipient_prediction_tilted,strong_incumbent_veto,pres_2017,sido_48,A,B,0.14222159439442095,0.1258437002381364,1.0,1.0,0.1258437002381364,0.3752628188705947,0.8660254037844386,0.01,0.05027568463290128,0.359771080555815,0.04527492401581641,,,,,,,,,,
strong_1.00__rupture_1__weak_0.25__floor_none__recipient_prediction_tilted,strong_incumbent_veto,pres_2017,sido_50,A,B,0.14222159439442095,0.1258437002381364,1.0,1.0,0.1258437002381364,0.2397495310485979,0.8660254037844386,0.01,0.032120346615106106,0.2532836546023457,0.031874152304997266,,,,,,,,,,
strong_1.00__rupture_1__weak_0.25__floor_none__recipient_prediction_tilted,weak_same_lane_refusal,pres_2002,sido_11,,,,,,,,,,,,,0.015156463026965501,C,A|B,0.0172553182802303,none,prediction_tilted,0.0,0.060625852107862005,0.060625852107862005,0.25,0.045469389080896504
strong_1.00__rupture_1__weak_0.25__floor_none__recipient_prediction_tilted,weak_same_lane_refusal,pres_2002,sido_26,,,,,,,,,,,,,0.026662884697206,C,A|B,0.039818482004606,none,prediction_tilted,0.0,0.106651538788824,0.106651538788824,0.25,0.079988654091618
strong_1.00__rupture_1__weak_0.25__floor_none__recipient_prediction_tilted,weak_same_lane_refusal,pres_2002,sido_27,,,,,,,,,,,,,0.01293066379455085,C,A|B,0.0058164519761945,none,prediction_tilted,0.0,0.0517226551782034,0.0517226551782034,0.25,0.03879199138365255
strong_1.00__rupture_1__weak_0.25__floor_none__recipient_prediction_tilted,weak_same_lane_refusal,pres_2002,sido_28,,,,,,,,,,,,,0.0157001978635346,C,A|B,0.0255062904560678,none,prediction_tilted,0.0,0.0628007914541384,0.0628007914541384,0.25,0.0471005935906038
strong_1.00__rupture_1__weak_0.25__floor_none__recipient_prediction_tilted,weak_same_lane_refusal,pres_2002,sido_29,,,,,,,,,,,,,0.033675338749889996,C,A|B,0.0779749988731636,none,prediction_tilted,0.0,0.13470135499955999,0.13470135499955999,0.25,0.10102601624966999
strong_1.00__rupture_1__weak_0.25__floor_none__recipient_prediction_tilted,weak_same_lane_refusal,pres_2002,sido_30,,,,,,,,,,,,,0.018854181738812648,C,A|B,0.0189676131685742,none,prediction_tilted,0.0,0.07541672695525059,0.07541672695525059,0.25,0.05656254521643794
strong_1.00__rupture_1__weak_0.25__floor_none__recipient_prediction_tilted,weak_same_lane_refusal,pres_2002,sido_31,,,,,,,,,,,,,0.06385040761748985,C,A|B,0.3115852121639049,none,prediction_tilted,0.0,0.2554016304699594,0.2554016304699594,0.25,0.19155122285246956
strong_1.00__rupture_1__weak_0.25__floor_none__recipient_prediction_tilted,weak_same_lane_refusal,pres_2002,sido_41,,,,,,,,,,,,,0.01455510730682265,C,A|B,0.0208780312728109,none,prediction_tilted,0.0,0.0582204292272906,0.0582204292272906,0.25,0.04366532192046795
strong_1.00__rupture_1__weak_0.25__floor_none__recipient_prediction_tilted,weak_same_lane_refusal,pres_2002,sido_42,,,,,,,,,,,,,0.021611941729852452,C,A|B,0.0200289187580357,none,prediction_tilted,0.0,0.08644776691940981,0.08644776691940981,0.25,0.06483582518955736
strong_1.00__rupture_1__weak_0.25__floor_none__recipient_prediction_tilted,weak_same_lane_refusal,pres_2002,sido_43,,,,,,,,,,,,,0.018326842252004,C,A|B,0.0118716878700329,none,prediction_tilted,0.0,0.073307369008016,0.073307369008016,0.25,0.054980526756012005
strong_1.00__rupture_1__weak_0.25__floor_none__recipient_prediction_tilted,weak_same_lane_refusal,pres_2002,sido_44,,,,,,,,,,,,,0.0113510764106933,C,A|B,0.0095463081839152,none,prediction_tilted,0.0,0.0454043056427732,0.0454043056427732,0.25,0.0340532292320799
strong_1.00__rupture_1__weak_0.25__floor_none__recipient_prediction_tilted,weak_same_lane_refusal,pres_2002,sido_45,,,,,,,,,,,,,0.031913815631583145,C,A|B,0.0228231814936564,none,prediction_tilted,0.0,0.12765526252633258,0.12765526252633258,0.25,0.09574144689474944
strong_1.00__rupture_1__weak_0.25__floor_none__recipient_prediction_tilted,weak_same_lane_refusal,pres_2002,sido_46,,,,,,,,,,,,,0.0338838348079597,C,A|B,0.0132624825931937,none,prediction_tilted,0.0,0.1355353392318388,0.1355353392318388,0.25,0.1016515044238791
strong_1.00__rupture_1__weak_0.25__floor_none__recipient_prediction_tilted,weak_same_lane_refusal,pres_2002,sido_47,,,,,,,,,,,,,0.011240285925759999,C,A|B,0.0296959172831779,none,prediction_tilted,0.0,0.044961143703039996,0.044961143703039996,0.25,0.03372085777728
strong_1.00__rupture_1__weak_0.25__floor_none__recipient_prediction_tilted,weak_same_lane_refusal,pres_2002,sido_48,,,,,,,,,,,,,0.022391729857118903,C,A|B,0.0344685791555901,none,prediction_tilted,0.0,0.08956691942847561,0.08956691942847561,0.25,0.06717518957135671
strong_1.00__rupture_1__weak_0.25__floor_none__recipient_prediction_tilted,weak_same_lane_refusal,pres_2002,sido_50,,,,,,,,,,,,,0.03681425244378042,C,A|B,0.0,none,prediction_tilted,0.0,0.14725700977512168,0.14725700977512168,0.25,0.11044275733134126
strong_1.00__rupture_1__weak_0.25__floor_none__recipient_prediction_tilted,weak_same_lane_refusal,pres_2022,sido_11,,,,,,,,,,,,,0.012562248113698951,C,A|B,0.029384832583875,none,prediction_tilted,0.0,0.050248992454795804,0.050248992454795804,0.25,0.03768674434109685
strong_1.00__rupture_1__weak_0.25__floor_none__recipient_prediction_tilted,weak_same_lane_refusal,pres_2022,sido_26,,,,,,,,,,,,,0.0118299859392793,C,A|B,0.0399820977460082,none,prediction_tilted,0.0,0.0473199437571172,0.0473199437571172,0.25,0.0354899578178379
strong_1.00__rupture_1__weak_0.25__floor_none__recipient_prediction_tilted,weak_same_lane_refusal,pres_2022,sido_27,,,,,,,,,,,,,0.0089682462492505,C,A|B,0.0389354436816256,none,prediction_tilted,0.0,0.035872984997002,0.035872984997002,0.25,0.026904738747751497
strong_1.00__rupture_1__weak_0.25__floor_none__recipient_prediction_tilted,weak_same_lane_refusal,pres_2022,sido_28,,,,,,,,,,,,,0.013357958031339951,C,A|B,0.0485003528440327,none,prediction_tilted,0.0,0.053431832125359804,0.053431832125359804,0.25,0.04007387409401986
strong_1.00__rupture_1__weak_0.25__floor_none__recipient_prediction_tilted,weak_same_lane_refusal,pres_2022,sido_29,,,,,,,,,,,,,0.021172412616662598,C,A|B,0.0876883018010707,none,prediction_tilted,0.0,0.08468965046665039,0.08468965046665039,0.25,0.06351723784998779
strong_1.00__rupture_1__weak_0.25__floor_none__recipient_prediction_tilted,weak_same_lane_refusal,pres_2022,sido_30,,,,,,,,,,,,,0.0125772789220955,C,A|B,0.0287620743601844,none,prediction_tilted,0.0,0.050309115688382,0.050309115688382,0.25,0.0377318367662865
strong_1.00__rupture_1__weak_0.25__floor_none__recipient_prediction_tilted,weak_same_lane_refusal,pres_2022,sido_31,,,,,,,,,,,,,0.0255607747165258,C,A|B,0.176134143020495,none,prediction_tilted,0.0,0.1022430988661032,0.1022430988661032,0.25,0.0766823241495774
strong_1.00__rupture_1__weak_0.25__floor_none__recipient_prediction_tilted,weak_same_lane_refusal,pres_2022,sido_36,,,,,,,,,,,,,0.014941504272859351,C,A|B,0.0509430370441767,none,prediction_tilted,0.0,0.059766017091437404,0.059766017091437404,0.25,0.04482451281857805
strong_1.00__rupture_1__weak_0.25__floor_none__recipient_prediction_tilted,weak_same_lane_refusal,pres_2022,sido_41,,,,,,,,,,,,,0.011146048288238501,C,A|B,0.0359763522960836,none,prediction_tilted,0.0,0.044584193152954005,0.044584193152954005,0.25,0.033438144864715504
strong_1.00__rupture_1__weak_0.25__floor_none__recipient_prediction_tilted,weak_same_lane_refusal,pres_2022,sido_42,,,,,,,,,,,,,0.01167858631219465,C,A|B,0.0308172356117518,none,prediction_tilted,0.0,0.0467143452487786,0.0467143452487786,0.25,0.03503575893658395
strong_1.00__rupture_1__weak_0.25__floor_none__recipient_prediction_tilted,weak_same_lane_refusal,pres_2022,sido_43,,,,,,,,,,,,,0.0118335030223671,C,A|B,0.0345580698080987,none,prediction_tilted,0.0,0.0473340120894684,0.0473340120894684,0.25,0.035500509067101296
strong_1.00__rupture_1__weak_0.25__floor_none__recipient_prediction_tilted,weak_same_lane_refusal,pres_2022,sido_44,,,,,,,,,,,,,0.01175577246773285,C,A|B,0.0309340683403439,none,prediction_tilted,0.0,0.0470230898709314,0.0470230898709314,0.25,0.03526731740319855
strong_1.00__rupture_1__weak_0.25__floor_none__recipient_prediction_tilted,weak_same_lane_refusal,pres_2022,sido_45,,,,,,,,,,,,,0.01809903448965525,C,A|B,0.0459485902537228,none,prediction_tilted,0.0,0.072396137958621,0.072396137958621,0.25,0.054297103468965754
strong_1.00__rupture_1__weak_0.25__floor_none__recipient_prediction_tilted,weak_same_lane_refusal,pres_2022,sido_46,,,,,,,,,,,,,0.0179342119010936,C,A|B,0.0592373366011094,none,prediction_tilted,0.0,0.0717368476043744,0.0717368476043744,0.25,0.0538026357032808
strong_1.00__rupture_1__weak_0.25__floor_none__recipient_prediction_tilted,weak_same_lane_refusal,pres_2022,sido_47,,,,,,,,,,,,,0.008854561693840399,C,A|B,0.0343795636905044,none,prediction_tilted,0.0,0.035418246775361595,0.035418246775361595,0.25,0.026563685081521196
strong_1.00__rupture_1__weak_0.25__floor_none__recipient_prediction_tilted,weak_same_lane_refusal,pres_2022,sido_48,,,,,,,,,,,,,0.0156137634517944,C,A|B,0.0766151338961869,none,prediction_tilted,0.0,0.0624550538071776,0.0624550538071776,0.25,0.0468412903553832
strong_1.00__rupture_1__weak_0.25__floor_none__recipient_prediction_tilted,weak_same_lane_refusal,pres_2022,sido_50,,,,,,,,,,,,,0.0184190149267584,C,A|B,0.0503767176193264,none,prediction_tilted,0.0,0.0736760597070336,0.0736760597070336,0.25,0.0552570447802752
strong_1.00__rupture_1__weak_0.50__floor_candidate_ballot__recipient_affinity_only,strong_incumbent_veto,pres_2007,sido_11,A,B,0.1550560112006703,0.1830565695612803,0.6837328178902612,1.0,0.1251617841394588,0.224727422604459,-0.0,0.01,0.224727422604459,0.11575376295856316,0.014487947492749764,,,,,,,,,,
strong_1.00__rupture_1__weak_0.50__floor_candidate_ballot__recipient_affinity_only,strong_incumbent_veto,pres_2007,sido_26,A,B,0.1550560112006703,0.1830565695612803,0.6837328178902612,1.0,0.1251617841394588,0.1230144019232013,-0.0,0.01,0.1230144019232013,0.06769999442714049,0.008473452088732321,,,,,,,,,,
strong_1.00__rupture_1__weak_0.50__floor_candidate_ballot__recipient_affinity_only,strong_incumbent_veto,pres_2007,sido_27,A,B,0.1550560112006703,0.1830565695612803,0.6837328178902612,1.0,0.1251617841394588,0.0533297784427378,-0.0,0.01,0.0533297784427378,0.036548243373766096,0.004574443347823718,,,,,,,,,,
strong_1.00__rupture_1__weak_0.50__floor_candidate_ballot__recipient_affinity_only,strong_incumbent_veto,pres_2007,sido_28,A,B,0.1550560112006703,0.1830565695612803,0.6837328178902612,1.0,0.1251617841394588,0.1882964963574757,-0.0,0.01,0.1882964963574757,0.1253482410577939,0.015688809489536448,,,,,,,,,,
strong_1.00__rupture_1__weak_0.50__floor_candidate_ballot__recipient_affinity_only,strong_incumbent_veto,pres_2007,sido_29,A,B,0.1550560112006703,0.1830565695612803,0.6837328178902612,1.0,0.1251617841394588,0.5063986688693,-0.0,0.01,0.5063986688693,0.24746182449968468,0.030972763460786173,,,,,,,,,,
strong_1.00__rupture_1__weak_0.50__floor_candidate_ballot__recipient_affinity_only,strong_incumbent_veto,pres_2007,sido_30,A,B,0.1550560112006703,0.1830565695612803,0.6837328178902612,1.0,0.1251617841394588,0.1749885957265136,-0.0,0.01,0.1749885957265136,0.1550161062926277,0.019402092433937267,,,,,,,,,,
strong_1.00__rupture_1__weak_0.50__floor_candidate_ballot__recipient_affinity_only,strong_incumbent_veto,pres_2007,sido_31,A,B,0.1550560112006703,0.1830565695612803,0.6837328178902612,1.0,0.1251617841394588,0.0922216716368157,-0.0,0.01,0.0922216716368157,0.0762003677779345,0.00953737398316921,,,,,,,,,,
strong_1.00__rupture_1__weak_0.50__floor_candidate_ballot__recipient_affinity_only,strong_incumbent_veto,pres_2007,sido_41,A,B,0.1550560112006703,0.1830565695612803,0.6837328178902612,1.0,0.1251617841394588,0.1969781637048186,-0.0,0.01,0.1969781637048186,0.12484403173333555,0.015625701750907488,,,,,,,,,,
strong_1.00__rupture_1__weak_0.50__floor_candidate_ballot__recipient_affinity_only,strong_incumbent_veto,pres_2007,sido_42,A,B,0.1550560112006703,0.1830565695612803,0.6837328178902612,1.0,0.1251617841394588,0.1620964538589391,-0.0,0.01,0.1620964538589391,0.0926504884460915,0.011596300435305126,,,,,,,,,,
strong_1.00__rupture_1__weak_0.50__floor_candidate_ballot__recipient_affinity_only,strong_incumbent_veto,pres_2007,sido_43,A,B,0.1550560112006703,0.1830565695612803,0.6837328178902612,1.0,0.1251617841394588,0.1871115693451475,-0.0,0.01,0.1871115693451475,0.1250937284019757,0.015656954231448167,,,,,,,,,,
strong_1.00__rupture_1__weak_0.50__floor_candidate_ballot__recipient_affinity_only,strong_incumbent_veto,pres_2007,sido_44,A,B,0.1550560112006703,0.1830565695612803,0.6837328178902612,1.0,0.1251617841394588,0.1339414116449834,-0.0,0.01,0.1339414116449834,0.1803984259604589,0.0225789888491611,,,,,,,,,,
strong_1.00__rupture_1__weak_0.50__floor_candidate_ballot__recipient_affinity_only,strong_incumbent_veto,pres_2007,sido_45,A,B,0.1550560112006703,0.1830565695612803,0.6837328178902612,1.0,0.1251617841394588,0.5050615589935803,-0.0,0.01,0.5050615589935803,0.2489963619554737,0.03116482890658155,,,,,,,,,,
strong_1.00__rupture_1__weak_0.50__floor_candidate_ballot__recipient_affinity_only,strong_incumbent_veto,pres_2007,sido_46,A,B,0.1550560112006703,0.1830565695612803,0.6837328178902612,1.0,0.1251617841394588,0.5115021109033597,-0.0,0.01,0.5115021109033597,0.2436089090943725,0.03049052569451889,,,,,,,,,,
strong_1.00__rupture_1__weak_0.50__floor_candidate_ballot__recipient_affinity_only,strong_incumbent_veto,pres_2007,sido_47,A,B,0.1550560112006703,0.1830565695612803,0.6837328178902612,1.0,0.1251617841394588,0.0689035077128128,-0.0,0.01,0.0689035077128128,0.03689871266594581,0.004618308709719025,,,,,,,,,,
strong_1.00__rupture_1__weak_0.50__floor_candidate_ballot__recipient_affinity_only,strong_incumbent_veto,pres_2007,sido_48,A,B,0.1550560112006703,0.1830565695612803,0.6837328178902612,1.0,0.1251617841394588,0.0994668855013218,-0.0,0.01,0.0994668855013218,0.0644903902204684,0.008071732299843731,,,,,,,,,,
strong_1.00__rupture_1__weak_0.50__floor_candidate_ballot__recipient_affinity_only,strong_incumbent_veto,pres_2007,sido_50,A,B,0.1550560112006703,0.1830565695612803,0.6837328178902612,1.0,0.1251617841394588,0.0,-0.0,0.01,0.0,0.2696919174747736,0.033755121559134356,,,,,,,,,,
strong_1.00__rupture_1__weak_0.50__floor_candidate_ballot__recipient_affinity_only,strong_incumbent_veto,pres_2017,sido_11,A,B,0.14222159439442095,0.1258437002381364,1.0,1.0,0.1258437002381364,0.2981507946412702,0.8660254037844386,0.01,0.03994463232341294,0.278981980736011,0.035108124755584114,,,,,,,,,,
strong_1.00__rupture_1__weak_0.50__floor_candidate_ballot__recipient_affinity_only,strong_incumbent_veto,pres_2017,sido_26,A,B,0.14222159439442095,0.1258437002381364,1.0,1.0,0.1258437002381364,0.3539560494922693,0.8660254037844386,0.01,0.047421118808782046,0.34186982856956366,0.04302216422697125,,,,,,,,,,
strong_1.00__rupture_1__weak_0.50__floor_candidate_ballot__recipient_affinity_only,strong_incumbent_veto,pres_2017,sido_27,A,B,0.14222159439442095,0.1258437002381364,1.0,1.0,0.1258437002381364,0.4618834178563183,0.8660254037844386,0.01,0.06188064440596367,0.4355892243398713,0.05481615977478911,,,,,,,,,,
strong_1.00__rupture_1__weak_0.50__floor_candidate_ballot__recipient_affinity_only,strong_incumbent_veto,pres_2017,sido_28,A,B,0.14222159439442095,0.1258437002381364,1.0,1.0,0.1258437002381364,0.2930148075897038,0.8660254037844386,0.01,0.03925654053201098,0.2833909071619301,0.03566296037109948,,,,,,,,,,
strong_1.00__rupture_1__weak_0.50__floor_candidate_ballot__recipient_affinity_only,strong_incumbent_veto,pres_2017,sido_29,A,B,0.14222159439442095,0.1258437002381364,1.0,1.0,0.1258437002381364,0.0341806016229801,0.8660254037844386,0.01,0.01,0.045169858892708296,0.005684342182292902,,,,,,,,,,
strong_1.00__rupture_1__weak_0.50__floor_candidate_ballot__recipient_affinity_only,strong_incumbent_veto,pres_2017,sido_30,A,B,0.14222159439442095,0.1258437002381364,1.0,1.0,0.1258437002381364,0.2396170369219419,0.8660254037844386,0.01,0.032102595767986436,0.23660045087585338,0.02977467621622881,,,,,,,,,,
strong_1.00__rupture_1__weak_0.50__floor_candidate_ballot__recipient_affinity_only,strong_incumbent_veto,pres_2017,sido_31,A,B,0.14222159439442095,0.1258437002381364,1.0,1.0,0.1258437002381364,0.3553353097157836,0.8660254037844386,0.01,0.04760590464030356,0.33924533516110666,0.04269188826520042,,,,,,,,,,
strong_1.00__rupture_1__weak_0.50__floor_candidate_ballot__recipient_affinity_only,strong_incumbent_veto,pres_2017,sido_36,A,B,0.14222159439442095,0.1258437002381364,1.0,1.0,0.1258437002381364,0.1724331995485346,0.8660254037844386,0.01,0.023101668283672248,0.20784226494522595,0.02615563968658234,,,,,,,,,,
strong_1.00__rupture_1__weak_0.50__floor_candidate_ballot__recipient_affinity_only,strong_incumbent_veto,pres_2017,sido_41,A,B,0.14222159439442095,0.1258437002381364,1.0,1.0,0.1258437002381364,0.2904867750077805,0.8660254037844386,0.01,0.038917848387628025,0.28147637098044914,0.03542202805378212,,,,,,,,,,
strong_1.00__rupture_1__weak_0.50__floor_candidate_ballot__recipient_affinity_only,strong_incumbent_veto,pres_2017,sido_42,A,B,0.14222159439442095,0.1258437002381364,1.0,1.0,0.1258437002381364,0.3376440484133232,0.8660254037844386,0.01,0.04523572505076244,0.32486433012568816,0.040882129378400085,,,,,,,,,,
strong_1.00__rupture_1__weak_0.50__floor_candidate_ballot__recipient_affinity_only,strong_incumbent_veto,pres_2017,sido_43,A,B,0.14222159439442095,0.1258437002381364,1.0,1.0,0.1258437002381364,0.2911638514975106,0.8660254037844386,0.01,0.03900855943694667,0.282309527506691,0.03552687555392195,,,,,,,,,,
strong_1.00__rupture_1__weak_0.50__floor_candidate_ballot__recipient_affinity_only,strong_incumbent_veto,pres_2017,sido_44,A,B,0.14222159439442095,0.1258437002381364,1.0,1.0,0.1258437002381364,0.2550776099850012,0.8660254037844386,0.01,0.03417391980137099,0.2518736676707936,0.03169671433224334,,,,,,,,,,
strong_1.00__rupture_1__weak_0.50__floor_candidate_ballot__recipient_affinity_only,strong_incumbent_veto,pres_2017,sido_45,A,B,0.14222159439442095,0.1258437002381364,1.0,1.0,0.1258437002381364,0.0682483484546126,0.8660254037844386,0.01,0.01,0.0835712825862142,0.010516919434296128,,,,,,,,,,
strong_1.00__rupture_1__weak_0.50__floor_candidate_ballot__recipient_affinity_only,strong_incumbent_veto,pres_2017,sido_46,A,B,0.14222159439442095,0.1258437002381364,1.0,1.0,0.1258437002381364,0.0438553923470368,0.8660254037844386,0.01,0.01,0.0540606403515208,0.0068031910190784846,,,,,,,,,,
strong_1.00__rupture_1__weak_0.50__floor_candidate_ballot__recipient_affinity_only,strong_incumbent_veto,pres_2017,sido_47,A,B,0.14222159439442095,0.1258437002381364,1.0,1.0,0.1258437002381364,0.4863134552896404,0.8660254037844386,0.01,0.06515364880662404,0.4571941982536088,0.05753500963564225,,,,,,,,,,
strong_1.00__rupture_1__weak_0.50__floor_candidate_ballot__recipient_affinity_only,strong_incumbent_veto,pres_2017,sido_48,A,B,0.14222159439442095,0.1258437002381364,1.0,1.0,0.1258437002381364,0.3752628188705947,0.8660254037844386,0.01,0.05027568463290128,0.359771080555815,0.04527492401581641,,,,,,,,,,
strong_1.00__rupture_1__weak_0.50__floor_candidate_ballot__recipient_affinity_only,strong_incumbent_veto,pres_2017,sido_50,A,B,0.14222159439442095,0.1258437002381364,1.0,1.0,0.1258437002381364,0.2397495310485979,0.8660254037844386,0.01,0.032120346615106106,0.2532836546023457,0.031874152304997266,,,,,,,,,,
strong_1.00__rupture_1__weak_0.50__floor_candidate_ballot__recipient_affinity_only,weak_same_lane_refusal,pres_2002,sido_11,,,,,,,,,,,,,0.02168526691381585,C,A,0.0172553182802303,candidate_ballot,affinity_only,0.0172553182802303,0.060625852107862005,0.0433705338276317,0.5,0.038940585194046154
strong_1.00__rupture_1__weak_0.50__floor_candidate_ballot__recipient_affinity_only,weak_same_lane_refusal,pres_2002,sido_26,,,,,,,,,,,,,0.033416528392109,C,A,0.039818482004606,candidate_ballot,affinity_only,0.039818482004606,0.106651538788824,0.066833056784218,0.5,0.073235010396715
strong_1.00__rupture_1__weak_0.50__floor_candidate_ballot__recipient_affinity_only,weak_same_lane_refusal,pres_2002,sido_27,,,,,,,,,,,,,0.02295310160100445,C,A,0.0058164519761945,candidate_ballot,affinity_only,0.0058164519761945,0.0517226551782034,0.0459062032020089,0.5,0.02876955357719895
strong_1.00__rupture_1__weak_0.50__floor_candidate_ballot__recipient_affinity_only,weak_same_lane_refusal,pres_2002,sido_28,,,,,,,,,,,,,0.018647250499035303,C,A,0.0255062904560678,candidate_ballot,affinity_only,0.0255062904560678,0.0628007914541384,0.03729450099807061,0.5,0.0441535409551031
strong_1.00__rupture_1__weak_0.50__floor_candidate_ballot__recipient_affinity_only,weak_same_lane_refusal,pres_2002,sido_29,,,,,,,,,,,,,0.028363178063198193,C,A,0.0779749988731636,candidate_ballot,affinity_only,0.0779749988731636,0.13470135499955999,0.056726356126396385,0.5,0.1063381769363618
strong_1.00__rupture_1__weak_0.50__floor_candidate_ballot__recipient_affinity_only,weak_same_lane_refusal,pres_2002,sido_30,,,,,,,,,,,,,0.028224556893338193,C,A,0.0189676131685742,candidate_ballot,affinity_only,0.0189676131685742,0.07541672695525059,0.056449113786676386,0.5,0.0471921700619124
strong_1.00__rupture_1__weak_0.50__floor_candidate_ballot__recipient_affinity_only,weak_same_lane_refusal,pres_2002,sido_41,,,,,,,,,,,,,0.01867119897723985,C,A,0.0208780312728109,candidate_ballot,affinity_only,0.0208780312728109,0.0582204292272906,0.0373423979544797,0.5,0.03954923025005075
strong_1.00__rupture_1__weak_0.50__floor_candidate_ballot__recipient_affinity_only,weak_same_lane_refusal,pres_2002,sido_42,,,,,,,,,,,,,0.033209424080687056,C,A,0.0200289187580357,candidate_ballot,affinity_only,0.0200289187580357,0.08644776691940981,0.06641884816137411,0.5,0.05323834283872275
strong_1.00__rupture_1__weak_0.50__floor_candidate_ballot__recipient_affinity_only,weak_same_lane_refusal,pres_2002,sido_43,,,,,,,,,,,,,0.03071784056899155,C,A,0.0118716878700329,candidate_ballot,affinity_only,0.0118716878700329,0.073307369008016,0.0614356811379831,0.5,0.04258952843902445
strong_1.00__rupture_1__weak_0.50__floor_candidate_ballot__recipient_affinity_only,weak_same_lane_refusal,pres_2002,sido_44,,,,,,,,,,,,,0.017928998729429,C,A,0.0095463081839152,candidate_ballot,affinity_only,0.0095463081839152,0.0454043056427732,0.035857997458858,0.5,0.0274753069133442
strong_1.00__rupture_1__weak_0.50__floor_candidate_ballot__recipient_affinity_only,weak_same_lane_refusal,pres_2002,sido_45,,,,,,,,,,,,,0.052416040516338094,C,A,0.0228231814936564,candidate_ballot,affinity_only,0.0228231814936564,0.12765526252633258,0.10483208103267619,0.5,0.07523922200999449
strong_1.00__rupture_1__weak_0.50__floor_candidate_ballot__recipient_affinity_only,weak_same_lane_refusal,pres_2002,sido_46,,,,,,,,,,,,,0.061136428319322554,C,A,0.0132624825931937,candidate_ballot,affinity_only,0.0132624825931937,0.1355353392318388,0.12227285663864511,0.5,0.07439891091251624
strong_1.00__rupture_1__weak_0.50__floor_candidate_ballot__recipient_affinity_only,weak_same_lane_refusal,pres_2002,sido_47,,,,,,,,,,,,,0.007632613209931048,C,A,0.0296959172831779,candidate_ballot,affinity_only,0.0296959172831779,0.044961143703039996,0.015265226419862096,0.5,0.03732853049310895
strong_1.00__rupture_1__weak_0.50__floor_candidate_ballot__recipient_affinity_only,weak_same_lane_refusal,pres_2002,sido_48,,,,,,,,,,,,,0.027549170136442754,C,A,0.0344685791555901,candidate_ballot,affinity_only,0.0344685791555901,0.08956691942847561,0.05509834027288551,0.5,0.06201774929203285
strong_1.00__rupture_1__weak_0.50__floor_candidate_ballot__recipient_affinity_only,weak_same_lane_refusal,pres_2002,sido_50,,,,,,,,,,,,,0.07362850488756084,C,A,0.0,candidate_ballot,affinity_only,0.0,0.14725700977512168,0.14725700977512168,0.5,0.07362850488756084
strong_1.00__rupture_1__weak_0.50__floor_candidate_ballot__recipient_affinity_only,weak_same_lane_refusal,pres_2022,sido_11,,,,,,,,,,,,,0.010432079935460402,C,B,0.029384832583875,candidate_ballot,affinity_only,0.029384832583875,0.050248992454795804,0.020864159870920804,0.5,0.039816912519335404
strong_1.00__rupture_1__weak_0.50__floor_candidate_ballot__recipient_affinity_only,weak_same_lane_refusal,pres_2022,sido_26,,,,,,,,,,,,,0.003668923005554499,C,B,0.0399820977460082,candidate_ballot,affinity_only,0.0399820977460082,0.0473199437571172,0.007337846011108998,0.5,0.0436510207515627
strong_1.00__rupture_1__weak_0.50__floor_candidate_ballot__recipient_affinity_only,weak_same_lane_refusal,pres_2022,sido_28,,,,,,,,,,,,,0.0024657396406635515,C,B,0.0485003528440327,candidate_ballot,affinity_only,0.0485003528440327,0.053431832125359804,0.004931479281327103,0.5,0.05096609248469625
strong_1.00__rupture_1__weak_0.50__floor_candidate_ballot__recipient_affinity_only,weak_same_lane_refusal,pres_2022,sido_30,,,,,,,,,,,,,0.010773520664098798,C,B,0.0287620743601844,candidate_ballot,affinity_only,0.0287620743601844,0.050309115688382,0.021547041328197597,0.5,0.0395355950242832
strong_1.00__rupture_1__weak_0.50__floor_candidate_ballot__recipient_affinity_only,weak_same_lane_refusal,pres_2022,sido_36,,,,,,,,,,,,,0.004411490023630352,C,B,0.0509430370441767,candidate_ballot,affinity_only,0.0509430370441767,0.059766017091437404,0.008822980047260703,0.5,0.05535452706780705
strong_1.00__rupture_1__weak_0.50__floor_candidate_ballot__recipient_affinity_only,weak_same_lane_refusal,pres_2022,sido_41,,,,,,,,,,,,,0.004303920428435203,C,B,0.0359763522960836,candidate_ballot,affinity_only,0.0359763522960836,0.044584193152954005,0.008607840856870407,0.5,0.0402802727245188
strong_1.00__rupture_1__weak_0.50__floor_candidate_ballot__recipient_affinity_only,weak_same_lane_refusal,pres_2022,sido_42,,,,,,,,,,,,,0.0079485548185134,C,B,0.0308172356117518,candidate_ballot,affinity_only,0.0308172356117518,0.0467143452487786,0.0158971096370268,0.5,0.0387657904302652
strong_1.00__rupture_1__weak_0.50__floor_candidate_ballot__recipient_affinity_only,weak_same_lane_refusal,pres_2022,sido_43,,,,,,,,,,,,,0.006387971140684848,C,B,0.0345580698080987,candidate_ballot,affinity_only,0.0345580698080987,0.0473340120894684,0.012775942281369697,0.5,0.040946040948783555
strong_1.00__rupture_1__weak_0.50__floor_candidate_ballot__recipient_affinity_only,weak_same_lane_refusal,pres_2022,sido_44,,,,,,,,,,,,,0.00804451076529375,C,B,0.0309340683403439,candidate_ballot,affinity_only,0.0309340683403439,0.0470230898709314,0.0160890215305875,0.5,0.03897857910563765
strong_1.00__rupture_1__weak_0.50__floor_candidate_ballot__recipient_affinity_only,weak_same_lane_refusal,pres_2022,sido_45,,,,,,,,,,,,,0.013223773852449102,C,B,0.0459485902537228,candidate_ballot,affinity_only,0.0459485902537228,0.072396137958621,0.026447547704898204,0.5,0.059172364106171896
strong_1.00__rupture_1__weak_0.50__floor_candidate_ballot__recipient_affinity_only,weak_same_lane_refusal,pres_2022,sido_46,,,,,,,,,,,,,0.006249755501632502,C,B,0.0592373366011094,candidate_ballot,affinity_only,0.0592373366011094,0.0717368476043744,0.012499511003265004,0.5,0.0654870921027419
strong_1.00__rupture_1__weak_0.50__floor_candidate_ballot__recipient_affinity_only,weak_same_lane_refusal,pres_2022,sido_47,,,,,,,,,,,,,0.0005193415424285981,C,B,0.0343795636905044,candidate_ballot,affinity_only,0.0343795636905044,0.035418246775361595,0.0010386830848571962,0.5,0.034898905232933
strong_1.00__rupture_1__weak_0.50__floor_candidate_ballot__recipient_affinity_only,weak_same_lane_refusal,pres_2022,sido_50,,,,,,,,,,,,,0.011649671043853602,C,B,0.0503767176193264,candidate_ballot,affinity_only,0.0503767176193264,0.0736760597070336,0.023299342087707203,0.5,0.06202638866318
strong_1.00__rupture_1__weak_0.50__floor_candidate_ballot__recipient_prediction_tilted,strong_incumbent_veto,pres_2007,sido_11,A,B,0.1550560112006703,0.1830565695612803,0.6837328178902612,1.0,0.1251617841394588,0.224727422604459,-0.0,0.01,0.224727422604459,0.11575376295856316,0.014487947492749764,,,,,,,,,,
strong_1.00__rupture_1__weak_0.50__floor_candidate_ballot__recipient_prediction_tilted,strong_incumbent_veto,pres_2007,sido_26,A,B,0.1550560112006703,0.1830565695612803,0.6837328178902612,1.0,0.1251617841394588,0.1230144019232013,-0.0,0.01,0.1230144019232013,0.06769999442714049,0.008473452088732321,,,,,,,,,,
strong_1.00__rupture_1__weak_0.50__floor_candidate_ballot__recipient_prediction_tilted,strong_incumbent_veto,pres_2007,sido_27,A,B,0.1550560112006703,0.1830565695612803,0.6837328178902612,1.0,0.1251617841394588,0.0533297784427378,-0.0,0.01,0.0533297784427378,0.036548243373766096,0.004574443347823718,,,,,,,,,,
strong_1.00__rupture_1__weak_0.50__floor_candidate_ballot__recipient_prediction_tilted,strong_incumbent_veto,pres_2007,sido_28,A,B,0.1550560112006703,0.1830565695612803,0.6837328178902612,1.0,0.1251617841394588,0.1882964963574757,-0.0,0.01,0.1882964963574757,0.1253482410577939,0.015688809489536448,,,,,,,,,,
strong_1.00__rupture_1__weak_0.50__floor_candidate_ballot__recipient_prediction_tilted,strong_incumbent_veto,pres_2007,sido_29,A,B,0.1550560112006703,0.1830565695612803,0.6837328178902612,1.0,0.1251617841394588,0.5063986688693,-0.0,0.01,0.5063986688693,0.24746182449968468,0.030972763460786173,,,,,,,,,,
strong_1.00__rupture_1__weak_0.50__floor_candidate_ballot__recipient_prediction_tilted,strong_incumbent_veto,pres_2007,sido_30,A,B,0.1550560112006703,0.1830565695612803,0.6837328178902612,1.0,0.1251617841394588,0.1749885957265136,-0.0,0.01,0.1749885957265136,0.1550161062926277,0.019402092433937267,,,,,,,,,,
strong_1.00__rupture_1__weak_0.50__floor_candidate_ballot__recipient_prediction_tilted,strong_incumbent_veto,pres_2007,sido_31,A,B,0.1550560112006703,0.1830565695612803,0.6837328178902612,1.0,0.1251617841394588,0.0922216716368157,-0.0,0.01,0.0922216716368157,0.0762003677779345,0.00953737398316921,,,,,,,,,,
strong_1.00__rupture_1__weak_0.50__floor_candidate_ballot__recipient_prediction_tilted,strong_incumbent_veto,pres_2007,sido_41,A,B,0.1550560112006703,0.1830565695612803,0.6837328178902612,1.0,0.1251617841394588,0.1969781637048186,-0.0,0.01,0.1969781637048186,0.12484403173333555,0.015625701750907488,,,,,,,,,,
strong_1.00__rupture_1__weak_0.50__floor_candidate_ballot__recipient_prediction_tilted,strong_incumbent_veto,pres_2007,sido_42,A,B,0.1550560112006703,0.1830565695612803,0.6837328178902612,1.0,0.1251617841394588,0.1620964538589391,-0.0,0.01,0.1620964538589391,0.0926504884460915,0.011596300435305126,,,,,,,,,,
strong_1.00__rupture_1__weak_0.50__floor_candidate_ballot__recipient_prediction_tilted,strong_incumbent_veto,pres_2007,sido_43,A,B,0.1550560112006703,0.1830565695612803,0.6837328178902612,1.0,0.1251617841394588,0.1871115693451475,-0.0,0.01,0.1871115693451475,0.1250937284019757,0.015656954231448167,,,,,,,,,,
strong_1.00__rupture_1__weak_0.50__floor_candidate_ballot__recipient_prediction_tilted,strong_incumbent_veto,pres_2007,sido_44,A,B,0.1550560112006703,0.1830565695612803,0.6837328178902612,1.0,0.1251617841394588,0.1339414116449834,-0.0,0.01,0.1339414116449834,0.1803984259604589,0.0225789888491611,,,,,,,,,,
strong_1.00__rupture_1__weak_0.50__floor_candidate_ballot__recipient_prediction_tilted,strong_incumbent_veto,pres_2007,sido_45,A,B,0.1550560112006703,0.1830565695612803,0.6837328178902612,1.0,0.1251617841394588,0.5050615589935803,-0.0,0.01,0.5050615589935803,0.2489963619554737,0.03116482890658155,,,,,,,,,,
strong_1.00__rupture_1__weak_0.50__floor_candidate_ballot__recipient_prediction_tilted,strong_incumbent_veto,pres_2007,sido_46,A,B,0.1550560112006703,0.1830565695612803,0.6837328178902612,1.0,0.1251617841394588,0.5115021109033597,-0.0,0.01,0.5115021109033597,0.2436089090943725,0.03049052569451889,,,,,,,,,,
strong_1.00__rupture_1__weak_0.50__floor_candidate_ballot__recipient_prediction_tilted,strong_incumbent_veto,pres_2007,sido_47,A,B,0.1550560112006703,0.1830565695612803,0.6837328178902612,1.0,0.1251617841394588,0.0689035077128128,-0.0,0.01,0.0689035077128128,0.03689871266594581,0.004618308709719025,,,,,,,,,,
strong_1.00__rupture_1__weak_0.50__floor_candidate_ballot__recipient_prediction_tilted,strong_incumbent_veto,pres_2007,sido_48,A,B,0.1550560112006703,0.1830565695612803,0.6837328178902612,1.0,0.1251617841394588,0.0994668855013218,-0.0,0.01,0.0994668855013218,0.0644903902204684,0.008071732299843731,,,,,,,,,,
strong_1.00__rupture_1__weak_0.50__floor_candidate_ballot__recipient_prediction_tilted,strong_incumbent_veto,pres_2007,sido_50,A,B,0.1550560112006703,0.1830565695612803,0.6837328178902612,1.0,0.1251617841394588,0.0,-0.0,0.01,0.0,0.2696919174747736,0.033755121559134356,,,,,,,,,,
strong_1.00__rupture_1__weak_0.50__floor_candidate_ballot__recipient_prediction_tilted,strong_incumbent_veto,pres_2017,sido_11,A,B,0.14222159439442095,0.1258437002381364,1.0,1.0,0.1258437002381364,0.2981507946412702,0.8660254037844386,0.01,0.03994463232341294,0.278981980736011,0.035108124755584114,,,,,,,,,,
strong_1.00__rupture_1__weak_0.50__floor_candidate_ballot__recipient_prediction_tilted,strong_incumbent_veto,pres_2017,sido_26,A,B,0.14222159439442095,0.1258437002381364,1.0,1.0,0.1258437002381364,0.3539560494922693,0.8660254037844386,0.01,0.047421118808782046,0.34186982856956366,0.04302216422697125,,,,,,,,,,
strong_1.00__rupture_1__weak_0.50__floor_candidate_ballot__recipient_prediction_tilted,strong_incumbent_veto,pres_2017,sido_27,A,B,0.14222159439442095,0.1258437002381364,1.0,1.0,0.1258437002381364,0.4618834178563183,0.8660254037844386,0.01,0.06188064440596367,0.4355892243398713,0.05481615977478911,,,,,,,,,,
strong_1.00__rupture_1__weak_0.50__floor_candidate_ballot__recipient_prediction_tilted,strong_incumbent_veto,pres_2017,sido_28,A,B,0.14222159439442095,0.1258437002381364,1.0,1.0,0.1258437002381364,0.2930148075897038,0.8660254037844386,0.01,0.03925654053201098,0.2833909071619301,0.03566296037109948,,,,,,,,,,
strong_1.00__rupture_1__weak_0.50__floor_candidate_ballot__recipient_prediction_tilted,strong_incumbent_veto,pres_2017,sido_29,A,B,0.14222159439442095,0.1258437002381364,1.0,1.0,0.1258437002381364,0.0341806016229801,0.8660254037844386,0.01,0.01,0.045169858892708296,0.005684342182292902,,,,,,,,,,
strong_1.00__rupture_1__weak_0.50__floor_candidate_ballot__recipient_prediction_tilted,strong_incumbent_veto,pres_2017,sido_30,A,B,0.14222159439442095,0.1258437002381364,1.0,1.0,0.1258437002381364,0.2396170369219419,0.8660254037844386,0.01,0.032102595767986436,0.23660045087585338,0.02977467621622881,,,,,,,,,,
strong_1.00__rupture_1__weak_0.50__floor_candidate_ballot__recipient_prediction_tilted,strong_incumbent_veto,pres_2017,sido_31,A,B,0.14222159439442095,0.1258437002381364,1.0,1.0,0.1258437002381364,0.3553353097157836,0.8660254037844386,0.01,0.04760590464030356,0.33924533516110666,0.04269188826520042,,,,,,,,,,
strong_1.00__rupture_1__weak_0.50__floor_candidate_ballot__recipient_prediction_tilted,strong_incumbent_veto,pres_2017,sido_36,A,B,0.14222159439442095,0.1258437002381364,1.0,1.0,0.1258437002381364,0.1724331995485346,0.8660254037844386,0.01,0.023101668283672248,0.20784226494522595,0.02615563968658234,,,,,,,,,,
strong_1.00__rupture_1__weak_0.50__floor_candidate_ballot__recipient_prediction_tilted,strong_incumbent_veto,pres_2017,sido_41,A,B,0.14222159439442095,0.1258437002381364,1.0,1.0,0.1258437002381364,0.2904867750077805,0.8660254037844386,0.01,0.038917848387628025,0.28147637098044914,0.03542202805378212,,,,,,,,,,
strong_1.00__rupture_1__weak_0.50__floor_candidate_ballot__recipient_prediction_tilted,strong_incumbent_veto,pres_2017,sido_42,A,B,0.14222159439442095,0.1258437002381364,1.0,1.0,0.1258437002381364,0.3376440484133232,0.8660254037844386,0.01,0.04523572505076244,0.32486433012568816,0.040882129378400085,,,,,,,,,,
strong_1.00__rupture_1__weak_0.50__floor_candidate_ballot__recipient_prediction_tilted,strong_incumbent_veto,pres_2017,sido_43,A,B,0.14222159439442095,0.1258437002381364,1.0,1.0,0.1258437002381364,0.2911638514975106,0.8660254037844386,0.01,0.03900855943694667,0.282309527506691,0.03552687555392195,,,,,,,,,,
strong_1.00__rupture_1__weak_0.50__floor_candidate_ballot__recipient_prediction_tilted,strong_incumbent_veto,pres_2017,sido_44,A,B,0.14222159439442095,0.1258437002381364,1.0,1.0,0.1258437002381364,0.2550776099850012,0.8660254037844386,0.01,0.03417391980137099,0.2518736676707936,0.03169671433224334,,,,,,,,,,
strong_1.00__rupture_1__weak_0.50__floor_candidate_ballot__recipient_prediction_tilted,strong_incumbent_veto,pres_2017,sido_45,A,B,0.14222159439442095,0.1258437002381364,1.0,1.0,0.1258437002381364,0.0682483484546126,0.8660254037844386,0.01,0.01,0.0835712825862142,0.010516919434296128,,,,,,,,,,
strong_1.00__rupture_1__weak_0.50__floor_candidate_ballot__recipient_prediction_tilted,strong_incumbent_veto,pres_2017,sido_46,A,B,0.14222159439442095,0.1258437002381364,1.0,1.0,0.1258437002381364,0.0438553923470368,0.8660254037844386,0.01,0.01,0.0540606403515208,0.0068031910190784846,,,,,,,,,,
strong_1.00__rupture_1__weak_0.50__floor_candidate_ballot__recipient_prediction_tilted,strong_incumbent_veto,pres_2017,sido_47,A,B,0.14222159439442095,0.1258437002381364,1.0,1.0,0.1258437002381364,0.4863134552896404,0.8660254037844386,0.01,0.06515364880662404,0.4571941982536088,0.05753500963564225,,,,,,,,,,
strong_1.00__rupture_1__weak_0.50__floor_candidate_ballot__recipient_prediction_tilted,strong_incumbent_veto,pres_2017,sido_48,A,B,0.14222159439442095,0.1258437002381364,1.0,1.0,0.1258437002381364,0.3752628188705947,0.8660254037844386,0.01,0.05027568463290128,0.359771080555815,0.04527492401581641,,,,,,,,,,
strong_1.00__rupture_1__weak_0.50__floor_candidate_ballot__recipient_prediction_tilted,strong_incumbent_veto,pres_2017,sido_50,A,B,0.14222159439442095,0.1258437002381364,1.0,1.0,0.1258437002381364,0.2397495310485979,0.8660254037844386,0.01,0.032120346615106106,0.2532836546023457,0.031874152304997266,,,,,,,,,,
strong_1.00__rupture_1__weak_0.50__floor_candidate_ballot__recipient_prediction_tilted,weak_same_lane_refusal,pres_2002,sido_11,,,,,,,,,,,,,0.02168526691381585,C,A|B,0.0172553182802303,candidate_ballot,prediction_tilted,0.0172553182802303,0.060625852107862005,0.0433705338276317,0.5,0.038940585194046154
strong_1.00__rupture_1__weak_0.50__floor_candidate_ballot__recipient_prediction_tilted,weak_same_lane_refusal,pres_2002,sido_26,,,,,,,,,,,,,0.033416528392109,C,A|B,0.039818482004606,candidate_ballot,prediction_tilted,0.039818482004606,0.106651538788824,0.066833056784218,0.5,0.073235010396715
strong_1.00__rupture_1__weak_0.50__floor_candidate_ballot__recipient_prediction_tilted,weak_same_lane_refusal,pres_2002,sido_27,,,,,,,,,,,,,0.02295310160100445,C,A|B,0.0058164519761945,candidate_ballot,prediction_tilted,0.0058164519761945,0.0517226551782034,0.0459062032020089,0.5,0.02876955357719895
strong_1.00__rupture_1__weak_0.50__floor_candidate_ballot__recipient_prediction_tilted,weak_same_lane_refusal,pres_2002,sido_28,,,,,,,,,,,,,0.018647250499035303,C,A|B,0.0255062904560678,candidate_ballot,prediction_tilted,0.0255062904560678,0.0628007914541384,0.03729450099807061,0.5,0.0441535409551031
strong_1.00__rupture_1__weak_0.50__floor_candidate_ballot__recipient_prediction_tilted,weak_same_lane_refusal,pres_2002,sido_29,,,,,,,,,,,,,0.028363178063198193,C,A|B,0.0779749988731636,candidate_ballot,prediction_tilted,0.0779749988731636,0.13470135499955999,0.056726356126396385,0.5,0.1063381769363618
strong_1.00__rupture_1__weak_0.50__floor_candidate_ballot__recipient_prediction_tilted,weak_same_lane_refusal,pres_2002,sido_30,,,,,,,,,,,,,0.028224556893338193,C,A|B,0.0189676131685742,candidate_ballot,prediction_tilted,0.0189676131685742,0.07541672695525059,0.056449113786676386,0.5,0.0471921700619124
strong_1.00__rupture_1__weak_0.50__floor_candidate_ballot__recipient_prediction_tilted,weak_same_lane_refusal,pres_2002,sido_41,,,,,,,,,,,,,0.01867119897723985,C,A|B,0.0208780312728109,candidate_ballot,prediction_tilted,0.0208780312728109,0.0582204292272906,0.0373423979544797,0.5,0.03954923025005075
strong_1.00__rupture_1__weak_0.50__floor_candidate_ballot__recipient_prediction_tilted,weak_same_lane_refusal,pres_2002,sido_42,,,,,,,,,,,,,0.033209424080687056,C,A|B,0.0200289187580357,candidate_ballot,prediction_tilted,0.0200289187580357,0.08644776691940981,0.06641884816137411,0.5,0.05323834283872275
strong_1.00__rupture_1__weak_0.50__floor_candidate_ballot__recipient_prediction_tilted,weak_same_lane_refusal,pres_2002,sido_43,,,,,,,,,,,,,0.03071784056899155,C,A|B,0.0118716878700329,candidate_ballot,prediction_tilted,0.0118716878700329,0.073307369008016,0.0614356811379831,0.5,0.04258952843902445
strong_1.00__rupture_1__weak_0.50__floor_candidate_ballot__recipient_prediction_tilted,weak_same_lane_refusal,pres_2002,sido_44,,,,,,,,,,,,,0.017928998729429,C,A|B,0.0095463081839152,candidate_ballot,prediction_tilted,0.0095463081839152,0.0454043056427732,0.035857997458858,0.5,0.0274753069133442
strong_1.00__rupture_1__weak_0.50__floor_candidate_ballot__recipient_prediction_tilted,weak_same_lane_refusal,pres_2002,sido_45,,,,,,,,,,,,,0.052416040516338094,C,A|B,0.0228231814936564,candidate_ballot,prediction_tilted,0.0228231814936564,0.12765526252633258,0.10483208103267619,0.5,0.07523922200999449
strong_1.00__rupture_1__weak_0.50__floor_candidate_ballot__recipient_prediction_tilted,weak_same_lane_refusal,pres_2002,sido_46,,,,,,,,,,,,,0.061136428319322554,C,A|B,0.0132624825931937,candidate_ballot,prediction_tilted,0.0132624825931937,0.1355353392318388,0.12227285663864511,0.5,0.07439891091251624
strong_1.00__rupture_1__weak_0.50__floor_candidate_ballot__recipient_prediction_tilted,weak_same_lane_refusal,pres_2002,sido_47,,,,,,,,,,,,,0.007632613209931048,C,A|B,0.0296959172831779,candidate_ballot,prediction_tilted,0.0296959172831779,0.044961143703039996,0.015265226419862096,0.5,0.03732853049310895
strong_1.00__rupture_1__weak_0.50__floor_candidate_ballot__recipient_prediction_tilted,weak_same_lane_refusal,pres_2002,sido_48,,,,,,,,,,,,,0.027549170136442754,C,A|B,0.0344685791555901,candidate_ballot,prediction_tilted,0.0344685791555901,0.08956691942847561,0.05509834027288551,0.5,0.06201774929203285
strong_1.00__rupture_1__weak_0.50__floor_candidate_ballot__recipient_prediction_tilted,weak_same_lane_refusal,pres_2002,sido_50,,,,,,,,,,,,,0.07362850488756084,C,A|B,0.0,candidate_ballot,prediction_tilted,0.0,0.14725700977512168,0.14725700977512168,0.5,0.07362850488756084
strong_1.00__rupture_1__weak_0.50__floor_candidate_ballot__recipient_prediction_tilted,weak_same_lane_refusal,pres_2022,sido_11,,,,,,,,,,,,,0.010432079935460402,C,A|B,0.029384832583875,candidate_ballot,prediction_tilted,0.029384832583875,0.050248992454795804,0.020864159870920804,0.5,0.039816912519335404
strong_1.00__rupture_1__weak_0.50__floor_candidate_ballot__recipient_prediction_tilted,weak_same_lane_refusal,pres_2022,sido_26,,,,,,,,,,,,,0.003668923005554499,C,A|B,0.0399820977460082,candidate_ballot,prediction_tilted,0.0399820977460082,0.0473199437571172,0.007337846011108998,0.5,0.0436510207515627
strong_1.00__rupture_1__weak_0.50__floor_candidate_ballot__recipient_prediction_tilted,weak_same_lane_refusal,pres_2022,sido_28,,,,,,,,,,,,,0.0024657396406635515,C,A|B,0.0485003528440327,candidate_ballot,prediction_tilted,0.0485003528440327,0.053431832125359804,0.004931479281327103,0.5,0.05096609248469625
strong_1.00__rupture_1__weak_0.50__floor_candidate_ballot__recipient_prediction_tilted,weak_same_lane_refusal,pres_2022,sido_30,,,,,,,,,,,,,0.010773520664098798,C,A|B,0.0287620743601844,candidate_ballot,prediction_tilted,0.0287620743601844,0.050309115688382,0.021547041328197597,0.5,0.0395355950242832
strong_1.00__rupture_1__weak_0.50__floor_candidate_ballot__recipient_prediction_tilted,weak_same_lane_refusal,pres_2022,sido_36,,,,,,,,,,,,,0.004411490023630352,C,A|B,0.0509430370441767,candidate_ballot,prediction_tilted,0.0509430370441767,0.059766017091437404,0.008822980047260703,0.5,0.05535452706780705
strong_1.00__rupture_1__weak_0.50__floor_candidate_ballot__recipient_prediction_tilted,weak_same_lane_refusal,pres_2022,sido_41,,,,,,,,,,,,,0.004303920428435203,C,A|B,0.0359763522960836,candidate_ballot,prediction_tilted,0.0359763522960836,0.044584193152954005,0.008607840856870407,0.5,0.0402802727245188
strong_1.00__rupture_1__weak_0.50__floor_candidate_ballot__recipient_prediction_tilted,weak_same_lane_refusal,pres_2022,sido_42,,,,,,,,,,,,,0.0079485548185134,C,A|B,0.0308172356117518,candidate_ballot,prediction_tilted,0.0308172356117518,0.0467143452487786,0.0158971096370268,0.5,0.0387657904302652
strong_1.00__rupture_1__weak_0.50__floor_candidate_ballot__recipient_prediction_tilted,weak_same_lane_refusal,pres_2022,sido_43,,,,,,,,,,,,,0.006387971140684848,C,A|B,0.0345580698080987,candidate_ballot,prediction_tilted,0.0345580698080987,0.0473340120894684,0.012775942281369697,0.5,0.040946040948783555
strong_1.00__rupture_1__weak_0.50__floor_candidate_ballot__recipient_prediction_tilted,weak_same_lane_refusal,pres_2022,sido_44,,,,,,,,,,,,,0.00804451076529375,C,A|B,0.0309340683403439,candidate_ballot,prediction_tilted,0.0309340683403439,0.0470230898709314,0.0160890215305875,0.5,0.03897857910563765
strong_1.00__rupture_1__weak_0.50__floor_candidate_ballot__recipient_prediction_tilted,weak_same_lane_refusal,pres_2022,sido_45,,,,,,,,,,,,,0.013223773852449102,C,A|B,0.0459485902537228,candidate_ballot,prediction_tilted,0.0459485902537228,0.072396137958621,0.026447547704898204,0.5,0.059172364106171896
strong_1.00__rupture_1__weak_0.50__floor_candidate_ballot__recipient_prediction_tilted,weak_same_lane_refusal,pres_2022,sido_46,,,,,,,,,,,,,0.006249755501632502,C,A|B,0.0592373366011094,candidate_ballot,prediction_tilted,0.0592373366011094,0.0717368476043744,0.012499511003265004,0.5,0.0654870921027419
strong_1.00__rupture_1__weak_0.50__floor_candidate_ballot__recipient_prediction_tilted,weak_same_lane_refusal,pres_2022,sido_47,,,,,,,,,,,,,0.0005193415424285981,C,A|B,0.0343795636905044,candidate_ballot,prediction_tilted,0.0343795636905044,0.035418246775361595,0.0010386830848571962,0.5,0.034898905232933
strong_1.00__rupture_1__weak_0.50__floor_candidate_ballot__recipient_prediction_tilted,weak_same_lane_refusal,pres_2022,sido_50,,,,,,,,,,,,,0.011649671043853602,C,A|B,0.0503767176193264,candidate_ballot,prediction_tilted,0.0503767176193264,0.0736760597070336,0.023299342087707203,0.5,0.06202638866318
strong_1.00__rupture_1__weak_0.50__floor_theoretical__recipient_affinity_only,strong_incumbent_veto,pres_2007,sido_11,A,B,0.1550560112006703,0.1830565695612803,0.6837328178902612,1.0,0.1251617841394588,0.224727422604459,-0.0,0.01,0.224727422604459,0.11575376295856316,0.014487947492749764,,,,,,,,,,
strong_1.00__rupture_1__weak_0.50__floor_theoretical__recipient_affinity_only,strong_incumbent_veto,pres_2007,sido_26,A,B,0.1550560112006703,0.1830565695612803,0.6837328178902612,1.0,0.1251617841394588,0.1230144019232013,-0.0,0.01,0.1230144019232013,0.06769999442714049,0.008473452088732321,,,,,,,,,,
strong_1.00__rupture_1__weak_0.50__floor_theoretical__recipient_affinity_only,strong_incumbent_veto,pres_2007,sido_27,A,B,0.1550560112006703,0.1830565695612803,0.6837328178902612,1.0,0.1251617841394588,0.0533297784427378,-0.0,0.01,0.0533297784427378,0.036548243373766096,0.004574443347823718,,,,,,,,,,
strong_1.00__rupture_1__weak_0.50__floor_theoretical__recipient_affinity_only,strong_incumbent_veto,pres_2007,sido_28,A,B,0.1550560112006703,0.1830565695612803,0.6837328178902612,1.0,0.1251617841394588,0.1882964963574757,-0.0,0.01,0.1882964963574757,0.1253482410577939,0.015688809489536448,,,,,,,,,,
strong_1.00__rupture_1__weak_0.50__floor_theoretical__recipient_affinity_only,strong_incumbent_veto,pres_2007,sido_29,A,B,0.1550560112006703,0.1830565695612803,0.6837328178902612,1.0,0.1251617841394588,0.5063986688693,-0.0,0.01,0.5063986688693,0.24746182449968468,0.030972763460786173,,,,,,,,,,
strong_1.00__rupture_1__weak_0.50__floor_theoretical__recipient_affinity_only,strong_incumbent_veto,pres_2007,sido_30,A,B,0.1550560112006703,0.1830565695612803,0.6837328178902612,1.0,0.1251617841394588,0.1749885957265136,-0.0,0.01,0.1749885957265136,0.1550161062926277,0.019402092433937267,,,,,,,,,,
strong_1.00__rupture_1__weak_0.50__floor_theoretical__recipient_affinity_only,strong_incumbent_veto,pres_2007,sido_31,A,B,0.1550560112006703,0.1830565695612803,0.6837328178902612,1.0,0.1251617841394588,0.0922216716368157,-0.0,0.01,0.0922216716368157,0.0762003677779345,0.00953737398316921,,,,,,,,,,
strong_1.00__rupture_1__weak_0.50__floor_theoretical__recipient_affinity_only,strong_incumbent_veto,pres_2007,sido_41,A,B,0.1550560112006703,0.1830565695612803,0.6837328178902612,1.0,0.1251617841394588,0.1969781637048186,-0.0,0.01,0.1969781637048186,0.12484403173333555,0.015625701750907488,,,,,,,,,,
strong_1.00__rupture_1__weak_0.50__floor_theoretical__recipient_affinity_only,strong_incumbent_veto,pres_2007,sido_42,A,B,0.1550560112006703,0.1830565695612803,0.6837328178902612,1.0,0.1251617841394588,0.1620964538589391,-0.0,0.01,0.1620964538589391,0.0926504884460915,0.011596300435305126,,,,,,,,,,
strong_1.00__rupture_1__weak_0.50__floor_theoretical__recipient_affinity_only,strong_incumbent_veto,pres_2007,sido_43,A,B,0.1550560112006703,0.1830565695612803,0.6837328178902612,1.0,0.1251617841394588,0.1871115693451475,-0.0,0.01,0.1871115693451475,0.1250937284019757,0.015656954231448167,,,,,,,,,,
strong_1.00__rupture_1__weak_0.50__floor_theoretical__recipient_affinity_only,strong_incumbent_veto,pres_2007,sido_44,A,B,0.1550560112006703,0.1830565695612803,0.6837328178902612,1.0,0.1251617841394588,0.1339414116449834,-0.0,0.01,0.1339414116449834,0.1803984259604589,0.0225789888491611,,,,,,,,,,
strong_1.00__rupture_1__weak_0.50__floor_theoretical__recipient_affinity_only,strong_incumbent_veto,pres_2007,sido_45,A,B,0.1550560112006703,0.1830565695612803,0.6837328178902612,1.0,0.1251617841394588,0.5050615589935803,-0.0,0.01,0.5050615589935803,0.2489963619554737,0.03116482890658155,,,,,,,,,,
strong_1.00__rupture_1__weak_0.50__floor_theoretical__recipient_affinity_only,strong_incumbent_veto,pres_2007,sido_46,A,B,0.1550560112006703,0.1830565695612803,0.6837328178902612,1.0,0.1251617841394588,0.5115021109033597,-0.0,0.01,0.5115021109033597,0.2436089090943725,0.03049052569451889,,,,,,,,,,
strong_1.00__rupture_1__weak_0.50__floor_theoretical__recipient_affinity_only,strong_incumbent_veto,pres_2007,sido_47,A,B,0.1550560112006703,0.1830565695612803,0.6837328178902612,1.0,0.1251617841394588,0.0689035077128128,-0.0,0.01,0.0689035077128128,0.03689871266594581,0.004618308709719025,,,,,,,,,,
strong_1.00__rupture_1__weak_0.50__floor_theoretical__recipient_affinity_only,strong_incumbent_veto,pres_2007,sido_48,A,B,0.1550560112006703,0.1830565695612803,0.6837328178902612,1.0,0.1251617841394588,0.0994668855013218,-0.0,0.01,0.0994668855013218,0.0644903902204684,0.008071732299843731,,,,,,,,,,
strong_1.00__rupture_1__weak_0.50__floor_theoretical__recipient_affinity_only,strong_incumbent_veto,pres_2007,sido_50,A,B,0.1550560112006703,0.1830565695612803,0.6837328178902612,1.0,0.1251617841394588,0.0,-0.0,0.01,0.0,0.2696919174747736,0.033755121559134356,,,,,,,,,,
strong_1.00__rupture_1__weak_0.50__floor_theoretical__recipient_affinity_only,strong_incumbent_veto,pres_2017,sido_11,A,B,0.14222159439442095,0.1258437002381364,1.0,1.0,0.1258437002381364,0.2981507946412702,0.8660254037844386,0.01,0.03994463232341294,0.278981980736011,0.035108124755584114,,,,,,,,,,
strong_1.00__rupture_1__weak_0.50__floor_theoretical__recipient_affinity_only,strong_incumbent_veto,pres_2017,sido_26,A,B,0.14222159439442095,0.1258437002381364,1.0,1.0,0.1258437002381364,0.3539560494922693,0.8660254037844386,0.01,0.047421118808782046,0.34186982856956366,0.04302216422697125,,,,,,,,,,
strong_1.00__rupture_1__weak_0.50__floor_theoretical__recipient_affinity_only,strong_incumbent_veto,pres_2017,sido_27,A,B,0.14222159439442095,0.1258437002381364,1.0,1.0,0.1258437002381364,0.4618834178563183,0.8660254037844386,0.01,0.06188064440596367,0.4355892243398713,0.05481615977478911,,,,,,,,,,
strong_1.00__rupture_1__weak_0.50__floor_theoretical__recipient_affinity_only,strong_incumbent_veto,pres_2017,sido_28,A,B,0.14222159439442095,0.1258437002381364,1.0,1.0,0.1258437002381364,0.2930148075897038,0.8660254037844386,0.01,0.03925654053201098,0.2833909071619301,0.03566296037109948,,,,,,,,,,
strong_1.00__rupture_1__weak_0.50__floor_theoretical__recipient_affinity_only,strong_incumbent_veto,pres_2017,sido_29,A,B,0.14222159439442095,0.1258437002381364,1.0,1.0,0.1258437002381364,0.0341806016229801,0.8660254037844386,0.01,0.01,0.045169858892708296,0.005684342182292902,,,,,,,,,,
strong_1.00__rupture_1__weak_0.50__floor_theoretical__recipient_affinity_only,strong_incumbent_veto,pres_2017,sido_30,A,B,0.14222159439442095,0.1258437002381364,1.0,1.0,0.1258437002381364,0.2396170369219419,0.8660254037844386,0.01,0.032102595767986436,0.23660045087585338,0.02977467621622881,,,,,,,,,,
strong_1.00__rupture_1__weak_0.50__floor_theoretical__recipient_affinity_only,strong_incumbent_veto,pres_2017,sido_31,A,B,0.14222159439442095,0.1258437002381364,1.0,1.0,0.1258437002381364,0.3553353097157836,0.8660254037844386,0.01,0.04760590464030356,0.33924533516110666,0.04269188826520042,,,,,,,,,,
strong_1.00__rupture_1__weak_0.50__floor_theoretical__recipient_affinity_only,strong_incumbent_veto,pres_2017,sido_36,A,B,0.14222159439442095,0.1258437002381364,1.0,1.0,0.1258437002381364,0.1724331995485346,0.8660254037844386,0.01,0.023101668283672248,0.20784226494522595,0.02615563968658234,,,,,,,,,,
strong_1.00__rupture_1__weak_0.50__floor_theoretical__recipient_affinity_only,strong_incumbent_veto,pres_2017,sido_41,A,B,0.14222159439442095,0.1258437002381364,1.0,1.0,0.1258437002381364,0.2904867750077805,0.8660254037844386,0.01,0.038917848387628025,0.28147637098044914,0.03542202805378212,,,,,,,,,,
strong_1.00__rupture_1__weak_0.50__floor_theoretical__recipient_affinity_only,strong_incumbent_veto,pres_2017,sido_42,A,B,0.14222159439442095,0.1258437002381364,1.0,1.0,0.1258437002381364,0.3376440484133232,0.8660254037844386,0.01,0.04523572505076244,0.32486433012568816,0.040882129378400085,,,,,,,,,,
strong_1.00__rupture_1__weak_0.50__floor_theoretical__recipient_affinity_only,strong_incumbent_veto,pres_2017,sido_43,A,B,0.14222159439442095,0.1258437002381364,1.0,1.0,0.1258437002381364,0.2911638514975106,0.8660254037844386,0.01,0.03900855943694667,0.282309527506691,0.03552687555392195,,,,,,,,,,
strong_1.00__rupture_1__weak_0.50__floor_theoretical__recipient_affinity_only,strong_incumbent_veto,pres_2017,sido_44,A,B,0.14222159439442095,0.1258437002381364,1.0,1.0,0.1258437002381364,0.2550776099850012,0.8660254037844386,0.01,0.03417391980137099,0.2518736676707936,0.03169671433224334,,,,,,,,,,
strong_1.00__rupture_1__weak_0.50__floor_theoretical__recipient_affinity_only,strong_incumbent_veto,pres_2017,sido_45,A,B,0.14222159439442095,0.1258437002381364,1.0,1.0,0.1258437002381364,0.0682483484546126,0.8660254037844386,0.01,0.01,0.0835712825862142,0.010516919434296128,,,,,,,,,,
strong_1.00__rupture_1__weak_0.50__floor_theoretical__recipient_affinity_only,strong_incumbent_veto,pres_2017,sido_46,A,B,0.14222159439442095,0.1258437002381364,1.0,1.0,0.1258437002381364,0.0438553923470368,0.8660254037844386,0.01,0.01,0.0540606403515208,0.0068031910190784846,,,,,,,,,,
strong_1.00__rupture_1__weak_0.50__floor_theoretical__recipient_affinity_only,strong_incumbent_veto,pres_2017,sido_47,A,B,0.14222159439442095,0.1258437002381364,1.0,1.0,0.1258437002381364,0.4863134552896404,0.8660254037844386,0.01,0.06515364880662404,0.4571941982536088,0.05753500963564225,,,,,,,,,,
strong_1.00__rupture_1__weak_0.50__floor_theoretical__recipient_affinity_only,strong_incumbent_veto,pres_2017,sido_48,A,B,0.14222159439442095,0.1258437002381364,1.0,1.0,0.1258437002381364,0.3752628188705947,0.8660254037844386,0.01,0.05027568463290128,0.359771080555815,0.04527492401581641,,,,,,,,,,
strong_1.00__rupture_1__weak_0.50__floor_theoretical__recipient_affinity_only,strong_incumbent_veto,pres_2017,sido_50,A,B,0.14222159439442095,0.1258437002381364,1.0,1.0,0.1258437002381364,0.2397495310485979,0.8660254037844386,0.01,0.032120346615106106,0.2532836546023457,0.031874152304997266,,,,,,,,,,
strong_1.00__rupture_1__weak_0.50__floor_theoretical__recipient_affinity_only,weak_same_lane_refusal,pres_2002,sido_11,,,,,,,,,,,,,0.025312926053931,C,A,0.0172553182802303,theoretical,affinity_only,0.01,0.060625852107862005,0.050625852107862,0.5,0.03531292605393101
strong_1.00__rupture_1__weak_0.50__floor_theoretical__recipient_affinity_only,weak_same_lane_refusal,pres_2002,sido_26,,,,,,,,,,,,,0.048325769394412,C,A,0.039818482004606,theoretical,affinity_only,0.01,0.106651538788824,0.096651538788824,0.5,0.058325769394411996
strong_1.00__rupture_1__weak_0.50__floor_theoretical__recipient_affinity_only,weak_same_lane_refusal,pres_2002,sido_27,,,,,,,,,,,,,0.0208613275891017,C,A,0.0058164519761945,theoretical,affinity_only,0.01,0.0517226551782034,0.0417226551782034,0.5,0.030861327589101702
strong_1.00__rupture_1__weak_0.50__floor_theoretical__recipient_affinity_only,weak_same_lane_refusal,pres_2002,sido_28,,,,,,,,,,,,,0.0264003957270692,C,A,0.0255062904560678,theoretical,affinity_only,0.01,0.0628007914541384,0.0528007914541384,0.5,0.0364003957270692
strong_1.00__rupture_1__weak_0.50__floor_theoretical__recipient_affinity_only,weak_same_lane_refusal,pres_2002,sido_29,,,,,,,,,,,,,0.062350677499779995,C,A,0.0779749988731636,theoretical,affinity_only,0.01,0.13470135499955999,0.12470135499955999,0.5,0.07235067749978
strong_1.00__rupture_1__weak_0.50__floor_theoretical__recipient_affinity_only,weak_same_lane_refusal,pres_2002,sido_30,,,,,,,,,,,,,0.0327083634776253,C,A,0.0189676131685742,theoretical,affinity_only,0.01,0.07541672695525059,0.0654167269552506,0.5,0.04270836347762529
strong_1.00__rupture_1__weak_0.50__floor_theoretical__recipient_affinity_only,weak_same_lane_refusal,pres_2002,sido_31,,,,,,,,,,,,,0.1227008152349797,C,A,0.3115852121639049,theoretical,affinity_only,0.01,0.2554016304699594,0.2454016304699594,0.5,0.1327008152349797
strong_1.00__rupture_1__weak_0.50__floor_theoretical__recipient_affinity_only,weak_same_lane_refusal,pres_2002,sido_41,,,,,,,,,,,,,0.0241102146136453,C,A,0.0208780312728109,theoretical,affinity_only,0.01,0.0582204292272906,0.0482204292272906,0.5,0.0341102146136453
strong_1.00__rupture_1__weak_0.50__floor_theoretical__recipient_affinity_only,weak_same_lane_refusal,pres_2002,sido_42,,,,,,,,,,,,,0.038223883459704906,C,A,0.0200289187580357,theoretical,affinity_only,0.01,0.08644776691940981,0.07644776691940981,0.5,0.0482238834597049
strong_1.00__rupture_1__weak_0.50__floor_theoretical__recipient_affinity_only,weak_same_lane_refusal,pres_2002,sido_43,,,,,,,,,,,,,0.031653684504008,C,A,0.0118716878700329,theoretical,affinity_only,0.01,0.073307369008016,0.063307369008016,0.5,0.041653684504008
strong_1.00__rupture_1__weak_0.50__floor_theoretical__recipient_affinity_only,weak_same_lane_refusal,pres_2002,sido_44,,,,,,,,,,,,,0.0177021528213866,C,A,0.0095463081839152,theoretical,affinity_only,0.01,0.0454043056427732,0.0354043056427732,0.5,0.027702152821386602
strong_1.00__rupture_1__weak_0.50__floor_theoretical__recipient_affinity_only,weak_same_lane_refusal,pres_2002,sido_45,,,,,,,,,,,,,0.05882763126316629,C,A,0.0228231814936564,theoretical,affinity_only,0.01,0.12765526252633258,0.11765526252633259,0.5,0.0688276312631663
strong_1.00__rupture_1__weak_0.50__floor_theoretical__recipient_affinity_only,weak_same_lane_refusal,pres_2002,sido_46,,,,,,,,,,,,,0.0627676696159194,C,A,0.0132624825931937,theoretical,affinity_only,0.01,0.1355353392318388,0.1255353392318388,0.5,0.0727676696159194
strong_1.00__rupture_1__weak_0.50__floor_theoretical__recipient_affinity_only,weak_same_lane_refusal,pres_2002,sido_47,,,,,,,,,,,,,0.017480571851519997,C,A,0.0296959172831779,theoretical,affinity_only,0.01,0.044961143703039996,0.034961143703039994,0.5,0.02748057185152
strong_1.00__rupture_1__weak_0.50__floor_theoretical__recipient_affinity_only,weak_same_lane_refusal,pres_2002,sido_48,,,,,,,,,,,,,0.03978345971423781,C,A,0.0344685791555901,theoretical,affinity_only,0.01,0.08956691942847561,0.07956691942847562,0.5,0.0497834597142378
strong_1.00__rupture_1__weak_0.50__floor_theoretical__recipient_affinity_only,weak_same_lane_refusal,pres_2002,sido_50,,,,,,,,,,,,,0.06862850488756084,C,A,0.0,theoretical,affinity_only,0.01,0.14725700977512168,0.13725700977512167,0.5,0.07862850488756085
strong_1.00__rupture_1__weak_0.50__floor_theoretical__recipient_affinity_only,weak_same_lane_refusal,pres_2022,sido_11,,,,,,,,,,,,,0.0201244962273979,C,B,0.029384832583875,theoretical,affinity_only,0.01,0.050248992454795804,0.0402489924547958,0.5,0.030124496227397903
strong_1.00__rupture_1__weak_0.50__floor_theoretical__recipient_affinity_only,weak_same_lane_refusal,pres_2022,sido_26,,,,,,,,,,,,,0.0186599718785586,C,B,0.0399820977460082,theoretical,affinity_only,0.01,0.0473199437571172,0.0373199437571172,0.5,0.0286599718785586
strong_1.00__rupture_1__weak_0.50__floor_theoretical__recipient_affinity_only,weak_same_lane_refusal,pres_2022,sido_27,,,,,,,,,,,,,0.012936492498500998,C,B,0.0389354436816256,theoretical,affinity_only,0.01,0.035872984997002,0.025872984997001996,0.5,0.022936492498501
strong_1.00__rupture_1__weak_0.50__floor_theoretical__recipient_affinity_only,weak_same_lane_refusal,pres_2022,sido_28,,,,,,,,,,,,,0.0217159160626799,C,B,0.0485003528440327,theoretical,affinity_only,0.01,0.053431832125359804,0.0434318321253598,0.5,0.0317159160626799
strong_1.00__rupture_1__weak_0.50__floor_theoretical__recipient_affinity_only,weak_same_lane_refusal,pres_2022,sido_29,,,,,,,,,,,,,0.0373448252333252,C,B,0.0876883018010707,theoretical,affinity_only,0.01,0.08468965046665039,0.0746896504666504,0.5,0.04734482523332519
strong_1.00__rupture_1__weak_0.50__floor_theoretical__recipient_affinity_only,weak_same_lane_refusal,pres_2022,sido_30,,,,,,,,,,,,,0.020154557844191,C,B,0.0287620743601844,theoretical,affinity_only,0.01,0.050309115688382,0.040309115688382,0.5,0.030154557844191
strong_1.00__rupture_1__weak_0.50__floor_theoretical__recipient_affinity_only,weak_same_lane_refusal,pres_2022,sido_31,,,,,,,,,,,,,0.0461215494330516,C,B,0.176134143020495,theoretical,affinity_only,0.01,0.1022430988661032,0.0922430988661032,0.5,0.056121549433051594
strong_1.00__rupture_1__weak_0.50__floor_theoretical__recipient_affinity_only,weak_same_lane_refusal,pres_2022,sido_36,,,,,,,,,,,,,0.0248830085457187,C,B,0.0509430370441767,theoretical,affinity_only,0.01,0.059766017091437404,0.0497660170914374,0.5,0.0348830085457187
strong_1.00__rupture_1__weak_0.50__floor_theoretical__recipient_affinity_only,weak_same_lane_refusal,pres_2022,sido_41,,,,,,,,,,,,,0.017292096576477,C,B,0.0359763522960836,theoretical,affinity_only,0.01,0.044584193152954005,0.034584193152954,0.5,0.027292096576477003
strong_1.00__rupture_1__weak_0.50__floor_theoretical__recipient_affinity_only,weak_same_lane_refusal,pres_2022,sido_42,,,,,,,,,,,,,0.0183571726243893,C,B,0.0308172356117518,theoretical,affinity_only,0.01,0.0467143452487786,0.0367143452487786,0.5,0.0283571726243893
strong_1.00__rupture_1__weak_0.50__floor_theoretical__recipient_affinity_only,weak_same_lane_refusal,pres_2022,sido_43,,,,,,,,,,,,,0.0186670060447342,C,B,0.0345580698080987,theoretical,affinity_only,0.01,0.0473340120894684,0.0373340120894684,0.5,0.0286670060447342
strong_1.00__rupture_1__weak_0.50__floor_theoretical__recipient_affinity_only,weak_same_lane_refusal,pres_2022,sido_44,,,,,,,,,,,,,0.0185115449354657,C,B,0.0309340683403439,theoretical,affinity_only,0.01,0.0470230898709314,0.0370230898709314,0.5,0.0285115449354657
strong_1.00__rupture_1__weak_0.50__floor_theoretical__recipient_affinity_only,weak_same_lane_refusal,pres_2022,sido_45,,,,,,,,,,,,,0.0311980689793105,C,B,0.0459485902537228,theoretical,affinity_only,0.01,0.072396137958621,0.062396137958621,0.5,0.0411980689793105
strong_1.00__rupture_1__weak_0.50__floor_theoretical__recipient_affinity_only,weak_same_lane_refusal,pres_2022,sido_46,,,,,,,,,,,,,0.0308684238021872,C,B,0.0592373366011094,theoretical,affinity_only,0.01,0.0717368476043744,0.0617368476043744,0.5,0.040868423802187206
strong_1.00__rupture_1__weak_0.50__floor_theoretical__recipient_affinity_only,weak_same_lane_refusal,pres_2022,sido_47,,,,,,,,,,,,,0.012709123387680796,C,B,0.0343795636905044,theoretical,affinity_only,0.01,0.035418246775361595,0.025418246775361593,0.5,0.0227091233876808
strong_1.00__rupture_1__weak_0.50__floor_theoretical__recipient_affinity_only,weak_same_lane_refusal,pres_2022,sido_48,,,,,,,,,,,,,0.0262275269035888,C,B,0.0766151338961869,theoretical,affinity_only,0.01,0.0624550538071776,0.0524550538071776,0.5,0.0362275269035888
strong_1.00__rupture_1__weak_0.50__floor_theoretical__recipient_affinity_only,weak_same_lane_refusal,pres_2022,sido_50,,,,,,,,,,,,,0.0318380298535168,C,B,0.0503767176193264,theoretical,affinity_only,0.01,0.0736760597070336,0.0636760597070336,0.5,0.0418380298535168
strong_1.00__rupture_1__weak_0.50__floor_theoretical__recipient_prediction_tilted,strong_incumbent_veto,pres_2007,sido_11,A,B,0.1550560112006703,0.1830565695612803,0.6837328178902612,1.0,0.1251617841394588,0.224727422604459,-0.0,0.01,0.224727422604459,0.11575376295856316,0.014487947492749764,,,,,,,,,,
strong_1.00__rupture_1__weak_0.50__floor_theoretical__recipient_prediction_tilted,strong_incumbent_veto,pres_2007,sido_26,A,B,0.1550560112006703,0.1830565695612803,0.6837328178902612,1.0,0.1251617841394588,0.1230144019232013,-0.0,0.01,0.1230144019232013,0.06769999442714049,0.008473452088732321,,,,,,,,,,
strong_1.00__rupture_1__weak_0.50__floor_theoretical__recipient_prediction_tilted,strong_incumbent_veto,pres_2007,sido_27,A,B,0.1550560112006703,0.1830565695612803,0.6837328178902612,1.0,0.1251617841394588,0.0533297784427378,-0.0,0.01,0.0533297784427378,0.036548243373766096,0.004574443347823718,,,,,,,,,,
strong_1.00__rupture_1__weak_0.50__floor_theoretical__recipient_prediction_tilted,strong_incumbent_veto,pres_2007,sido_28,A,B,0.1550560112006703,0.1830565695612803,0.6837328178902612,1.0,0.1251617841394588,0.1882964963574757,-0.0,0.01,0.1882964963574757,0.1253482410577939,0.015688809489536448,,,,,,,,,,
strong_1.00__rupture_1__weak_0.50__floor_theoretical__recipient_prediction_tilted,strong_incumbent_veto,pres_2007,sido_29,A,B,0.1550560112006703,0.1830565695612803,0.6837328178902612,1.0,0.1251617841394588,0.5063986688693,-0.0,0.01,0.5063986688693,0.24746182449968468,0.030972763460786173,,,,,,,,,,
strong_1.00__rupture_1__weak_0.50__floor_theoretical__recipient_prediction_tilted,strong_incumbent_veto,pres_2007,sido_30,A,B,0.1550560112006703,0.1830565695612803,0.6837328178902612,1.0,0.1251617841394588,0.1749885957265136,-0.0,0.01,0.1749885957265136,0.1550161062926277,0.019402092433937267,,,,,,,,,,
strong_1.00__rupture_1__weak_0.50__floor_theoretical__recipient_prediction_tilted,strong_incumbent_veto,pres_2007,sido_31,A,B,0.1550560112006703,0.1830565695612803,0.6837328178902612,1.0,0.1251617841394588,0.0922216716368157,-0.0,0.01,0.0922216716368157,0.0762003677779345,0.00953737398316921,,,,,,,,,,
strong_1.00__rupture_1__weak_0.50__floor_theoretical__recipient_prediction_tilted,strong_incumbent_veto,pres_2007,sido_41,A,B,0.1550560112006703,0.1830565695612803,0.6837328178902612,1.0,0.1251617841394588,0.1969781637048186,-0.0,0.01,0.1969781637048186,0.12484403173333555,0.015625701750907488,,,,,,,,,,
strong_1.00__rupture_1__weak_0.50__floor_theoretical__recipient_prediction_tilted,strong_incumbent_veto,pres_2007,sido_42,A,B,0.1550560112006703,0.1830565695612803,0.6837328178902612,1.0,0.1251617841394588,0.1620964538589391,-0.0,0.01,0.1620964538589391,0.0926504884460915,0.011596300435305126,,,,,,,,,,
strong_1.00__rupture_1__weak_0.50__floor_theoretical__recipient_prediction_tilted,strong_incumbent_veto,pres_2007,sido_43,A,B,0.1550560112006703,0.1830565695612803,0.6837328178902612,1.0,0.1251617841394588,0.1871115693451475,-0.0,0.01,0.1871115693451475,0.1250937284019757,0.015656954231448167,,,,,,,,,,
strong_1.00__rupture_1__weak_0.50__floor_theoretical__recipient_prediction_tilted,strong_incumbent_veto,pres_2007,sido_44,A,B,0.1550560112006703,0.1830565695612803,0.6837328178902612,1.0,0.1251617841394588,0.1339414116449834,-0.0,0.01,0.1339414116449834,0.1803984259604589,0.0225789888491611,,,,,,,,,,
strong_1.00__rupture_1__weak_0.50__floor_theoretical__recipient_prediction_tilted,strong_incumbent_veto,pres_2007,sido_45,A,B,0.1550560112006703,0.1830565695612803,0.6837328178902612,1.0,0.1251617841394588,0.5050615589935803,-0.0,0.01,0.5050615589935803,0.2489963619554737,0.03116482890658155,,,,,,,,,,
strong_1.00__rupture_1__weak_0.50__floor_theoretical__recipient_prediction_tilted,strong_incumbent_veto,pres_2007,sido_46,A,B,0.1550560112006703,0.1830565695612803,0.6837328178902612,1.0,0.1251617841394588,0.5115021109033597,-0.0,0.01,0.5115021109033597,0.2436089090943725,0.03049052569451889,,,,,,,,,,
strong_1.00__rupture_1__weak_0.50__floor_theoretical__recipient_prediction_tilted,strong_incumbent_veto,pres_2007,sido_47,A,B,0.1550560112006703,0.1830565695612803,0.6837328178902612,1.0,0.1251617841394588,0.0689035077128128,-0.0,0.01,0.0689035077128128,0.03689871266594581,0.004618308709719025,,,,,,,,,,
strong_1.00__rupture_1__weak_0.50__floor_theoretical__recipient_prediction_tilted,strong_incumbent_veto,pres_2007,sido_48,A,B,0.1550560112006703,0.1830565695612803,0.6837328178902612,1.0,0.1251617841394588,0.0994668855013218,-0.0,0.01,0.0994668855013218,0.0644903902204684,0.008071732299843731,,,,,,,,,,
strong_1.00__rupture_1__weak_0.50__floor_theoretical__recipient_prediction_tilted,strong_incumbent_veto,pres_2007,sido_50,A,B,0.1550560112006703,0.1830565695612803,0.6837328178902612,1.0,0.1251617841394588,0.0,-0.0,0.01,0.0,0.2696919174747736,0.033755121559134356,,,,,,,,,,
strong_1.00__rupture_1__weak_0.50__floor_theoretical__recipient_prediction_tilted,strong_incumbent_veto,pres_2017,sido_11,A,B,0.14222159439442095,0.1258437002381364,1.0,1.0,0.1258437002381364,0.2981507946412702,0.8660254037844386,0.01,0.03994463232341294,0.278981980736011,0.035108124755584114,,,,,,,,,,
strong_1.00__rupture_1__weak_0.50__floor_theoretical__recipient_prediction_tilted,strong_incumbent_veto,pres_2017,sido_26,A,B,0.14222159439442095,0.1258437002381364,1.0,1.0,0.1258437002381364,0.3539560494922693,0.8660254037844386,0.01,0.047421118808782046,0.34186982856956366,0.04302216422697125,,,,,,,,,,
strong_1.00__rupture_1__weak_0.50__floor_theoretical__recipient_prediction_tilted,strong_incumbent_veto,pres_2017,sido_27,A,B,0.14222159439442095,0.1258437002381364,1.0,1.0,0.1258437002381364,0.4618834178563183,0.8660254037844386,0.01,0.06188064440596367,0.4355892243398713,0.05481615977478911,,,,,,,,,,
strong_1.00__rupture_1__weak_0.50__floor_theoretical__recipient_prediction_tilted,strong_incumbent_veto,pres_2017,sido_28,A,B,0.14222159439442095,0.1258437002381364,1.0,1.0,0.1258437002381364,0.2930148075897038,0.8660254037844386,0.01,0.03925654053201098,0.2833909071619301,0.03566296037109948,,,,,,,,,,
strong_1.00__rupture_1__weak_0.50__floor_theoretical__recipient_prediction_tilted,strong_incumbent_veto,pres_2017,sido_29,A,B,0.14222159439442095,0.1258437002381364,1.0,1.0,0.1258437002381364,0.0341806016229801,0.8660254037844386,0.01,0.01,0.045169858892708296,0.005684342182292902,,,,,,,,,,
strong_1.00__rupture_1__weak_0.50__floor_theoretical__recipient_prediction_tilted,strong_incumbent_veto,pres_2017,sido_30,A,B,0.14222159439442095,0.1258437002381364,1.0,1.0,0.1258437002381364,0.2396170369219419,0.8660254037844386,0.01,0.032102595767986436,0.23660045087585338,0.02977467621622881,,,,,,,,,,
strong_1.00__rupture_1__weak_0.50__floor_theoretical__recipient_prediction_tilted,strong_incumbent_veto,pres_2017,sido_31,A,B,0.14222159439442095,0.1258437002381364,1.0,1.0,0.1258437002381364,0.3553353097157836,0.8660254037844386,0.01,0.04760590464030356,0.33924533516110666,0.04269188826520042,,,,,,,,,,
strong_1.00__rupture_1__weak_0.50__floor_theoretical__recipient_prediction_tilted,strong_incumbent_veto,pres_2017,sido_36,A,B,0.14222159439442095,0.1258437002381364,1.0,1.0,0.1258437002381364,0.1724331995485346,0.8660254037844386,0.01,0.023101668283672248,0.20784226494522595,0.02615563968658234,,,,,,,,,,
strong_1.00__rupture_1__weak_0.50__floor_theoretical__recipient_prediction_tilted,strong_incumbent_veto,pres_2017,sido_41,A,B,0.14222159439442095,0.1258437002381364,1.0,1.0,0.1258437002381364,0.2904867750077805,0.8660254037844386,0.01,0.038917848387628025,0.28147637098044914,0.03542202805378212,,,,,,,,,,
strong_1.00__rupture_1__weak_0.50__floor_theoretical__recipient_prediction_tilted,strong_incumbent_veto,pres_2017,sido_42,A,B,0.14222159439442095,0.1258437002381364,1.0,1.0,0.1258437002381364,0.3376440484133232,0.8660254037844386,0.01,0.04523572505076244,0.32486433012568816,0.040882129378400085,,,,,,,,,,
strong_1.00__rupture_1__weak_0.50__floor_theoretical__recipient_prediction_tilted,strong_incumbent_veto,pres_2017,sido_43,A,B,0.14222159439442095,0.1258437002381364,1.0,1.0,0.1258437002381364,0.2911638514975106,0.8660254037844386,0.01,0.03900855943694667,0.282309527506691,0.03552687555392195,,,,,,,,,,
strong_1.00__rupture_1__weak_0.50__floor_theoretical__recipient_prediction_tilted,strong_incumbent_veto,pres_2017,sido_44,A,B,0.14222159439442095,0.1258437002381364,1.0,1.0,0.1258437002381364,0.2550776099850012,0.8660254037844386,0.01,0.03417391980137099,0.2518736676707936,0.03169671433224334,,,,,,,,,,
strong_1.00__rupture_1__weak_0.50__floor_theoretical__recipient_prediction_tilted,strong_incumbent_veto,pres_2017,sido_45,A,B,0.14222159439442095,0.1258437002381364,1.0,1.0,0.1258437002381364,0.0682483484546126,0.8660254037844386,0.01,0.01,0.0835712825862142,0.010516919434296128,,,,,,,,,,
strong_1.00__rupture_1__weak_0.50__floor_theoretical__recipient_prediction_tilted,strong_incumbent_veto,pres_2017,sido_46,A,B,0.14222159439442095,0.1258437002381364,1.0,1.0,0.1258437002381364,0.0438553923470368,0.8660254037844386,0.01,0.01,0.0540606403515208,0.0068031910190784846,,,,,,,,,,
strong_1.00__rupture_1__weak_0.50__floor_theoretical__recipient_prediction_tilted,strong_incumbent_veto,pres_2017,sido_47,A,B,0.14222159439442095,0.1258437002381364,1.0,1.0,0.1258437002381364,0.4863134552896404,0.8660254037844386,0.01,0.06515364880662404,0.4571941982536088,0.05753500963564225,,,,,,,,,,
strong_1.00__rupture_1__weak_0.50__floor_theoretical__recipient_prediction_tilted,strong_incumbent_veto,pres_2017,sido_48,A,B,0.14222159439442095,0.1258437002381364,1.0,1.0,0.1258437002381364,0.3752628188705947,0.8660254037844386,0.01,0.05027568463290128,0.359771080555815,0.04527492401581641,,,,,,,,,,
strong_1.00__rupture_1__weak_0.50__floor_theoretical__recipient_prediction_tilted,strong_incumbent_veto,pres_2017,sido_50,A,B,0.14222159439442095,0.1258437002381364,1.0,1.0,0.1258437002381364,0.2397495310485979,0.8660254037844386,0.01,0.032120346615106106,0.2532836546023457,0.031874152304997266,,,,,,,,,,
strong_1.00__rupture_1__weak_0.50__floor_theoretical__recipient_prediction_tilted,weak_same_lane_refusal,pres_2002,sido_11,,,,,,,,,,,,,0.025312926053931,C,A|B,0.0172553182802303,theoretical,prediction_tilted,0.01,0.060625852107862005,0.050625852107862,0.5,0.03531292605393101
strong_1.00__rupture_1__weak_0.50__floor_theoretical__recipient_prediction_tilted,weak_same_lane_refusal,pres_2002,sido_26,,,,,,,,,,,,,0.048325769394412,C,A|B,0.039818482004606,theoretical,prediction_tilted,0.01,0.106651538788824,0.096651538788824,0.5,0.058325769394411996
strong_1.00__rupture_1__weak_0.50__floor_theoretical__recipient_prediction_tilted,weak_same_lane_refusal,pres_2002,sido_27,,,,,,,,,,,,,0.0208613275891017,C,A|B,0.0058164519761945,theoretical,prediction_tilted,0.01,0.0517226551782034,0.0417226551782034,0.5,0.030861327589101702
strong_1.00__rupture_1__weak_0.50__floor_theoretical__recipient_prediction_tilted,weak_same_lane_refusal,pres_2002,sido_28,,,,,,,,,,,,,0.0264003957270692,C,A|B,0.0255062904560678,theoretical,prediction_tilted,0.01,0.0628007914541384,0.0528007914541384,0.5,0.0364003957270692
strong_1.00__rupture_1__weak_0.50__floor_theoretical__recipient_prediction_tilted,weak_same_lane_refusal,pres_2002,sido_29,,,,,,,,,,,,,0.062350677499779995,C,A|B,0.0779749988731636,theoretical,prediction_tilted,0.01,0.13470135499955999,0.12470135499955999,0.5,0.07235067749978
strong_1.00__rupture_1__weak_0.50__floor_theoretical__recipient_prediction_tilted,weak_same_lane_refusal,pres_2002,sido_30,,,,,,,,,,,,,0.0327083634776253,C,A|B,0.0189676131685742,theoretical,prediction_tilted,0.01,0.07541672695525059,0.0654167269552506,0.5,0.04270836347762529
strong_1.00__rupture_1__weak_0.50__floor_theoretical__recipient_prediction_tilted,weak_same_lane_refusal,pres_2002,sido_31,,,,,,,,,,,,,0.1227008152349797,C,A|B,0.3115852121639049,theoretical,prediction_tilted,0.01,0.2554016304699594,0.2454016304699594,0.5,0.1327008152349797
strong_1.00__rupture_1__weak_0.50__floor_theoretical__recipient_prediction_tilted,weak_same_lane_refusal,pres_2002,sido_41,,,,,,,,,,,,,0.0241102146136453,C,A|B,0.0208780312728109,theoretical,prediction_tilted,0.01,0.0582204292272906,0.0482204292272906,0.5,0.0341102146136453
strong_1.00__rupture_1__weak_0.50__floor_theoretical__recipient_prediction_tilted,weak_same_lane_refusal,pres_2002,sido_42,,,,,,,,,,,,,0.038223883459704906,C,A|B,0.0200289187580357,theoretical,prediction_tilted,0.01,0.08644776691940981,0.07644776691940981,0.5,0.0482238834597049
strong_1.00__rupture_1__weak_0.50__floor_theoretical__recipient_prediction_tilted,weak_same_lane_refusal,pres_2002,sido_43,,,,,,,,,,,,,0.031653684504008,C,A|B,0.0118716878700329,theoretical,prediction_tilted,0.01,0.073307369008016,0.063307369008016,0.5,0.041653684504008
strong_1.00__rupture_1__weak_0.50__floor_theoretical__recipient_prediction_tilted,weak_same_lane_refusal,pres_2002,sido_44,,,,,,,,,,,,,0.0177021528213866,C,A|B,0.0095463081839152,theoretical,prediction_tilted,0.01,0.0454043056427732,0.0354043056427732,0.5,0.027702152821386602
strong_1.00__rupture_1__weak_0.50__floor_theoretical__recipient_prediction_tilted,weak_same_lane_refusal,pres_2002,sido_45,,,,,,,,,,,,,0.05882763126316629,C,A|B,0.0228231814936564,theoretical,prediction_tilted,0.01,0.12765526252633258,0.11765526252633259,0.5,0.0688276312631663
strong_1.00__rupture_1__weak_0.50__floor_theoretical__recipient_prediction_tilted,weak_same_lane_refusal,pres_2002,sido_46,,,,,,,,,,,,,0.0627676696159194,C,A|B,0.0132624825931937,theoretical,prediction_tilted,0.01,0.1355353392318388,0.1255353392318388,0.5,0.0727676696159194
strong_1.00__rupture_1__weak_0.50__floor_theoretical__recipient_prediction_tilted,weak_same_lane_refusal,pres_2002,sido_47,,,,,,,,,,,,,0.017480571851519997,C,A|B,0.0296959172831779,theoretical,prediction_tilted,0.01,0.044961143703039996,0.034961143703039994,0.5,0.02748057185152
strong_1.00__rupture_1__weak_0.50__floor_theoretical__recipient_prediction_tilted,weak_same_lane_refusal,pres_2002,sido_48,,,,,,,,,,,,,0.03978345971423781,C,A|B,0.0344685791555901,theoretical,prediction_tilted,0.01,0.08956691942847561,0.07956691942847562,0.5,0.0497834597142378
strong_1.00__rupture_1__weak_0.50__floor_theoretical__recipient_prediction_tilted,weak_same_lane_refusal,pres_2002,sido_50,,,,,,,,,,,,,0.06862850488756084,C,A|B,0.0,theoretical,prediction_tilted,0.01,0.14725700977512168,0.13725700977512167,0.5,0.07862850488756085
strong_1.00__rupture_1__weak_0.50__floor_theoretical__recipient_prediction_tilted,weak_same_lane_refusal,pres_2022,sido_11,,,,,,,,,,,,,0.0201244962273979,C,A|B,0.029384832583875,theoretical,prediction_tilted,0.01,0.050248992454795804,0.0402489924547958,0.5,0.030124496227397903
strong_1.00__rupture_1__weak_0.50__floor_theoretical__recipient_prediction_tilted,weak_same_lane_refusal,pres_2022,sido_26,,,,,,,,,,,,,0.0186599718785586,C,A|B,0.0399820977460082,theoretical,prediction_tilted,0.01,0.0473199437571172,0.0373199437571172,0.5,0.0286599718785586
strong_1.00__rupture_1__weak_0.50__floor_theoretical__recipient_prediction_tilted,weak_same_lane_refusal,pres_2022,sido_27,,,,,,,,,,,,,0.012936492498500998,C,A|B,0.0389354436816256,theoretical,prediction_tilted,0.01,0.035872984997002,0.025872984997001996,0.5,0.022936492498501
strong_1.00__rupture_1__weak_0.50__floor_theoretical__recipient_prediction_tilted,weak_same_lane_refusal,pres_2022,sido_28,,,,,,,,,,,,,0.0217159160626799,C,A|B,0.0485003528440327,theoretical,prediction_tilted,0.01,0.053431832125359804,0.0434318321253598,0.5,0.0317159160626799
strong_1.00__rupture_1__weak_0.50__floor_theoretical__recipient_prediction_tilted,weak_same_lane_refusal,pres_2022,sido_29,,,,,,,,,,,,,0.0373448252333252,C,A|B,0.0876883018010707,theoretical,prediction_tilted,0.01,0.08468965046665039,0.0746896504666504,0.5,0.04734482523332519
strong_1.00__rupture_1__weak_0.50__floor_theoretical__recipient_prediction_tilted,weak_same_lane_refusal,pres_2022,sido_30,,,,,,,,,,,,,0.020154557844191,C,A|B,0.0287620743601844,theoretical,prediction_tilted,0.01,0.050309115688382,0.040309115688382,0.5,0.030154557844191
strong_1.00__rupture_1__weak_0.50__floor_theoretical__recipient_prediction_tilted,weak_same_lane_refusal,pres_2022,sido_31,,,,,,,,,,,,,0.0461215494330516,C,A|B,0.176134143020495,theoretical,prediction_tilted,0.01,0.1022430988661032,0.0922430988661032,0.5,0.056121549433051594
strong_1.00__rupture_1__weak_0.50__floor_theoretical__recipient_prediction_tilted,weak_same_lane_refusal,pres_2022,sido_36,,,,,,,,,,,,,0.0248830085457187,C,A|B,0.0509430370441767,theoretical,prediction_tilted,0.01,0.059766017091437404,0.0497660170914374,0.5,0.0348830085457187
strong_1.00__rupture_1__weak_0.50__floor_theoretical__recipient_prediction_tilted,weak_same_lane_refusal,pres_2022,sido_41,,,,,,,,,,,,,0.017292096576477,C,A|B,0.0359763522960836,theoretical,prediction_tilted,0.01,0.044584193152954005,0.034584193152954,0.5,0.027292096576477003
strong_1.00__rupture_1__weak_0.50__floor_theoretical__recipient_prediction_tilted,weak_same_lane_refusal,pres_2022,sido_42,,,,,,,,,,,,,0.0183571726243893,C,A|B,0.0308172356117518,theoretical,prediction_tilted,0.01,0.0467143452487786,0.0367143452487786,0.5,0.0283571726243893
strong_1.00__rupture_1__weak_0.50__floor_theoretical__recipient_prediction_tilted,weak_same_lane_refusal,pres_2022,sido_43,,,,,,,,,,,,,0.0186670060447342,C,A|B,0.0345580698080987,theoretical,prediction_tilted,0.01,0.0473340120894684,0.0373340120894684,0.5,0.0286670060447342
strong_1.00__rupture_1__weak_0.50__floor_theoretical__recipient_prediction_tilted,weak_same_lane_refusal,pres_2022,sido_44,,,,,,,,,,,,,0.0185115449354657,C,A|B,0.0309340683403439,theoretical,prediction_tilted,0.01,0.0470230898709314,0.0370230898709314,0.5,0.0285115449354657
strong_1.00__rupture_1__weak_0.50__floor_theoretical__recipient_prediction_tilted,weak_same_lane_refusal,pres_2022,sido_45,,,,,,,,,,,,,0.0311980689793105,C,A|B,0.0459485902537228,theoretical,prediction_tilted,0.01,0.072396137958621,0.062396137958621,0.5,0.0411980689793105
strong_1.00__rupture_1__weak_0.50__floor_theoretical__recipient_prediction_tilted,weak_same_lane_refusal,pres_2022,sido_46,,,,,,,,,,,,,0.0308684238021872,C,A|B,0.0592373366011094,theoretical,prediction_tilted,0.01,0.0717368476043744,0.0617368476043744,0.5,0.040868423802187206
strong_1.00__rupture_1__weak_0.50__floor_theoretical__recipient_prediction_tilted,weak_same_lane_refusal,pres_2022,sido_47,,,,,,,,,,,,,0.012709123387680796,C,A|B,0.0343795636905044,theoretical,prediction_tilted,0.01,0.035418246775361595,0.025418246775361593,0.5,0.0227091233876808
strong_1.00__rupture_1__weak_0.50__floor_theoretical__recipient_prediction_tilted,weak_same_lane_refusal,pres_2022,sido_48,,,,,,,,,,,,,0.0262275269035888,C,A|B,0.0766151338961869,theoretical,prediction_tilted,0.01,0.0624550538071776,0.0524550538071776,0.5,0.0362275269035888
strong_1.00__rupture_1__weak_0.50__floor_theoretical__recipient_prediction_tilted,weak_same_lane_refusal,pres_2022,sido_50,,,,,,,,,,,,,0.0318380298535168,C,A|B,0.0503767176193264,theoretical,prediction_tilted,0.01,0.0736760597070336,0.0636760597070336,0.5,0.0418380298535168
strong_1.00__rupture_1__weak_0.50__floor_none__recipient_affinity_only,strong_incumbent_veto,pres_2007,sido_11,A,B,0.1550560112006703,0.1830565695612803,0.6837328178902612,1.0,0.1251617841394588,0.224727422604459,-0.0,0.01,0.224727422604459,0.11575376295856316,0.014487947492749764,,,,,,,,,,
strong_1.00__rupture_1__weak_0.50__floor_none__recipient_affinity_only,strong_incumbent_veto,pres_2007,sido_26,A,B,0.1550560112006703,0.1830565695612803,0.6837328178902612,1.0,0.1251617841394588,0.1230144019232013,-0.0,0.01,0.1230144019232013,0.06769999442714049,0.008473452088732321,,,,,,,,,,
strong_1.00__rupture_1__weak_0.50__floor_none__recipient_affinity_only,strong_incumbent_veto,pres_2007,sido_27,A,B,0.1550560112006703,0.1830565695612803,0.6837328178902612,1.0,0.1251617841394588,0.0533297784427378,-0.0,0.01,0.0533297784427378,0.036548243373766096,0.004574443347823718,,,,,,,,,,
strong_1.00__rupture_1__weak_0.50__floor_none__recipient_affinity_only,strong_incumbent_veto,pres_2007,sido_28,A,B,0.1550560112006703,0.1830565695612803,0.6837328178902612,1.0,0.1251617841394588,0.1882964963574757,-0.0,0.01,0.1882964963574757,0.1253482410577939,0.015688809489536448,,,,,,,,,,
strong_1.00__rupture_1__weak_0.50__floor_none__recipient_affinity_only,strong_incumbent_veto,pres_2007,sido_29,A,B,0.1550560112006703,0.1830565695612803,0.6837328178902612,1.0,0.1251617841394588,0.5063986688693,-0.0,0.01,0.5063986688693,0.24746182449968468,0.030972763460786173,,,,,,,,,,
strong_1.00__rupture_1__weak_0.50__floor_none__recipient_affinity_only,strong_incumbent_veto,pres_2007,sido_30,A,B,0.1550560112006703,0.1830565695612803,0.6837328178902612,1.0,0.1251617841394588,0.1749885957265136,-0.0,0.01,0.1749885957265136,0.1550161062926277,0.019402092433937267,,,,,,,,,,
strong_1.00__rupture_1__weak_0.50__floor_none__recipient_affinity_only,strong_incumbent_veto,pres_2007,sido_31,A,B,0.1550560112006703,0.1830565695612803,0.6837328178902612,1.0,0.1251617841394588,0.0922216716368157,-0.0,0.01,0.0922216716368157,0.0762003677779345,0.00953737398316921,,,,,,,,,,
strong_1.00__rupture_1__weak_0.50__floor_none__recipient_affinity_only,strong_incumbent_veto,pres_2007,sido_41,A,B,0.1550560112006703,0.1830565695612803,0.6837328178902612,1.0,0.1251617841394588,0.1969781637048186,-0.0,0.01,0.1969781637048186,0.12484403173333555,0.015625701750907488,,,,,,,,,,
strong_1.00__rupture_1__weak_0.50__floor_none__recipient_affinity_only,strong_incumbent_veto,pres_2007,sido_42,A,B,0.1550560112006703,0.1830565695612803,0.6837328178902612,1.0,0.1251617841394588,0.1620964538589391,-0.0,0.01,0.1620964538589391,0.0926504884460915,0.011596300435305126,,,,,,,,,,
strong_1.00__rupture_1__weak_0.50__floor_none__recipient_affinity_only,strong_incumbent_veto,pres_2007,sido_43,A,B,0.1550560112006703,0.1830565695612803,0.6837328178902612,1.0,0.1251617841394588,0.1871115693451475,-0.0,0.01,0.1871115693451475,0.1250937284019757,0.015656954231448167,,,,,,,,,,
strong_1.00__rupture_1__weak_0.50__floor_none__recipient_affinity_only,strong_incumbent_veto,pres_2007,sido_44,A,B,0.1550560112006703,0.1830565695612803,0.6837328178902612,1.0,0.1251617841394588,0.1339414116449834,-0.0,0.01,0.1339414116449834,0.1803984259604589,0.0225789888491611,,,,,,,,,,
strong_1.00__rupture_1__weak_0.50__floor_none__recipient_affinity_only,strong_incumbent_veto,pres_2007,sido_45,A,B,0.1550560112006703,0.1830565695612803,0.6837328178902612,1.0,0.1251617841394588,0.5050615589935803,-0.0,0.01,0.5050615589935803,0.2489963619554737,0.03116482890658155,,,,,,,,,,
strong_1.00__rupture_1__weak_0.50__floor_none__recipient_affinity_only,strong_incumbent_veto,pres_2007,sido_46,A,B,0.1550560112006703,0.1830565695612803,0.6837328178902612,1.0,0.1251617841394588,0.5115021109033597,-0.0,0.01,0.5115021109033597,0.2436089090943725,0.03049052569451889,,,,,,,,,,
strong_1.00__rupture_1__weak_0.50__floor_none__recipient_affinity_only,strong_incumbent_veto,pres_2007,sido_47,A,B,0.1550560112006703,0.1830565695612803,0.6837328178902612,1.0,0.1251617841394588,0.0689035077128128,-0.0,0.01,0.0689035077128128,0.03689871266594581,0.004618308709719025,,,,,,,,,,
strong_1.00__rupture_1__weak_0.50__floor_none__recipient_affinity_only,strong_incumbent_veto,pres_2007,sido_48,A,B,0.1550560112006703,0.1830565695612803,0.6837328178902612,1.0,0.1251617841394588,0.0994668855013218,-0.0,0.01,0.0994668855013218,0.0644903902204684,0.008071732299843731,,,,,,,,,,
strong_1.00__rupture_1__weak_0.50__floor_none__recipient_affinity_only,strong_incumbent_veto,pres_2007,sido_50,A,B,0.1550560112006703,0.1830565695612803,0.6837328178902612,1.0,0.1251617841394588,0.0,-0.0,0.01,0.0,0.2696919174747736,0.033755121559134356,,,,,,,,,,
strong_1.00__rupture_1__weak_0.50__floor_none__recipient_affinity_only,strong_incumbent_veto,pres_2017,sido_11,A,B,0.14222159439442095,0.1258437002381364,1.0,1.0,0.1258437002381364,0.2981507946412702,0.8660254037844386,0.01,0.03994463232341294,0.278981980736011,0.035108124755584114,,,,,,,,,,
strong_1.00__rupture_1__weak_0.50__floor_none__recipient_affinity_only,strong_incumbent_veto,pres_2017,sido_26,A,B,0.14222159439442095,0.1258437002381364,1.0,1.0,0.1258437002381364,0.3539560494922693,0.8660254037844386,0.01,0.047421118808782046,0.34186982856956366,0.04302216422697125,,,,,,,,,,
strong_1.00__rupture_1__weak_0.50__floor_none__recipient_affinity_only,strong_incumbent_veto,pres_2017,sido_27,A,B,0.14222159439442095,0.1258437002381364,1.0,1.0,0.1258437002381364,0.4618834178563183,0.8660254037844386,0.01,0.06188064440596367,0.4355892243398713,0.05481615977478911,,,,,,,,,,
strong_1.00__rupture_1__weak_0.50__floor_none__recipient_affinity_only,strong_incumbent_veto,pres_2017,sido_28,A,B,0.14222159439442095,0.1258437002381364,1.0,1.0,0.1258437002381364,0.2930148075897038,0.8660254037844386,0.01,0.03925654053201098,0.2833909071619301,0.03566296037109948,,,,,,,,,,
strong_1.00__rupture_1__weak_0.50__floor_none__recipient_affinity_only,strong_incumbent_veto,pres_2017,sido_29,A,B,0.14222159439442095,0.1258437002381364,1.0,1.0,0.1258437002381364,0.0341806016229801,0.8660254037844386,0.01,0.01,0.045169858892708296,0.005684342182292902,,,,,,,,,,
strong_1.00__rupture_1__weak_0.50__floor_none__recipient_affinity_only,strong_incumbent_veto,pres_2017,sido_30,A,B,0.14222159439442095,0.1258437002381364,1.0,1.0,0.1258437002381364,0.2396170369219419,0.8660254037844386,0.01,0.032102595767986436,0.23660045087585338,0.02977467621622881,,,,,,,,,,
strong_1.00__rupture_1__weak_0.50__floor_none__recipient_affinity_only,strong_incumbent_veto,pres_2017,sido_31,A,B,0.14222159439442095,0.1258437002381364,1.0,1.0,0.1258437002381364,0.3553353097157836,0.8660254037844386,0.01,0.04760590464030356,0.33924533516110666,0.04269188826520042,,,,,,,,,,
strong_1.00__rupture_1__weak_0.50__floor_none__recipient_affinity_only,strong_incumbent_veto,pres_2017,sido_36,A,B,0.14222159439442095,0.1258437002381364,1.0,1.0,0.1258437002381364,0.1724331995485346,0.8660254037844386,0.01,0.023101668283672248,0.20784226494522595,0.02615563968658234,,,,,,,,,,
strong_1.00__rupture_1__weak_0.50__floor_none__recipient_affinity_only,strong_incumbent_veto,pres_2017,sido_41,A,B,0.14222159439442095,0.1258437002381364,1.0,1.0,0.1258437002381364,0.2904867750077805,0.8660254037844386,0.01,0.038917848387628025,0.28147637098044914,0.03542202805378212,,,,,,,,,,
strong_1.00__rupture_1__weak_0.50__floor_none__recipient_affinity_only,strong_incumbent_veto,pres_2017,sido_42,A,B,0.14222159439442095,0.1258437002381364,1.0,1.0,0.1258437002381364,0.3376440484133232,0.8660254037844386,0.01,0.04523572505076244,0.32486433012568816,0.040882129378400085,,,,,,,,,,
strong_1.00__rupture_1__weak_0.50__floor_none__recipient_affinity_only,strong_incumbent_veto,pres_2017,sido_43,A,B,0.14222159439442095,0.1258437002381364,1.0,1.0,0.1258437002381364,0.2911638514975106,0.8660254037844386,0.01,0.03900855943694667,0.282309527506691,0.03552687555392195,,,,,,,,,,
strong_1.00__rupture_1__weak_0.50__floor_none__recipient_affinity_only,strong_incumbent_veto,pres_2017,sido_44,A,B,0.14222159439442095,0.1258437002381364,1.0,1.0,0.1258437002381364,0.2550776099850012,0.8660254037844386,0.01,0.03417391980137099,0.2518736676707936,0.03169671433224334,,,,,,,,,,
strong_1.00__rupture_1__weak_0.50__floor_none__recipient_affinity_only,strong_incumbent_veto,pres_2017,sido_45,A,B,0.14222159439442095,0.1258437002381364,1.0,1.0,0.1258437002381364,0.0682483484546126,0.8660254037844386,0.01,0.01,0.0835712825862142,0.010516919434296128,,,,,,,,,,
strong_1.00__rupture_1__weak_0.50__floor_none__recipient_affinity_only,strong_incumbent_veto,pres_2017,sido_46,A,B,0.14222159439442095,0.1258437002381364,1.0,1.0,0.1258437002381364,0.0438553923470368,0.8660254037844386,0.01,0.01,0.0540606403515208,0.0068031910190784846,,,,,,,,,,
strong_1.00__rupture_1__weak_0.50__floor_none__recipient_affinity_only,strong_incumbent_veto,pres_2017,sido_47,A,B,0.14222159439442095,0.1258437002381364,1.0,1.0,0.1258437002381364,0.4863134552896404,0.8660254037844386,0.01,0.06515364880662404,0.4571941982536088,0.05753500963564225,,,,,,,,,,
strong_1.00__rupture_1__weak_0.50__floor_none__recipient_affinity_only,strong_incumbent_veto,pres_2017,sido_48,A,B,0.14222159439442095,0.1258437002381364,1.0,1.0,0.1258437002381364,0.3752628188705947,0.8660254037844386,0.01,0.05027568463290128,0.359771080555815,0.04527492401581641,,,,,,,,,,
strong_1.00__rupture_1__weak_0.50__floor_none__recipient_affinity_only,strong_incumbent_veto,pres_2017,sido_50,A,B,0.14222159439442095,0.1258437002381364,1.0,1.0,0.1258437002381364,0.2397495310485979,0.8660254037844386,0.01,0.032120346615106106,0.2532836546023457,0.031874152304997266,,,,,,,,,,
strong_1.00__rupture_1__weak_0.50__floor_none__recipient_affinity_only,weak_same_lane_refusal,pres_2002,sido_11,,,,,,,,,,,,,0.030312926053931002,C,A,0.0172553182802303,none,affinity_only,0.0,0.060625852107862005,0.060625852107862005,0.5,0.030312926053931002
strong_1.00__rupture_1__weak_0.50__floor_none__recipient_affinity_only,weak_same_lane_refusal,pres_2002,sido_26,,,,,,,,,,,,,0.053325769394412,C,A,0.039818482004606,none,affinity_only,0.0,0.106651538788824,0.106651538788824,0.5,0.053325769394412
strong_1.00__rupture_1__weak_0.50__floor_none__recipient_affinity_only,weak_same_lane_refusal,pres_2002,sido_27,,,,,,,,,,,,,0.0258613275891017,C,A,0.0058164519761945,none,affinity_only,0.0,0.0517226551782034,0.0517226551782034,0.5,0.0258613275891017
strong_1.00__rupture_1__weak_0.50__floor_none__recipient_affinity_only,weak_same_lane_refusal,pres_2002,sido_28,,,,,,,,,,,,,0.0314003957270692,C,A,0.0255062904560678,none,affinity_only,0.0,0.0628007914541384,0.0628007914541384,0.5,0.0314003957270692
strong_1.00__rupture_1__weak_0.50__floor_none__recipient_affinity_only,weak_same_lane_refusal,pres_2002,sido_29,,,,,,,,,,,,,0.06735067749977999,C,A,0.0779749988731636,none,affinity_only,0.0,0.13470135499955999,0.13470135499955999,0.5,0.06735067749977999
strong_1.00__rupture_1__weak_0.50__floor_none__recipient_affinity_only,weak_same_lane_refusal,pres_2002,sido_30,,,,,,,,,,,,,0.037708363477625295,C,A,0.0189676131685742,none,affinity_only,0.0,0.07541672695525059,0.07541672695525059,0.5,0.037708363477625295
strong_1.00__rupture_1__weak_0.50__floor_none__recipient_affinity_only,weak_same_lane_refusal,pres_2002,sido_31,,,,,,,,,,,,,0.1277008152349797,C,A,0.3115852121639049,none,affinity_only,0.0,0.2554016304699594,0.2554016304699594,0.5,0.1277008152349797
strong_1.00__rupture_1__weak_0.50__floor_none__recipient_affinity_only,weak_same_lane_refusal,pres_2002,sido_41,,,,,,,,,,,,,0.0291102146136453,C,A,0.0208780312728109,none,affinity_only,0.0,0.0582204292272906,0.0582204292272906,0.5,0.0291102146136453
strong_1.00__rupture_1__weak_0.50__floor_none__recipient_affinity_only,weak_same_lane_refusal,pres_2002,sido_42,,,,,,,,,,,,,0.043223883459704904,C,A,0.0200289187580357,none,affinity_only,0.0,0.08644776691940981,0.08644776691940981,0.5,0.043223883459704904
strong_1.00__rupture_1__weak_0.50__floor_none__recipient_affinity_only,weak_same_lane_refusal,pres_2002,sido_43,,,,,,,,,,,,,0.036653684504008,C,A,0.0118716878700329,none,affinity_only,0.0,0.073307369008016,0.073307369008016,0.5,0.036653684504008
strong_1.00__rupture_1__weak_0.50__floor_none__recipient_affinity_only,weak_same_lane_refusal,pres_2002,sido_44,,,,,,,,,,,,,0.0227021528213866,C,A,0.0095463081839152,none,affinity_only,0.0,0.0454043056427732,0.0454043056427732,0.5,0.0227021528213866
strong_1.00__rupture_1__weak_0.50__floor_none__recipient_affinity_only,weak_same_lane_refusal,pres_2002,sido_45,,,,,,,,,,,,,0.06382763126316629,C,A,0.0228231814936564,none,affinity_only,0.0,0.12765526252633258,0.12765526252633258,0.5,0.06382763126316629
strong_1.00__rupture_1__weak_0.50__floor_none__recipient_affinity_only,weak_same_lane_refusal,pres_2002,sido_46,,,,,,,,,,,,,0.0677676696159194,C,A,0.0132624825931937,none,affinity_only,0.0,0.1355353392318388,0.1355353392318388,0.5,0.0677676696159194
strong_1.00__rupture_1__weak_0.50__floor_none__recipient_affinity_only,weak_same_lane_refusal,pres_2002,sido_47,,,,,,,,,,,,,0.022480571851519998,C,A,0.0296959172831779,none,affinity_only,0.0,0.044961143703039996,0.044961143703039996,0.5,0.022480571851519998
strong_1.00__rupture_1__weak_0.50__floor_none__recipient_affinity_only,weak_same_lane_refusal,pres_2002,sido_48,,,,,,,,,,,,,0.044783459714237805,C,A,0.0344685791555901,none,affinity_only,0.0,0.08956691942847561,0.08956691942847561,0.5,0.044783459714237805
strong_1.00__rupture_1__weak_0.50__floor_none__recipient_affinity_only,weak_same_lane_refusal,pres_2002,sido_50,,,,,,,,,,,,,0.07362850488756084,C,A,0.0,none,affinity_only,0.0,0.14725700977512168,0.14725700977512168,0.5,0.07362850488756084
strong_1.00__rupture_1__weak_0.50__floor_none__recipient_affinity_only,weak_same_lane_refusal,pres_2022,sido_11,,,,,,,,,,,,,0.025124496227397902,C,B,0.029384832583875,none,affinity_only,0.0,0.050248992454795804,0.050248992454795804,0.5,0.025124496227397902
strong_1.00__rupture_1__weak_0.50__floor_none__recipient_affinity_only,weak_same_lane_refusal,pres_2022,sido_26,,,,,,,,,,,,,0.0236599718785586,C,B,0.0399820977460082,none,affinity_only,0.0,0.0473199437571172,0.0473199437571172,0.5,0.0236599718785586
strong_1.00__rupture_1__weak_0.50__floor_none__recipient_affinity_only,weak_same_lane_refusal,pres_2022,sido_27,,,,,,,,,,,,,0.017936492498501,C,B,0.0389354436816256,none,affinity_only,0.0,0.035872984997002,0.035872984997002,0.5,0.017936492498501
strong_1.00__rupture_1__weak_0.50__floor_none__recipient_affinity_only,weak_same_lane_refusal,pres_2022,sido_28,,,,,,,,,,,,,0.026715916062679902,C,B,0.0485003528440327,none,affinity_only,0.0,0.053431832125359804,0.053431832125359804,0.5,0.026715916062679902
strong_1.00__rupture_1__weak_0.50__floor_none__recipient_affinity_only,weak_same_lane_refusal,pres_2022,sido_29,,,,,,,,,,,,,0.042344825233325195,C,B,0.0876883018010707,none,affinity_only,0.0,0.08468965046665039,0.08468965046665039,0.5,0.042344825233325195
strong_1.00__rupture_1__weak_0.50__floor_none__recipient_affinity_only,weak_same_lane_refusal,pres_2022,sido_30,,,,,,,,,,,,,0.025154557844191,C,B,0.0287620743601844,none,affinity_only,0.0,0.050309115688382,0.050309115688382,0.5,0.025154557844191
strong_1.00__rupture_1__weak_0.50__floor_none__recipient_affinity_only,weak_same_lane_refusal,pres_2022,sido_31,,,,,,,,,,,,,0.0511215494330516,C,B,0.176134143020495,none,affinity_only,0.0,0.1022430988661032,0.1022430988661032,0.5,0.0511215494330516
strong_1.00__rupture_1__weak_0.50__floor_none__recipient_affinity_only,weak_same_lane_refusal,pres_2022,sido_36,,,,,,,,,,,,,0.029883008545718702,C,B,0.0509430370441767,none,affinity_only,0.0,0.059766017091437404,0.059766017091437404,0.5,0.029883008545718702
strong_1.00__rupture_1__weak_0.50__floor_none__recipient_affinity_only,weak_same_lane_refusal,pres_2022,sido_41,,,,,,,,,,,,,0.022292096576477002,C,B,0.0359763522960836,none,affinity_only,0.0,0.044584193152954005,0.044584193152954005,0.5,0.022292096576477002
strong_1.00__rupture_1__weak_0.50__floor_none__recipient_affinity_only,weak_same_lane_refusal,pres_2022,sido_42,,,,,,,,,,,,,0.0233571726243893,C,B,0.0308172356117518,none,affinity_only,0.0,0.0467143452487786,0.0467143452487786,0.5,0.0233571726243893
strong_1.00__rupture_1__weak_0.50__floor_none__recipient_affinity_only,weak_same_lane_refusal,pres_2022,sido_43,,,,,,,,,,,,,0.0236670060447342,C,B,0.0345580698080987,none,affinity_only,0.0,0.0473340120894684,0.0473340120894684,0.5,0.0236670060447342
strong_1.00__rupture_1__weak_0.50__floor_none__recipient_affinity_only,weak_same_lane_refusal,pres_2022,sido_44,,,,,,,,,,,,,0.0235115449354657,C,B,0.0309340683403439,none,affinity_only,0.0,0.0470230898709314,0.0470230898709314,0.5,0.0235115449354657
strong_1.00__rupture_1__weak_0.50__floor_none__recipient_affinity_only,weak_same_lane_refusal,pres_2022,sido_45,,,,,,,,,,,,,0.0361980689793105,C,B,0.0459485902537228,none,affinity_only,0.0,0.072396137958621,0.072396137958621,0.5,0.0361980689793105
strong_1.00__rupture_1__weak_0.50__floor_none__recipient_affinity_only,weak_same_lane_refusal,pres_2022,sido_46,,,,,,,,,,,,,0.0358684238021872,C,B,0.0592373366011094,none,affinity_only,0.0,0.0717368476043744,0.0717368476043744,0.5,0.0358684238021872
strong_1.00__rupture_1__weak_0.50__floor_none__recipient_affinity_only,weak_same_lane_refusal,pres_2022,sido_47,,,,,,,,,,,,,0.017709123387680797,C,B,0.0343795636905044,none,affinity_only,0.0,0.035418246775361595,0.035418246775361595,0.5,0.017709123387680797
strong_1.00__rupture_1__weak_0.50__floor_none__recipient_affinity_only,weak_same_lane_refusal,pres_2022,sido_48,,,,,,,,,,,,,0.0312275269035888,C,B,0.0766151338961869,none,affinity_only,0.0,0.0624550538071776,0.0624550538071776,0.5,0.0312275269035888
strong_1.00__rupture_1__weak_0.50__floor_none__recipient_affinity_only,weak_same_lane_refusal,pres_2022,sido_50,,,,,,,,,,,,,0.0368380298535168,C,B,0.0503767176193264,none,affinity_only,0.0,0.0736760597070336,0.0736760597070336,0.5,0.0368380298535168
strong_1.00__rupture_1__weak_0.50__floor_none__recipient_prediction_tilted,strong_incumbent_veto,pres_2007,sido_11,A,B,0.1550560112006703,0.1830565695612803,0.6837328178902612,1.0,0.1251617841394588,0.224727422604459,-0.0,0.01,0.224727422604459,0.11575376295856316,0.014487947492749764,,,,,,,,,,
strong_1.00__rupture_1__weak_0.50__floor_none__recipient_prediction_tilted,strong_incumbent_veto,pres_2007,sido_26,A,B,0.1550560112006703,0.1830565695612803,0.6837328178902612,1.0,0.1251617841394588,0.1230144019232013,-0.0,0.01,0.1230144019232013,0.06769999442714049,0.008473452088732321,,,,,,,,,,
strong_1.00__rupture_1__weak_0.50__floor_none__recipient_prediction_tilted,strong_incumbent_veto,pres_2007,sido_27,A,B,0.1550560112006703,0.1830565695612803,0.6837328178902612,1.0,0.1251617841394588,0.0533297784427378,-0.0,0.01,0.0533297784427378,0.036548243373766096,0.004574443347823718,,,,,,,,,,
strong_1.00__rupture_1__weak_0.50__floor_none__recipient_prediction_tilted,strong_incumbent_veto,pres_2007,sido_28,A,B,0.1550560112006703,0.1830565695612803,0.6837328178902612,1.0,0.1251617841394588,0.1882964963574757,-0.0,0.01,0.1882964963574757,0.1253482410577939,0.015688809489536448,,,,,,,,,,
strong_1.00__rupture_1__weak_0.50__floor_none__recipient_prediction_tilted,strong_incumbent_veto,pres_2007,sido_29,A,B,0.1550560112006703,0.1830565695612803,0.6837328178902612,1.0,0.1251617841394588,0.5063986688693,-0.0,0.01,0.5063986688693,0.24746182449968468,0.030972763460786173,,,,,,,,,,
strong_1.00__rupture_1__weak_0.50__floor_none__recipient_prediction_tilted,strong_incumbent_veto,pres_2007,sido_30,A,B,0.1550560112006703,0.1830565695612803,0.6837328178902612,1.0,0.1251617841394588,0.1749885957265136,-0.0,0.01,0.1749885957265136,0.1550161062926277,0.019402092433937267,,,,,,,,,,
strong_1.00__rupture_1__weak_0.50__floor_none__recipient_prediction_tilted,strong_incumbent_veto,pres_2007,sido_31,A,B,0.1550560112006703,0.1830565695612803,0.6837328178902612,1.0,0.1251617841394588,0.0922216716368157,-0.0,0.01,0.0922216716368157,0.0762003677779345,0.00953737398316921,,,,,,,,,,
strong_1.00__rupture_1__weak_0.50__floor_none__recipient_prediction_tilted,strong_incumbent_veto,pres_2007,sido_41,A,B,0.1550560112006703,0.1830565695612803,0.6837328178902612,1.0,0.1251617841394588,0.1969781637048186,-0.0,0.01,0.1969781637048186,0.12484403173333555,0.015625701750907488,,,,,,,,,,
strong_1.00__rupture_1__weak_0.50__floor_none__recipient_prediction_tilted,strong_incumbent_veto,pres_2007,sido_42,A,B,0.1550560112006703,0.1830565695612803,0.6837328178902612,1.0,0.1251617841394588,0.1620964538589391,-0.0,0.01,0.1620964538589391,0.0926504884460915,0.011596300435305126,,,,,,,,,,
strong_1.00__rupture_1__weak_0.50__floor_none__recipient_prediction_tilted,strong_incumbent_veto,pres_2007,sido_43,A,B,0.1550560112006703,0.1830565695612803,0.6837328178902612,1.0,0.1251617841394588,0.1871115693451475,-0.0,0.01,0.1871115693451475,0.1250937284019757,0.015656954231448167,,,,,,,,,,
strong_1.00__rupture_1__weak_0.50__floor_none__recipient_prediction_tilted,strong_incumbent_veto,pres_2007,sido_44,A,B,0.1550560112006703,0.1830565695612803,0.6837328178902612,1.0,0.1251617841394588,0.1339414116449834,-0.0,0.01,0.1339414116449834,0.1803984259604589,0.0225789888491611,,,,,,,,,,
strong_1.00__rupture_1__weak_0.50__floor_none__recipient_prediction_tilted,strong_incumbent_veto,pres_2007,sido_45,A,B,0.1550560112006703,0.1830565695612803,0.6837328178902612,1.0,0.1251617841394588,0.5050615589935803,-0.0,0.01,0.5050615589935803,0.2489963619554737,0.03116482890658155,,,,,,,,,,
strong_1.00__rupture_1__weak_0.50__floor_none__recipient_prediction_tilted,strong_incumbent_veto,pres_2007,sido_46,A,B,0.1550560112006703,0.1830565695612803,0.6837328178902612,1.0,0.1251617841394588,0.5115021109033597,-0.0,0.01,0.5115021109033597,0.2436089090943725,0.03049052569451889,,,,,,,,,,
strong_1.00__rupture_1__weak_0.50__floor_none__recipient_prediction_tilted,strong_incumbent_veto,pres_2007,sido_47,A,B,0.1550560112006703,0.1830565695612803,0.6837328178902612,1.0,0.1251617841394588,0.0689035077128128,-0.0,0.01,0.0689035077128128,0.03689871266594581,0.004618308709719025,,,,,,,,,,
strong_1.00__rupture_1__weak_0.50__floor_none__recipient_prediction_tilted,strong_incumbent_veto,pres_2007,sido_48,A,B,0.1550560112006703,0.1830565695612803,0.6837328178902612,1.0,0.1251617841394588,0.0994668855013218,-0.0,0.01,0.0994668855013218,0.0644903902204684,0.008071732299843731,,,,,,,,,,
strong_1.00__rupture_1__weak_0.50__floor_none__recipient_prediction_tilted,strong_incumbent_veto,pres_2007,sido_50,A,B,0.1550560112006703,0.1830565695612803,0.6837328178902612,1.0,0.1251617841394588,0.0,-0.0,0.01,0.0,0.2696919174747736,0.033755121559134356,,,,,,,,,,
strong_1.00__rupture_1__weak_0.50__floor_none__recipient_prediction_tilted,strong_incumbent_veto,pres_2017,sido_11,A,B,0.14222159439442095,0.1258437002381364,1.0,1.0,0.1258437002381364,0.2981507946412702,0.8660254037844386,0.01,0.03994463232341294,0.278981980736011,0.035108124755584114,,,,,,,,,,
strong_1.00__rupture_1__weak_0.50__floor_none__recipient_prediction_tilted,strong_incumbent_veto,pres_2017,sido_26,A,B,0.14222159439442095,0.1258437002381364,1.0,1.0,0.1258437002381364,0.3539560494922693,0.8660254037844386,0.01,0.047421118808782046,0.34186982856956366,0.04302216422697125,,,,,,,,,,
strong_1.00__rupture_1__weak_0.50__floor_none__recipient_prediction_tilted,strong_incumbent_veto,pres_2017,sido_27,A,B,0.14222159439442095,0.1258437002381364,1.0,1.0,0.1258437002381364,0.4618834178563183,0.8660254037844386,0.01,0.06188064440596367,0.4355892243398713,0.05481615977478911,,,,,,,,,,
strong_1.00__rupture_1__weak_0.50__floor_none__recipient_prediction_tilted,strong_incumbent_veto,pres_2017,sido_28,A,B,0.14222159439442095,0.1258437002381364,1.0,1.0,0.1258437002381364,0.2930148075897038,0.8660254037844386,0.01,0.03925654053201098,0.2833909071619301,0.03566296037109948,,,,,,,,,,
strong_1.00__rupture_1__weak_0.50__floor_none__recipient_prediction_tilted,strong_incumbent_veto,pres_2017,sido_29,A,B,0.14222159439442095,0.1258437002381364,1.0,1.0,0.1258437002381364,0.0341806016229801,0.8660254037844386,0.01,0.01,0.045169858892708296,0.005684342182292902,,,,,,,,,,
strong_1.00__rupture_1__weak_0.50__floor_none__recipient_prediction_tilted,strong_incumbent_veto,pres_2017,sido_30,A,B,0.14222159439442095,0.1258437002381364,1.0,1.0,0.1258437002381364,0.2396170369219419,0.8660254037844386,0.01,0.032102595767986436,0.23660045087585338,0.02977467621622881,,,,,,,,,,
strong_1.00__rupture_1__weak_0.50__floor_none__recipient_prediction_tilted,strong_incumbent_veto,pres_2017,sido_31,A,B,0.14222159439442095,0.1258437002381364,1.0,1.0,0.1258437002381364,0.3553353097157836,0.8660254037844386,0.01,0.04760590464030356,0.33924533516110666,0.04269188826520042,,,,,,,,,,
strong_1.00__rupture_1__weak_0.50__floor_none__recipient_prediction_tilted,strong_incumbent_veto,pres_2017,sido_36,A,B,0.14222159439442095,0.1258437002381364,1.0,1.0,0.1258437002381364,0.1724331995485346,0.8660254037844386,0.01,0.023101668283672248,0.20784226494522595,0.02615563968658234,,,,,,,,,,
strong_1.00__rupture_1__weak_0.50__floor_none__recipient_prediction_tilted,strong_incumbent_veto,pres_2017,sido_41,A,B,0.14222159439442095,0.1258437002381364,1.0,1.0,0.1258437002381364,0.2904867750077805,0.8660254037844386,0.01,0.038917848387628025,0.28147637098044914,0.03542202805378212,,,,,,,,,,
strong_1.00__rupture_1__weak_0.50__floor_none__recipient_prediction_tilted,strong_incumbent_veto,pres_2017,sido_42,A,B,0.14222159439442095,0.1258437002381364,1.0,1.0,0.1258437002381364,0.3376440484133232,0.8660254037844386,0.01,0.04523572505076244,0.32486433012568816,0.040882129378400085,,,,,,,,,,
strong_1.00__rupture_1__weak_0.50__floor_none__recipient_prediction_tilted,strong_incumbent_veto,pres_2017,sido_43,A,B,0.14222159439442095,0.1258437002381364,1.0,1.0,0.1258437002381364,0.2911638514975106,0.8660254037844386,0.01,0.03900855943694667,0.282309527506691,0.03552687555392195,,,,,,,,,,
strong_1.00__rupture_1__weak_0.50__floor_none__recipient_prediction_tilted,strong_incumbent_veto,pres_2017,sido_44,A,B,0.14222159439442095,0.1258437002381364,1.0,1.0,0.1258437002381364,0.2550776099850012,0.8660254037844386,0.01,0.03417391980137099,0.2518736676707936,0.03169671433224334,,,,,,,,,,
strong_1.00__rupture_1__weak_0.50__floor_none__recipient_prediction_tilted,strong_incumbent_veto,pres_2017,sido_45,A,B,0.14222159439442095,0.1258437002381364,1.0,1.0,0.1258437002381364,0.0682483484546126,0.8660254037844386,0.01,0.01,0.0835712825862142,0.010516919434296128,,,,,,,,,,
strong_1.00__rupture_1__weak_0.50__floor_none__recipient_prediction_tilted,strong_incumbent_veto,pres_2017,sido_46,A,B,0.14222159439442095,0.1258437002381364,1.0,1.0,0.1258437002381364,0.0438553923470368,0.8660254037844386,0.01,0.01,0.0540606403515208,0.0068031910190784846,,,,,,,,,,
strong_1.00__rupture_1__weak_0.50__floor_none__recipient_prediction_tilted,strong_incumbent_veto,pres_2017,sido_47,A,B,0.14222159439442095,0.1258437002381364,1.0,1.0,0.1258437002381364,0.4863134552896404,0.8660254037844386,0.01,0.06515364880662404,0.4571941982536088,0.05753500963564225,,,,,,,,,,
strong_1.00__rupture_1__weak_0.50__floor_none__recipient_prediction_tilted,strong_incumbent_veto,pres_2017,sido_48,A,B,0.14222159439442095,0.1258437002381364,1.0,1.0,0.1258437002381364,0.3752628188705947,0.8660254037844386,0.01,0.05027568463290128,0.359771080555815,0.04527492401581641,,,,,,,,,,
strong_1.00__rupture_1__weak_0.50__floor_none__recipient_prediction_tilted,strong_incumbent_veto,pres_2017,sido_50,A,B,0.14222159439442095,0.1258437002381364,1.0,1.0,0.1258437002381364,0.2397495310485979,0.8660254037844386,0.01,0.032120346615106106,0.2532836546023457,0.031874152304997266,,,,,,,,,,
strong_1.00__rupture_1__weak_0.50__floor_none__recipient_prediction_tilted,weak_same_lane_refusal,pres_2002,sido_11,,,,,,,,,,,,,0.030312926053931002,C,A|B,0.0172553182802303,none,prediction_tilted,0.0,0.060625852107862005,0.060625852107862005,0.5,0.030312926053931002
strong_1.00__rupture_1__weak_0.50__floor_none__recipient_prediction_tilted,weak_same_lane_refusal,pres_2002,sido_26,,,,,,,,,,,,,0.053325769394412,C,A|B,0.039818482004606,none,prediction_tilted,0.0,0.106651538788824,0.106651538788824,0.5,0.053325769394412
strong_1.00__rupture_1__weak_0.50__floor_none__recipient_prediction_tilted,weak_same_lane_refusal,pres_2002,sido_27,,,,,,,,,,,,,0.0258613275891017,C,A|B,0.0058164519761945,none,prediction_tilted,0.0,0.0517226551782034,0.0517226551782034,0.5,0.0258613275891017
strong_1.00__rupture_1__weak_0.50__floor_none__recipient_prediction_tilted,weak_same_lane_refusal,pres_2002,sido_28,,,,,,,,,,,,,0.0314003957270692,C,A|B,0.0255062904560678,none,prediction_tilted,0.0,0.0628007914541384,0.0628007914541384,0.5,0.0314003957270692
strong_1.00__rupture_1__weak_0.50__floor_none__recipient_prediction_tilted,weak_same_lane_refusal,pres_2002,sido_29,,,,,,,,,,,,,0.06735067749977999,C,A|B,0.0779749988731636,none,prediction_tilted,0.0,0.13470135499955999,0.13470135499955999,0.5,0.06735067749977999
strong_1.00__rupture_1__weak_0.50__floor_none__recipient_prediction_tilted,weak_same_lane_refusal,pres_2002,sido_30,,,,,,,,,,,,,0.037708363477625295,C,A|B,0.0189676131685742,none,prediction_tilted,0.0,0.07541672695525059,0.07541672695525059,0.5,0.037708363477625295
strong_1.00__rupture_1__weak_0.50__floor_none__recipient_prediction_tilted,weak_same_lane_refusal,pres_2002,sido_31,,,,,,,,,,,,,0.1277008152349797,C,A|B,0.3115852121639049,none,prediction_tilted,0.0,0.2554016304699594,0.2554016304699594,0.5,0.1277008152349797
strong_1.00__rupture_1__weak_0.50__floor_none__recipient_prediction_tilted,weak_same_lane_refusal,pres_2002,sido_41,,,,,,,,,,,,,0.0291102146136453,C,A|B,0.0208780312728109,none,prediction_tilted,0.0,0.0582204292272906,0.0582204292272906,0.5,0.0291102146136453
strong_1.00__rupture_1__weak_0.50__floor_none__recipient_prediction_tilted,weak_same_lane_refusal,pres_2002,sido_42,,,,,,,,,,,,,0.043223883459704904,C,A|B,0.0200289187580357,none,prediction_tilted,0.0,0.08644776691940981,0.08644776691940981,0.5,0.043223883459704904
strong_1.00__rupture_1__weak_0.50__floor_none__recipient_prediction_tilted,weak_same_lane_refusal,pres_2002,sido_43,,,,,,,,,,,,,0.036653684504008,C,A|B,0.0118716878700329,none,prediction_tilted,0.0,0.073307369008016,0.073307369008016,0.5,0.036653684504008
strong_1.00__rupture_1__weak_0.50__floor_none__recipient_prediction_tilted,weak_same_lane_refusal,pres_2002,sido_44,,,,,,,,,,,,,0.0227021528213866,C,A|B,0.0095463081839152,none,prediction_tilted,0.0,0.0454043056427732,0.0454043056427732,0.5,0.0227021528213866
strong_1.00__rupture_1__weak_0.50__floor_none__recipient_prediction_tilted,weak_same_lane_refusal,pres_2002,sido_45,,,,,,,,,,,,,0.06382763126316629,C,A|B,0.0228231814936564,none,prediction_tilted,0.0,0.12765526252633258,0.12765526252633258,0.5,0.06382763126316629
strong_1.00__rupture_1__weak_0.50__floor_none__recipient_prediction_tilted,weak_same_lane_refusal,pres_2002,sido_46,,,,,,,,,,,,,0.0677676696159194,C,A|B,0.0132624825931937,none,prediction_tilted,0.0,0.1355353392318388,0.1355353392318388,0.5,0.0677676696159194
strong_1.00__rupture_1__weak_0.50__floor_none__recipient_prediction_tilted,weak_same_lane_refusal,pres_2002,sido_47,,,,,,,,,,,,,0.022480571851519998,C,A|B,0.0296959172831779,none,prediction_tilted,0.0,0.044961143703039996,0.044961143703039996,0.5,0.022480571851519998
strong_1.00__rupture_1__weak_0.50__floor_none__recipient_prediction_tilted,weak_same_lane_refusal,pres_2002,sido_48,,,,,,,,,,,,,0.044783459714237805,C,A|B,0.0344685791555901,none,prediction_tilted,0.0,0.08956691942847561,0.08956691942847561,0.5,0.044783459714237805
strong_1.00__rupture_1__weak_0.50__floor_none__recipient_prediction_tilted,weak_same_lane_refusal,pres_2002,sido_50,,,,,,,,,,,,,0.07362850488756084,C,A|B,0.0,none,prediction_tilted,0.0,0.14725700977512168,0.14725700977512168,0.5,0.07362850488756084
strong_1.00__rupture_1__weak_0.50__floor_none__recipient_prediction_tilted,weak_same_lane_refusal,pres_2022,sido_11,,,,,,,,,,,,,0.025124496227397902,C,A|B,0.029384832583875,none,prediction_tilted,0.0,0.050248992454795804,0.050248992454795804,0.5,0.025124496227397902
strong_1.00__rupture_1__weak_0.50__floor_none__recipient_prediction_tilted,weak_same_lane_refusal,pres_2022,sido_26,,,,,,,,,,,,,0.0236599718785586,C,A|B,0.0399820977460082,none,prediction_tilted,0.0,0.0473199437571172,0.0473199437571172,0.5,0.0236599718785586
strong_1.00__rupture_1__weak_0.50__floor_none__recipient_prediction_tilted,weak_same_lane_refusal,pres_2022,sido_27,,,,,,,,,,,,,0.017936492498501,C,A|B,0.0389354436816256,none,prediction_tilted,0.0,0.035872984997002,0.035872984997002,0.5,0.017936492498501
strong_1.00__rupture_1__weak_0.50__floor_none__recipient_prediction_tilted,weak_same_lane_refusal,pres_2022,sido_28,,,,,,,,,,,,,0.026715916062679902,C,A|B,0.0485003528440327,none,prediction_tilted,0.0,0.053431832125359804,0.053431832125359804,0.5,0.026715916062679902
strong_1.00__rupture_1__weak_0.50__floor_none__recipient_prediction_tilted,weak_same_lane_refusal,pres_2022,sido_29,,,,,,,,,,,,,0.042344825233325195,C,A|B,0.0876883018010707,none,prediction_tilted,0.0,0.08468965046665039,0.08468965046665039,0.5,0.042344825233325195
strong_1.00__rupture_1__weak_0.50__floor_none__recipient_prediction_tilted,weak_same_lane_refusal,pres_2022,sido_30,,,,,,,,,,,,,0.025154557844191,C,A|B,0.0287620743601844,none,prediction_tilted,0.0,0.050309115688382,0.050309115688382,0.5,0.025154557844191
strong_1.00__rupture_1__weak_0.50__floor_none__recipient_prediction_tilted,weak_same_lane_refusal,pres_2022,sido_31,,,,,,,,,,,,,0.0511215494330516,C,A|B,0.176134143020495,none,prediction_tilted,0.0,0.1022430988661032,0.1022430988661032,0.5,0.0511215494330516
strong_1.00__rupture_1__weak_0.50__floor_none__recipient_prediction_tilted,weak_same_lane_refusal,pres_2022,sido_36,,,,,,,,,,,,,0.029883008545718702,C,A|B,0.0509430370441767,none,prediction_tilted,0.0,0.059766017091437404,0.059766017091437404,0.5,0.029883008545718702
strong_1.00__rupture_1__weak_0.50__floor_none__recipient_prediction_tilted,weak_same_lane_refusal,pres_2022,sido_41,,,,,,,,,,,,,0.022292096576477002,C,A|B,0.0359763522960836,none,prediction_tilted,0.0,0.044584193152954005,0.044584193152954005,0.5,0.022292096576477002
strong_1.00__rupture_1__weak_0.50__floor_none__recipient_prediction_tilted,weak_same_lane_refusal,pres_2022,sido_42,,,,,,,,,,,,,0.0233571726243893,C,A|B,0.0308172356117518,none,prediction_tilted,0.0,0.0467143452487786,0.0467143452487786,0.5,0.0233571726243893
strong_1.00__rupture_1__weak_0.50__floor_none__recipient_prediction_tilted,weak_same_lane_refusal,pres_2022,sido_43,,,,,,,,,,,,,0.0236670060447342,C,A|B,0.0345580698080987,none,prediction_tilted,0.0,0.0473340120894684,0.0473340120894684,0.5,0.0236670060447342
strong_1.00__rupture_1__weak_0.50__floor_none__recipient_prediction_tilted,weak_same_lane_refusal,pres_2022,sido_44,,,,,,,,,,,,,0.0235115449354657,C,A|B,0.0309340683403439,none,prediction_tilted,0.0,0.0470230898709314,0.0470230898709314,0.5,0.0235115449354657
strong_1.00__rupture_1__weak_0.50__floor_none__recipient_prediction_tilted,weak_same_lane_refusal,pres_2022,sido_45,,,,,,,,,,,,,0.0361980689793105,C,A|B,0.0459485902537228,none,prediction_tilted,0.0,0.072396137958621,0.072396137958621,0.5,0.0361980689793105
strong_1.00__rupture_1__weak_0.50__floor_none__recipient_prediction_tilted,weak_same_lane_refusal,pres_2022,sido_46,,,,,,,,,,,,,0.0358684238021872,C,A|B,0.0592373366011094,none,prediction_tilted,0.0,0.0717368476043744,0.0717368476043744,0.5,0.0358684238021872
strong_1.00__rupture_1__weak_0.50__floor_none__recipient_prediction_tilted,weak_same_lane_refusal,pres_2022,sido_47,,,,,,,,,,,,,0.017709123387680797,C,A|B,0.0343795636905044,none,prediction_tilted,0.0,0.035418246775361595,0.035418246775361595,0.5,0.017709123387680797
strong_1.00__rupture_1__weak_0.50__floor_none__recipient_prediction_tilted,weak_same_lane_refusal,pres_2022,sido_48,,,,,,,,,,,,,0.0312275269035888,C,A|B,0.0766151338961869,none,prediction_tilted,0.0,0.0624550538071776,0.0624550538071776,0.5,0.0312275269035888
strong_1.00__rupture_1__weak_0.50__floor_none__recipient_prediction_tilted,weak_same_lane_refusal,pres_2022,sido_50,,,,,,,,,,,,,0.0368380298535168,C,A|B,0.0503767176193264,none,prediction_tilted,0.0,0.0736760597070336,0.0736760597070336,0.5,0.0368380298535168
