election_id,region_id,candidate_name,bloc,contest_votes,official_pred,err_pp,abs_err_pp,reproduced_legacy_pred,replacement_base_pred,base_stage_prediction,frozen_reproduction_difference,frozen_reproduction_guard_required,candidate_name_y,landscape_confidence,landscape_axis_conservative,landscape_axis_liberal,landscape_axis_progressive,landscape_axis_centrist,landscape_axis_anti_establishment,landscape_axis_reform,landscape_axis_regionalist,landscape_bloc_alignment,landscape_left_right,landscape_centrist,landscape_reform_anti_establishment,landscape_regionalist,landscape_legacy_confidence,landscape_legacy_blend,major_party_core_eligible,durable_core_raw,recent_bloc_base,critical_support_raw,bloc_vote_volatility,layer_effective_elections,direct_party_core_raw,candidate_ballot_core_raw,direct_party_recent_base,candidate_ballot_recent_base,direct_party_effective_elections,candidate_ballot_effective_elections,direct_party_reliability,candidate_personal_vote_raw,candidate_conversion_gap_raw,regional_accent_conservative_share,regional_accent_conservative_trend,regional_accent_conservative_volatility,regional_accent_conservative_reliability,regional_accent_liberal_share,regional_accent_liberal_trend,regional_accent_liberal_volatility,regional_accent_liberal_reliability,regional_accent_progressive_share,regional_accent_progressive_trend,regional_accent_progressive_volatility,regional_accent_progressive_reliability,regional_accent_centrist_share,regional_accent_centrist_trend,regional_accent_centrist_volatility,regional_accent_centrist_reliability,regional_accent_regionalist_share,regional_accent_regionalist_trend,regional_accent_regionalist_volatility,regional_accent_regionalist_reliability,regional_accent_reform_share,regional_accent_reform_trend,regional_accent_reform_volatility,regional_accent_reform_reliability,core_voting_mass,critical_voting_mass,swing_voting_mass,candidate_camp,candidate_camp_origin_weight,candidate_camp_claim,candidate_source_camp,candidate_claim_camp_conservative,candidate_claim_camp_liberal,candidate_claim_camp_progressive,candidate_claim_camp_centrist,regional_accent_signal,regional_accent_reliability,regional_accent_volatility,camp_core_voting_mass,camp_critical_voting_mass,camp_core_total,camp_critical_total,camp_swing_voting_mass,camp_core_regional_mean,camp_core_regional_lean,issue_pref_economy,issue_attention_economy,issue_pref_housing,issue_attention_housing,issue_pref_integrity_candidate,issue_attention_integrity_candidate,issue_pref_regime,issue_attention_regime,issue_pref_social,issue_attention_social,issue_pref_security,issue_attention_security,issue_pref_coalition,issue_attention_coalition,issue_pref_regional,issue_attention_regional,issue_preference_strength,issue_attention_strength,nonvoter_reservoir,join_slot,preliminary_slot,preliminary_mean_share,shadow_pred,pre_hierarchy_pred,slot,layer_pred,camp_regional_anchored_pred,regional_accent_signal_diagnostic,regional_accent_signal_scaled,regional_accent_reliability_diagnostic,regional_accent_log_shift,regional_accent_anchored_pred,camp_terrain_pred,camp_floor_anchored_pred,national_contestable_profile,camp_composition_pred,camp_anchored_pred,terrain_pred,anchored_pred,core_voting_mass_effective,critical_voting_mass_effective,swing_voting_mass_effective,core_preference_log_shift,critical_preference_log_shift,swing_preference_log_shift,preference_log_shift,turnout_log_shift,layer_pred_diagnostic,regional_offset_gain,regional_offset_target,regional_offset_shift,regional_offset_profile_source,regional_offset_profile_reliability,wasted_vote_resistance,major_party_gravity,strategic_transfer_confidence,strategic_lane_reservoir,strategic_lane_pressure,strategic_lane_transfer_out,strategic_lane_transfer_in,strategic_lane_transfer_net,lineage_identity_distinctiveness,lineage_identity_score,lineage_identity_log_shift,lineage_identity_transfer,lineage_identity_gain,lineage_identity_candidate_lineage,lineage_identity_evidence,direct_mega_issue,direct_mega_score,direct_mega_log_shift,government_direction_score,government_evidence_weight,government_evidence_count,government_negative_evidence_mass,government_positive_evidence_mass,government_negative_share,government_negative_issue_count,government_rejection_breadth,government_rejection_strength,mega_issue_intensity_response,party_base_resistance,conversion_resistance,incumbent_burden_resistance,incumbent_burden_exposure,government_burden_log_shift,rupture_extra_log_shift,incumbent_shock_log_shift,regime_core_floor,dominant_slot,runner_up_slot,contest_regime,dominance_activation,regime_base_activation,regime_rejection_activation,regime_certainty,regime_reliability,structural_score_gap,directional_advantage,cumulative_rejection_advantage,dominant_cumulative_rejection,runner_cumulative_rejection,contest_regime_log_shift,critical_regime_log_shift,swing_regime_log_shift,automatic_contest_response_gain,rejection_beneficiary_transfer_in,rejection_beneficiary_transfer_out,rejection_beneficiary_transfer_net,rejection_beneficiary_rate,rejection_beneficiary_core_floor,selected_stage,v24_pre_extension_pred,strong_veto_transfer_in,strong_veto_transfer_out,strong_veto_transfer_net,strong_veto_rate,strong_veto_projected_margin,strong_veto_rupture_floor_activation,strong_veto_effective_floor,v24_post_strong_veto_pred,v24_post_lineage_ceiling_pred,weak_lane_refusal_transfer_in,weak_lane_refusal_transfer_out,weak_lane_refusal_transfer_net,weak_lane_refusal_reservoir,weak_lane_refusal_rate,weak_lane_refusal_floor,v24_post_weak_lane_refusal_pred,predicted_share,v27_prior_election_vote_weight,v26_pre_regional_polarization_pred,v31_prior_election_vote_weight,v31_pre_multiplicative_expansion_pred
pres_2025,sido_11,이재명,더불어민주당,6439139.0,,,,,0.3333333333333333,0.3521537183320857,0.0,False,이재명,0.6666666666666665,0.2896721245338289,0.2694803092555142,0.1927200456185204,0.3388533344108213,0.4916281666208978,0.4620622309416932,0.0444649943024245,-0.0133271234205082,0.009654995848395,-0.0014988873637945,0.0113748022201705,-0.0042965297210332,0.0,0.0,True,0.3943268321224833,0.4212125409088231,0.0268857087863397,0.0656505871287893,35.06250786664815,0.3943268321224833,0.4255274279248547,0.4212125409088231,0.4682090657078718,14.02907786819996,21.03342999844819,0.8752267587415122,0.0469965247990487,0.0469965247990487,0.4190325835763422,-0.0212170421075629,0.0819160593308112,0.7223693036148071,0.421212540908823,0.0699728594966002,0.0671343508772248,0.7505319019255978,0.0717112412434173,-0.0442840096458063,0.0338011153888874,0.6321625983448748,0.0667253695978803,-0.001740042146875,0.0587713247089647,0.4345493275268823,0.0017568766334273,-0.0017568766334273,0.0031073570886979,0.8226802712041044,0.0,0.0,0.0,0.8752267587415122,0.3845110885888714,0.0262164588122875,0.0999999999999998,0.0,1.0,1.0,0.0,0.0,0.8355622415872942,0.0,0.0,-0.0018006753106641,0.7336116455091312,0.0586227919743419,0.3845110885888714,0.0219054830916759,0.7611241181323437,0.1388758818676564,0.0999999999999998,0.3820726113902847,0.0024384771985867,0.0,0.0,0.0,0.0,0.0,0.0,0.0,0.0,0.0,0.0,0.0,0.0,0.0,0.0,0.0,0.0,0.0,0.0,0.0,A,B,0.3233040748189,0.3521537183320857,0.3531230286298306,A,0.5654757138992959,0.3522983237152632,-0.0018006753106641,-0.0180067531066417,0.7336116455091312,-0.0,0.3522983237152632,0.3845110885888714,0.3522983237152632,3.596756951382217e-09,0.3845110894480499,0.3522983237152632,0.4459573797726852,0.364005705722441,0.3237328966445804,0.0220725237917385,0.018200285286122,0.0,0.0,0.0,0.0,0.0,0.364005705722441,0.0,0.364005705722441,0.0,none,0.0,0.5084504169710521,0.0,0.8362232369122443,0.0,0.0,0.0,0.0026851027217822,0.0026851027217822,0.0974317501097612,0.0,-0.0023731694860822,-0.0008726460617009,0.5,mainstream_liberal,none,,0.0,0.0,0.0,0.0,0.0,0.0,0.0,0.0,0.0,0.0,0.0,2.0,1.0,0.0,1.0,0.0,0.0,0.0,0.0,0.2833396938282371,A,B,rupture_landslide,1.0,1.0,1.0,1.0,0.8635527978308968,0.078301390814118,0.2864524887768532,0.1357048353688699,-0.0,0.1357048353688699,0.6499999999999999,0.4874999999999999,0.8124999999999999,0.6499999999999999,0.0024364848362528,0.0,0.0024364848362528,0.1357048353688699,0.2833396938282371,structural_mega_shock_regime,0.419646015525135,0.0459314302275834,0.0,0.0459314302275834,0.1572516557269645,0.1148228119451538,0.894435410009439,0.0,0.4655774457527185,0.5581335705235896,0.0053365640067151,0.0,0.0053365640067151,0.0,0.0,0.0,0.5634701345303047,0.5654757138992959,6439139.0,0.5634701345303047,6439139.0,0.5634701345303047
pres_2025,sido_26,이재명,더불어민주당,2180178.0,,,,,0.3333333333333333,0.2651834351847298,0.0,False,이재명,0.6666666666666665,0.2896721245338289,0.2694803092555142,0.1927200456185204,0.3388533344108213,0.4916281666208978,0.4620622309416932,0.0444649943024245,-0.0133271234205082,0.009654995848395,-0.0014988873637945,0.0113748022201705,-0.0042965297210332,0.0,0.0,True,0.3054198612100216,0.3395769866689582,0.0341571254589366,0.0793605811254056,34.35675871001022,0.3088718342321752,0.2812058620466623,0.3395769866689582,0.3379298708265014,14.02907786819996,20.32768084181026,0.8752267587415122,0.0,-0.0016471158424568,0.5284094714852404,-0.0401027689843331,0.0847057137731194,0.7470533608852058,0.3395769866689582,0.093677779227445,0.076671606235541,0.7029757179733871,0.0663319922114024,-0.0493472750541754,0.0383369448265657,0.5867977606406912,0.0466257381975832,-0.0021588013338283,0.0399983881233247,0.5129251583079115,0.0008854471780828,-0.0008854471780828,0.0016264295248382,0.8472522646516033,0.0,0.0,0.0,0.8752267587415122,0.2967645799337299,0.0331891480416677,0.0999999999999999,0.0,1.0,1.0,0.0,0.0,0.8355622415872942,0.0,0.0,-0.0494375413830149,0.7056019309668395,0.0643454547615863,0.2967645799337299,0.0277315989340684,0.777238187091744,0.122761812908256,0.0999999999999998,0.3820726113902847,-0.0853080314565548,0.0,0.0,0.0,0.0,0.0,0.0,0.0,0.0,0.0,0.0,0.0,0.0,0.0,0.0,0.0,0.0,0.0,0.0,0.0,A,B,0.3233040748189,0.2651834351847298,0.2657369324113386,A,0.48393746289996786,0.2643047822287049,-0.0494375413830149,-0.494375413830149,0.7056019309668395,-0.0,0.2643047822287049,0.2967645799337299,0.2643047822287049,3.596756951382217e-09,0.29676458073495,0.2643047822287049,0.3563842061982681,0.2758147102249003,0.2356676957875201,0.0263562789261352,0.013790735511245,0.0,0.0,0.0,0.0,0.0,0.2758147102249003,0.0,0.2758147102249003,0.0,none,0.0,0.5084504169710521,0.0,0.8362232369122443,0.0,0.0,0.0,0.001884296905157,0.001884296905157,0.1893850985672109,0.0,0.0,0.0,0.5,mainstream_liberal,none,,0.0,0.0,0.0,0.0,0.0,0.0,0.0,0.0,0.0,0.0,0.0,2.0,1.0,0.0,1.0,0.0,0.0,0.0,0.0,0.2062626735241919,A,B,rupture_landslide,1.0,1.0,1.0,1.0,0.8635527978308968,0.078301390814118,0.2864524887768532,0.1357048353688699,-0.0,0.1357048353688699,0.6499999999999999,0.4874999999999999,0.8124999999999999,0.6499999999999999,0.0036113644466909,0.0,0.0036113644466909,0.1357048353688699,0.2062626735241919,structural_mega_shock_regime,0.358925029161097,0.0627640930754719,0.0,0.0627640930754719,0.1572516557269645,0.1148228119451538,0.894435410009439,0.0,0.4216891222365689,0.4859758329980334,0.0026573915112449,0.0,0.0026573915112449,0.0,0.0,0.0,0.4886332245092784,0.48393746289996786,2180178.0,0.4886332245092784,2180178.0,0.4886332245092782
pres_2025,sido_27,이재명,더불어민주당,1596806.0,,,,,0.3333333333333333,0.106109810291984,0.0,False,이재명,0.6666666666666665,0.2896721245338289,0.2694803092555142,0.1927200456185204,0.3388533344108213,0.4916281666208978,0.4620622309416932,0.0444649943024245,-0.0133271234205082,0.009654995848395,-0.0014988873637945,0.0113748022201705,-0.0042965297210332,0.0,0.0,True,0.1748212876601016,0.2080641789691696,0.033242891309068,0.0663556337948098,33.667672371790005,0.1818766670726151,0.1253310540761785,0.2080641789691696,0.190743456122455,14.02907786819996,19.63859450359005,0.8752267587415122,0.0,-0.0173207228467145,0.66520694488739,-0.0196000982693652,0.0919612093257099,0.7626902240455808,0.2080641789691696,0.046809403804062,0.0653909341292147,0.6534528745953142,0.0511034823609051,-0.0312880662882856,0.0251624131122613,0.6574022411670785,0.0529863332990982,0.0060972965586099,0.0461294592182874,0.4831967118335888,0.0006661400969971,-0.0006661400969971,0.0011672034480586,0.8550640289839156,0.0,0.0,0.0,0.8752267587415122,0.1671013094632183,0.0317749099233781,0.0999999999999999,0.0,1.0,1.0,0.0,0.0,0.8355622415872942,0.0,0.0,-0.1280635421890356,0.6723306506266878,0.0567018398007871,0.1671013094632183,0.0265499149618121,0.7677312446850216,0.1322687553149784,0.0999999999999999,0.3820726113902847,-0.2149713019270663,0.0,0.0,0.0,0.0,0.0,0.0,0.0,0.0,0.0,0.0,0.0,0.0,0.0,0.0,0.0,0.0,0.0,0.0,0.0,A,B,0.3233040748189,0.106109810291984,0.1063154435076592,A,0.33252133001952316,0.1045688218945609,-0.1280635421890356,-1.0,0.6723306506266878,-0.0,0.1045688218945609,0.1671013094632183,0.1045688218945609,3.596756951382217e-09,0.1671013102986326,0.1045688218945609,0.2093331015760526,0.1176643568547474,0.0939216099330969,0.0178595290789131,0.0058832178427373,0.0,0.0,0.0,0.0,0.0,0.1176643568547474,0.0,0.1176643568547474,0.0,none,0.0,0.5084504169710521,0.0,0.8362232369122443,0.0,0.0,0.0,0.0021732255546501,0.0021732255546501,0.359970258042473,0.0,0.0,0.0,0.5,mainstream_liberal,none,,0.0,0.0,0.0,0.0,0.0,0.0,0.0,0.0,0.0,0.0,0.0,2.0,1.0,0.0,1.0,0.0,0.0,0.0,0.0,0.082202706237529,A,B,rupture_landslide,1.0,1.0,1.0,1.0,0.8635527978308968,0.078301390814118,0.2864524887768532,0.1357048353688699,-0.0,0.1357048353688699,0.6499999999999999,0.4874999999999999,0.8124999999999999,0.6499999999999999,0.0093987689101724,0.0,0.0093987689101724,0.1357048353688699,0.082202706237529,structural_mega_shock_regime,0.2227003431849207,0.0833517996273382,0.0,0.0833517996273382,0.1572516557269645,0.1148228119451538,0.894435410009439,0.0,0.3060521428122589,0.346293901941822,0.0019014319594161,0.0,0.0019014319594161,0.0,0.0,0.0,0.3481953339012382,0.33252133001952316,1596806.0,0.3481953339012382,1596806.0,0.3481953339012381
pres_2025,sido_28,이재명,더불어민주당,1867054.0,,,,,0.3333333333333333,0.3691365601186206,0.0,False,이재명,0.6666666666666665,0.2896721245338289,0.2694803092555142,0.1927200456185204,0.3388533344108213,0.4916281666208978,0.4620622309416932,0.0444649943024245,-0.0133271234205082,0.009654995848395,-0.0014988873637945,0.0113748022201705,-0.0042965297210332,0.0,0.0,True,0.3933174165746846,0.4272914162253518,0.0339739996506671,0.082563239526873,34.70813157875724,0.3933174165746846,0.4124647625273149,0.4272914162253518,0.4568958200477477,14.02907786819996,20.67905371055728,0.8752267587415122,0.0296044038223959,0.0296044038223959,0.4205718920010271,-0.0420687774301112,0.0868466148791166,0.7136988763065883,0.4272914162253519,0.0999103726308801,0.0848340072183425,0.7196635312358503,0.0725663326275202,-0.0487783772941753,0.0407666907877224,0.5841182799458887,0.0545386463966493,-0.0038288776190096,0.0483470085020494,0.47045209401567,0.0019013256805482,-0.0019013256805482,0.003498198700751,0.8162356430012907,0.0,0.0,0.0,0.8752267587415122,0.385499735361537,0.0332987234294473,0.1,0.0,1.0,1.0,0.0,0.0,0.8355622415872942,0.0,0.0,0.0016330179570767,0.711748202367676,0.0710096444531573,0.385499735361537,0.0278231559907043,0.7629448654001488,0.1370551345998511,0.1,0.3820726113902847,0.0034271239712522,0.0,0.0,0.0,0.0,0.0,0.0,0.0,0.0,0.0,0.0,0.0,0.0,0.0,0.0,0.0,0.0,0.0,0.0,0.0,A,B,0.3233040748189,0.3691365601186206,0.370099633445532,A,0.5870207232438744,0.3692957268963161,0.0016330179570767,0.0163301795707676,0.711748202367676,0.0,0.3692957268963161,0.385499735361537,0.3692957268963161,3.596756951382217e-09,0.3854997362141666,0.3692957268963161,0.4557280314806159,0.3800997649693536,0.3323840810402989,0.028710695680587,0.0190049882484677,0.0,0.0,0.0,0.0,0.0,0.3800997649693536,0.0,0.3800997649693536,0.0,none,0.0,0.5084504169710521,0.0,0.8362232369122443,0.0,0.0,0.0,0.0022962849381591,0.0022962849381591,0.0758595479886012,0.0,-0.000683183001355,-0.0002614787736717,0.5,mainstream_liberal,none,,0.0,0.0,0.0,0.0,0.0,0.0,0.0,0.0,0.0,0.0,0.0,2.0,1.0,0.0,1.0,0.0,0.0,0.0,0.0,0.2909114419061769,A,B,rupture_landslide,1.0,1.0,1.0,1.0,0.8635527978308968,0.078301390814118,0.2864524887768532,0.1357048353688699,-0.0,0.1357048353688699,0.6499999999999999,0.4874999999999999,0.8124999999999999,0.6499999999999999,0.0024883990297406,0.0,0.0024883990297406,0.1357048353688699,0.2909114419061769,structural_mega_shock_regime,0.4391916900582304,0.0453640096569967,0.0,0.0453640096569967,0.1572516557269645,0.1148228119451538,0.894435410009439,0.0,0.4845556997152271,0.5786095131962157,0.0046789712998949,0.0,0.0046789712998949,0.0,0.0,0.0,0.5832884844961106,0.5870207232438744,1867054.0,0.5832884844961106,1867054.0,0.5832884844961106
pres_2025,sido_29,이재명,더불어민주당,978601.0,,,,,0.3333333333333333,0.7002020291526736,0.0,False,이재명,0.6666666666666665,0.2896721245338289,0.2694803092555142,0.1927200456185204,0.3388533344108213,0.4916281666208978,0.4620622309416932,0.0444649943024245,-0.0133271234205082,0.009654995848395,-0.0014988873637945,0.0113748022201705,-0.0042965297210332,0.0,0.0,True,0.6863614049784048,0.6867728656799058,0.0004114607015009,0.0831226153602848,34.70813157875724,0.6863614049784047,0.7516571637595643,0.6867728656799058,0.7935430509068995,14.02907786819996,20.67905371055728,0.8752267587415122,0.1067701852269936,0.1067701852269936,0.0540475323416198,0.011613891963555,0.0296060381171979,0.6261867652180159,0.6867728656799058,0.1531555415310483,0.0813703220531285,0.7785653769972319,0.1491390106209983,-0.1334733845666416,0.0528066499915721,0.6431386662678432,0.0883021646849436,-0.0364751563429037,0.0935707852039852,0.2830765546319599,0.0008317251639335,-0.0008317251639335,0.0015385229700166,0.8487362851651317,0.0,0.0,0.0,0.8752267587415122,0.6863614049784048,0.0004114607015009,0.160869101038261,0.0,1.0,1.0,0.0,0.0,0.8355622415872942,0.0,0.0,0.1642528240758471,0.7368539157503128,0.0687676797655945,0.6863614049784048,0.0003438010260712,0.7304862471969895,0.1086446517647494,0.160869101038261,0.3820726113902847,0.3042887935881201,0.0,0.0,0.0,0.0,0.0,0.0,0.0,0.0,0.0,0.0,0.0,0.0,0.0,0.0,0.0,0.0,0.0,0.0,0.0,A,B,0.3233040748189,0.7002020291526736,0.7023023989241968,A,0.859910205146542,0.7012258884630361,0.1642528240758471,1.0,0.7368539157503128,0.0026854379169203,0.7012258884630361,0.700301476939235,0.7012258884630361,3.596756951382217e-09,0.6863614059477803,0.7012258884630361,0.7995784439817103,0.7135199579028704,0.6774378488096426,0.0004061111980842,0.0356759978951435,0.0,0.0,0.0,0.0,0.0,0.7135199579028704,0.0,0.7135199579028704,0.0,none,0.0,0.5084504169710521,0.0,0.8362232369122443,0.0,0.0,0.0,0.0030591310207383,0.0030591310207383,0.4671714585892983,0.0,-0.0202422532054845,-0.0147910366156538,0.5,mainstream_liberal,none,,0.0,0.0,0.0,0.0,0.0,0.0,0.0,0.0,0.0,0.0,0.0,2.0,1.0,0.0,1.0,0.0,0.0,0.0,0.0,0.5929117326624861,A,B,rupture_landslide,1.0,1.0,1.0,1.0,0.8635527978308968,0.078301390814118,0.2864524887768532,0.1357048353688699,-0.0,0.1357048353688699,0.6499999999999999,0.4874999999999999,0.8124999999999999,0.6499999999999999,0.000612124992229,0.0,0.000612124992229,0.1357048353688699,0.5929117326624861,structural_mega_shock_regime,0.7079584746258234,0.001939493222025,0.0,0.001939493222025,0.1572516557269645,0.1148228119451538,0.894435410009439,0.0,0.7098979678478484,0.833601619571193,0.020098885373157,0.0,0.020098885373157,0.0,0.0,0.0,0.8537005049443501,0.859910205146542,978601.0,0.8537005049443501,978601.0,0.8537005049443502
pres_2025,sido_30,이재명,더불어민주당,936401.0,,,,,0.3333333333333333,0.3404579862140355,0.0,False,이재명,0.6666666666666665,0.2896721245338289,0.2694803092555142,0.1927200456185204,0.3388533344108213,0.4916281666208978,0.4620622309416932,0.0444649943024245,-0.0133271234205082,0.009654995848395,-0.0014988873637945,0.0113748022201705,-0.0042965297210332,0.0,0.0,True,0.3694777649206199,0.409166057516259,0.0396882925956391,0.0971202791007463,34.522429958879755,0.3694777649206199,0.3704285830542227,0.409166057516259,0.4463664696038951,14.02907786819996,20.4933520906798,0.8752267587415122,0.037200412087636,0.037200412087636,0.374518998186977,0.0117299398125446,0.0854491373330305,0.6990570894813699,0.409166057516259,0.1081324676385259,0.0991027531395181,0.6863247700321458,0.0575328922032051,-0.0378534510062352,0.0339124880552744,0.5992077993947328,0.1114835102069933,-0.0524413710455031,0.1045989890416211,0.3083092200455247,0.0272533047145634,-0.0272533047145634,0.0471271449253205,0.3413086505889928,0.0,0.0,0.0,0.8752267587415122,0.360628023190121,0.0387376775044405,0.0999999999999999,0.0,1.0,1.0,0.0,0.0,0.8355622415872942,0.0,0.0,-0.0055518996261724,0.6711503933669559,0.0853506423639011,0.360628023190121,0.032367740649496,0.6887439079916914,0.2112560920083086,0.0999999999999999,0.3820726113902847,-0.0214445882001636,0.0,0.0,0.0,0.0,0.0,0.0,0.0,0.0,0.0,0.0,0.0,0.0,0.0,0.0,0.0,0.0,0.0,0.0,0.0,A,B,0.3233040748189,0.3404579862140355,0.341543723963797,A,0.5310822892826033,0.3398427655218572,-0.0055518996261724,-0.055518996261724,0.6711503933669559,-0.0,0.3398427655218571,0.360628023190121,0.3398427655218571,3.596756951382217e-09,0.3606280243096336,0.3398427655218572,0.4333499772467473,0.3515311669874684,0.3015616767762819,0.0323929318618131,0.0175765583493734,0.0,0.0,0.0,0.0,0.0,0.3515311669874684,0.0,0.3515311669874684,0.0,none,0.0,0.5084504169710521,0.0,0.8362232369122443,0.0,0.0,0.0,0.0044963001684234,0.0044963001684234,0.1163744679252632,0.0,-0.0116674794866907,-0.0041944233439035,0.5,mainstream_liberal,none,,0.0,0.0,0.0,0.0,0.0,0.0,0.0,0.0,0.0,0.0,0.0,2.0,1.0,0.0,1.0,0.0,0.0,0.0,0.0,0.2639348489255607,A,B,rupture_landslide,1.0,1.0,1.0,1.0,0.8635527978308968,0.078301390814118,0.2864524887768532,0.1357048353688699,-0.0,0.1357048353688699,0.6499999999999999,0.4874999999999999,0.8124999999999999,0.6499999999999999,0.0022667333326832,0.0,0.0022667333326832,0.1357048353688699,0.2639348489255607,structural_mega_shock_regime,0.4011924988579095,0.0413492652049205,0.0,0.0413492652049205,0.1572516557269645,0.1148228119451538,0.894435410009439,0.0,0.44254176406283,0.5233833802440622,0.0096264389966241,0.0,0.0096264389966241,0.0,0.0,0.0,0.5330098192406864,0.5310822892826033,936401.0,0.5330098192406864,936401.0,0.5330098192406864
pres_2025,sido_31,이재명,더불어민주당,728390.0,,,,,0.3333333333333333,0.2591040417626676,0.0,False,이재명,0.6666666666666665,0.2896721245338289,0.2694803092555142,0.1927200456185204,0.3388533344108213,0.4916281666208978,0.4620622309416932,0.0444649943024245,-0.0133271234205082,0.009654995848395,-0.0014988873637945,0.0113748022201705,-0.0042965297210332,0.0,0.0,True,0.2457411422180484,0.3059443086361247,0.0602031664180763,0.1133420463343305,31.930221309628195,0.2596533381291737,0.1541746935159604,0.3059443086361247,0.2997813670850028,13.163478905420616,18.76674240420758,0.8681041459895431,0.0,-0.0061629415511219,0.4827338193426404,-0.0382527401613989,0.0856676873608408,0.7344835777844092,0.2920142474880473,0.1719215506006236,0.1220006995010951,0.563022581363573,0.1597332279145408,-0.1331721139210012,0.085147572081282,0.5199018811890839,0.0438356478786518,0.0017149052686811,0.0413525611686274,0.4895218705088176,0.0003518258335864,-0.0003518258335864,0.0006457786483171,0.8640016890667973,0.0,0.0,0.0,0.8752267587415122,0.2457411422180484,0.0602031664180763,0.1577469575465357,0.0,1.0,1.0,0.0,0.0,0.8355622415872942,0.0,0.0,-0.0660768534612497,0.6011707184858723,0.0986149263920299,0.2457411422180484,0.0503034926829407,0.694167092866242,0.1480859495872222,0.1577469575465357,0.3820726113902847,-0.1363314691722362,0.0,0.0,0.0,0.0,0.0,0.0,0.0,0.0,0.0,0.0,0.0,0.0,0.0,0.0,0.0,0.0,0.0,0.0,0.0,A,B,0.3233040748189,0.2591040417626676,0.2597316691756183,A,0.49484934873460606,0.2563502739154084,-0.0660768534612497,-0.660768534612497,0.6011707184858723,-0.0037188670976723,0.2563502739154083,0.2563502739154084,0.2563502739154084,3.596756951382217e-09,0.245741143318055,0.2563502739154084,0.3463827844125015,0.267604337727545,0.2041983592157305,0.0500257616254372,0.0133802168863772,0.0,0.0,0.0,0.0,0.0,0.267604337727545,0.0,0.267604337727545,0.0,none,0.0,0.5084504169710521,0.0,0.8362232369122443,0.0,0.0,0.0,0.0017832289827842,0.0017832289827842,0.2325415680524348,0.0,0.0,0.0,0.5,mainstream_liberal,none,,0.0,0.0,0.0,0.0,0.0,0.0,0.0,0.0,0.0,0.0,0.0,2.0,1.0,0.0,1.0,0.0,0.0,0.0,0.0,0.1772654422394377,A,B,rupture_landslide,1.0,1.0,1.0,1.0,0.8635527978308968,0.078301390814118,0.2864524887768532,0.1357048353688699,-0.0,0.1357048353688699,0.6499999999999999,0.4874999999999999,0.8124999999999999,0.6499999999999999,0.0035365259220979,0.0,0.0035365259220979,0.1357048353688699,0.1772654422394377,structural_mega_shock_regime,0.3525684145909196,0.0587440125984511,0.0,0.0587440125984511,0.1572516557269645,0.1148228119451538,0.894435410009439,0.0,0.4113124271893708,0.495955579217252,0.0027107027099087,0.0,0.0027107027099087,0.0,0.0,0.0,0.4986662819271608,0.49484934873460606,728390.0,0.4986662819271608,728390.0,0.4986662819271608
pres_2025,sido_36,이재명,더불어민주당,229891.0,,,,,0.3333333333333333,0.3897470901294695,0.0,False,이재명,0.6666666666666665,0.2896721245338289,0.2694803092555142,0.1927200456185204,0.3388533344108213,0.4916281666208978,0.4620622309416932,0.0444649943024245,-0.0133271234205082,0.009654995848395,-0.0014988873637945,0.0113748022201705,-0.0042965297210332,0.0,0.0,True,0.438544925344059,0.4709459123658089,0.0324009870217499,0.0803724902869325,15.790646940971822,0.438544925344059,0.4782520893528443,0.4709459123658089,0.482140147534863,6.549710037541216,9.240936903430606,0.766073938037883,0.0111942351690541,0.0111942351690541,0.3251123239837604,-0.0051166164782363,0.0777033382072158,0.6073841310304535,0.4709459123658088,0.0892441280714402,0.0785360174371403,0.6505832609296721,0.0714772584433271,-0.0495806587818489,0.0416161962927658,0.5036290673789836,0.1107629428583297,-0.0299518565157789,0.069362551910505,0.4355447604197311,0.0001326100515555,-0.0001326100515555,0.0002200840045528,0.7627108452347442,0.0,0.0,0.0,0.766073938037883,0.4308259472584656,0.0318306862513641,0.0999999999999999,0.0,1.0,1.0,0.0,0.0,0.8355622415872942,0.0,0.0,0.0137547469701545,0.6384543003599457,0.0675280594983871,0.4308259472584656,0.0265965195554517,0.682276405747414,0.2177235942525859,0.0999999999999999,0.3820726113902847,0.0487533358681809,0.0,0.0,0.0,0.0,0.0,0.0,0.0,0.0,0.0,0.0,0.0,0.0,0.0,0.0,0.0,0.0,0.0,0.0,0.0,A,B,0.3233040748189,0.3897470901294695,0.3909203434137067,A,0.6287931467046523,0.3885283523121687,0.0137547469701545,0.1375474697015454,0.6384543003599457,0.0,0.3885283523121687,0.4308259472584656,0.3885283523121687,3.596756951382217e-09,0.4308259484012401,0.3885283523121687,0.5015094687410466,0.4026509918657784,0.3562012479658451,0.0263171943066444,0.0201325495932889,0.0,0.0,0.0,0.0,0.0,0.4026509918657784,0.0,0.4026509918657784,0.0,none,0.0,0.5084504169710521,0.0,0.8362232369122443,0.0,0.0,0.0,0.0039260542254112,0.0039260542254112,0.0594082009412873,0.0,-0.002824273840102,-0.0011512789297323,0.5,mainstream_liberal,none,,0.0,0.0,0.0,0.0,0.0,0.0,0.0,0.0,0.0,0.0,0.0,2.0,1.0,0.0,1.0,0.0,0.0,0.0,0.0,0.2728764927632034,A,B,rupture_landslide,1.0,1.0,1.0,1.0,0.8635527978308968,0.078301390814118,0.2864524887768532,0.1357048353688699,-0.0,0.1357048353688699,0.6499999999999999,0.4874999999999999,0.8124999999999999,0.6499999999999999,0.0067818722868623,0.0,0.0067818722868623,0.1357048353688699,0.2728764927632034,structural_mega_shock_regime,0.4817513433866769,0.033675260584633,0.0,0.033675260584633,0.1572516557269645,0.1148228119451538,0.894435410009439,0.0,0.5154266039713099,0.6133521186241783,0.0098524645645801,0.0,0.0098524645645801,0.0,0.0,0.0,0.6232045831887585,0.6287931467046523,229891.0,0.6232045831887585,229891.0,0.6232045831887586
pres_2025,sido_41,이재명,더불어민주당,8691376.0,,,,,0.3333333333333333,0.378518608130015,0.0,False,이재명,0.6666666666666665,0.2896721245338289,0.2694803092555142,0.1927200456185204,0.3388533344108213,0.4916281666208978,0.4620622309416932,0.0444649943024245,-0.0133271234205082,0.009654995848395,-0.0014988873637945,0.0113748022201705,-0.0042965297210332,0.0,0.0,True,0.3944024483838901,0.4257402265847109,0.0313377782008207,0.0767549849167038,34.775343292054046,0.3944024483838901,0.4212375645405484,0.4257402265847109,0.4703347355294481,14.02907786819996,20.746265423854087,0.8752267587415122,0.0445945089447372,0.0445945089447372,0.4140284498217218,-0.0458634202524297,0.0858155647785618,0.713365824051906,0.4257402265847109,0.1082799197994206,0.078251290087449,0.731266632682286,0.0758152723839028,-0.0533305120667867,0.0324822706101745,0.6492656978620294,0.061724622923442,-0.0036319482601895,0.0533971298518759,0.4569250839318209,0.0022471162684524,-0.0022471162684524,0.0039402068207014,0.8092216910793189,0.0,0.0,0.0,0.8752267587415122,0.3871212311133439,0.0307592392673244,0.0999999999999999,0.0,1.0,1.0,0.0,0.0,0.8355622415872942,0.0,0.0,0.0056042509188993,0.7216326767942745,0.066306157252304,0.3871212311133439,0.0257012589117255,0.7597735145667994,0.1402264854332006,0.0999999999999999,0.3820726113902847,0.0050486197230592,0.0,0.0,0.0,0.0,0.0,0.0,0.0,0.0,0.0,0.0,0.0,0.0,0.0,0.0,0.0,0.0,0.0,0.0,0.0,A,B,0.3233040748189,0.378518608130015,0.3795185970845126,A,0.5919676842727762,0.3786194484958736,0.0056042509188993,0.0560425091889933,0.7216326767942745,0.0,0.3786194484958736,0.3871212311133439,0.3786194484958736,3.596756951382217e-09,0.3871212319773802,0.3786194484958736,0.4557424152302557,0.3882598193376714,0.3416968449400817,0.0271499834307061,0.0194129909668835,0.0,0.0,0.0,0.0,0.0,0.3882598193376714,0.0,0.3882598193376714,0.0,none,0.0,0.5084504169710521,0.0,0.8362232369122443,0.0,0.0,0.0,0.0025208098098237,0.0025208098098237,0.0653963130105539,0.0,0.0,0.0,0.5,mainstream_liberal,none,,0.0,0.0,0.0,0.0,0.0,0.0,0.0,0.0,0.0,0.0,0.0,2.0,1.0,0.0,1.0,0.0,0.0,0.0,0.0,0.2990622220691088,A,B,rupture_landslide,1.0,1.0,1.0,1.0,0.8635527978308968,0.078301390814118,0.2864524887768532,0.1357048353688699,-0.0,0.1357048353688699,0.6499999999999999,0.4874999999999999,0.8124999999999999,0.6499999999999999,0.0023640895350967,0.0,0.0023640895350967,0.1357048353688699,0.2990622220691088,structural_mega_shock_regime,0.4460734616551319,0.0440351823851244,0.0,0.0440351823851244,0.1572516557269645,0.1148228119451538,0.894435410009439,0.0,0.4901086440402563,0.5826771399494727,0.0052083912497347,0.0,0.0052083912497347,0.0,0.0,0.0,0.5878855311992074,0.5919676842727762,8691376.0,0.5878855311992074,8691376.0,0.5878855311992075
pres_2025,sido_42,이재명,더불어민주당,1005840.0,,,,,0.3333333333333333,0.2778963955051511,0.0,False,이재명,0.6666666666666665,0.2896721245338289,0.2694803092555142,0.1927200456185204,0.3388533344108213,0.4916281666208978,0.4620622309416932,0.0444649943024245,-0.0133271234205082,0.009654995848395,-0.0014988873637945,0.0113748022201705,-0.0042965297210332,0.0,0.0,True,0.3423429278880955,0.3725187825114813,0.0301758546233857,0.0747601160972957,35.06250786664815,0.342374967974541,0.342118181454272,0.3725187825114813,0.3892322366437145,14.02907786819996,21.03342999844819,0.8752267587415122,0.0167134541322331,0.0167134541322331,0.4964654761653584,-0.0313648756730896,0.0788274282319485,0.7489756458706586,0.3725187825114813,0.0771715091950545,0.0752699301321433,0.7193088215821961,0.0620027027857487,-0.0414331517770235,0.0329845083163354,0.6174747261176885,0.0444838163672125,-0.0008810046866502,0.0384785385730227,0.5187906208796674,0.0023726123146858,-0.0023726123146858,0.004357036458454,0.8024139902216193,0.0,0.0,0.0,0.8752267587415122,0.3335209513957015,0.0293982405456899,0.0999999999999999,0.0,1.0,1.0,0.0,0.0,0.8355622415872942,0.0,0.0,-0.0347049160992066,0.7185990674845771,0.0626661940428577,0.3335209513957015,0.0245640597690791,0.7854029767162176,0.1145970232837823,0.0999999999999998,0.3820726113902847,-0.0485516599945832,0.0,0.0,0.0,0.0,0.0,0.0,0.0,0.0,0.0,0.0,0.0,0.0,0.0,0.0,0.0,0.0,0.0,0.0,0.0,A,B,0.3233040748189,0.2778963955051511,0.278512136165757,A,0.5072512059788886,0.2773239273467152,-0.0347049160992066,-0.3470491609920664,0.7185990674845771,-0.0,0.2773239273467152,0.3335209513957015,0.2773239273467152,3.596756951382217e-09,0.3335209521675548,0.2773239273467152,0.3906515846760629,0.2914898845128837,0.2544838809175654,0.022431509369674,0.0145744942256442,0.0,0.0,0.0,0.0,0.0,0.2914898845128837,0.0,0.2914898845128837,0.0,none,0.0,0.5084504169710521,0.0,0.8362232369122443,0.0,0.0,0.0,0.0017777050946988,0.0017777050946988,0.1870096481239928,0.0,0.0,0.0,0.5,mainstream_liberal,none,,0.0,0.0,0.0,0.0,0.0,0.0,0.0,0.0,0.0,0.0,0.0,2.0,1.0,0.0,1.0,0.0,0.0,0.0,0.0,0.2227311022474417,A,B,rupture_landslide,1.0,1.0,1.0,1.0,0.8635527978308968,0.078301390814118,0.2864524887768532,0.1357048353688699,-0.0,0.1357048353688699,0.6499999999999999,0.4874999999999999,0.8124999999999999,0.6499999999999999,0.0036117164987478,0.0,0.0036117164987478,0.1357048353688699,0.2227311022474417,structural_mega_shock_regime,0.373931631485575,0.0592447672742705,0.0,0.0592447672742705,0.1572516557269645,0.1148228119451538,0.894435410009439,0.0,0.4331763987598455,0.5074125853324292,0.0026817096193915,0.0,0.0026817096193915,0.0,0.0,0.0,0.5100942949518207,0.5072512059788886,1005840.0,0.5100942949518207,1005840.0,0.5100942949518207
pres_2025,sido_43,이재명,더불어민주당,1010209.0,,,,,0.3333333333333333,0.3220100999036666,0.0,False,이재명,0.6666666666666665,0.2896721245338289,0.2694803092555142,0.1927200456185204,0.3388533344108213,0.4916281666208978,0.4620622309416932,0.0444649943024245,-0.0133271234205082,0.009654995848395,-0.0014988873637945,0.0113748022201705,-0.0042965297210332,0.0,0.0,True,0.3694278398156161,0.3997848725511403,0.0303570327355242,0.0740523736347662,34.87546419219996,0.3694278398156161,0.386712091884954,0.3997848725511403,0.432456498624689,14.02907786819996,20.846386324000004,0.8752267587415122,0.0326716260735486,0.0326716260735486,0.439070246930344,-0.0208240955091901,0.0791612830199274,0.7335618883262436,0.3997848725511403,0.0941953819779314,0.0758023418111841,0.7277246038732967,0.0677649263214185,-0.0460326747189958,0.0282736342293041,0.6650976310178845,0.0604200237521717,-0.0153416288451058,0.0511576152270444,0.4697340569775273,0.0111591662779318,-0.0111591662779318,0.0189903923958118,0.6034621060272511,0.0,0.0,0.0,0.8752267587415122,0.362910001186268,0.0298214416963249,0.1,0.0,1.0,1.0,0.0,0.0,0.8355622415872942,0.0,0.0,-0.0125682654366123,0.7200180035309667,0.063949973344311,0.362910001186268,0.024917670671146,0.7609169750732592,0.1390830249267407,0.1,0.3820726113902847,-0.0191626102040167,0.0,0.0,0.0,0.0,0.0,0.0,0.0,0.0,0.0,0.0,0.0,0.0,0.0,0.0,0.0,0.0,0.0,0.0,0.0,A,B,0.3233040748189,0.3220100999036666,0.3228335618372651,A,0.5372187490955036,0.3220051914315568,-0.0125682654366123,-0.1256826543661231,0.7200180035309667,-0.0,0.3220051914315568,0.362910001186268,0.3220051914315568,3.596756951382217e-09,0.3629100020461915,0.3220051914315568,0.4249319620257486,0.3348710377558309,0.2939709777917345,0.0241565080763047,0.0167435518877916,0.0,0.0,0.0,0.0,0.0,0.3348710377558309,0.0,0.3348710377558309,0.0,none,0.0,0.5084504169710521,0.0,0.8362232369122443,0.0,0.0,0.0,0.0025278073966124,0.0025278073966124,0.1043998021250777,0.0,-0.0010099166609552,-0.0003412080996076,0.5,mainstream_liberal,none,,0.0,0.0,0.0,0.0,0.0,0.0,0.0,0.0,0.0,0.0,0.0,2.0,1.0,0.0,1.0,0.0,0.0,0.0,0.0,0.2572912660567329,A,B,rupture_landslide,1.0,1.0,1.0,1.0,0.8635527978308968,0.078301390814118,0.2864524887768532,0.1357048353688699,-0.0,0.1357048353688699,0.6499999999999999,0.4874999999999999,0.8124999999999999,0.6499999999999999,0.0028299728576703,0.0,0.0028299728576703,0.1357048353688699,0.2572912660567329,structural_mega_shock_regime,0.3982360352625286,0.0513441980543536,0.0,0.0513441980543536,0.1572516557269645,0.1148228119451538,0.894435410009439,0.0,0.4495802333168822,0.5330842383300275,0.004323492232624,0.0,0.004323492232624,0.0,0.0,0.0,0.5374077305626515,0.5372187490955036,1010209.0,0.5374077305626515,1010209.0,0.5374077305626515
pres_2025,sido_44,이재명,더불어민주당,1312113.0,,,,,0.3333333333333333,0.3015900776277961,0.0,False,이재명,0.6666666666666665,0.2896721245338289,0.2694803092555142,0.1927200456185204,0.3388533344108213,0.4916281666208978,0.4620622309416932,0.0444649943024245,-0.0133271234205082,0.009654995848395,-0.0014988873637945,0.0113748022201705,-0.0042965297210332,0.0,0.0,True,0.3334651714290529,0.3724872301504685,0.0390220587214155,0.0960706500280008,34.87546419219996,0.3334651714290529,0.3527074205802574,0.3724872301504685,0.4146261582870291,14.02907786819996,20.846386324000004,0.8752267587415122,0.0421389281365606,0.0421389281365606,0.401201483316801,0.0191309177733889,0.0825565282057263,0.7150861447007614,0.3724872301504685,0.1216218244837299,0.0974391489164022,0.6733713075122256,0.0566957193006873,-0.0353354756111421,0.0298491929728453,0.6303733326818498,0.1039977555989143,-0.0610626147826969,0.1084414268282741,0.2589136303644365,0.0402176716382728,-0.0402176716382728,0.0692947734040828,0.2029788629262304,0.0,0.0,0.0,0.8752267587415122,0.3334651714290529,0.0390220587214155,0.1149520178630706,0.0,1.0,1.0,0.0,0.0,0.8355622415872942,0.0,0.0,-0.0212646226997877,0.6592837868146783,0.0843171592158183,0.3334651714290529,0.032605358856617,0.6981691486185684,0.1868788335183609,0.1149520178630706,0.3820726113902847,-0.0486074399612317,0.0,0.0,0.0,0.0,0.0,0.0,0.0,0.0,0.0,0.0,0.0,0.0,0.0,0.0,0.0,0.0,0.0,0.0,0.0,A,B,0.3233040748189,0.3015900776277961,0.3025558695402133,A,0.49742200149626487,0.3010185297521461,-0.0212646226997877,-0.2126462269978777,0.6592837868146783,-0.0,0.3010185297521461,0.3334651714290529,0.3010185297521461,3.596756951382217e-09,0.3334651725146651,0.3010185297521461,0.4070899175596524,0.3142774532280844,0.2672858222171047,0.0312777583495755,0.0157138726614042,0.0,0.0,0.0,0.0,0.0,0.3142774532280844,0.0,0.3142774532280844,0.0,none,0.0,0.5084504169710521,0.0,0.8362232369122443,0.0,0.0,0.0,0.0037065682202287,0.0037065682202287,0.1739573325336452,0.0,-0.0155437370951729,-0.0050074293268957,0.5,mainstream_liberal,none,,0.0,0.0,0.0,0.0,0.0,0.0,0.0,0.0,0.0,0.0,0.0,2.0,1.0,0.0,1.0,0.0,0.0,0.0,0.0,0.2339357038366366,A,B,rupture_landslide,1.0,1.0,1.0,1.0,0.8635527978308968,0.078301390814118,0.2864524887768532,0.1357048353688699,-0.0,0.1357048353688699,0.6499999999999999,0.4874999999999999,0.8124999999999999,0.6499999999999999,0.0023985732857278,0.0,0.0023985732857278,0.1357048353688699,0.2339357038366366,structural_mega_shock_regime,0.3623909768851336,0.046172184560257,0.0,0.046172184560257,0.1572516557269645,0.1148228119451538,0.894435410009439,0.0,0.4085631614453907,0.4935942406392003,0.007853889167062,0.0,0.007853889167062,0.0,0.0,0.0,0.5014481298062624,0.49742200149626487,1312113.0,0.5014481298062624,1312113.0,0.5014481298062624
pres_2025,sido_45,이재명,더불어민주당,1225419.0,,,,,0.3333333333333333,0.6819917176174192,0.0,False,이재명,0.6666666666666665,0.2896721245338289,0.2694803092555142,0.1927200456185204,0.3388533344108213,0.4916281666208978,0.4620622309416932,0.0444649943024245,-0.0133271234205082,0.009654995848395,-0.0014988873637945,0.0113748022201705,-0.0042965297210332,0.0,0.0,True,0.644310072607243,0.6763162953130104,0.0320062227057673,0.0805274636457205,35.06250786664815,0.6443100726072432,0.7728680178506913,0.6763162953130104,0.811990451808847,14.02907786819996,21.03342999844819,0.8752267587415122,0.1356741564958365,0.1356741564958365,0.1021156325992749,-0.0053298414172245,0.0398274270763149,0.6460719420183347,0.6763162953130105,0.1554343760065132,0.0799204143159994,0.7789209404217866,0.1173935725576874,-0.1015154947455594,0.0353555105989815,0.6903684725338157,0.0752057599400044,-0.0400320699779071,0.079216637084997,0.3214781089387628,0.0019541319617773,-0.0019541319617773,0.003596089871232,0.8146465129882557,0.0,0.0,0.0,0.8752267587415122,0.644310072607243,0.0320062227057673,0.1409623202593469,0.0,1.0,1.0,0.0,0.0,0.8355622415872942,0.0,0.0,0.1559335228793471,0.7428819768574932,0.0666056893777839,0.644310072607243,0.0267431911887731,0.723602840395488,0.1354348393451651,0.1409623202593469,0.3820726113902847,0.2622374612169583,0.0,0.0,0.0,0.0,0.0,0.0,0.0,0.0,0.0,0.0,0.0,0.0,0.0,0.0,0.0,0.0,0.0,0.0,0.0,A,B,0.3233040748189,0.6819917176174192,0.683808293740824,A,0.8492885558426047,0.6847912671225135,0.1559335228793471,1.0,0.7428819768574932,0.0075763128633868,0.6847912671225134,0.6841427071093615,0.6847912671225135,3.596756951382217e-09,0.6443100736013765,0.6847912671225135,0.7728460612199382,0.6957981163846916,0.629726432876059,0.0312817776893979,0.0347899058192346,0.0,0.0,0.0,0.0,0.0,0.6957981163846916,0.0,0.6957981163846916,0.0,none,0.0,0.5084504169710521,0.0,0.8362232369122443,0.0,0.0,0.0,0.0026829443266276,0.0026829443266276,0.4233132490052553,0.0,-0.0117799904016217,-0.0083493128743319,0.5,mainstream_liberal,none,,0.0,0.0,0.0,0.0,0.0,0.0,0.0,0.0,0.0,0.0,0.0,2.0,1.0,0.0,1.0,0.0,0.0,0.0,0.0,0.5511534247399676,A,B,rupture_landslide,1.0,1.0,1.0,1.0,0.8635527978308968,0.078301390814118,0.2864524887768532,0.1357048353688699,-0.0,0.1357048353688699,0.6499999999999999,0.4874999999999999,0.8124999999999999,0.6499999999999999,0.0006068102818967,0.0,0.0006068102818967,0.1357048353688699,0.5511534247399676,structural_mega_shock_regime,0.7091871717242009,0.0071092102905453,0.0,0.0071092102905453,0.1572516557269645,0.1148228119451538,0.894435410009439,0.0,0.7162963820147462,0.8233858666672464,0.0150865870094324,0.0,0.0150865870094324,0.0,0.0,0.0,0.8384724536766789,0.8492885558426047,1225419.0,0.8384724536766789,1225419.0,0.838472453676679
pres_2025,sido_46,이재명,더불어민주당,1271616.0,,,,,0.3333333333333333,0.698530162906948,0.0,False,이재명,0.6666666666666665,0.2896721245338289,0.2694803092555142,0.1927200456185204,0.3388533344108213,0.4916281666208978,0.4620622309416932,0.0444649943024245,-0.0133271234205082,0.009654995848395,-0.0014988873637945,0.0113748022201705,-0.0042965297210332,0.0,0.0,True,0.6714632431517412,0.6971405852923903,0.025677342140649,0.0854310337134301,35.06250786664815,0.6714632431517412,0.7574243429463532,0.6971405852923903,0.8108050370888935,14.02907786819996,21.03342999844819,0.8752267587415122,0.1136644517965032,0.1136644517965032,0.0669514824275152,0.0097771536023227,0.0266532337073175,0.675762648809484,0.6971405852923903,0.1414846224531358,0.0836368795001334,0.7772515765641055,0.1231726610889746,-0.1086150141210931,0.0440902612704672,0.6523914900498176,0.082190998035537,-0.0398292695927589,0.0899075131190768,0.2799558063838834,0.0024133482645776,-0.0024133482645776,0.0044422154494779,0.8010482153320733,0.0,0.0,0.0,0.8752267587415122,0.6714632431517412,0.025677342140649,0.1493351010181369,0.0,1.0,1.0,0.0,0.0,0.8355622415872942,0.0,0.0,0.1634894678368356,0.7387635623634874,0.0695755490213446,0.6714632431517412,0.0214550175570446,0.7273241088973031,0.1233407900845598,0.1493351010181369,0.3820726113902847,0.2893906317614565,0.0,0.0,0.0,0.0,0.0,0.0,0.0,0.0,0.0,0.0,0.0,0.0,0.0,0.0,0.0,0.0,0.0,0.0,0.0,A,B,0.3233040748189,0.698530162906948,0.7005197079842789,A,0.8603860606087705,0.7006385854394451,0.1634894678368356,1.0,0.7387635623634874,0.0052756847576052,0.7006385854394451,0.6991919131718992,0.7006385854394451,3.596756951382217e-09,0.6714632441324901,0.7006385854394451,0.8017705192261945,0.7132800771627889,0.6526578652741283,0.0249582080305209,0.0356640038581395,0.0,0.0,0.0,0.0,0.0,0.7132800771627889,0.0,0.7132800771627889,0.0,none,0.0,0.5084504169710521,0.0,0.8362232369122443,0.0,0.0,0.0,0.0027648210048793,0.0027648210048793,0.4821030405901423,0.0,-0.0161074741238511,-0.0117374174474049,0.5,mainstream_liberal,none,,0.0,0.0,0.0,0.0,0.0,0.0,0.0,0.0,0.0,0.0,0.0,2.0,1.0,0.0,1.0,0.0,0.0,0.0,0.0,0.5712236279910299,A,B,rupture_landslide,1.0,1.0,1.0,1.0,0.8635527978308968,0.078301390814118,0.2864524887768532,0.1357048353688699,-0.0,0.1357048353688699,0.6499999999999999,0.4874999999999999,0.8124999999999999,0.6499999999999999,0.0002867354314141,0.0,0.0002867354314141,0.1357048353688699,0.5712236279910299,structural_mega_shock_regime,0.7150005214168618,0.0034438504771999,0.0,0.0034438504771999,0.1572516557269645,0.1148228119451538,0.894435410009439,0.0,0.7184443718940617,0.8343605947889476,0.0179928551654027,0.0,0.0179928551654027,0.0,0.0,0.0,0.8523534499543504,0.8603860606087705,1271616.0,0.8523534499543504,1271616.0,0.8523534499543504
pres_2025,sido_47,이재명,더불어민주당,1757696.0,,,,,0.3333333333333333,0.0941243014391552,0.0,False,이재명,0.6666666666666665,0.2896721245338289,0.2694803092555142,0.1927200456185204,0.3388533344108213,0.4916281666208978,0.4620622309416932,0.0444649943024245,-0.0133271234205082,0.009654995848395,-0.0014988873637945,0.0113748022201705,-0.0042965297210332,0.0,0.0,True,0.1635333392321462,0.1969446246718237,0.0334112854396775,0.0644380069746611,34.87546419219996,0.171680287498159,0.1063862534261016,0.1969446246718237,0.1710065093236525,14.02907786819996,20.846386324000004,0.8752267587415122,0.0,-0.0259381153481711,0.6723413733283973,-0.0251054289818841,0.0808060687839524,0.7773178803637686,0.1969446246718237,0.0667820136089314,0.0630857415728274,0.6516368377502482,0.0556299096144683,-0.0356601804708625,0.0231347837836308,0.6835369059428551,0.0450935408708977,-0.0012430646186542,0.0388178229284432,0.5179533095470172,0.0023369372996869,-0.0023369372996869,0.0039845153920713,0.8085940004700591,0.0,0.0,0.0,0.8752267587415122,0.1586881966543839,0.0324213806140214,0.0999999999999998,0.0,1.0,1.0,0.0,0.0,0.8355622415872942,0.0,0.0,-0.1304978259468974,0.6752030998432779,0.0537581952462739,0.1586881966543839,0.0270900814612066,0.7797074132548529,0.120292586745147,0.0999999999999999,0.3820726113902847,-0.2233844147359007,0.0,0.0,0.0,0.0,0.0,0.0,0.0,0.0,0.0,0.0,0.0,0.0,0.0,0.0,0.0,0.0,0.0,0.0,0.0,A,B,0.3233040748189,0.0941243014391552,0.0942975573961685,A,0.32169111516877874,0.0927907457874654,-0.1304978259468974,-1.0,0.6752030998432779,-0.0,0.0927907457874654,0.1586881966543839,0.0927907457874654,3.596756951382217e-09,0.1586881974467228,0.0927907457874654,0.200388651847152,0.1062404840449262,0.0838061363143788,0.0171223235283011,0.0053120242022463,0.0,0.0,0.0,0.0,0.0,0.1062404840449262,0.0,0.1062404840449262,0.0,none,0.0,0.5084504169710521,0.0,0.8362232369122443,0.0,0.0,0.0,0.0018795607727572,0.0018795607727572,0.381436605633672,0.0,0.0,0.0,0.5,mainstream_liberal,none,,0.0,0.0,0.0,0.0,0.0,0.0,0.0,0.0,0.0,0.0,0.0,2.0,1.0,0.0,1.0,0.0,0.0,0.0,0.0,0.0733493730490831,A,B,rupture_landslide,1.0,1.0,1.0,1.0,0.8635527978308968,0.078301390814118,0.2864524887768532,0.1357048353688699,-0.0,0.1357048353688699,0.6499999999999999,0.4874999999999999,0.8124999999999999,0.6499999999999999,0.0100653448360246,0.0,0.0100653448360246,0.1357048353688699,0.0733493730490831,structural_mega_shock_regime,0.2106055514170526,0.0865293518996201,0.0,0.0865293518996201,0.1572516557269645,0.1148228119451538,0.894435410009439,0.0,0.2971349033166728,0.3367207723130829,0.0014934501834537,0.0,0.0014934501834537,0.0,0.0,0.0,0.3382142224965367,0.32169111516877874,1757696.0,0.3382142224965367,1757696.0,0.3382142224965367
pres_2025,sido_48,이재명,더불어민주당,2124344.0,,,,,0.3333333333333333,0.2535853086893963,0.0,False,이재명,0.6666666666666665,0.2896721245338289,0.2694803092555142,0.1927200456185204,0.3388533344108213,0.4916281666208978,0.4620622309416932,0.0444649943024245,-0.0133271234205082,0.009654995848395,-0.0014988873637945,0.0113748022201705,-0.0042965297210332,0.0,0.0,True,0.2554997213001066,0.3013257575051536,0.0458260362050469,0.0846815067431006,34.775343292054046,0.2689031205111503,0.1614810556849558,0.3013257575051536,0.2994169710099452,14.02907786819996,20.746265423854087,0.8752267587415122,0.0,-0.0019087864952083,0.5345387197941365,-0.0435831620072551,0.0779053137593732,0.7585795411296999,0.3013257575051536,0.1189139130614093,0.0809602121937081,0.6735377490642618,0.0998603144053651,-0.0760486402958558,0.0420575379141237,0.629598803566817,0.0417384343054634,0.0001789526649526,0.0343290559481959,0.5477118126268693,0.0013171740435889,-0.0013171740435889,0.0023713520164196,0.8347827791606569,0.0,0.0,0.0,0.8752267587415122,0.2554997213001066,0.0458260362050469,0.1125856127150621,0.0,1.0,1.0,0.0,0.0,0.8355622415872942,0.0,0.0,-0.063706967950346,0.6897295139044045,0.0666980595077114,0.2554997213001066,0.0382905055345495,0.7588392181737231,0.1285751691112147,0.112585612715062,0.3820726113902847,-0.126572890090178,0.0,0.0,0.0,0.0,0.0,0.0,0.0,0.0,0.0,0.0,0.0,0.0,0.0,0.0,0.0,0.0,0.0,0.0,0.0,A,B,0.3233040748189,0.2535853086893963,0.2540889663489958,A,0.4722171556988916,0.2523356940809942,-0.063706967950346,-0.6370696795034605,0.6897295139044045,-0.0,0.2523356940809942,0.2554997213001066,0.2523356940809942,3.596756951382217e-09,0.2554997221675033,0.2523356940809942,0.3297351262331428,0.2620106231000128,0.2110555023483075,0.0378545895967045,0.0131005311550006,0.0,0.0,0.0,0.0,0.0,0.2620106231000128,0.0,0.2620106231000128,0.0,none,0.0,0.5084504169710521,0.0,0.8362232369122443,0.0,0.0,0.0,0.0017158271636576,0.0017158271636576,0.228585416643642,0.0,0.0,-5.551115123125783e-17,0.5,mainstream_liberal,none,,0.0,0.0,0.0,0.0,0.0,0.0,0.0,0.0,0.0,0.0,0.0,2.0,1.0,0.0,1.0,0.0,0.0,0.0,0.0,0.1847214232348708,A,B,rupture_landslide,1.0,1.0,1.0,1.0,0.8635527978308968,0.078301390814118,0.2864524887768532,0.1357048353688699,-0.0,0.1357048353688699,0.6499999999999999,0.4874999999999999,0.8124999999999999,0.6499999999999999,0.0034277185572677,0.0,0.0034277185572677,0.1357048353688699,0.1847214232348708,structural_mega_shock_regime,0.3479829814225829,0.0653950017870531,0.0,0.0653950017870531,0.1572516557269645,0.1148228119451538,0.894435410009439,0.0,0.413377983209636,0.4757745796649106,0.0022291222880879,0.0,0.0022291222880879,0.0,0.0,0.0,0.4780037019529985,0.4722171556988916,2124344.0,0.4780037019529985,2124344.0,0.4780037019529985
pres_2025,sido_50,이재명,더불어민주당,405238.0,,,,,0.3333333333333333,0.4067113854421855,0.0,False,이재명,0.6666666666666665,0.2896721245338289,0.2694803092555142,0.1927200456185204,0.3388533344108213,0.4916281666208978,0.4620622309416932,0.0444649943024245,-0.0133271234205082,0.009654995848395,-0.0014988873637945,0.0113748022201705,-0.0042965297210332,0.0,0.0,True,0.3908225738046021,0.4314061579966288,0.0405835841920266,0.075000329686795,23.170173341986587,0.3908225738046021,0.4558027838733273,0.4314061579966288,0.5176706126785382,8.142187280770322,15.027986061216264,0.8028038780360507,0.0862644546819094,0.0862644546819094,0.3571212800042179,-0.025679256883172,0.0659917674000565,0.6726744807550499,0.4314061579966288,0.1306969474540071,0.0772022014106011,0.6740597278920784,0.1175898614580723,-0.0751077457110688,0.0386709360715672,0.617558916464761,0.0665315911184523,-0.0216983828222856,0.046972111022983,0.47920585172523,4.474847682624206e-05,-4.474847682624206e-05,7.638942525885915e-05,0.8015784602108985,0.0,0.0,0.0,0.8028038780360507,0.3908225738046021,0.0405835841920266,0.145283230037314,0.0,1.0,1.0,0.0,0.0,0.8355622415872942,0.0,0.0,0.009005279464826,0.6713953585023966,0.0640506223612336,0.3908225738046021,0.0339101105791364,0.7132533605414471,0.1414634094212389,0.145283230037314,0.3820726113902847,0.0087499624143174,0.0,0.0,0.0,0.0,0.0,0.0,0.0,0.0,0.0,0.0,0.0,0.0,0.0,0.0,0.0,0.0,0.0,0.0,0.0,A,B,0.3233040748189,0.4067113854421855,0.4077239695890975,A,0.647674880100847,0.406079455393717,0.009005279464826,0.0900527946482606,0.6713953585023966,0.000436557548155,0.406079455393717,0.406079455393717,0.406079455393717,3.596756951382217e-09,0.3908225748359601,0.406079455393717,0.4904026929280214,0.416619860085505,0.3585559010891601,0.0372329659920696,0.0208309930042752,0.0,0.0,0.0,0.0,0.0,0.416619860085505,0.0,0.416619860085505,0.0,none,0.0,0.5084504169710521,0.0,0.8362232369122443,0.0,0.0,0.0,0.0022030970326834,0.0022030970326834,0.1345851363878829,0.0,0.0,0.0,0.5,mainstream_liberal,none,,0.0,0.0,0.0,0.0,0.0,0.0,0.0,0.0,0.0,0.0,0.0,2.0,1.0,0.0,1.0,0.0,0.0,0.0,0.0,0.2878500678870883,A,B,rupture_landslide,1.0,1.0,1.0,1.0,0.8635527978308968,0.078301390814118,0.2864524887768532,0.1357048353688699,-0.0,0.1357048353688699,0.6499999999999999,0.4874999999999999,0.8124999999999999,0.6499999999999999,0.0031420606313961,0.0,0.0031420606313961,0.1357048353688699,0.2878500678870883,structural_mega_shock_regime,0.4941194663201148,0.0389786703192529,0.0,0.0389786703192529,0.1572516557269645,0.1148228119451538,0.894435410009439,0.0,0.5330981366393678,0.6345005780152242,0.0049633390852724,0.0,0.0049633390852724,0.0,0.0,0.0,0.6394639171004965,0.647674880100847,405238.0,0.6394639171004965,405238.0,0.6394639171004965
pres_2025,sido_11,김문수,국민의힘,6439139.0,,,,,0.3333333333333333,0.3968058737398062,0.0,False,김문수,0.6666666666666665,0.3039798473671175,0.2854430103182108,0.2059941231017316,0.3380180462866254,0.4157732321866589,0.3952119947262228,0.0404072443721303,-0.0247493876306958,0.0094478848886181,-0.0020557461132584,-0.0361935879963992,-0.0070016963412293,0.0,0.0,True,0.3862271525665093,0.4190325835763422,0.0328054310098329,0.0820542635674238,35.06250786664815,0.3862271525665093,0.408949928545479,0.4190325835763422,0.4442192487169692,14.02907786819996,21.03342999844819,0.8752267587415122,0.0251866651406269,0.0251866651406269,0.4190325835763422,-0.0212170421075629,0.0819160593308112,0.7223693036148071,0.421212540908823,0.0699728594966002,0.0671343508772248,0.7505319019255978,0.0717112412434173,-0.0442840096458063,0.0338011153888874,0.6321625983448748,0.0667253695978803,-0.001740042146875,0.0587713247089647,0.4345493275268823,0.0017568766334273,-0.0017568766334273,0.0031073570886979,0.8226802712041044,0.0,0.0,0.0,0.8752267587415122,0.3766130295434722,0.0319888249078112,0.0999999999999998,0.0,1.0,1.0,0.0,0.8404784394951577,0.0,0.0,0.0,0.0038825667659569,0.7126956313269912,0.0690870242321686,0.3766130295434722,0.026885917639801,0.7611241181323437,0.1388758818676564,0.0999999999999998,0.3574392489243773,0.0191737806190949,0.0,0.0,0.0,0.0,0.0,0.0,0.0,0.0,0.0,0.0,0.0,0.0,0.0,0.0,0.0,0.0,0.0,0.0,0.0,B,A,0.438529453921437,0.3968058737398062,0.3978980900067346,B,0.34253026728336994,0.397071873429782,0.0038825667659569,0.0388256676595698,0.7126956313269912,0.0002595804741825,0.397071873429782,0.3946408017651521,0.397071873429782,0.1613982197900633,0.4151671716276934,0.397071873429782,0.4483090417942617,0.4034765194753419,0.3532945018706771,0.0300081916308977,0.020173825973767,0.0,0.0,0.0,0.0,0.0,0.4034765194753419,0.0,0.4034765194753419,0.0,none,0.0,0.4623172143374452,0.0,0.8105682368544662,0.0,0.0,0.0,0.0,0.0,0.0974317501097612,0.0,-0.0023731694860822,-0.0009601882228867,0.5,mainstream_conservative,none,regime_change,-0.3212603539057819,-0.1285041415623128,-0.1758110803387189,6.417923106449169,17.0,1.2793337124490471,0.1509917175733914,0.894435410009439,13.0,1.0,0.1572516557269645,2.0,0.9469018075427992,0.0,0.9469018075427992,0.045822611103696,-0.0080561227620817,-0.1285041415623128,-0.1365602643243945,0.3092128017534699,A,B,rupture_landslide,1.0,1.0,1.0,1.0,0.8635527978308968,0.078301390814118,0.2864524887768532,0.1357048353688699,-0.0,0.1357048353688699,-0.6499999999999999,-0.4874999999999999,-0.8124999999999999,0.6499999999999999,0.0,0.0024364848362528,-0.0024364848362528,0.1357048353688699,0.3092128017534699,structural_mega_shock_regime,0.3247306133107837,0.0,0.0459314302275834,-0.0459314302275834,0.1572516557269645,0.1148228119451538,0.894435410009439,0.0326419226369376,0.2787991830832002,0.3342240586025594,0.01093716447226,0.0,0.01093716447226,0.0,0.0,0.0,0.3451612230748194,0.34253026728336994,6439139.0,0.3451612230748194,6439139.0,0.3451612230748194
pres_2025,sido_26,김문수,국민의힘,2180178.0,,,,,0.3333333333333333,0.5443273560983669,0.0,False,김문수,0.6666666666666665,0.3039798473671175,0.2854430103182108,0.2059941231017316,0.3380180462866254,0.4157732321866589,0.3952119947262228,0.0404072443721303,-0.0247493876306958,0.0094478848886181,-0.0020557461132584,-0.0361935879963992,-0.0070016963412293,0.0,0.0,True,0.4944868503042001,0.5284094714852404,0.0339226211810402,0.0858177284496879,34.70813157875724,0.4944868503042001,0.5371305070588704,0.5284094714852404,0.5832521294356061,14.02907786819996,20.67905371055728,0.8752267587415122,0.0548426579503656,0.0548426579503656,0.5284094714852404,-0.0401027689843331,0.0847057137731194,0.7470533608852058,0.3395769866689582,0.093677779227445,0.076671606235541,0.7029757179733871,0.0663319922114024,-0.0493472750541754,0.0383369448265657,0.5867977606406912,0.0466257381975832,-0.0021588013338283,0.0399983881233247,0.5129251583079115,0.0008854471780828,-0.0008854471780828,0.0016264295248382,0.8472522646516033,0.0,0.0,0.0,0.8752267587415122,0.4804736071580141,0.032961289371158,0.0999999999999999,0.0,1.0,1.0,0.0,0.8404784394951577,0.0,0.0,0.0,0.0573219235854143,0.7314325024624524,0.0704763133241234,0.4804736071580141,0.0277032530544192,0.777238187091744,0.122761812908256,0.0999999999999998,0.3574392489243773,0.1230343582336368,0.0,0.0,0.0,0.0,0.0,0.0,0.0,0.0,0.0,0.0,0.0,0.0,0.0,0.0,0.0,0.0,0.0,0.0,0.0,B,A,0.438529453921437,0.5443273560983669,0.5454634892122543,B,0.4532666303438576,0.5474615077867698,0.0573219235854143,0.5732192358541435,0.7314325024624524,0.0090602097775153,0.5474615077867698,0.5389417993738782,0.5474615077867698,0.1613982197900633,0.5164269671986138,0.5474615077867698,0.5681810473078491,0.5500514502269047,0.4804736071580141,0.032961289371158,0.0366165536977324,0.0,0.0,0.0,0.0,0.0,0.5500514502269047,0.0,0.5500514502269047,0.0,none,0.0,0.4623172143374452,0.0,0.8105682368544662,0.0,0.0,0.0,0.0,0.0,0.1893850985672109,0.0,0.0,0.0,0.5,mainstream_conservative,none,regime_change,-0.3212603539057819,-0.1285041415623128,-0.1758110803387189,6.417923106449169,17.0,1.2793337124490471,0.1509917175733914,0.894435410009439,13.0,1.0,0.1572516557269645,2.0,0.9469018075427992,0.0,0.9469018075427992,0.045822611103696,-0.0080561227620817,-0.1285041415623128,-0.1365602643243945,0.4205233578537513,A,B,rupture_landslide,1.0,1.0,1.0,1.0,0.8635527978308968,0.078301390814118,0.2864524887768532,0.1357048353688699,-0.0,0.1357048353688699,-0.6499999999999999,-0.4874999999999999,-0.8124999999999999,0.6499999999999999,0.0,0.0036113644466909,-0.0036113644466909,0.1357048353688699,0.4205233578537513,structural_mega_shock_regime,0.4435239003216123,0.0,0.0627640930754719,-0.0627640930754719,0.1572516557269645,0.1148228119451538,0.894435410009439,0.0443923758532852,0.3807598072461404,0.4388068241295674,0.0082121656341549,0.0,0.0082121656341549,0.0,0.0,0.0,0.4470189897637223,0.4532666303438576,2180178.0,0.4470189897637223,2180178.0,0.4470189897637223
pres_2025,sido_27,김문수,국민의힘,1596806.0,,,,,0.3333333333333333,0.7169999958949596,0.0,False,김문수,0.6666666666666665,0.3039798473671175,0.2854430103182108,0.2059941231017316,0.3380180462866254,0.4157732321866589,0.3952119947262228,0.0404072443721303,-0.0247493876306958,0.0094478848886181,-0.0020557461132584,-0.0361935879963992,-0.0070016963412293,0.0,0.0,True,0.6283786705201846,0.66520694488739,0.0368282743672053,0.0943778054107497,34.70813157875724,0.6283786705201846,0.6601757110006092,0.66520694488739,0.7292601792113835,14.02907786819996,20.67905371055728,0.8752267587415122,0.0640532343239935,0.0640532343239935,0.66520694488739,-0.0196000982693652,0.0919612093257099,0.7626902240455808,0.2080641789691696,0.046809403804062,0.0653909341292147,0.6534528745953142,0.0511034823609051,-0.0312880662882856,0.0251624131122613,0.6574022411670785,0.0529863332990982,0.0060972965586099,0.0461294592182874,0.4831967118335888,0.0006661400969971,-0.0006661400969971,0.0011672034480586,0.8550640289839156,0.0,0.0,0.0,0.8752267587415122,0.6006299352218033,0.0352019651290739,0.0999999999999999,0.0,1.0,1.0,0.0,0.8404784394951577,0.0,0.0,0.0,0.1349776411300827,0.7405766916542276,0.0748188678076391,0.6006299352218033,0.0295864927188469,0.7677312446850216,0.1322687553149784,0.0999999999999999,0.3574392489243773,0.243190686297426,0.0,0.0,0.0,0.0,0.0,0.0,0.0,0.0,0.0,0.0,0.0,0.0,0.0,0.0,0.0,0.0,0.0,0.0,0.0,B,A,0.438529453921437,0.7169999958949596,0.7183894905551546,B,0.5960706582082198,0.7223707738451498,0.1349776411300827,1.0,0.7405766916542276,0.0220917760685027,0.7223707738451498,0.6965474177312231,0.7223707738451498,0.1613982197900633,0.6381176988424946,0.7223707738451498,0.7080689777353921,0.7205830493314301,0.6006299352218033,0.0352019651290739,0.0847511489805529,0.0,0.0,0.0,0.0,0.0,0.7205830493314301,0.0,0.7205830493314301,0.0,none,0.0,0.4623172143374452,0.0,0.8105682368544662,0.0,0.0,0.0,0.0,0.0,0.359970258042473,0.0,0.0,0.0,0.5,mainstream_conservative,none,regime_change,-0.3212603539057819,-0.1285041415623128,-0.1758110803387189,6.417923106449169,17.0,1.2793337124490471,0.1509917175733914,0.894435410009439,13.0,1.0,0.1572516557269645,2.0,0.9469018075427992,0.0,0.9469018075427992,0.045822611103696,-0.0080561227620817,-0.1285041415623128,-0.1365602643243945,0.5256873914073034,A,B,rupture_landslide,1.0,1.0,1.0,1.0,0.8635527978308968,0.078301390814118,0.2864524887768532,0.1357048353688699,-0.0,0.1357048353688699,-0.6499999999999999,-0.4874999999999999,-0.8124999999999999,0.6499999999999999,0.0,0.0093987689101724,-0.0093987689101724,0.1357048353688699,0.5256873914073034,structural_mega_shock_regime,0.5855475319871641,0.0,0.0833517996273382,-0.0833517996273382,0.1572516557269645,0.1148228119451538,0.894435410009439,0.0554939739371195,0.502195732359826,0.5682277474008562,0.0106782931501374,0.0,0.0106782931501374,0.0,0.0,0.0,0.5789060405509937,0.5960706582082198,1596806.0,0.5789060405509937,1596806.0,0.5789060405509938
pres_2025,sido_28,김문수,국민의힘,1867054.0,,,,,0.3333333333333333,0.3928795570896954,0.0,False,김문수,0.6666666666666665,0.3039798473671175,0.2854430103182108,0.2059941231017316,0.3380180462866254,0.4157732321866589,0.3952119947262228,0.0404072443721303,-0.0247493876306958,0.0094478848886181,-0.0020557461132584,-0.0361935879963992,-0.0070016963412293,0.0,0.0,True,0.3850994691507506,0.4205718920010272,0.0354724228502765,0.0858531053053135,34.70813157875724,0.3857918909105355,0.3802424497579217,0.4205718920010272,0.4415565920479869,14.02907786819996,20.67905371055728,0.8752267587415122,0.0209847000469597,0.0209847000469597,0.4205718920010271,-0.0420687774301112,0.0868466148791166,0.7136988763065883,0.4272914162253519,0.0999103726308801,0.0848340072183425,0.7196635312358503,0.0725663326275202,-0.0487783772941753,0.0407666907877224,0.5841182799458887,0.0545386463966493,-0.0038288776190096,0.0483470085020494,0.47045209401567,0.0019013256805482,-0.0019013256805482,0.003498198700751,0.8162356430012907,0.0,0.0,0.0,0.8752267587415122,0.3774451300386118,0.0347673635724126,0.1,0.0,1.0,1.0,0.0,0.8404784394951577,0.0,0.0,0.0,0.0001453983744433,0.7049478205630799,0.0732907865131202,0.3774451300386118,0.0292212194807022,0.7629448654001488,0.1370551345998511,0.1,0.3574392489243773,0.0200058811142345,0.0,0.0,0.0,0.0,0.0,0.0,0.0,0.0,0.0,0.0,0.0,0.0,0.0,0.0,0.0,0.0,0.0,0.0,0.0,B,A,0.438529453921437,0.3928795570896954,0.3939045756410962,B,0.3345720064586801,0.3930518727782238,0.0001453983744433,0.0014539837444337,0.7049478205630799,7.406800841944276e-06,0.3930518727782238,0.3920533232751078,0.3930518727782238,0.1613982197900633,0.4157054067551217,0.3930518727782238,0.4515176808888469,0.4003600987920517,0.3482627850886083,0.0320793087638407,0.0200180049396026,0.0,0.0,0.0,0.0,0.0,0.4003600987920517,0.0,0.4003600987920517,0.0,none,0.0,0.4623172143374452,0.0,0.8105682368544662,0.0,0.0,0.0,0.0,0.0,0.0758595479886012,0.0,-0.000683183001355,-0.0002737624190536,0.5,mainstream_conservative,none,regime_change,-0.3212603539057819,-0.1285041415623128,-0.1758110803387189,6.417923106449169,17.0,1.2793337124490471,0.1509917175733914,0.894435410009439,13.0,1.0,0.1572516557269645,2.0,0.9469018075427992,0.0,0.9469018075427992,0.045822611103696,-0.0080561227620817,-0.1285041415623128,-0.1365602643243945,0.3048089085833945,A,B,rupture_landslide,1.0,1.0,1.0,1.0,0.8635527978308968,0.078301390814118,0.2864524887768532,0.1357048353688699,-0.0,0.1357048353688699,-0.6499999999999999,-0.4874999999999999,-0.8124999999999999,0.6499999999999999,0.0,0.0024883990297406,-0.0024883990297406,0.1357048353688699,0.3048089085833945,structural_mega_shock_regime,0.3206573582221389,0.0,0.0453640096569967,-0.0453640096569967,0.1572516557269645,0.1148228119451538,0.894435410009439,0.0321770274600764,0.2752933485651422,0.3287286693625645,0.0090979982736416,0.0,0.0090979982736416,0.0,0.0,0.0,0.3378266676362062,0.3345720064586801,1867054.0,0.3378266676362062,1867054.0,0.3378266676362063
pres_2025,sido_29,김문수,국민의힘,978601.0,,,,,0.3333333333333333,0.0262846683328761,0.0,False,김문수,0.6666666666666665,0.3039798473671175,0.2854430103182108,0.2059941231017316,0.3380180462866254,0.4157732321866589,0.3952119947262228,0.0404072443721303,-0.0247493876306958,0.0094478848886181,-0.0020557461132584,-0.0361935879963992,-0.0070016963412293,0.0,0.0,True,0.0441248422185846,0.0604502164028905,0.0163253741843058,0.0283979393508973,27.57613235441446,0.0488950200682868,0.0157553095833446,0.0604502164028905,0.0602561186616932,11.8945387484917,15.68159360592276,0.8560585539252171,0.0,-0.0001940977411972,0.0540475323416198,0.011613891963555,0.0296060381171979,0.6261867652180159,0.6867728656799058,0.1531555415310483,0.0813703220531285,0.7785653769972319,0.1491390106209983,-0.1334733845666416,0.0528066499915721,0.6431386662678432,0.0883021646849436,-0.0364751563429037,0.0935707852039852,0.2830765546319599,0.0008317251639335,-0.0008317251639335,0.0015385229700166,0.8487362851651317,0.0,0.0,0.0,0.8752267587415122,0.0441248422185846,0.0163253741843058,0.160869101038261,0.0,1.0,1.0,0.0,0.8404784394951577,0.0,0.0,0.0,-0.1611062010703891,0.6347582708099304,0.0359279904239644,0.0441248422185846,0.0137211250185999,0.7304862471969895,0.1086446517647494,0.160869101038261,0.3574392489243773,-0.3133144067057926,0.0,0.0,0.0,0.0,0.0,0.0,0.0,0.0,0.0,0.0,0.0,0.0,0.0,0.0,0.0,0.0,0.0,0.0,0.0,B,A,0.438529453921437,0.0262846683328761,0.0263635134668836,B,0.019905606230146023,0.0262525084448375,-0.1611062010703891,-1.0,0.6347582708099304,-0.0,0.0262525084448375,0.0441248422185846,0.0262525084448375,0.1613982197900633,0.0876238821299297,0.0262525084448375,0.0646734338364108,0.0310551241187842,0.0215348663196295,0.0079675015932155,0.0015527562059392,0.0,0.0,0.0,0.0,0.0,0.0310551241187842,0.0,0.0310551241187842,0.0,none,0.0,0.4623172143374452,0.0,0.8105682368544662,0.0,0.0,0.0,0.0,0.0,0.4671714585892983,0.0,-0.0202422532054845,-0.0006410143486528,0.5,mainstream_conservative,none,regime_change,-0.3212603539057819,-0.1285041415623128,-0.1758110803387189,6.417923106449169,17.0,1.2793337124490471,0.1509917175733914,0.894435410009439,13.0,1.0,0.1572516557269645,2.0,0.9469018075427992,0.0,0.9469018075427992,0.045822611103696,-0.0080561227620817,-0.1285041415623128,-0.1365602643243945,0.0184351065205548,A,B,rupture_landslide,1.0,1.0,1.0,1.0,0.8635527978308968,0.078301390814118,0.2864524887768532,0.1357048353688699,-0.0,0.1357048353688699,-0.6499999999999999,-0.4874999999999999,-0.8124999999999999,0.6499999999999999,0.0,0.000612124992229,-0.000612124992229,0.1357048353688699,0.0184351065205548,structural_mega_shock_regime,0.022333690307163,0.0,0.001939493222025,-0.001939493222025,0.1572516557269645,0.1148228119451538,0.894435410009439,0.01,0.020394197085138,0.0239479988533632,0.0019761782227502,0.0,0.0019761782227502,0.0,0.0,0.0,0.0259241770761134,0.019905606230146023,978601.0,0.0259241770761134,978601.0,0.0259241770761134
pres_2025,sido_30,김문수,국민의힘,936401.0,,,,,0.3333333333333333,0.3688149416593863,0.0,False,김문수,0.6666666666666665,0.3039798473671175,0.2854430103182108,0.2059941231017316,0.3380180462866254,0.4157732321866589,0.3952119947262228,0.0404072443721303,-0.0247493876306958,0.0094478848886181,-0.0020557461132584,-0.0361935879963992,-0.0070016963412293,0.0,0.0,True,0.336167784963076,0.374518998186977,0.0383512132239009,0.0864377008318506,34.70813157875724,0.3402986535741092,0.3071916462593319,0.374518998186977,0.4006143721958844,14.02907786819996,20.67905371055728,0.8752267587415122,0.0260953740089074,0.0260953740089074,0.374518998186977,0.0117299398125446,0.0854491373330305,0.6990570894813699,0.409166057516259,0.1081324676385259,0.0991027531395181,0.6863247700321458,0.0575328922032051,-0.0378534510062352,0.0339124880552744,0.5992077993947328,0.1114835102069933,-0.0524413710455031,0.1045989890416211,0.3083092200455247,0.0272533047145634,-0.0272533047145634,0.0471271449253205,0.3413086505889928,0.0,0.0,0.0,0.8752267587415122,0.3281158848015703,0.0374326238951067,0.0999999999999999,0.0,1.0,1.0,0.0,0.8404784394951577,0.0,0.0,0.0,-0.0031721817261518,0.6765022072070794,0.0775158704040095,0.3281158848015703,0.0314613133175684,0.6887439079916914,0.2112560920083086,0.0999999999999999,0.3574392489243773,-0.0293233641228069,0.0,0.0,0.0,0.0,0.0,0.0,0.0,0.0,0.0,0.0,0.0,0.0,0.0,0.0,0.0,0.0,0.0,0.0,0.0,B,A,0.438529453921437,0.3688149416593863,0.369991111175304,B,0.30988268873665137,0.3679885004381351,-0.0031721817261518,-0.0317218172615184,0.6765022072070794,-0.0004346430774994,0.367988500438135,0.3654925384420737,0.367988500438135,0.1613982197900633,0.3783520639505235,0.3679885004381351,0.4023473587404906,0.3722833577259294,0.3174530230338773,0.0362161668057556,0.0186141678862965,0.0,0.0,0.0,0.0,0.0,0.3722833577259295,0.0,0.3722833577259295,0.0,none,0.0,0.4623172143374452,0.0,0.8105682368544662,0.0,0.0,0.0,0.0,0.0,0.1163744679252632,0.0,-0.0116674794866907,-0.0043859369016286,0.5,mainstream_conservative,none,regime_change,-0.3212603539057819,-0.1285041415623128,-0.1758110803387189,6.417923106449169,17.0,1.2793337124490471,0.1509917175733914,0.894435410009439,13.0,1.0,0.1572516557269645,2.0,0.9469018075427992,0.0,0.9469018075427992,0.045822611103696,-0.0080561227620817,-0.1285041415623128,-0.1365602643243945,0.277843380402635,A,B,rupture_landslide,1.0,1.0,1.0,1.0,0.8635527978308968,0.078301390814118,0.2864524887768532,0.1357048353688699,-0.0,0.1357048353688699,-0.6499999999999999,-0.4874999999999999,-0.8124999999999999,0.6499999999999999,0.0,0.0022667333326832,-0.0022667333326832,0.1357048353688699,0.277843380402635,structural_mega_shock_regime,0.2922800558064342,0.0,0.0413492652049205,-0.0413492652049205,0.1572516557269645,0.1148228119451538,0.894435410009439,0.0293304225337956,0.2509307906015136,0.2967697425585556,0.0186813738696061,0.0,0.0186813738696061,0.0,0.0,0.0,0.3154511164281618,0.30988268873665137,936401.0,0.3154511164281618,936401.0,0.3154511164281618
pres_2025,sido_31,김문수,국민의힘,728390.0,,,,,0.3333333333333333,0.5199002480750384,0.0,False,김문수,0.6666666666666665,0.3039798473671175,0.2854430103182108,0.2059941231017316,0.3380180462866254,0.4157732321866589,0.3952119947262228,0.0404072443721303,-0.0247493876306958,0.0094478848886181,-0.0020557461132584,-0.0361935879963992,-0.0070016963412293,0.0,0.0,True,0.4484259506481935,0.4827338193426405,0.034307868694447,0.0848725033746591,33.597475020756164,0.4484259506481935,0.5135872522495861,0.4827338193426405,0.530642913871738,14.02907786819996,19.568397152556205,0.8752267587415122,0.0479090945290974,0.0479090945290974,0.4827338193426404,-0.0382527401613989,0.0856676873608408,0.7344835777844092,0.2920142474880473,0.1719215506006236,0.1220006995010951,0.563022581363573,0.1597332279145408,-0.1331721139210012,0.085147572081282,0.5199018811890839,0.0438356478786518,0.0017149052686811,0.0413525611686274,0.4895218705088176,0.0003518258335864,-0.0003518258335864,0.0006457786483171,0.8640016890667973,0.0,0.0,0.0,0.8752267587415122,0.4484259506481935,0.034307868694447,0.1577469575465357,0.0,1.0,1.0,0.0,0.8404784394951577,0.0,0.0,0.0,0.05305134757103,0.708811212645609,0.0762972360695423,0.4484259506481935,0.0288350239427136,0.694167092866242,0.1480859495872222,0.1577469575465357,0.3574392489243773,0.0909867017238162,0.0,0.0,0.0,0.0,0.0,0.0,0.0,0.0,0.0,0.0,0.0,0.0,0.0,0.0,0.0,0.0,0.0,0.0,0.0,B,A,0.438529453921437,0.5199002480750384,0.5211596018291209,B,0.44299524056540596,0.5212163334759453,0.05305134757103,0.5305134757103002,0.708811212645609,0.0094942732594575,0.5212163334759452,0.5212163334759453,0.5212163334759453,0.1613982197900633,0.4977868374128018,0.5212163334759453,0.5649541101720316,0.5266835555629561,0.4484259506481935,0.034307868694447,0.0439497362203155,0.0,0.0,0.0,0.0,0.0,0.5266835555629561,0.0,0.5266835555629561,0.0,none,0.0,0.4623172143374452,0.0,0.8105682368544662,0.0,0.0,0.0,0.0,0.0,0.2325415680524348,0.0,0.0,0.0,0.5,mainstream_conservative,none,regime_change,-0.3212603539057819,-0.1285041415623128,-0.1758110803387189,6.417923106449169,17.0,1.2793337124490471,0.1509917175733914,0.894435410009439,13.0,1.0,0.1572516557269645,2.0,0.9469018075427992,0.0,0.9469018075427992,0.045822611103696,-0.0080561227620817,-0.1285041415623128,-0.1365602643243945,0.3924743913213997,A,B,rupture_landslide,1.0,1.0,1.0,1.0,0.8635527978308968,0.078301390814118,0.2864524887768532,0.1357048353688699,-0.0,0.1357048353688699,-0.6499999999999999,-0.4874999999999999,-0.8124999999999999,0.6499999999999999,0.0,0.0035365259220979,-0.0035365259220979,0.1357048353688699,0.3924743913213997,structural_mega_shock_regime,0.4149982921518566,0.0,0.0587440125984511,-0.0587440125984511,0.1572516557269645,0.1148228119451538,0.894435410009439,0.0414313982016385,0.3562542795534055,0.4295671267991778,0.0080355129540195,0.0,0.0080355129540195,0.0,0.0,0.0,0.4376026397531973,0.44299524056540596,728390.0,0.4376026397531973,728390.0,0.4376026397531974
pres_2025,sido_36,김문수,국민의힘,229891.0,,,,,0.3333333333333333,0.3357731323973123,0.0,False,김문수,0.6666666666666665,0.3039798473671175,0.2854430103182108,0.2059941231017316,0.3380180462866254,0.4157732321866589,0.3952119947262228,0.0404072443721303,-0.0247493876306958,0.0094478848886181,-0.0020557461132584,-0.0361935879963992,-0.0070016963412293,0.0,0.0,True,0.2559556202393945,0.3251123239837605,0.0691567037443659,0.0893025189887792,15.790646940971822,0.2795695060226276,0.1786235678694976,0.3251123239837605,0.3832719266525608,6.549710037541216,9.240936903430606,0.766073938037883,0.0581596026688003,0.0581596026688003,0.3251123239837604,-0.0051166164782363,0.0777033382072158,0.6073841310304535,0.4709459123658088,0.0892441280714402,0.0785360174371403,0.6505832609296721,0.0714772584433271,-0.0495806587818489,0.0416161962927658,0.5036290673789836,0.1107629428583297,-0.0299518565157789,0.069362551910505,0.4355447604197311,0.0001326100515555,-0.0001326100515555,0.0002200840045528,0.7627108452347442,0.0,0.0,0.0,0.766073938037883,0.2514504584889483,0.0679394531280104,0.0999999999999999,0.0,1.0,1.0,0.0,0.8404784394951577,0.0,0.0,0.0,-0.0409326538077114,0.6078002770475003,0.0679207261588988,0.2514504584889483,0.0571016455451846,0.682276405747414,0.2177235942525859,0.0999999999999999,0.3574392489243773,-0.1059887904354289,0.0,0.0,0.0,0.0,0.0,0.0,0.0,0.0,0.0,0.0,0.0,0.0,0.0,0.0,0.0,0.0,0.0,0.0,0.0,B,A,0.438529453921437,0.3357731323973123,0.336783908206345,B,0.24243657224752543,0.3308878057272237,-0.0409326538077114,-0.4093265380771144,0.6078002770475003,-0.0115244724536934,0.3308878057272237,0.3215549974428847,0.3308878057272237,0.1613982197900633,0.3027304809866161,0.3308878057272237,0.3524786921896812,0.3335866665350309,0.2494959650738718,0.0674113681344074,0.0166793333267516,0.0,0.0,0.0,0.0,0.0,0.3335866665350309,0.0,0.3335866665350309,0.0,none,0.0,0.4623172143374452,0.0,0.8105682368544662,0.0,0.0,0.0,0.0,0.0,0.0594082009412873,0.0,-0.002824273840102,-0.0009445966124101,0.5,mainstream_conservative,none,regime_change,-0.3212603539057819,-0.1285041415623128,-0.1758110803387189,6.417923106449169,17.0,1.2793337124490471,0.1509917175733914,0.894435410009439,13.0,1.0,0.1572516557269645,2.0,0.9469018075427992,0.0,0.9469018075427992,0.045822611103696,-0.0080561227620817,-0.1285041415623128,-0.1365602643243945,0.1911323564887031,A,B,rupture_landslide,1.0,1.0,1.0,1.0,0.8635527978308968,0.078301390814118,0.2864524887768532,0.1357048353688699,-0.0,0.1357048353688699,-0.6499999999999999,-0.4874999999999999,-0.8124999999999999,0.6499999999999999,0.0,0.0067818722868623,-0.0067818722868623,0.1357048353688699,0.1911323564887031,structural_mega_shock_regime,0.2343256547138424,0.0,0.033675260584633,-0.033675260584633,0.1572516557269645,0.1148228119451538,0.894435410009439,0.0201768088466596,0.2006503941292094,0.2387718123078826,0.0131268802800763,0.0,0.0131268802800763,0.0,0.0,0.0,0.2518986925879589,0.24243657224752543,229891.0,0.2518986925879589,229891.0,0.251898692587959
pres_2025,sido_41,김문수,국민의힘,8691376.0,,,,,0.3333333333333333,0.3805080575369793,0.0,False,김문수,0.6666666666666665,0.3039798473671175,0.2854430103182108,0.2059941231017316,0.3380180462866254,0.4157732321866589,0.3952119947262228,0.0404072443721303,-0.0247493876306958,0.0094478848886181,-0.0020557461132584,-0.0361935879963992,-0.0070016963412293,0.0,0.0,True,0.3796613597430361,0.4140284498217219,0.0343670900786858,0.0848998576787313,35.06250786664815,0.3796613597430361,0.3964684107227149,0.4140284498217219,0.4380737484866995,14.02907786819996,21.03342999844819,0.8752267587415122,0.0240452986649775,0.0240452986649775,0.4140284498217218,-0.0458634202524297,0.0858155647785618,0.713365824051906,0.4257402265847109,0.1082799197994206,0.078251290087449,0.731266632682286,0.0758152723839028,-0.0533305120667867,0.0324822706101745,0.6492656978620294,0.061724622923442,-0.0036319482601895,0.0533971298518759,0.4569250839318209,0.0022471162684524,-0.0022471162684524,0.0039402068207014,0.8092216910793189,0.0,0.0,0.0,0.8752267587415122,0.3726522834534555,0.0337326258383021,0.0999999999999999,0.0,1.0,1.0,0.0,0.8404784394951577,0.0,0.0,0.0,-0.0047101818040488,0.7073579143920583,0.0721356491133743,0.3726522834534555,0.0283515447246502,0.7597735145667994,0.1402264854332006,0.0999999999999999,0.3574392489243773,0.0152130345290782,0.0,0.0,0.0,0.0,0.0,0.0,0.0,0.0,0.0,0.0,0.0,0.0,0.0,0.0,0.0,0.0,0.0,0.0,0.0,B,A,0.438529453921437,0.3805080575369793,0.3815133023161305,B,0.323395346860971,0.3805612445096287,-0.0047101818040488,-0.0471018180404884,0.7073579143920583,-0.0001266034022454,0.3805612445096287,0.3802909082581178,0.3805612445096287,0.1613982197900633,0.4114244105487977,0.3805612445096287,0.4444410337427206,0.3885462181637652,0.3384796051958735,0.0306393020597034,0.0194273109081882,0.0,0.0,0.0,0.0,0.0,0.3885462181637652,0.0,0.3885462181637652,0.0,none,0.0,0.4623172143374452,0.0,0.8105682368544662,0.0,0.0,0.0,0.0,0.0,0.0653963130105539,0.0,0.0,0.0,0.5,mainstream_conservative,none,regime_change,-0.3212603539057819,-0.1285041415623128,-0.1758110803387189,6.417923106449169,17.0,1.2793337124490471,0.1509917175733914,0.894435410009439,13.0,1.0,0.1572516557269645,2.0,0.9469018075427992,0.0,0.9469018075427992,0.045822611103696,-0.0080561227620817,-0.1285041415623128,-0.1365602643243945,0.2962464077556911,A,B,rupture_landslide,1.0,1.0,1.0,1.0,0.8635527978308968,0.078301390814118,0.2864524887768532,0.1357048353688699,-0.0,0.1357048353688699,-0.6499999999999999,-0.4874999999999999,-0.8124999999999999,0.6499999999999999,0.0,0.0023640895350967,-0.0023640895350967,0.1357048353688699,0.2962464077556911,structural_mega_shock_regime,0.3113031384048623,0.0,0.0440351823851244,-0.0440351823851244,0.1572516557269645,0.1148228119451538,0.894435410009439,0.031273130570906,0.2672679560197378,0.3177477690047248,0.0097207905912323,0.0,0.0097207905912323,0.0,0.0,0.0,0.3274685595959571,0.323395346860971,8691376.0,0.3274685595959571,8691376.0,0.3274685595959572
pres_2025,sido_42,김문수,국민의힘,1005840.0,,,,,0.3333333333333333,0.5199131935389636,0.0,False,김문수,0.6666666666666665,0.3039798473671175,0.2854430103182108,0.2059941231017316,0.3380180462866254,0.4157732321866589,0.3952119947262228,0.0404072443721303,-0.0247493876306958,0.0094478848886181,-0.0020557461132584,-0.0361935879963992,-0.0070016963412293,0.0,0.0,True,0.463834775479181,0.4964654761653584,0.0326307006861774,0.0788350004127853,35.06250786664815,0.4648969683578414,0.4563839821762946,0.4964654761653584,0.5225532316804461,14.02907786819996,21.03342999844819,0.8752267587415122,0.0260877555150876,0.0260877555150876,0.4964654761653584,-0.0313648756730896,0.0788274282319485,0.7489756458706586,0.3725187825114813,0.0771715091950545,0.0752699301321433,0.7193088215821961,0.0620027027857487,-0.0414331517770235,0.0329845083163354,0.6174747261176885,0.0444838163672125,-0.0008810046866502,0.0384785385730227,0.5187906208796674,0.0023726123146858,-0.0023726123146858,0.004357036458454,0.8024139902216193,0.0,0.0,0.0,0.8752267587415122,0.4518820253205162,0.0317898266650324,0.0999999999999999,0.0,1.0,1.0,0.0,0.8404784394951577,0.0,0.0,0.0,0.0436485651710623,0.7353000091031741,0.0658316624565853,0.4518820253205162,0.026718663907248,0.7854029767162176,0.1145970232837823,0.0999999999999998,0.3574392489243773,0.0944427763961389,0.0,0.0,0.0,0.0,0.0,0.0,0.0,0.0,0.0,0.0,0.0,0.0,0.0,0.0,0.0,0.0,0.0,0.0,0.0,B,A,0.438529453921437,0.5199131935389636,0.5210651757108281,B,0.4329797483802283,0.5228813482944636,0.0436485651710623,0.4364856517106236,0.7353000091031741,0.0077548391116755,0.5228813482944638,0.5081470854850395,0.5228813482944638,0.1613982197900633,0.4865176028507654,0.5228813482944638,0.535959986814995,0.5245161781095301,0.4518820253205162,0.0317898266650324,0.0408443261239814,0.0,0.0,0.0,0.0,0.0,0.5245161781095301,0.0,0.5245161781095301,0.0,none,0.0,0.4623172143374452,0.0,0.8105682368544662,0.0,0.0,0.0,0.0,0.0,0.1870096481239928,0.0,0.0,0.0,0.5,mainstream_conservative,none,regime_change,-0.3212603539057819,-0.1285041415623128,-0.1758110803387189,6.417923106449169,17.0,1.2793337124490471,0.1509917175733914,0.894435410009439,13.0,1.0,0.1572516557269645,2.0,0.9469018075427992,0.0,0.9469018075427992,0.045822611103696,-0.0080561227620817,-0.1285041415623128,-0.1365602643243945,0.3954992403548253,A,B,rupture_landslide,1.0,1.0,1.0,1.0,0.8635527978308968,0.078301390814118,0.2864524887768532,0.1357048353688699,-0.0,0.1357048353688699,-0.6499999999999999,-0.4874999999999999,-0.8124999999999999,0.6499999999999999,0.0,0.0036117164987478,-0.0036117164987478,0.1357048353688699,0.3954992403548253,structural_mega_shock_regime,0.4185020250190652,0.0,0.0592447672742705,-0.0592447672742705,0.1572516557269645,0.1148228119451538,0.894435410009439,0.0417507151496354,0.3592572577447947,0.4208254523413872,0.0076119507683057,0.0,0.0076119507683057,0.0,0.0,0.0,0.4284374031096929,0.4329797483802283,1005840.0,0.4284374031096929,1005840.0,0.428437403109693
pres_2025,sido_43,김문수,국민의힘,1010209.0,,,,,0.3333333333333333,0.4447130212583953,0.0,False,김문수,0.6666666666666665,0.3039798473671175,0.2854430103182108,0.2059941231017316,0.3380180462866254,0.4157732321866589,0.3952119947262228,0.0404072443721303,-0.0247493876306958,0.0094478848886181,-0.0020557461132584,-0.0361935879963992,-0.0070016963412293,0.0,0.0,True,0.4051551517290758,0.439070246930344,0.0339150952012682,0.0796026500304333,35.06250786664815,0.4073680382306719,0.3896327732068853,0.439070246930344,0.4631906916945971,14.02907786819996,21.03342999844819,0.8752267587415122,0.024120444764253,0.024120444764253,0.439070246930344,-0.0208240955091901,0.0791612830199274,0.7335618883262436,0.3997848725511403,0.0941953819779314,0.0758023418111841,0.7277246038732967,0.0677649263214185,-0.0460326747189958,0.0282736342293041,0.6650976310178845,0.0604200237521717,-0.0153416288451058,0.0511576152270444,0.4697340569775273,0.0111591662779318,-0.0111591662779318,0.0189903923958118,0.6034621060272511,0.0,0.0,0.0,0.8752267587415122,0.3980069738869912,0.0333167290420443,0.1,0.0,1.0,1.0,0.0,0.8404784394951577,0.0,0.0,0.0,0.0168966594209667,0.7214679367166879,0.0669766370495589,0.3980069738869912,0.0280019924343404,0.7609169750732592,0.1390830249267407,0.1,0.3574392489243773,0.0405677249626139,0.0,0.0,0.0,0.0,0.0,0.0,0.0,0.0,0.0,0.0,0.0,0.0,0.0,0.0,0.0,0.0,0.0,0.0,0.0,B,A,0.438529453921437,0.4447130212583953,0.4458502658494545,B,0.3800063622799342,0.4457582079904293,0.0168966594209667,0.1689665942096675,0.7214679367166879,0.0023627357188609,0.4457582079904294,0.4387819936532026,0.4457582079904293,0.1613982197900633,0.4365945484921905,0.4457582079904293,0.4758995237280785,0.4495258724576355,0.3940629958833931,0.0329865829513605,0.0224762936228817,0.0,0.0,0.0,0.0,0.0,0.4495258724576355,0.0,0.4495258724576355,0.0,none,0.0,0.4623172143374452,0.0,0.8105682368544662,0.0,0.0,0.0,0.0,0.0,0.1043998021250777,0.0,-0.0010099166609552,-0.000454601048194,0.5,mainstream_conservative,none,regime_change,-0.3212603539057819,-0.1285041415623128,-0.1758110803387189,6.417923106449169,17.0,1.2793337124490471,0.1509917175733914,0.894435410009439,13.0,1.0,0.1572516557269645,2.0,0.9469018075427992,0.0,0.9469018075427992,0.045822611103696,-0.0080561227620817,-0.1285041415623128,-0.1365602643243945,0.344894478626992,A,B,rupture_landslide,1.0,1.0,1.0,1.0,0.8635527978308968,0.078301390814118,0.2864524887768532,0.1357048353688699,-0.0,0.1357048353688699,-0.6499999999999999,-0.4874999999999999,-0.8124999999999999,0.6499999999999999,0.0,0.0028299728576703,-0.0028299728576703,0.1357048353688699,0.344894478626992,structural_mega_shock_regime,0.3629183894940834,0.0,0.0513441980543536,-0.0513441980543536,0.1572516557269645,0.1148228119451538,0.894435410009439,0.0364086442262667,0.3115741914397298,0.3694452696497267,0.0102549231040836,0.0,0.0102549231040836,0.0,0.0,0.0,0.3797001927538103,0.3800063622799342,1010209.0,0.3797001927538103,1010209.0,0.3797001927538103
pres_2025,sido_44,김문수,국민의힘,1312113.0,,,,,0.3333333333333333,0.4064758217028798,0.0,False,김문수,0.6666666666666665,0.3039798473671175,0.2854430103182108,0.2059941231017316,0.3380180462866254,0.4157732321866589,0.3952119947262228,0.0404072443721303,-0.0247493876306958,0.0094478848886181,-0.0020557461132584,-0.0361935879963992,-0.0070016963412293,0.0,0.0,True,0.3647039771895155,0.401201483316801,0.0364975061272854,0.0843021640206724,35.06250786664815,0.3681395597747147,0.34060494938432,0.401201483316801,0.4271938827317429,14.02907786819996,21.03342999844819,0.8752267587415122,0.0259923994149419,0.0259923994149419,0.401201483316801,0.0191309177733889,0.0825565282057263,0.7150861447007614,0.3724872301504685,0.1216218244837299,0.0974391489164022,0.6733713075122256,0.0566957193006873,-0.0353354756111421,0.0298491929728453,0.6303733326818498,0.1039977555989143,-0.0610626147826969,0.1084414268282741,0.2589136303644365,0.0402176716382728,-0.0402176716382728,0.0692947734040828,0.2029788629262304,0.0,0.0,0.0,0.8752267587415122,0.3647039771895155,0.0364975061272854,0.1149520178630706,0.0,1.0,1.0,0.0,0.8404784394951577,0.0,0.0,0.0,0.0161998605082445,0.6836440163241007,0.0756364266683847,0.3647039771895155,0.0306753669953258,0.6981691486185684,0.1868788335183609,0.1149520178630706,0.3574392489243773,0.0072647282651382,0.0,0.0,0.0,0.0,0.0,0.0,0.0,0.0,0.0,0.0,0.0,0.0,0.0,0.0,0.0,0.0,0.0,0.0,0.0,B,A,0.438529453921437,0.4064758217028798,0.4077774927136823,B,0.35486000848402754,0.4065547018747919,0.0161998605082445,0.1619986050824456,0.6836440163241007,0.002090952866953,0.4065547018747919,0.4024924616821952,0.4065547018747919,0.1613982197900633,0.4134189392801978,0.4065547018747919,0.4479357666690274,0.4117273349740714,0.3555586723514384,0.0355822958739293,0.0205863667487036,0.0,0.0,0.0,0.0,0.0,0.4117273349740714,0.0,0.4117273349740714,0.0,none,0.0,0.4623172143374452,0.0,0.8105682368544662,0.0,0.0,0.0,0.0,0.0,0.1739573325336452,0.0,-0.0155437370951729,-0.0064836450663258,0.5,mainstream_conservative,none,regime_change,-0.3212603539057819,-0.1285041415623128,-0.1758110803387189,6.417923106449169,17.0,1.2793337124490471,0.1509917175733914,0.894435410009439,13.0,1.0,0.1572516557269645,2.0,0.9469018075427992,0.0,0.9469018075427992,0.045822611103696,-0.0080561227620817,-0.1285041415623128,-0.1365602643243945,0.3111944643445848,A,B,rupture_landslide,1.0,1.0,1.0,1.0,0.8635527978308968,0.078301390814118,0.2864524887768532,0.1357048353688699,-0.0,0.1357048353688699,-0.6499999999999999,-0.4874999999999999,-0.8124999999999999,0.6499999999999999,0.0,0.0023985732857278,-0.0023985732857278,0.1357048353688699,0.3111944643445848,structural_mega_shock_regime,0.3264708197318705,0.0,0.046172184560257,-0.046172184560257,0.1572516557269645,0.1148228119451538,0.894435410009439,0.0328511160358683,0.2802986351716134,0.3386350142050911,0.018441235025556,0.0,0.018441235025556,0.0,0.0,0.0,0.3570762492306471,0.35486000848402754,1312113.0,0.3570762492306471,1312113.0,0.3570762492306472
pres_2025,sido_45,김문수,국민의힘,1225419.0,,,,,0.3333333333333333,0.075053146759696,0.0,False,김문수,0.6666666666666665,0.3039798473671175,0.2854430103182108,0.2059941231017316,0.3380180462866254,0.4157732321866589,0.3952119947262228,0.0404072443721303,-0.0247493876306958,0.0094478848886181,-0.0020557461132584,-0.0361935879963992,-0.0070016963412293,0.0,0.0,True,0.0792927677882449,0.1021156325992748,0.0228228648110299,0.0413158881152042,32.49056649950156,0.0861656965070761,0.0310823416987099,0.1021156325992748,0.0841060340280479,14.02907786819996,18.4614886313016,0.8752267587415122,0.0,-0.0180095985712269,0.1021156325992749,-0.0053298414172245,0.0398274270763149,0.6460719420183347,0.6763162953130105,0.1554343760065132,0.0799204143159994,0.7789209404217866,0.1173935725576874,-0.1015154947455594,0.0353555105989815,0.6903684725338157,0.0752057599400044,-0.0400320699779071,0.079216637084997,0.3214781089387628,0.0019541319617773,-0.0019541319617773,0.003596089871232,0.8146465129882557,0.0,0.0,0.0,0.8752267587415122,0.0792927677882449,0.0228228648110299,0.1409623202593469,0.0,1.0,1.0,0.0,0.8404784394951577,0.0,0.0,0.0,-0.1474277527696845,0.653813039817454,0.0413070244080118,0.0792927677882449,0.0191821258011833,0.723602840395488,0.1354348393451651,0.1409623202593469,0.3574392489243773,-0.2781464811361323,0.0,0.0,0.0,0.0,0.0,0.0,0.0,0.0,0.0,0.0,0.0,0.0,0.0,0.0,0.0,0.0,0.0,0.0,0.0,B,A,0.438529453921437,0.075053146759696,0.0752530608508324,B,0.048777066915510287,0.0747924341369845,-0.1474277527696845,-1.0,0.653813039817454,-0.0,0.0747924341369845,0.0792927677882449,0.0747924341369845,0.1613982197900633,0.1239027773034432,0.0747924341369845,0.1126585476530686,0.079525698326495,0.0586641040317395,0.0168853093784307,0.0039762849163247,0.0,0.0,0.0,0.0,0.0,0.079525698326495,0.0,0.079525698326495,0.0,none,0.0,0.4623172143374452,0.0,0.8105682368544662,0.0,0.0,0.0,0.0,0.0,0.4233132490052553,0.0,-0.0117799904016217,-0.0009506126568434,0.5,mainstream_conservative,none,regime_change,-0.3212603539057819,-0.1285041415623128,-0.1758110803387189,6.417923106449169,17.0,1.2793337124490471,0.1509917175733914,0.894435410009439,13.0,1.0,0.1572516557269645,2.0,0.9469018075427992,0.0,0.9469018075427992,0.045822611103696,-0.0080561227620817,-0.1285041415623128,-0.1365602643243945,0.0513443936261742,A,B,rupture_landslide,1.0,1.0,1.0,1.0,0.8635527978308968,0.078301390814118,0.2864524887768532,0.1357048353688699,-0.0,0.1357048353688699,-0.6499999999999999,-0.4874999999999999,-0.8124999999999999,0.6499999999999999,0.0,0.0006068102818967,-0.0006068102818967,0.1357048353688699,0.0513443936261742,structural_mega_shock_regime,0.05520912837248,0.0,0.0071092102905453,-0.0071092102905453,0.1572516557269645,0.1148228119451538,0.894435410009439,0.01,0.0480999180819347,0.0552910690755129,0.0034672570334409,0.0,0.0034672570334409,0.0,0.0,0.0,0.0587583261089539,0.048777066915510287,1225419.0,0.0587583261089539,1225419.0,0.0587583261089539
pres_2025,sido_46,김문수,국민의힘,1271616.0,,,,,0.3333333333333333,0.0417289786933056,0.0,False,김문수,0.6666666666666665,0.3039798473671175,0.2854430103182108,0.2059941231017316,0.3380180462866254,0.4157732321866589,0.3952119947262228,0.0404072443721303,-0.0247493876306958,0.0094478848886181,-0.0020557461132584,-0.0361935879963992,-0.0070016963412293,0.0,0.0,True,0.0558608657455619,0.070458678090062,0.0145978123445001,0.0265562601745266,29.556926110993608,0.0605716425203903,0.0249502418567046,0.070458678090062,0.0711762555385461,13.123366003681324,16.433560107312285,0.8677543081670337,0.000717577448484,0.000717577448484,0.0669514824275152,0.0097771536023227,0.0266532337073175,0.675762648809484,0.6971405852923903,0.1414846224531358,0.0836368795001334,0.7772515765641055,0.1231726610889746,-0.1086150141210931,0.0440902612704672,0.6523914900498176,0.082190998035537,-0.0398292695927589,0.0899075131190768,0.2799558063838834,0.0024133482645776,-0.0024133482645776,0.0044422154494779,0.8010482153320733,0.0,0.0,0.0,0.8752267587415122,0.0558608657455619,0.0145978123445001,0.1493351010181369,0.0,1.0,1.0,0.0,0.8404784394951577,0.0,0.0,0.0,-0.156287680129192,0.6700205679194529,0.0333022080092968,0.0558608657455619,0.0122691465393485,0.7273241088973031,0.1233407900845598,0.1493351010181369,0.3574392489243773,-0.3015783831788153,0.0,0.0,0.0,0.0,0.0,0.0,0.0,0.0,0.0,0.0,0.0,0.0,0.0,0.0,0.0,0.0,0.0,0.0,0.0,B,A,0.438529453921437,0.0417289786933056,0.0418478306606936,B,0.028062936415927282,0.0416347002136463,-0.156287680129192,-1.0,0.6700205679194529,-0.0,0.0416347002136463,0.0558608657455619,0.0416347002136463,0.1613982197900633,0.0998702691492063,0.0416347002136463,0.0766762002523267,0.0460148877184813,0.0346573333204026,0.0090568100121546,0.002300744385924,0.0,0.0,0.0,0.0,0.0,0.0460148877184813,0.0,0.0460148877184813,0.0,none,0.0,0.4623172143374452,0.0,0.8105682368544662,0.0,0.0,0.0,0.0,0.0,0.4821030405901423,0.0,-0.0161074741238511,-0.0007542766484746,0.5,mainstream_conservative,none,regime_change,-0.3212603539057819,-0.1285041415623128,-0.1758110803387189,6.417923106449169,17.0,1.2793337124490471,0.1509917175733914,0.894435410009439,13.0,1.0,0.1572516557269645,2.0,0.9469018075427992,0.0,0.9469018075427992,0.045822611103696,-0.0080561227620817,-0.1285041415623128,-0.1365602643243945,0.0300740502983603,A,B,rupture_landslide,1.0,1.0,1.0,1.0,0.8635527978308968,0.078301390814118,0.2864524887768532,0.1357048353688699,-0.0,0.1357048353688699,-0.6499999999999999,-0.4874999999999999,-0.8124999999999999,0.6499999999999999,0.0,0.0002867354314141,-0.0002867354314141,0.1357048353688699,0.0300740502983603,structural_mega_shock_regime,0.0319002493886583,0.0,0.0034438504771999,-0.0034438504771999,0.1572516557269645,0.1148228119451538,0.894435410009439,0.01,0.0284563989114583,0.033047649686115,0.0024391040887534,0.0,0.0024391040887534,0.0,0.0,0.0,0.0354867537748685,0.028062936415927282,1271616.0,0.0354867537748685,1271616.0,0.0354867537748685
pres_2025,sido_47,김문수,국민의힘,1757696.0,,,,,0.3333333333333333,0.7378426996154154,0.0,False,김문수,0.6666666666666665,0.3039798473671175,0.2854430103182108,0.2059941231017316,0.3380180462866254,0.4157732321866589,0.3952119947262228,0.0404072443721303,-0.0247493876306958,0.0094478848886181,-0.0020557461132584,-0.0361935879963992,-0.0070016963412293,0.0,0.0,True,0.6399804670992242,0.6723413733283973,0.032360906229173,0.0831489450104281,35.06250786664815,0.6399804670992241,0.6786815057190065,0.6723413733283973,0.7459637565621581,14.02907786819996,21.03342999844819,0.8752267587415122,0.0736223832337608,0.0736223832337608,0.6723413733283973,-0.0251054289818841,0.0808060687839524,0.7773178803637686,0.1969446246718237,0.0667820136089314,0.0630857415728274,0.6516368377502482,0.0556299096144683,-0.0356601804708625,0.0231347837836308,0.6835369059428551,0.0450935408708977,-0.0012430646186542,0.0388178229284432,0.5179533095470172,0.0023369372996869,-0.0023369372996869,0.0039845153920713,0.8085940004700591,0.0,0.0,0.0,0.8752267587415122,0.621019216600469,0.0314021218897708,0.0999999999999998,0.0,1.0,1.0,0.0,0.8404784394951577,0.0,0.0,0.0,0.1417973108161352,0.7543635672940263,0.0660457812191948,0.621019216600469,0.0263928064027513,0.7797074132548529,0.120292586745147,0.0999999999999999,0.3574392489243773,0.2635799676760917,0.0,0.0,0.0,0.0,0.0,0.0,0.0,0.0,0.0,0.0,0.0,0.0,0.0,0.0,0.0,0.0,0.0,0.0,0.0,B,A,0.438529453921437,0.7378426996154154,0.7392008572972526,B,0.6182109656072383,0.7436079326520839,0.1417973108161352,1.0,0.7543635672940263,0.0220526177247341,0.7436079326520838,0.7153809406845992,0.7436079326520839,0.1613982197900633,0.6565740479340838,0.7436079326520839,0.7267821317554483,0.7415047075400044,0.621019216600469,0.0314021218897708,0.0890833690497645,0.0,0.0,0.0,0.0,0.0,0.7415047075400044,0.0,0.7415047075400044,0.0,none,0.0,0.4623172143374452,0.0,0.8105682368544662,0.0,0.0,0.0,0.0,0.0,0.381436605633672,0.0,0.0,0.0,0.5,mainstream_conservative,none,regime_change,-0.3212603539057819,-0.1285041415623128,-0.1758110803387189,6.417923106449169,17.0,1.2793337124490471,0.1509917175733914,0.894435410009439,13.0,1.0,0.1572516557269645,2.0,0.9469018075427992,0.0,0.9469018075427992,0.045822611103696,-0.0080561227620817,-0.1285041415623128,-0.1365602643243945,0.5435326360614217,A,B,rupture_landslide,1.0,1.0,1.0,1.0,0.8635527978308968,0.078301390814118,0.2864524887768532,0.1357048353688699,-0.0,0.1357048353688699,-0.6499999999999999,-0.4874999999999999,-0.8124999999999999,0.6499999999999999,0.0,0.0100653448360246,-0.0100653448360246,0.1357048353688699,0.5435326360614217,structural_mega_shock_regime,0.6076381548402804,0.0,0.0865293518996201,-0.0865293518996201,0.1572516557269645,0.1148228119451538,0.894435410009439,0.0573777998723127,0.5211088029406602,0.5905336486111809,0.0089641463291689,0.0,0.0089641463291689,0.0,0.0,0.0,0.5994977949403498,0.6182109656072383,1757696.0,0.5994977949403498,1757696.0,0.5994977949403498
pres_2025,sido_48,김문수,국민의힘,2124344.0,,,,,0.3333333333333333,0.5651319405281651,0.0,False,김문수,0.6666666666666665,0.3039798473671175,0.2854430103182108,0.2059941231017316,0.3380180462866254,0.4157732321866589,0.3952119947262228,0.0404072443721303,-0.0247493876306958,0.0094478848886181,-0.0020557461132584,-0.0361935879963992,-0.0070016963412293,0.0,0.0,True,0.5033394968736166,0.5345387197941365,0.0311992229205199,0.0792490297266733,35.06250786664815,0.5033394968736166,0.5592474198556946,0.5345387197941365,0.6034287846130807,14.02907786819996,21.03342999844819,0.8752267587415122,0.0688900648189442,0.0688900648189442,0.5345387197941365,-0.0435831620072551,0.0779053137593732,0.7585795411296999,0.3013257575051536,0.1189139130614093,0.0809602121937081,0.6735377490642618,0.0998603144053651,-0.0760486402958558,0.0420575379141237,0.629598803566817,0.0417384343054634,0.0001789526649526,0.0343290559481959,0.5477118126268693,0.0013171740435889,-0.0013171740435889,0.0023713520164196,0.8347827791606569,0.0,0.0,0.0,0.8752267587415122,0.5033394968736166,0.0311992229205199,0.1125856127150621,0.0,1.0,1.0,0.0,0.8404784394951577,0.0,0.0,0.0,0.0676020729423794,0.7423089152233107,0.0656182119954221,0.5033394968736166,0.0262222741937001,0.7588392181737231,0.1285751691112147,0.112585612715062,0.3574392489243773,0.1459002479492392,0.0,0.0,0.0,0.0,0.0,0.0,0.0,0.0,0.0,0.0,0.0,0.0,0.0,0.0,0.0,0.0,0.0,0.0,0.0,B,A,0.438529453921437,0.5651319405281651,0.5662543755461966,B,0.47195676518257307,0.5680743378132398,0.0676020729423794,0.6760207294237941,0.7423089152233107,0.0101330290993415,0.5680743378132398,0.5672360160744113,0.5680743378132398,0.1613982197900633,0.5422624177435575,0.5680743378132398,0.5984957171845433,0.5718770102346528,0.5033394968736166,0.0311992229205199,0.0373382904405162,0.0,0.0,0.0,0.0,0.0,0.5718770102346528,0.0,0.5718770102346528,0.0,none,0.0,0.4623172143374452,0.0,0.8105682368544662,0.0,0.0,0.0,0.0,0.0,0.228585416643642,0.0,0.0,-1.1102230246251563e-16,0.5,mainstream_conservative,none,regime_change,-0.3212603539057819,-0.1285041415623128,-0.1758110803387189,6.417923106449169,17.0,1.2793337124490471,0.1509917175733914,0.894435410009439,13.0,1.0,0.1572516557269645,2.0,0.9469018075427992,0.0,0.9469018075427992,0.045822611103696,-0.0080561227620817,-0.1285041415623128,-0.1365602643243945,0.4405361963952789,A,B,rupture_landslide,1.0,1.0,1.0,1.0,0.8635527978308968,0.078301390814118,0.2864524887768532,0.1357048353688699,-0.0,0.1357048353688699,-0.6499999999999999,-0.4874999999999999,-0.8124999999999999,0.6499999999999999,0.0,0.0034277185572677,-0.0034277185572677,0.1357048353688699,0.4405361963952789,structural_mega_shock_regime,0.4623671102806254,0.0,0.0653950017870531,-0.0653950017870531,0.1572516557269645,0.1148228119451538,0.894435410009439,0.0465050229484688,0.3969721084935723,0.4568923496862714,0.007326389486715,0.0,0.007326389486715,0.0,0.0,0.0,0.4642187391729865,0.47195676518257307,2124344.0,0.4642187391729865,2124344.0,0.4642187391729866
pres_2025,sido_50,김문수,국민의힘,405238.0,,,,,0.3333333333333333,0.3661600658399967,0.0,False,김문수,0.6666666666666665,0.3039798473671175,0.2854430103182108,0.2059941231017316,0.3380180462866254,0.4157732321866589,0.3952119947262228,0.0404072443721303,-0.0247493876306958,0.0094478848886181,-0.0020557461132584,-0.0361935879963992,-0.0070016963412293,0.0,0.0,True,0.3224307867368449,0.3571212800042179,0.034690493267373,0.0686804326344245,22.91768621704156,0.3224307867368449,0.378568215632677,0.3571212800042179,0.3911859117684718,8.142187280770322,14.775498936271234,0.8028038780360507,0.0340646317642538,0.0340646317642538,0.3571212800042179,-0.025679256883172,0.0659917674000565,0.6726744807550499,0.4314061579966288,0.1306969474540071,0.0772022014106011,0.6740597278920784,0.1175898614580723,-0.0751077457110688,0.0386709360715672,0.617558916464761,0.0665315911184523,-0.0216983828222856,0.046972111022983,0.47920585172523,4.474847682624206e-05,-4.474847682624206e-05,7.638942525885915e-05,0.8015784602108985,0.0,0.0,0.0,0.8028038780360507,0.3224307867368449,0.034690493267373,0.145283230037314,0.0,1.0,1.0,0.0,0.8404784394951577,0.0,0.0,0.0,-0.0218866949785374,0.6682764092970774,0.0576042875137139,0.3224307867368449,0.0291566116466789,0.7132533605414471,0.1414634094212389,0.145283230037314,0.3574392489243773,-0.0350084621875323,0.0,0.0,0.0,0.0,0.0,0.0,0.0,0.0,0.0,0.0,0.0,0.0,0.0,0.0,0.0,0.0,0.0,0.0,0.0,B,A,0.438529453921437,0.3661600658399967,0.3670716898839087,B,0.2810268692633839,0.3642497727839556,-0.0218866949785374,-0.2188669497853746,0.6682764092970774,-0.0032392335045963,0.3642497727839556,0.3642497727839556,0.3642497727839556,0.1613982197900633,0.3687111838762384,0.3642497727839556,0.4100406635346287,0.3699736341277898,0.3173329391801819,0.0341420132412182,0.0184986817063895,0.0,0.0,0.0,0.0,0.0,0.3699736341277898,0.0,0.3699736341277898,0.0,none,0.0,0.4623172143374452,0.0,0.8105682368544662,0.0,0.0,0.0,0.0,0.0,0.1345851363878829,0.0,0.0,0.0,0.5,mainstream_conservative,none,regime_change,-0.3212603539057819,-0.1285041415623128,-0.1758110803387189,6.417923106449169,17.0,1.2793337124490471,0.1509917175733914,0.894435410009439,13.0,1.0,0.1572516557269645,2.0,0.9469018075427992,0.0,0.9469018075427992,0.045822611103696,-0.0080561227620817,-0.1285041415623128,-0.1365602643243945,0.2547561142024283,A,B,rupture_landslide,1.0,1.0,1.0,1.0,0.8635527978308968,0.078301390814118,0.2864524887768532,0.1357048353688699,-0.0,0.1357048353688699,-0.6499999999999999,-0.4874999999999999,-0.8124999999999999,0.6499999999999999,0.0,0.0031420606313961,-0.0031420606313961,0.1357048353688699,0.2547561142024283,structural_mega_shock_regime,0.274767691559358,0.0,0.0389786703192529,-0.0389786703192529,0.1572516557269645,0.1148228119451538,0.894435410009439,0.0268932247433678,0.235789021240105,0.2806392669267538,0.0075133534243979,0.0,0.0075133534243979,0.0,0.0,0.0,0.2881526203511517,0.2810268692633839,405238.0,0.2881526203511517,405238.0,0.2881526203511517
pres_2025,sido_11,이준석,제3지대,6439139.0,,,,,0.3333333333333333,0.251040407928108,0.0,False,이준석,0.6666666666666665,0.2693955478524616,0.2903968019198479,0.2175240293476766,0.3464336156720926,0.5081001920681283,0.4859221561626372,0.0678571279773684,0.0380765110512041,-0.0191028807370131,0.0035546334770529,0.0248187857762286,0.0112982260622626,0.0,0.0,False,0.0,0.1076423708738509,0.082729945525615,0.0575911307601245,20.56245535981792,0.0,0.0,0.1076423708738509,0.0895016509244357,7.703506159879082,12.85894919993883,0.7938889338505946,0.0,-0.0181407199494152,0.4190325835763422,-0.0212170421075629,0.0819160593308112,0.7223693036148071,0.421212540908823,0.0699728594966002,0.0671343508772248,0.7505319019255978,0.0717112412434173,-0.0442840096458063,0.0338011153888874,0.6321625983448748,0.0667253695978803,-0.001740042146875,0.0587713247089647,0.4345493275268823,0.0017568766334273,-0.0017568766334273,0.0031073570886979,0.8226802712041044,0.0,0.0,0.0,0.8752267587415122,0.0,0.0806705981475576,0.0999999999999998,0.0,1.0,1.0,0.0,0.1595215605048424,0.1644377584127059,1.0,1.0,-0.0020818914552928,0.5290123684814277,0.0526991817264873,0.0,0.0900844811361794,0.7611241181323437,0.1388758818676564,0.0999999999999998,0.0,0.0,0.0,0.0,0.0,0.0,0.0,0.0,0.0,0.0,0.0,0.0,0.0,0.0,0.0,0.0,0.0,0.0,0.0,0.0,0.0,C,C,0.238166471259663,0.251040407928108,0.2489788813634348,C,0.09199401881733425,0.2506298028549547,-0.0020818914552928,-0.0208189145529281,0.5290123684814277,-0.0020474996867628,0.2506298028549547,0.2208481096459764,0.2506298028549547,0.8386017766131797,0.2003217389242566,0.2506298028549547,0.1057335784330531,0.232517774802217,0.0,0.0806705981475576,0.1518471766546593,0.0,0.0,0.0,0.0,0.0,0.232517774802217,0.0,0.232517774802217,0.0,none,0.0,0.361906057923258,0.2356334062433364,0.6921614138365897,0.0806705981475576,0.0332847751651821,0.0026851027217822,0.0,-0.0026851027217822,0.0974317501097612,0.0206512804693991,0.0079524707486173,0.0018328342845877,0.5,unresolved_third,none,,0.0,0.0,0.0,0.0,0.0,0.0,0.0,0.0,0.0,0.0,0.0,2.0,0.254959332242485,0.8077188287293798,0.8077188287293798,0.1508736233693783,0.0,0.0,0.0,0.0,A,B,rupture_landslide,1.0,1.0,1.0,1.0,0.8635527978308968,0.078301390814118,0.2864524887768532,0.1357048353688699,-0.0,0.1357048353688699,0.0,0.0,0.0,0.6499999999999999,0.0,0.0,0.0,0.0,0.0,structural_mega_shock_regime,0.2556233711640814,0.0,0.0,0.0,0.1572516557269645,0.1148228119451538,0.894435410009439,0.0,0.2556233711640814,0.1076423708738509,0.0,0.0162737284789751,-0.0162737284789751,0.0976423708738509,0.1666666666666666,0.01,0.0913686423948758,0.09199401881733425,6439139.0,0.0913686423948758,6439139.0,0.0913686423948758
pres_2025,sido_26,이준석,제3지대,2180178.0,,,,,0.3333333333333333,0.1904892087169032,0.0,False,이준석,0.6666666666666665,0.2693955478524616,0.2903968019198479,0.2175240293476766,0.3464336156720926,0.5081001920681283,0.4859221561626372,0.0678571279773684,0.0380765110512041,-0.0191028807370131,0.0035546334770529,0.0248187857762286,0.0112982260622626,0.0,0.0,False,0.0,0.0752173428723992,0.0582624734076545,0.0419409468204353,18.864695230349472,0.0,0.0,0.0752173428723992,0.0729983789466817,7.703506159879082,11.16118907047039,0.7938889338505946,0.0,-0.0022189639257175,0.5284094714852404,-0.0401027689843331,0.0847057137731194,0.7470533608852058,0.3395769866689582,0.093677779227445,0.076671606235541,0.7029757179733871,0.0663319922114024,-0.0493472750541754,0.0383369448265657,0.5867977606406912,0.0466257381975832,-0.0021588013338283,0.0399983881233247,0.5129251583079115,0.0008854471780828,-0.0008854471780828,0.0016264295248382,0.8472522646516033,0.0,0.0,0.0,0.8752267587415122,0.0,0.0566113754954301,0.0999999999999999,0.0,1.0,1.0,0.0,0.1595215605048424,0.1644377584127059,1.0,1.0,-0.0078843822023994,0.5824167507277778,0.0400593990994687,0.0,0.0673269609197682,0.777238187091744,0.122761812908256,0.0999999999999998,0.0,0.0,0.0,0.0,0.0,0.0,0.0,0.0,0.0,0.0,0.0,0.0,0.0,0.0,0.0,0.0,0.0,0.0,0.0,0.0,0.0,C,C,0.238166471259663,0.1904892087169032,0.188799578376407,C,0.06279590675617454,0.1882337099845252,-0.0078843822023994,-0.0788438220239944,0.5824167507277778,-0.008592337440966,0.1882337099845252,0.1642936206923919,0.1882337099845252,0.8386017766131797,0.1868084520664362,0.1882337099845252,0.0754347464938826,0.1741338395481949,0.0,0.0566113754954301,0.1175224640527647,0.0,0.0,0.0,0.0,0.0,0.1741338395481949,0.0,0.1741338395481949,0.0,none,0.0,0.361906057923258,0.2356334062433364,0.6921614138365897,0.0566113754954301,0.0332847751651821,0.001884296905157,0.0,-0.001884296905157,0.1893850985672109,0.0,0.0,0.0,0.5,unresolved_third,none,,0.0,0.0,0.0,0.0,0.0,0.0,0.0,0.0,0.0,0.0,0.0,2.0,0.254959332242485,0.8077188287293798,0.8077188287293798,0.1508736233693783,0.0,0.0,0.0,0.0,A,B,rupture_landslide,1.0,1.0,1.0,1.0,0.8635527978308968,0.078301390814118,0.2864524887768532,0.1357048353688699,-0.0,0.1357048353688699,0.0,0.0,0.0,0.6499999999999999,0.0,0.0,0.0,0.0,0.0,structural_mega_shock_regime,0.1975510705172906,0.0,0.0,0.0,0.1572516557269645,0.1148228119451538,0.894435410009439,0.0,0.1975510705172906,0.0752173428723992,0.0,0.0108695571453998,-0.0108695571453998,0.0652173428723992,0.1666666666666666,0.01,0.0643477857269994,0.06279590675617454,2180178.0,0.0643477857269994,2180178.0,0.0643477857269993
pres_2025,sido_27,이준석,제3지대,1596806.0,,,,,0.3333333333333333,0.1768901938130564,0.0,False,이준석,0.6666666666666665,0.2693955478524616,0.2903968019198479,0.2175240293476766,0.3464336156720926,0.5081001920681283,0.4859221561626372,0.0678571279773684,0.0380765110512041,-0.0191028807370131,0.0035546334770529,0.0248187857762286,0.0112982260622626,0.0,0.0,False,0.0,0.0854783506573217,0.0683083251586159,0.042839703557464,18.864695230349472,0.0,0.0,0.0854783506573217,0.0783735838600078,7.703506159879082,11.16118907047039,0.7938889338505946,0.0,-0.0071047667973138,0.66520694488739,-0.0196000982693652,0.0919612093257099,0.7626902240455808,0.2080641789691696,0.046809403804062,0.0653909341292147,0.6534528745953142,0.0511034823609051,-0.0312880662882856,0.0251624131122613,0.6574022411670785,0.0529863332990982,0.0060972965586099,0.0461294592182874,0.4831967118335888,0.0006661400969971,-0.0006661400969971,0.0011672034480586,0.8550640289839156,0.0,0.0,0.0,0.8752267587415122,0.0,0.0652918802625263,0.0999999999999999,0.0,1.0,1.0,0.0,0.1595215605048424,0.1644377584127059,1.0,1.0,-0.006914098941047,0.5621378028099987,0.0436076604832613,0.0,0.0761323476343192,0.7677312446850216,0.1322687553149784,0.0999999999999999,0.0,0.0,0.0,0.0,0.0,0.0,0.0,0.0,0.0,0.0,0.0,0.0,0.0,0.0,0.0,0.0,0.0,0.0,0.0,0.0,0.0,C,C,0.238166471259663,0.1768901938130564,0.1752950659371862,C,0.07140801177225706,0.1730604042602892,-0.006914098941047,-0.0691409894104706,0.5621378028099987,-0.0072594083109345,0.1730604042602892,0.1363512728055586,0.1730604042602892,0.8386017766131797,0.1947809908588728,0.1730604042602892,0.0825979206885552,0.1617525938138225,0.0,0.0652918802625263,0.0964607135512961,0.0,0.0,0.0,0.0,0.0,0.1617525938138225,0.0,0.1617525938138225,0.0,none,0.0,0.361906057923258,0.2356334062433364,0.6921614138365897,0.0652918802625263,0.0332847751651821,0.0021732255546501,0.0,-0.0021732255546501,0.359970258042473,0.0,0.0,0.0,0.5,unresolved_third,none,,0.0,0.0,0.0,0.0,0.0,0.0,0.0,0.0,0.0,0.0,0.0,2.0,0.254959332242485,0.8077188287293798,0.8077188287293798,0.1508736233693783,0.0,0.0,0.0,0.0,A,B,rupture_landslide,1.0,1.0,1.0,1.0,0.8635527978308968,0.078301390814118,0.2864524887768532,0.1357048353688699,-0.0,0.1357048353688699,0.0,0.0,0.0,0.6499999999999999,0.0,0.0,0.0,0.0,0.0,structural_mega_shock_regime,0.1917521248279149,0.0,0.0,0.0,0.1572516557269645,0.1148228119451538,0.894435410009439,0.0,0.1917521248279149,0.0854783506573217,0.0,0.0125797251095536,-0.0125797251095536,0.0754783506573217,0.1666666666666666,0.01,0.0728986255477681,0.07140801177225706,1596806.0,0.0728986255477681,1596806.0,0.072898625547768
pres_2025,sido_28,이준석,제3지대,1867054.0,,,,,0.3333333333333333,0.2379838827916839,0.0,False,이준석,0.6666666666666665,0.2693955478524616,0.2903968019198479,0.2175240293476766,0.3464336156720926,0.5081001920681283,0.4859221561626372,0.0678571279773684,0.0380765110512041,-0.0191028807370131,0.0035546334770529,0.0248187857762286,0.0112982260622626,0.0,0.0,False,0.0,0.0926618174412197,0.0703881001312281,0.0574302538437323,17.25848575697267,0.0,0.0,0.0926618174412197,0.1152049319759918,7.084291665759753,10.174194091212918,0.7798397416566509,0.022543114534772,0.022543114534772,0.4205718920010271,-0.0420687774301112,0.0868466148791166,0.7136988763065883,0.4272914162253519,0.0999103726308801,0.0848340072183425,0.7196635312358503,0.0725663326275202,-0.0487783772941753,0.0407666907877224,0.5841182799458887,0.0545386463966493,-0.0038288776190096,0.0483470085020494,0.47045209401567,0.0019013256805482,-0.0019013256805482,0.003498198700751,0.8162356430012907,0.0,0.0,0.0,0.8752267587415122,0.0,0.0689890475979911,0.1,0.0,1.0,1.0,0.0,0.1595215605048424,0.1644377584127059,1.0,1.0,-0.0017784163315201,0.550314918095737,0.046841092758571,0.0,0.0800107591284445,0.7629448654001488,0.1370551345998511,0.1,0.0,0.0,0.0,0.0,0.0,0.0,0.0,0.0,0.0,0.0,0.0,0.0,0.0,0.0,0.0,0.0,0.0,0.0,0.0,0.0,0.0,C,C,0.238166471259663,0.2379838827916839,0.2359957909133717,C,0.07840727029744543,0.2376524003254601,-0.0017784163315201,-0.0177841633152014,0.550314918095737,-0.0018249425247908,0.2376524003254601,0.2224469413633552,0.2376524003254601,0.8386017766131797,0.1987948570307116,0.2376524003254601,0.0927542876305371,0.2195401362385947,0.0,0.0689890475979911,0.1505510886406036,0.0,0.0,0.0,0.0,0.0,0.2195401362385947,0.0,0.2195401362385947,0.0,none,0.0,0.361906057923258,0.2356334062433364,0.6921614138365897,0.0689890475979911,0.0332847751651821,0.0022962849381591,0.0,-0.0022962849381591,0.0758595479886012,0.0062895497135177,0.0024615918554037,0.0005352411927253,0.5,unresolved_third,none,,0.0,0.0,0.0,0.0,0.0,0.0,0.0,0.0,0.0,0.0,0.0,2.0,0.254959332242485,0.8077188287293798,0.8077188287293798,0.1508736233693783,0.0,0.0,0.0,0.0,A,B,rupture_landslide,1.0,1.0,1.0,1.0,0.8635527978308968,0.078301390814118,0.2864524887768532,0.1357048353688699,-0.0,0.1357048353688699,0.0,0.0,0.0,0.6499999999999999,0.0,0.0,0.0,0.0,0.0,structural_mega_shock_regime,0.2401509517196306,0.0,0.0,0.0,0.1572516557269645,0.1148228119451538,0.894435410009439,0.0,0.2401509517196306,0.0926618174412197,0.0,0.0137769695735366,-0.0137769695735366,0.0826618174412197,0.1666666666666666,0.01,0.0788848478676831,0.07840727029744543,1867054.0,0.0788848478676831,1867054.0,0.0788848478676831
pres_2025,sido_29,이준석,제3지대,978601.0,,,,,0.3333333333333333,0.2735133025144503,0.0,False,이준석,0.6666666666666665,0.2693955478524616,0.2903968019198479,0.2175240293476766,0.3464336156720926,0.5081001920681283,0.4859221561626372,0.0678571279773684,0.0380765110512041,-0.0191028807370131,0.0035546334770529,0.0248187857762286,0.0112982260622626,0.0,0.0,False,0.0,0.1424503815754437,0.0919078168789426,0.1085602666600448,19.18332548749526,0.0,0.0,0.1424503815754437,0.1530872239956539,7.703506159879082,11.47981932761618,0.7938889338505946,0.0106368424202101,0.0106368424202101,0.0540475323416198,0.011613891963555,0.0296060381171979,0.6261867652180159,0.6867728656799058,0.1531555415310483,0.0813703220531285,0.7785653769972319,0.1491390106209983,-0.1334733845666416,0.0528066499915721,0.6431386662678432,0.0883021646849436,-0.0364751563429037,0.0935707852039852,0.2830765546319599,0.0008317251639335,-0.0008317251639335,0.0015385229700166,0.8487362851651317,0.0,0.0,0.0,0.8752267587415122,0.0,0.0919078168789426,0.160869101038261,0.0,1.0,1.0,0.0,0.1595215605048424,0.1644377584127059,1.0,1.0,-0.0031466230054579,0.4167660512730169,0.0765968356700548,0.0,0.0945797257200783,0.7304862471969895,0.1086446517647494,0.160869101038261,0.0,0.0,0.0,0.0,0.0,0.0,0.0,0.0,0.0,0.0,0.0,0.0,0.0,0.0,0.0,0.0,0.0,0.0,0.0,0.0,0.0,C,C,0.238166471259663,0.2735133025144503,0.2713340876089195,C,0.120184188623312,0.2725216030921263,-0.0031466230054579,-0.0314662300545795,0.4167660512730169,-0.0024080985918806,0.2725216030921263,0.2555736808421803,0.2725216030921263,0.8386017766131797,0.2260147119222899,0.2725216030921263,0.1357481221818787,0.2554249179783454,0.0,0.0919078168789426,0.1635171010994027,0.0,0.0,0.0,0.0,0.0,0.2554249179783454,0.0,0.2554249179783454,0.0,none,0.0,0.361906057923258,0.2356334062433364,0.6921614138365897,0.0919078168789426,0.0332847751651821,0.0030591310207383,0.0,-0.0030591310207383,0.4671714585892983,0.1604199479613687,0.0599677207751997,0.0154320509643067,0.5,unresolved_third,none,,0.0,0.0,0.0,0.0,0.0,0.0,0.0,0.0,0.0,0.0,0.0,2.0,0.254959332242485,0.8077188287293798,0.8077188287293798,0.1508736233693783,0.0,0.0,0.0,0.0,A,B,rupture_landslide,1.0,1.0,1.0,1.0,0.8635527978308968,0.078301390814118,0.2864524887768532,0.1357048353688699,-0.0,0.1357048353688699,0.0,0.0,0.0,0.6499999999999999,0.0,0.0,0.0,0.0,0.0,structural_mega_shock_regime,0.2697078350670136,0.0,0.0,0.0,0.1572516557269645,0.1148228119451538,0.894435410009439,0.0,0.2697078350670136,0.1424503815754437,0.0,0.0220750635959072,-0.0220750635959072,0.1324503815754437,0.1666666666666666,0.01,0.1203753179795364,0.120184188623312,978601.0,0.1203753179795364,978601.0,0.1203753179795364
pres_2025,sido_30,이준석,제3지대,936401.0,,,,,0.3333333333333333,0.2907270721265781,0.0,False,이준석,0.6666666666666665,0.2693955478524616,0.2903968019198479,0.2175240293476766,0.3464336156720926,0.5081001920681283,0.4859221561626372,0.0678571279773684,0.0380765110512041,-0.0191028807370131,0.0035546334770529,0.0248187857762286,0.0112982260622626,0.0,0.0,False,0.0,0.1798468771973821,0.1384007697048743,0.1093007594056117,18.19998107654564,0.0,0.0,0.1798468771973821,0.2116626239080898,7.703506159879082,10.496474916666552,0.7938889338505946,0.0318157467107076,0.0318157467107076,0.374518998186977,0.0117299398125446,0.0854491373330305,0.6990570894813699,0.409166057516259,0.1081324676385259,0.0991027531395181,0.6863247700321458,0.0575328922032051,-0.0378534510062352,0.0339124880552744,0.5992077993947328,0.1114835102069933,-0.0524413710455031,0.1045989890416211,0.3083092200455247,0.0272533047145634,-0.0272533047145634,0.0471271449253205,0.3413086505889928,0.0,0.0,0.0,0.8752267587415122,0.0,0.1350857906087613,0.0999999999999999,0.0,1.0,1.0,0.0,0.1595215605048424,0.1644377584127059,1.0,1.0,0.0087240813523242,0.4243203992296289,0.0885633586299759,0.0,0.1474270380412441,0.6887439079916914,0.2112560920083086,0.0999999999999999,0.0,0.0,0.0,0.0,0.0,0.0,0.0,0.0,0.0,0.0,0.0,0.0,0.0,0.0,0.0,0.0,0.0,0.0,0.0,0.0,0.0,C,C,0.238166471259663,0.2907270721265781,0.288465164860899,C,0.1590350219807453,0.2921687340400078,0.0087240813523242,0.0872408135232424,0.4243203992296289,0.0067552342496674,0.2921687340400077,0.2738794383678052,0.2921687340400077,0.8386017766131797,0.2610199117398429,0.2921687340400078,0.1643026640127621,0.2761854752866021,0.0,0.1350857906087613,0.1410996846778407,0.0,0.0,0.0,0.0,0.0,0.2761854752866021,0.0,0.2761854752866021,0.0,none,0.0,0.361906057923258,0.2356334062433364,0.6921614138365897,0.1350857906087613,0.0332847751651821,0.0044963001684234,0.0,-0.0044963001684234,0.1163744679252632,0.0858884383716475,0.031276739699133,0.0085803602455322,0.5,unresolved_third,none,,0.0,0.0,0.0,0.0,0.0,0.0,0.0,0.0,0.0,0.0,0.0,2.0,0.254959332242485,0.8077188287293798,0.8077188287293798,0.1508736233693783,0.0,0.0,0.0,0.0,A,B,rupture_landslide,1.0,1.0,1.0,1.0,0.8635527978308968,0.078301390814118,0.2864524887768532,0.1357048353688699,-0.0,0.1357048353688699,0.0,0.0,0.0,0.6499999999999999,0.0,0.0,0.0,0.0,0.0,structural_mega_shock_regime,0.3065274453356563,0.0,0.0,0.0,0.1572516557269645,0.1148228119451538,0.894435410009439,0.0,0.3065274453356563,0.1798468771973821,0.0,0.0283078128662303,-0.0283078128662303,0.1698468771973821,0.1666666666666666,0.01,0.1515390643311518,0.1590350219807453,936401.0,0.1515390643311518,936401.0,0.1515390643311518
pres_2025,sido_31,이준석,제3지대,728390.0,,,,,0.3333333333333333,0.2209957101622937,0.0,False,이준석,0.6666666666666665,0.2693955478524616,0.2903968019198479,0.2175240293476766,0.3464336156720926,0.5081001920681283,0.4859221561626372,0.0678571279773684,0.0380765110512041,-0.0191028807370131,0.0035546334770529,0.0248187857762286,0.0112982260622626,0.0,0.0,False,0.0,0.0744772939835702,0.0535749144746988,0.0496100003184011,16.2721663205037,0.0,0.0,0.0744772939835702,0.0695998732501447,7.084291665759753,9.187874654743949,0.7798397416566509,0.0,-0.0048774207334254,0.4827338193426404,-0.0382527401613989,0.0856676873608408,0.7344835777844092,0.2920142474880473,0.1719215506006236,0.1220006995010951,0.563022581363573,0.1597332279145408,-0.1331721139210012,0.085147572081282,0.5199018811890839,0.0438356478786518,0.0017149052686811,0.0413525611686274,0.4895218705088176,0.0003518258335864,-0.0003518258335864,0.0006457786483171,0.8640016890667973,0.0,0.0,0.0,0.8752267587415122,0.0,0.0535749144746988,0.1577469575465357,0.0,1.0,1.0,0.0,0.1595215605048424,0.1644377584127059,1.0,1.0,0.0130255058902196,0.5535280904773308,0.0459485610539953,0.0,0.0689474329615678,0.694167092866242,0.1480859495872222,0.1577469575465357,0.0,0.0,0.0,0.0,0.0,0.0,0.0,0.0,0.0,0.0,0.0,0.0,0.0,0.0,0.0,0.0,0.0,0.0,0.0,0.0,0.0,C,C,0.238166471259663,0.2209957101622937,0.2191087289952606,C,0.06215541069998791,0.2224333926086464,0.0130255058902196,0.1302550589021968,0.5535280904773308,0.0134504602649364,0.2224333926086463,0.2224333926086463,0.2224333926086464,0.8386017766131797,0.256472019269143,0.2224333926086464,0.0886631054154669,0.2057121067094989,0.0,0.0535749144746988,0.1521371922348001,0.0,0.0,0.0,0.0,0.0,0.2057121067094989,0.0,0.2057121067094989,0.0,none,0.0,0.361906057923258,0.2356334062433364,0.6921614138365897,0.0535749144746988,0.0332847751651821,0.0017832289827842,0.0,-0.0017832289827842,0.2325415680524348,0.0,0.0,0.0,0.5,unresolved_third,none,,0.0,0.0,0.0,0.0,0.0,0.0,0.0,0.0,0.0,0.0,0.0,2.0,0.254959332242485,0.8077188287293798,0.8077188287293798,0.1508736233693783,0.0,0.0,0.0,0.0,A,B,rupture_landslide,1.0,1.0,1.0,1.0,0.8635527978308968,0.078301390814118,0.2864524887768532,0.1357048353688699,-0.0,0.1357048353688699,0.0,0.0,0.0,0.6499999999999999,0.0,0.0,0.0,0.0,0.0,structural_mega_shock_regime,0.2324332932572237,0.0,0.0,0.0,0.1572516557269645,0.1148228119451538,0.894435410009439,0.0,0.2324332932572237,0.0744772939835702,0.0,0.0107462156639283,-0.0107462156639283,0.0644772939835702,0.1666666666666666,0.01,0.0637310783196418,0.06215541069998791,728390.0,0.0637310783196418,728390.0,0.0637310783196417
pres_2025,sido_36,이준석,제3지대,229891.0,,,,,0.3333333333333333,0.274479777473218,0.0,False,이준석,0.6666666666666665,0.2693955478524616,0.2903968019198479,0.2175240293476766,0.3464336156720926,0.5081001920681283,0.4859221561626372,0.0678571279773684,0.0380765110512041,-0.0191028807370131,0.0035546334770529,0.0248187857762286,0.0112982260622626,0.0,0.0,False,0.0,0.147876069067939,0.1200667912195482,0.0740183850537063,10.320618549881312,0.0,0.0,0.147876069067939,0.1992689782991794,4.692358538095219,5.628260011786095,0.7011516958311023,0.0513929092312404,0.0513929092312404,0.3251123239837604,-0.0051166164782363,0.0777033382072158,0.6073841310304535,0.4709459123658088,0.0892441280714402,0.0785360174371403,0.6505832609296721,0.0714772584433271,-0.0495806587818489,0.0416161962927658,0.5036290673789836,0.1107629428583297,-0.0299518565157789,0.069362551910505,0.4355447604197311,0.0001326100515555,-0.0001326100515555,0.0002200840045528,0.7627108452347442,0.0,0.0,0.0,0.766073938037883,0.0,0.1179534548732113,0.0999999999999999,0.0,1.0,1.0,0.0,0.1595215605048424,0.1644377584127059,1.0,1.0,0.0271779068375569,0.4994640203355217,0.0611168432574533,0.0,0.1340254291519496,0.682276405747414,0.2177235942525859,0.0999999999999999,0.0,0.0,0.0,0.0,0.0,0.0,0.0,0.0,0.0,0.0,0.0,0.0,0.0,0.0,0.0,0.0,0.0,0.0,0.0,0.0,0.0,C,C,0.238166471259663,0.274479777473218,0.2722957483799483,C,0.1287702810478223,0.2805838419606075,0.0271779068375569,0.271779068375569,0.4994640203355217,0.025126890140545,0.2805838419606075,0.2476190552986496,0.2805838419606075,0.8386017766131797,0.2664435706121437,0.2805838419606075,0.1460118390692721,0.2637623415991906,0.0,0.1179534548732113,0.1458088867259792,0.0,0.0,0.0,0.0,0.0,0.2637623415991906,0.0,0.2637623415991906,0.0,none,0.0,0.361906057923258,0.2356334062433364,0.6921614138365897,0.1179534548732113,0.0332847751651821,0.0039260542254112,0.0,-0.0039260542254112,0.0594082009412873,0.0217388715690762,0.008045161944436,0.0020958755421426,0.5,unresolved_third,none,,0.0,0.0,0.0,0.0,0.0,0.0,0.0,0.0,0.0,0.0,0.0,2.0,0.254959332242485,0.8077188287293798,0.8077188287293798,0.1508736233693783,0.0,0.0,0.0,0.0,A,B,rupture_landslide,1.0,1.0,1.0,1.0,0.8635527978308968,0.078301390814118,0.2864524887768532,0.1357048353688699,-0.0,0.1357048353688699,0.0,0.0,0.0,0.6499999999999999,0.0,0.0,0.0,0.0,0.0,structural_mega_shock_regime,0.2839230018994806,0.0,0.0,0.0,0.1572516557269645,0.1148228119451538,0.894435410009439,0.0,0.2839230018994806,0.147876069067939,0.0,0.0229793448446565,-0.0229793448446565,0.137876069067939,0.1666666666666666,0.01,0.1248967242232825,0.1287702810478223,229891.0,0.1248967242232825,229891.0,0.1248967242232825
pres_2025,sido_41,이준석,제3지대,8691376.0,,,,,0.3333333333333333,0.2409733343330058,0.0,False,이준석,0.6666666666666665,0.2693955478524616,0.2903968019198479,0.2175240293476766,0.3464336156720926,0.5081001920681283,0.4859221561626372,0.0678571279773684,0.0380765110512041,-0.0191028807370131,0.0035546334770529,0.0248187857762286,0.0112982260622626,0.0,0.0,False,0.0,0.0995750910458024,0.0771590842453019,0.0580584616978025,19.5803392882785,0.0,0.0,0.0995750910458024,0.1093337179838235,7.703506159879082,11.876833128399417,0.7938889338505946,0.0097586269380211,0.0097586269380211,0.4140284498217218,-0.0458634202524297,0.0858155647785618,0.713365824051906,0.4257402265847109,0.1082799197994206,0.078251290087449,0.731266632682286,0.0758152723839028,-0.0533305120667867,0.0324822706101745,0.6492656978620294,0.061724622923442,-0.0036319482601895,0.0533971298518759,0.4569250839318209,0.0022471162684524,-0.0022471162684524,0.0039402068207014,0.8092216910793189,0.0,0.0,0.0,0.8752267587415122,0.0,0.075734620327574,0.0999999999999999,0.0,1.0,1.0,0.0,0.1595215605048424,0.1644377584127059,1.0,1.0,-0.0008940691148504,0.5440862888834098,0.0496621813608585,0.0,0.0861736817968248,0.7597735145667994,0.1402264854332006,0.0999999999999999,0.0,0.0,0.0,0.0,0.0,0.0,0.0,0.0,0.0,0.0,0.0,0.0,0.0,0.0,0.0,0.0,0.0,0.0,0.0,0.0,0.0,C,C,0.238166471259663,0.2409733343330058,0.2389681005993569,C,0.08463696886625287,0.2408193069944976,-0.0008940691148504,-0.0089406911485049,0.5440862888834098,-0.0009057651468875,0.2408193069944976,0.2325878606285382,0.2408193069944976,0.8386017766131797,0.2014543574738221,0.2408193069944976,0.0998165510270237,0.2231939624985634,0.0,0.075734620327574,0.1474593421709894,0.0,0.0,0.0,0.0,0.0,0.2231939624985634,0.0,0.2231939624985634,0.0,none,0.0,0.361906057923258,0.2356334062433364,0.6921614138365897,0.075734620327574,0.0332847751651821,0.0025208098098237,0.0,-0.0025208098098237,0.0653963130105539,0.0,0.0,0.0,0.5,unresolved_third,none,,0.0,0.0,0.0,0.0,0.0,0.0,0.0,0.0,0.0,0.0,0.0,2.0,0.254959332242485,0.8077188287293798,0.8077188287293798,0.1508736233693783,0.0,0.0,0.0,0.0,A,B,rupture_landslide,1.0,1.0,1.0,1.0,0.8635527978308968,0.078301390814118,0.2864524887768532,0.1357048353688699,-0.0,0.1357048353688699,0.0,0.0,0.0,0.6499999999999999,0.0,0.0,0.0,0.0,0.0,structural_mega_shock_regime,0.2426233999400057,0.0,0.0,0.0,0.1572516557269645,0.1148228119451538,0.894435410009439,0.0,0.2426233999400057,0.0995750910458024,0.0,0.014929181840967,-0.014929181840967,0.0895750910458024,0.1666666666666666,0.01,0.0846459092048353,0.08463696886625287,8691376.0,0.0846459092048353,8691376.0,0.0846459092048353
pres_2025,sido_42,이준석,제3지대,1005840.0,,,,,0.3333333333333333,0.2021904109558853,0.0,False,이준석,0.6666666666666665,0.2693955478524616,0.2903968019198479,0.2175240293476766,0.3464336156720926,0.5081001920681283,0.4859221561626372,0.0678571279773684,0.0380765110512041,-0.0191028807370131,0.0035546334770529,0.0248187857762286,0.0112982260622626,0.0,0.0,False,0.0,0.0717619623261836,0.0548216785811606,0.0491905493063567,18.7792991198309,0.0,0.0,0.0717619623261836,0.1067430720885106,7.703506159879082,11.075792959951816,0.7938889338505946,0.034981109762327,0.034981109762327,0.4964654761653584,-0.0313648756730896,0.0788274282319485,0.7489756458706586,0.3725187825114813,0.0771715091950545,0.0752699301321433,0.7193088215821961,0.0620027027857487,-0.0414331517770235,0.0329845083163354,0.6174747261176885,0.0444838163672125,-0.0008810046866502,0.0384785385730227,0.5187906208796674,0.0023726123146858,-0.0023726123146858,0.004357036458454,0.8024139902216193,0.0,0.0,0.0,0.8752267587415122,0.0,0.05340895607306,0.0999999999999999,0.0,1.0,1.0,0.0,0.1595215605048424,0.1644377584127059,1.0,1.0,-0.0089436490718557,0.5885083427128276,0.0383420604670312,0.0,0.0633142996074552,0.7854029767162176,0.1145970232837823,0.0999999999999998,0.0,0.0,0.0,0.0,0.0,0.0,0.0,0.0,0.0,0.0,0.0,0.0,0.0,0.0,0.0,0.0,0.0,0.0,0.0,0.0,0.0,C,C,0.238166471259663,0.2021904109558853,0.2004226881234149,C,0.05976904564088309,0.199794724358821,-0.0089436490718557,-0.089436490718557,0.5885083427128276,-0.0098572902160186,0.1997947243588211,0.1583319631192591,0.199794724358821,0.8386017766131797,0.1799614449816798,0.199794724358821,0.0733884285089421,0.1839939373775861,0.0,0.05340895607306,0.1305849813045261,0.0,0.0,0.0,0.0,0.0,0.1839939373775861,0.0,0.1839939373775861,0.0,none,0.0,0.361906057923258,0.2356334062433364,0.6921614138365897,0.05340895607306,0.0332847751651821,0.0017777050946988,0.0,-0.0017777050946988,0.1870096481239928,0.0,0.0,0.0,0.5,unresolved_third,none,,0.0,0.0,0.0,0.0,0.0,0.0,0.0,0.0,0.0,0.0,0.0,2.0,0.254959332242485,0.8077188287293798,0.8077188287293798,0.1508736233693783,0.0,0.0,0.0,0.0,A,B,rupture_landslide,1.0,1.0,1.0,1.0,0.8635527978308968,0.078301390814118,0.2864524887768532,0.1357048353688699,-0.0,0.1357048353688699,0.0,0.0,0.0,0.6499999999999999,0.0,0.0,0.0,0.0,0.0,structural_mega_shock_regime,0.2075663434953597,0.0,0.0,0.0,0.1572516557269645,0.1148228119451538,0.894435410009439,0.0,0.2075663434953597,0.0717619623261836,0.0,0.0102936603876972,-0.0102936603876972,0.0617619623261836,0.1666666666666666,0.01,0.0614683019384863,0.05976904564088309,1005840.0,0.0614683019384863,1005840.0,0.0614683019384863
pres_2025,sido_43,이준석,제3지대,1010209.0,,,,,0.3333333333333333,0.2332768788379381,0.0,False,이준석,0.6666666666666665,0.2693955478524616,0.2903968019198479,0.2175240293476766,0.3464336156720926,0.5081001920681283,0.4859221561626372,0.0678571279773684,0.0380765110512041,-0.0191028807370131,0.0035546334770529,0.0248187857762286,0.0112982260622626,0.0,0.0,False,0.0,0.0974704920202459,0.0773088185396187,0.0554299793603765,19.25736049128249,0.0,0.0,0.0974704920202459,0.1248170805628044,7.703506159879082,11.553854331403413,0.7938889338505946,0.0273465885425585,0.0273465885425585,0.439070246930344,-0.0208240955091901,0.0791612830199274,0.7335618883262436,0.3997848725511403,0.0941953819779314,0.0758023418111841,0.7277246038732967,0.0677649263214185,-0.0460326747189958,0.0282736342293041,0.6650976310178845,0.0604200237521717,-0.0153416288451058,0.0511576152270444,0.4697340569775273,0.0111591662779318,-0.0111591662779318,0.0189903923958118,0.6034621060272511,0.0,0.0,0.0,0.8752267587415122,0.0,0.0759448541883714,0.1,0.0,1.0,1.0,0.0,0.1595215605048424,0.1644377584127059,1.0,1.0,-0.0043283939843544,0.5520639355900743,0.0475443019548247,0.0,0.0861633618212542,0.7609169750732592,0.1390830249267407,0.1,0.0,0.0,0.0,0.0,0.0,0.0,0.0,0.0,0.0,0.0,0.0,0.0,0.0,0.0,0.0,0.0,0.0,0.0,0.0,0.0,0.0,C,C,0.238166471259663,0.2332768788379381,0.2313161723132803,C,0.08277488862456223,0.2322366005780137,-0.0043283939843544,-0.0432839398435444,0.5520639355900743,-0.004454143852974,0.2322366005780138,0.1983080051605294,0.2322366005780138,0.8386017766131797,0.2004954494616179,0.2322366005780138,0.0991685142461728,0.2156030897865336,0.0,0.0759448541883714,0.1396582355981622,0.0,0.0,0.0,0.0,0.0,0.2156030897865336,0.0,0.2156030897865336,0.0,none,0.0,0.361906057923258,0.2356334062433364,0.6921614138365897,0.0759448541883714,0.0332847751651821,0.0025278073966124,0.0,-0.0025278073966124,0.1043998021250777,0.0094794351520058,0.0037298009150476,0.0007958091478017,0.5,unresolved_third,none,,0.0,0.0,0.0,0.0,0.0,0.0,0.0,0.0,0.0,0.0,0.0,2.0,0.254959332242485,0.8077188287293798,0.8077188287293798,0.1508736233693783,0.0,0.0,0.0,0.0,A,B,rupture_landslide,1.0,1.0,1.0,1.0,0.8635527978308968,0.078301390814118,0.2864524887768532,0.1357048353688699,-0.0,0.1357048353688699,0.0,0.0,0.0,0.6499999999999999,0.0,0.0,0.0,0.0,0.0,structural_mega_shock_regime,0.2388455752433878,0.0,0.0,0.0,0.1572516557269645,0.1148228119451538,0.894435410009439,0.0,0.2388455752433878,0.0974704920202459,0.0,0.0145784153367076,-0.0145784153367076,0.0874704920202459,0.1666666666666666,0.01,0.0828920766835382,0.08277488862456223,1010209.0,0.0828920766835382,1010209.0,0.0828920766835382
pres_2025,sido_44,이준석,제3지대,1312113.0,,,,,0.3333333333333333,0.2919341006693239,0.0,False,이준석,0.6666666666666665,0.2693955478524616,0.2903968019198479,0.2175240293476766,0.3464336156720926,0.5081001920681283,0.4859221561626372,0.0678571279773684,0.0380765110512041,-0.0191028807370131,0.0035546334770529,0.0248187857762286,0.0112982260622626,0.0,0.0,False,0.0,0.1677707451557085,0.1113592686696599,0.1231612195439112,19.097197014263703,0.0,0.0,0.1677707451557085,0.1942733835110736,7.703506159879082,11.39369085438462,0.7938889338505946,0.0265026383553651,0.0265026383553651,0.401201483316801,0.0191309177733889,0.0825565282057263,0.7150861447007614,0.3724872301504685,0.1216218244837299,0.0974391489164022,0.6733713075122256,0.0566957193006873,-0.0353354756111421,0.0298491929728453,0.6303733326818498,0.1039977555989143,-0.0610626147826969,0.1084414268282741,0.2589136303644365,0.0402176716382728,-0.0402176716382728,0.0692947734040828,0.2029788629262304,0.0,0.0,0.0,0.8752267587415122,0.0,0.1113592686696599,0.1149520178630706,0.0,1.0,1.0,0.0,0.1595215605048424,0.1644377584127059,1.0,1.0,0.0050647621915432,0.3882150545573874,0.0912047287212859,0.0,0.123598107666418,0.6981691486185684,0.1868788335183609,0.1149520178630706,0.0,0.0,0.0,0.0,0.0,0.0,0.0,0.0,0.0,0.0,0.0,0.0,0.0,0.0,0.0,0.0,0.0,0.0,0.0,0.0,0.0,C,C,0.238166471259663,0.2919341006693239,0.2896666377461043,C,0.14771799001970765,0.292426768373062,0.0050647621915432,0.0506476219154321,0.3882150545573874,0.0035830896181921,0.292426768373062,0.2640423668887519,0.292426768373062,0.8386017766131797,0.2531158882051371,0.292426768373062,0.1449743157713201,0.2739952117978442,0.0,0.1113592686696599,0.1626359431281843,0.0,0.0,0.0,0.0,0.0,0.2739952117978442,0.0,0.2739952117978442,0.0,none,0.0,0.361906057923258,0.2356334062433364,0.6921614138365897,0.1113592686696599,0.0332847751651821,0.0037065682202287,0.0,-0.0037065682202287,0.1739573325336452,0.1150158355854816,0.0419641806975678,0.0114910743932216,0.5,unresolved_third,none,,0.0,0.0,0.0,0.0,0.0,0.0,0.0,0.0,0.0,0.0,0.0,2.0,0.254959332242485,0.8077188287293798,0.8077188287293798,0.1508736233693783,0.0,0.0,0.0,0.0,A,B,rupture_landslide,1.0,1.0,1.0,1.0,0.8635527978308968,0.078301390814118,0.2864524887768532,0.1357048353688699,-0.0,0.1357048353688699,0.0,0.0,0.0,0.6499999999999999,0.0,0.0,0.0,0.0,0.0,structural_mega_shock_regime,0.3111382033829958,0.0,0.0,0.0,0.1572516557269645,0.1148228119451538,0.894435410009439,0.0,0.3111382033829958,0.1677707451557085,0.0,0.026295124192618,-0.026295124192618,0.1577707451557085,0.1666666666666666,0.01,0.1414756209630904,0.14771799001970765,1312113.0,0.1414756209630904,1312113.0,0.1414756209630904
pres_2025,sido_45,이준석,제3지대,1225419.0,,,,,0.3333333333333333,0.2429551356228846,0.0,False,이준석,0.6666666666666665,0.2693955478524616,0.2903968019198479,0.2175240293476766,0.3464336156720926,0.5081001920681283,0.4859221561626372,0.0678571279773684,0.0380765110512041,-0.0191028807370131,0.0035546334770529,0.0248187857762286,0.0112982260622626,0.0,0.0,False,0.0,0.1213230642572406,0.0806057518283677,0.0913219494772717,19.25736049128249,0.0,0.0,0.1213230642572406,0.1353111438143049,7.703506159879082,11.553854331403413,0.7938889338505946,0.0139880795570642,0.0139880795570642,0.1021156325992749,-0.0053298414172245,0.0398274270763149,0.6460719420183347,0.6763162953130105,0.1554343760065132,0.0799204143159994,0.7789209404217866,0.1173935725576874,-0.1015154947455594,0.0353555105989815,0.6903684725338157,0.0752057599400044,-0.0400320699779071,0.079216637084997,0.3214781089387628,0.0019541319617773,-0.0019541319617773,0.003596089871232,0.8146465129882557,0.0,0.0,0.0,0.8752267587415122,0.0,0.0806057518283677,0.1409623202593469,0.0,1.0,1.0,0.0,0.1595215605048424,0.1644377584127059,1.0,1.0,-0.0085057701096625,0.4473028044719842,0.0659529088110422,0.0,0.0895095223552085,0.723602840395488,0.1354348393451651,0.1409623202593469,0.0,0.0,0.0,0.0,0.0,0.0,0.0,0.0,0.0,0.0,0.0,0.0,0.0,0.0,0.0,0.0,0.0,0.0,0.0,0.0,0.0,C,C,0.238166471259663,0.2429551356228846,0.2409386454083436,C,0.10193437724188516,0.240416298740502,-0.0085057701096625,-0.0850577010966252,0.4473028044719842,-0.0070250463638179,0.2404162987405019,0.2365645251023934,0.240416298740502,0.8386017766131797,0.2317871490951804,0.240416298740502,0.1144953911269932,0.2246761852888134,0.0,0.0806057518283677,0.1440704334604456,0.0,0.0,0.0,0.0,0.0,0.2246761852888134,0.0,0.2246761852888134,0.0,none,0.0,0.361906057923258,0.2356334062433364,0.6921614138365897,0.0806057518283677,0.0332847751651821,0.0026829443266276,0.0,-0.0026829443266276,0.4233132490052553,0.1061292708783719,0.0412846450375642,0.0092999255311754,0.5,unresolved_third,none,,0.0,0.0,0.0,0.0,0.0,0.0,0.0,0.0,0.0,0.0,0.0,2.0,0.254959332242485,0.8077188287293798,0.8077188287293798,0.1508736233693783,0.0,0.0,0.0,0.0,A,B,rupture_landslide,1.0,1.0,1.0,1.0,0.8635527978308968,0.078301390814118,0.2864524887768532,0.1357048353688699,-0.0,0.1357048353688699,0.0,0.0,0.0,0.6499999999999999,0.0,0.0,0.0,0.0,0.0,structural_mega_shock_regime,0.2356036999033191,0.0,0.0,0.0,0.1572516557269645,0.1148228119451538,0.894435410009439,0.0,0.2356036999033191,0.1213230642572406,0.0,0.0185538440428734,-0.0185538440428734,0.1113230642572406,0.1666666666666666,0.01,0.1027692202143671,0.10193437724188516,1225419.0,0.1027692202143671,1225419.0,0.1027692202143671
pres_2025,sido_46,이준석,제3지대,1271616.0,,,,,0.3333333333333333,0.2597408583997462,0.0,False,이준석,0.6666666666666665,0.2693955478524616,0.2903968019198479,0.2175240293476766,0.3464336156720926,0.5081001920681283,0.4859221561626372,0.0678571279773684,0.0380765110512041,-0.0191028807370131,0.0035546334770529,0.0248187857762286,0.0112982260622626,0.0,0.0,False,0.0,0.1325917555249373,0.0830656355994106,0.1080809549481558,18.3465291495482,0.0,0.0,0.1325917555249373,0.1576093301799937,7.703506159879082,10.64302298966911,0.7938889338505946,0.0250175746550564,0.0250175746550564,0.0669514824275152,0.0097771536023227,0.0266532337073175,0.675762648809484,0.6971405852923903,0.1414846224531358,0.0836368795001334,0.7772515765641055,0.1231726610889746,-0.1086150141210931,0.0440902612704672,0.6523914900498176,0.082190998035537,-0.0398292695927589,0.0899075131190768,0.2799558063838834,0.0024133482645776,-0.0024133482645776,0.0044422154494779,0.8010482153320733,0.0,0.0,0.0,0.8752267587415122,0.0,0.0830656355994106,0.1493351010181369,0.0,1.0,1.0,0.0,0.1595215605048424,0.1644377584127059,1.0,1.0,-0.0072017877076435,0.4169636726988914,0.0735678102038373,0.0,0.0896166259881666,0.7273241088973031,0.1233407900845598,0.1493351010181369,0.0,0.0,0.0,0.0,0.0,0.0,0.0,0.0,0.0,0.0,0.0,0.0,0.0,0.0,0.0,0.0,0.0,0.0,0.0,0.0,0.0,C,C,0.238166471259663,0.2597408583997462,0.2576324613550275,C,0.11155100297530222,0.2577267143469084,-0.0072017877076435,-0.0720178770764358,0.4169636726988914,-0.0055227978859674,0.2577267143469084,0.2449472210825388,0.2577267143469084,0.8386017766131797,0.2286664867183035,0.2577267143469084,0.1215532805214787,0.2407050351187297,0.0,0.0830656355994106,0.1576393995193191,0.0,0.0,0.0,0.0,0.0,0.2407050351187297,0.0,0.2407050351187297,0.0,none,0.0,0.361906057923258,0.2356334062433364,0.6921614138365897,0.0830656355994106,0.0332847751651821,0.0027648210048793,0.0,-0.0027648210048793,0.4821030405901423,0.1353909357763627,0.0515879937643301,0.0124916940958796,0.5,unresolved_third,none,,0.0,0.0,0.0,0.0,0.0,0.0,0.0,0.0,0.0,0.0,0.0,2.0,0.254959332242485,0.8077188287293798,0.8077188287293798,0.1508736233693783,0.0,0.0,0.0,0.0,A,B,rupture_landslide,1.0,1.0,1.0,1.0,0.8635527978308968,0.078301390814118,0.2864524887768532,0.1357048353688699,-0.0,0.1357048353688699,0.0,0.0,0.0,0.6499999999999999,0.0,0.0,0.0,0.0,0.0,structural_mega_shock_regime,0.2530992291944799,0.0,0.0,0.0,0.1572516557269645,0.1148228119451538,0.894435410009439,0.0,0.2530992291944799,0.1325917555249373,0.0,0.0204319592541562,-0.0204319592541562,0.1225917555249373,0.1666666666666666,0.01,0.1121597962707811,0.11155100297530222,1271616.0,0.1121597962707811,1271616.0,0.1121597962707811
pres_2025,sido_47,이준석,제3지대,1757696.0,,,,,0.3333333333333333,0.1680329989454293,0.0,False,이준석,0.6666666666666665,0.2693955478524616,0.2903968019198479,0.2175240293476766,0.3464336156720926,0.5081001920681283,0.4859221561626372,0.0678571279773684,0.0380765110512041,-0.0191028807370131,0.0035546334770529,0.0248187857762286,0.0112982260622626,0.0,0.0,False,0.0,0.0727455790757362,0.05819322485265,0.037223933397706,19.5803392882785,0.0,0.0,0.0727455790757362,0.0799764625524561,7.703506159879082,11.876833128399417,0.7938889338505946,0.0072308834767198,0.0072308834767198,0.6723413733283973,-0.0251054289818841,0.0808060687839524,0.7773178803637686,0.1969446246718237,0.0667820136089314,0.0630857415728274,0.6516368377502482,0.0556299096144683,-0.0356601804708625,0.0231347837836308,0.6835369059428551,0.0450935408708977,-0.0012430646186542,0.0388178229284432,0.5179533095470172,0.0023369372996869,-0.0023369372996869,0.0039845153920713,0.8085940004700591,0.0,0.0,0.0,0.8752267587415122,0.0,0.0564690842413547,0.0999999999999998,0.0,1.0,1.0,0.0,0.1595215605048424,0.1644377584127059,1.0,1.0,-0.0112994848692378,0.588482131504723,0.0375078142935975,0.0,0.0668096988811891,0.7797074132548529,0.120292586745147,0.0999999999999999,0.0,0.0,0.0,0.0,0.0,0.0,0.0,0.0,0.0,0.0,0.0,0.0,0.0,0.0,0.0,0.0,0.0,0.0,0.0,0.0,0.0,C,C,0.238166471259663,0.1680329989454293,0.1665015853065788,C,0.060097919223982874,0.1636013215604506,-0.0112994848692378,-0.1129948486923783,0.588482131504723,-0.0124585285136519,0.1636013215604506,0.1259308626610168,0.1636013215604506,0.8386017766131797,0.1847377546191933,0.1636013215604506,0.0728292163973998,0.1522548084150693,0.0,0.0564690842413547,0.0957857241737145,0.0,0.0,0.0,0.0,0.0,0.1522548084150693,0.0,0.1522548084150693,0.0,none,0.0,0.361906057923258,0.2356334062433364,0.6921614138365897,0.0564690842413547,0.0332847751651821,0.0018795607727572,0.0,-0.0018795607727572,0.381436605633672,0.0,0.0,0.0,0.5,unresolved_third,none,,0.0,0.0,0.0,0.0,0.0,0.0,0.0,0.0,0.0,0.0,0.0,2.0,0.254959332242485,0.8077188287293798,0.8077188287293798,0.1508736233693783,0.0,0.0,0.0,0.0,A,B,rupture_landslide,1.0,1.0,1.0,1.0,0.8635527978308968,0.078301390814118,0.2864524887768532,0.1357048353688699,-0.0,0.1357048353688699,0.0,0.0,0.0,0.6499999999999999,0.0,0.0,0.0,0.0,0.0,structural_mega_shock_regime,0.181756293742667,0.0,0.0,0.0,0.1572516557269645,0.1148228119451538,0.894435410009439,0.0,0.181756293742667,0.0727455790757362,0.0,0.0104575965126227,-0.0104575965126227,0.0627455790757362,0.1666666666666666,0.01,0.0622879825631135,0.060097919223982874,1757696.0,0.0622879825631135,1757696.0,0.0622879825631135
pres_2025,sido_48,이준석,제3지대,2124344.0,,,,,0.3333333333333333,0.1812827507824385,0.0,False,이준석,0.6666666666666665,0.2693955478524616,0.2903968019198479,0.2175240293476766,0.3464336156720926,0.5081001920681283,0.4859221561626372,0.0678571279773684,0.0380765110512041,-0.0191028807370131,0.0035546334770529,0.0248187857762286,0.0112982260622626,0.0,0.0,False,0.0,0.0673330706488178,0.0515499099856478,0.0400499518406206,19.25736049128249,0.0,0.0,0.0673330706488178,0.06670888162598,7.703506159879082,11.553854331403413,0.7938889338505946,0.0,-0.0006241890228378,0.5345387197941365,-0.0435831620072551,0.0779053137593732,0.7585795411296999,0.3013257575051536,0.1189139130614093,0.0809602121937081,0.6735377490642618,0.0998603144053651,-0.0760486402958558,0.0420575379141237,0.629598803566817,0.0417384343054634,0.0001789526649526,0.0343290559481959,0.5477118126268693,0.0013171740435889,-0.0013171740435889,0.0023713520164196,0.8347827791606569,0.0,0.0,0.0,0.8752267587415122,0.0,0.0515499099856478,0.1125856127150621,0.0,1.0,1.0,0.0,0.1595215605048424,0.1644377584127059,1.0,1.0,-0.0038951049920333,0.608172656477787,0.0360215684328318,0.0,0.064062389382965,0.7588392181737231,0.1285751691112147,0.112585612715062,0.0,0.0,0.0,0.0,0.0,0.0,0.0,0.0,0.0,0.0,0.0,0.0,0.0,0.0,0.0,0.0,0.0,0.0,0.0,0.0,0.0,C,C,0.238166471259663,0.1812827507824385,0.1796566581048075,C,0.05582607911853535,0.1795899681057659,-0.0038951049920333,-0.0389510499203335,0.608172656477787,-0.0044417044948725,0.1795899681057659,0.1772642626254821,0.1795899681057659,0.8386017766131797,0.2022378600889392,0.1795899681057659,0.0717691565823139,0.1661123666653344,0.0,0.0515499099856478,0.1145624566796866,0.0,0.0,0.0,0.0,0.0,0.1661123666653344,0.0,0.1661123666653344,0.0,none,0.0,0.361906057923258,0.2356334062433364,0.6921614138365897,0.0515499099856478,0.0332847751651821,0.0017158271636576,0.0,-0.0017158271636576,0.228585416643642,0.0,0.0,-2.775557561562892e-17,0.5,unresolved_third,none,,0.0,0.0,0.0,0.0,0.0,0.0,0.0,0.0,0.0,0.0,0.0,2.0,0.254959332242485,0.8077188287293798,0.8077188287293798,0.1508736233693783,0.0,0.0,0.0,0.0,A,B,rupture_landslide,1.0,1.0,1.0,1.0,0.8635527978308968,0.078301390814118,0.2864524887768532,0.1357048353688699,-0.0,0.1357048353688699,0.0,0.0,0.0,0.6499999999999999,0.0,0.0,0.0,0.0,0.0,structural_mega_shock_regime,0.1896499082967916,0.0,0.0,0.0,0.1572516557269645,0.1148228119451538,0.894435410009439,0.0,0.1896499082967916,0.0673330706488178,0.0,0.0095555117748029,-0.0095555117748029,0.0573330706488178,0.1666666666666666,0.01,0.0577775588740148,0.05582607911853535,2124344.0,0.0577775588740148,2124344.0,0.0577775588740148
pres_2025,sido_50,이준석,제3지대,405238.0,,,,,0.3333333333333333,0.2271285487178178,0.0,False,이준석,0.6666666666666665,0.2693955478524616,0.2903968019198479,0.2175240293476766,0.3464336156720926,0.5081001920681283,0.4859221561626372,0.0678571279773684,0.0380765110512041,-0.0191028807370131,0.0035546334770529,0.0248187857762286,0.0112982260622626,0.0,0.0,False,0.0,0.0848601550580219,0.0661893319618392,0.0515054103444907,13.861389329695085,0.0,0.0,0.0848601550580219,0.109895775919071,6.253568420319005,7.607820909376077,0.7576805694036156,0.025035620861049,0.025035620861049,0.3571212800042179,-0.025679256883172,0.0659917674000565,0.6726744807550499,0.4314061579966288,0.1306969474540071,0.0772022014106011,0.6740597278920784,0.1175898614580723,-0.0751077457110688,0.0386709360715672,0.617558916464761,0.0665315911184523,-0.0216983828222856,0.046972111022983,0.47920585172523,4.474847682624206e-05,-4.474847682624206e-05,7.638942525885915e-05,0.8015784602108985,0.0,0.0,0.0,0.8028038780360507,0.0,0.0661893319618392,0.145283230037314,0.0,1.0,1.0,0.0,0.1595215605048424,0.1644377584127059,1.0,1.0,0.0128814155137113,0.5455363968746213,0.0440698904984829,0.0,0.0783966871954235,0.7132533605414471,0.1414634094212389,0.145283230037314,0.0,0.0,0.0,0.0,0.0,0.0,0.0,0.0,0.0,0.0,0.0,0.0,0.0,0.0,0.0,0.0,0.0,0.0,0.0,0.0,0.0,C,C,0.238166471259663,0.2271285487178178,0.2252043405269937,C,0.07129825063576915,0.2296707718223273,0.0128814155137113,0.1288141551371139,0.5455363968746213,0.0131222268542319,0.2296707718223273,0.2296707718223274,0.2296707718223273,0.8386017766131797,0.2404662412878014,0.2296707718223273,0.0995566435373499,0.2134065057867052,0.0,0.0661893319618392,0.1472171738248659,0.0,0.0,0.0,0.0,0.0,0.2134065057867052,0.0,0.2134065057867052,0.0,none,0.0,0.361906057923258,0.2356334062433364,0.6921614138365897,0.0661893319618392,0.0332847751651821,0.0022030970326834,0.0,-0.0022030970326834,0.1345851363878829,0.0,0.0,0.0,0.5,unresolved_third,none,,0.0,0.0,0.0,0.0,0.0,0.0,0.0,0.0,0.0,0.0,0.0,2.0,0.254959332242485,0.8077188287293798,0.8077188287293798,0.1508736233693783,0.0,0.0,0.0,0.0,A,B,rupture_landslide,1.0,1.0,1.0,1.0,0.8635527978308968,0.078301390814118,0.2864524887768532,0.1357048353688699,-0.0,0.1357048353688699,0.0,0.0,0.0,0.6499999999999999,0.0,0.0,0.0,0.0,0.0,structural_mega_shock_regime,0.231112842120527,0.0,0.0,0.0,0.1572516557269645,0.1148228119451538,0.894435410009439,0.0,0.231112842120527,0.0848601550580219,0.0,0.0124766925096703,-0.0124766925096703,0.0748601550580219,0.1666666666666666,0.01,0.0723834625483516,0.07129825063576915,405238.0,0.0723834625483516,405238.0,0.0723834625483516
