election_id,assembly_daesu,source_sheet,source_file,source_row_id,meeting_date,period,committee,agenda,speaker,member_id,issue_name,issue_weight,matched_term_count,text_length
pres_2025,22,official_minutes,https://record.assembly.go.kr/assembly/viewer/minutes/xml.do?id=52776&type=view,official_minutes_52776:1:1,2025-03-05,2025-03-03,여성가족위원회,제22대국회 제423회 (임시회) 제1차 여성가족위원회(법안심사소위원회) (2025.03.05.),김한규,6659,family_legal_risk,0.35,1,54
pres_2025,22,official_minutes,https://record.assembly.go.kr/assembly/viewer/minutes/xml.do?id=52776&type=view,official_minutes_52776:1:4,2025-03-05,2025-03-03,여성가족위원회,제22대국회 제423회 (임시회) 제1차 여성가족위원회(법안심사소위원회) (2025.03.05.),김한규,6659,gender_generation,1.0,1,35
pres_2025,22,official_minutes,https://record.assembly.go.kr/assembly/viewer/minutes/xml.do?id=52776&type=view,official_minutes_52776:1:7,2025-03-05,2025-03-03,여성가족위원회,제22대국회 제423회 (임시회) 제1차 여성가족위원회(법안심사소위원회) (2025.03.05.),김한규,6659,gender_generation,0.35,1,64
pres_2025,22,official_minutes,https://record.assembly.go.kr/assembly/viewer/minutes/xml.do?id=52776&type=view,official_minutes_52776:1:8,2025-03-05,2025-03-03,여성가족위원회,제22대국회 제423회 (임시회) 제1차 여성가족위원회(법안심사소위원회) (2025.03.05.),김한규,6659,gender_generation,0.35,1,46
pres_2025,22,official_minutes,https://record.assembly.go.kr/assembly/viewer/minutes/xml.do?id=52776&type=view,official_minutes_52776:19:1,2025-03-05,2025-03-03,여성가족위원회,제22대국회 제423회 (임시회) 제1차 여성가족위원회(법안심사소위원회) (2025.03.05.),이옥순,0,gender_generation,0.35,1,105
pres_2025,22,official_minutes,https://record.assembly.go.kr/assembly/viewer/minutes/xml.do?id=52776&type=view,official_minutes_52776:19:2,2025-03-05,2025-03-03,여성가족위원회,제22대국회 제423회 (임시회) 제1차 여성가족위원회(법안심사소위원회) (2025.03.05.),이옥순,0,jobs_labor,0.35,1,156
pres_2025,22,official_minutes,https://record.assembly.go.kr/assembly/viewer/minutes/xml.do?id=52776&type=view,official_minutes_52776:19:3,2025-03-05,2025-03-03,여성가족위원회,제22대국회 제423회 (임시회) 제1차 여성가족위원회(법안심사소위원회) (2025.03.05.),이옥순,0,gender_generation,0.35,1,167
pres_2025,22,official_minutes,https://record.assembly.go.kr/assembly/viewer/minutes/xml.do?id=52776&type=view,official_minutes_52776:26:1,2025-03-05,2025-03-03,여성가족위원회,제22대국회 제423회 (임시회) 제1차 여성가족위원회(법안심사소위원회) (2025.03.05.),이옥순,0,corruption_integrity,0.75,1,71
pres_2025,22,official_minutes,https://record.assembly.go.kr/assembly/viewer/minutes/xml.do?id=52776&type=view,official_minutes_52776:30:3,2025-03-05,2025-03-03,여성가족위원회,제22대국회 제423회 (임시회) 제1차 여성가족위원회(법안심사소위원회) (2025.03.05.),김한규,6659,corruption_integrity,0.75,1,88
pres_2025,22,official_minutes,https://record.assembly.go.kr/assembly/viewer/minutes/xml.do?id=52776&type=view,official_minutes_52776:47:1,2025-03-05,2025-03-03,여성가족위원회,제22대국회 제423회 (임시회) 제1차 여성가족위원회(법안심사소위원회) (2025.03.05.),김한규,6659,gender_generation,1.0,1,37
pres_2025,22,official_minutes,https://record.assembly.go.kr/assembly/viewer/minutes/xml.do?id=52776&type=view,official_minutes_52776:86:1,2025-03-05,2025-03-03,여성가족위원회,제22대국회 제423회 (임시회) 제1차 여성가족위원회(법안심사소위원회) (2025.03.05.),이옥순,0,family_legal_risk,0.35,1,74
pres_2025,22,official_minutes,https://record.assembly.go.kr/assembly/viewer/minutes/xml.do?id=52776&type=view,official_minutes_52776:86:2,2025-03-05,2025-03-03,여성가족위원회,제22대국회 제423회 (임시회) 제1차 여성가족위원회(법안심사소위원회) (2025.03.05.),이옥순,0,family_legal_risk,0.35,1,61
pres_2025,22,official_minutes,https://record.assembly.go.kr/assembly/viewer/minutes/xml.do?id=52776&type=view,official_minutes_52776:86:3,2025-03-05,2025-03-03,여성가족위원회,제22대국회 제423회 (임시회) 제1차 여성가족위원회(법안심사소위원회) (2025.03.05.),이옥순,0,family_legal_risk,0.35,1,234
pres_2025,22,official_minutes,https://record.assembly.go.kr/assembly/viewer/minutes/xml.do?id=52776&type=view,official_minutes_52776:90:1,2025-03-05,2025-03-03,여성가족위원회,제22대국회 제423회 (임시회) 제1차 여성가족위원회(법안심사소위원회) (2025.03.05.),신영숙,0,family_legal_risk,0.35,1,68
pres_2025,22,official_minutes,https://record.assembly.go.kr/assembly/viewer/minutes/xml.do?id=52776&type=view,official_minutes_52776:93:1,2025-03-05,2025-03-03,여성가족위원회,제22대국회 제423회 (임시회) 제1차 여성가족위원회(법안심사소위원회) (2025.03.05.),김한규,6659,family_legal_risk,0.35,1,47
pres_2025,22,official_minutes,https://record.assembly.go.kr/assembly/viewer/minutes/xml.do?id=52776&type=view,official_minutes_52776:95:1,2025-03-05,2025-03-03,여성가족위원회,제22대국회 제423회 (임시회) 제1차 여성가족위원회(법안심사소위원회) (2025.03.05.),김한규,6659,family_legal_risk,0.35,1,69
pres_2025,22,official_minutes,https://record.assembly.go.kr/assembly/viewer/minutes/xml.do?id=52776&type=view,official_minutes_52776:96:1,2025-03-05,2025-03-03,여성가족위원회,제22대국회 제423회 (임시회) 제1차 여성가족위원회(법안심사소위원회) (2025.03.05.),최성지,0,family_legal_risk,0.35,1,9
pres_2025,22,official_minutes,https://record.assembly.go.kr/assembly/viewer/minutes/xml.do?id=52776&type=view,official_minutes_52776:100:3,2025-03-05,2025-03-03,여성가족위원회,제22대국회 제423회 (임시회) 제1차 여성가족위원회(법안심사소위원회) (2025.03.05.),서범수,6708,family_legal_risk,0.35,1,77
pres_2025,22,official_minutes,https://record.assembly.go.kr/assembly/viewer/minutes/xml.do?id=52776&type=view,official_minutes_52776:101:1,2025-03-05,2025-03-03,여성가족위원회,제22대국회 제423회 (임시회) 제1차 여성가족위원회(법안심사소위원회) (2025.03.05.),최성지,0,family_legal_risk,0.35,1,42
pres_2025,22,official_minutes,https://record.assembly.go.kr/assembly/viewer/minutes/xml.do?id=52776&type=view,official_minutes_52776:101:2,2025-03-05,2025-03-03,여성가족위원회,제22대국회 제423회 (임시회) 제1차 여성가족위원회(법안심사소위원회) (2025.03.05.),최성지,0,family_legal_risk,0.35,1,17
pres_2025,22,official_minutes,https://record.assembly.go.kr/assembly/viewer/minutes/xml.do?id=52776&type=view,official_minutes_52776:102:1,2025-03-05,2025-03-03,여성가족위원회,제22대국회 제423회 (임시회) 제1차 여성가족위원회(법안심사소위원회) (2025.03.05.),이옥순,0,family_legal_risk,0.35,1,99
pres_2025,22,official_minutes,https://record.assembly.go.kr/assembly/viewer/minutes/xml.do?id=52776&type=view,official_minutes_52776:102:1,2025-03-05,2025-03-03,여성가족위원회,제22대국회 제423회 (임시회) 제1차 여성가족위원회(법안심사소위원회) (2025.03.05.),이옥순,0,regional_dev,0.35,1,99
pres_2025,22,official_minutes,https://record.assembly.go.kr/assembly/viewer/minutes/xml.do?id=52776&type=view,official_minutes_52776:105:1,2025-03-05,2025-03-03,여성가족위원회,제22대국회 제423회 (임시회) 제1차 여성가족위원회(법안심사소위원회) (2025.03.05.),서범수,6708,family_legal_risk,0.35,1,110
pres_2025,22,official_minutes,https://record.assembly.go.kr/assembly/viewer/minutes/xml.do?id=52776&type=view,official_minutes_52776:106:1,2025-03-05,2025-03-03,여성가족위원회,제22대국회 제423회 (임시회) 제1차 여성가족위원회(법안심사소위원회) (2025.03.05.),최성지,0,family_legal_risk,0.35,1,66
pres_2025,22,official_minutes,https://record.assembly.go.kr/assembly/viewer/minutes/xml.do?id=52776&type=view,official_minutes_52776:109:1,2025-03-05,2025-03-03,여성가족위원회,제22대국회 제423회 (임시회) 제1차 여성가족위원회(법안심사소위원회) (2025.03.05.),신영숙,0,family_legal_risk,0.35,1,26
pres_2025,22,official_minutes,https://record.assembly.go.kr/assembly/viewer/minutes/xml.do?id=52776&type=view,official_minutes_52776:110:1,2025-03-05,2025-03-03,여성가족위원회,제22대국회 제423회 (임시회) 제1차 여성가족위원회(법안심사소위원회) (2025.03.05.),서범수,6708,family_legal_risk,0.35,1,10
pres_2025,22,official_minutes,https://record.assembly.go.kr/assembly/viewer/minutes/xml.do?id=52776&type=view,official_minutes_52776:111:2,2025-03-05,2025-03-03,여성가족위원회,제22대국회 제423회 (임시회) 제1차 여성가족위원회(법안심사소위원회) (2025.03.05.),신영숙,0,family_legal_risk,0.35,1,62
pres_2025,22,official_minutes,https://record.assembly.go.kr/assembly/viewer/minutes/xml.do?id=52776&type=view,official_minutes_52776:114:1,2025-03-05,2025-03-03,여성가족위원회,제22대국회 제423회 (임시회) 제1차 여성가족위원회(법안심사소위원회) (2025.03.05.),전진숙,6752,regional_dev,0.35,1,103
pres_2025,22,official_minutes,https://record.assembly.go.kr/assembly/viewer/minutes/xml.do?id=52776&type=view,official_minutes_52776:114:1,2025-03-05,2025-03-03,여성가족위원회,제22대국회 제423회 (임시회) 제1차 여성가족위원회(법안심사소위원회) (2025.03.05.),전진숙,6752,family_legal_risk,0.35,1,103
pres_2025,22,official_minutes,https://record.assembly.go.kr/assembly/viewer/minutes/xml.do?id=52776&type=view,official_minutes_52776:114:2,2025-03-05,2025-03-03,여성가족위원회,제22대국회 제423회 (임시회) 제1차 여성가족위원회(법안심사소위원회) (2025.03.05.),전진숙,6752,family_legal_risk,0.35,1,29
pres_2025,22,official_minutes,https://record.assembly.go.kr/assembly/viewer/minutes/xml.do?id=52776&type=view,official_minutes_52776:114:2,2025-03-05,2025-03-03,여성가족위원회,제22대국회 제423회 (임시회) 제1차 여성가족위원회(법안심사소위원회) (2025.03.05.),전진숙,6752,regional_dev,0.35,1,29
pres_2025,22,official_minutes,https://record.assembly.go.kr/assembly/viewer/minutes/xml.do?id=52776&type=view,official_minutes_52776:114:3,2025-03-05,2025-03-03,여성가족위원회,제22대국회 제423회 (임시회) 제1차 여성가족위원회(법안심사소위원회) (2025.03.05.),전진숙,6752,gender_generation,0.35,1,55
pres_2025,22,official_minutes,https://record.assembly.go.kr/assembly/viewer/minutes/xml.do?id=52776&type=view,official_minutes_52776:116:1,2025-03-05,2025-03-03,여성가족위원회,제22대국회 제423회 (임시회) 제1차 여성가족위원회(법안심사소위원회) (2025.03.05.),전진숙,6752,family_legal_risk,0.35,1,47
pres_2025,22,official_minutes,https://record.assembly.go.kr/assembly/viewer/minutes/xml.do?id=52776&type=view,official_minutes_52776:117:1,2025-03-05,2025-03-03,여성가족위원회,제22대국회 제423회 (임시회) 제1차 여성가족위원회(법안심사소위원회) (2025.03.05.),최성지,0,family_legal_risk,0.35,1,63
pres_2025,22,official_minutes,https://record.assembly.go.kr/assembly/viewer/minutes/xml.do?id=52776&type=view,official_minutes_52776:117:2,2025-03-05,2025-03-03,여성가족위원회,제22대국회 제423회 (임시회) 제1차 여성가족위원회(법안심사소위원회) (2025.03.05.),최성지,0,family_legal_risk,0.35,1,75
pres_2025,22,official_minutes,https://record.assembly.go.kr/assembly/viewer/minutes/xml.do?id=52776&type=view,official_minutes_52776:118:1,2025-03-05,2025-03-03,여성가족위원회,제22대국회 제423회 (임시회) 제1차 여성가족위원회(법안심사소위원회) (2025.03.05.),전진숙,6752,gender_generation,0.35,1,46
pres_2025,22,official_minutes,https://record.assembly.go.kr/assembly/viewer/minutes/xml.do?id=52776&type=view,official_minutes_52776:118:2,2025-03-05,2025-03-03,여성가족위원회,제22대국회 제423회 (임시회) 제1차 여성가족위원회(법안심사소위원회) (2025.03.05.),전진숙,6752,family_legal_risk,0.35,1,46
pres_2025,22,official_minutes,https://record.assembly.go.kr/assembly/viewer/minutes/xml.do?id=52776&type=view,official_minutes_52776:119:1,2025-03-05,2025-03-03,여성가족위원회,제22대국회 제423회 (임시회) 제1차 여성가족위원회(법안심사소위원회) (2025.03.05.),신영숙,0,family_legal_risk,0.35,1,147
pres_2025,22,official_minutes,https://record.assembly.go.kr/assembly/viewer/minutes/xml.do?id=52776&type=view,official_minutes_52776:120:1,2025-03-05,2025-03-03,여성가족위원회,제22대국회 제423회 (임시회) 제1차 여성가족위원회(법안심사소위원회) (2025.03.05.),전진숙,6752,family_legal_risk,0.35,1,155
pres_2025,22,official_minutes,https://record.assembly.go.kr/assembly/viewer/minutes/xml.do?id=52776&type=view,official_minutes_52776:129:2,2025-03-05,2025-03-03,여성가족위원회,제22대국회 제423회 (임시회) 제1차 여성가족위원회(법안심사소위원회) (2025.03.05.),전진숙,6752,family_legal_risk,0.35,1,62
pres_2025,22,official_minutes,https://record.assembly.go.kr/assembly/viewer/minutes/xml.do?id=52776&type=view,official_minutes_52776:129:3,2025-03-05,2025-03-03,여성가족위원회,제22대국회 제423회 (임시회) 제1차 여성가족위원회(법안심사소위원회) (2025.03.05.),전진숙,6752,regional_dev,0.35,1,107
pres_2025,22,official_minutes,https://record.assembly.go.kr/assembly/viewer/minutes/xml.do?id=52776&type=view,official_minutes_52776:134:1,2025-03-05,2025-03-03,여성가족위원회,제22대국회 제423회 (임시회) 제1차 여성가족위원회(법안심사소위원회) (2025.03.05.),최성지,0,regional_dev,0.35,1,61
pres_2025,22,official_minutes,https://record.assembly.go.kr/assembly/viewer/minutes/xml.do?id=52776&type=view,official_minutes_52776:134:3,2025-03-05,2025-03-03,여성가족위원회,제22대국회 제423회 (임시회) 제1차 여성가족위원회(법안심사소위원회) (2025.03.05.),최성지,0,gender_generation,1.0,1,29
pres_2025,22,official_minutes,https://record.assembly.go.kr/assembly/viewer/minutes/xml.do?id=52776&type=view,official_minutes_52776:134:4,2025-03-05,2025-03-03,여성가족위원회,제22대국회 제423회 (임시회) 제1차 여성가족위원회(법안심사소위원회) (2025.03.05.),최성지,0,family_legal_risk,0.35,1,27
pres_2025,22,official_minutes,https://record.assembly.go.kr/assembly/viewer/minutes/xml.do?id=52776&type=view,official_minutes_52776:134:5,2025-03-05,2025-03-03,여성가족위원회,제22대국회 제423회 (임시회) 제1차 여성가족위원회(법안심사소위원회) (2025.03.05.),최성지,0,family_legal_risk,0.35,1,123
pres_2025,22,official_minutes,https://record.assembly.go.kr/assembly/viewer/minutes/xml.do?id=52776&type=view,official_minutes_52776:134:7,2025-03-05,2025-03-03,여성가족위원회,제22대국회 제423회 (임시회) 제1차 여성가족위원회(법안심사소위원회) (2025.03.05.),최성지,0,family_legal_risk,0.35,1,82
pres_2025,22,official_minutes,https://record.assembly.go.kr/assembly/viewer/minutes/xml.do?id=52776&type=view,official_minutes_52776:135:4,2025-03-05,2025-03-03,여성가족위원회,제22대국회 제423회 (임시회) 제1차 여성가족위원회(법안심사소위원회) (2025.03.05.),전진숙,6752,family_legal_risk,0.35,1,253
pres_2025,22,official_minutes,https://record.assembly.go.kr/assembly/viewer/minutes/xml.do?id=52776&type=view,official_minutes_52776:137:1,2025-03-05,2025-03-03,여성가족위원회,제22대국회 제423회 (임시회) 제1차 여성가족위원회(법안심사소위원회) (2025.03.05.),최성지,0,family_legal_risk,0.35,1,117
pres_2025,22,official_minutes,https://record.assembly.go.kr/assembly/viewer/minutes/xml.do?id=52776&type=view,official_minutes_52776:139:1,2025-03-05,2025-03-03,여성가족위원회,제22대국회 제423회 (임시회) 제1차 여성가족위원회(법안심사소위원회) (2025.03.05.),최성지,0,education,0.35,1,23
pres_2025,22,official_minutes,https://record.assembly.go.kr/assembly/viewer/minutes/xml.do?id=52776&type=view,official_minutes_52776:139:2,2025-03-05,2025-03-03,여성가족위원회,제22대국회 제423회 (임시회) 제1차 여성가족위원회(법안심사소위원회) (2025.03.05.),최성지,0,welfare_pension,0.35,1,14
pres_2025,22,official_minutes,https://record.assembly.go.kr/assembly/viewer/minutes/xml.do?id=52776&type=view,official_minutes_52776:141:1,2025-03-05,2025-03-03,여성가족위원회,제22대국회 제423회 (임시회) 제1차 여성가족위원회(법안심사소위원회) (2025.03.05.),최성지,0,family_legal_risk,0.35,1,77
pres_2025,22,official_minutes,https://record.assembly.go.kr/assembly/viewer/minutes/xml.do?id=52776&type=view,official_minutes_52776:141:1,2025-03-05,2025-03-03,여성가족위원회,제22대국회 제423회 (임시회) 제1차 여성가족위원회(법안심사소위원회) (2025.03.05.),최성지,0,education,0.35,1,77
pres_2025,22,official_minutes,https://record.assembly.go.kr/assembly/viewer/minutes/xml.do?id=52776&type=view,official_minutes_52776:141:1,2025-03-05,2025-03-03,여성가족위원회,제22대국회 제423회 (임시회) 제1차 여성가족위원회(법안심사소위원회) (2025.03.05.),최성지,0,welfare_pension,0.35,1,77
pres_2025,22,official_minutes,https://record.assembly.go.kr/assembly/viewer/minutes/xml.do?id=52776&type=view,official_minutes_52776:142:1,2025-03-05,2025-03-03,여성가족위원회,제22대국회 제423회 (임시회) 제1차 여성가족위원회(법안심사소위원회) (2025.03.05.),한지아,6766,family_legal_risk,0.35,1,18
pres_2025,22,official_minutes,https://record.assembly.go.kr/assembly/viewer/minutes/xml.do?id=52776&type=view,official_minutes_52776:143:1,2025-03-05,2025-03-03,여성가족위원회,제22대국회 제423회 (임시회) 제1차 여성가족위원회(법안심사소위원회) (2025.03.05.),최성지,0,education,0.35,1,19
pres_2025,22,official_minutes,https://record.assembly.go.kr/assembly/viewer/minutes/xml.do?id=52776&type=view,official_minutes_52776:143:1,2025-03-05,2025-03-03,여성가족위원회,제22대국회 제423회 (임시회) 제1차 여성가족위원회(법안심사소위원회) (2025.03.05.),최성지,0,welfare_pension,0.35,1,19
pres_2025,22,official_minutes,https://record.assembly.go.kr/assembly/viewer/minutes/xml.do?id=52776&type=view,official_minutes_52776:143:3,2025-03-05,2025-03-03,여성가족위원회,제22대국회 제423회 (임시회) 제1차 여성가족위원회(법안심사소위원회) (2025.03.05.),최성지,0,welfare_pension,0.35,1,31
pres_2025,22,official_minutes,https://record.assembly.go.kr/assembly/viewer/minutes/xml.do?id=52776&type=view,official_minutes_52776:143:3,2025-03-05,2025-03-03,여성가족위원회,제22대국회 제423회 (임시회) 제1차 여성가족위원회(법안심사소위원회) (2025.03.05.),최성지,0,family_legal_risk,0.35,1,31
pres_2025,22,official_minutes,https://record.assembly.go.kr/assembly/viewer/minutes/xml.do?id=52776&type=view,official_minutes_52776:143:4,2025-03-05,2025-03-03,여성가족위원회,제22대국회 제423회 (임시회) 제1차 여성가족위원회(법안심사소위원회) (2025.03.05.),최성지,0,family_legal_risk,0.35,1,51
pres_2025,22,official_minutes,https://record.assembly.go.kr/assembly/viewer/minutes/xml.do?id=52776&type=view,official_minutes_52776:144:1,2025-03-05,2025-03-03,여성가족위원회,제22대국회 제423회 (임시회) 제1차 여성가족위원회(법안심사소위원회) (2025.03.05.),한지아,6766,family_legal_risk,0.35,1,42
pres_2025,22,official_minutes,https://record.assembly.go.kr/assembly/viewer/minutes/xml.do?id=52776&type=view,official_minutes_52776:148:1,2025-03-05,2025-03-03,여성가족위원회,제22대국회 제423회 (임시회) 제1차 여성가족위원회(법안심사소위원회) (2025.03.05.),한지아,6766,family_legal_risk,0.35,1,17
pres_2025,22,official_minutes,https://record.assembly.go.kr/assembly/viewer/minutes/xml.do?id=52776&type=view,official_minutes_52776:148:2,2025-03-05,2025-03-03,여성가족위원회,제22대국회 제423회 (임시회) 제1차 여성가족위원회(법안심사소위원회) (2025.03.05.),한지아,6766,family_legal_risk,0.35,1,31
pres_2025,22,official_minutes,https://record.assembly.go.kr/assembly/viewer/minutes/xml.do?id=52776&type=view,official_minutes_52776:149:1,2025-03-05,2025-03-03,여성가족위원회,제22대국회 제423회 (임시회) 제1차 여성가족위원회(법안심사소위원회) (2025.03.05.),신영숙,0,family_legal_risk,0.35,1,118
pres_2025,22,official_minutes,https://record.assembly.go.kr/assembly/viewer/minutes/xml.do?id=52776&type=view,official_minutes_52776:149:2,2025-03-05,2025-03-03,여성가족위원회,제22대국회 제423회 (임시회) 제1차 여성가족위원회(법안심사소위원회) (2025.03.05.),신영숙,0,family_legal_risk,0.35,1,56
pres_2025,22,official_minutes,https://record.assembly.go.kr/assembly/viewer/minutes/xml.do?id=52776&type=view,official_minutes_52776:150:1,2025-03-05,2025-03-03,여성가족위원회,제22대국회 제423회 (임시회) 제1차 여성가족위원회(법안심사소위원회) (2025.03.05.),한지아,6766,family_legal_risk,0.35,1,49
pres_2025,22,official_minutes,https://record.assembly.go.kr/assembly/viewer/minutes/xml.do?id=52776&type=view,official_minutes_52776:151:1,2025-03-05,2025-03-03,여성가족위원회,제22대국회 제423회 (임시회) 제1차 여성가족위원회(법안심사소위원회) (2025.03.05.),최성지,0,regional_dev,0.35,1,49
pres_2025,22,official_minutes,https://record.assembly.go.kr/assembly/viewer/minutes/xml.do?id=52776&type=view,official_minutes_52776:160:1,2025-03-05,2025-03-03,여성가족위원회,제22대국회 제423회 (임시회) 제1차 여성가족위원회(법안심사소위원회) (2025.03.05.),김한규,6659,regional_dev,0.35,1,121
pres_2025,22,official_minutes,https://record.assembly.go.kr/assembly/viewer/minutes/xml.do?id=52776&type=view,official_minutes_52776:160:3,2025-03-05,2025-03-03,여성가족위원회,제22대국회 제423회 (임시회) 제1차 여성가족위원회(법안심사소위원회) (2025.03.05.),김한규,6659,regional_dev,0.35,1,134
pres_2025,22,official_minutes,https://record.assembly.go.kr/assembly/viewer/minutes/xml.do?id=52776&type=view,official_minutes_52776:160:4,2025-03-05,2025-03-03,여성가족위원회,제22대국회 제423회 (임시회) 제1차 여성가족위원회(법안심사소위원회) (2025.03.05.),김한규,6659,family_legal_risk,0.35,1,34
pres_2025,22,official_minutes,https://record.assembly.go.kr/assembly/viewer/minutes/xml.do?id=52776&type=view,official_minutes_52776:160:5,2025-03-05,2025-03-03,여성가족위원회,제22대국회 제423회 (임시회) 제1차 여성가족위원회(법안심사소위원회) (2025.03.05.),김한규,6659,family_legal_risk,0.35,1,37
pres_2025,22,official_minutes,https://record.assembly.go.kr/assembly/viewer/minutes/xml.do?id=52776&type=view,official_minutes_52776:161:1,2025-03-05,2025-03-03,여성가족위원회,제22대국회 제423회 (임시회) 제1차 여성가족위원회(법안심사소위원회) (2025.03.05.),최성지,0,family_legal_risk,0.35,1,45
pres_2025,22,official_minutes,https://record.assembly.go.kr/assembly/viewer/minutes/xml.do?id=52776&type=view,official_minutes_52776:161:2,2025-03-05,2025-03-03,여성가족위원회,제22대국회 제423회 (임시회) 제1차 여성가족위원회(법안심사소위원회) (2025.03.05.),최성지,0,family_legal_risk,0.35,1,77
pres_2025,22,official_minutes,https://record.assembly.go.kr/assembly/viewer/minutes/xml.do?id=52776&type=view,official_minutes_52776:163:1,2025-03-05,2025-03-03,여성가족위원회,제22대국회 제423회 (임시회) 제1차 여성가족위원회(법안심사소위원회) (2025.03.05.),서범수,6708,family_legal_risk,0.35,1,27
pres_2025,22,official_minutes,https://record.assembly.go.kr/assembly/viewer/minutes/xml.do?id=52776&type=view,official_minutes_52776:164:1,2025-03-05,2025-03-03,여성가족위원회,제22대국회 제423회 (임시회) 제1차 여성가족위원회(법안심사소위원회) (2025.03.05.),최성지,0,family_legal_risk,0.35,1,105
pres_2025,22,official_minutes,https://record.assembly.go.kr/assembly/viewer/minutes/xml.do?id=52776&type=view,official_minutes_52776:164:2,2025-03-05,2025-03-03,여성가족위원회,제22대국회 제423회 (임시회) 제1차 여성가족위원회(법안심사소위원회) (2025.03.05.),최성지,0,family_legal_risk,0.35,1,68
pres_2025,22,official_minutes,https://record.assembly.go.kr/assembly/viewer/minutes/xml.do?id=52776&type=view,official_minutes_52776:164:2,2025-03-05,2025-03-03,여성가족위원회,제22대국회 제423회 (임시회) 제1차 여성가족위원회(법안심사소위원회) (2025.03.05.),최성지,0,regional_dev,0.35,1,68
pres_2025,22,official_minutes,https://record.assembly.go.kr/assembly/viewer/minutes/xml.do?id=52776&type=view,official_minutes_52776:164:3,2025-03-05,2025-03-03,여성가족위원회,제22대국회 제423회 (임시회) 제1차 여성가족위원회(법안심사소위원회) (2025.03.05.),최성지,0,education,0.35,1,42
pres_2025,22,official_minutes,https://record.assembly.go.kr/assembly/viewer/minutes/xml.do?id=52776&type=view,official_minutes_52776:164:3,2025-03-05,2025-03-03,여성가족위원회,제22대국회 제423회 (임시회) 제1차 여성가족위원회(법안심사소위원회) (2025.03.05.),최성지,0,welfare_pension,0.35,1,42
pres_2025,22,official_minutes,https://record.assembly.go.kr/assembly/viewer/minutes/xml.do?id=52776&type=view,official_minutes_52776:164:4,2025-03-05,2025-03-03,여성가족위원회,제22대국회 제423회 (임시회) 제1차 여성가족위원회(법안심사소위원회) (2025.03.05.),최성지,0,family_legal_risk,0.35,1,59
pres_2025,22,official_minutes,https://record.assembly.go.kr/assembly/viewer/minutes/xml.do?id=52776&type=view,official_minutes_52776:165:1,2025-03-05,2025-03-03,여성가족위원회,제22대국회 제423회 (임시회) 제1차 여성가족위원회(법안심사소위원회) (2025.03.05.),서범수,6708,gender_generation,0.35,1,30
pres_2025,22,official_minutes,https://record.assembly.go.kr/assembly/viewer/minutes/xml.do?id=52776&type=view,official_minutes_52776:168:1,2025-03-05,2025-03-03,여성가족위원회,제22대국회 제423회 (임시회) 제1차 여성가족위원회(법안심사소위원회) (2025.03.05.),김상욱,6843,family_legal_risk,0.35,1,101
pres_2025,22,official_minutes,https://record.assembly.go.kr/assembly/viewer/minutes/xml.do?id=52776&type=view,official_minutes_52776:174:2,2025-03-05,2025-03-03,여성가족위원회,제22대국회 제423회 (임시회) 제1차 여성가족위원회(법안심사소위원회) (2025.03.05.),김한규,6659,family_legal_risk,0.35,1,37
pres_2025,22,official_minutes,https://record.assembly.go.kr/assembly/viewer/minutes/xml.do?id=52776&type=view,official_minutes_52776:174:3,2025-03-05,2025-03-03,여성가족위원회,제22대국회 제423회 (임시회) 제1차 여성가족위원회(법안심사소위원회) (2025.03.05.),김한규,6659,family_legal_risk,0.35,1,114
pres_2025,22,official_minutes,https://record.assembly.go.kr/assembly/viewer/minutes/xml.do?id=52776&type=view,official_minutes_52776:175:2,2025-03-05,2025-03-03,여성가족위원회,제22대국회 제423회 (임시회) 제1차 여성가족위원회(법안심사소위원회) (2025.03.05.),전진숙,6752,family_legal_risk,0.35,1,65
pres_2025,22,official_minutes,https://record.assembly.go.kr/assembly/viewer/minutes/xml.do?id=52776&type=view,official_minutes_52776:175:4,2025-03-05,2025-03-03,여성가족위원회,제22대국회 제423회 (임시회) 제1차 여성가족위원회(법안심사소위원회) (2025.03.05.),전진숙,6752,regional_dev,0.35,1,63
pres_2025,22,official_minutes,https://record.assembly.go.kr/assembly/viewer/minutes/xml.do?id=52776&type=view,official_minutes_52776:175:5,2025-03-05,2025-03-03,여성가족위원회,제22대국회 제423회 (임시회) 제1차 여성가족위원회(법안심사소위원회) (2025.03.05.),전진숙,6752,family_legal_risk,0.35,1,14
pres_2025,22,official_minutes,https://record.assembly.go.kr/assembly/viewer/minutes/xml.do?id=52776&type=view,official_minutes_52776:176:1,2025-03-05,2025-03-03,여성가족위원회,제22대국회 제423회 (임시회) 제1차 여성가족위원회(법안심사소위원회) (2025.03.05.),서범수,6708,family_legal_risk,0.35,1,90
pres_2025,22,official_minutes,https://record.assembly.go.kr/assembly/viewer/minutes/xml.do?id=52776&type=view,official_minutes_52776:176:4,2025-03-05,2025-03-03,여성가족위원회,제22대국회 제423회 (임시회) 제1차 여성가족위원회(법안심사소위원회) (2025.03.05.),서범수,6708,family_legal_risk,0.35,1,76
pres_2025,22,official_minutes,https://record.assembly.go.kr/assembly/viewer/minutes/xml.do?id=52776&type=view,official_minutes_52776:176:4,2025-03-05,2025-03-03,여성가족위원회,제22대국회 제423회 (임시회) 제1차 여성가족위원회(법안심사소위원회) (2025.03.05.),서범수,6708,gender_generation,0.35,1,76
pres_2025,22,official_minutes,https://record.assembly.go.kr/assembly/viewer/minutes/xml.do?id=52776&type=view,official_minutes_52776:179:4,2025-03-05,2025-03-03,여성가족위원회,제22대국회 제423회 (임시회) 제1차 여성가족위원회(법안심사소위원회) (2025.03.05.),김남근,6757,family_legal_risk,0.35,1,104
pres_2025,22,official_minutes,https://record.assembly.go.kr/assembly/viewer/minutes/xml.do?id=52776&type=view,official_minutes_52776:179:4,2025-03-05,2025-03-03,여성가족위원회,제22대국회 제423회 (임시회) 제1차 여성가족위원회(법안심사소위원회) (2025.03.05.),김남근,6757,regional_dev,0.35,1,104
pres_2025,22,official_minutes,https://record.assembly.go.kr/assembly/viewer/minutes/xml.do?id=52776&type=view,official_minutes_52776:184:1,2025-03-05,2025-03-03,여성가족위원회,제22대국회 제423회 (임시회) 제1차 여성가족위원회(법안심사소위원회) (2025.03.05.),이옥순,0,family_legal_risk,0.35,1,129
pres_2025,22,official_minutes,https://record.assembly.go.kr/assembly/viewer/minutes/xml.do?id=52776&type=view,official_minutes_52776:184:2,2025-03-05,2025-03-03,여성가족위원회,제22대국회 제423회 (임시회) 제1차 여성가족위원회(법안심사소위원회) (2025.03.05.),이옥순,0,family_legal_risk,0.35,1,114
pres_2025,22,official_minutes,https://record.assembly.go.kr/assembly/viewer/minutes/xml.do?id=52776&type=view,official_minutes_52776:184:3,2025-03-05,2025-03-03,여성가족위원회,제22대국회 제423회 (임시회) 제1차 여성가족위원회(법안심사소위원회) (2025.03.05.),이옥순,0,gender_generation,1.0,1,254
pres_2025,22,official_minutes,https://record.assembly.go.kr/assembly/viewer/minutes/xml.do?id=52776&type=view,official_minutes_52776:184:3,2025-03-05,2025-03-03,여성가족위원회,제22대국회 제423회 (임시회) 제1차 여성가족위원회(법안심사소위원회) (2025.03.05.),이옥순,0,family_legal_risk,0.35,1,254
pres_2025,22,official_minutes,https://record.assembly.go.kr/assembly/viewer/minutes/xml.do?id=52776&type=view,official_minutes_52776:184:4,2025-03-05,2025-03-03,여성가족위원회,제22대국회 제423회 (임시회) 제1차 여성가족위원회(법안심사소위원회) (2025.03.05.),이옥순,0,gender_generation,1.0,1,208
pres_2025,22,official_minutes,https://record.assembly.go.kr/assembly/viewer/minutes/xml.do?id=52776&type=view,official_minutes_52776:189:1,2025-03-05,2025-03-03,여성가족위원회,제22대국회 제423회 (임시회) 제1차 여성가족위원회(법안심사소위원회) (2025.03.05.),김한규,6659,gender_generation,1.0,1,25
pres_2025,22,official_minutes,https://record.assembly.go.kr/assembly/viewer/minutes/xml.do?id=52776&type=view,official_minutes_52776:190:2,2025-03-05,2025-03-03,여성가족위원회,제22대국회 제423회 (임시회) 제1차 여성가족위원회(법안심사소위원회) (2025.03.05.),최성지,0,family_legal_risk,0.35,1,83
pres_2025,22,official_minutes,https://record.assembly.go.kr/assembly/viewer/minutes/xml.do?id=52776&type=view,official_minutes_52776:194:1,2025-03-05,2025-03-03,여성가족위원회,제22대국회 제423회 (임시회) 제1차 여성가족위원회(법안심사소위원회) (2025.03.05.),서범수,6708,gender_generation,0.35,1,26
pres_2025,22,official_minutes,https://record.assembly.go.kr/assembly/viewer/minutes/xml.do?id=52776&type=view,official_minutes_52776:198:1,2025-03-05,2025-03-03,여성가족위원회,제22대국회 제423회 (임시회) 제1차 여성가족위원회(법안심사소위원회) (2025.03.05.),김한규,6659,family_legal_risk,0.35,1,68
pres_2025,22,official_minutes,https://record.assembly.go.kr/assembly/viewer/minutes/xml.do?id=52776&type=view,official_minutes_52776:200:1,2025-03-05,2025-03-03,여성가족위원회,제22대국회 제423회 (임시회) 제1차 여성가족위원회(법안심사소위원회) (2025.03.05.),김한규,6659,family_legal_risk,0.35,1,63
pres_2025,22,official_minutes,https://record.assembly.go.kr/assembly/viewer/minutes/xml.do?id=52776&type=view,official_minutes_52776:203:1,2025-03-05,2025-03-03,여성가족위원회,제22대국회 제423회 (임시회) 제1차 여성가족위원회(법안심사소위원회) (2025.03.05.),서범수,6708,family_legal_risk,0.35,1,62
pres_2025,22,official_minutes,https://record.assembly.go.kr/assembly/viewer/minutes/xml.do?id=52776&type=view,official_minutes_52776:204:1,2025-03-05,2025-03-03,여성가족위원회,제22대국회 제423회 (임시회) 제1차 여성가족위원회(법안심사소위원회) (2025.03.05.),최성지,0,family_legal_risk,0.35,1,39
pres_2025,22,official_minutes,https://record.assembly.go.kr/assembly/viewer/minutes/xml.do?id=52776&type=view,official_minutes_52776:205:1,2025-03-05,2025-03-03,여성가족위원회,제22대국회 제423회 (임시회) 제1차 여성가족위원회(법안심사소위원회) (2025.03.05.),서범수,6708,family_legal_risk,0.35,1,27
pres_2025,22,official_minutes,https://record.assembly.go.kr/assembly/viewer/minutes/xml.do?id=52776&type=view,official_minutes_52776:206:1,2025-03-05,2025-03-03,여성가족위원회,제22대국회 제423회 (임시회) 제1차 여성가족위원회(법안심사소위원회) (2025.03.05.),최성지,0,welfare_pension,0.35,1,61
pres_2025,22,official_minutes,https://record.assembly.go.kr/assembly/viewer/minutes/xml.do?id=52776&type=view,official_minutes_52776:207:1,2025-03-05,2025-03-03,여성가족위원회,제22대국회 제423회 (임시회) 제1차 여성가족위원회(법안심사소위원회) (2025.03.05.),서범수,6708,family_legal_risk,0.35,1,28
pres_2025,22,official_minutes,https://record.assembly.go.kr/assembly/viewer/minutes/xml.do?id=52776&type=view,official_minutes_52776:209:1,2025-03-05,2025-03-03,여성가족위원회,제22대국회 제423회 (임시회) 제1차 여성가족위원회(법안심사소위원회) (2025.03.05.),서범수,6708,family_legal_risk,0.35,1,44
pres_2025,22,official_minutes,https://record.assembly.go.kr/assembly/viewer/minutes/xml.do?id=52776&type=view,official_minutes_52776:210:1,2025-03-05,2025-03-03,여성가족위원회,제22대국회 제423회 (임시회) 제1차 여성가족위원회(법안심사소위원회) (2025.03.05.),신영숙,0,family_legal_risk,0.35,1,13
pres_2025,22,official_minutes,https://record.assembly.go.kr/assembly/viewer/minutes/xml.do?id=52776&type=view,official_minutes_52776:212:1,2025-03-05,2025-03-03,여성가족위원회,제22대국회 제423회 (임시회) 제1차 여성가족위원회(법안심사소위원회) (2025.03.05.),서범수,6708,family_legal_risk,0.35,1,44
pres_2025,22,official_minutes,https://record.assembly.go.kr/assembly/viewer/minutes/xml.do?id=52776&type=view,official_minutes_52776:213:1,2025-03-05,2025-03-03,여성가족위원회,제22대국회 제423회 (임시회) 제1차 여성가족위원회(법안심사소위원회) (2025.03.05.),신영숙,0,family_legal_risk,0.35,1,11
pres_2025,22,official_minutes,https://record.assembly.go.kr/assembly/viewer/minutes/xml.do?id=52776&type=view,official_minutes_52776:219:1,2025-03-05,2025-03-03,여성가족위원회,제22대국회 제423회 (임시회) 제1차 여성가족위원회(법안심사소위원회) (2025.03.05.),김한규,6659,family_legal_risk,0.35,1,74
pres_2025,22,official_minutes,https://record.assembly.go.kr/assembly/viewer/minutes/xml.do?id=52776&type=view,official_minutes_52776:220:1,2025-03-05,2025-03-03,여성가족위원회,제22대국회 제423회 (임시회) 제1차 여성가족위원회(법안심사소위원회) (2025.03.05.),이옥순,0,family_legal_risk,0.35,1,69
pres_2025,22,official_minutes,https://record.assembly.go.kr/assembly/viewer/minutes/xml.do?id=52776&type=view,official_minutes_52776:239:1,2025-03-05,2025-03-03,여성가족위원회,제22대국회 제423회 (임시회) 제1차 여성가족위원회(법안심사소위원회) (2025.03.05.),신영숙,0,candidate_competence,0.35,1,88
pres_2025,22,official_minutes,https://record.assembly.go.kr/assembly/viewer/minutes/xml.do?id=52776&type=view,official_minutes_52776:247:1,2025-03-05,2025-03-03,여성가족위원회,제22대국회 제423회 (임시회) 제1차 여성가족위원회(법안심사소위원회) (2025.03.05.),신영숙,0,candidate_competence,0.35,1,40
pres_2025,22,official_minutes,https://record.assembly.go.kr/assembly/viewer/minutes/xml.do?id=52776&type=view,official_minutes_52776:249:1,2025-03-05,2025-03-03,여성가족위원회,제22대국회 제423회 (임시회) 제1차 여성가족위원회(법안심사소위원회) (2025.03.05.),서범수,6708,gender_generation,0.35,1,76
pres_2025,22,official_minutes,https://record.assembly.go.kr/assembly/viewer/minutes/xml.do?id=52776&type=view,official_minutes_52776:249:3,2025-03-05,2025-03-03,여성가족위원회,제22대국회 제423회 (임시회) 제1차 여성가족위원회(법안심사소위원회) (2025.03.05.),서범수,6708,gender_generation,0.35,1,106
pres_2025,22,official_minutes,https://record.assembly.go.kr/assembly/viewer/minutes/xml.do?id=52776&type=view,official_minutes_52776:253:1,2025-03-05,2025-03-03,여성가족위원회,제22대국회 제423회 (임시회) 제1차 여성가족위원회(법안심사소위원회) (2025.03.05.),전진숙,6752,gender_generation,0.35,1,34
pres_2025,22,official_minutes,https://record.assembly.go.kr/assembly/viewer/minutes/xml.do?id=52776&type=view,official_minutes_52776:256:2,2025-03-05,2025-03-03,여성가족위원회,제22대국회 제423회 (임시회) 제1차 여성가족위원회(법안심사소위원회) (2025.03.05.),김한규,6659,candidate_competence,0.35,1,138
pres_2025,22,official_minutes,https://record.assembly.go.kr/assembly/viewer/minutes/xml.do?id=52776&type=view,official_minutes_52776:264:2,2025-03-05,2025-03-03,여성가족위원회,제22대국회 제423회 (임시회) 제1차 여성가족위원회(법안심사소위원회) (2025.03.05.),서범수,6708,candidate_competence,0.35,1,139
pres_2025,22,official_minutes,https://record.assembly.go.kr/assembly/viewer/minutes/xml.do?id=52776&type=view,official_minutes_52776:264:2,2025-03-05,2025-03-03,여성가족위원회,제22대국회 제423회 (임시회) 제1차 여성가족위원회(법안심사소위원회) (2025.03.05.),서범수,6708,gender_generation,0.35,1,139
pres_2025,22,official_minutes,https://record.assembly.go.kr/assembly/viewer/minutes/xml.do?id=52776&type=view,official_minutes_52776:264:3,2025-03-05,2025-03-03,여성가족위원회,제22대국회 제423회 (임시회) 제1차 여성가족위원회(법안심사소위원회) (2025.03.05.),서범수,6708,candidate_competence,0.35,1,107
pres_2025,22,official_minutes,https://record.assembly.go.kr/assembly/viewer/minutes/xml.do?id=52776&type=view,official_minutes_52776:274:2,2025-03-05,2025-03-03,여성가족위원회,제22대국회 제423회 (임시회) 제1차 여성가족위원회(법안심사소위원회) (2025.03.05.),신영숙,0,gender_generation,0.35,1,234
pres_2025,22,official_minutes,https://record.assembly.go.kr/assembly/viewer/minutes/xml.do?id=52776&type=view,official_minutes_52776:287:2,2025-03-05,2025-03-03,여성가족위원회,제22대국회 제423회 (임시회) 제1차 여성가족위원회(법안심사소위원회) (2025.03.05.),김한규,6659,welfare_pension,0.35,1,88
pres_2025,22,official_minutes,https://record.assembly.go.kr/assembly/viewer/minutes/xml.do?id=52776&type=view,official_minutes_52776:288:1,2025-03-05,2025-03-03,여성가족위원회,제22대국회 제423회 (임시회) 제1차 여성가족위원회(법안심사소위원회) (2025.03.05.),김한규,6659,welfare_pension,0.35,1,57
pres_2025,22,official_minutes,https://record.assembly.go.kr/assembly/viewer/minutes/xml.do?id=52776&type=view,official_minutes_52776:290:4,2025-03-05,2025-03-03,여성가족위원회,제22대국회 제423회 (임시회) 제1차 여성가족위원회(법안심사소위원회) (2025.03.05.),김한규,6659,gender_generation,0.35,1,222
pres_2025,22,official_minutes,https://record.assembly.go.kr/assembly/viewer/minutes/xml.do?id=52776&type=view,official_minutes_52776:290:6,2025-03-05,2025-03-03,여성가족위원회,제22대국회 제423회 (임시회) 제1차 여성가족위원회(법안심사소위원회) (2025.03.05.),김한규,6659,welfare_pension,1.0,1,324
pres_2025,22,official_minutes,https://record.assembly.go.kr/assembly/viewer/minutes/xml.do?id=52776&type=view,official_minutes_52776:291:1,2025-03-05,2025-03-03,여성가족위원회,제22대국회 제423회 (임시회) 제1차 여성가족위원회(법안심사소위원회) (2025.03.05.),서범수,6708,endorsement_event,0.35,1,8
pres_2025,22,official_minutes,https://record.assembly.go.kr/assembly/viewer/minutes/xml.do?id=52776&type=view,official_minutes_52776:299:1,2025-03-05,2025-03-03,여성가족위원회,제22대국회 제423회 (임시회) 제1차 여성가족위원회(법안심사소위원회) (2025.03.05.),김한규,6659,welfare_pension,1.0,1,121
pres_2025,22,official_minutes,https://record.assembly.go.kr/assembly/viewer/minutes/xml.do?id=52776&type=view,official_minutes_52776:304:1,2025-03-05,2025-03-03,여성가족위원회,제22대국회 제423회 (임시회) 제1차 여성가족위원회(법안심사소위원회) (2025.03.05.),서범수,6708,gender_generation,0.35,1,14
pres_2025,22,official_minutes,https://record.assembly.go.kr/assembly/viewer/minutes/xml.do?id=52776&type=view,official_minutes_52776:308:1,2025-03-05,2025-03-03,여성가족위원회,제22대국회 제423회 (임시회) 제1차 여성가족위원회(법안심사소위원회) (2025.03.05.),김한규,6659,welfare_pension,0.35,1,60
pres_2025,22,official_minutes,https://record.assembly.go.kr/assembly/viewer/minutes/xml.do?id=52776&type=view,official_minutes_52776:308:1,2025-03-05,2025-03-03,여성가족위원회,제22대국회 제423회 (임시회) 제1차 여성가족위원회(법안심사소위원회) (2025.03.05.),김한규,6659,gender_generation,0.35,1,60
pres_2025,22,official_minutes,https://record.assembly.go.kr/assembly/viewer/minutes/xml.do?id=52776&type=view,official_minutes_52776:311:2,2025-03-05,2025-03-03,여성가족위원회,제22대국회 제423회 (임시회) 제1차 여성가족위원회(법안심사소위원회) (2025.03.05.),김한규,6659,welfare_pension,1.0,1,62
pres_2025,22,official_minutes,https://record.assembly.go.kr/assembly/viewer/minutes/xml.do?id=52776&type=view,official_minutes_52776:313:1,2025-03-05,2025-03-03,여성가족위원회,제22대국회 제423회 (임시회) 제1차 여성가족위원회(법안심사소위원회) (2025.03.05.),김한규,6659,welfare_pension,0.35,1,90
pres_2025,22,official_minutes,https://record.assembly.go.kr/assembly/viewer/minutes/xml.do?id=52776&type=view,official_minutes_52776:315:2,2025-03-05,2025-03-03,여성가족위원회,제22대국회 제423회 (임시회) 제1차 여성가족위원회(법안심사소위원회) (2025.03.05.),이옥순,0,corruption_integrity,0.35,1,108
pres_2025,22,official_minutes,https://record.assembly.go.kr/assembly/viewer/minutes/xml.do?id=52776&type=view,official_minutes_52776:315:5,2025-03-05,2025-03-03,여성가족위원회,제22대국회 제423회 (임시회) 제1차 여성가족위원회(법안심사소위원회) (2025.03.05.),이옥순,0,family_legal_risk,0.35,1,201
pres_2025,22,official_minutes,https://record.assembly.go.kr/assembly/viewer/minutes/xml.do?id=52776&type=view,official_minutes_52776:315:8,2025-03-05,2025-03-03,여성가족위원회,제22대국회 제423회 (임시회) 제1차 여성가족위원회(법안심사소위원회) (2025.03.05.),이옥순,0,corruption_integrity,0.35,1,229
pres_2025,22,official_minutes,https://record.assembly.go.kr/assembly/viewer/minutes/xml.do?id=52776&type=view,official_minutes_52776:315:9,2025-03-05,2025-03-03,여성가족위원회,제22대국회 제423회 (임시회) 제1차 여성가족위원회(법안심사소위원회) (2025.03.05.),이옥순,0,corruption_integrity,0.35,1,21
pres_2025,22,official_minutes,https://record.assembly.go.kr/assembly/viewer/minutes/xml.do?id=52776&type=view,official_minutes_52776:355:5,2025-03-05,2025-03-03,여성가족위원회,제22대국회 제423회 (임시회) 제1차 여성가족위원회(법안심사소위원회) (2025.03.05.),김남희,6807,endorsement_event,0.35,1,17
pres_2025,22,official_minutes,https://record.assembly.go.kr/assembly/viewer/minutes/xml.do?id=52776&type=view,official_minutes_52776:361:4,2025-03-05,2025-03-03,여성가족위원회,제22대국회 제423회 (임시회) 제1차 여성가족위원회(법안심사소위원회) (2025.03.05.),김남희,6807,endorsement_event,0.35,1,28
pres_2025,22,official_minutes,https://record.assembly.go.kr/assembly/viewer/minutes/xml.do?id=52776&type=view,official_minutes_52776:387:2,2025-03-05,2025-03-03,여성가족위원회,제22대국회 제423회 (임시회) 제1차 여성가족위원회(법안심사소위원회) (2025.03.05.),전진숙,6752,gender_generation,0.35,1,47
pres_2025,22,official_minutes,https://record.assembly.go.kr/assembly/viewer/minutes/xml.do?id=52776&type=view,official_minutes_52776:400:1,2025-03-05,2025-03-03,여성가족위원회,제22대국회 제423회 (임시회) 제1차 여성가족위원회(법안심사소위원회) (2025.03.05.),김남희,6807,corruption_integrity,0.75,1,311
pres_2025,22,official_minutes,https://record.assembly.go.kr/assembly/viewer/minutes/xml.do?id=52776&type=view,official_minutes_52776:400:2,2025-03-05,2025-03-03,여성가족위원회,제22대국회 제423회 (임시회) 제1차 여성가족위원회(법안심사소위원회) (2025.03.05.),김남희,6807,unification_event,0.35,1,196
pres_2025,22,official_minutes,https://record.assembly.go.kr/assembly/viewer/minutes/xml.do?id=52776&type=view,official_minutes_52776:422:2,2025-03-05,2025-03-03,여성가족위원회,제22대국회 제423회 (임시회) 제1차 여성가족위원회(법안심사소위원회) (2025.03.05.),김남희,6807,gender_generation,1.0,1,48
pres_2025,22,official_minutes,https://record.assembly.go.kr/assembly/viewer/minutes/xml.do?id=52776&type=view,official_minutes_52776:456:1,2025-03-05,2025-03-03,여성가족위원회,제22대국회 제423회 (임시회) 제1차 여성가족위원회(법안심사소위원회) (2025.03.05.),서범수,6708,gender_generation,0.35,1,82
pres_2025,22,official_minutes,https://record.assembly.go.kr/assembly/viewer/minutes/xml.do?id=52776&type=view,official_minutes_52776:460:3,2025-03-05,2025-03-03,여성가족위원회,제22대국회 제423회 (임시회) 제1차 여성가족위원회(법안심사소위원회) (2025.03.05.),김한규,6659,gender_generation,0.35,1,41
pres_2025,22,official_minutes,https://record.assembly.go.kr/assembly/viewer/minutes/xml.do?id=52776&type=view,official_minutes_52776:496:8,2025-03-05,2025-03-03,여성가족위원회,제22대국회 제423회 (임시회) 제1차 여성가족위원회(법안심사소위원회) (2025.03.05.),김한규,6659,gender_generation,0.35,1,66
pres_2025,22,official_minutes,https://record.assembly.go.kr/assembly/viewer/minutes/xml.do?id=52769&type=view,official_minutes_52769:1:2,2025-03-06,2025-03-03,외교통일위원회,제22대국회 제423회 (임시회) 제1차 외교통일위원회(법안심사소위원회) (2025.03.06.),김건,6822,foreign_policy,0.35,1,54
pres_2025,22,official_minutes,https://record.assembly.go.kr/assembly/viewer/minutes/xml.do?id=52769&type=view,official_minutes_52769:2:6,2025-03-06,2025-03-03,외교통일위원회,제22대국회 제423회 (임시회) 제1차 외교통일위원회(법안심사소위원회) (2025.03.06.),인요한,6773,security_nk,1.0,1,58
pres_2025,22,official_minutes,https://record.assembly.go.kr/assembly/viewer/minutes/xml.do?id=52769&type=view,official_minutes_52769:2:7,2025-03-06,2025-03-03,외교통일위원회,제22대국회 제423회 (임시회) 제1차 외교통일위원회(법안심사소위원회) (2025.03.06.),인요한,6773,foreign_policy,0.35,1,120
pres_2025,22,official_minutes,https://record.assembly.go.kr/assembly/viewer/minutes/xml.do?id=52769&type=view,official_minutes_52769:2:10,2025-03-06,2025-03-03,외교통일위원회,제22대국회 제423회 (임시회) 제1차 외교통일위원회(법안심사소위원회) (2025.03.06.),인요한,6773,foreign_policy,0.35,1,158
pres_2025,22,official_minutes,https://record.assembly.go.kr/assembly/viewer/minutes/xml.do?id=52769&type=view,official_minutes_52769:6:4,2025-03-06,2025-03-03,외교통일위원회,제22대국회 제423회 (임시회) 제1차 외교통일위원회(법안심사소위원회) (2025.03.06.),인요한,6773,security_nk,1.0,1,87
pres_2025,22,official_minutes,https://record.assembly.go.kr/assembly/viewer/minutes/xml.do?id=52769&type=view,official_minutes_52769:7:1,2025-03-06,2025-03-03,외교통일위원회,제22대국회 제423회 (임시회) 제1차 외교통일위원회(법안심사소위원회) (2025.03.06.),김건,6822,foreign_policy,0.35,1,126
pres_2025,22,official_minutes,https://record.assembly.go.kr/assembly/viewer/minutes/xml.do?id=52769&type=view,official_minutes_52769:7:3,2025-03-06,2025-03-03,외교통일위원회,제22대국회 제423회 (임시회) 제1차 외교통일위원회(법안심사소위원회) (2025.03.06.),김건,6822,foreign_policy,0.35,1,47
pres_2025,22,official_minutes,https://record.assembly.go.kr/assembly/viewer/minutes/xml.do?id=52769&type=view,official_minutes_52769:8:1,2025-03-06,2025-03-03,외교통일위원회,제22대국회 제423회 (임시회) 제1차 외교통일위원회(법안심사소위원회) (2025.03.06.),김건,6822,security_nk,0.75,1,180
pres_2025,22,official_minutes,https://record.assembly.go.kr/assembly/viewer/minutes/xml.do?id=52769&type=view,official_minutes_52769:8:2,2025-03-06,2025-03-03,외교통일위원회,제22대국회 제423회 (임시회) 제1차 외교통일위원회(법안심사소위원회) (2025.03.06.),김건,6822,foreign_policy,0.35,1,32
pres_2025,22,official_minutes,https://record.assembly.go.kr/assembly/viewer/minutes/xml.do?id=52769&type=view,official_minutes_52769:9:9,2025-03-06,2025-03-03,외교통일위원회,제22대국회 제423회 (임시회) 제1차 외교통일위원회(법안심사소위원회) (2025.03.06.),곽현준,0,economy_growth,0.35,1,165
pres_2025,22,official_minutes,https://record.assembly.go.kr/assembly/viewer/minutes/xml.do?id=52769&type=view,official_minutes_52769:9:10,2025-03-06,2025-03-03,외교통일위원회,제22대국회 제423회 (임시회) 제1차 외교통일위원회(법안심사소위원회) (2025.03.06.),곽현준,0,economy_growth,0.35,1,95
pres_2025,22,official_minutes,https://record.assembly.go.kr/assembly/viewer/minutes/xml.do?id=52769&type=view,official_minutes_52769:9:12,2025-03-06,2025-03-03,외교통일위원회,제22대국회 제423회 (임시회) 제1차 외교통일위원회(법안심사소위원회) (2025.03.06.),곽현준,0,economy_growth,0.75,1,204
pres_2025,22,official_minutes,https://record.assembly.go.kr/assembly/viewer/minutes/xml.do?id=52769&type=view,official_minutes_52769:9:13,2025-03-06,2025-03-03,외교통일위원회,제22대국회 제423회 (임시회) 제1차 외교통일위원회(법안심사소위원회) (2025.03.06.),곽현준,0,economy_growth,0.35,1,162
pres_2025,22,official_minutes,https://record.assembly.go.kr/assembly/viewer/minutes/xml.do?id=52769&type=view,official_minutes_52769:11:2,2025-03-06,2025-03-03,외교통일위원회,제22대국회 제423회 (임시회) 제1차 외교통일위원회(법안심사소위원회) (2025.03.06.),김홍균,0,economy_growth,0.35,1,77
pres_2025,22,official_minutes,https://record.assembly.go.kr/assembly/viewer/minutes/xml.do?id=52769&type=view,official_minutes_52769:12:9,2025-03-06,2025-03-03,외교통일위원회,제22대국회 제423회 (임시회) 제1차 외교통일위원회(법안심사소위원회) (2025.03.06.),김건,6822,regional_dev,0.35,1,95
pres_2025,22,official_minutes,https://record.assembly.go.kr/assembly/viewer/minutes/xml.do?id=52769&type=view,official_minutes_52769:13:2,2025-03-06,2025-03-03,외교통일위원회,제22대국회 제423회 (임시회) 제1차 외교통일위원회(법안심사소위원회) (2025.03.06.),곽현준,0,regional_dev,0.35,1,69
pres_2025,22,official_minutes,https://record.assembly.go.kr/assembly/viewer/minutes/xml.do?id=52769&type=view,official_minutes_52769:13:11,2025-03-06,2025-03-03,외교통일위원회,제22대국회 제423회 (임시회) 제1차 외교통일위원회(법안심사소위원회) (2025.03.06.),곽현준,0,foreign_policy,1.0,1,112
pres_2025,22,official_minutes,https://record.assembly.go.kr/assembly/viewer/minutes/xml.do?id=52769&type=view,official_minutes_52769:30:5,2025-03-06,2025-03-03,외교통일위원회,제22대국회 제423회 (임시회) 제1차 외교통일위원회(법안심사소위원회) (2025.03.06.),김건,6822,foreign_policy,1.0,1,89
pres_2025,22,official_minutes,https://record.assembly.go.kr/assembly/viewer/minutes/xml.do?id=52769&type=view,official_minutes_52769:30:5,2025-03-06,2025-03-03,외교통일위원회,제22대국회 제423회 (임시회) 제1차 외교통일위원회(법안심사소위원회) (2025.03.06.),김건,6822,security_nk,1.0,1,89
pres_2025,22,official_minutes,https://record.assembly.go.kr/assembly/viewer/minutes/xml.do?id=52769&type=view,official_minutes_52769:30:5,2025-03-06,2025-03-03,외교통일위원회,제22대국회 제423회 (임시회) 제1차 외교통일위원회(법안심사소위원회) (2025.03.06.),김건,6822,endorsement_event,0.35,1,89
pres_2025,22,official_minutes,https://record.assembly.go.kr/assembly/viewer/minutes/xml.do?id=52769&type=view,official_minutes_52769:31:1,2025-03-06,2025-03-03,외교통일위원회,제22대국회 제423회 (임시회) 제1차 외교통일위원회(법안심사소위원회) (2025.03.06.),곽현준,0,foreign_policy,1.0,1,100
pres_2025,22,official_minutes,https://record.assembly.go.kr/assembly/viewer/minutes/xml.do?id=52769&type=view,official_minutes_52769:31:1,2025-03-06,2025-03-03,외교통일위원회,제22대국회 제423회 (임시회) 제1차 외교통일위원회(법안심사소위원회) (2025.03.06.),곽현준,0,endorsement_event,0.35,1,100
pres_2025,22,official_minutes,https://record.assembly.go.kr/assembly/viewer/minutes/xml.do?id=52769&type=view,official_minutes_52769:31:5,2025-03-06,2025-03-03,외교통일위원회,제22대국회 제423회 (임시회) 제1차 외교통일위원회(법안심사소위원회) (2025.03.06.),곽현준,0,foreign_policy,1.0,1,111
pres_2025,22,official_minutes,https://record.assembly.go.kr/assembly/viewer/minutes/xml.do?id=52769&type=view,official_minutes_52769:31:5,2025-03-06,2025-03-03,외교통일위원회,제22대국회 제423회 (임시회) 제1차 외교통일위원회(법안심사소위원회) (2025.03.06.),곽현준,0,external_shock,1.0,1,111
pres_2025,22,official_minutes,https://record.assembly.go.kr/assembly/viewer/minutes/xml.do?id=52769&type=view,official_minutes_52769:31:5,2025-03-06,2025-03-03,외교통일위원회,제22대국회 제423회 (임시회) 제1차 외교통일위원회(법안심사소위원회) (2025.03.06.),곽현준,0,security_nk,0.35,1,111
pres_2025,22,official_minutes,https://record.assembly.go.kr/assembly/viewer/minutes/xml.do?id=52769&type=view,official_minutes_52769:31:5,2025-03-06,2025-03-03,외교통일위원회,제22대국회 제423회 (임시회) 제1차 외교통일위원회(법안심사소위원회) (2025.03.06.),곽현준,0,endorsement_event,0.35,1,111
pres_2025,22,official_minutes,https://record.assembly.go.kr/assembly/viewer/minutes/xml.do?id=52769&type=view,official_minutes_52769:33:1,2025-03-06,2025-03-03,외교통일위원회,제22대국회 제423회 (임시회) 제1차 외교통일위원회(법안심사소위원회) (2025.03.06.),김홍균,0,foreign_policy,1.0,1,62
pres_2025,22,official_minutes,https://record.assembly.go.kr/assembly/viewer/minutes/xml.do?id=52769&type=view,official_minutes_52769:33:1,2025-03-06,2025-03-03,외교통일위원회,제22대국회 제423회 (임시회) 제1차 외교통일위원회(법안심사소위원회) (2025.03.06.),김홍균,0,endorsement_event,0.35,1,62
pres_2025,22,official_minutes,https://record.assembly.go.kr/assembly/viewer/minutes/xml.do?id=52769&type=view,official_minutes_52769:35:2,2025-03-06,2025-03-03,외교통일위원회,제22대국회 제423회 (임시회) 제1차 외교통일위원회(법안심사소위원회) (2025.03.06.),김준형,6754,foreign_policy,0.35,1,33
pres_2025,22,official_minutes,https://record.assembly.go.kr/assembly/viewer/minutes/xml.do?id=52769&type=view,official_minutes_52769:35:3,2025-03-06,2025-03-03,외교통일위원회,제22대국회 제423회 (임시회) 제1차 외교통일위원회(법안심사소위원회) (2025.03.06.),김준형,6754,foreign_policy,1.0,1,154
pres_2025,22,official_minutes,https://record.assembly.go.kr/assembly/viewer/minutes/xml.do?id=52769&type=view,official_minutes_52769:35:3,2025-03-06,2025-03-03,외교통일위원회,제22대국회 제423회 (임시회) 제1차 외교통일위원회(법안심사소위원회) (2025.03.06.),김준형,6754,endorsement_event,0.35,1,154
pres_2025,22,official_minutes,https://record.assembly.go.kr/assembly/viewer/minutes/xml.do?id=52769&type=view,official_minutes_52769:35:4,2025-03-06,2025-03-03,외교통일위원회,제22대국회 제423회 (임시회) 제1차 외교통일위원회(법안심사소위원회) (2025.03.06.),김준형,6754,foreign_policy,0.35,1,186
pres_2025,22,official_minutes,https://record.assembly.go.kr/assembly/viewer/minutes/xml.do?id=52769&type=view,official_minutes_52769:35:4,2025-03-06,2025-03-03,외교통일위원회,제22대국회 제423회 (임시회) 제1차 외교통일위원회(법안심사소위원회) (2025.03.06.),김준형,6754,endorsement_event,0.35,1,186
pres_2025,22,official_minutes,https://record.assembly.go.kr/assembly/viewer/minutes/xml.do?id=52769&type=view,official_minutes_52769:37:1,2025-03-06,2025-03-03,외교통일위원회,제22대국회 제423회 (임시회) 제1차 외교통일위원회(법안심사소위원회) (2025.03.06.),김홍균,0,foreign_policy,1.0,1,106
pres_2025,22,official_minutes,https://record.assembly.go.kr/assembly/viewer/minutes/xml.do?id=52769&type=view,official_minutes_52769:39:1,2025-03-06,2025-03-03,외교통일위원회,제22대국회 제423회 (임시회) 제1차 외교통일위원회(법안심사소위원회) (2025.03.06.),권칠승,6585,foreign_policy,1.0,1,41
pres_2025,22,official_minutes,https://record.assembly.go.kr/assembly/viewer/minutes/xml.do?id=52769&type=view,official_minutes_52769:39:1,2025-03-06,2025-03-03,외교통일위원회,제22대국회 제423회 (임시회) 제1차 외교통일위원회(법안심사소위원회) (2025.03.06.),권칠승,6585,endorsement_event,0.35,1,41
pres_2025,22,official_minutes,https://record.assembly.go.kr/assembly/viewer/minutes/xml.do?id=52769&type=view,official_minutes_52769:52:1,2025-03-06,2025-03-03,외교통일위원회,제22대국회 제423회 (임시회) 제1차 외교통일위원회(법안심사소위원회) (2025.03.06.),곽현준,0,foreign_policy,0.35,1,33
pres_2025,22,official_minutes,https://record.assembly.go.kr/assembly/viewer/minutes/xml.do?id=52769&type=view,official_minutes_52769:61:1,2025-03-06,2025-03-03,외교통일위원회,제22대국회 제423회 (임시회) 제1차 외교통일위원회(법안심사소위원회) (2025.03.06.),곽현준,0,foreign_policy,1.0,1,61
pres_2025,22,official_minutes,https://record.assembly.go.kr/assembly/viewer/minutes/xml.do?id=52769&type=view,official_minutes_52769:63:4,2025-03-06,2025-03-03,외교통일위원회,제22대국회 제423회 (임시회) 제1차 외교통일위원회(법안심사소위원회) (2025.03.06.),위성락,6776,foreign_policy,1.0,1,153
pres_2025,22,official_minutes,https://record.assembly.go.kr/assembly/viewer/minutes/xml.do?id=52769&type=view,official_minutes_52769:63:4,2025-03-06,2025-03-03,외교통일위원회,제22대국회 제423회 (임시회) 제1차 외교통일위원회(법안심사소위원회) (2025.03.06.),위성락,6776,regional_dev,0.75,1,153
pres_2025,22,official_minutes,https://record.assembly.go.kr/assembly/viewer/minutes/xml.do?id=52769&type=view,official_minutes_52769:64:7,2025-03-06,2025-03-03,외교통일위원회,제22대국회 제423회 (임시회) 제1차 외교통일위원회(법안심사소위원회) (2025.03.06.),김준형,6754,endorsement_event,0.35,1,57
pres_2025,22,official_minutes,https://record.assembly.go.kr/assembly/viewer/minutes/xml.do?id=52769&type=view,official_minutes_52769:64:8,2025-03-06,2025-03-03,외교통일위원회,제22대국회 제423회 (임시회) 제1차 외교통일위원회(법안심사소위원회) (2025.03.06.),김준형,6754,foreign_policy,1.0,1,178
pres_2025,22,official_minutes,https://record.assembly.go.kr/assembly/viewer/minutes/xml.do?id=52769&type=view,official_minutes_52769:64:8,2025-03-06,2025-03-03,외교통일위원회,제22대국회 제423회 (임시회) 제1차 외교통일위원회(법안심사소위원회) (2025.03.06.),김준형,6754,unification_event,0.35,1,178
pres_2025,22,official_minutes,https://record.assembly.go.kr/assembly/viewer/minutes/xml.do?id=52769&type=view,official_minutes_52769:64:8,2025-03-06,2025-03-03,외교통일위원회,제22대국회 제423회 (임시회) 제1차 외교통일위원회(법안심사소위원회) (2025.03.06.),김준형,6754,endorsement_event,0.35,1,178
pres_2025,22,official_minutes,https://record.assembly.go.kr/assembly/viewer/minutes/xml.do?id=52769&type=view,official_minutes_52769:65:1,2025-03-06,2025-03-03,외교통일위원회,제22대국회 제423회 (임시회) 제1차 외교통일위원회(법안심사소위원회) (2025.03.06.),인요한,6773,foreign_policy,0.35,1,71
pres_2025,22,official_minutes,https://record.assembly.go.kr/assembly/viewer/minutes/xml.do?id=52769&type=view,official_minutes_52769:66:4,2025-03-06,2025-03-03,외교통일위원회,제22대국회 제423회 (임시회) 제1차 외교통일위원회(법안심사소위원회) (2025.03.06.),김건,6822,foreign_policy,0.35,1,48
pres_2025,22,official_minutes,https://record.assembly.go.kr/assembly/viewer/minutes/xml.do?id=52769&type=view,official_minutes_52769:67:13,2025-03-06,2025-03-03,외교통일위원회,제22대국회 제423회 (임시회) 제1차 외교통일위원회(법안심사소위원회) (2025.03.06.),김기웅,6840,foreign_policy,1.0,1,152
pres_2025,22,official_minutes,https://record.assembly.go.kr/assembly/viewer/minutes/xml.do?id=52769&type=view,official_minutes_52769:67:17,2025-03-06,2025-03-03,외교통일위원회,제22대국회 제423회 (임시회) 제1차 외교통일위원회(법안심사소위원회) (2025.03.06.),김기웅,6840,security_nk,0.75,1,121
pres_2025,22,official_minutes,https://record.assembly.go.kr/assembly/viewer/minutes/xml.do?id=52769&type=view,official_minutes_52769:67:17,2025-03-06,2025-03-03,외교통일위원회,제22대국회 제423회 (임시회) 제1차 외교통일위원회(법안심사소위원회) (2025.03.06.),김기웅,6840,external_shock,0.75,1,121
pres_2025,22,official_minutes,https://record.assembly.go.kr/assembly/viewer/minutes/xml.do?id=52769&type=view,official_minutes_52769:67:18,2025-03-06,2025-03-03,외교통일위원회,제22대국회 제423회 (임시회) 제1차 외교통일위원회(법안심사소위원회) (2025.03.06.),김기웅,6840,security_nk,1.0,1,134
pres_2025,22,official_minutes,https://record.assembly.go.kr/assembly/viewer/minutes/xml.do?id=52769&type=view,official_minutes_52769:67:18,2025-03-06,2025-03-03,외교통일위원회,제22대국회 제423회 (임시회) 제1차 외교통일위원회(법안심사소위원회) (2025.03.06.),김기웅,6840,foreign_policy,0.35,1,134
pres_2025,22,official_minutes,https://record.assembly.go.kr/assembly/viewer/minutes/xml.do?id=52769&type=view,official_minutes_52769:69:1,2025-03-06,2025-03-03,외교통일위원회,제22대국회 제423회 (임시회) 제1차 외교통일위원회(법안심사소위원회) (2025.03.06.),권칠승,6585,external_shock,1.0,1,43
pres_2025,22,official_minutes,https://record.assembly.go.kr/assembly/viewer/minutes/xml.do?id=52769&type=view,official_minutes_52769:69:5,2025-03-06,2025-03-03,외교통일위원회,제22대국회 제423회 (임시회) 제1차 외교통일위원회(법안심사소위원회) (2025.03.06.),권칠승,6585,external_shock,1.0,1,99
pres_2025,22,official_minutes,https://record.assembly.go.kr/assembly/viewer/minutes/xml.do?id=52769&type=view,official_minutes_52769:70:2,2025-03-06,2025-03-03,외교통일위원회,제22대국회 제423회 (임시회) 제1차 외교통일위원회(법안심사소위원회) (2025.03.06.),김건,6822,security_nk,0.75,1,192
pres_2025,22,official_minutes,https://record.assembly.go.kr/assembly/viewer/minutes/xml.do?id=52769&type=view,official_minutes_52769:70:2,2025-03-06,2025-03-03,외교통일위원회,제22대국회 제423회 (임시회) 제1차 외교통일위원회(법안심사소위원회) (2025.03.06.),김건,6822,foreign_policy,0.35,1,192
pres_2025,22,official_minutes,https://record.assembly.go.kr/assembly/viewer/minutes/xml.do?id=52769&type=view,official_minutes_52769:71:1,2025-03-06,2025-03-03,외교통일위원회,제22대국회 제423회 (임시회) 제1차 외교통일위원회(법안심사소위원회) (2025.03.06.),김홍균,0,foreign_policy,1.0,1,143
pres_2025,22,official_minutes,https://record.assembly.go.kr/assembly/viewer/minutes/xml.do?id=52769&type=view,official_minutes_52769:71:2,2025-03-06,2025-03-03,외교통일위원회,제22대국회 제423회 (임시회) 제1차 외교통일위원회(법안심사소위원회) (2025.03.06.),김홍균,0,security_nk,0.75,1,121
pres_2025,22,official_minutes,https://record.assembly.go.kr/assembly/viewer/minutes/xml.do?id=52769&type=view,official_minutes_52769:71:2,2025-03-06,2025-03-03,외교통일위원회,제22대국회 제423회 (임시회) 제1차 외교통일위원회(법안심사소위원회) (2025.03.06.),김홍균,0,foreign_policy,0.35,1,121
pres_2025,22,official_minutes,https://record.assembly.go.kr/assembly/viewer/minutes/xml.do?id=52769&type=view,official_minutes_52769:71:3,2025-03-06,2025-03-03,외교통일위원회,제22대국회 제423회 (임시회) 제1차 외교통일위원회(법안심사소위원회) (2025.03.06.),김홍균,0,security_nk,0.75,1,114
pres_2025,22,official_minutes,https://record.assembly.go.kr/assembly/viewer/minutes/xml.do?id=52769&type=view,official_minutes_52769:71:3,2025-03-06,2025-03-03,외교통일위원회,제22대국회 제423회 (임시회) 제1차 외교통일위원회(법안심사소위원회) (2025.03.06.),김홍균,0,family_legal_risk,0.35,1,114
pres_2025,22,official_minutes,https://record.assembly.go.kr/assembly/viewer/minutes/xml.do?id=52769&type=view,official_minutes_52769:73:2,2025-03-06,2025-03-03,외교통일위원회,제22대국회 제423회 (임시회) 제1차 외교통일위원회(법안심사소위원회) (2025.03.06.),권칠승,6585,external_shock,1.0,1,66
pres_2025,22,official_minutes,https://record.assembly.go.kr/assembly/viewer/minutes/xml.do?id=52769&type=view,official_minutes_52769:73:5,2025-03-06,2025-03-03,외교통일위원회,제22대국회 제423회 (임시회) 제1차 외교통일위원회(법안심사소위원회) (2025.03.06.),권칠승,6585,security_nk,0.75,1,55
pres_2025,22,official_minutes,https://record.assembly.go.kr/assembly/viewer/minutes/xml.do?id=52769&type=view,official_minutes_52769:75:1,2025-03-06,2025-03-03,외교통일위원회,제22대국회 제423회 (임시회) 제1차 외교통일위원회(법안심사소위원회) (2025.03.06.),김홍균,0,security_nk,0.75,1,69
pres_2025,22,official_minutes,https://record.assembly.go.kr/assembly/viewer/minutes/xml.do?id=52769&type=view,official_minutes_52769:75:2,2025-03-06,2025-03-03,외교통일위원회,제22대국회 제423회 (임시회) 제1차 외교통일위원회(법안심사소위원회) (2025.03.06.),김홍균,0,security_nk,0.75,1,122
pres_2025,22,official_minutes,https://record.assembly.go.kr/assembly/viewer/minutes/xml.do?id=52769&type=view,official_minutes_52769:75:3,2025-03-06,2025-03-03,외교통일위원회,제22대국회 제423회 (임시회) 제1차 외교통일위원회(법안심사소위원회) (2025.03.06.),김홍균,0,security_nk,0.75,1,54
pres_2025,22,official_minutes,https://record.assembly.go.kr/assembly/viewer/minutes/xml.do?id=52769&type=view,official_minutes_52769:75:5,2025-03-06,2025-03-03,외교통일위원회,제22대국회 제423회 (임시회) 제1차 외교통일위원회(법안심사소위원회) (2025.03.06.),김홍균,0,security_nk,0.75,1,174
pres_2025,22,official_minutes,https://record.assembly.go.kr/assembly/viewer/minutes/xml.do?id=52769&type=view,official_minutes_52769:76:1,2025-03-06,2025-03-03,외교통일위원회,제22대국회 제423회 (임시회) 제1차 외교통일위원회(법안심사소위원회) (2025.03.06.),권칠승,6585,security_nk,0.75,1,56
pres_2025,22,official_minutes,https://record.assembly.go.kr/assembly/viewer/minutes/xml.do?id=52769&type=view,official_minutes_52769:76:2,2025-03-06,2025-03-03,외교통일위원회,제22대국회 제423회 (임시회) 제1차 외교통일위원회(법안심사소위원회) (2025.03.06.),권칠승,6585,security_nk,0.75,1,34
pres_2025,22,official_minutes,https://record.assembly.go.kr/assembly/viewer/minutes/xml.do?id=52769&type=view,official_minutes_52769:79:1,2025-03-06,2025-03-03,외교통일위원회,제22대국회 제423회 (임시회) 제1차 외교통일위원회(법안심사소위원회) (2025.03.06.),김홍균,0,security_nk,1.0,1,144
pres_2025,22,official_minutes,https://record.assembly.go.kr/assembly/viewer/minutes/xml.do?id=52769&type=view,official_minutes_52769:79:1,2025-03-06,2025-03-03,외교통일위원회,제22대국회 제423회 (임시회) 제1차 외교통일위원회(법안심사소위원회) (2025.03.06.),김홍균,0,candidate_competence,0.35,1,144
pres_2025,22,official_minutes,https://record.assembly.go.kr/assembly/viewer/minutes/xml.do?id=52769&type=view,official_minutes_52769:79:2,2025-03-06,2025-03-03,외교통일위원회,제22대국회 제423회 (임시회) 제1차 외교통일위원회(법안심사소위원회) (2025.03.06.),김홍균,0,security_nk,0.75,1,53
pres_2025,22,official_minutes,https://record.assembly.go.kr/assembly/viewer/minutes/xml.do?id=52769&type=view,official_minutes_52769:86:4,2025-03-06,2025-03-03,외교통일위원회,제22대국회 제423회 (임시회) 제1차 외교통일위원회(법안심사소위원회) (2025.03.06.),김준형,6754,security_nk,0.75,1,185
pres_2025,22,official_minutes,https://record.assembly.go.kr/assembly/viewer/minutes/xml.do?id=52769&type=view,official_minutes_52769:88:2,2025-03-06,2025-03-03,외교통일위원회,제22대국회 제423회 (임시회) 제1차 외교통일위원회(법안심사소위원회) (2025.03.06.),위성락,6776,security_nk,1.0,1,103
pres_2025,22,official_minutes,https://record.assembly.go.kr/assembly/viewer/minutes/xml.do?id=52769&type=view,official_minutes_52769:88:7,2025-03-06,2025-03-03,외교통일위원회,제22대국회 제423회 (임시회) 제1차 외교통일위원회(법안심사소위원회) (2025.03.06.),위성락,6776,endorsement_event,0.35,1,32
pres_2025,22,official_minutes,https://record.assembly.go.kr/assembly/viewer/minutes/xml.do?id=52769&type=view,official_minutes_52769:88:12,2025-03-06,2025-03-03,외교통일위원회,제22대국회 제423회 (임시회) 제1차 외교통일위원회(법안심사소위원회) (2025.03.06.),위성락,6776,security_nk,0.75,1,46
pres_2025,22,official_minutes,https://record.assembly.go.kr/assembly/viewer/minutes/xml.do?id=52769&type=view,official_minutes_52769:88:14,2025-03-06,2025-03-03,외교통일위원회,제22대국회 제423회 (임시회) 제1차 외교통일위원회(법안심사소위원회) (2025.03.06.),위성락,6776,external_shock,0.75,1,103
pres_2025,22,official_minutes,https://record.assembly.go.kr/assembly/viewer/minutes/xml.do?id=52769&type=view,official_minutes_52769:90:2,2025-03-06,2025-03-03,외교통일위원회,제22대국회 제423회 (임시회) 제1차 외교통일위원회(법안심사소위원회) (2025.03.06.),김기웅,6840,security_nk,0.75,1,163
pres_2025,22,official_minutes,https://record.assembly.go.kr/assembly/viewer/minutes/xml.do?id=52769&type=view,official_minutes_52769:90:4,2025-03-06,2025-03-03,외교통일위원회,제22대국회 제423회 (임시회) 제1차 외교통일위원회(법안심사소위원회) (2025.03.06.),김기웅,6840,security_nk,0.75,1,75
pres_2025,22,official_minutes,https://record.assembly.go.kr/assembly/viewer/minutes/xml.do?id=52769&type=view,official_minutes_52769:90:7,2025-03-06,2025-03-03,외교통일위원회,제22대국회 제423회 (임시회) 제1차 외교통일위원회(법안심사소위원회) (2025.03.06.),김기웅,6840,security_nk,0.75,1,46
pres_2025,22,official_minutes,https://record.assembly.go.kr/assembly/viewer/minutes/xml.do?id=52769&type=view,official_minutes_52769:90:8,2025-03-06,2025-03-03,외교통일위원회,제22대국회 제423회 (임시회) 제1차 외교통일위원회(법안심사소위원회) (2025.03.06.),김기웅,6840,security_nk,0.75,1,116
pres_2025,22,official_minutes,https://record.assembly.go.kr/assembly/viewer/minutes/xml.do?id=52769&type=view,official_minutes_52769:90:9,2025-03-06,2025-03-03,외교통일위원회,제22대국회 제423회 (임시회) 제1차 외교통일위원회(법안심사소위원회) (2025.03.06.),김기웅,6840,security_nk,0.75,1,85
pres_2025,22,official_minutes,https://record.assembly.go.kr/assembly/viewer/minutes/xml.do?id=52769&type=view,official_minutes_52769:90:11,2025-03-06,2025-03-03,외교통일위원회,제22대국회 제423회 (임시회) 제1차 외교통일위원회(법안심사소위원회) (2025.03.06.),김기웅,6840,security_nk,1.0,1,49
pres_2025,22,official_minutes,https://record.assembly.go.kr/assembly/viewer/minutes/xml.do?id=52769&type=view,official_minutes_52769:90:12,2025-03-06,2025-03-03,외교통일위원회,제22대국회 제423회 (임시회) 제1차 외교통일위원회(법안심사소위원회) (2025.03.06.),김기웅,6840,foreign_policy,1.0,1,59
pres_2025,22,official_minutes,https://record.assembly.go.kr/assembly/viewer/minutes/xml.do?id=52769&type=view,official_minutes_52769:90:13,2025-03-06,2025-03-03,외교통일위원회,제22대국회 제423회 (임시회) 제1차 외교통일위원회(법안심사소위원회) (2025.03.06.),김기웅,6840,foreign_policy,1.0,1,38
pres_2025,22,official_minutes,https://record.assembly.go.kr/assembly/viewer/minutes/xml.do?id=52769&type=view,official_minutes_52769:90:19,2025-03-06,2025-03-03,외교통일위원회,제22대국회 제423회 (임시회) 제1차 외교통일위원회(법안심사소위원회) (2025.03.06.),김기웅,6840,foreign_policy,1.0,1,55
pres_2025,22,official_minutes,https://record.assembly.go.kr/assembly/viewer/minutes/xml.do?id=52769&type=view,official_minutes_52769:90:23,2025-03-06,2025-03-03,외교통일위원회,제22대국회 제423회 (임시회) 제1차 외교통일위원회(법안심사소위원회) (2025.03.06.),김기웅,6840,foreign_policy,1.0,1,94
pres_2025,22,official_minutes,https://record.assembly.go.kr/assembly/viewer/minutes/xml.do?id=52769&type=view,official_minutes_52769:90:23,2025-03-06,2025-03-03,외교통일위원회,제22대국회 제423회 (임시회) 제1차 외교통일위원회(법안심사소위원회) (2025.03.06.),김기웅,6840,endorsement_event,0.35,1,94
pres_2025,22,official_minutes,https://record.assembly.go.kr/assembly/viewer/minutes/xml.do?id=52769&type=view,official_minutes_52769:90:28,2025-03-06,2025-03-03,외교통일위원회,제22대국회 제423회 (임시회) 제1차 외교통일위원회(법안심사소위원회) (2025.03.06.),김기웅,6840,security_nk,0.75,1,60
pres_2025,22,official_minutes,https://record.assembly.go.kr/assembly/viewer/minutes/xml.do?id=52769&type=view,official_minutes_52769:90:29,2025-03-06,2025-03-03,외교통일위원회,제22대국회 제423회 (임시회) 제1차 외교통일위원회(법안심사소위원회) (2025.03.06.),김기웅,6840,security_nk,0.75,1,117
pres_2025,22,official_minutes,https://record.assembly.go.kr/assembly/viewer/minutes/xml.do?id=52769&type=view,official_minutes_52769:90:30,2025-03-06,2025-03-03,외교통일위원회,제22대국회 제423회 (임시회) 제1차 외교통일위원회(법안심사소위원회) (2025.03.06.),김기웅,6840,foreign_policy,1.0,1,100
pres_2025,22,official_minutes,https://record.assembly.go.kr/assembly/viewer/minutes/xml.do?id=52769&type=view,official_minutes_52769:90:30,2025-03-06,2025-03-03,외교통일위원회,제22대국회 제423회 (임시회) 제1차 외교통일위원회(법안심사소위원회) (2025.03.06.),김기웅,6840,security_nk,0.75,1,100
pres_2025,22,official_minutes,https://record.assembly.go.kr/assembly/viewer/minutes/xml.do?id=52769&type=view,official_minutes_52769:90:31,2025-03-06,2025-03-03,외교통일위원회,제22대국회 제423회 (임시회) 제1차 외교통일위원회(법안심사소위원회) (2025.03.06.),김기웅,6840,foreign_policy,1.0,1,45
pres_2025,22,official_minutes,https://record.assembly.go.kr/assembly/viewer/minutes/xml.do?id=52769&type=view,official_minutes_52769:90:37,2025-03-06,2025-03-03,외교통일위원회,제22대국회 제423회 (임시회) 제1차 외교통일위원회(법안심사소위원회) (2025.03.06.),김기웅,6840,security_nk,0.75,1,39
pres_2025,22,official_minutes,https://record.assembly.go.kr/assembly/viewer/minutes/xml.do?id=52769&type=view,official_minutes_52769:90:38,2025-03-06,2025-03-03,외교통일위원회,제22대국회 제423회 (임시회) 제1차 외교통일위원회(법안심사소위원회) (2025.03.06.),김기웅,6840,foreign_policy,1.0,1,31
pres_2025,22,official_minutes,https://record.assembly.go.kr/assembly/viewer/minutes/xml.do?id=52769&type=view,official_minutes_52769:92:1,2025-03-06,2025-03-03,외교통일위원회,제22대국회 제423회 (임시회) 제1차 외교통일위원회(법안심사소위원회) (2025.03.06.),인요한,6773,foreign_policy,0.35,1,19
pres_2025,22,official_minutes,https://record.assembly.go.kr/assembly/viewer/minutes/xml.do?id=52769&type=view,official_minutes_52769:92:4,2025-03-06,2025-03-03,외교통일위원회,제22대국회 제423회 (임시회) 제1차 외교통일위원회(법안심사소위원회) (2025.03.06.),인요한,6773,external_shock,0.75,1,35
pres_2025,22,official_minutes,https://record.assembly.go.kr/assembly/viewer/minutes/xml.do?id=52769&type=view,official_minutes_52769:93:1,2025-03-06,2025-03-03,외교통일위원회,제22대국회 제423회 (임시회) 제1차 외교통일위원회(법안심사소위원회) (2025.03.06.),김건,6822,security_nk,0.75,1,45
pres_2025,22,official_minutes,https://record.assembly.go.kr/assembly/viewer/minutes/xml.do?id=52769&type=view,official_minutes_52769:93:2,2025-03-06,2025-03-03,외교통일위원회,제22대국회 제423회 (임시회) 제1차 외교통일위원회(법안심사소위원회) (2025.03.06.),김건,6822,security_nk,1.0,1,154
pres_2025,22,official_minutes,https://record.assembly.go.kr/assembly/viewer/minutes/xml.do?id=52769&type=view,official_minutes_52769:93:2,2025-03-06,2025-03-03,외교통일위원회,제22대국회 제423회 (임시회) 제1차 외교통일위원회(법안심사소위원회) (2025.03.06.),김건,6822,regional_dev,0.35,1,154
pres_2025,22,official_minutes,https://record.assembly.go.kr/assembly/viewer/minutes/xml.do?id=52769&type=view,official_minutes_52769:93:5,2025-03-06,2025-03-03,외교통일위원회,제22대국회 제423회 (임시회) 제1차 외교통일위원회(법안심사소위원회) (2025.03.06.),김건,6822,security_nk,0.75,1,35
pres_2025,22,official_minutes,https://record.assembly.go.kr/assembly/viewer/minutes/xml.do?id=52769&type=view,official_minutes_52769:93:7,2025-03-06,2025-03-03,외교통일위원회,제22대국회 제423회 (임시회) 제1차 외교통일위원회(법안심사소위원회) (2025.03.06.),김건,6822,security_nk,1.0,1,140
pres_2025,22,official_minutes,https://record.assembly.go.kr/assembly/viewer/minutes/xml.do?id=52769&type=view,official_minutes_52769:93:8,2025-03-06,2025-03-03,외교통일위원회,제22대국회 제423회 (임시회) 제1차 외교통일위원회(법안심사소위원회) (2025.03.06.),김건,6822,security_nk,1.0,1,62
pres_2025,22,official_minutes,https://record.assembly.go.kr/assembly/viewer/minutes/xml.do?id=52769&type=view,official_minutes_52769:93:10,2025-03-06,2025-03-03,외교통일위원회,제22대국회 제423회 (임시회) 제1차 외교통일위원회(법안심사소위원회) (2025.03.06.),김건,6822,family_legal_risk,0.35,1,63
pres_2025,22,official_minutes,https://record.assembly.go.kr/assembly/viewer/minutes/xml.do?id=52769&type=view,official_minutes_52769:93:11,2025-03-06,2025-03-03,외교통일위원회,제22대국회 제423회 (임시회) 제1차 외교통일위원회(법안심사소위원회) (2025.03.06.),김건,6822,security_nk,0.75,1,156
pres_2025,22,official_minutes,https://record.assembly.go.kr/assembly/viewer/minutes/xml.do?id=52769&type=view,official_minutes_52769:93:12,2025-03-06,2025-03-03,외교통일위원회,제22대국회 제423회 (임시회) 제1차 외교통일위원회(법안심사소위원회) (2025.03.06.),김건,6822,security_nk,0.75,1,160
pres_2025,22,official_minutes,https://record.assembly.go.kr/assembly/viewer/minutes/xml.do?id=52769&type=view,official_minutes_52769:94:3,2025-03-06,2025-03-03,외교통일위원회,제22대국회 제423회 (임시회) 제1차 외교통일위원회(법안심사소위원회) (2025.03.06.),곽현준,0,security_nk,0.75,1,259
pres_2025,22,official_minutes,https://record.assembly.go.kr/assembly/viewer/minutes/xml.do?id=52769&type=view,official_minutes_52769:95:1,2025-03-06,2025-03-03,외교통일위원회,제22대국회 제423회 (임시회) 제1차 외교통일위원회(법안심사소위원회) (2025.03.06.),김기웅,6840,security_nk,0.75,1,29
pres_2025,22,official_minutes,https://record.assembly.go.kr/assembly/viewer/minutes/xml.do?id=52769&type=view,official_minutes_52769:99:1,2025-03-06,2025-03-03,외교통일위원회,제22대국회 제423회 (임시회) 제1차 외교통일위원회(법안심사소위원회) (2025.03.06.),김기웅,6840,security_nk,0.75,1,23
pres_2025,22,official_minutes,https://record.assembly.go.kr/assembly/viewer/minutes/xml.do?id=52769&type=view,official_minutes_52769:100:1,2025-03-06,2025-03-03,외교통일위원회,제22대국회 제423회 (임시회) 제1차 외교통일위원회(법안심사소위원회) (2025.03.06.),곽현준,0,security_nk,0.75,1,18
pres_2025,22,official_minutes,https://record.assembly.go.kr/assembly/viewer/minutes/xml.do?id=52769&type=view,official_minutes_52769:102:1,2025-03-06,2025-03-03,외교통일위원회,제22대국회 제423회 (임시회) 제1차 외교통일위원회(법안심사소위원회) (2025.03.06.),위성락,6776,security_nk,0.75,1,40
pres_2025,22,official_minutes,https://record.assembly.go.kr/assembly/viewer/minutes/xml.do?id=52769&type=view,official_minutes_52769:103:1,2025-03-06,2025-03-03,외교통일위원회,제22대국회 제423회 (임시회) 제1차 외교통일위원회(법안심사소위원회) (2025.03.06.),김기웅,6840,foreign_policy,1.0,1,49
pres_2025,22,official_minutes,https://record.assembly.go.kr/assembly/viewer/minutes/xml.do?id=52769&type=view,official_minutes_52769:103:2,2025-03-06,2025-03-03,외교통일위원회,제22대국회 제423회 (임시회) 제1차 외교통일위원회(법안심사소위원회) (2025.03.06.),김기웅,6840,foreign_policy,1.0,1,112
pres_2025,22,official_minutes,https://record.assembly.go.kr/assembly/viewer/minutes/xml.do?id=52769&type=view,official_minutes_52769:104:1,2025-03-06,2025-03-03,외교통일위원회,제22대국회 제423회 (임시회) 제1차 외교통일위원회(법안심사소위원회) (2025.03.06.),위성락,6776,foreign_policy,1.0,1,29
pres_2025,22,official_minutes,https://record.assembly.go.kr/assembly/viewer/minutes/xml.do?id=52769&type=view,official_minutes_52769:108:3,2025-03-06,2025-03-03,외교통일위원회,제22대국회 제423회 (임시회) 제1차 외교통일위원회(법안심사소위원회) (2025.03.06.),김기웅,6840,foreign_policy,1.0,1,151
pres_2025,22,official_minutes,https://record.assembly.go.kr/assembly/viewer/minutes/xml.do?id=52769&type=view,official_minutes_52769:108:3,2025-03-06,2025-03-03,외교통일위원회,제22대국회 제423회 (임시회) 제1차 외교통일위원회(법안심사소위원회) (2025.03.06.),김기웅,6840,security_nk,0.75,1,151
pres_2025,22,official_minutes,https://record.assembly.go.kr/assembly/viewer/minutes/xml.do?id=52769&type=view,official_minutes_52769:108:7,2025-03-06,2025-03-03,외교통일위원회,제22대국회 제423회 (임시회) 제1차 외교통일위원회(법안심사소위원회) (2025.03.06.),김기웅,6840,security_nk,0.75,1,93
pres_2025,22,official_minutes,https://record.assembly.go.kr/assembly/viewer/minutes/xml.do?id=52769&type=view,official_minutes_52769:108:12,2025-03-06,2025-03-03,외교통일위원회,제22대국회 제423회 (임시회) 제1차 외교통일위원회(법안심사소위원회) (2025.03.06.),김기웅,6840,foreign_policy,1.0,1,214
pres_2025,22,official_minutes,https://record.assembly.go.kr/assembly/viewer/minutes/xml.do?id=52769&type=view,official_minutes_52769:112:2,2025-03-06,2025-03-03,외교통일위원회,제22대국회 제423회 (임시회) 제1차 외교통일위원회(법안심사소위원회) (2025.03.06.),위성락,6776,security_nk,0.35,1,69
pres_2025,22,official_minutes,https://record.assembly.go.kr/assembly/viewer/minutes/xml.do?id=52769&type=view,official_minutes_52769:113:1,2025-03-06,2025-03-03,외교통일위원회,제22대국회 제423회 (임시회) 제1차 외교통일위원회(법안심사소위원회) (2025.03.06.),권칠승,6585,security_nk,0.75,1,56
pres_2025,22,official_minutes,https://record.assembly.go.kr/assembly/viewer/minutes/xml.do?id=52769&type=view,official_minutes_52769:120:1,2025-03-06,2025-03-03,외교통일위원회,제22대국회 제423회 (임시회) 제1차 외교통일위원회(법안심사소위원회) (2025.03.06.),김건,6822,security_nk,0.75,1,68
pres_2025,22,official_minutes,https://record.assembly.go.kr/assembly/viewer/minutes/xml.do?id=52769&type=view,official_minutes_52769:120:3,2025-03-06,2025-03-03,외교통일위원회,제22대국회 제423회 (임시회) 제1차 외교통일위원회(법안심사소위원회) (2025.03.06.),김건,6822,security_nk,0.75,1,33
pres_2025,22,official_minutes,https://record.assembly.go.kr/assembly/viewer/minutes/xml.do?id=52769&type=view,official_minutes_52769:120:4,2025-03-06,2025-03-03,외교통일위원회,제22대국회 제423회 (임시회) 제1차 외교통일위원회(법안심사소위원회) (2025.03.06.),김건,6822,security_nk,0.75,1,61
pres_2025,22,official_minutes,https://record.assembly.go.kr/assembly/viewer/minutes/xml.do?id=52769&type=view,official_minutes_52769:122:2,2025-03-06,2025-03-03,외교통일위원회,제22대국회 제423회 (임시회) 제1차 외교통일위원회(법안심사소위원회) (2025.03.06.),김기웅,6840,security_nk,0.75,1,108
pres_2025,22,official_minutes,https://record.assembly.go.kr/assembly/viewer/minutes/xml.do?id=52769&type=view,official_minutes_52769:122:2,2025-03-06,2025-03-03,외교통일위원회,제22대국회 제423회 (임시회) 제1차 외교통일위원회(법안심사소위원회) (2025.03.06.),김기웅,6840,foreign_policy,0.35,1,108
pres_2025,22,official_minutes,https://record.assembly.go.kr/assembly/viewer/minutes/xml.do?id=52769&type=view,official_minutes_52769:124:1,2025-03-06,2025-03-03,외교통일위원회,제22대국회 제423회 (임시회) 제1차 외교통일위원회(법안심사소위원회) (2025.03.06.),김기웅,6840,security_nk,0.75,1,209
pres_2025,22,official_minutes,https://record.assembly.go.kr/assembly/viewer/minutes/xml.do?id=52769&type=view,official_minutes_52769:124:1,2025-03-06,2025-03-03,외교통일위원회,제22대국회 제423회 (임시회) 제1차 외교통일위원회(법안심사소위원회) (2025.03.06.),김기웅,6840,foreign_policy,0.35,1,209
pres_2025,22,official_minutes,https://record.assembly.go.kr/assembly/viewer/minutes/xml.do?id=52769&type=view,official_minutes_52769:126:2,2025-03-06,2025-03-03,외교통일위원회,제22대국회 제423회 (임시회) 제1차 외교통일위원회(법안심사소위원회) (2025.03.06.),김건,6822,security_nk,0.75,1,117
pres_2025,22,official_minutes,https://record.assembly.go.kr/assembly/viewer/minutes/xml.do?id=52769&type=view,official_minutes_52769:126:2,2025-03-06,2025-03-03,외교통일위원회,제22대국회 제423회 (임시회) 제1차 외교통일위원회(법안심사소위원회) (2025.03.06.),김건,6822,external_shock,1.0,1,117
pres_2025,22,official_minutes,https://record.assembly.go.kr/assembly/viewer/minutes/xml.do?id=52769&type=view,official_minutes_52769:130:3,2025-03-06,2025-03-03,외교통일위원회,제22대국회 제423회 (임시회) 제1차 외교통일위원회(법안심사소위원회) (2025.03.06.),곽현준,0,welfare_pension,1.0,1,154
pres_2025,22,official_minutes,https://record.assembly.go.kr/assembly/viewer/minutes/xml.do?id=52769&type=view,official_minutes_52769:130:8,2025-03-06,2025-03-03,외교통일위원회,제22대국회 제423회 (임시회) 제1차 외교통일위원회(법안심사소위원회) (2025.03.06.),곽현준,0,endorsement_event,0.35,1,105
pres_2025,22,official_minutes,https://record.assembly.go.kr/assembly/viewer/minutes/xml.do?id=52769&type=view,official_minutes_52769:130:11,2025-03-06,2025-03-03,외교통일위원회,제22대국회 제423회 (임시회) 제1차 외교통일위원회(법안심사소위원회) (2025.03.06.),곽현준,0,external_shock,0.35,1,178
pres_2025,22,official_minutes,https://record.assembly.go.kr/assembly/viewer/minutes/xml.do?id=52769&type=view,official_minutes_52769:130:12,2025-03-06,2025-03-03,외교통일위원회,제22대국회 제423회 (임시회) 제1차 외교통일위원회(법안심사소위원회) (2025.03.06.),곽현준,0,external_shock,0.35,1,79
pres_2025,22,official_minutes,https://record.assembly.go.kr/assembly/viewer/minutes/xml.do?id=52769&type=view,official_minutes_52769:132:2,2025-03-06,2025-03-03,외교통일위원회,제22대국회 제423회 (임시회) 제1차 외교통일위원회(법안심사소위원회) (2025.03.06.),김홍균,0,welfare_pension,1.0,1,97
pres_2025,22,official_minutes,https://record.assembly.go.kr/assembly/viewer/minutes/xml.do?id=52769&type=view,official_minutes_52769:132:11,2025-03-06,2025-03-03,외교통일위원회,제22대국회 제423회 (임시회) 제1차 외교통일위원회(법안심사소위원회) (2025.03.06.),김홍균,0,foreign_policy,0.35,1,95
pres_2025,22,official_minutes,https://record.assembly.go.kr/assembly/viewer/minutes/xml.do?id=52769&type=view,official_minutes_52769:132:15,2025-03-06,2025-03-03,외교통일위원회,제22대국회 제423회 (임시회) 제1차 외교통일위원회(법안심사소위원회) (2025.03.06.),김홍균,0,external_shock,0.35,1,131
pres_2025,22,official_minutes,https://record.assembly.go.kr/assembly/viewer/minutes/xml.do?id=52769&type=view,official_minutes_52769:132:16,2025-03-06,2025-03-03,외교통일위원회,제22대국회 제423회 (임시회) 제1차 외교통일위원회(법안심사소위원회) (2025.03.06.),김홍균,0,external_shock,0.35,1,107
pres_2025,22,official_minutes,https://record.assembly.go.kr/assembly/viewer/minutes/xml.do?id=52769&type=view,official_minutes_52769:132:17,2025-03-06,2025-03-03,외교통일위원회,제22대국회 제423회 (임시회) 제1차 외교통일위원회(법안심사소위원회) (2025.03.06.),김홍균,0,external_shock,0.35,1,94
pres_2025,22,official_minutes,https://record.assembly.go.kr/assembly/viewer/minutes/xml.do?id=52769&type=view,official_minutes_52769:132:18,2025-03-06,2025-03-03,외교통일위원회,제22대국회 제423회 (임시회) 제1차 외교통일위원회(법안심사소위원회) (2025.03.06.),김홍균,0,foreign_policy,0.35,1,109
pres_2025,22,official_minutes,https://record.assembly.go.kr/assembly/viewer/minutes/xml.do?id=52769&type=view,official_minutes_52769:134:1,2025-03-06,2025-03-03,외교통일위원회,제22대국회 제423회 (임시회) 제1차 외교통일위원회(법안심사소위원회) (2025.03.06.),권칠승,6585,foreign_policy,0.35,1,40
pres_2025,22,official_minutes,https://record.assembly.go.kr/assembly/viewer/minutes/xml.do?id=52769&type=view,official_minutes_52769:135:1,2025-03-06,2025-03-03,외교통일위원회,제22대국회 제423회 (임시회) 제1차 외교통일위원회(법안심사소위원회) (2025.03.06.),인요한,6773,welfare_pension,0.35,1,108
pres_2025,22,official_minutes,https://record.assembly.go.kr/assembly/viewer/minutes/xml.do?id=52769&type=view,official_minutes_52769:135:3,2025-03-06,2025-03-03,외교통일위원회,제22대국회 제423회 (임시회) 제1차 외교통일위원회(법안심사소위원회) (2025.03.06.),인요한,6773,welfare_pension,0.35,1,54
pres_2025,22,official_minutes,https://record.assembly.go.kr/assembly/viewer/minutes/xml.do?id=52769&type=view,official_minutes_52769:137:3,2025-03-06,2025-03-03,외교통일위원회,제22대국회 제423회 (임시회) 제1차 외교통일위원회(법안심사소위원회) (2025.03.06.),곽현준,0,foreign_policy,1.0,1,106
pres_2025,22,official_minutes,https://record.assembly.go.kr/assembly/viewer/minutes/xml.do?id=52769&type=view,official_minutes_52769:152:6,2025-03-06,2025-03-03,외교통일위원회,제22대국회 제423회 (임시회) 제1차 외교통일위원회(법안심사소위원회) (2025.03.06.),곽현준,0,foreign_policy,0.35,1,63
pres_2025,22,official_minutes,https://record.assembly.go.kr/assembly/viewer/minutes/xml.do?id=52769&type=view,official_minutes_52769:152:9,2025-03-06,2025-03-03,외교통일위원회,제22대국회 제423회 (임시회) 제1차 외교통일위원회(법안심사소위원회) (2025.03.06.),곽현준,0,foreign_policy,0.35,1,104
pres_2025,22,official_minutes,https://record.assembly.go.kr/assembly/viewer/minutes/xml.do?id=52769&type=view,official_minutes_52769:152:12,2025-03-06,2025-03-03,외교통일위원회,제22대국회 제423회 (임시회) 제1차 외교통일위원회(법안심사소위원회) (2025.03.06.),곽현준,0,regional_dev,0.35,1,201
pres_2025,22,official_minutes,https://record.assembly.go.kr/assembly/viewer/minutes/xml.do?id=52769&type=view,official_minutes_52769:154:1,2025-03-06,2025-03-03,외교통일위원회,제22대국회 제423회 (임시회) 제1차 외교통일위원회(법안심사소위원회) (2025.03.06.),김홍균,0,foreign_policy,0.35,1,107
pres_2025,22,official_minutes,https://record.assembly.go.kr/assembly/viewer/minutes/xml.do?id=52769&type=view,official_minutes_52769:154:3,2025-03-06,2025-03-03,외교통일위원회,제22대국회 제423회 (임시회) 제1차 외교통일위원회(법안심사소위원회) (2025.03.06.),김홍균,0,foreign_policy,0.35,1,138
pres_2025,22,official_minutes,https://record.assembly.go.kr/assembly/viewer/minutes/xml.do?id=52769&type=view,official_minutes_52769:154:5,2025-03-06,2025-03-03,외교통일위원회,제22대국회 제423회 (임시회) 제1차 외교통일위원회(법안심사소위원회) (2025.03.06.),김홍균,0,foreign_policy,0.35,1,124
pres_2025,22,official_minutes,https://record.assembly.go.kr/assembly/viewer/minutes/xml.do?id=52769&type=view,official_minutes_52769:154:6,2025-03-06,2025-03-03,외교통일위원회,제22대국회 제423회 (임시회) 제1차 외교통일위원회(법안심사소위원회) (2025.03.06.),김홍균,0,foreign_policy,0.35,1,85
pres_2025,22,official_minutes,https://record.assembly.go.kr/assembly/viewer/minutes/xml.do?id=52769&type=view,official_minutes_52769:154:10,2025-03-06,2025-03-03,외교통일위원회,제22대국회 제423회 (임시회) 제1차 외교통일위원회(법안심사소위원회) (2025.03.06.),김홍균,0,regional_dev,0.35,1,178
pres_2025,22,official_minutes,https://record.assembly.go.kr/assembly/viewer/minutes/xml.do?id=52769&type=view,official_minutes_52769:154:11,2025-03-06,2025-03-03,외교통일위원회,제22대국회 제423회 (임시회) 제1차 외교통일위원회(법안심사소위원회) (2025.03.06.),김홍균,0,foreign_policy,0.35,1,198
pres_2025,22,official_minutes,https://record.assembly.go.kr/assembly/viewer/minutes/xml.do?id=52769&type=view,official_minutes_52769:154:11,2025-03-06,2025-03-03,외교통일위원회,제22대국회 제423회 (임시회) 제1차 외교통일위원회(법안심사소위원회) (2025.03.06.),김홍균,0,external_shock,0.35,1,198
pres_2025,22,official_minutes,https://record.assembly.go.kr/assembly/viewer/minutes/xml.do?id=52769&type=view,official_minutes_52769:154:11,2025-03-06,2025-03-03,외교통일위원회,제22대국회 제423회 (임시회) 제1차 외교통일위원회(법안심사소위원회) (2025.03.06.),김홍균,0,regional_dev,0.35,1,198
pres_2025,22,official_minutes,https://record.assembly.go.kr/assembly/viewer/minutes/xml.do?id=52769&type=view,official_minutes_52769:154:16,2025-03-06,2025-03-03,외교통일위원회,제22대국회 제423회 (임시회) 제1차 외교통일위원회(법안심사소위원회) (2025.03.06.),김홍균,0,external_shock,0.35,1,175
pres_2025,22,official_minutes,https://record.assembly.go.kr/assembly/viewer/minutes/xml.do?id=52769&type=view,official_minutes_52769:154:17,2025-03-06,2025-03-03,외교통일위원회,제22대국회 제423회 (임시회) 제1차 외교통일위원회(법안심사소위원회) (2025.03.06.),김홍균,0,foreign_policy,0.35,1,89
pres_2025,22,official_minutes,https://record.assembly.go.kr/assembly/viewer/minutes/xml.do?id=52769&type=view,official_minutes_52769:174:1,2025-03-06,2025-03-03,외교통일위원회,제22대국회 제423회 (임시회) 제1차 외교통일위원회(법안심사소위원회) (2025.03.06.),곽현준,0,foreign_policy,0.35,1,45
pres_2025,22,official_minutes,https://record.assembly.go.kr/assembly/viewer/minutes/xml.do?id=52769&type=view,official_minutes_52769:186:1,2025-03-06,2025-03-03,외교통일위원회,제22대국회 제423회 (임시회) 제1차 외교통일위원회(법안심사소위원회) (2025.03.06.),김홍균,0,regional_dev,0.35,1,80
pres_2025,22,official_minutes,https://record.assembly.go.kr/assembly/viewer/minutes/xml.do?id=52769&type=view,official_minutes_52769:198:1,2025-03-06,2025-03-03,외교통일위원회,제22대국회 제423회 (임시회) 제1차 외교통일위원회(법안심사소위원회) (2025.03.06.),유병석,0,regional_dev,0.35,1,50
pres_2025,22,official_minutes,https://record.assembly.go.kr/assembly/viewer/minutes/xml.do?id=52769&type=view,official_minutes_52769:208:11,2025-03-06,2025-03-03,외교통일위원회,제22대국회 제423회 (임시회) 제1차 외교통일위원회(법안심사소위원회) (2025.03.06.),인요한,6773,foreign_policy,0.35,1,71
pres_2025,22,official_minutes,https://record.assembly.go.kr/assembly/viewer/minutes/xml.do?id=52769&type=view,official_minutes_52769:213:3,2025-03-06,2025-03-03,외교통일위원회,제22대국회 제423회 (임시회) 제1차 외교통일위원회(법안심사소위원회) (2025.03.06.),곽현준,0,foreign_policy,0.35,1,103
pres_2025,22,official_minutes,https://record.assembly.go.kr/assembly/viewer/minutes/xml.do?id=52769&type=view,official_minutes_52769:216:1,2025-03-06,2025-03-03,외교통일위원회,제22대국회 제423회 (임시회) 제1차 외교통일위원회(법안심사소위원회) (2025.03.06.),이용선,6660,regional_dev,0.35,1,90
pres_2025,22,official_minutes,https://record.assembly.go.kr/assembly/viewer/minutes/xml.do?id=52769&type=view,official_minutes_52769:217:2,2025-03-06,2025-03-03,외교통일위원회,제22대국회 제423회 (임시회) 제1차 외교통일위원회(법안심사소위원회) (2025.03.06.),곽현준,0,regional_dev,0.35,1,62
pres_2025,22,official_minutes,https://record.assembly.go.kr/assembly/viewer/minutes/xml.do?id=52769&type=view,official_minutes_52769:237:1,2025-03-06,2025-03-03,외교통일위원회,제22대국회 제423회 (임시회) 제1차 외교통일위원회(법안심사소위원회) (2025.03.06.),김홍균,0,regional_dev,0.35,1,76
pres_2025,22,official_minutes,https://record.assembly.go.kr/assembly/viewer/minutes/xml.do?id=52769&type=view,official_minutes_52769:250:2,2025-03-06,2025-03-03,외교통일위원회,제22대국회 제423회 (임시회) 제1차 외교통일위원회(법안심사소위원회) (2025.03.06.),유병석,0,economy_growth,0.35,1,39
pres_2025,22,official_minutes,https://record.assembly.go.kr/assembly/viewer/minutes/xml.do?id=52769&type=view,official_minutes_52769:251:1,2025-03-06,2025-03-03,외교통일위원회,제22대국회 제423회 (임시회) 제1차 외교통일위원회(법안심사소위원회) (2025.03.06.),김준형,6754,foreign_policy,0.35,1,161
pres_2025,22,official_minutes,https://record.assembly.go.kr/assembly/viewer/minutes/xml.do?id=52769&type=view,official_minutes_52769:257:4,2025-03-06,2025-03-03,외교통일위원회,제22대국회 제423회 (임시회) 제1차 외교통일위원회(법안심사소위원회) (2025.03.06.),김홍균,0,economy_growth,0.35,1,78
pres_2025,22,official_minutes,https://record.assembly.go.kr/assembly/viewer/minutes/xml.do?id=52769&type=view,official_minutes_52769:257:6,2025-03-06,2025-03-03,외교통일위원회,제22대국회 제423회 (임시회) 제1차 외교통일위원회(법안심사소위원회) (2025.03.06.),김홍균,0,regional_dev,0.35,1,106
pres_2025,22,official_minutes,https://record.assembly.go.kr/assembly/viewer/minutes/xml.do?id=52769&type=view,official_minutes_52769:261:1,2025-03-06,2025-03-03,외교통일위원회,제22대국회 제423회 (임시회) 제1차 외교통일위원회(법안심사소위원회) (2025.03.06.),인요한,6773,family_legal_risk,0.35,1,83
pres_2025,22,official_minutes,https://record.assembly.go.kr/assembly/viewer/minutes/xml.do?id=52769&type=view,official_minutes_52769:266:10,2025-03-06,2025-03-03,외교통일위원회,제22대국회 제423회 (임시회) 제1차 외교통일위원회(법안심사소위원회) (2025.03.06.),김기웅,6840,foreign_policy,0.35,1,128
pres_2025,22,official_minutes,https://record.assembly.go.kr/assembly/viewer/minutes/xml.do?id=52769&type=view,official_minutes_52769:272:1,2025-03-06,2025-03-03,외교통일위원회,제22대국회 제423회 (임시회) 제1차 외교통일위원회(법안심사소위원회) (2025.03.06.),곽현준,0,foreign_policy,1.0,1,56
pres_2025,22,official_minutes,https://record.assembly.go.kr/assembly/viewer/minutes/xml.do?id=52769&type=view,official_minutes_52769:276:2,2025-03-06,2025-03-03,외교통일위원회,제22대국회 제423회 (임시회) 제1차 외교통일위원회(법안심사소위원회) (2025.03.06.),김건,6822,foreign_policy,0.35,1,25
pres_2025,22,official_minutes,https://record.assembly.go.kr/assembly/viewer/minutes/xml.do?id=52769&type=view,official_minutes_52769:284:5,2025-03-06,2025-03-03,외교통일위원회,제22대국회 제423회 (임시회) 제1차 외교통일위원회(법안심사소위원회) (2025.03.06.),김건,6822,foreign_policy,0.35,1,25
pres_2025,22,official_minutes,https://record.assembly.go.kr/assembly/viewer/minutes/xml.do?id=52769&type=view,official_minutes_52769:286:1,2025-03-06,2025-03-03,외교통일위원회,제22대국회 제423회 (임시회) 제1차 외교통일위원회(법안심사소위원회) (2025.03.06.),곽현준,0,foreign_policy,0.35,1,37
pres_2025,22,official_minutes,https://record.assembly.go.kr/assembly/viewer/minutes/xml.do?id=52769&type=view,official_minutes_52769:286:8,2025-03-06,2025-03-03,외교통일위원회,제22대국회 제423회 (임시회) 제1차 외교통일위원회(법안심사소위원회) (2025.03.06.),곽현준,0,external_shock,0.35,1,287
pres_2025,22,official_minutes,https://record.assembly.go.kr/assembly/viewer/minutes/xml.do?id=52769&type=view,official_minutes_52769:286:9,2025-03-06,2025-03-03,외교통일위원회,제22대국회 제423회 (임시회) 제1차 외교통일위원회(법안심사소위원회) (2025.03.06.),곽현준,0,external_shock,0.35,1,82
pres_2025,22,official_minutes,https://record.assembly.go.kr/assembly/viewer/minutes/xml.do?id=52769&type=view,official_minutes_52769:286:9,2025-03-06,2025-03-03,외교통일위원회,제22대국회 제423회 (임시회) 제1차 외교통일위원회(법안심사소위원회) (2025.03.06.),곽현준,0,foreign_policy,0.35,1,82
pres_2025,22,official_minutes,https://record.assembly.go.kr/assembly/viewer/minutes/xml.do?id=52769&type=view,official_minutes_52769:288:1,2025-03-06,2025-03-03,외교통일위원회,제22대국회 제423회 (임시회) 제1차 외교통일위원회(법안심사소위원회) (2025.03.06.),변철환,0,foreign_policy,0.35,1,26
pres_2025,22,official_minutes,https://record.assembly.go.kr/assembly/viewer/minutes/xml.do?id=52769&type=view,official_minutes_52769:288:9,2025-03-06,2025-03-03,외교통일위원회,제22대국회 제423회 (임시회) 제1차 외교통일위원회(법안심사소위원회) (2025.03.06.),변철환,0,external_shock,0.35,1,195
pres_2025,22,official_minutes,https://record.assembly.go.kr/assembly/viewer/minutes/xml.do?id=52769&type=view,official_minutes_52769:288:9,2025-03-06,2025-03-03,외교통일위원회,제22대국회 제423회 (임시회) 제1차 외교통일위원회(법안심사소위원회) (2025.03.06.),변철환,0,foreign_policy,0.35,1,195
pres_2025,22,official_minutes,https://record.assembly.go.kr/assembly/viewer/minutes/xml.do?id=52769&type=view,official_minutes_52769:290:1,2025-03-06,2025-03-03,외교통일위원회,제22대국회 제423회 (임시회) 제1차 외교통일위원회(법안심사소위원회) (2025.03.06.),김준형,6754,foreign_policy,0.35,1,63
pres_2025,22,official_minutes,https://record.assembly.go.kr/assembly/viewer/minutes/xml.do?id=52769&type=view,official_minutes_52769:310:3,2025-03-06,2025-03-03,외교통일위원회,제22대국회 제423회 (임시회) 제1차 외교통일위원회(법안심사소위원회) (2025.03.06.),곽현준,0,external_shock,0.35,1,109
pres_2025,22,official_minutes,https://record.assembly.go.kr/assembly/viewer/minutes/xml.do?id=52769&type=view,official_minutes_52769:347:2,2025-03-06,2025-03-03,외교통일위원회,제22대국회 제423회 (임시회) 제1차 외교통일위원회(법안심사소위원회) (2025.03.06.),권칠승,6585,foreign_policy,0.35,1,86
pres_2025,22,official_minutes,https://record.assembly.go.kr/assembly/viewer/minutes/xml.do?id=52769&type=view,official_minutes_52769:354:1,2025-03-06,2025-03-03,외교통일위원회,제22대국회 제423회 (임시회) 제1차 외교통일위원회(법안심사소위원회) (2025.03.06.),변철환,0,foreign_policy,0.35,1,11
pres_2025,22,official_minutes,https://record.assembly.go.kr/assembly/viewer/minutes/xml.do?id=52769&type=view,official_minutes_52769:416:3,2025-03-06,2025-03-03,외교통일위원회,제22대국회 제423회 (임시회) 제1차 외교통일위원회(법안심사소위원회) (2025.03.06.),김건,6822,foreign_policy,1.0,1,70
pres_2025,22,official_minutes,https://record.assembly.go.kr/assembly/viewer/minutes/xml.do?id=52769&type=view,official_minutes_52769:416:3,2025-03-06,2025-03-03,외교통일위원회,제22대국회 제423회 (임시회) 제1차 외교통일위원회(법안심사소위원회) (2025.03.06.),김건,6822,security_nk,1.0,1,70
pres_2025,22,official_minutes,https://record.assembly.go.kr/assembly/viewer/minutes/xml.do?id=52769&type=view,official_minutes_52769:416:3,2025-03-06,2025-03-03,외교통일위원회,제22대국회 제423회 (임시회) 제1차 외교통일위원회(법안심사소위원회) (2025.03.06.),김건,6822,endorsement_event,0.35,1,70
pres_2025,22,official_minutes,https://record.assembly.go.kr/assembly/viewer/minutes/xml.do?id=52769&type=view,official_minutes_52769:417:1,2025-03-06,2025-03-03,외교통일위원회,제22대국회 제423회 (임시회) 제1차 외교통일위원회(법안심사소위원회) (2025.03.06.),김기웅,6840,foreign_policy,1.0,1,56
pres_2025,22,official_minutes,https://record.assembly.go.kr/assembly/viewer/minutes/xml.do?id=52769&type=view,official_minutes_52769:417:1,2025-03-06,2025-03-03,외교통일위원회,제22대국회 제423회 (임시회) 제1차 외교통일위원회(법안심사소위원회) (2025.03.06.),김기웅,6840,endorsement_event,0.35,1,56
pres_2025,22,official_minutes,https://record.assembly.go.kr/assembly/viewer/minutes/xml.do?id=52769&type=view,official_minutes_52769:418:2,2025-03-06,2025-03-03,외교통일위원회,제22대국회 제423회 (임시회) 제1차 외교통일위원회(법안심사소위원회) (2025.03.06.),김건,6822,foreign_policy,1.0,1,49
pres_2025,22,official_minutes,https://record.assembly.go.kr/assembly/viewer/minutes/xml.do?id=52769&type=view,official_minutes_52769:418:2,2025-03-06,2025-03-03,외교통일위원회,제22대국회 제423회 (임시회) 제1차 외교통일위원회(법안심사소위원회) (2025.03.06.),김건,6822,security_nk,1.0,1,49
pres_2025,22,official_minutes,https://record.assembly.go.kr/assembly/viewer/minutes/xml.do?id=52769&type=view,official_minutes_52769:419:1,2025-03-06,2025-03-03,외교통일위원회,제22대국회 제423회 (임시회) 제1차 외교통일위원회(법안심사소위원회) (2025.03.06.),김기웅,6840,foreign_policy,1.0,1,15
pres_2025,22,official_minutes,https://record.assembly.go.kr/assembly/viewer/minutes/xml.do?id=52769&type=view,official_minutes_52769:419:1,2025-03-06,2025-03-03,외교통일위원회,제22대국회 제423회 (임시회) 제1차 외교통일위원회(법안심사소위원회) (2025.03.06.),김기웅,6840,endorsement_event,0.35,1,15
pres_2025,22,official_minutes,https://record.assembly.go.kr/assembly/viewer/minutes/xml.do?id=52769&type=view,official_minutes_52769:420:1,2025-03-06,2025-03-03,외교통일위원회,제22대국회 제423회 (임시회) 제1차 외교통일위원회(법안심사소위원회) (2025.03.06.),김건,6822,foreign_policy,1.0,1,26
pres_2025,22,official_minutes,https://record.assembly.go.kr/assembly/viewer/minutes/xml.do?id=52769&type=view,official_minutes_52769:420:1,2025-03-06,2025-03-03,외교통일위원회,제22대국회 제423회 (임시회) 제1차 외교통일위원회(법안심사소위원회) (2025.03.06.),김건,6822,endorsement_event,0.35,1,26
pres_2025,22,official_minutes,https://record.assembly.go.kr/assembly/viewer/minutes/xml.do?id=52769&type=view,official_minutes_52769:424:2,2025-03-06,2025-03-03,외교통일위원회,제22대국회 제423회 (임시회) 제1차 외교통일위원회(법안심사소위원회) (2025.03.06.),위성락,6776,security_nk,1.0,1,47
pres_2025,22,official_minutes,https://record.assembly.go.kr/assembly/viewer/minutes/xml.do?id=52769&type=view,official_minutes_52769:426:1,2025-03-06,2025-03-03,외교통일위원회,제22대국회 제423회 (임시회) 제1차 외교통일위원회(법안심사소위원회) (2025.03.06.),위성락,6776,security_nk,1.0,1,57
pres_2025,22,official_minutes,https://record.assembly.go.kr/assembly/viewer/minutes/xml.do?id=52769&type=view,official_minutes_52769:426:1,2025-03-06,2025-03-03,외교통일위원회,제22대국회 제423회 (임시회) 제1차 외교통일위원회(법안심사소위원회) (2025.03.06.),위성락,6776,candidate_competence,0.35,1,57
pres_2025,22,official_minutes,https://record.assembly.go.kr/assembly/viewer/minutes/xml.do?id=52769&type=view,official_minutes_52769:428:1,2025-03-06,2025-03-03,외교통일위원회,제22대국회 제423회 (임시회) 제1차 외교통일위원회(법안심사소위원회) (2025.03.06.),위성락,6776,security_nk,1.0,1,58
pres_2025,22,official_minutes,https://record.assembly.go.kr/assembly/viewer/minutes/xml.do?id=52769&type=view,official_minutes_52769:428:1,2025-03-06,2025-03-03,외교통일위원회,제22대국회 제423회 (임시회) 제1차 외교통일위원회(법안심사소위원회) (2025.03.06.),위성락,6776,candidate_competence,0.35,1,58
pres_2025,22,official_minutes,https://record.assembly.go.kr/assembly/viewer/minutes/xml.do?id=52769&type=view,official_minutes_52769:430:1,2025-03-06,2025-03-03,외교통일위원회,제22대국회 제423회 (임시회) 제1차 외교통일위원회(법안심사소위원회) (2025.03.06.),김기웅,6840,security_nk,1.0,1,48
pres_2025,22,official_minutes,https://record.assembly.go.kr/assembly/viewer/minutes/xml.do?id=52769&type=view,official_minutes_52769:430:1,2025-03-06,2025-03-03,외교통일위원회,제22대국회 제423회 (임시회) 제1차 외교통일위원회(법안심사소위원회) (2025.03.06.),김기웅,6840,candidate_competence,0.35,1,48
pres_2025,22,official_minutes,https://record.assembly.go.kr/assembly/viewer/minutes/xml.do?id=52769&type=view,official_minutes_52769:433:1,2025-03-06,2025-03-03,외교통일위원회,제22대국회 제423회 (임시회) 제1차 외교통일위원회(법안심사소위원회) (2025.03.06.),위성락,6776,security_nk,1.0,1,30
pres_2025,22,official_minutes,https://record.assembly.go.kr/assembly/viewer/minutes/xml.do?id=52769&type=view,official_minutes_52769:433:1,2025-03-06,2025-03-03,외교통일위원회,제22대국회 제423회 (임시회) 제1차 외교통일위원회(법안심사소위원회) (2025.03.06.),위성락,6776,candidate_competence,0.35,1,30
pres_2025,22,official_minutes,https://record.assembly.go.kr/assembly/viewer/minutes/xml.do?id=52769&type=view,official_minutes_52769:439:1,2025-03-06,2025-03-03,외교통일위원회,제22대국회 제423회 (임시회) 제1차 외교통일위원회(법안심사소위원회) (2025.03.06.),김기웅,6840,security_nk,1.0,1,44
pres_2025,22,official_minutes,https://record.assembly.go.kr/assembly/viewer/minutes/xml.do?id=52769&type=view,official_minutes_52769:439:1,2025-03-06,2025-03-03,외교통일위원회,제22대국회 제423회 (임시회) 제1차 외교통일위원회(법안심사소위원회) (2025.03.06.),김기웅,6840,candidate_competence,0.35,1,44
pres_2025,22,official_minutes,https://record.assembly.go.kr/assembly/viewer/minutes/xml.do?id=52769&type=view,official_minutes_52769:442:1,2025-03-06,2025-03-03,외교통일위원회,제22대국회 제423회 (임시회) 제1차 외교통일위원회(법안심사소위원회) (2025.03.06.),김건,6822,security_nk,0.35,1,36
pres_2025,22,official_minutes,https://record.assembly.go.kr/assembly/viewer/minutes/xml.do?id=52769&type=view,official_minutes_52769:447:2,2025-03-06,2025-03-03,외교통일위원회,제22대국회 제423회 (임시회) 제1차 외교통일위원회(법안심사소위원회) (2025.03.06.),김기웅,6840,foreign_policy,1.0,1,97
pres_2025,22,official_minutes,https://record.assembly.go.kr/assembly/viewer/minutes/xml.do?id=52769&type=view,official_minutes_52769:447:2,2025-03-06,2025-03-03,외교통일위원회,제22대국회 제423회 (임시회) 제1차 외교통일위원회(법안심사소위원회) (2025.03.06.),김기웅,6840,regional_dev,0.35,1,97
pres_2025,22,official_minutes,https://record.assembly.go.kr/assembly/viewer/minutes/xml.do?id=52769&type=view,official_minutes_52769:447:2,2025-03-06,2025-03-03,외교통일위원회,제22대국회 제423회 (임시회) 제1차 외교통일위원회(법안심사소위원회) (2025.03.06.),김기웅,6840,security_nk,0.35,1,97
pres_2025,22,official_minutes,https://record.assembly.go.kr/assembly/viewer/minutes/xml.do?id=52769&type=view,official_minutes_52769:451:1,2025-03-06,2025-03-03,외교통일위원회,제22대국회 제423회 (임시회) 제1차 외교통일위원회(법안심사소위원회) (2025.03.06.),김기웅,6840,economy_growth,1.0,1,75
pres_2025,22,official_minutes,https://record.assembly.go.kr/assembly/viewer/minutes/xml.do?id=52769&type=view,official_minutes_52769:451:2,2025-03-06,2025-03-03,외교통일위원회,제22대국회 제423회 (임시회) 제1차 외교통일위원회(법안심사소위원회) (2025.03.06.),김기웅,6840,foreign_policy,1.0,1,73
pres_2025,22,official_minutes,https://record.assembly.go.kr/assembly/viewer/minutes/xml.do?id=52769&type=view,official_minutes_52769:451:2,2025-03-06,2025-03-03,외교통일위원회,제22대국회 제423회 (임시회) 제1차 외교통일위원회(법안심사소위원회) (2025.03.06.),김기웅,6840,external_shock,0.35,1,73
pres_2025,22,official_minutes,https://record.assembly.go.kr/assembly/viewer/minutes/xml.do?id=52769&type=view,official_minutes_52769:453:1,2025-03-06,2025-03-03,외교통일위원회,제22대국회 제423회 (임시회) 제1차 외교통일위원회(법안심사소위원회) (2025.03.06.),김기웅,6840,economy_growth,1.0,1,160
pres_2025,22,official_minutes,https://record.assembly.go.kr/assembly/viewer/minutes/xml.do?id=52769&type=view,official_minutes_52769:453:1,2025-03-06,2025-03-03,외교통일위원회,제22대국회 제423회 (임시회) 제1차 외교통일위원회(법안심사소위원회) (2025.03.06.),김기웅,6840,foreign_policy,1.0,1,160
pres_2025,22,official_minutes,https://record.assembly.go.kr/assembly/viewer/minutes/xml.do?id=52769&type=view,official_minutes_52769:453:1,2025-03-06,2025-03-03,외교통일위원회,제22대국회 제423회 (임시회) 제1차 외교통일위원회(법안심사소위원회) (2025.03.06.),김기웅,6840,external_shock,0.35,1,160
pres_2025,22,official_minutes,https://record.assembly.go.kr/assembly/viewer/minutes/xml.do?id=52769&type=view,official_minutes_52769:454:1,2025-03-06,2025-03-03,외교통일위원회,제22대국회 제423회 (임시회) 제1차 외교통일위원회(법안심사소위원회) (2025.03.06.),위성락,6776,foreign_policy,1.0,1,75
pres_2025,22,official_minutes,https://record.assembly.go.kr/assembly/viewer/minutes/xml.do?id=52769&type=view,official_minutes_52769:454:1,2025-03-06,2025-03-03,외교통일위원회,제22대국회 제423회 (임시회) 제1차 외교통일위원회(법안심사소위원회) (2025.03.06.),위성락,6776,regional_dev,0.35,1,75
pres_2025,22,official_minutes,https://record.assembly.go.kr/assembly/viewer/minutes/xml.do?id=52769&type=view,official_minutes_52769:457:2,2025-03-06,2025-03-03,외교통일위원회,제22대국회 제423회 (임시회) 제1차 외교통일위원회(법안심사소위원회) (2025.03.06.),위성락,6776,security_nk,1.0,1,89
pres_2025,22,official_minutes,https://record.assembly.go.kr/assembly/viewer/minutes/xml.do?id=52769&type=view,official_minutes_52769:457:2,2025-03-06,2025-03-03,외교통일위원회,제22대국회 제423회 (임시회) 제1차 외교통일위원회(법안심사소위원회) (2025.03.06.),위성락,6776,regional_dev,0.35,1,89
pres_2025,22,official_minutes,https://record.assembly.go.kr/assembly/viewer/minutes/xml.do?id=52769&type=view,official_minutes_52769:459:1,2025-03-06,2025-03-03,외교통일위원회,제22대국회 제423회 (임시회) 제1차 외교통일위원회(법안심사소위원회) (2025.03.06.),위성락,6776,foreign_policy,1.0,1,97
pres_2025,22,official_minutes,https://record.assembly.go.kr/assembly/viewer/minutes/xml.do?id=52769&type=view,official_minutes_52769:459:1,2025-03-06,2025-03-03,외교통일위원회,제22대국회 제423회 (임시회) 제1차 외교통일위원회(법안심사소위원회) (2025.03.06.),위성락,6776,economy_growth,1.0,1,97
pres_2025,22,official_minutes,https://record.assembly.go.kr/assembly/viewer/minutes/xml.do?id=52769&type=view,official_minutes_52769:459:1,2025-03-06,2025-03-03,외교통일위원회,제22대국회 제423회 (임시회) 제1차 외교통일위원회(법안심사소위원회) (2025.03.06.),위성락,6776,external_shock,0.35,1,97
pres_2025,22,official_minutes,https://record.assembly.go.kr/assembly/viewer/minutes/xml.do?id=52769&type=view,official_minutes_52769:460:2,2025-03-06,2025-03-03,외교통일위원회,제22대국회 제423회 (임시회) 제1차 외교통일위원회(법안심사소위원회) (2025.03.06.),김기웅,6840,economy_growth,1.0,1,106
pres_2025,22,official_minutes,https://record.assembly.go.kr/assembly/viewer/minutes/xml.do?id=52769&type=view,official_minutes_52769:460:2,2025-03-06,2025-03-03,외교통일위원회,제22대국회 제423회 (임시회) 제1차 외교통일위원회(법안심사소위원회) (2025.03.06.),김기웅,6840,foreign_policy,0.35,1,106
pres_2025,22,official_minutes,https://record.assembly.go.kr/assembly/viewer/minutes/xml.do?id=52769&type=view,official_minutes_52769:464:1,2025-03-06,2025-03-03,외교통일위원회,제22대국회 제423회 (임시회) 제1차 외교통일위원회(법안심사소위원회) (2025.03.06.),이용선,6660,economy_growth,1.0,1,46
pres_2025,22,official_minutes,https://record.assembly.go.kr/assembly/viewer/minutes/xml.do?id=52769&type=view,official_minutes_52769:465:2,2025-03-06,2025-03-03,외교통일위원회,제22대국회 제423회 (임시회) 제1차 외교통일위원회(법안심사소위원회) (2025.03.06.),김기웅,6840,economy_growth,1.0,1,68
pres_2025,22,official_minutes,https://record.assembly.go.kr/assembly/viewer/minutes/xml.do?id=52769&type=view,official_minutes_52769:465:4,2025-03-06,2025-03-03,외교통일위원회,제22대국회 제423회 (임시회) 제1차 외교통일위원회(법안심사소위원회) (2025.03.06.),김기웅,6840,foreign_policy,0.35,1,46
pres_2025,22,official_minutes,https://record.assembly.go.kr/assembly/viewer/minutes/xml.do?id=52769&type=view,official_minutes_52769:471:1,2025-03-06,2025-03-03,외교통일위원회,제22대국회 제423회 (임시회) 제1차 외교통일위원회(법안심사소위원회) (2025.03.06.),김기웅,6840,foreign_policy,1.0,1,89
pres_2025,22,official_minutes,https://record.assembly.go.kr/assembly/viewer/minutes/xml.do?id=52769&type=view,official_minutes_52769:471:1,2025-03-06,2025-03-03,외교통일위원회,제22대국회 제423회 (임시회) 제1차 외교통일위원회(법안심사소위원회) (2025.03.06.),김기웅,6840,economy_growth,1.0,1,89
pres_2025,22,official_minutes,https://record.assembly.go.kr/assembly/viewer/minutes/xml.do?id=52769&type=view,official_minutes_52769:471:3,2025-03-06,2025-03-03,외교통일위원회,제22대국회 제423회 (임시회) 제1차 외교통일위원회(법안심사소위원회) (2025.03.06.),김기웅,6840,security_nk,0.75,1,116
pres_2025,22,official_minutes,https://record.assembly.go.kr/assembly/viewer/minutes/xml.do?id=52769&type=view,official_minutes_52769:471:3,2025-03-06,2025-03-03,외교통일위원회,제22대국회 제423회 (임시회) 제1차 외교통일위원회(법안심사소위원회) (2025.03.06.),김기웅,6840,foreign_policy,0.35,1,116
pres_2025,22,official_minutes,https://record.assembly.go.kr/assembly/viewer/minutes/xml.do?id=52769&type=view,official_minutes_52769:471:4,2025-03-06,2025-03-03,외교통일위원회,제22대국회 제423회 (임시회) 제1차 외교통일위원회(법안심사소위원회) (2025.03.06.),김기웅,6840,economy_growth,1.0,1,176
pres_2025,22,official_minutes,https://record.assembly.go.kr/assembly/viewer/minutes/xml.do?id=52769&type=view,official_minutes_52769:471:4,2025-03-06,2025-03-03,외교통일위원회,제22대국회 제423회 (임시회) 제1차 외교통일위원회(법안심사소위원회) (2025.03.06.),김기웅,6840,security_nk,0.75,1,176
pres_2025,22,official_minutes,https://record.assembly.go.kr/assembly/viewer/minutes/xml.do?id=52769&type=view,official_minutes_52769:471:4,2025-03-06,2025-03-03,외교통일위원회,제22대국회 제423회 (임시회) 제1차 외교통일위원회(법안심사소위원회) (2025.03.06.),김기웅,6840,foreign_policy,0.35,1,176
pres_2025,22,official_minutes,https://record.assembly.go.kr/assembly/viewer/minutes/xml.do?id=52769&type=view,official_minutes_52769:474:1,2025-03-06,2025-03-03,외교통일위원회,제22대국회 제423회 (임시회) 제1차 외교통일위원회(법안심사소위원회) (2025.03.06.),곽현준,0,foreign_policy,1.0,1,127
pres_2025,22,official_minutes,https://record.assembly.go.kr/assembly/viewer/minutes/xml.do?id=52769&type=view,official_minutes_52769:474:1,2025-03-06,2025-03-03,외교통일위원회,제22대국회 제423회 (임시회) 제1차 외교통일위원회(법안심사소위원회) (2025.03.06.),곽현준,0,economy_growth,1.0,1,127
pres_2025,22,official_minutes,https://record.assembly.go.kr/assembly/viewer/minutes/xml.do?id=52769&type=view,official_minutes_52769:474:2,2025-03-06,2025-03-03,외교통일위원회,제22대국회 제423회 (임시회) 제1차 외교통일위원회(법안심사소위원회) (2025.03.06.),곽현준,0,security_nk,0.75,1,90
pres_2025,22,official_minutes,https://record.assembly.go.kr/assembly/viewer/minutes/xml.do?id=52769&type=view,official_minutes_52769:474:2,2025-03-06,2025-03-03,외교통일위원회,제22대국회 제423회 (임시회) 제1차 외교통일위원회(법안심사소위원회) (2025.03.06.),곽현준,0,foreign_policy,0.35,1,90
pres_2025,22,official_minutes,https://record.assembly.go.kr/assembly/viewer/minutes/xml.do?id=52769&type=view,official_minutes_52769:478:2,2025-03-06,2025-03-03,외교통일위원회,제22대국회 제423회 (임시회) 제1차 외교통일위원회(법안심사소위원회) (2025.03.06.),김기웅,6840,security_nk,1.0,1,162
pres_2025,22,official_minutes,https://record.assembly.go.kr/assembly/viewer/minutes/xml.do?id=52769&type=view,official_minutes_52769:480:1,2025-03-06,2025-03-03,외교통일위원회,제22대국회 제423회 (임시회) 제1차 외교통일위원회(법안심사소위원회) (2025.03.06.),김기웅,6840,security_nk,1.0,1,148
pres_2025,22,official_minutes,https://record.assembly.go.kr/assembly/viewer/minutes/xml.do?id=52769&type=view,official_minutes_52769:483:1,2025-03-06,2025-03-03,외교통일위원회,제22대국회 제423회 (임시회) 제1차 외교통일위원회(법안심사소위원회) (2025.03.06.),김건,6822,security_nk,0.75,1,21
pres_2025,22,official_minutes,https://record.assembly.go.kr/assembly/viewer/minutes/xml.do?id=52769&type=view,official_minutes_52769:487:1,2025-03-06,2025-03-03,외교통일위원회,제22대국회 제423회 (임시회) 제1차 외교통일위원회(법안심사소위원회) (2025.03.06.),이용선,6660,security_nk,1.0,1,47
pres_2025,22,official_minutes,https://record.assembly.go.kr/assembly/viewer/minutes/xml.do?id=52769&type=view,official_minutes_52769:494:1,2025-03-06,2025-03-03,외교통일위원회,제22대국회 제423회 (임시회) 제1차 외교통일위원회(법안심사소위원회) (2025.03.06.),곽현준,0,security_nk,1.0,1,63
pres_2025,22,official_minutes,https://record.assembly.go.kr/assembly/viewer/minutes/xml.do?id=52769&type=view,official_minutes_52769:496:1,2025-03-06,2025-03-03,외교통일위원회,제22대국회 제423회 (임시회) 제1차 외교통일위원회(법안심사소위원회) (2025.03.06.),곽현준,0,security_nk,1.0,1,88
pres_2025,22,official_minutes,https://record.assembly.go.kr/assembly/viewer/minutes/xml.do?id=52769&type=view,official_minutes_52769:497:3,2025-03-06,2025-03-03,외교통일위원회,제22대국회 제423회 (임시회) 제1차 외교통일위원회(법안심사소위원회) (2025.03.06.),김기웅,6840,security_nk,0.35,1,13
pres_2025,22,official_minutes,https://record.assembly.go.kr/assembly/viewer/minutes/xml.do?id=52769&type=view,official_minutes_52769:497:4,2025-03-06,2025-03-03,외교통일위원회,제22대국회 제423회 (임시회) 제1차 외교통일위원회(법안심사소위원회) (2025.03.06.),김기웅,6840,security_nk,1.0,1,86
pres_2025,22,official_minutes,https://record.assembly.go.kr/assembly/viewer/minutes/xml.do?id=52769&type=view,official_minutes_52769:500:1,2025-03-06,2025-03-03,외교통일위원회,제22대국회 제423회 (임시회) 제1차 외교통일위원회(법안심사소위원회) (2025.03.06.),이용선,6660,security_nk,0.35,1,16
pres_2025,22,official_minutes,https://record.assembly.go.kr/assembly/viewer/minutes/xml.do?id=52769&type=view,official_minutes_52769:501:1,2025-03-06,2025-03-03,외교통일위원회,제22대국회 제423회 (임시회) 제1차 외교통일위원회(법안심사소위원회) (2025.03.06.),김기웅,6840,security_nk,0.35,1,22
pres_2025,22,official_minutes,https://record.assembly.go.kr/assembly/viewer/minutes/xml.do?id=52769&type=view,official_minutes_52769:530:1,2025-03-06,2025-03-03,외교통일위원회,제22대국회 제423회 (임시회) 제1차 외교통일위원회(법안심사소위원회) (2025.03.06.),김기웅,6840,security_nk,0.35,1,49
pres_2025,22,official_minutes,https://record.assembly.go.kr/assembly/viewer/minutes/xml.do?id=52769&type=view,official_minutes_52769:552:1,2025-03-06,2025-03-03,외교통일위원회,제22대국회 제423회 (임시회) 제1차 외교통일위원회(법안심사소위원회) (2025.03.06.),위성락,6776,security_nk,0.75,1,50
pres_2025,22,official_minutes,https://record.assembly.go.kr/assembly/viewer/minutes/xml.do?id=52769&type=view,official_minutes_52769:554:1,2025-03-06,2025-03-03,외교통일위원회,제22대국회 제423회 (임시회) 제1차 외교통일위원회(법안심사소위원회) (2025.03.06.),위성락,6776,security_nk,0.75,1,50
pres_2025,22,official_minutes,https://record.assembly.go.kr/assembly/viewer/minutes/xml.do?id=52769&type=view,official_minutes_52769:554:3,2025-03-06,2025-03-03,외교통일위원회,제22대국회 제423회 (임시회) 제1차 외교통일위원회(법안심사소위원회) (2025.03.06.),위성락,6776,security_nk,0.75,1,55
pres_2025,22,official_minutes,https://record.assembly.go.kr/assembly/viewer/minutes/xml.do?id=52769&type=view,official_minutes_52769:555:1,2025-03-06,2025-03-03,외교통일위원회,제22대국회 제423회 (임시회) 제1차 외교통일위원회(법안심사소위원회) (2025.03.06.),이용선,6660,security_nk,0.75,1,14
pres_2025,22,official_minutes,https://record.assembly.go.kr/assembly/viewer/minutes/xml.do?id=52769&type=view,official_minutes_52769:556:1,2025-03-06,2025-03-03,외교통일위원회,제22대국회 제423회 (임시회) 제1차 외교통일위원회(법안심사소위원회) (2025.03.06.),김건,6822,security_nk,0.75,1,11
pres_2025,22,official_minutes,https://record.assembly.go.kr/assembly/viewer/minutes/xml.do?id=52769&type=view,official_minutes_52769:562:1,2025-03-06,2025-03-03,외교통일위원회,제22대국회 제423회 (임시회) 제1차 외교통일위원회(법안심사소위원회) (2025.03.06.),김건,6822,security_nk,0.75,1,54
pres_2025,22,official_minutes,https://record.assembly.go.kr/assembly/viewer/minutes/xml.do?id=52769&type=view,official_minutes_52769:572:2,2025-03-06,2025-03-03,외교통일위원회,제22대국회 제423회 (임시회) 제1차 외교통일위원회(법안심사소위원회) (2025.03.06.),권칠승,6585,foreign_policy,1.0,1,27
pres_2025,22,official_minutes,https://record.assembly.go.kr/assembly/viewer/minutes/xml.do?id=52769&type=view,official_minutes_52769:575:1,2025-03-06,2025-03-03,외교통일위원회,제22대국회 제423회 (임시회) 제1차 외교통일위원회(법안심사소위원회) (2025.03.06.),김건,6822,foreign_policy,1.0,1,49
pres_2025,22,official_minutes,https://record.assembly.go.kr/assembly/viewer/minutes/xml.do?id=52769&type=view,official_minutes_52769:582:1,2025-03-06,2025-03-03,외교통일위원회,제22대국회 제423회 (임시회) 제1차 외교통일위원회(법안심사소위원회) (2025.03.06.),김기웅,6840,endorsement_event,0.35,1,43
pres_2025,22,official_minutes,https://record.assembly.go.kr/assembly/viewer/minutes/xml.do?id=52769&type=view,official_minutes_52769:585:2,2025-03-06,2025-03-03,외교통일위원회,제22대국회 제423회 (임시회) 제1차 외교통일위원회(법안심사소위원회) (2025.03.06.),위성락,6776,foreign_policy,1.0,1,106
pres_2025,22,official_minutes,https://record.assembly.go.kr/assembly/viewer/minutes/xml.do?id=52769&type=view,official_minutes_52769:586:1,2025-03-06,2025-03-03,외교통일위원회,제22대국회 제423회 (임시회) 제1차 외교통일위원회(법안심사소위원회) (2025.03.06.),김기웅,6840,foreign_policy,1.0,1,30
pres_2025,22,official_minutes,https://record.assembly.go.kr/assembly/viewer/minutes/xml.do?id=52769&type=view,official_minutes_52769:589:1,2025-03-06,2025-03-03,외교통일위원회,제22대국회 제423회 (임시회) 제1차 외교통일위원회(법안심사소위원회) (2025.03.06.),위성락,6776,foreign_policy,1.0,1,58
pres_2025,22,official_minutes,https://record.assembly.go.kr/assembly/viewer/minutes/xml.do?id=52769&type=view,official_minutes_52769:597:2,2025-03-06,2025-03-03,외교통일위원회,제22대국회 제423회 (임시회) 제1차 외교통일위원회(법안심사소위원회) (2025.03.06.),김기웅,6840,foreign_policy,0.35,1,139
pres_2025,22,official_minutes,https://record.assembly.go.kr/assembly/viewer/minutes/xml.do?id=52769&type=view,official_minutes_52769:602:1,2025-03-06,2025-03-03,외교통일위원회,제22대국회 제423회 (임시회) 제1차 외교통일위원회(법안심사소위원회) (2025.03.06.),김기웅,6840,foreign_policy,0.35,1,47
pres_2025,22,official_minutes,https://record.assembly.go.kr/assembly/viewer/minutes/xml.do?id=52769&type=view,official_minutes_52769:602:3,2025-03-06,2025-03-03,외교통일위원회,제22대국회 제423회 (임시회) 제1차 외교통일위원회(법안심사소위원회) (2025.03.06.),김기웅,6840,foreign_policy,0.75,1,87
pres_2025,22,official_minutes,https://record.assembly.go.kr/assembly/viewer/minutes/xml.do?id=52769&type=view,official_minutes_52769:606:3,2025-03-06,2025-03-03,외교통일위원회,제22대국회 제423회 (임시회) 제1차 외교통일위원회(법안심사소위원회) (2025.03.06.),김건,6822,foreign_policy,1.0,1,129
pres_2025,22,official_minutes,https://record.assembly.go.kr/assembly/viewer/minutes/xml.do?id=52769&type=view,official_minutes_52769:606:3,2025-03-06,2025-03-03,외교통일위원회,제22대국회 제423회 (임시회) 제1차 외교통일위원회(법안심사소위원회) (2025.03.06.),김건,6822,security_nk,1.0,1,129
pres_2025,22,official_minutes,https://record.assembly.go.kr/assembly/viewer/minutes/xml.do?id=52769&type=view,official_minutes_52769:606:3,2025-03-06,2025-03-03,외교통일위원회,제22대국회 제423회 (임시회) 제1차 외교통일위원회(법안심사소위원회) (2025.03.06.),김건,6822,endorsement_event,0.35,1,129
pres_2025,22,official_minutes,https://record.assembly.go.kr/assembly/viewer/minutes/xml.do?id=52769&type=view,official_minutes_52769:620:1,2025-03-06,2025-03-03,외교통일위원회,제22대국회 제423회 (임시회) 제1차 외교통일위원회(법안심사소위원회) (2025.03.06.),김건,6822,foreign_policy,1.0,1,61
pres_2025,22,official_minutes,https://record.assembly.go.kr/assembly/viewer/minutes/xml.do?id=52769&type=view,official_minutes_52769:629:2,2025-03-06,2025-03-03,외교통일위원회,제22대국회 제423회 (임시회) 제1차 외교통일위원회(법안심사소위원회) (2025.03.06.),위성락,6776,economy_growth,0.35,1,80
pres_2025,22,official_minutes,https://record.assembly.go.kr/assembly/viewer/minutes/xml.do?id=52769&type=view,official_minutes_52769:631:1,2025-03-06,2025-03-03,외교통일위원회,제22대국회 제423회 (임시회) 제1차 외교통일위원회(법안심사소위원회) (2025.03.06.),위성락,6776,security_nk,0.35,1,100
pres_2025,22,official_minutes,https://record.assembly.go.kr/assembly/viewer/minutes/xml.do?id=52769&type=view,official_minutes_52769:633:1,2025-03-06,2025-03-03,외교통일위원회,제22대국회 제423회 (임시회) 제1차 외교통일위원회(법안심사소위원회) (2025.03.06.),김기웅,6840,endorsement_event,0.35,1,95
pres_2025,22,official_minutes,https://record.assembly.go.kr/assembly/viewer/minutes/xml.do?id=52769&type=view,official_minutes_52769:638:1,2025-03-06,2025-03-03,외교통일위원회,제22대국회 제423회 (임시회) 제1차 외교통일위원회(법안심사소위원회) (2025.03.06.),김건,6822,family_legal_risk,0.35,1,17
pres_2025,22,official_minutes,https://record.assembly.go.kr/assembly/viewer/minutes/xml.do?id=52769&type=view,official_minutes_52769:639:1,2025-03-06,2025-03-03,외교통일위원회,제22대국회 제423회 (임시회) 제1차 외교통일위원회(법안심사소위원회) (2025.03.06.),곽현준,0,foreign_policy,0.35,1,143
pres_2025,22,official_minutes,https://record.assembly.go.kr/assembly/viewer/minutes/xml.do?id=52769&type=view,official_minutes_52769:639:1,2025-03-06,2025-03-03,외교통일위원회,제22대국회 제423회 (임시회) 제1차 외교통일위원회(법안심사소위원회) (2025.03.06.),곽현준,0,economy_growth,0.35,1,143
pres_2025,22,official_minutes,https://record.assembly.go.kr/assembly/viewer/minutes/xml.do?id=52769&type=view,official_minutes_52769:640:1,2025-03-06,2025-03-03,외교통일위원회,제22대국회 제423회 (임시회) 제1차 외교통일위원회(법안심사소위원회) (2025.03.06.),김건,6822,foreign_policy,1.0,1,17
pres_2025,22,official_minutes,https://record.assembly.go.kr/assembly/viewer/minutes/xml.do?id=52769&type=view,official_minutes_52769:640:2,2025-03-06,2025-03-03,외교통일위원회,제22대국회 제423회 (임시회) 제1차 외교통일위원회(법안심사소위원회) (2025.03.06.),김건,6822,economy_growth,0.35,1,16
pres_2025,22,official_minutes,https://record.assembly.go.kr/assembly/viewer/minutes/xml.do?id=52769&type=view,official_minutes_52769:641:1,2025-03-06,2025-03-03,외교통일위원회,제22대국회 제423회 (임시회) 제1차 외교통일위원회(법안심사소위원회) (2025.03.06.),곽현준,0,foreign_policy,1.0,1,21
pres_2025,22,official_minutes,https://record.assembly.go.kr/assembly/viewer/minutes/xml.do?id=52769&type=view,official_minutes_52769:641:2,2025-03-06,2025-03-03,외교통일위원회,제22대국회 제423회 (임시회) 제1차 외교통일위원회(법안심사소위원회) (2025.03.06.),곽현준,0,foreign_policy,1.0,1,56
pres_2025,22,official_minutes,https://record.assembly.go.kr/assembly/viewer/minutes/xml.do?id=52769&type=view,official_minutes_52769:644:1,2025-03-06,2025-03-03,외교통일위원회,제22대국회 제423회 (임시회) 제1차 외교통일위원회(법안심사소위원회) (2025.03.06.),김기웅,6840,endorsement_event,0.35,1,18
pres_2025,22,official_minutes,https://record.assembly.go.kr/assembly/viewer/minutes/xml.do?id=52769&type=view,official_minutes_52769:645:1,2025-03-06,2025-03-03,외교통일위원회,제22대국회 제423회 (임시회) 제1차 외교통일위원회(법안심사소위원회) (2025.03.06.),곽현준,0,endorsement_event,1.0,1,33
pres_2025,22,official_minutes,https://record.assembly.go.kr/assembly/viewer/minutes/xml.do?id=52769&type=view,official_minutes_52769:648:2,2025-03-06,2025-03-03,외교통일위원회,제22대국회 제423회 (임시회) 제1차 외교통일위원회(법안심사소위원회) (2025.03.06.),김기웅,6840,endorsement_event,0.35,1,35
pres_2025,22,official_minutes,https://record.assembly.go.kr/assembly/viewer/minutes/xml.do?id=52769&type=view,official_minutes_52769:651:1,2025-03-06,2025-03-03,외교통일위원회,제22대국회 제423회 (임시회) 제1차 외교통일위원회(법안심사소위원회) (2025.03.06.),위성락,6776,economy_growth,0.35,1,61
pres_2025,22,official_minutes,https://record.assembly.go.kr/assembly/viewer/minutes/xml.do?id=52769&type=view,official_minutes_52769:654:7,2025-03-06,2025-03-03,외교통일위원회,제22대국회 제423회 (임시회) 제1차 외교통일위원회(법안심사소위원회) (2025.03.06.),김건,6822,foreign_policy,0.35,1,29
pres_2025,22,official_minutes,https://record.assembly.go.kr/assembly/viewer/minutes/xml.do?id=52769&type=view,official_minutes_52769:656:5,2025-03-06,2025-03-03,외교통일위원회,제22대국회 제423회 (임시회) 제1차 외교통일위원회(법안심사소위원회) (2025.03.06.),김사우,0,regional_dev,0.35,1,94
pres_2025,22,official_minutes,https://record.assembly.go.kr/assembly/viewer/minutes/xml.do?id=52769&type=view,official_minutes_52769:656:7,2025-03-06,2025-03-03,외교통일위원회,제22대국회 제423회 (임시회) 제1차 외교통일위원회(법안심사소위원회) (2025.03.06.),김사우,0,regional_dev,0.35,1,217
pres_2025,22,official_minutes,https://record.assembly.go.kr/assembly/viewer/minutes/xml.do?id=52769&type=view,official_minutes_52769:656:9,2025-03-06,2025-03-03,외교통일위원회,제22대국회 제423회 (임시회) 제1차 외교통일위원회(법안심사소위원회) (2025.03.06.),김사우,0,family_legal_risk,0.35,1,130
pres_2025,22,official_minutes,https://record.assembly.go.kr/assembly/viewer/minutes/xml.do?id=52769&type=view,official_minutes_52769:659:1,2025-03-06,2025-03-03,외교통일위원회,제22대국회 제423회 (임시회) 제1차 외교통일위원회(법안심사소위원회) (2025.03.06.),이용선,6660,family_legal_risk,0.35,1,128
pres_2025,22,official_minutes,https://record.assembly.go.kr/assembly/viewer/minutes/xml.do?id=52769&type=view,official_minutes_52769:673:1,2025-03-06,2025-03-03,외교통일위원회,제22대국회 제423회 (임시회) 제1차 외교통일위원회(법안심사소위원회) (2025.03.06.),권칠승,6585,regional_dev,0.35,1,44
pres_2025,22,official_minutes,https://record.assembly.go.kr/assembly/viewer/minutes/xml.do?id=52769&type=view,official_minutes_52769:679:1,2025-03-06,2025-03-03,외교통일위원회,제22대국회 제423회 (임시회) 제1차 외교통일위원회(법안심사소위원회) (2025.03.06.),권칠승,6585,regional_dev,0.35,1,68
pres_2025,22,official_minutes,https://record.assembly.go.kr/assembly/viewer/minutes/xml.do?id=52769&type=view,official_minutes_52769:681:3,2025-03-06,2025-03-03,외교통일위원회,제22대국회 제423회 (임시회) 제1차 외교통일위원회(법안심사소위원회) (2025.03.06.),권칠승,6585,regional_dev,0.35,1,124
pres_2025,22,official_minutes,https://record.assembly.go.kr/assembly/viewer/minutes/xml.do?id=52769&type=view,official_minutes_52769:684:1,2025-03-06,2025-03-03,외교통일위원회,제22대국회 제423회 (임시회) 제1차 외교통일위원회(법안심사소위원회) (2025.03.06.),김수경,0,regional_dev,0.35,1,97
pres_2025,22,official_minutes,https://record.assembly.go.kr/assembly/viewer/minutes/xml.do?id=52769&type=view,official_minutes_52769:684:1,2025-03-06,2025-03-03,외교통일위원회,제22대국회 제423회 (임시회) 제1차 외교통일위원회(법안심사소위원회) (2025.03.06.),김수경,0,foreign_policy,0.35,1,97
pres_2025,22,official_minutes,https://record.assembly.go.kr/assembly/viewer/minutes/xml.do?id=52769&type=view,official_minutes_52769:687:2,2025-03-06,2025-03-03,외교통일위원회,제22대국회 제423회 (임시회) 제1차 외교통일위원회(법안심사소위원회) (2025.03.06.),권칠승,6585,regional_dev,0.35,1,35
pres_2025,22,official_minutes,https://record.assembly.go.kr/assembly/viewer/minutes/xml.do?id=52769&type=view,official_minutes_52769:687:3,2025-03-06,2025-03-03,외교통일위원회,제22대국회 제423회 (임시회) 제1차 외교통일위원회(법안심사소위원회) (2025.03.06.),권칠승,6585,regional_dev,0.35,1,27
pres_2025,22,official_minutes,https://record.assembly.go.kr/assembly/viewer/minutes/xml.do?id=52769&type=view,official_minutes_52769:687:6,2025-03-06,2025-03-03,외교통일위원회,제22대국회 제423회 (임시회) 제1차 외교통일위원회(법안심사소위원회) (2025.03.06.),권칠승,6585,regional_dev,0.35,1,42
pres_2025,22,official_minutes,https://record.assembly.go.kr/assembly/viewer/minutes/xml.do?id=52769&type=view,official_minutes_52769:687:7,2025-03-06,2025-03-03,외교통일위원회,제22대국회 제423회 (임시회) 제1차 외교통일위원회(법안심사소위원회) (2025.03.06.),권칠승,6585,regional_dev,0.35,1,34
pres_2025,22,official_minutes,https://record.assembly.go.kr/assembly/viewer/minutes/xml.do?id=52769&type=view,official_minutes_52769:687:8,2025-03-06,2025-03-03,외교통일위원회,제22대국회 제423회 (임시회) 제1차 외교통일위원회(법안심사소위원회) (2025.03.06.),권칠승,6585,regional_dev,0.35,1,25
pres_2025,22,official_minutes,https://record.assembly.go.kr/assembly/viewer/minutes/xml.do?id=52769&type=view,official_minutes_52769:688:1,2025-03-06,2025-03-03,외교통일위원회,제22대국회 제423회 (임시회) 제1차 외교통일위원회(법안심사소위원회) (2025.03.06.),김사우,0,regional_dev,0.35,1,41
pres_2025,22,official_minutes,https://record.assembly.go.kr/assembly/viewer/minutes/xml.do?id=52769&type=view,official_minutes_52769:690:3,2025-03-06,2025-03-03,외교통일위원회,제22대국회 제423회 (임시회) 제1차 외교통일위원회(법안심사소위원회) (2025.03.06.),권칠승,6585,regional_dev,0.35,1,30
pres_2025,22,official_minutes,https://record.assembly.go.kr/assembly/viewer/minutes/xml.do?id=52769&type=view,official_minutes_52769:690:4,2025-03-06,2025-03-03,외교통일위원회,제22대국회 제423회 (임시회) 제1차 외교통일위원회(법안심사소위원회) (2025.03.06.),권칠승,6585,regional_dev,0.35,1,28
pres_2025,22,official_minutes,https://record.assembly.go.kr/assembly/viewer/minutes/xml.do?id=52769&type=view,official_minutes_52769:691:1,2025-03-06,2025-03-03,외교통일위원회,제22대국회 제423회 (임시회) 제1차 외교통일위원회(법안심사소위원회) (2025.03.06.),김수경,0,regional_dev,0.35,1,65
pres_2025,22,official_minutes,https://record.assembly.go.kr/assembly/viewer/minutes/xml.do?id=52769&type=view,official_minutes_52769:692:2,2025-03-06,2025-03-03,외교통일위원회,제22대국회 제423회 (임시회) 제1차 외교통일위원회(법안심사소위원회) (2025.03.06.),권칠승,6585,regional_dev,0.35,1,29
pres_2025,22,official_minutes,https://record.assembly.go.kr/assembly/viewer/minutes/xml.do?id=52769&type=view,official_minutes_52769:695:1,2025-03-06,2025-03-03,외교통일위원회,제22대국회 제423회 (임시회) 제1차 외교통일위원회(법안심사소위원회) (2025.03.06.),김수경,0,regional_dev,0.35,1,33
pres_2025,22,official_minutes,https://record.assembly.go.kr/assembly/viewer/minutes/xml.do?id=52769&type=view,official_minutes_52769:701:2,2025-03-06,2025-03-03,외교통일위원회,제22대국회 제423회 (임시회) 제1차 외교통일위원회(법안심사소위원회) (2025.03.06.),김건,6822,regional_dev,0.35,1,34
pres_2025,22,official_minutes,https://record.assembly.go.kr/assembly/viewer/minutes/xml.do?id=52769&type=view,official_minutes_52769:702:5,2025-03-06,2025-03-03,외교통일위원회,제22대국회 제423회 (임시회) 제1차 외교통일위원회(법안심사소위원회) (2025.03.06.),김기웅,6840,regional_dev,0.35,1,182
pres_2025,22,official_minutes,https://record.assembly.go.kr/assembly/viewer/minutes/xml.do?id=52769&type=view,official_minutes_52769:726:4,2025-03-06,2025-03-03,외교통일위원회,제22대국회 제423회 (임시회) 제1차 외교통일위원회(법안심사소위원회) (2025.03.06.),김사우,0,regional_dev,0.35,1,141
pres_2025,22,official_minutes,https://record.assembly.go.kr/assembly/viewer/minutes/xml.do?id=52769&type=view,official_minutes_52769:726:5,2025-03-06,2025-03-03,외교통일위원회,제22대국회 제423회 (임시회) 제1차 외교통일위원회(법안심사소위원회) (2025.03.06.),김사우,0,regional_dev,0.35,1,161
pres_2025,22,official_minutes,https://record.assembly.go.kr/assembly/viewer/minutes/xml.do?id=52769&type=view,official_minutes_52769:726:9,2025-03-06,2025-03-03,외교통일위원회,제22대국회 제423회 (임시회) 제1차 외교통일위원회(법안심사소위원회) (2025.03.06.),김사우,0,education,0.35,1,256
pres_2025,22,official_minutes,https://record.assembly.go.kr/assembly/viewer/minutes/xml.do?id=52769&type=view,official_minutes_52769:726:9,2025-03-06,2025-03-03,외교통일위원회,제22대국회 제423회 (임시회) 제1차 외교통일위원회(법안심사소위원회) (2025.03.06.),김사우,0,welfare_pension,0.35,1,256
pres_2025,22,official_minutes,https://record.assembly.go.kr/assembly/viewer/minutes/xml.do?id=52769&type=view,official_minutes_52769:726:10,2025-03-06,2025-03-03,외교통일위원회,제22대국회 제423회 (임시회) 제1차 외교통일위원회(법안심사소위원회) (2025.03.06.),김사우,0,welfare_pension,0.35,1,215
pres_2025,22,official_minutes,https://record.assembly.go.kr/assembly/viewer/minutes/xml.do?id=52769&type=view,official_minutes_52769:726:12,2025-03-06,2025-03-03,외교통일위원회,제22대국회 제423회 (임시회) 제1차 외교통일위원회(법안심사소위원회) (2025.03.06.),김사우,0,welfare_pension,1.0,1,120
pres_2025,22,official_minutes,https://record.assembly.go.kr/assembly/viewer/minutes/xml.do?id=52769&type=view,official_minutes_52769:726:12,2025-03-06,2025-03-03,외교통일위원회,제22대국회 제423회 (임시회) 제1차 외교통일위원회(법안심사소위원회) (2025.03.06.),김사우,0,candidate_competence,0.35,1,120
pres_2025,22,official_minutes,https://record.assembly.go.kr/assembly/viewer/minutes/xml.do?id=52769&type=view,official_minutes_52769:726:14,2025-03-06,2025-03-03,외교통일위원회,제22대국회 제423회 (임시회) 제1차 외교통일위원회(법안심사소위원회) (2025.03.06.),김사우,0,welfare_pension,1.0,1,106
pres_2025,22,official_minutes,https://record.assembly.go.kr/assembly/viewer/minutes/xml.do?id=52769&type=view,official_minutes_52769:726:17,2025-03-06,2025-03-03,외교통일위원회,제22대국회 제423회 (임시회) 제1차 외교통일위원회(법안심사소위원회) (2025.03.06.),김사우,0,education,0.35,1,91
pres_2025,22,official_minutes,https://record.assembly.go.kr/assembly/viewer/minutes/xml.do?id=52769&type=view,official_minutes_52769:726:19,2025-03-06,2025-03-03,외교통일위원회,제22대국회 제423회 (임시회) 제1차 외교통일위원회(법안심사소위원회) (2025.03.06.),김사우,0,education,0.35,1,197
pres_2025,22,official_minutes,https://record.assembly.go.kr/assembly/viewer/minutes/xml.do?id=52769&type=view,official_minutes_52769:726:20,2025-03-06,2025-03-03,외교통일위원회,제22대국회 제423회 (임시회) 제1차 외교통일위원회(법안심사소위원회) (2025.03.06.),김사우,0,education,0.35,1,138
pres_2025,22,official_minutes,https://record.assembly.go.kr/assembly/viewer/minutes/xml.do?id=52769&type=view,official_minutes_52769:726:22,2025-03-06,2025-03-03,외교통일위원회,제22대국회 제423회 (임시회) 제1차 외교통일위원회(법안심사소위원회) (2025.03.06.),김사우,0,education,0.35,1,133
pres_2025,22,official_minutes,https://record.assembly.go.kr/assembly/viewer/minutes/xml.do?id=52769&type=view,official_minutes_52769:726:24,2025-03-06,2025-03-03,외교통일위원회,제22대국회 제423회 (임시회) 제1차 외교통일위원회(법안심사소위원회) (2025.03.06.),김사우,0,education,0.35,1,246
pres_2025,22,official_minutes,https://record.assembly.go.kr/assembly/viewer/minutes/xml.do?id=52769&type=view,official_minutes_52769:726:25,2025-03-06,2025-03-03,외교통일위원회,제22대국회 제423회 (임시회) 제1차 외교통일위원회(법안심사소위원회) (2025.03.06.),김사우,0,education,0.35,1,170
pres_2025,22,official_minutes,https://record.assembly.go.kr/assembly/viewer/minutes/xml.do?id=52769&type=view,official_minutes_52769:726:25,2025-03-06,2025-03-03,외교통일위원회,제22대국회 제423회 (임시회) 제1차 외교통일위원회(법안심사소위원회) (2025.03.06.),김사우,0,inflation_livelihood,0.35,1,170
pres_2025,22,official_minutes,https://record.assembly.go.kr/assembly/viewer/minutes/xml.do?id=52769&type=view,official_minutes_52769:726:30,2025-03-06,2025-03-03,외교통일위원회,제22대국회 제423회 (임시회) 제1차 외교통일위원회(법안심사소위원회) (2025.03.06.),김사우,0,education,0.35,1,55
pres_2025,22,official_minutes,https://record.assembly.go.kr/assembly/viewer/minutes/xml.do?id=52769&type=view,official_minutes_52769:726:32,2025-03-06,2025-03-03,외교통일위원회,제22대국회 제423회 (임시회) 제1차 외교통일위원회(법안심사소위원회) (2025.03.06.),김사우,0,welfare_pension,1.0,1,199
pres_2025,22,official_minutes,https://record.assembly.go.kr/assembly/viewer/minutes/xml.do?id=52769&type=view,official_minutes_52769:726:32,2025-03-06,2025-03-03,외교통일위원회,제22대국회 제423회 (임시회) 제1차 외교통일위원회(법안심사소위원회) (2025.03.06.),김사우,0,education,0.35,1,199
pres_2025,22,official_minutes,https://record.assembly.go.kr/assembly/viewer/minutes/xml.do?id=52769&type=view,official_minutes_52769:726:33,2025-03-06,2025-03-03,외교통일위원회,제22대국회 제423회 (임시회) 제1차 외교통일위원회(법안심사소위원회) (2025.03.06.),김사우,0,education,0.35,1,110
pres_2025,22,official_minutes,https://record.assembly.go.kr/assembly/viewer/minutes/xml.do?id=52769&type=view,official_minutes_52769:728:6,2025-03-06,2025-03-03,외교통일위원회,제22대국회 제423회 (임시회) 제1차 외교통일위원회(법안심사소위원회) (2025.03.06.),김수경,0,welfare_pension,1.0,1,48
pres_2025,22,official_minutes,https://record.assembly.go.kr/assembly/viewer/minutes/xml.do?id=52769&type=view,official_minutes_52769:728:7,2025-03-06,2025-03-03,외교통일위원회,제22대국회 제423회 (임시회) 제1차 외교통일위원회(법안심사소위원회) (2025.03.06.),김수경,0,welfare_pension,1.0,1,69
pres_2025,22,official_minutes,https://record.assembly.go.kr/assembly/viewer/minutes/xml.do?id=52769&type=view,official_minutes_52769:728:8,2025-03-06,2025-03-03,외교통일위원회,제22대국회 제423회 (임시회) 제1차 외교통일위원회(법안심사소위원회) (2025.03.06.),김수경,0,welfare_pension,1.0,1,68
pres_2025,22,official_minutes,https://record.assembly.go.kr/assembly/viewer/minutes/xml.do?id=52769&type=view,official_minutes_52769:728:9,2025-03-06,2025-03-03,외교통일위원회,제22대국회 제423회 (임시회) 제1차 외교통일위원회(법안심사소위원회) (2025.03.06.),김수경,0,education,0.35,1,80
pres_2025,22,official_minutes,https://record.assembly.go.kr/assembly/viewer/minutes/xml.do?id=52769&type=view,official_minutes_52769:728:10,2025-03-06,2025-03-03,외교통일위원회,제22대국회 제423회 (임시회) 제1차 외교통일위원회(법안심사소위원회) (2025.03.06.),김수경,0,education,0.35,1,63
pres_2025,22,official_minutes,https://record.assembly.go.kr/assembly/viewer/minutes/xml.do?id=52769&type=view,official_minutes_52769:728:13,2025-03-06,2025-03-03,외교통일위원회,제22대국회 제423회 (임시회) 제1차 외교통일위원회(법안심사소위원회) (2025.03.06.),김수경,0,education,0.35,1,62
pres_2025,22,official_minutes,https://record.assembly.go.kr/assembly/viewer/minutes/xml.do?id=52769&type=view,official_minutes_52769:728:14,2025-03-06,2025-03-03,외교통일위원회,제22대국회 제423회 (임시회) 제1차 외교통일위원회(법안심사소위원회) (2025.03.06.),김수경,0,education,0.35,1,148
pres_2025,22,official_minutes,https://record.assembly.go.kr/assembly/viewer/minutes/xml.do?id=52769&type=view,official_minutes_52769:732:1,2025-03-06,2025-03-03,외교통일위원회,제22대국회 제423회 (임시회) 제1차 외교통일위원회(법안심사소위원회) (2025.03.06.),김수경,0,welfare_pension,1.0,1,222
pres_2025,22,official_minutes,https://record.assembly.go.kr/assembly/viewer/minutes/xml.do?id=52769&type=view,official_minutes_52769:732:1,2025-03-06,2025-03-03,외교통일위원회,제22대국회 제423회 (임시회) 제1차 외교통일위원회(법안심사소위원회) (2025.03.06.),김수경,0,regional_dev,0.35,1,222
pres_2025,22,official_minutes,https://record.assembly.go.kr/assembly/viewer/minutes/xml.do?id=52769&type=view,official_minutes_52769:734:3,2025-03-06,2025-03-03,외교통일위원회,제22대국회 제423회 (임시회) 제1차 외교통일위원회(법안심사소위원회) (2025.03.06.),김사우,0,welfare_pension,1.0,1,142
pres_2025,22,official_minutes,https://record.assembly.go.kr/assembly/viewer/minutes/xml.do?id=52769&type=view,official_minutes_52769:734:3,2025-03-06,2025-03-03,외교통일위원회,제22대국회 제423회 (임시회) 제1차 외교통일위원회(법안심사소위원회) (2025.03.06.),김사우,0,regional_dev,0.35,1,142
pres_2025,22,official_minutes,https://record.assembly.go.kr/assembly/viewer/minutes/xml.do?id=52769&type=view,official_minutes_52769:734:4,2025-03-06,2025-03-03,외교통일위원회,제22대국회 제423회 (임시회) 제1차 외교통일위원회(법안심사소위원회) (2025.03.06.),김사우,0,welfare_pension,1.0,1,119
pres_2025,22,official_minutes,https://record.assembly.go.kr/assembly/viewer/minutes/xml.do?id=52769&type=view,official_minutes_52769:735:2,2025-03-06,2025-03-03,외교통일위원회,제22대국회 제423회 (임시회) 제1차 외교통일위원회(법안심사소위원회) (2025.03.06.),김수경,0,regional_dev,0.35,1,24
pres_2025,22,official_minutes,https://record.assembly.go.kr/assembly/viewer/minutes/xml.do?id=52769&type=view,official_minutes_52769:735:3,2025-03-06,2025-03-03,외교통일위원회,제22대국회 제423회 (임시회) 제1차 외교통일위원회(법안심사소위원회) (2025.03.06.),김수경,0,welfare_pension,1.0,1,141
pres_2025,22,official_minutes,https://record.assembly.go.kr/assembly/viewer/minutes/xml.do?id=52769&type=view,official_minutes_52769:743:4,2025-03-06,2025-03-03,외교통일위원회,제22대국회 제423회 (임시회) 제1차 외교통일위원회(법안심사소위원회) (2025.03.06.),하무진,0,welfare_pension,1.0,1,221
pres_2025,22,official_minutes,https://record.assembly.go.kr/assembly/viewer/minutes/xml.do?id=52769&type=view,official_minutes_52769:758:3,2025-03-06,2025-03-03,외교통일위원회,제22대국회 제423회 (임시회) 제1차 외교통일위원회(법안심사소위원회) (2025.03.06.),하무진,0,education,0.35,1,64
pres_2025,22,official_minutes,https://record.assembly.go.kr/assembly/viewer/minutes/xml.do?id=52769&type=view,official_minutes_52769:758:4,2025-03-06,2025-03-03,외교통일위원회,제22대국회 제423회 (임시회) 제1차 외교통일위원회(법안심사소위원회) (2025.03.06.),하무진,0,education,0.35,1,79
pres_2025,22,official_minutes,https://record.assembly.go.kr/assembly/viewer/minutes/xml.do?id=52769&type=view,official_minutes_52769:772:2,2025-03-06,2025-03-03,외교통일위원회,제22대국회 제423회 (임시회) 제1차 외교통일위원회(법안심사소위원회) (2025.03.06.),이용선,6660,education,0.35,1,171
pres_2025,22,official_minutes,https://record.assembly.go.kr/assembly/viewer/minutes/xml.do?id=52769&type=view,official_minutes_52769:773:6,2025-03-06,2025-03-03,외교통일위원회,제22대국회 제423회 (임시회) 제1차 외교통일위원회(법안심사소위원회) (2025.03.06.),강종석,0,education,0.35,1,43
pres_2025,22,official_minutes,https://record.assembly.go.kr/assembly/viewer/minutes/xml.do?id=52769&type=view,official_minutes_52769:773:10,2025-03-06,2025-03-03,외교통일위원회,제22대국회 제423회 (임시회) 제1차 외교통일위원회(법안심사소위원회) (2025.03.06.),강종석,0,education,0.35,1,27
pres_2025,22,official_minutes,https://record.assembly.go.kr/assembly/viewer/minutes/xml.do?id=52769&type=view,official_minutes_52769:773:12,2025-03-06,2025-03-03,외교통일위원회,제22대국회 제423회 (임시회) 제1차 외교통일위원회(법안심사소위원회) (2025.03.06.),강종석,0,education,0.35,1,193
pres_2025,22,official_minutes,https://record.assembly.go.kr/assembly/viewer/minutes/xml.do?id=52769&type=view,official_minutes_52769:773:13,2025-03-06,2025-03-03,외교통일위원회,제22대국회 제423회 (임시회) 제1차 외교통일위원회(법안심사소위원회) (2025.03.06.),강종석,0,education,0.35,1,70
pres_2025,22,official_minutes,https://record.assembly.go.kr/assembly/viewer/minutes/xml.do?id=52769&type=view,official_minutes_52769:773:15,2025-03-06,2025-03-03,외교통일위원회,제22대국회 제423회 (임시회) 제1차 외교통일위원회(법안심사소위원회) (2025.03.06.),강종석,0,education,0.35,1,165
pres_2025,22,official_minutes,https://record.assembly.go.kr/assembly/viewer/minutes/xml.do?id=52769&type=view,official_minutes_52769:778:1,2025-03-06,2025-03-03,외교통일위원회,제22대국회 제423회 (임시회) 제1차 외교통일위원회(법안심사소위원회) (2025.03.06.),인요한,6773,family_legal_risk,0.35,1,106
pres_2025,22,official_minutes,https://record.assembly.go.kr/assembly/viewer/minutes/xml.do?id=52769&type=view,official_minutes_52769:779:6,2025-03-06,2025-03-03,외교통일위원회,제22대국회 제423회 (임시회) 제1차 외교통일위원회(법안심사소위원회) (2025.03.06.),강종석,0,education,0.35,1,132
pres_2025,22,official_minutes,https://record.assembly.go.kr/assembly/viewer/minutes/xml.do?id=52769&type=view,official_minutes_52769:785:3,2025-03-06,2025-03-03,외교통일위원회,제22대국회 제423회 (임시회) 제1차 외교통일위원회(법안심사소위원회) (2025.03.06.),강종석,0,education,0.35,1,88
pres_2025,22,official_minutes,https://record.assembly.go.kr/assembly/viewer/minutes/xml.do?id=52769&type=view,official_minutes_52769:785:4,2025-03-06,2025-03-03,외교통일위원회,제22대국회 제423회 (임시회) 제1차 외교통일위원회(법안심사소위원회) (2025.03.06.),강종석,0,education,0.35,1,37
pres_2025,22,official_minutes,https://record.assembly.go.kr/assembly/viewer/minutes/xml.do?id=52769&type=view,official_minutes_52769:792:4,2025-03-06,2025-03-03,외교통일위원회,제22대국회 제423회 (임시회) 제1차 외교통일위원회(법안심사소위원회) (2025.03.06.),이용선,6660,education,0.35,1,115
pres_2025,22,official_minutes,https://record.assembly.go.kr/assembly/viewer/minutes/xml.do?id=52769&type=view,official_minutes_52769:795:2,2025-03-06,2025-03-03,외교통일위원회,제22대국회 제423회 (임시회) 제1차 외교통일위원회(법안심사소위원회) (2025.03.06.),김수경,0,education,0.35,1,109
pres_2025,22,official_minutes,https://record.assembly.go.kr/assembly/viewer/minutes/xml.do?id=52769&type=view,official_minutes_52769:797:1,2025-03-06,2025-03-03,외교통일위원회,제22대국회 제423회 (임시회) 제1차 외교통일위원회(법안심사소위원회) (2025.03.06.),권칠승,6585,education,0.35,1,28
pres_2025,22,official_minutes,https://record.assembly.go.kr/assembly/viewer/minutes/xml.do?id=52769&type=view,official_minutes_52769:797:2,2025-03-06,2025-03-03,외교통일위원회,제22대국회 제423회 (임시회) 제1차 외교통일위원회(법안심사소위원회) (2025.03.06.),권칠승,6585,education,0.35,1,24
pres_2025,22,official_minutes,https://record.assembly.go.kr/assembly/viewer/minutes/xml.do?id=52769&type=view,official_minutes_52769:798:1,2025-03-06,2025-03-03,외교통일위원회,제22대국회 제423회 (임시회) 제1차 외교통일위원회(법안심사소위원회) (2025.03.06.),김수경,0,education,0.35,1,15
pres_2025,22,official_minutes,https://record.assembly.go.kr/assembly/viewer/minutes/xml.do?id=52769&type=view,official_minutes_52769:800:1,2025-03-06,2025-03-03,외교통일위원회,제22대국회 제423회 (임시회) 제1차 외교통일위원회(법안심사소위원회) (2025.03.06.),김수경,0,education,0.35,1,26
pres_2025,22,official_minutes,https://record.assembly.go.kr/assembly/viewer/minutes/xml.do?id=52769&type=view,official_minutes_52769:801:2,2025-03-06,2025-03-03,외교통일위원회,제22대국회 제423회 (임시회) 제1차 외교통일위원회(법안심사소위원회) (2025.03.06.),권칠승,6585,education,0.35,1,57
pres_2025,22,official_minutes,https://record.assembly.go.kr/assembly/viewer/minutes/xml.do?id=52769&type=view,official_minutes_52769:801:4,2025-03-06,2025-03-03,외교통일위원회,제22대국회 제423회 (임시회) 제1차 외교통일위원회(법안심사소위원회) (2025.03.06.),권칠승,6585,education,0.35,1,39
pres_2025,22,official_minutes,https://record.assembly.go.kr/assembly/viewer/minutes/xml.do?id=52769&type=view,official_minutes_52769:802:1,2025-03-06,2025-03-03,외교통일위원회,제22대국회 제423회 (임시회) 제1차 외교통일위원회(법안심사소위원회) (2025.03.06.),김수경,0,education,0.35,1,77
pres_2025,22,official_minutes,https://record.assembly.go.kr/assembly/viewer/minutes/xml.do?id=52769&type=view,official_minutes_52769:808:5,2025-03-06,2025-03-03,외교통일위원회,제22대국회 제423회 (임시회) 제1차 외교통일위원회(법안심사소위원회) (2025.03.06.),인요한,6773,education,0.35,1,37
pres_2025,22,official_minutes,https://record.assembly.go.kr/assembly/viewer/minutes/xml.do?id=52769&type=view,official_minutes_52769:808:6,2025-03-06,2025-03-03,외교통일위원회,제22대국회 제423회 (임시회) 제1차 외교통일위원회(법안심사소위원회) (2025.03.06.),인요한,6773,education,0.35,1,30
pres_2025,22,official_minutes,https://record.assembly.go.kr/assembly/viewer/minutes/xml.do?id=52769&type=view,official_minutes_52769:808:15,2025-03-06,2025-03-03,외교통일위원회,제22대국회 제423회 (임시회) 제1차 외교통일위원회(법안심사소위원회) (2025.03.06.),인요한,6773,education,0.35,1,85
pres_2025,22,official_minutes,https://record.assembly.go.kr/assembly/viewer/minutes/xml.do?id=52769&type=view,official_minutes_52769:809:1,2025-03-06,2025-03-03,외교통일위원회,제22대국회 제423회 (임시회) 제1차 외교통일위원회(법안심사소위원회) (2025.03.06.),이용선,6660,education,0.35,1,58
pres_2025,22,official_minutes,https://record.assembly.go.kr/assembly/viewer/minutes/xml.do?id=52769&type=view,official_minutes_52769:813:2,2025-03-06,2025-03-03,외교통일위원회,제22대국회 제423회 (임시회) 제1차 외교통일위원회(법안심사소위원회) (2025.03.06.),김준형,6754,jobs_labor,0.35,1,68
pres_2025,22,official_minutes,https://record.assembly.go.kr/assembly/viewer/minutes/xml.do?id=52769&type=view,official_minutes_52769:825:1,2025-03-06,2025-03-03,외교통일위원회,제22대국회 제423회 (임시회) 제1차 외교통일위원회(법안심사소위원회) (2025.03.06.),김수경,0,education,0.35,1,66
pres_2025,22,official_minutes,https://record.assembly.go.kr/assembly/viewer/minutes/xml.do?id=52769&type=view,official_minutes_52769:827:1,2025-03-06,2025-03-03,외교통일위원회,제22대국회 제423회 (임시회) 제1차 외교통일위원회(법안심사소위원회) (2025.03.06.),김수경,0,education,0.35,1,56
pres_2025,22,official_minutes,https://record.assembly.go.kr/assembly/viewer/minutes/xml.do?id=52769&type=view,official_minutes_52769:827:2,2025-03-06,2025-03-03,외교통일위원회,제22대국회 제423회 (임시회) 제1차 외교통일위원회(법안심사소위원회) (2025.03.06.),김수경,0,education,0.35,1,144
pres_2025,22,official_minutes,https://record.assembly.go.kr/assembly/viewer/minutes/xml.do?id=52769&type=view,official_minutes_52769:829:1,2025-03-06,2025-03-03,외교통일위원회,제22대국회 제423회 (임시회) 제1차 외교통일위원회(법안심사소위원회) (2025.03.06.),김건,6822,education,0.35,1,66
pres_2025,22,official_minutes,https://record.assembly.go.kr/assembly/viewer/minutes/xml.do?id=52769&type=view,official_minutes_52769:832:1,2025-03-06,2025-03-03,외교통일위원회,제22대국회 제423회 (임시회) 제1차 외교통일위원회(법안심사소위원회) (2025.03.06.),김사우,0,education,0.35,1,117
pres_2025,22,official_minutes,https://record.assembly.go.kr/assembly/viewer/minutes/xml.do?id=52769&type=view,official_minutes_52769:842:1,2025-03-06,2025-03-03,외교통일위원회,제22대국회 제423회 (임시회) 제1차 외교통일위원회(법안심사소위원회) (2025.03.06.),김건,6822,education,0.35,1,54
pres_2025,22,official_minutes,https://record.assembly.go.kr/assembly/viewer/minutes/xml.do?id=52769&type=view,official_minutes_52769:842:2,2025-03-06,2025-03-03,외교통일위원회,제22대국회 제423회 (임시회) 제1차 외교통일위원회(법안심사소위원회) (2025.03.06.),김건,6822,education,0.35,1,31
pres_2025,22,official_minutes,https://record.assembly.go.kr/assembly/viewer/minutes/xml.do?id=52769&type=view,official_minutes_52769:843:1,2025-03-06,2025-03-03,외교통일위원회,제22대국회 제423회 (임시회) 제1차 외교통일위원회(법안심사소위원회) (2025.03.06.),김수경,0,education,0.35,1,78
pres_2025,22,official_minutes,https://record.assembly.go.kr/assembly/viewer/minutes/xml.do?id=52769&type=view,official_minutes_52769:848:1,2025-03-06,2025-03-03,외교통일위원회,제22대국회 제423회 (임시회) 제1차 외교통일위원회(법안심사소위원회) (2025.03.06.),김건,6822,education,0.35,1,54
pres_2025,22,official_minutes,https://record.assembly.go.kr/assembly/viewer/minutes/xml.do?id=52769&type=view,official_minutes_52769:851:1,2025-03-06,2025-03-03,외교통일위원회,제22대국회 제423회 (임시회) 제1차 외교통일위원회(법안심사소위원회) (2025.03.06.),권칠승,6585,education,0.35,1,73
pres_2025,22,official_minutes,https://record.assembly.go.kr/assembly/viewer/minutes/xml.do?id=52769&type=view,official_minutes_52769:853:3,2025-03-06,2025-03-03,외교통일위원회,제22대국회 제423회 (임시회) 제1차 외교통일위원회(법안심사소위원회) (2025.03.06.),김건,6822,education,0.35,1,107
pres_2025,22,official_minutes,https://record.assembly.go.kr/assembly/viewer/minutes/xml.do?id=52769&type=view,official_minutes_52769:854:1,2025-03-06,2025-03-03,외교통일위원회,제22대국회 제423회 (임시회) 제1차 외교통일위원회(법안심사소위원회) (2025.03.06.),김사우,0,education,0.35,1,195
pres_2025,22,official_minutes,https://record.assembly.go.kr/assembly/viewer/minutes/xml.do?id=52769&type=view,official_minutes_52769:855:1,2025-03-06,2025-03-03,외교통일위원회,제22대국회 제423회 (임시회) 제1차 외교통일위원회(법안심사소위원회) (2025.03.06.),김건,6822,education,0.35,1,53
pres_2025,22,official_minutes,https://record.assembly.go.kr/assembly/viewer/minutes/xml.do?id=52769&type=view,official_minutes_52769:856:1,2025-03-06,2025-03-03,외교통일위원회,제22대국회 제423회 (임시회) 제1차 외교통일위원회(법안심사소위원회) (2025.03.06.),김사우,0,education,0.35,1,113
pres_2025,22,official_minutes,https://record.assembly.go.kr/assembly/viewer/minutes/xml.do?id=52764&type=view,official_minutes_52764:48:5,2025-03-11,2025-03-10,정무위원회,제22대국회 제423회 (임시회) 제1차 정무위원회 (2025.03.11.),민병덕,6668,jobs_labor,0.35,1,38
pres_2025,22,official_minutes,https://record.assembly.go.kr/assembly/viewer/minutes/xml.do?id=52768&type=view,official_minutes_52768:1:2,2025-03-11,2025-03-10,외교통일위원회,제22대국회 제423회 (임시회) 제1차 외교통일위원회 (2025.03.11.),김석기,6594,foreign_policy,0.35,1,45
pres_2025,22,official_minutes,https://record.assembly.go.kr/assembly/viewer/minutes/xml.do?id=52768&type=view,official_minutes_52768:2:1,2025-03-11,2025-03-10,외교통일위원회,제22대국회 제423회 (임시회) 제1차 외교통일위원회 (2025.03.11.),유용원,6571,foreign_policy,0.35,1,47
pres_2025,22,official_minutes,https://record.assembly.go.kr/assembly/viewer/minutes/xml.do?id=52768&type=view,official_minutes_52768:2:3,2025-03-11,2025-03-10,외교통일위원회,제22대국회 제423회 (임시회) 제1차 외교통일위원회 (2025.03.11.),유용원,6571,security_nk,0.35,1,45
pres_2025,22,official_minutes,https://record.assembly.go.kr/assembly/viewer/minutes/xml.do?id=52768&type=view,official_minutes_52768:2:3,2025-03-11,2025-03-10,외교통일위원회,제22대국회 제423회 (임시회) 제1차 외교통일위원회 (2025.03.11.),유용원,6571,foreign_policy,0.35,1,45
pres_2025,22,official_minutes,https://record.assembly.go.kr/assembly/viewer/minutes/xml.do?id=52768&type=view,official_minutes_52768:3:1,2025-03-11,2025-03-10,외교통일위원회,제22대국회 제423회 (임시회) 제1차 외교통일위원회 (2025.03.11.),김석기,6594,foreign_policy,0.35,1,85
pres_2025,22,official_minutes,https://record.assembly.go.kr/assembly/viewer/minutes/xml.do?id=52768&type=view,official_minutes_52768:3:4,2025-03-11,2025-03-10,외교통일위원회,제22대국회 제423회 (임시회) 제1차 외교통일위원회 (2025.03.11.),김석기,6594,foreign_policy,1.0,1,72
pres_2025,22,official_minutes,https://record.assembly.go.kr/assembly/viewer/minutes/xml.do?id=52768&type=view,official_minutes_52768:5:2,2025-03-11,2025-03-10,외교통일위원회,제22대국회 제423회 (임시회) 제1차 외교통일위원회 (2025.03.11.),김건,6822,foreign_policy,0.35,1,118
pres_2025,22,official_minutes,https://record.assembly.go.kr/assembly/viewer/minutes/xml.do?id=52768&type=view,official_minutes_52768:5:3,2025-03-11,2025-03-10,외교통일위원회,제22대국회 제423회 (임시회) 제1차 외교통일위원회 (2025.03.11.),김건,6822,foreign_policy,0.35,1,110
pres_2025,22,official_minutes,https://record.assembly.go.kr/assembly/viewer/minutes/xml.do?id=52768&type=view,official_minutes_52768:5:5,2025-03-11,2025-03-10,외교통일위원회,제22대국회 제423회 (임시회) 제1차 외교통일위원회 (2025.03.11.),김건,6822,economy_growth,0.35,1,220
pres_2025,22,official_minutes,https://record.assembly.go.kr/assembly/viewer/minutes/xml.do?id=52768&type=view,official_minutes_52768:5:6,2025-03-11,2025-03-10,외교통일위원회,제22대국회 제423회 (임시회) 제1차 외교통일위원회 (2025.03.11.),김건,6822,economy_growth,0.75,1,237
pres_2025,22,official_minutes,https://record.assembly.go.kr/assembly/viewer/minutes/xml.do?id=52768&type=view,official_minutes_52768:5:7,2025-03-11,2025-03-10,외교통일위원회,제22대국회 제423회 (임시회) 제1차 외교통일위원회 (2025.03.11.),김건,6822,foreign_policy,1.0,1,292
pres_2025,22,official_minutes,https://record.assembly.go.kr/assembly/viewer/minutes/xml.do?id=52768&type=view,official_minutes_52768:5:7,2025-03-11,2025-03-10,외교통일위원회,제22대국회 제423회 (임시회) 제1차 외교통일위원회 (2025.03.11.),김건,6822,regional_dev,0.35,1,292
pres_2025,22,official_minutes,https://record.assembly.go.kr/assembly/viewer/minutes/xml.do?id=52768&type=view,official_minutes_52768:5:8,2025-03-11,2025-03-10,외교통일위원회,제22대국회 제423회 (임시회) 제1차 외교통일위원회 (2025.03.11.),김건,6822,foreign_policy,1.0,1,142
pres_2025,22,official_minutes,https://record.assembly.go.kr/assembly/viewer/minutes/xml.do?id=52768&type=view,official_minutes_52768:5:8,2025-03-11,2025-03-10,외교통일위원회,제22대국회 제423회 (임시회) 제1차 외교통일위원회 (2025.03.11.),김건,6822,security_nk,1.0,1,142
pres_2025,22,official_minutes,https://record.assembly.go.kr/assembly/viewer/minutes/xml.do?id=52768&type=view,official_minutes_52768:5:8,2025-03-11,2025-03-10,외교통일위원회,제22대국회 제423회 (임시회) 제1차 외교통일위원회 (2025.03.11.),김건,6822,endorsement_event,0.35,1,142
pres_2025,22,official_minutes,https://record.assembly.go.kr/assembly/viewer/minutes/xml.do?id=52768&type=view,official_minutes_52768:5:9,2025-03-11,2025-03-10,외교통일위원회,제22대국회 제423회 (임시회) 제1차 외교통일위원회 (2025.03.11.),김건,6822,foreign_policy,1.0,1,298
pres_2025,22,official_minutes,https://record.assembly.go.kr/assembly/viewer/minutes/xml.do?id=52768&type=view,official_minutes_52768:5:9,2025-03-11,2025-03-10,외교통일위원회,제22대국회 제423회 (임시회) 제1차 외교통일위원회 (2025.03.11.),김건,6822,security_nk,1.0,1,298
pres_2025,22,official_minutes,https://record.assembly.go.kr/assembly/viewer/minutes/xml.do?id=52768&type=view,official_minutes_52768:5:9,2025-03-11,2025-03-10,외교통일위원회,제22대국회 제423회 (임시회) 제1차 외교통일위원회 (2025.03.11.),김건,6822,endorsement_event,1.0,1,298
pres_2025,22,official_minutes,https://record.assembly.go.kr/assembly/viewer/minutes/xml.do?id=52768&type=view,official_minutes_52768:5:11,2025-03-11,2025-03-10,외교통일위원회,제22대국회 제423회 (임시회) 제1차 외교통일위원회 (2025.03.11.),김건,6822,welfare_pension,1.0,1,197
pres_2025,22,official_minutes,https://record.assembly.go.kr/assembly/viewer/minutes/xml.do?id=52768&type=view,official_minutes_52768:5:14,2025-03-11,2025-03-10,외교통일위원회,제22대국회 제423회 (임시회) 제1차 외교통일위원회 (2025.03.11.),김건,6822,education,0.35,1,216
pres_2025,22,official_minutes,https://record.assembly.go.kr/assembly/viewer/minutes/xml.do?id=52768&type=view,official_minutes_52768:16:1,2025-03-11,2025-03-10,외교통일위원회,제22대국회 제423회 (임시회) 제1차 외교통일위원회 (2025.03.11.),김건,6822,foreign_policy,1.0,1,18
pres_2025,22,official_minutes,https://record.assembly.go.kr/assembly/viewer/minutes/xml.do?id=52768&type=view,official_minutes_52768:16:1,2025-03-11,2025-03-10,외교통일위원회,제22대국회 제423회 (임시회) 제1차 외교통일위원회 (2025.03.11.),김건,6822,endorsement_event,0.35,1,18
pres_2025,22,official_minutes,https://record.assembly.go.kr/assembly/viewer/minutes/xml.do?id=52768&type=view,official_minutes_52768:18:2,2025-03-11,2025-03-10,외교통일위원회,제22대국회 제423회 (임시회) 제1차 외교통일위원회 (2025.03.11.),이재정,6653,foreign_policy,1.0,1,46
pres_2025,22,official_minutes,https://record.assembly.go.kr/assembly/viewer/minutes/xml.do?id=52768&type=view,official_minutes_52768:18:2,2025-03-11,2025-03-10,외교통일위원회,제22대국회 제423회 (임시회) 제1차 외교통일위원회 (2025.03.11.),이재정,6653,security_nk,0.75,1,46
pres_2025,22,official_minutes,https://record.assembly.go.kr/assembly/viewer/minutes/xml.do?id=52768&type=view,official_minutes_52768:18:2,2025-03-11,2025-03-10,외교통일위원회,제22대국회 제423회 (임시회) 제1차 외교통일위원회 (2025.03.11.),이재정,6653,endorsement_event,0.35,1,46
pres_2025,22,official_minutes,https://record.assembly.go.kr/assembly/viewer/minutes/xml.do?id=52768&type=view,official_minutes_52768:18:3,2025-03-11,2025-03-10,외교통일위원회,제22대국회 제423회 (임시회) 제1차 외교통일위원회 (2025.03.11.),이재정,6653,security_nk,1.0,1,121
pres_2025,22,official_minutes,https://record.assembly.go.kr/assembly/viewer/minutes/xml.do?id=52768&type=view,official_minutes_52768:18:4,2025-03-11,2025-03-10,외교통일위원회,제22대국회 제423회 (임시회) 제1차 외교통일위원회 (2025.03.11.),이재정,6653,security_nk,0.75,1,81
pres_2025,22,official_minutes,https://record.assembly.go.kr/assembly/viewer/minutes/xml.do?id=52768&type=view,official_minutes_52768:18:6,2025-03-11,2025-03-10,외교통일위원회,제22대국회 제423회 (임시회) 제1차 외교통일위원회 (2025.03.11.),이재정,6653,security_nk,0.75,1,143
pres_2025,22,official_minutes,https://record.assembly.go.kr/assembly/viewer/minutes/xml.do?id=52768&type=view,official_minutes_52768:18:7,2025-03-11,2025-03-10,외교통일위원회,제22대국회 제423회 (임시회) 제1차 외교통일위원회 (2025.03.11.),이재정,6653,security_nk,0.75,1,90
pres_2025,22,official_minutes,https://record.assembly.go.kr/assembly/viewer/minutes/xml.do?id=52768&type=view,official_minutes_52768:19:15,2025-03-11,2025-03-10,외교통일위원회,제22대국회 제423회 (임시회) 제1차 외교통일위원회 (2025.03.11.),김석기,6594,economy_growth,0.35,1,84
pres_2025,22,official_minutes,https://record.assembly.go.kr/assembly/viewer/minutes/xml.do?id=52768&type=view,official_minutes_52768:19:19,2025-03-11,2025-03-10,외교통일위원회,제22대국회 제423회 (임시회) 제1차 외교통일위원회 (2025.03.11.),김석기,6594,regional_dev,0.35,1,104
pres_2025,22,official_minutes,https://record.assembly.go.kr/assembly/viewer/minutes/xml.do?id=52768&type=view,official_minutes_52768:19:21,2025-03-11,2025-03-10,외교통일위원회,제22대국회 제423회 (임시회) 제1차 외교통일위원회 (2025.03.11.),김석기,6594,foreign_policy,1.0,1,181
pres_2025,22,official_minutes,https://record.assembly.go.kr/assembly/viewer/minutes/xml.do?id=52768&type=view,official_minutes_52768:19:21,2025-03-11,2025-03-10,외교통일위원회,제22대국회 제423회 (임시회) 제1차 외교통일위원회 (2025.03.11.),김석기,6594,security_nk,1.0,1,181
pres_2025,22,official_minutes,https://record.assembly.go.kr/assembly/viewer/minutes/xml.do?id=52768&type=view,official_minutes_52768:19:21,2025-03-11,2025-03-10,외교통일위원회,제22대국회 제423회 (임시회) 제1차 외교통일위원회 (2025.03.11.),김석기,6594,endorsement_event,0.35,1,181
pres_2025,22,official_minutes,https://record.assembly.go.kr/assembly/viewer/minutes/xml.do?id=52768&type=view,official_minutes_52768:20:1,2025-03-11,2025-03-10,외교통일위원회,제22대국회 제423회 (임시회) 제1차 외교통일위원회 (2025.03.11.),조태열,0,foreign_policy,0.35,1,34
pres_2025,22,official_minutes,https://record.assembly.go.kr/assembly/viewer/minutes/xml.do?id=52768&type=view,official_minutes_52768:20:2,2025-03-11,2025-03-10,외교통일위원회,제22대국회 제423회 (임시회) 제1차 외교통일위원회 (2025.03.11.),조태열,0,foreign_policy,0.35,1,137
pres_2025,22,official_minutes,https://record.assembly.go.kr/assembly/viewer/minutes/xml.do?id=52768&type=view,official_minutes_52768:20:4,2025-03-11,2025-03-10,외교통일위원회,제22대국회 제423회 (임시회) 제1차 외교통일위원회 (2025.03.11.),조태열,0,economy_growth,0.75,1,112
pres_2025,22,official_minutes,https://record.assembly.go.kr/assembly/viewer/minutes/xml.do?id=52768&type=view,official_minutes_52768:20:5,2025-03-11,2025-03-10,외교통일위원회,제22대국회 제423회 (임시회) 제1차 외교통일위원회 (2025.03.11.),조태열,0,economy_growth,0.75,1,151
pres_2025,22,official_minutes,https://record.assembly.go.kr/assembly/viewer/minutes/xml.do?id=52768&type=view,official_minutes_52768:20:6,2025-03-11,2025-03-10,외교통일위원회,제22대국회 제423회 (임시회) 제1차 외교통일위원회 (2025.03.11.),조태열,0,regional_dev,0.35,1,163
pres_2025,22,official_minutes,https://record.assembly.go.kr/assembly/viewer/minutes/xml.do?id=52768&type=view,official_minutes_52768:20:7,2025-03-11,2025-03-10,외교통일위원회,제22대국회 제423회 (임시회) 제1차 외교통일위원회 (2025.03.11.),조태열,0,foreign_policy,1.0,1,105
pres_2025,22,official_minutes,https://record.assembly.go.kr/assembly/viewer/minutes/xml.do?id=52768&type=view,official_minutes_52768:20:7,2025-03-11,2025-03-10,외교통일위원회,제22대국회 제423회 (임시회) 제1차 외교통일위원회 (2025.03.11.),조태열,0,endorsement_event,0.35,1,105
pres_2025,22,official_minutes,https://record.assembly.go.kr/assembly/viewer/minutes/xml.do?id=52768&type=view,official_minutes_52768:20:8,2025-03-11,2025-03-10,외교통일위원회,제22대국회 제423회 (임시회) 제1차 외교통일위원회 (2025.03.11.),조태열,0,foreign_policy,0.35,1,51
pres_2025,22,official_minutes,https://record.assembly.go.kr/assembly/viewer/minutes/xml.do?id=52768&type=view,official_minutes_52768:20:9,2025-03-11,2025-03-10,외교통일위원회,제22대국회 제423회 (임시회) 제1차 외교통일위원회 (2025.03.11.),조태열,0,foreign_policy,0.35,1,62
pres_2025,22,official_minutes,https://record.assembly.go.kr/assembly/viewer/minutes/xml.do?id=52768&type=view,official_minutes_52768:22:1,2025-03-11,2025-03-10,외교통일위원회,제22대국회 제423회 (임시회) 제1차 외교통일위원회 (2025.03.11.),김영호,0,foreign_policy,0.35,1,34
pres_2025,22,official_minutes,https://record.assembly.go.kr/assembly/viewer/minutes/xml.do?id=52768&type=view,official_minutes_52768:22:2,2025-03-11,2025-03-10,외교통일위원회,제22대국회 제423회 (임시회) 제1차 외교통일위원회 (2025.03.11.),김영호,0,foreign_policy,0.35,1,96
pres_2025,22,official_minutes,https://record.assembly.go.kr/assembly/viewer/minutes/xml.do?id=52768&type=view,official_minutes_52768:22:3,2025-03-11,2025-03-10,외교통일위원회,제22대국회 제423회 (임시회) 제1차 외교통일위원회 (2025.03.11.),김영호,0,regional_dev,0.35,1,86
pres_2025,22,official_minutes,https://record.assembly.go.kr/assembly/viewer/minutes/xml.do?id=52768&type=view,official_minutes_52768:22:4,2025-03-11,2025-03-10,외교통일위원회,제22대국회 제423회 (임시회) 제1차 외교통일위원회 (2025.03.11.),김영호,0,regional_dev,0.35,1,106
pres_2025,22,official_minutes,https://record.assembly.go.kr/assembly/viewer/minutes/xml.do?id=52768&type=view,official_minutes_52768:22:4,2025-03-11,2025-03-10,외교통일위원회,제22대국회 제423회 (임시회) 제1차 외교통일위원회 (2025.03.11.),김영호,0,education,0.35,1,106
pres_2025,22,official_minutes,https://record.assembly.go.kr/assembly/viewer/minutes/xml.do?id=52768&type=view,official_minutes_52768:22:5,2025-03-11,2025-03-10,외교통일위원회,제22대국회 제423회 (임시회) 제1차 외교통일위원회 (2025.03.11.),김영호,0,education,0.35,1,71
pres_2025,22,official_minutes,https://record.assembly.go.kr/assembly/viewer/minutes/xml.do?id=52768&type=view,official_minutes_52768:22:6,2025-03-11,2025-03-10,외교통일위원회,제22대국회 제423회 (임시회) 제1차 외교통일위원회 (2025.03.11.),김영호,0,education,0.35,1,43
pres_2025,22,official_minutes,https://record.assembly.go.kr/assembly/viewer/minutes/xml.do?id=52768&type=view,official_minutes_52768:22:7,2025-03-11,2025-03-10,외교통일위원회,제22대국회 제423회 (임시회) 제1차 외교통일위원회 (2025.03.11.),김영호,0,foreign_policy,0.35,1,46
pres_2025,22,official_minutes,https://record.assembly.go.kr/assembly/viewer/minutes/xml.do?id=52768&type=view,official_minutes_52768:24:1,2025-03-11,2025-03-10,외교통일위원회,제22대국회 제423회 (임시회) 제1차 외교통일위원회 (2025.03.11.),이상덕,0,foreign_policy,0.35,1,34
pres_2025,22,official_minutes,https://record.assembly.go.kr/assembly/viewer/minutes/xml.do?id=52768&type=view,official_minutes_52768:24:2,2025-03-11,2025-03-10,외교통일위원회,제22대국회 제423회 (임시회) 제1차 외교통일위원회 (2025.03.11.),이상덕,0,foreign_policy,0.35,1,74
pres_2025,22,official_minutes,https://record.assembly.go.kr/assembly/viewer/minutes/xml.do?id=52768&type=view,official_minutes_52768:24:5,2025-03-11,2025-03-10,외교통일위원회,제22대국회 제423회 (임시회) 제1차 외교통일위원회 (2025.03.11.),이상덕,0,foreign_policy,0.35,1,56
pres_2025,22,official_minutes,https://record.assembly.go.kr/assembly/viewer/minutes/xml.do?id=52768&type=view,official_minutes_52768:27:1,2025-03-11,2025-03-10,외교통일위원회,제22대국회 제423회 (임시회) 제1차 외교통일위원회 (2025.03.11.),홍기원,6610,foreign_policy,0.35,1,16
pres_2025,22,official_minutes,https://record.assembly.go.kr/assembly/viewer/minutes/xml.do?id=52768&type=view,official_minutes_52768:29:1,2025-03-11,2025-03-10,외교통일위원회,제22대국회 제423회 (임시회) 제1차 외교통일위원회 (2025.03.11.),홍기원,6610,foreign_policy,0.35,1,19
pres_2025,22,official_minutes,https://record.assembly.go.kr/assembly/viewer/minutes/xml.do?id=52768&type=view,official_minutes_52768:39:1,2025-03-11,2025-03-10,외교통일위원회,제22대국회 제423회 (임시회) 제1차 외교통일위원회 (2025.03.11.),홍기원,6610,foreign_policy,0.35,1,56
pres_2025,22,official_minutes,https://record.assembly.go.kr/assembly/viewer/minutes/xml.do?id=52768&type=view,official_minutes_52768:43:1,2025-03-11,2025-03-10,외교통일위원회,제22대국회 제423회 (임시회) 제1차 외교통일위원회 (2025.03.11.),홍기원,6610,foreign_policy,0.35,1,41
pres_2025,22,official_minutes,https://record.assembly.go.kr/assembly/viewer/minutes/xml.do?id=52768&type=view,official_minutes_52768:51:1,2025-03-11,2025-03-10,외교통일위원회,제22대국회 제423회 (임시회) 제1차 외교통일위원회 (2025.03.11.),홍기원,6610,security_nk,0.35,1,122
pres_2025,22,official_minutes,https://record.assembly.go.kr/assembly/viewer/minutes/xml.do?id=52768&type=view,official_minutes_52768:55:1,2025-03-11,2025-03-10,외교통일위원회,제22대국회 제423회 (임시회) 제1차 외교통일위원회 (2025.03.11.),홍기원,6610,foreign_policy,0.35,1,143
pres_2025,22,official_minutes,https://record.assembly.go.kr/assembly/viewer/minutes/xml.do?id=52768&type=view,official_minutes_52768:61:3,2025-03-11,2025-03-10,외교통일위원회,제22대국회 제423회 (임시회) 제1차 외교통일위원회 (2025.03.11.),홍기원,6610,security_nk,0.35,1,191
pres_2025,22,official_minutes,https://record.assembly.go.kr/assembly/viewer/minutes/xml.do?id=52768&type=view,official_minutes_52768:67:1,2025-03-11,2025-03-10,외교통일위원회,제22대국회 제423회 (임시회) 제1차 외교통일위원회 (2025.03.11.),한정애,6616,foreign_policy,0.35,1,24
pres_2025,22,official_minutes,https://record.assembly.go.kr/assembly/viewer/minutes/xml.do?id=52768&type=view,official_minutes_52768:67:8,2025-03-11,2025-03-10,외교통일위원회,제22대국회 제423회 (임시회) 제1차 외교통일위원회 (2025.03.11.),한정애,6616,foreign_policy,1.0,1,122
pres_2025,22,official_minutes,https://record.assembly.go.kr/assembly/viewer/minutes/xml.do?id=52768&type=view,official_minutes_52768:67:9,2025-03-11,2025-03-10,외교통일위원회,제22대국회 제423회 (임시회) 제1차 외교통일위원회 (2025.03.11.),한정애,6616,foreign_policy,1.0,1,132
pres_2025,22,official_minutes,https://record.assembly.go.kr/assembly/viewer/minutes/xml.do?id=52768&type=view,official_minutes_52768:67:9,2025-03-11,2025-03-10,외교통일위원회,제22대국회 제423회 (임시회) 제1차 외교통일위원회 (2025.03.11.),한정애,6616,security_nk,0.35,1,132
pres_2025,22,official_minutes,https://record.assembly.go.kr/assembly/viewer/minutes/xml.do?id=52768&type=view,official_minutes_52768:67:9,2025-03-11,2025-03-10,외교통일위원회,제22대국회 제423회 (임시회) 제1차 외교통일위원회 (2025.03.11.),한정애,6616,regional_dev,0.35,1,132
pres_2025,22,official_minutes,https://record.assembly.go.kr/assembly/viewer/minutes/xml.do?id=52768&type=view,official_minutes_52768:67:11,2025-03-11,2025-03-10,외교통일위원회,제22대국회 제423회 (임시회) 제1차 외교통일위원회 (2025.03.11.),한정애,6616,foreign_policy,1.0,1,73
pres_2025,22,official_minutes,https://record.assembly.go.kr/assembly/viewer/minutes/xml.do?id=52768&type=view,official_minutes_52768:67:11,2025-03-11,2025-03-10,외교통일위원회,제22대국회 제423회 (임시회) 제1차 외교통일위원회 (2025.03.11.),한정애,6616,economy_growth,0.35,1,73
pres_2025,22,official_minutes,https://record.assembly.go.kr/assembly/viewer/minutes/xml.do?id=52768&type=view,official_minutes_52768:67:13,2025-03-11,2025-03-10,외교통일위원회,제22대국회 제423회 (임시회) 제1차 외교통일위원회 (2025.03.11.),한정애,6616,corruption_integrity,0.35,1,98
pres_2025,22,official_minutes,https://record.assembly.go.kr/assembly/viewer/minutes/xml.do?id=52768&type=view,official_minutes_52768:67:17,2025-03-11,2025-03-10,외교통일위원회,제22대국회 제423회 (임시회) 제1차 외교통일위원회 (2025.03.11.),한정애,6616,security_nk,0.75,1,215
pres_2025,22,official_minutes,https://record.assembly.go.kr/assembly/viewer/minutes/xml.do?id=52768&type=view,official_minutes_52768:67:17,2025-03-11,2025-03-10,외교통일위원회,제22대국회 제423회 (임시회) 제1차 외교통일위원회 (2025.03.11.),한정애,6616,foreign_policy,0.35,1,215
pres_2025,22,official_minutes,https://record.assembly.go.kr/assembly/viewer/minutes/xml.do?id=52768&type=view,official_minutes_52768:69:2,2025-03-11,2025-03-10,외교통일위원회,제22대국회 제423회 (임시회) 제1차 외교통일위원회 (2025.03.11.),한정애,6616,security_nk,0.35,1,68
pres_2025,22,official_minutes,https://record.assembly.go.kr/assembly/viewer/minutes/xml.do?id=52768&type=view,official_minutes_52768:71:2,2025-03-11,2025-03-10,외교통일위원회,제22대국회 제423회 (임시회) 제1차 외교통일위원회 (2025.03.11.),한정애,6616,regional_dev,0.35,1,41
pres_2025,22,official_minutes,https://record.assembly.go.kr/assembly/viewer/minutes/xml.do?id=52768&type=view,official_minutes_52768:71:3,2025-03-11,2025-03-10,외교통일위원회,제22대국회 제423회 (임시회) 제1차 외교통일위원회 (2025.03.11.),한정애,6616,regional_dev,0.35,1,93
pres_2025,22,official_minutes,https://record.assembly.go.kr/assembly/viewer/minutes/xml.do?id=52768&type=view,official_minutes_52768:71:5,2025-03-11,2025-03-10,외교통일위원회,제22대국회 제423회 (임시회) 제1차 외교통일위원회 (2025.03.11.),한정애,6616,external_shock,0.35,1,199
pres_2025,22,official_minutes,https://record.assembly.go.kr/assembly/viewer/minutes/xml.do?id=52768&type=view,official_minutes_52768:71:5,2025-03-11,2025-03-10,외교통일위원회,제22대국회 제423회 (임시회) 제1차 외교통일위원회 (2025.03.11.),한정애,6616,regional_dev,0.35,1,199
pres_2025,22,official_minutes,https://record.assembly.go.kr/assembly/viewer/minutes/xml.do?id=52768&type=view,official_minutes_52768:71:5,2025-03-11,2025-03-10,외교통일위원회,제22대국회 제423회 (임시회) 제1차 외교통일위원회 (2025.03.11.),한정애,6616,welfare_pension,0.35,1,199
pres_2025,22,official_minutes,https://record.assembly.go.kr/assembly/viewer/minutes/xml.do?id=52768&type=view,official_minutes_52768:71:6,2025-03-11,2025-03-10,외교통일위원회,제22대국회 제423회 (임시회) 제1차 외교통일위원회 (2025.03.11.),한정애,6616,foreign_policy,0.35,1,134
pres_2025,22,official_minutes,https://record.assembly.go.kr/assembly/viewer/minutes/xml.do?id=52768&type=view,official_minutes_52768:71:12,2025-03-11,2025-03-10,외교통일위원회,제22대국회 제423회 (임시회) 제1차 외교통일위원회 (2025.03.11.),한정애,6616,foreign_policy,0.35,1,162
pres_2025,22,official_minutes,https://record.assembly.go.kr/assembly/viewer/minutes/xml.do?id=52768&type=view,official_minutes_52768:71:13,2025-03-11,2025-03-10,외교통일위원회,제22대국회 제423회 (임시회) 제1차 외교통일위원회 (2025.03.11.),한정애,6616,foreign_policy,0.35,1,79
pres_2025,22,official_minutes,https://record.assembly.go.kr/assembly/viewer/minutes/xml.do?id=52768&type=view,official_minutes_52768:74:6,2025-03-11,2025-03-10,외교통일위원회,제22대국회 제423회 (임시회) 제1차 외교통일위원회 (2025.03.11.),이용선,6660,foreign_policy,0.35,1,93
pres_2025,22,official_minutes,https://record.assembly.go.kr/assembly/viewer/minutes/xml.do?id=52768&type=view,official_minutes_52768:82:1,2025-03-11,2025-03-10,외교통일위원회,제22대국회 제423회 (임시회) 제1차 외교통일위원회 (2025.03.11.),이용선,6660,regime_change,0.35,1,144
pres_2025,22,official_minutes,https://record.assembly.go.kr/assembly/viewer/minutes/xml.do?id=52768&type=view,official_minutes_52768:84:4,2025-03-11,2025-03-10,외교통일위원회,제22대국회 제423회 (임시회) 제1차 외교통일위원회 (2025.03.11.),이용선,6660,foreign_policy,0.35,1,121
pres_2025,22,official_minutes,https://record.assembly.go.kr/assembly/viewer/minutes/xml.do?id=52768&type=view,official_minutes_52768:90:3,2025-03-11,2025-03-10,외교통일위원회,제22대국회 제423회 (임시회) 제1차 외교통일위원회 (2025.03.11.),조정식,6628,security_nk,0.35,1,65
pres_2025,22,official_minutes,https://record.assembly.go.kr/assembly/viewer/minutes/xml.do?id=52768&type=view,official_minutes_52768:96:1,2025-03-11,2025-03-10,외교통일위원회,제22대국회 제423회 (임시회) 제1차 외교통일위원회 (2025.03.11.),조정식,6628,security_nk,0.35,1,66
pres_2025,22,official_minutes,https://record.assembly.go.kr/assembly/viewer/minutes/xml.do?id=52768&type=view,official_minutes_52768:100:4,2025-03-11,2025-03-10,외교통일위원회,제22대국회 제423회 (임시회) 제1차 외교통일위원회 (2025.03.11.),조정식,6628,security_nk,0.35,1,50
pres_2025,22,official_minutes,https://record.assembly.go.kr/assembly/viewer/minutes/xml.do?id=52768&type=view,official_minutes_52768:102:3,2025-03-11,2025-03-10,외교통일위원회,제22대국회 제423회 (임시회) 제1차 외교통일위원회 (2025.03.11.),조정식,6628,foreign_policy,1.0,1,98
pres_2025,22,official_minutes,https://record.assembly.go.kr/assembly/viewer/minutes/xml.do?id=52768&type=view,official_minutes_52768:102:3,2025-03-11,2025-03-10,외교통일위원회,제22대국회 제423회 (임시회) 제1차 외교통일위원회 (2025.03.11.),조정식,6628,security_nk,1.0,1,98
pres_2025,22,official_minutes,https://record.assembly.go.kr/assembly/viewer/minutes/xml.do?id=52768&type=view,official_minutes_52768:104:2,2025-03-11,2025-03-10,외교통일위원회,제22대국회 제423회 (임시회) 제1차 외교통일위원회 (2025.03.11.),조정식,6628,security_nk,0.35,1,80
pres_2025,22,official_minutes,https://record.assembly.go.kr/assembly/viewer/minutes/xml.do?id=52768&type=view,official_minutes_52768:106:1,2025-03-11,2025-03-10,외교통일위원회,제22대국회 제423회 (임시회) 제1차 외교통일위원회 (2025.03.11.),조정식,6628,foreign_policy,0.35,1,25
pres_2025,22,official_minutes,https://record.assembly.go.kr/assembly/viewer/minutes/xml.do?id=52768&type=view,official_minutes_52768:122:5,2025-03-11,2025-03-10,외교통일위원회,제22대국회 제423회 (임시회) 제1차 외교통일위원회 (2025.03.11.),조정식,6628,economy_growth,0.35,1,201
pres_2025,22,official_minutes,https://record.assembly.go.kr/assembly/viewer/minutes/xml.do?id=52768&type=view,official_minutes_52768:124:1,2025-03-11,2025-03-10,외교통일위원회,제22대국회 제423회 (임시회) 제1차 외교통일위원회 (2025.03.11.),조정식,6628,foreign_policy,0.35,1,46
pres_2025,22,official_minutes,https://record.assembly.go.kr/assembly/viewer/minutes/xml.do?id=52768&type=view,official_minutes_52768:126:7,2025-03-11,2025-03-10,외교통일위원회,제22대국회 제423회 (임시회) 제1차 외교통일위원회 (2025.03.11.),조정식,6628,foreign_policy,0.35,1,28
pres_2025,22,official_minutes,https://record.assembly.go.kr/assembly/viewer/minutes/xml.do?id=52768&type=view,official_minutes_52768:126:8,2025-03-11,2025-03-10,외교통일위원회,제22대국회 제423회 (임시회) 제1차 외교통일위원회 (2025.03.11.),조정식,6628,foreign_policy,0.35,1,56
pres_2025,22,official_minutes,https://record.assembly.go.kr/assembly/viewer/minutes/xml.do?id=52768&type=view,official_minutes_52768:126:10,2025-03-11,2025-03-10,외교통일위원회,제22대국회 제423회 (임시회) 제1차 외교통일위원회 (2025.03.11.),조정식,6628,foreign_policy,1.0,1,63
pres_2025,22,official_minutes,https://record.assembly.go.kr/assembly/viewer/minutes/xml.do?id=52768&type=view,official_minutes_52768:129:3,2025-03-11,2025-03-10,외교통일위원회,제22대국회 제423회 (임시회) 제1차 외교통일위원회 (2025.03.11.),인요한,6773,foreign_policy,0.35,1,65
pres_2025,22,official_minutes,https://record.assembly.go.kr/assembly/viewer/minutes/xml.do?id=52768&type=view,official_minutes_52768:140:1,2025-03-11,2025-03-10,외교통일위원회,제22대국회 제423회 (임시회) 제1차 외교통일위원회 (2025.03.11.),조태열,0,foreign_policy,0.35,1,76
pres_2025,22,official_minutes,https://record.assembly.go.kr/assembly/viewer/minutes/xml.do?id=52768&type=view,official_minutes_52768:143:1,2025-03-11,2025-03-10,외교통일위원회,제22대국회 제423회 (임시회) 제1차 외교통일위원회 (2025.03.11.),인요한,6773,foreign_policy,0.35,1,47
pres_2025,22,official_minutes,https://record.assembly.go.kr/assembly/viewer/minutes/xml.do?id=52768&type=view,official_minutes_52768:147:1,2025-03-11,2025-03-10,외교통일위원회,제22대국회 제423회 (임시회) 제1차 외교통일위원회 (2025.03.11.),이재강,6775,security_nk,0.35,1,33
pres_2025,22,official_minutes,https://record.assembly.go.kr/assembly/viewer/minutes/xml.do?id=52768&type=view,official_minutes_52768:149:4,2025-03-11,2025-03-10,외교통일위원회,제22대국회 제423회 (임시회) 제1차 외교통일위원회 (2025.03.11.),이재강,6775,foreign_policy,0.35,1,125
pres_2025,22,official_minutes,https://record.assembly.go.kr/assembly/viewer/minutes/xml.do?id=52768&type=view,official_minutes_52768:149:5,2025-03-11,2025-03-10,외교통일위원회,제22대국회 제423회 (임시회) 제1차 외교통일위원회 (2025.03.11.),이재강,6775,foreign_policy,0.35,1,71
pres_2025,22,official_minutes,https://record.assembly.go.kr/assembly/viewer/minutes/xml.do?id=52768&type=view,official_minutes_52768:151:13,2025-03-11,2025-03-10,외교통일위원회,제22대국회 제423회 (임시회) 제1차 외교통일위원회 (2025.03.11.),이재강,6775,foreign_policy,0.35,1,27
pres_2025,22,official_minutes,https://record.assembly.go.kr/assembly/viewer/minutes/xml.do?id=52768&type=view,official_minutes_52768:151:15,2025-03-11,2025-03-10,외교통일위원회,제22대국회 제423회 (임시회) 제1차 외교통일위원회 (2025.03.11.),이재강,6775,foreign_policy,0.35,1,21
pres_2025,22,official_minutes,https://record.assembly.go.kr/assembly/viewer/minutes/xml.do?id=52768&type=view,official_minutes_52768:153:1,2025-03-11,2025-03-10,외교통일위원회,제22대국회 제423회 (임시회) 제1차 외교통일위원회 (2025.03.11.),이재강,6775,foreign_policy,0.35,1,71
pres_2025,22,official_minutes,https://record.assembly.go.kr/assembly/viewer/minutes/xml.do?id=52768&type=view,official_minutes_52768:153:4,2025-03-11,2025-03-10,외교통일위원회,제22대국회 제423회 (임시회) 제1차 외교통일위원회 (2025.03.11.),이재강,6775,foreign_policy,0.35,1,17
pres_2025,22,official_minutes,https://record.assembly.go.kr/assembly/viewer/minutes/xml.do?id=52768&type=view,official_minutes_52768:165:1,2025-03-11,2025-03-10,외교통일위원회,제22대국회 제423회 (임시회) 제1차 외교통일위원회 (2025.03.11.),이재강,6775,foreign_policy,0.35,1,53
pres_2025,22,official_minutes,https://record.assembly.go.kr/assembly/viewer/minutes/xml.do?id=52768&type=view,official_minutes_52768:167:1,2025-03-11,2025-03-10,외교통일위원회,제22대국회 제423회 (임시회) 제1차 외교통일위원회 (2025.03.11.),이재강,6775,foreign_policy,0.35,1,15
pres_2025,22,official_minutes,https://record.assembly.go.kr/assembly/viewer/minutes/xml.do?id=52768&type=view,official_minutes_52768:169:1,2025-03-11,2025-03-10,외교통일위원회,제22대국회 제423회 (임시회) 제1차 외교통일위원회 (2025.03.11.),이재강,6775,security_nk,0.35,1,21
pres_2025,22,official_minutes,https://record.assembly.go.kr/assembly/viewer/minutes/xml.do?id=52768&type=view,official_minutes_52768:169:2,2025-03-11,2025-03-10,외교통일위원회,제22대국회 제423회 (임시회) 제1차 외교통일위원회 (2025.03.11.),이재강,6775,security_nk,0.35,1,37
pres_2025,22,official_minutes,https://record.assembly.go.kr/assembly/viewer/minutes/xml.do?id=52768&type=view,official_minutes_52768:169:5,2025-03-11,2025-03-10,외교통일위원회,제22대국회 제423회 (임시회) 제1차 외교통일위원회 (2025.03.11.),이재강,6775,foreign_policy,0.35,1,69
pres_2025,22,official_minutes,https://record.assembly.go.kr/assembly/viewer/minutes/xml.do?id=52768&type=view,official_minutes_52768:171:1,2025-03-11,2025-03-10,외교통일위원회,제22대국회 제423회 (임시회) 제1차 외교통일위원회 (2025.03.11.),이재강,6775,education,0.35,1,92
pres_2025,22,official_minutes,https://record.assembly.go.kr/assembly/viewer/minutes/xml.do?id=52768&type=view,official_minutes_52768:171:2,2025-03-11,2025-03-10,외교통일위원회,제22대국회 제423회 (임시회) 제1차 외교통일위원회 (2025.03.11.),이재강,6775,foreign_policy,0.35,1,27
pres_2025,22,official_minutes,https://record.assembly.go.kr/assembly/viewer/minutes/xml.do?id=52768&type=view,official_minutes_52768:177:1,2025-03-11,2025-03-10,외교통일위원회,제22대국회 제423회 (임시회) 제1차 외교통일위원회 (2025.03.11.),이재강,6775,foreign_policy,0.35,1,77
pres_2025,22,official_minutes,https://record.assembly.go.kr/assembly/viewer/minutes/xml.do?id=52768&type=view,official_minutes_52768:182:1,2025-03-11,2025-03-10,외교통일위원회,제22대국회 제423회 (임시회) 제1차 외교통일위원회 (2025.03.11.),차지호,6851,foreign_policy,0.35,1,17
pres_2025,22,official_minutes,https://record.assembly.go.kr/assembly/viewer/minutes/xml.do?id=52768&type=view,official_minutes_52768:182:2,2025-03-11,2025-03-10,외교통일위원회,제22대국회 제423회 (임시회) 제1차 외교통일위원회 (2025.03.11.),차지호,6851,foreign_policy,0.35,1,68
pres_2025,22,official_minutes,https://record.assembly.go.kr/assembly/viewer/minutes/xml.do?id=52768&type=view,official_minutes_52768:182:3,2025-03-11,2025-03-10,외교통일위원회,제22대국회 제423회 (임시회) 제1차 외교통일위원회 (2025.03.11.),차지호,6851,security_nk,0.35,1,153
pres_2025,22,official_minutes,https://record.assembly.go.kr/assembly/viewer/minutes/xml.do?id=52768&type=view,official_minutes_52768:182:3,2025-03-11,2025-03-10,외교통일위원회,제22대국회 제423회 (임시회) 제1차 외교통일위원회 (2025.03.11.),차지호,6851,foreign_policy,0.35,1,153
pres_2025,22,official_minutes,https://record.assembly.go.kr/assembly/viewer/minutes/xml.do?id=52768&type=view,official_minutes_52768:182:3,2025-03-11,2025-03-10,외교통일위원회,제22대국회 제423회 (임시회) 제1차 외교통일위원회 (2025.03.11.),차지호,6851,inflation_livelihood,0.35,1,153
pres_2025,22,official_minutes,https://record.assembly.go.kr/assembly/viewer/minutes/xml.do?id=52768&type=view,official_minutes_52768:182:4,2025-03-11,2025-03-10,외교통일위원회,제22대국회 제423회 (임시회) 제1차 외교통일위원회 (2025.03.11.),차지호,6851,foreign_policy,0.35,1,103
pres_2025,22,official_minutes,https://record.assembly.go.kr/assembly/viewer/minutes/xml.do?id=52768&type=view,official_minutes_52768:182:5,2025-03-11,2025-03-10,외교통일위원회,제22대국회 제423회 (임시회) 제1차 외교통일위원회 (2025.03.11.),차지호,6851,economy_growth,1.0,1,43
pres_2025,22,official_minutes,https://record.assembly.go.kr/assembly/viewer/minutes/xml.do?id=52768&type=view,official_minutes_52768:184:9,2025-03-11,2025-03-10,외교통일위원회,제22대국회 제423회 (임시회) 제1차 외교통일위원회 (2025.03.11.),차지호,6851,foreign_policy,0.35,1,111
pres_2025,22,official_minutes,https://record.assembly.go.kr/assembly/viewer/minutes/xml.do?id=52768&type=view,official_minutes_52768:184:11,2025-03-11,2025-03-10,외교통일위원회,제22대국회 제423회 (임시회) 제1차 외교통일위원회 (2025.03.11.),차지호,6851,security_nk,0.35,1,83
pres_2025,22,official_minutes,https://record.assembly.go.kr/assembly/viewer/minutes/xml.do?id=52768&type=view,official_minutes_52768:184:13,2025-03-11,2025-03-10,외교통일위원회,제22대국회 제423회 (임시회) 제1차 외교통일위원회 (2025.03.11.),차지호,6851,economy_growth,0.35,1,146
pres_2025,22,official_minutes,https://record.assembly.go.kr/assembly/viewer/minutes/xml.do?id=52768&type=view,official_minutes_52768:184:16,2025-03-11,2025-03-10,외교통일위원회,제22대국회 제423회 (임시회) 제1차 외교통일위원회 (2025.03.11.),차지호,6851,foreign_policy,0.35,1,83
pres_2025,22,official_minutes,https://record.assembly.go.kr/assembly/viewer/minutes/xml.do?id=52768&type=view,official_minutes_52768:184:17,2025-03-11,2025-03-10,외교통일위원회,제22대국회 제423회 (임시회) 제1차 외교통일위원회 (2025.03.11.),차지호,6851,inflation_livelihood,0.75,1,211
pres_2025,22,official_minutes,https://record.assembly.go.kr/assembly/viewer/minutes/xml.do?id=52768&type=view,official_minutes_52768:184:19,2025-03-11,2025-03-10,외교통일위원회,제22대국회 제423회 (임시회) 제1차 외교통일위원회 (2025.03.11.),차지호,6851,economy_growth,0.35,1,174
pres_2025,22,official_minutes,https://record.assembly.go.kr/assembly/viewer/minutes/xml.do?id=52768&type=view,official_minutes_52768:184:19,2025-03-11,2025-03-10,외교통일위원회,제22대국회 제423회 (임시회) 제1차 외교통일위원회 (2025.03.11.),차지호,6851,foreign_policy,0.35,1,174
pres_2025,22,official_minutes,https://record.assembly.go.kr/assembly/viewer/minutes/xml.do?id=52768&type=view,official_minutes_52768:184:24,2025-03-11,2025-03-10,외교통일위원회,제22대국회 제423회 (임시회) 제1차 외교통일위원회 (2025.03.11.),차지호,6851,foreign_policy,0.35,1,153
pres_2025,22,official_minutes,https://record.assembly.go.kr/assembly/viewer/minutes/xml.do?id=52768&type=view,official_minutes_52768:184:26,2025-03-11,2025-03-10,외교통일위원회,제22대국회 제423회 (임시회) 제1차 외교통일위원회 (2025.03.11.),차지호,6851,economy_growth,0.35,1,111
pres_2025,22,official_minutes,https://record.assembly.go.kr/assembly/viewer/minutes/xml.do?id=52768&type=view,official_minutes_52768:186:2,2025-03-11,2025-03-10,외교통일위원회,제22대국회 제423회 (임시회) 제1차 외교통일위원회 (2025.03.11.),차지호,6851,foreign_policy,0.35,1,24
pres_2025,22,official_minutes,https://record.assembly.go.kr/assembly/viewer/minutes/xml.do?id=52768&type=view,official_minutes_52768:190:1,2025-03-11,2025-03-10,외교통일위원회,제22대국회 제423회 (임시회) 제1차 외교통일위원회 (2025.03.11.),차지호,6851,endorsement_event,0.35,1,40
pres_2025,22,official_minutes,https://record.assembly.go.kr/assembly/viewer/minutes/xml.do?id=52768&type=view,official_minutes_52768:193:1,2025-03-11,2025-03-10,외교통일위원회,제22대국회 제423회 (임시회) 제1차 외교통일위원회 (2025.03.11.),권칠승,6585,foreign_policy,0.35,1,39
pres_2025,22,official_minutes,https://record.assembly.go.kr/assembly/viewer/minutes/xml.do?id=52768&type=view,official_minutes_52768:197:2,2025-03-11,2025-03-10,외교통일위원회,제22대국회 제423회 (임시회) 제1차 외교통일위원회 (2025.03.11.),권칠승,6585,endorsement_event,0.35,1,92
pres_2025,22,official_minutes,https://record.assembly.go.kr/assembly/viewer/minutes/xml.do?id=52768&type=view,official_minutes_52768:203:2,2025-03-11,2025-03-10,외교통일위원회,제22대국회 제423회 (임시회) 제1차 외교통일위원회 (2025.03.11.),권칠승,6585,foreign_policy,0.35,1,14
pres_2025,22,official_minutes,https://record.assembly.go.kr/assembly/viewer/minutes/xml.do?id=52768&type=view,official_minutes_52768:231:1,2025-03-11,2025-03-10,외교통일위원회,제22대국회 제423회 (임시회) 제1차 외교통일위원회 (2025.03.11.),권칠승,6585,foreign_policy,0.35,1,36
pres_2025,22,official_minutes,https://record.assembly.go.kr/assembly/viewer/minutes/xml.do?id=52768&type=view,official_minutes_52768:235:2,2025-03-11,2025-03-10,외교통일위원회,제22대국회 제423회 (임시회) 제1차 외교통일위원회 (2025.03.11.),권칠승,6585,foreign_policy,0.35,1,20
pres_2025,22,official_minutes,https://record.assembly.go.kr/assembly/viewer/minutes/xml.do?id=52768&type=view,official_minutes_52768:239:2,2025-03-11,2025-03-10,외교통일위원회,제22대국회 제423회 (임시회) 제1차 외교통일위원회 (2025.03.11.),권칠승,6585,endorsement_event,0.35,1,29
pres_2025,22,official_minutes,https://record.assembly.go.kr/assembly/viewer/minutes/xml.do?id=52768&type=view,official_minutes_52768:239:2,2025-03-11,2025-03-10,외교통일위원회,제22대국회 제423회 (임시회) 제1차 외교통일위원회 (2025.03.11.),권칠승,6585,foreign_policy,0.35,1,29
pres_2025,22,official_minutes,https://record.assembly.go.kr/assembly/viewer/minutes/xml.do?id=52768&type=view,official_minutes_52768:241:1,2025-03-11,2025-03-10,외교통일위원회,제22대국회 제423회 (임시회) 제1차 외교통일위원회 (2025.03.11.),권칠승,6585,foreign_policy,0.35,1,61
pres_2025,22,official_minutes,https://record.assembly.go.kr/assembly/viewer/minutes/xml.do?id=52768&type=view,official_minutes_52768:243:1,2025-03-11,2025-03-10,외교통일위원회,제22대국회 제423회 (임시회) 제1차 외교통일위원회 (2025.03.11.),유용원,6571,foreign_policy,0.35,1,22
pres_2025,22,official_minutes,https://record.assembly.go.kr/assembly/viewer/minutes/xml.do?id=52768&type=view,official_minutes_52768:248:2,2025-03-11,2025-03-10,외교통일위원회,제22대국회 제423회 (임시회) 제1차 외교통일위원회 (2025.03.11.),조태열,0,education,0.35,1,81
pres_2025,22,official_minutes,https://record.assembly.go.kr/assembly/viewer/minutes/xml.do?id=52768&type=view,official_minutes_52768:250:2,2025-03-11,2025-03-10,외교통일위원회,제22대국회 제423회 (임시회) 제1차 외교통일위원회 (2025.03.11.),조태열,0,endorsement_event,0.35,1,138
pres_2025,22,official_minutes,https://record.assembly.go.kr/assembly/viewer/minutes/xml.do?id=52768&type=view,official_minutes_52768:251:12,2025-03-11,2025-03-10,외교통일위원회,제22대국회 제423회 (임시회) 제1차 외교통일위원회 (2025.03.11.),유용원,6571,foreign_policy,0.35,1,37
pres_2025,22,official_minutes,https://record.assembly.go.kr/assembly/viewer/minutes/xml.do?id=52768&type=view,official_minutes_52768:255:4,2025-03-11,2025-03-10,외교통일위원회,제22대국회 제423회 (임시회) 제1차 외교통일위원회 (2025.03.11.),유용원,6571,foreign_policy,0.35,1,55
pres_2025,22,official_minutes,https://record.assembly.go.kr/assembly/viewer/minutes/xml.do?id=52768&type=view,official_minutes_52768:256:1,2025-03-11,2025-03-10,외교통일위원회,제22대국회 제423회 (임시회) 제1차 외교통일위원회 (2025.03.11.),조태열,0,foreign_policy,0.35,1,73
pres_2025,22,official_minutes,https://record.assembly.go.kr/assembly/viewer/minutes/xml.do?id=52768&type=view,official_minutes_52768:259:2,2025-03-11,2025-03-10,외교통일위원회,제22대국회 제423회 (임시회) 제1차 외교통일위원회 (2025.03.11.),유용원,6571,foreign_policy,0.35,1,27
pres_2025,22,official_minutes,https://record.assembly.go.kr/assembly/viewer/minutes/xml.do?id=52768&type=view,official_minutes_52768:261:1,2025-03-11,2025-03-10,외교통일위원회,제22대국회 제423회 (임시회) 제1차 외교통일위원회 (2025.03.11.),유용원,6571,foreign_policy,0.35,1,77
pres_2025,22,official_minutes,https://record.assembly.go.kr/assembly/viewer/minutes/xml.do?id=52768&type=view,official_minutes_52768:266:2,2025-03-11,2025-03-10,외교통일위원회,제22대국회 제423회 (임시회) 제1차 외교통일위원회 (2025.03.11.),윤후덕,6672,foreign_policy,0.35,1,79
pres_2025,22,official_minutes,https://record.assembly.go.kr/assembly/viewer/minutes/xml.do?id=52768&type=view,official_minutes_52768:278:2,2025-03-11,2025-03-10,외교통일위원회,제22대국회 제423회 (임시회) 제1차 외교통일위원회 (2025.03.11.),윤후덕,6672,foreign_policy,0.35,1,35
pres_2025,22,official_minutes,https://record.assembly.go.kr/assembly/viewer/minutes/xml.do?id=52768&type=view,official_minutes_52768:278:5,2025-03-11,2025-03-10,외교통일위원회,제22대국회 제423회 (임시회) 제1차 외교통일위원회 (2025.03.11.),윤후덕,6672,foreign_policy,0.35,1,36
pres_2025,22,official_minutes,https://record.assembly.go.kr/assembly/viewer/minutes/xml.do?id=52768&type=view,official_minutes_52768:280:2,2025-03-11,2025-03-10,외교통일위원회,제22대국회 제423회 (임시회) 제1차 외교통일위원회 (2025.03.11.),윤후덕,6672,security_nk,0.75,1,70
pres_2025,22,official_minutes,https://record.assembly.go.kr/assembly/viewer/minutes/xml.do?id=52768&type=view,official_minutes_52768:282:3,2025-03-11,2025-03-10,외교통일위원회,제22대국회 제423회 (임시회) 제1차 외교통일위원회 (2025.03.11.),윤후덕,6672,foreign_policy,1.0,1,89
pres_2025,22,official_minutes,https://record.assembly.go.kr/assembly/viewer/minutes/xml.do?id=52768&type=view,official_minutes_52768:289:1,2025-03-11,2025-03-10,외교통일위원회,제22대국회 제423회 (임시회) 제1차 외교통일위원회 (2025.03.11.),조태열,0,family_legal_risk,0.35,1,17
pres_2025,22,official_minutes,https://record.assembly.go.kr/assembly/viewer/minutes/xml.do?id=52768&type=view,official_minutes_52768:291:1,2025-03-11,2025-03-10,외교통일위원회,제22대국회 제423회 (임시회) 제1차 외교통일위원회 (2025.03.11.),조태열,0,family_legal_risk,0.35,1,16
pres_2025,22,official_minutes,https://record.assembly.go.kr/assembly/viewer/minutes/xml.do?id=52768&type=view,official_minutes_52768:292:1,2025-03-11,2025-03-10,외교통일위원회,제22대국회 제423회 (임시회) 제1차 외교통일위원회 (2025.03.11.),윤후덕,6672,security_nk,0.35,1,52
pres_2025,22,official_minutes,https://record.assembly.go.kr/assembly/viewer/minutes/xml.do?id=52768&type=view,official_minutes_52768:292:3,2025-03-11,2025-03-10,외교통일위원회,제22대국회 제423회 (임시회) 제1차 외교통일위원회 (2025.03.11.),윤후덕,6672,security_nk,0.35,1,40
pres_2025,22,official_minutes,https://record.assembly.go.kr/assembly/viewer/minutes/xml.do?id=52768&type=view,official_minutes_52768:292:3,2025-03-11,2025-03-10,외교통일위원회,제22대국회 제423회 (임시회) 제1차 외교통일위원회 (2025.03.11.),윤후덕,6672,regional_dev,0.35,1,40
pres_2025,22,official_minutes,https://record.assembly.go.kr/assembly/viewer/minutes/xml.do?id=52768&type=view,official_minutes_52768:296:2,2025-03-11,2025-03-10,외교통일위원회,제22대국회 제423회 (임시회) 제1차 외교통일위원회 (2025.03.11.),윤후덕,6672,security_nk,0.35,1,45
pres_2025,22,official_minutes,https://record.assembly.go.kr/assembly/viewer/minutes/xml.do?id=52768&type=view,official_minutes_52768:296:4,2025-03-11,2025-03-10,외교통일위원회,제22대국회 제423회 (임시회) 제1차 외교통일위원회 (2025.03.11.),윤후덕,6672,security_nk,0.35,1,53
pres_2025,22,official_minutes,https://record.assembly.go.kr/assembly/viewer/minutes/xml.do?id=52768&type=view,official_minutes_52768:297:1,2025-03-11,2025-03-10,외교통일위원회,제22대국회 제423회 (임시회) 제1차 외교통일위원회 (2025.03.11.),김영호,0,security_nk,0.35,1,70
pres_2025,22,official_minutes,https://record.assembly.go.kr/assembly/viewer/minutes/xml.do?id=52768&type=view,official_minutes_52768:297:2,2025-03-11,2025-03-10,외교통일위원회,제22대국회 제423회 (임시회) 제1차 외교통일위원회 (2025.03.11.),김영호,0,security_nk,0.35,1,37
pres_2025,22,official_minutes,https://record.assembly.go.kr/assembly/viewer/minutes/xml.do?id=52768&type=view,official_minutes_52768:300:2,2025-03-11,2025-03-10,외교통일위원회,제22대국회 제423회 (임시회) 제1차 외교통일위원회 (2025.03.11.),윤후덕,6672,foreign_policy,0.35,1,42
pres_2025,22,official_minutes,https://record.assembly.go.kr/assembly/viewer/minutes/xml.do?id=52768&type=view,official_minutes_52768:300:3,2025-03-11,2025-03-10,외교통일위원회,제22대국회 제423회 (임시회) 제1차 외교통일위원회 (2025.03.11.),윤후덕,6672,foreign_policy,0.35,1,33
pres_2025,22,official_minutes,https://record.assembly.go.kr/assembly/viewer/minutes/xml.do?id=52768&type=view,official_minutes_52768:306:2,2025-03-11,2025-03-10,외교통일위원회,제22대국회 제423회 (임시회) 제1차 외교통일위원회 (2025.03.11.),김태호,6657,regional_dev,0.35,1,86
pres_2025,22,official_minutes,https://record.assembly.go.kr/assembly/viewer/minutes/xml.do?id=52768&type=view,official_minutes_52768:308:1,2025-03-11,2025-03-10,외교통일위원회,제22대국회 제423회 (임시회) 제1차 외교통일위원회 (2025.03.11.),김태호,6657,regional_dev,0.35,1,126
pres_2025,22,official_minutes,https://record.assembly.go.kr/assembly/viewer/minutes/xml.do?id=52768&type=view,official_minutes_52768:308:4,2025-03-11,2025-03-10,외교통일위원회,제22대국회 제423회 (임시회) 제1차 외교통일위원회 (2025.03.11.),김태호,6657,security_nk,0.35,1,96
pres_2025,22,official_minutes,https://record.assembly.go.kr/assembly/viewer/minutes/xml.do?id=52768&type=view,official_minutes_52768:309:1,2025-03-11,2025-03-10,외교통일위원회,제22대국회 제423회 (임시회) 제1차 외교통일위원회 (2025.03.11.),조태열,0,foreign_policy,0.35,1,110
pres_2025,22,official_minutes,https://record.assembly.go.kr/assembly/viewer/minutes/xml.do?id=52768&type=view,official_minutes_52768:309:2,2025-03-11,2025-03-10,외교통일위원회,제22대국회 제423회 (임시회) 제1차 외교통일위원회 (2025.03.11.),조태열,0,foreign_policy,0.35,1,126
pres_2025,22,official_minutes,https://record.assembly.go.kr/assembly/viewer/minutes/xml.do?id=52768&type=view,official_minutes_52768:312:1,2025-03-11,2025-03-10,외교통일위원회,제22대국회 제423회 (임시회) 제1차 외교통일위원회 (2025.03.11.),김태호,6657,regional_dev,0.35,1,102
pres_2025,22,official_minutes,https://record.assembly.go.kr/assembly/viewer/minutes/xml.do?id=52768&type=view,official_minutes_52768:319:1,2025-03-11,2025-03-10,외교통일위원회,제22대국회 제423회 (임시회) 제1차 외교통일위원회 (2025.03.11.),김영호,0,family_legal_risk,0.35,1,59
pres_2025,22,official_minutes,https://record.assembly.go.kr/assembly/viewer/minutes/xml.do?id=52768&type=view,official_minutes_52768:319:1,2025-03-11,2025-03-10,외교통일위원회,제22대국회 제423회 (임시회) 제1차 외교통일위원회 (2025.03.11.),김영호,0,external_shock,0.35,1,59
pres_2025,22,official_minutes,https://record.assembly.go.kr/assembly/viewer/minutes/xml.do?id=52768&type=view,official_minutes_52768:319:2,2025-03-11,2025-03-10,외교통일위원회,제22대국회 제423회 (임시회) 제1차 외교통일위원회 (2025.03.11.),김영호,0,family_legal_risk,0.35,1,78
pres_2025,22,official_minutes,https://record.assembly.go.kr/assembly/viewer/minutes/xml.do?id=52768&type=view,official_minutes_52768:324:2,2025-03-11,2025-03-10,외교통일위원회,제22대국회 제423회 (임시회) 제1차 외교통일위원회 (2025.03.11.),위성락,6776,foreign_policy,0.35,1,17
pres_2025,22,official_minutes,https://record.assembly.go.kr/assembly/viewer/minutes/xml.do?id=52768&type=view,official_minutes_52768:326:4,2025-03-11,2025-03-10,외교통일위원회,제22대국회 제423회 (임시회) 제1차 외교통일위원회 (2025.03.11.),위성락,6776,regional_dev,0.35,1,43
pres_2025,22,official_minutes,https://record.assembly.go.kr/assembly/viewer/minutes/xml.do?id=52768&type=view,official_minutes_52768:326:6,2025-03-11,2025-03-10,외교통일위원회,제22대국회 제423회 (임시회) 제1차 외교통일위원회 (2025.03.11.),위성락,6776,endorsement_event,0.35,1,208
pres_2025,22,official_minutes,https://record.assembly.go.kr/assembly/viewer/minutes/xml.do?id=52768&type=view,official_minutes_52768:326:8,2025-03-11,2025-03-10,외교통일위원회,제22대국회 제423회 (임시회) 제1차 외교통일위원회 (2025.03.11.),위성락,6776,foreign_policy,0.35,1,71
pres_2025,22,official_minutes,https://record.assembly.go.kr/assembly/viewer/minutes/xml.do?id=52768&type=view,official_minutes_52768:330:2,2025-03-11,2025-03-10,외교통일위원회,제22대국회 제423회 (임시회) 제1차 외교통일위원회 (2025.03.11.),위성락,6776,corruption_integrity,0.35,1,72
pres_2025,22,official_minutes,https://record.assembly.go.kr/assembly/viewer/minutes/xml.do?id=52768&type=view,official_minutes_52768:334:2,2025-03-11,2025-03-10,외교통일위원회,제22대국회 제423회 (임시회) 제1차 외교통일위원회 (2025.03.11.),이재정,6653,foreign_policy,0.35,1,16
pres_2025,22,official_minutes,https://record.assembly.go.kr/assembly/viewer/minutes/xml.do?id=52768&type=view,official_minutes_52768:338:1,2025-03-11,2025-03-10,외교통일위원회,제22대국회 제423회 (임시회) 제1차 외교통일위원회 (2025.03.11.),이재정,6653,foreign_policy,0.35,1,111
pres_2025,22,official_minutes,https://record.assembly.go.kr/assembly/viewer/minutes/xml.do?id=52768&type=view,official_minutes_52768:344:1,2025-03-11,2025-03-10,외교통일위원회,제22대국회 제423회 (임시회) 제1차 외교통일위원회 (2025.03.11.),이재정,6653,foreign_policy,0.35,1,88
pres_2025,22,official_minutes,https://record.assembly.go.kr/assembly/viewer/minutes/xml.do?id=52768&type=view,official_minutes_52768:348:6,2025-03-11,2025-03-10,외교통일위원회,제22대국회 제423회 (임시회) 제1차 외교통일위원회 (2025.03.11.),이재정,6653,foreign_policy,1.0,1,106
pres_2025,22,official_minutes,https://record.assembly.go.kr/assembly/viewer/minutes/xml.do?id=52768&type=view,official_minutes_52768:350:3,2025-03-11,2025-03-10,외교통일위원회,제22대국회 제423회 (임시회) 제1차 외교통일위원회 (2025.03.11.),이재정,6653,foreign_policy,0.35,1,175
pres_2025,22,official_minutes,https://record.assembly.go.kr/assembly/viewer/minutes/xml.do?id=52768&type=view,official_minutes_52768:352:10,2025-03-11,2025-03-10,외교통일위원회,제22대국회 제423회 (임시회) 제1차 외교통일위원회 (2025.03.11.),이재정,6653,foreign_policy,0.35,1,65
pres_2025,22,official_minutes,https://record.assembly.go.kr/assembly/viewer/minutes/xml.do?id=52768&type=view,official_minutes_52768:354:1,2025-03-11,2025-03-10,외교통일위원회,제22대국회 제423회 (임시회) 제1차 외교통일위원회 (2025.03.11.),이재정,6653,foreign_policy,0.35,1,51
pres_2025,22,official_minutes,https://record.assembly.go.kr/assembly/viewer/minutes/xml.do?id=52768&type=view,official_minutes_52768:361:6,2025-03-11,2025-03-10,외교통일위원회,제22대국회 제423회 (임시회) 제1차 외교통일위원회 (2025.03.11.),김건,6822,endorsement_event,0.35,1,126
pres_2025,22,official_minutes,https://record.assembly.go.kr/assembly/viewer/minutes/xml.do?id=52768&type=view,official_minutes_52768:361:12,2025-03-11,2025-03-10,외교통일위원회,제22대국회 제423회 (임시회) 제1차 외교통일위원회 (2025.03.11.),김건,6822,family_legal_risk,0.35,1,63
pres_2025,22,official_minutes,https://record.assembly.go.kr/assembly/viewer/minutes/xml.do?id=52768&type=view,official_minutes_52768:361:16,2025-03-11,2025-03-10,외교통일위원회,제22대국회 제423회 (임시회) 제1차 외교통일위원회 (2025.03.11.),김건,6822,foreign_policy,0.35,1,130
pres_2025,22,official_minutes,https://record.assembly.go.kr/assembly/viewer/minutes/xml.do?id=52768&type=view,official_minutes_52768:377:1,2025-03-11,2025-03-10,외교통일위원회,제22대국회 제423회 (임시회) 제1차 외교통일위원회 (2025.03.11.),김건,6822,security_nk,0.75,1,33
pres_2025,22,official_minutes,https://record.assembly.go.kr/assembly/viewer/minutes/xml.do?id=52768&type=view,official_minutes_52768:379:3,2025-03-11,2025-03-10,외교통일위원회,제22대국회 제423회 (임시회) 제1차 외교통일위원회 (2025.03.11.),김건,6822,security_nk,0.35,1,107
pres_2025,22,official_minutes,https://record.assembly.go.kr/assembly/viewer/minutes/xml.do?id=52768&type=view,official_minutes_52768:379:5,2025-03-11,2025-03-10,외교통일위원회,제22대국회 제423회 (임시회) 제1차 외교통일위원회 (2025.03.11.),김건,6822,security_nk,0.75,1,67
pres_2025,22,official_minutes,https://record.assembly.go.kr/assembly/viewer/minutes/xml.do?id=52768&type=view,official_minutes_52768:392:2,2025-03-11,2025-03-10,외교통일위원회,제22대국회 제423회 (임시회) 제1차 외교통일위원회 (2025.03.11.),김영배,6600,foreign_policy,0.35,1,51
pres_2025,22,official_minutes,https://record.assembly.go.kr/assembly/viewer/minutes/xml.do?id=52768&type=view,official_minutes_52768:412:1,2025-03-11,2025-03-10,외교통일위원회,제22대국회 제423회 (임시회) 제1차 외교통일위원회 (2025.03.11.),김영배,6600,foreign_policy,0.35,1,32
pres_2025,22,official_minutes,https://record.assembly.go.kr/assembly/viewer/minutes/xml.do?id=52768&type=view,official_minutes_52768:428:8,2025-03-11,2025-03-10,외교통일위원회,제22대국회 제423회 (임시회) 제1차 외교통일위원회 (2025.03.11.),김영배,6600,foreign_policy,0.35,1,106
pres_2025,22,official_minutes,https://record.assembly.go.kr/assembly/viewer/minutes/xml.do?id=52768&type=view,official_minutes_52768:428:10,2025-03-11,2025-03-10,외교통일위원회,제22대국회 제423회 (임시회) 제1차 외교통일위원회 (2025.03.11.),김영배,6600,foreign_policy,0.35,1,19
pres_2025,22,official_minutes,https://record.assembly.go.kr/assembly/viewer/minutes/xml.do?id=52768&type=view,official_minutes_52768:428:13,2025-03-11,2025-03-10,외교통일위원회,제22대국회 제423회 (임시회) 제1차 외교통일위원회 (2025.03.11.),김영배,6600,foreign_policy,0.35,1,66
pres_2025,22,official_minutes,https://record.assembly.go.kr/assembly/viewer/minutes/xml.do?id=52768&type=view,official_minutes_52768:439:1,2025-03-11,2025-03-10,외교통일위원회,제22대국회 제423회 (임시회) 제1차 외교통일위원회 (2025.03.11.),조태열,0,foreign_policy,0.35,1,53
pres_2025,22,official_minutes,https://record.assembly.go.kr/assembly/viewer/minutes/xml.do?id=52768&type=view,official_minutes_52768:445:1,2025-03-11,2025-03-10,외교통일위원회,제22대국회 제423회 (임시회) 제1차 외교통일위원회 (2025.03.11.),홍기원,6610,foreign_policy,0.35,1,16
pres_2025,22,official_minutes,https://record.assembly.go.kr/assembly/viewer/minutes/xml.do?id=52768&type=view,official_minutes_52768:447:1,2025-03-11,2025-03-10,외교통일위원회,제22대국회 제423회 (임시회) 제1차 외교통일위원회 (2025.03.11.),홍기원,6610,external_shock,1.0,1,206
pres_2025,22,official_minutes,https://record.assembly.go.kr/assembly/viewer/minutes/xml.do?id=52768&type=view,official_minutes_52768:447:1,2025-03-11,2025-03-10,외교통일위원회,제22대국회 제423회 (임시회) 제1차 외교통일위원회 (2025.03.11.),홍기원,6610,security_nk,0.35,1,206
pres_2025,22,official_minutes,https://record.assembly.go.kr/assembly/viewer/minutes/xml.do?id=52768&type=view,official_minutes_52768:447:5,2025-03-11,2025-03-10,외교통일위원회,제22대국회 제423회 (임시회) 제1차 외교통일위원회 (2025.03.11.),홍기원,6610,foreign_policy,0.35,1,87
pres_2025,22,official_minutes,https://record.assembly.go.kr/assembly/viewer/minutes/xml.do?id=52768&type=view,official_minutes_52768:449:4,2025-03-11,2025-03-10,외교통일위원회,제22대국회 제423회 (임시회) 제1차 외교통일위원회 (2025.03.11.),홍기원,6610,foreign_policy,0.35,1,54
pres_2025,22,official_minutes,https://record.assembly.go.kr/assembly/viewer/minutes/xml.do?id=52768&type=view,official_minutes_52768:449:7,2025-03-11,2025-03-10,외교통일위원회,제22대국회 제423회 (임시회) 제1차 외교통일위원회 (2025.03.11.),홍기원,6610,foreign_policy,1.0,1,63
pres_2025,22,official_minutes,https://record.assembly.go.kr/assembly/viewer/minutes/xml.do?id=52768&type=view,official_minutes_52768:449:9,2025-03-11,2025-03-10,외교통일위원회,제22대국회 제423회 (임시회) 제1차 외교통일위원회 (2025.03.11.),홍기원,6610,foreign_policy,0.35,1,116
pres_2025,22,official_minutes,https://record.assembly.go.kr/assembly/viewer/minutes/xml.do?id=52768&type=view,official_minutes_52768:450:4,2025-03-11,2025-03-10,외교통일위원회,제22대국회 제423회 (임시회) 제1차 외교통일위원회 (2025.03.11.),조태열,0,regional_dev,0.35,1,99
pres_2025,22,official_minutes,https://record.assembly.go.kr/assembly/viewer/minutes/xml.do?id=52768&type=view,official_minutes_52768:450:5,2025-03-11,2025-03-10,외교통일위원회,제22대국회 제423회 (임시회) 제1차 외교통일위원회 (2025.03.11.),조태열,0,foreign_policy,0.35,1,13
pres_2025,22,official_minutes,https://record.assembly.go.kr/assembly/viewer/minutes/xml.do?id=52768&type=view,official_minutes_52768:455:1,2025-03-11,2025-03-10,외교통일위원회,제22대국회 제423회 (임시회) 제1차 외교통일위원회 (2025.03.11.),한정애,6616,foreign_policy,0.35,1,15
pres_2025,22,official_minutes,https://record.assembly.go.kr/assembly/viewer/minutes/xml.do?id=52768&type=view,official_minutes_52768:457:8,2025-03-11,2025-03-10,외교통일위원회,제22대국회 제423회 (임시회) 제1차 외교통일위원회 (2025.03.11.),한정애,6616,foreign_policy,0.35,1,122
pres_2025,22,official_minutes,https://record.assembly.go.kr/assembly/viewer/minutes/xml.do?id=52768&type=view,official_minutes_52768:463:1,2025-03-11,2025-03-10,외교통일위원회,제22대국회 제423회 (임시회) 제1차 외교통일위원회 (2025.03.11.),김기웅,6840,security_nk,1.0,1,40
pres_2025,22,official_minutes,https://record.assembly.go.kr/assembly/viewer/minutes/xml.do?id=52768&type=view,official_minutes_52768:463:2,2025-03-11,2025-03-10,외교통일위원회,제22대국회 제423회 (임시회) 제1차 외교통일위원회 (2025.03.11.),김기웅,6840,security_nk,0.35,1,25
pres_2025,22,official_minutes,https://record.assembly.go.kr/assembly/viewer/minutes/xml.do?id=52768&type=view,official_minutes_52768:463:3,2025-03-11,2025-03-10,외교통일위원회,제22대국회 제423회 (임시회) 제1차 외교통일위원회 (2025.03.11.),김기웅,6840,security_nk,0.75,1,57
pres_2025,22,official_minutes,https://record.assembly.go.kr/assembly/viewer/minutes/xml.do?id=52768&type=view,official_minutes_52768:463:4,2025-03-11,2025-03-10,외교통일위원회,제22대국회 제423회 (임시회) 제1차 외교통일위원회 (2025.03.11.),김기웅,6840,security_nk,0.35,1,46
pres_2025,22,official_minutes,https://record.assembly.go.kr/assembly/viewer/minutes/xml.do?id=52768&type=view,official_minutes_52768:463:7,2025-03-11,2025-03-10,외교통일위원회,제22대국회 제423회 (임시회) 제1차 외교통일위원회 (2025.03.11.),김기웅,6840,security_nk,0.35,1,128
pres_2025,22,official_minutes,https://record.assembly.go.kr/assembly/viewer/minutes/xml.do?id=52768&type=view,official_minutes_52768:463:8,2025-03-11,2025-03-10,외교통일위원회,제22대국회 제423회 (임시회) 제1차 외교통일위원회 (2025.03.11.),김기웅,6840,security_nk,0.35,1,147
pres_2025,22,official_minutes,https://record.assembly.go.kr/assembly/viewer/minutes/xml.do?id=52768&type=view,official_minutes_52768:463:9,2025-03-11,2025-03-10,외교통일위원회,제22대국회 제423회 (임시회) 제1차 외교통일위원회 (2025.03.11.),김기웅,6840,candidate_competence,0.35,1,135
pres_2025,22,official_minutes,https://record.assembly.go.kr/assembly/viewer/minutes/xml.do?id=52768&type=view,official_minutes_52768:463:10,2025-03-11,2025-03-10,외교통일위원회,제22대국회 제423회 (임시회) 제1차 외교통일위원회 (2025.03.11.),김기웅,6840,security_nk,0.35,1,95
pres_2025,22,official_minutes,https://record.assembly.go.kr/assembly/viewer/minutes/xml.do?id=52768&type=view,official_minutes_52768:463:12,2025-03-11,2025-03-10,외교통일위원회,제22대국회 제423회 (임시회) 제1차 외교통일위원회 (2025.03.11.),김기웅,6840,security_nk,0.35,1,319
pres_2025,22,official_minutes,https://record.assembly.go.kr/assembly/viewer/minutes/xml.do?id=52768&type=view,official_minutes_52768:463:13,2025-03-11,2025-03-10,외교통일위원회,제22대국회 제423회 (임시회) 제1차 외교통일위원회 (2025.03.11.),김기웅,6840,foreign_policy,0.35,1,341
pres_2025,22,official_minutes,https://record.assembly.go.kr/assembly/viewer/minutes/xml.do?id=52768&type=view,official_minutes_52768:464:1,2025-03-11,2025-03-10,외교통일위원회,제22대국회 제423회 (임시회) 제1차 외교통일위원회 (2025.03.11.),조태열,0,security_nk,0.75,1,74
pres_2025,22,official_minutes,https://record.assembly.go.kr/assembly/viewer/minutes/xml.do?id=52768&type=view,official_minutes_52768:466:1,2025-03-11,2025-03-10,외교통일위원회,제22대국회 제423회 (임시회) 제1차 외교통일위원회 (2025.03.11.),권칠승,6585,foreign_policy,0.35,1,64
pres_2025,22,official_minutes,https://record.assembly.go.kr/assembly/viewer/minutes/xml.do?id=52768&type=view,official_minutes_52768:472:1,2025-03-11,2025-03-10,외교통일위원회,제22대국회 제423회 (임시회) 제1차 외교통일위원회 (2025.03.11.),권칠승,6585,foreign_policy,0.35,1,26
pres_2025,22,official_minutes,https://record.assembly.go.kr/assembly/viewer/minutes/xml.do?id=52768&type=view,official_minutes_52768:478:3,2025-03-11,2025-03-10,외교통일위원회,제22대국회 제423회 (임시회) 제1차 외교통일위원회 (2025.03.11.),권칠승,6585,security_nk,0.35,1,84
pres_2025,22,official_minutes,https://record.assembly.go.kr/assembly/viewer/minutes/xml.do?id=52768&type=view,official_minutes_52768:478:5,2025-03-11,2025-03-10,외교통일위원회,제22대국회 제423회 (임시회) 제1차 외교통일위원회 (2025.03.11.),권칠승,6585,security_nk,0.35,1,83
pres_2025,22,official_minutes,https://record.assembly.go.kr/assembly/viewer/minutes/xml.do?id=52768&type=view,official_minutes_52768:482:3,2025-03-11,2025-03-10,외교통일위원회,제22대국회 제423회 (임시회) 제1차 외교통일위원회 (2025.03.11.),권칠승,6585,jobs_labor,0.35,1,94
pres_2025,22,official_minutes,https://record.assembly.go.kr/assembly/viewer/minutes/xml.do?id=52768&type=view,official_minutes_52768:484:4,2025-03-11,2025-03-10,외교통일위원회,제22대국회 제423회 (임시회) 제1차 외교통일위원회 (2025.03.11.),권칠승,6585,foreign_policy,0.35,1,52
pres_2025,22,official_minutes,https://record.assembly.go.kr/assembly/viewer/minutes/xml.do?id=52768&type=view,official_minutes_52768:486:1,2025-03-11,2025-03-10,외교통일위원회,제22대국회 제423회 (임시회) 제1차 외교통일위원회 (2025.03.11.),권칠승,6585,security_nk,0.35,1,50
pres_2025,22,official_minutes,https://record.assembly.go.kr/assembly/viewer/minutes/xml.do?id=52768&type=view,official_minutes_52768:487:1,2025-03-11,2025-03-10,외교통일위원회,제22대국회 제423회 (임시회) 제1차 외교통일위원회 (2025.03.11.),조태열,0,foreign_policy,0.35,1,35
pres_2025,22,official_minutes,https://record.assembly.go.kr/assembly/viewer/minutes/xml.do?id=52768&type=view,official_minutes_52768:488:4,2025-03-11,2025-03-10,외교통일위원회,제22대국회 제423회 (임시회) 제1차 외교통일위원회 (2025.03.11.),권칠승,6585,security_nk,0.35,1,45
pres_2025,22,official_minutes,https://record.assembly.go.kr/assembly/viewer/minutes/xml.do?id=52768&type=view,official_minutes_52768:492:2,2025-03-11,2025-03-10,외교통일위원회,제22대국회 제423회 (임시회) 제1차 외교통일위원회 (2025.03.11.),유용원,6571,foreign_policy,0.35,1,26
pres_2025,22,official_minutes,https://record.assembly.go.kr/assembly/viewer/minutes/xml.do?id=52768&type=view,official_minutes_52768:492:2,2025-03-11,2025-03-10,외교통일위원회,제22대국회 제423회 (임시회) 제1차 외교통일위원회 (2025.03.11.),유용원,6571,external_shock,0.35,1,26
pres_2025,22,official_minutes,https://record.assembly.go.kr/assembly/viewer/minutes/xml.do?id=52768&type=view,official_minutes_52768:494:1,2025-03-11,2025-03-10,외교통일위원회,제22대국회 제423회 (임시회) 제1차 외교통일위원회 (2025.03.11.),유용원,6571,external_shock,0.35,1,58
pres_2025,22,official_minutes,https://record.assembly.go.kr/assembly/viewer/minutes/xml.do?id=52768&type=view,official_minutes_52768:495:1,2025-03-11,2025-03-10,외교통일위원회,제22대국회 제423회 (임시회) 제1차 외교통일위원회 (2025.03.11.),조태열,0,external_shock,0.35,1,126
pres_2025,22,official_minutes,https://record.assembly.go.kr/assembly/viewer/minutes/xml.do?id=52768&type=view,official_minutes_52768:495:2,2025-03-11,2025-03-10,외교통일위원회,제22대국회 제423회 (임시회) 제1차 외교통일위원회 (2025.03.11.),조태열,0,external_shock,0.35,1,31
pres_2025,22,official_minutes,https://record.assembly.go.kr/assembly/viewer/minutes/xml.do?id=52768&type=view,official_minutes_52768:499:1,2025-03-11,2025-03-10,외교통일위원회,제22대국회 제423회 (임시회) 제1차 외교통일위원회 (2025.03.11.),조태열,0,external_shock,0.35,1,74
pres_2025,22,official_minutes,https://record.assembly.go.kr/assembly/viewer/minutes/xml.do?id=52768&type=view,official_minutes_52768:499:2,2025-03-11,2025-03-10,외교통일위원회,제22대국회 제423회 (임시회) 제1차 외교통일위원회 (2025.03.11.),조태열,0,external_shock,0.35,1,31
pres_2025,22,official_minutes,https://record.assembly.go.kr/assembly/viewer/minutes/xml.do?id=52768&type=view,official_minutes_52768:500:2,2025-03-11,2025-03-10,외교통일위원회,제22대국회 제423회 (임시회) 제1차 외교통일위원회 (2025.03.11.),유용원,6571,family_legal_risk,0.35,1,148
pres_2025,22,official_minutes,https://record.assembly.go.kr/assembly/viewer/minutes/xml.do?id=52768&type=view,official_minutes_52768:504:4,2025-03-11,2025-03-10,외교통일위원회,제22대국회 제423회 (임시회) 제1차 외교통일위원회 (2025.03.11.),위성락,6776,foreign_policy,0.35,1,91
pres_2025,22,official_minutes,https://record.assembly.go.kr/assembly/viewer/minutes/xml.do?id=52768&type=view,official_minutes_52768:504:7,2025-03-11,2025-03-10,외교통일위원회,제22대국회 제423회 (임시회) 제1차 외교통일위원회 (2025.03.11.),위성락,6776,foreign_policy,0.35,1,66
pres_2025,22,official_minutes,https://record.assembly.go.kr/assembly/viewer/minutes/xml.do?id=52768&type=view,official_minutes_52768:512:1,2025-03-11,2025-03-10,외교통일위원회,제22대국회 제423회 (임시회) 제1차 외교통일위원회 (2025.03.11.),위성락,6776,foreign_policy,0.35,1,69
pres_2025,22,official_minutes,https://record.assembly.go.kr/assembly/viewer/minutes/xml.do?id=52768&type=view,official_minutes_52768:514:6,2025-03-11,2025-03-10,외교통일위원회,제22대국회 제423회 (임시회) 제1차 외교통일위원회 (2025.03.11.),이재정,6653,security_nk,0.35,1,274
pres_2025,22,official_minutes,https://record.assembly.go.kr/assembly/viewer/minutes/xml.do?id=52768&type=view,official_minutes_52768:514:6,2025-03-11,2025-03-10,외교통일위원회,제22대국회 제423회 (임시회) 제1차 외교통일위원회 (2025.03.11.),이재정,6653,economy_growth,0.35,1,274
pres_2025,22,official_minutes,https://record.assembly.go.kr/assembly/viewer/minutes/xml.do?id=52768&type=view,official_minutes_52768:514:6,2025-03-11,2025-03-10,외교통일위원회,제22대국회 제423회 (임시회) 제1차 외교통일위원회 (2025.03.11.),이재정,6653,candidate_competence,0.35,1,274
pres_2025,22,official_minutes,https://record.assembly.go.kr/assembly/viewer/minutes/xml.do?id=52768&type=view,official_minutes_52768:514:9,2025-03-11,2025-03-10,외교통일위원회,제22대국회 제423회 (임시회) 제1차 외교통일위원회 (2025.03.11.),이재정,6653,candidate_competence,0.35,1,93
pres_2025,22,official_minutes,https://record.assembly.go.kr/assembly/viewer/minutes/xml.do?id=52768&type=view,official_minutes_52768:514:11,2025-03-11,2025-03-10,외교통일위원회,제22대국회 제423회 (임시회) 제1차 외교통일위원회 (2025.03.11.),이재정,6653,foreign_policy,0.35,1,157
pres_2025,22,official_minutes,https://record.assembly.go.kr/assembly/viewer/minutes/xml.do?id=52768&type=view,official_minutes_52768:514:11,2025-03-11,2025-03-10,외교통일위원회,제22대국회 제423회 (임시회) 제1차 외교통일위원회 (2025.03.11.),이재정,6653,economy_growth,0.35,1,157
pres_2025,22,official_minutes,https://record.assembly.go.kr/assembly/viewer/minutes/xml.do?id=52768&type=view,official_minutes_52768:514:11,2025-03-11,2025-03-10,외교통일위원회,제22대국회 제423회 (임시회) 제1차 외교통일위원회 (2025.03.11.),이재정,6653,security_nk,0.35,1,157
pres_2025,22,official_minutes,https://record.assembly.go.kr/assembly/viewer/minutes/xml.do?id=52768&type=view,official_minutes_52768:516:3,2025-03-11,2025-03-10,외교통일위원회,제22대국회 제423회 (임시회) 제1차 외교통일위원회 (2025.03.11.),이재정,6653,foreign_policy,0.35,1,71
pres_2025,22,official_minutes,https://record.assembly.go.kr/assembly/viewer/minutes/xml.do?id=52768&type=view,official_minutes_52768:516:5,2025-03-11,2025-03-10,외교통일위원회,제22대국회 제423회 (임시회) 제1차 외교통일위원회 (2025.03.11.),이재정,6653,inflation_livelihood,0.35,1,82
pres_2025,22,official_minutes,https://record.assembly.go.kr/assembly/viewer/minutes/xml.do?id=52768&type=view,official_minutes_52768:516:5,2025-03-11,2025-03-10,외교통일위원회,제22대국회 제423회 (임시회) 제1차 외교통일위원회 (2025.03.11.),이재정,6653,jobs_labor,0.35,1,82
pres_2025,22,official_minutes,https://record.assembly.go.kr/assembly/viewer/minutes/xml.do?id=52768&type=view,official_minutes_52768:516:6,2025-03-11,2025-03-10,외교통일위원회,제22대국회 제423회 (임시회) 제1차 외교통일위원회 (2025.03.11.),이재정,6653,foreign_policy,0.35,1,124
pres_2025,22,official_minutes,https://record.assembly.go.kr/assembly/viewer/minutes/xml.do?id=52768&type=view,official_minutes_52768:519:1,2025-03-11,2025-03-10,외교통일위원회,제22대국회 제423회 (임시회) 제1차 외교통일위원회 (2025.03.11.),김건,6822,foreign_policy,0.35,1,32
pres_2025,22,official_minutes,https://record.assembly.go.kr/assembly/viewer/minutes/xml.do?id=52768&type=view,official_minutes_52768:519:2,2025-03-11,2025-03-10,외교통일위원회,제22대국회 제423회 (임시회) 제1차 외교통일위원회 (2025.03.11.),김건,6822,external_shock,1.0,1,111
pres_2025,22,official_minutes,https://record.assembly.go.kr/assembly/viewer/minutes/xml.do?id=52768&type=view,official_minutes_52768:519:3,2025-03-11,2025-03-10,외교통일위원회,제22대국회 제423회 (임시회) 제1차 외교통일위원회 (2025.03.11.),김건,6822,endorsement_event,0.35,1,76
pres_2025,22,official_minutes,https://record.assembly.go.kr/assembly/viewer/minutes/xml.do?id=52768&type=view,official_minutes_52768:519:8,2025-03-11,2025-03-10,외교통일위원회,제22대국회 제423회 (임시회) 제1차 외교통일위원회 (2025.03.11.),김건,6822,foreign_policy,0.35,1,105
pres_2025,22,official_minutes,https://record.assembly.go.kr/assembly/viewer/minutes/xml.do?id=52768&type=view,official_minutes_52768:519:11,2025-03-11,2025-03-10,외교통일위원회,제22대국회 제423회 (임시회) 제1차 외교통일위원회 (2025.03.11.),김건,6822,regional_dev,0.35,1,47
pres_2025,22,official_minutes,https://record.assembly.go.kr/assembly/viewer/minutes/xml.do?id=52768&type=view,official_minutes_52768:519:14,2025-03-11,2025-03-10,외교통일위원회,제22대국회 제423회 (임시회) 제1차 외교통일위원회 (2025.03.11.),김건,6822,foreign_policy,0.35,1,149
pres_2025,22,official_minutes,https://record.assembly.go.kr/assembly/viewer/minutes/xml.do?id=52768&type=view,official_minutes_52768:520:1,2025-03-11,2025-03-10,외교통일위원회,제22대국회 제423회 (임시회) 제1차 외교통일위원회 (2025.03.11.),조태열,0,foreign_policy,0.35,1,85
pres_2025,22,official_minutes,https://record.assembly.go.kr/assembly/viewer/minutes/xml.do?id=52768&type=view,official_minutes_52768:520:5,2025-03-11,2025-03-10,외교통일위원회,제22대국회 제423회 (임시회) 제1차 외교통일위원회 (2025.03.11.),조태열,0,foreign_policy,0.35,1,55
pres_2025,22,official_minutes,https://record.assembly.go.kr/assembly/viewer/minutes/xml.do?id=52768&type=view,official_minutes_52768:520:8,2025-03-11,2025-03-10,외교통일위원회,제22대국회 제423회 (임시회) 제1차 외교통일위원회 (2025.03.11.),조태열,0,security_nk,0.35,1,61
pres_2025,22,official_minutes,https://record.assembly.go.kr/assembly/viewer/minutes/xml.do?id=52768&type=view,official_minutes_52768:522:1,2025-03-11,2025-03-10,외교통일위원회,제22대국회 제423회 (임시회) 제1차 외교통일위원회 (2025.03.11.),김영배,6600,foreign_policy,0.35,1,62
pres_2025,22,official_minutes,https://record.assembly.go.kr/assembly/viewer/minutes/xml.do?id=52768&type=view,official_minutes_52768:525:1,2025-03-11,2025-03-10,외교통일위원회,제22대국회 제423회 (임시회) 제1차 외교통일위원회 (2025.03.11.),조태열,0,foreign_policy,0.35,1,63
pres_2025,22,official_minutes,https://record.assembly.go.kr/assembly/viewer/minutes/xml.do?id=52768&type=view,official_minutes_52768:526:1,2025-03-11,2025-03-10,외교통일위원회,제22대국회 제423회 (임시회) 제1차 외교통일위원회 (2025.03.11.),김영배,6600,foreign_policy,0.35,1,38
pres_2025,22,official_minutes,https://record.assembly.go.kr/assembly/viewer/minutes/xml.do?id=52768&type=view,official_minutes_52768:526:8,2025-03-11,2025-03-10,외교통일위원회,제22대국회 제423회 (임시회) 제1차 외교통일위원회 (2025.03.11.),김영배,6600,foreign_policy,0.35,1,89
pres_2025,22,official_minutes,https://record.assembly.go.kr/assembly/viewer/minutes/xml.do?id=52768&type=view,official_minutes_52768:526:13,2025-03-11,2025-03-10,외교통일위원회,제22대국회 제423회 (임시회) 제1차 외교통일위원회 (2025.03.11.),김영배,6600,foreign_policy,0.35,1,109
pres_2025,22,official_minutes,https://record.assembly.go.kr/assembly/viewer/minutes/xml.do?id=52768&type=view,official_minutes_52768:526:15,2025-03-11,2025-03-10,외교통일위원회,제22대국회 제423회 (임시회) 제1차 외교통일위원회 (2025.03.11.),김영배,6600,corruption_integrity,0.35,1,76
pres_2025,22,official_minutes,https://record.assembly.go.kr/assembly/viewer/minutes/xml.do?id=52768&type=view,official_minutes_52768:528:1,2025-03-11,2025-03-10,외교통일위원회,제22대국회 제423회 (임시회) 제1차 외교통일위원회 (2025.03.11.),김영배,6600,foreign_policy,0.35,1,171
pres_2025,22,official_minutes,https://record.assembly.go.kr/assembly/viewer/minutes/xml.do?id=52768&type=view,official_minutes_52768:529:1,2025-03-11,2025-03-10,외교통일위원회,제22대국회 제423회 (임시회) 제1차 외교통일위원회 (2025.03.11.),조태열,0,foreign_policy,0.35,1,46
pres_2025,22,official_minutes,https://record.assembly.go.kr/assembly/viewer/minutes/xml.do?id=52768&type=view,official_minutes_52768:533:2,2025-03-11,2025-03-10,외교통일위원회,제22대국회 제423회 (임시회) 제1차 외교통일위원회 (2025.03.11.),김영배,6600,foreign_policy,0.35,1,45
pres_2025,22,official_minutes,https://record.assembly.go.kr/assembly/viewer/minutes/xml.do?id=52768&type=view,official_minutes_52768:535:9,2025-03-11,2025-03-10,외교통일위원회,제22대국회 제423회 (임시회) 제1차 외교통일위원회 (2025.03.11.),김영배,6600,foreign_policy,0.35,1,133
pres_2025,22,official_minutes,https://record.assembly.go.kr/assembly/viewer/minutes/xml.do?id=52768&type=view,official_minutes_52768:538:1,2025-03-11,2025-03-10,외교통일위원회,제22대국회 제423회 (임시회) 제1차 외교통일위원회 (2025.03.11.),권칠승,6585,foreign_policy,0.35,1,93
pres_2025,22,official_minutes,https://record.assembly.go.kr/assembly/viewer/minutes/xml.do?id=52768&type=view,official_minutes_52768:538:3,2025-03-11,2025-03-10,외교통일위원회,제22대국회 제423회 (임시회) 제1차 외교통일위원회 (2025.03.11.),권칠승,6585,foreign_policy,0.35,1,43
pres_2025,22,official_minutes,https://record.assembly.go.kr/assembly/viewer/minutes/xml.do?id=52768&type=view,official_minutes_52768:547:2,2025-03-11,2025-03-10,외교통일위원회,제22대국회 제423회 (임시회) 제1차 외교통일위원회 (2025.03.11.),강인선,0,foreign_policy,0.35,1,37
pres_2025,22,official_minutes,https://record.assembly.go.kr/assembly/viewer/minutes/xml.do?id=52768&type=view,official_minutes_52768:551:1,2025-03-11,2025-03-10,외교통일위원회,제22대국회 제423회 (임시회) 제1차 외교통일위원회 (2025.03.11.),강인선,0,endorsement_event,0.35,1,14
pres_2025,22,official_minutes,https://record.assembly.go.kr/assembly/viewer/minutes/xml.do?id=52768&type=view,official_minutes_52768:552:1,2025-03-11,2025-03-10,외교통일위원회,제22대국회 제423회 (임시회) 제1차 외교통일위원회 (2025.03.11.),한정애,6616,endorsement_event,0.35,1,12
pres_2025,22,official_minutes,https://record.assembly.go.kr/assembly/viewer/minutes/xml.do?id=52768&type=view,official_minutes_52768:555:1,2025-03-11,2025-03-10,외교통일위원회,제22대국회 제423회 (임시회) 제1차 외교통일위원회 (2025.03.11.),강인선,0,foreign_policy,0.35,1,135
pres_2025,22,official_minutes,https://record.assembly.go.kr/assembly/viewer/minutes/xml.do?id=52768&type=view,official_minutes_52768:569:2,2025-03-11,2025-03-10,외교통일위원회,제22대국회 제423회 (임시회) 제1차 외교통일위원회 (2025.03.11.),김석기,6594,foreign_policy,0.35,1,64
pres_2025,22,official_minutes,https://record.assembly.go.kr/assembly/viewer/minutes/xml.do?id=52768&type=view,official_minutes_52768:569:8,2025-03-11,2025-03-10,외교통일위원회,제22대국회 제423회 (임시회) 제1차 외교통일위원회 (2025.03.11.),김석기,6594,foreign_policy,0.35,1,79
pres_2025,22,official_minutes,https://record.assembly.go.kr/assembly/viewer/minutes/xml.do?id=52774&type=view,official_minutes_52774:2:1,2025-03-11,2025-03-10,국토교통위원회,제22대국회 제423회 (임시회) 제1차 국토교통위원회(교통법안심사소위원회) (2025.03.11.),문진석,6666,corruption_integrity,0.35,1,57
pres_2025,22,official_minutes,https://record.assembly.go.kr/assembly/viewer/minutes/xml.do?id=52774&type=view,official_minutes_52774:3:2,2025-03-11,2025-03-10,국토교통위원회,제22대국회 제423회 (임시회) 제1차 국토교통위원회(교통법안심사소위원회) (2025.03.11.),임종수,0,corruption_integrity,0.35,1,29
pres_2025,22,official_minutes,https://record.assembly.go.kr/assembly/viewer/minutes/xml.do?id=52774&type=view,official_minutes_52774:3:3,2025-03-11,2025-03-10,국토교통위원회,제22대국회 제423회 (임시회) 제1차 국토교통위원회(교통법안심사소위원회) (2025.03.11.),임종수,0,corruption_integrity,0.35,1,89
pres_2025,22,official_minutes,https://record.assembly.go.kr/assembly/viewer/minutes/xml.do?id=52774&type=view,official_minutes_52774:3:7,2025-03-11,2025-03-10,국토교통위원회,제22대국회 제423회 (임시회) 제1차 국토교통위원회(교통법안심사소위원회) (2025.03.11.),임종수,0,corruption_integrity,0.35,1,259
pres_2025,22,official_minutes,https://record.assembly.go.kr/assembly/viewer/minutes/xml.do?id=52774&type=view,official_minutes_52774:3:12,2025-03-11,2025-03-10,국토교통위원회,제22대국회 제423회 (임시회) 제1차 국토교통위원회(교통법안심사소위원회) (2025.03.11.),임종수,0,corruption_integrity,0.35,1,106
pres_2025,22,official_minutes,https://record.assembly.go.kr/assembly/viewer/minutes/xml.do?id=52774&type=view,official_minutes_52774:5:1,2025-03-11,2025-03-10,국토교통위원회,제22대국회 제423회 (임시회) 제1차 국토교통위원회(교통법안심사소위원회) (2025.03.11.),백원국,0,economy_growth,0.35,1,86
pres_2025,22,official_minutes,https://record.assembly.go.kr/assembly/viewer/minutes/xml.do?id=52774&type=view,official_minutes_52774:5:1,2025-03-11,2025-03-10,국토교통위원회,제22대국회 제423회 (임시회) 제1차 국토교통위원회(교통법안심사소위원회) (2025.03.11.),백원국,0,corruption_integrity,0.35,1,86
pres_2025,22,official_minutes,https://record.assembly.go.kr/assembly/viewer/minutes/xml.do?id=52774&type=view,official_minutes_52774:7:2,2025-03-11,2025-03-10,국토교통위원회,제22대국회 제423회 (임시회) 제1차 국토교통위원회(교통법안심사소위원회) (2025.03.11.),이연희,6789,jobs_labor,1.0,1,211
pres_2025,22,official_minutes,https://record.assembly.go.kr/assembly/viewer/minutes/xml.do?id=52774&type=view,official_minutes_52774:9:4,2025-03-11,2025-03-10,국토교통위원회,제22대국회 제423회 (임시회) 제1차 국토교통위원회(교통법안심사소위원회) (2025.03.11.),엄태영,6701,corruption_integrity,0.35,1,115
pres_2025,22,official_minutes,https://record.assembly.go.kr/assembly/viewer/minutes/xml.do?id=52774&type=view,official_minutes_52774:9:6,2025-03-11,2025-03-10,국토교통위원회,제22대국회 제423회 (임시회) 제1차 국토교통위원회(교통법안심사소위원회) (2025.03.11.),엄태영,6701,economy_growth,0.35,1,147
pres_2025,22,official_minutes,https://record.assembly.go.kr/assembly/viewer/minutes/xml.do?id=52774&type=view,official_minutes_52774:9:6,2025-03-11,2025-03-10,국토교통위원회,제22대국회 제423회 (임시회) 제1차 국토교통위원회(교통법안심사소위원회) (2025.03.11.),엄태영,6701,corruption_integrity,0.35,1,147
pres_2025,22,official_minutes,https://record.assembly.go.kr/assembly/viewer/minutes/xml.do?id=52774&type=view,official_minutes_52774:9:10,2025-03-11,2025-03-10,국토교통위원회,제22대국회 제423회 (임시회) 제1차 국토교통위원회(교통법안심사소위원회) (2025.03.11.),엄태영,6701,economy_growth,0.35,1,57
pres_2025,22,official_minutes,https://record.assembly.go.kr/assembly/viewer/minutes/xml.do?id=52774&type=view,official_minutes_52774:9:10,2025-03-11,2025-03-10,국토교통위원회,제22대국회 제423회 (임시회) 제1차 국토교통위원회(교통법안심사소위원회) (2025.03.11.),엄태영,6701,corruption_integrity,0.35,1,57
pres_2025,22,official_minutes,https://record.assembly.go.kr/assembly/viewer/minutes/xml.do?id=52774&type=view,official_minutes_52774:11:6,2025-03-11,2025-03-10,국토교통위원회,제22대국회 제423회 (임시회) 제1차 국토교통위원회(교통법안심사소위원회) (2025.03.11.),손명수,6831,external_shock,0.35,1,29
pres_2025,22,official_minutes,https://record.assembly.go.kr/assembly/viewer/minutes/xml.do?id=52774&type=view,official_minutes_52774:11:7,2025-03-11,2025-03-10,국토교통위원회,제22대국회 제423회 (임시회) 제1차 국토교통위원회(교통법안심사소위원회) (2025.03.11.),손명수,6831,external_shock,0.35,1,34
pres_2025,22,official_minutes,https://record.assembly.go.kr/assembly/viewer/minutes/xml.do?id=52774&type=view,official_minutes_52774:11:8,2025-03-11,2025-03-10,국토교통위원회,제22대국회 제423회 (임시회) 제1차 국토교통위원회(교통법안심사소위원회) (2025.03.11.),손명수,6831,external_shock,0.35,1,38
pres_2025,22,official_minutes,https://record.assembly.go.kr/assembly/viewer/minutes/xml.do?id=52774&type=view,official_minutes_52774:11:17,2025-03-11,2025-03-10,국토교통위원회,제22대국회 제423회 (임시회) 제1차 국토교통위원회(교통법안심사소위원회) (2025.03.11.),손명수,6831,external_shock,0.35,1,41
pres_2025,22,official_minutes,https://record.assembly.go.kr/assembly/viewer/minutes/xml.do?id=52774&type=view,official_minutes_52774:24:1,2025-03-11,2025-03-10,국토교통위원회,제22대국회 제423회 (임시회) 제1차 국토교통위원회(교통법안심사소위원회) (2025.03.11.),김도읍,6588,corruption_integrity,0.35,1,159
pres_2025,22,official_minutes,https://record.assembly.go.kr/assembly/viewer/minutes/xml.do?id=52774&type=view,official_minutes_52774:26:2,2025-03-11,2025-03-10,국토교통위원회,제22대국회 제423회 (임시회) 제1차 국토교통위원회(교통법안심사소위원회) (2025.03.11.),김도읍,6588,corruption_integrity,0.35,1,40
pres_2025,22,official_minutes,https://record.assembly.go.kr/assembly/viewer/minutes/xml.do?id=52774&type=view,official_minutes_52774:30:1,2025-03-11,2025-03-10,국토교통위원회,제22대국회 제423회 (임시회) 제1차 국토교통위원회(교통법안심사소위원회) (2025.03.11.),김도읍,6588,economy_growth,0.75,1,74
pres_2025,22,official_minutes,https://record.assembly.go.kr/assembly/viewer/minutes/xml.do?id=52774&type=view,official_minutes_52774:40:3,2025-03-11,2025-03-10,국토교통위원회,제22대국회 제423회 (임시회) 제1차 국토교통위원회(교통법안심사소위원회) (2025.03.11.),백원국,0,unification_event,0.35,1,78
pres_2025,22,official_minutes,https://record.assembly.go.kr/assembly/viewer/minutes/xml.do?id=52774&type=view,official_minutes_52774:40:5,2025-03-11,2025-03-10,국토교통위원회,제22대국회 제423회 (임시회) 제1차 국토교통위원회(교통법안심사소위원회) (2025.03.11.),백원국,0,corruption_integrity,0.35,1,67
pres_2025,22,official_minutes,https://record.assembly.go.kr/assembly/viewer/minutes/xml.do?id=52774&type=view,official_minutes_52774:43:2,2025-03-11,2025-03-10,국토교통위원회,제22대국회 제423회 (임시회) 제1차 국토교통위원회(교통법안심사소위원회) (2025.03.11.),문진석,6666,unification_event,0.35,1,87
pres_2025,22,official_minutes,https://record.assembly.go.kr/assembly/viewer/minutes/xml.do?id=52774&type=view,official_minutes_52774:51:1,2025-03-11,2025-03-10,국토교통위원회,제22대국회 제423회 (임시회) 제1차 국토교통위원회(교통법안심사소위원회) (2025.03.11.),문진석,6666,unification_event,0.35,1,49
pres_2025,22,official_minutes,https://record.assembly.go.kr/assembly/viewer/minutes/xml.do?id=52774&type=view,official_minutes_52774:52:1,2025-03-11,2025-03-10,국토교통위원회,제22대국회 제423회 (임시회) 제1차 국토교통위원회(교통법안심사소위원회) (2025.03.11.),백원국,0,unification_event,0.35,1,61
pres_2025,22,official_minutes,https://record.assembly.go.kr/assembly/viewer/minutes/xml.do?id=52774&type=view,official_minutes_52774:60:2,2025-03-11,2025-03-10,국토교통위원회,제22대국회 제423회 (임시회) 제1차 국토교통위원회(교통법안심사소위원회) (2025.03.11.),백원국,0,corruption_integrity,0.35,1,25
pres_2025,22,official_minutes,https://record.assembly.go.kr/assembly/viewer/minutes/xml.do?id=52774&type=view,official_minutes_52774:60:4,2025-03-11,2025-03-10,국토교통위원회,제22대국회 제423회 (임시회) 제1차 국토교통위원회(교통법안심사소위원회) (2025.03.11.),백원국,0,corruption_integrity,0.35,1,71
pres_2025,22,official_minutes,https://record.assembly.go.kr/assembly/viewer/minutes/xml.do?id=52774&type=view,official_minutes_52774:62:1,2025-03-11,2025-03-10,국토교통위원회,제22대국회 제423회 (임시회) 제1차 국토교통위원회(교통법안심사소위원회) (2025.03.11.),백원국,0,corruption_integrity,0.35,1,121
pres_2025,22,official_minutes,https://record.assembly.go.kr/assembly/viewer/minutes/xml.do?id=52774&type=view,official_minutes_52774:64:2,2025-03-11,2025-03-10,국토교통위원회,제22대국회 제423회 (임시회) 제1차 국토교통위원회(교통법안심사소위원회) (2025.03.11.),백원국,0,economy_growth,0.35,1,61
pres_2025,22,official_minutes,https://record.assembly.go.kr/assembly/viewer/minutes/xml.do?id=52774&type=view,official_minutes_52774:68:2,2025-03-11,2025-03-10,국토교통위원회,제22대국회 제423회 (임시회) 제1차 국토교통위원회(교통법안심사소위원회) (2025.03.11.),백원국,0,economy_growth,0.35,1,40
pres_2025,22,official_minutes,https://record.assembly.go.kr/assembly/viewer/minutes/xml.do?id=52774&type=view,official_minutes_52774:70:1,2025-03-11,2025-03-10,국토교통위원회,제22대국회 제423회 (임시회) 제1차 국토교통위원회(교통법안심사소위원회) (2025.03.11.),백원국,0,economy_growth,0.35,1,49
pres_2025,22,official_minutes,https://record.assembly.go.kr/assembly/viewer/minutes/xml.do?id=52774&type=view,official_minutes_52774:70:3,2025-03-11,2025-03-10,국토교통위원회,제22대국회 제423회 (임시회) 제1차 국토교통위원회(교통법안심사소위원회) (2025.03.11.),백원국,0,corruption_integrity,0.35,1,70
pres_2025,22,official_minutes,https://record.assembly.go.kr/assembly/viewer/minutes/xml.do?id=52774&type=view,official_minutes_52774:71:1,2025-03-11,2025-03-10,국토교통위원회,제22대국회 제423회 (임시회) 제1차 국토교통위원회(교통법안심사소위원회) (2025.03.11.),문진석,6666,unification_event,0.35,1,88
pres_2025,22,official_minutes,https://record.assembly.go.kr/assembly/viewer/minutes/xml.do?id=52774&type=view,official_minutes_52774:74:2,2025-03-11,2025-03-10,국토교통위원회,제22대국회 제423회 (임시회) 제1차 국토교통위원회(교통법안심사소위원회) (2025.03.11.),백원국,0,unification_event,0.35,1,63
pres_2025,22,official_minutes,https://record.assembly.go.kr/assembly/viewer/minutes/xml.do?id=52774&type=view,official_minutes_52774:78:8,2025-03-11,2025-03-10,국토교통위원회,제22대국회 제423회 (임시회) 제1차 국토교통위원회(교통법안심사소위원회) (2025.03.11.),송기헌,6720,family_legal_risk,0.35,1,87
pres_2025,22,official_minutes,https://record.assembly.go.kr/assembly/viewer/minutes/xml.do?id=52774&type=view,official_minutes_52774:78:8,2025-03-11,2025-03-10,국토교통위원회,제22대국회 제423회 (임시회) 제1차 국토교통위원회(교통법안심사소위원회) (2025.03.11.),송기헌,6720,endorsement_event,0.35,1,87
pres_2025,22,official_minutes,https://record.assembly.go.kr/assembly/viewer/minutes/xml.do?id=52774&type=view,official_minutes_52774:78:12,2025-03-11,2025-03-10,국토교통위원회,제22대국회 제423회 (임시회) 제1차 국토교통위원회(교통법안심사소위원회) (2025.03.11.),송기헌,6720,unification_event,0.35,1,63
pres_2025,22,official_minutes,https://record.assembly.go.kr/assembly/viewer/minutes/xml.do?id=52774&type=view,official_minutes_52774:78:17,2025-03-11,2025-03-10,국토교통위원회,제22대국회 제423회 (임시회) 제1차 국토교통위원회(교통법안심사소위원회) (2025.03.11.),송기헌,6720,endorsement_event,0.35,1,34
pres_2025,22,official_minutes,https://record.assembly.go.kr/assembly/viewer/minutes/xml.do?id=52774&type=view,official_minutes_52774:82:10,2025-03-11,2025-03-10,국토교통위원회,제22대국회 제423회 (임시회) 제1차 국토교통위원회(교통법안심사소위원회) (2025.03.11.),이연희,6789,unification_event,0.35,1,65
pres_2025,22,official_minutes,https://record.assembly.go.kr/assembly/viewer/minutes/xml.do?id=52774&type=view,official_minutes_52774:99:1,2025-03-11,2025-03-10,국토교통위원회,제22대국회 제423회 (임시회) 제1차 국토교통위원회(교통법안심사소위원회) (2025.03.11.),김도읍,6588,corruption_integrity,0.35,1,45
pres_2025,22,official_minutes,https://record.assembly.go.kr/assembly/viewer/minutes/xml.do?id=52774&type=view,official_minutes_52774:107:1,2025-03-11,2025-03-10,국토교통위원회,제22대국회 제423회 (임시회) 제1차 국토교통위원회(교통법안심사소위원회) (2025.03.11.),문진석,6666,unification_event,0.35,1,145
pres_2025,22,official_minutes,https://record.assembly.go.kr/assembly/viewer/minutes/xml.do?id=52774&type=view,official_minutes_52774:115:3,2025-03-11,2025-03-10,국토교통위원회,제22대국회 제423회 (임시회) 제1차 국토교통위원회(교통법안심사소위원회) (2025.03.11.),임종수,0,regional_dev,1.0,1,114
pres_2025,22,official_minutes,https://record.assembly.go.kr/assembly/viewer/minutes/xml.do?id=52774&type=view,official_minutes_52774:117:3,2025-03-11,2025-03-10,국토교통위원회,제22대국회 제423회 (임시회) 제1차 국토교통위원회(교통법안심사소위원회) (2025.03.11.),강희업,0,regional_dev,0.35,1,73
pres_2025,22,official_minutes,https://record.assembly.go.kr/assembly/viewer/minutes/xml.do?id=52774&type=view,official_minutes_52774:119:2,2025-03-11,2025-03-10,국토교통위원회,제22대국회 제423회 (임시회) 제1차 국토교통위원회(교통법안심사소위원회) (2025.03.11.),이춘석,6742,regional_dev,0.35,1,74
pres_2025,22,official_minutes,https://record.assembly.go.kr/assembly/viewer/minutes/xml.do?id=52774&type=view,official_minutes_52774:119:8,2025-03-11,2025-03-10,국토교통위원회,제22대국회 제423회 (임시회) 제1차 국토교통위원회(교통법안심사소위원회) (2025.03.11.),이춘석,6742,regional_dev,0.35,1,54
pres_2025,22,official_minutes,https://record.assembly.go.kr/assembly/viewer/minutes/xml.do?id=52774&type=view,official_minutes_52774:119:9,2025-03-11,2025-03-10,국토교통위원회,제22대국회 제423회 (임시회) 제1차 국토교통위원회(교통법안심사소위원회) (2025.03.11.),이춘석,6742,regional_dev,0.35,1,88
pres_2025,22,official_minutes,https://record.assembly.go.kr/assembly/viewer/minutes/xml.do?id=52774&type=view,official_minutes_52774:119:14,2025-03-11,2025-03-10,국토교통위원회,제22대국회 제423회 (임시회) 제1차 국토교통위원회(교통법안심사소위원회) (2025.03.11.),이춘석,6742,family_legal_risk,0.35,1,28
pres_2025,22,official_minutes,https://record.assembly.go.kr/assembly/viewer/minutes/xml.do?id=52774&type=view,official_minutes_52774:119:18,2025-03-11,2025-03-10,국토교통위원회,제22대국회 제423회 (임시회) 제1차 국토교통위원회(교통법안심사소위원회) (2025.03.11.),이춘석,6742,regional_dev,0.35,1,43
pres_2025,22,official_minutes,https://record.assembly.go.kr/assembly/viewer/minutes/xml.do?id=52774&type=view,official_minutes_52774:119:21,2025-03-11,2025-03-10,국토교통위원회,제22대국회 제423회 (임시회) 제1차 국토교통위원회(교통법안심사소위원회) (2025.03.11.),이춘석,6742,regional_dev,0.35,1,49
pres_2025,22,official_minutes,https://record.assembly.go.kr/assembly/viewer/minutes/xml.do?id=52774&type=view,official_minutes_52774:139:4,2025-03-11,2025-03-10,국토교통위원회,제22대국회 제423회 (임시회) 제1차 국토교통위원회(교통법안심사소위원회) (2025.03.11.),강희업,0,regional_dev,0.35,1,106
pres_2025,22,official_minutes,https://record.assembly.go.kr/assembly/viewer/minutes/xml.do?id=52774&type=view,official_minutes_52774:150:3,2025-03-11,2025-03-10,국토교통위원회,제22대국회 제423회 (임시회) 제1차 국토교통위원회(교통법안심사소위원회) (2025.03.11.),문진석,6666,regional_dev,0.35,1,59
pres_2025,22,official_minutes,https://record.assembly.go.kr/assembly/viewer/minutes/xml.do?id=52774&type=view,official_minutes_52774:151:1,2025-03-11,2025-03-10,국토교통위원회,제22대국회 제423회 (임시회) 제1차 국토교통위원회(교통법안심사소위원회) (2025.03.11.),이춘석,6742,family_legal_risk,0.35,1,63
pres_2025,22,official_minutes,https://record.assembly.go.kr/assembly/viewer/minutes/xml.do?id=52774&type=view,official_minutes_52774:151:5,2025-03-11,2025-03-10,국토교통위원회,제22대국회 제423회 (임시회) 제1차 국토교통위원회(교통법안심사소위원회) (2025.03.11.),이춘석,6742,candidate_competence,0.35,1,75
pres_2025,22,official_minutes,https://record.assembly.go.kr/assembly/viewer/minutes/xml.do?id=52774&type=view,official_minutes_52774:168:4,2025-03-11,2025-03-10,국토교통위원회,제22대국회 제423회 (임시회) 제1차 국토교통위원회(교통법안심사소위원회) (2025.03.11.),이춘석,6742,education,0.35,1,30
pres_2025,22,official_minutes,https://record.assembly.go.kr/assembly/viewer/minutes/xml.do?id=52774&type=view,official_minutes_52774:175:3,2025-03-11,2025-03-10,국토교통위원회,제22대국회 제423회 (임시회) 제1차 국토교통위원회(교통법안심사소위원회) (2025.03.11.),엄태영,6701,regional_dev,0.35,1,43
pres_2025,22,official_minutes,https://record.assembly.go.kr/assembly/viewer/minutes/xml.do?id=52774&type=view,official_minutes_52774:175:5,2025-03-11,2025-03-10,국토교통위원회,제22대국회 제423회 (임시회) 제1차 국토교통위원회(교통법안심사소위원회) (2025.03.11.),엄태영,6701,housing,0.35,1,120
pres_2025,22,official_minutes,https://record.assembly.go.kr/assembly/viewer/minutes/xml.do?id=52774&type=view,official_minutes_52774:199:1,2025-03-11,2025-03-10,국토교통위원회,제22대국회 제423회 (임시회) 제1차 국토교통위원회(교통법안심사소위원회) (2025.03.11.),윤재옥,6679,regional_dev,0.35,1,178
pres_2025,22,official_minutes,https://record.assembly.go.kr/assembly/viewer/minutes/xml.do?id=52774&type=view,official_minutes_52774:203:2,2025-03-11,2025-03-10,국토교통위원회,제22대국회 제423회 (임시회) 제1차 국토교통위원회(교통법안심사소위원회) (2025.03.11.),이춘석,6742,corruption_integrity,0.35,1,17
pres_2025,22,official_minutes,https://record.assembly.go.kr/assembly/viewer/minutes/xml.do?id=52774&type=view,official_minutes_52774:203:2,2025-03-11,2025-03-10,국토교통위원회,제22대국회 제423회 (임시회) 제1차 국토교통위원회(교통법안심사소위원회) (2025.03.11.),이춘석,6742,regional_dev,0.35,1,17
pres_2025,22,official_minutes,https://record.assembly.go.kr/assembly/viewer/minutes/xml.do?id=52774&type=view,official_minutes_52774:208:1,2025-03-11,2025-03-10,국토교통위원회,제22대국회 제423회 (임시회) 제1차 국토교통위원회(교통법안심사소위원회) (2025.03.11.),이춘석,6742,corruption_integrity,0.35,1,18
pres_2025,22,official_minutes,https://record.assembly.go.kr/assembly/viewer/minutes/xml.do?id=52774&type=view,official_minutes_52774:225:2,2025-03-11,2025-03-10,국토교통위원회,제22대국회 제423회 (임시회) 제1차 국토교통위원회(교통법안심사소위원회) (2025.03.11.),문진석,6666,regional_dev,0.35,1,79
pres_2025,22,official_minutes,https://record.assembly.go.kr/assembly/viewer/minutes/xml.do?id=54449&type=view,official_minutes_54449:6:4,2025-03-11,2025-03-10,과학기술정보방송통신위원회,제22대국회 제423회 (임시회) 제1차 과학기술정보방송통신위원회(과학기술원자력법안심사소위원회) (2025.03.11.),최형두,6620,regional_dev,0.35,1,392
pres_2025,22,official_minutes,https://record.assembly.go.kr/assembly/viewer/minutes/xml.do?id=54449&type=view,official_minutes_54449:7:4,2025-03-11,2025-03-10,과학기술정보방송통신위원회,제22대국회 제423회 (임시회) 제1차 과학기술정보방송통신위원회(과학기술원자력법안심사소위원회) (2025.03.11.),황정아,6821,regional_dev,0.75,1,88
pres_2025,22,official_minutes,https://record.assembly.go.kr/assembly/viewer/minutes/xml.do?id=54449&type=view,official_minutes_54449:11:3,2025-03-11,2025-03-10,과학기술정보방송통신위원회,제22대국회 제423회 (임시회) 제1차 과학기술정보방송통신위원회(과학기술원자력법안심사소위원회) (2025.03.11.),이창윤,0,education,0.35,1,169
pres_2025,22,official_minutes,https://record.assembly.go.kr/assembly/viewer/minutes/xml.do?id=54449&type=view,official_minutes_54449:13:4,2025-03-11,2025-03-10,과학기술정보방송통신위원회,제22대국회 제423회 (임시회) 제1차 과학기술정보방송통신위원회(과학기술원자력법안심사소위원회) (2025.03.11.),박민규,6804,regional_dev,0.35,1,205
pres_2025,22,official_minutes,https://record.assembly.go.kr/assembly/viewer/minutes/xml.do?id=54449&type=view,official_minutes_54449:13:4,2025-03-11,2025-03-10,과학기술정보방송통신위원회,제22대국회 제423회 (임시회) 제1차 과학기술정보방송통신위원회(과학기술원자력법안심사소위원회) (2025.03.11.),박민규,6804,economy_growth,0.35,1,205
pres_2025,22,official_minutes,https://record.assembly.go.kr/assembly/viewer/minutes/xml.do?id=54449&type=view,official_minutes_54449:14:1,2025-03-11,2025-03-10,과학기술정보방송통신위원회,제22대국회 제423회 (임시회) 제1차 과학기술정보방송통신위원회(과학기술원자력법안심사소위원회) (2025.03.11.),이창윤,0,economy_growth,0.35,1,47
pres_2025,22,official_minutes,https://record.assembly.go.kr/assembly/viewer/minutes/xml.do?id=54449&type=view,official_minutes_54449:14:2,2025-03-11,2025-03-10,과학기술정보방송통신위원회,제22대국회 제423회 (임시회) 제1차 과학기술정보방송통신위원회(과학기술원자력법안심사소위원회) (2025.03.11.),이창윤,0,jobs_labor,0.35,1,83
pres_2025,22,official_minutes,https://record.assembly.go.kr/assembly/viewer/minutes/xml.do?id=54449&type=view,official_minutes_54449:15:1,2025-03-11,2025-03-10,과학기술정보방송통신위원회,제22대국회 제423회 (임시회) 제1차 과학기술정보방송통신위원회(과학기술원자력법안심사소위원회) (2025.03.11.),박민규,6804,economy_growth,0.35,1,49
pres_2025,22,official_minutes,https://record.assembly.go.kr/assembly/viewer/minutes/xml.do?id=54449&type=view,official_minutes_54449:17:1,2025-03-11,2025-03-10,과학기술정보방송통신위원회,제22대국회 제423회 (임시회) 제1차 과학기술정보방송통신위원회(과학기술원자력법안심사소위원회) (2025.03.11.),박민규,6804,economy_growth,0.35,1,42
pres_2025,22,official_minutes,https://record.assembly.go.kr/assembly/viewer/minutes/xml.do?id=54433&type=view,official_minutes_54433:1:2,2025-03-18,2025-03-17,보건복지위원회,제22대국회 제423회 (임시회) 제1차 보건복지위원회 (2025.03.18.),박주민,6691,welfare_pension,0.35,1,45
pres_2025,22,official_minutes,https://record.assembly.go.kr/assembly/viewer/minutes/xml.do?id=54433&type=view,official_minutes_54433:1:5,2025-03-18,2025-03-17,보건복지위원회,제22대국회 제423회 (임시회) 제1차 보건복지위원회 (2025.03.18.),박주민,6691,welfare_pension,0.35,1,83
pres_2025,22,official_minutes,https://record.assembly.go.kr/assembly/viewer/minutes/xml.do?id=54433&type=view,official_minutes_54433:2:1,2025-03-18,2025-03-17,보건복지위원회,제22대국회 제423회 (임시회) 제1차 보건복지위원회 (2025.03.18.),박주민,6691,welfare_pension,0.35,1,82
pres_2025,22,official_minutes,https://record.assembly.go.kr/assembly/viewer/minutes/xml.do?id=54433&type=view,official_minutes_54433:3:2,2025-03-18,2025-03-17,보건복지위원회,제22대국회 제423회 (임시회) 제1차 보건복지위원회 (2025.03.18.),강선우,6854,welfare_pension,0.35,1,157
pres_2025,22,official_minutes,https://record.assembly.go.kr/assembly/viewer/minutes/xml.do?id=54433&type=view,official_minutes_54433:3:3,2025-03-18,2025-03-17,보건복지위원회,제22대국회 제423회 (임시회) 제1차 보건복지위원회 (2025.03.18.),강선우,6854,welfare_pension,0.35,1,151
pres_2025,22,official_minutes,https://record.assembly.go.kr/assembly/viewer/minutes/xml.do?id=54433&type=view,official_minutes_54433:3:3,2025-03-18,2025-03-17,보건복지위원회,제22대국회 제423회 (임시회) 제1차 보건복지위원회 (2025.03.18.),강선우,6854,education,0.35,1,151
pres_2025,22,official_minutes,https://record.assembly.go.kr/assembly/viewer/minutes/xml.do?id=54433&type=view,official_minutes_54433:3:4,2025-03-18,2025-03-17,보건복지위원회,제22대국회 제423회 (임시회) 제1차 보건복지위원회 (2025.03.18.),강선우,6854,welfare_pension,0.35,1,119
pres_2025,22,official_minutes,https://record.assembly.go.kr/assembly/viewer/minutes/xml.do?id=54433&type=view,official_minutes_54433:3:6,2025-03-18,2025-03-17,보건복지위원회,제22대국회 제423회 (임시회) 제1차 보건복지위원회 (2025.03.18.),강선우,6854,welfare_pension,0.35,1,231
pres_2025,22,official_minutes,https://record.assembly.go.kr/assembly/viewer/minutes/xml.do?id=54433&type=view,official_minutes_54433:3:6,2025-03-18,2025-03-17,보건복지위원회,제22대국회 제423회 (임시회) 제1차 보건복지위원회 (2025.03.18.),강선우,6854,education,0.35,1,231
pres_2025,22,official_minutes,https://record.assembly.go.kr/assembly/viewer/minutes/xml.do?id=54433&type=view,official_minutes_54433:3:7,2025-03-18,2025-03-17,보건복지위원회,제22대국회 제423회 (임시회) 제1차 보건복지위원회 (2025.03.18.),강선우,6854,welfare_pension,0.35,1,18
pres_2025,22,official_minutes,https://record.assembly.go.kr/assembly/viewer/minutes/xml.do?id=54433&type=view,official_minutes_54433:3:8,2025-03-18,2025-03-17,보건복지위원회,제22대국회 제423회 (임시회) 제1차 보건복지위원회 (2025.03.18.),강선우,6854,welfare_pension,0.35,1,49
pres_2025,22,official_minutes,https://record.assembly.go.kr/assembly/viewer/minutes/xml.do?id=54433&type=view,official_minutes_54433:3:11,2025-03-18,2025-03-17,보건복지위원회,제22대국회 제423회 (임시회) 제1차 보건복지위원회 (2025.03.18.),강선우,6854,welfare_pension,0.35,1,25
pres_2025,22,official_minutes,https://record.assembly.go.kr/assembly/viewer/minutes/xml.do?id=54433&type=view,official_minutes_54433:3:13,2025-03-18,2025-03-17,보건복지위원회,제22대국회 제423회 (임시회) 제1차 보건복지위원회 (2025.03.18.),강선우,6854,welfare_pension,0.35,1,51
pres_2025,22,official_minutes,https://record.assembly.go.kr/assembly/viewer/minutes/xml.do?id=54433&type=view,official_minutes_54433:3:14,2025-03-18,2025-03-17,보건복지위원회,제22대국회 제423회 (임시회) 제1차 보건복지위원회 (2025.03.18.),강선우,6854,welfare_pension,0.35,1,57
pres_2025,22,official_minutes,https://record.assembly.go.kr/assembly/viewer/minutes/xml.do?id=54433&type=view,official_minutes_54433:3:15,2025-03-18,2025-03-17,보건복지위원회,제22대국회 제423회 (임시회) 제1차 보건복지위원회 (2025.03.18.),강선우,6854,candidate_competence,0.35,1,60
pres_2025,22,official_minutes,https://record.assembly.go.kr/assembly/viewer/minutes/xml.do?id=54433&type=view,official_minutes_54433:3:16,2025-03-18,2025-03-17,보건복지위원회,제22대국회 제423회 (임시회) 제1차 보건복지위원회 (2025.03.18.),강선우,6854,welfare_pension,0.35,1,103
pres_2025,22,official_minutes,https://record.assembly.go.kr/assembly/viewer/minutes/xml.do?id=54433&type=view,official_minutes_54433:3:19,2025-03-18,2025-03-17,보건복지위원회,제22대국회 제423회 (임시회) 제1차 보건복지위원회 (2025.03.18.),강선우,6854,welfare_pension,0.75,1,114
pres_2025,22,official_minutes,https://record.assembly.go.kr/assembly/viewer/minutes/xml.do?id=54433&type=view,official_minutes_54433:3:22,2025-03-18,2025-03-17,보건복지위원회,제22대국회 제423회 (임시회) 제1차 보건복지위원회 (2025.03.18.),강선우,6854,welfare_pension,0.35,1,77
pres_2025,22,official_minutes,https://record.assembly.go.kr/assembly/viewer/minutes/xml.do?id=54433&type=view,official_minutes_54433:3:24,2025-03-18,2025-03-17,보건복지위원회,제22대국회 제423회 (임시회) 제1차 보건복지위원회 (2025.03.18.),강선우,6854,welfare_pension,0.35,1,78
pres_2025,22,official_minutes,https://record.assembly.go.kr/assembly/viewer/minutes/xml.do?id=54433&type=view,official_minutes_54433:8:3,2025-03-18,2025-03-17,보건복지위원회,제22대국회 제423회 (임시회) 제1차 보건복지위원회 (2025.03.18.),조규홍,0,education,0.35,1,121
pres_2025,22,official_minutes,https://record.assembly.go.kr/assembly/viewer/minutes/xml.do?id=54433&type=view,official_minutes_54433:8:4,2025-03-18,2025-03-17,보건복지위원회,제22대국회 제423회 (임시회) 제1차 보건복지위원회 (2025.03.18.),조규홍,0,education,0.35,1,129
pres_2025,22,official_minutes,https://record.assembly.go.kr/assembly/viewer/minutes/xml.do?id=54433&type=view,official_minutes_54433:8:6,2025-03-18,2025-03-17,보건복지위원회,제22대국회 제423회 (임시회) 제1차 보건복지위원회 (2025.03.18.),조규홍,0,welfare_pension,0.35,1,71
pres_2025,22,official_minutes,https://record.assembly.go.kr/assembly/viewer/minutes/xml.do?id=54433&type=view,official_minutes_54433:8:6,2025-03-18,2025-03-17,보건복지위원회,제22대국회 제423회 (임시회) 제1차 보건복지위원회 (2025.03.18.),조규홍,0,education,0.35,1,71
pres_2025,22,official_minutes,https://record.assembly.go.kr/assembly/viewer/minutes/xml.do?id=54433&type=view,official_minutes_54433:8:8,2025-03-18,2025-03-17,보건복지위원회,제22대국회 제423회 (임시회) 제1차 보건복지위원회 (2025.03.18.),조규홍,0,welfare_pension,0.35,1,247
pres_2025,22,official_minutes,https://record.assembly.go.kr/assembly/viewer/minutes/xml.do?id=54433&type=view,official_minutes_54433:8:8,2025-03-18,2025-03-17,보건복지위원회,제22대국회 제423회 (임시회) 제1차 보건복지위원회 (2025.03.18.),조규홍,0,education,0.35,1,247
pres_2025,22,official_minutes,https://record.assembly.go.kr/assembly/viewer/minutes/xml.do?id=54433&type=view,official_minutes_54433:10:2,2025-03-18,2025-03-17,보건복지위원회,제22대국회 제423회 (임시회) 제1차 보건복지위원회 (2025.03.18.),김미애,6589,welfare_pension,0.35,1,56
pres_2025,22,official_minutes,https://record.assembly.go.kr/assembly/viewer/minutes/xml.do?id=54433&type=view,official_minutes_54433:10:2,2025-03-18,2025-03-17,보건복지위원회,제22대국회 제423회 (임시회) 제1차 보건복지위원회 (2025.03.18.),김미애,6589,security_nk,0.35,1,56
pres_2025,22,official_minutes,https://record.assembly.go.kr/assembly/viewer/minutes/xml.do?id=54433&type=view,official_minutes_54433:10:6,2025-03-18,2025-03-17,보건복지위원회,제22대국회 제423회 (임시회) 제1차 보건복지위원회 (2025.03.18.),김미애,6589,welfare_pension,0.35,1,88
pres_2025,22,official_minutes,https://record.assembly.go.kr/assembly/viewer/minutes/xml.do?id=54433&type=view,official_minutes_54433:10:11,2025-03-18,2025-03-17,보건복지위원회,제22대국회 제423회 (임시회) 제1차 보건복지위원회 (2025.03.18.),김미애,6589,education,0.35,1,177
pres_2025,22,official_minutes,https://record.assembly.go.kr/assembly/viewer/minutes/xml.do?id=54433&type=view,official_minutes_54433:12:2,2025-03-18,2025-03-17,보건복지위원회,제22대국회 제423회 (임시회) 제1차 보건복지위원회 (2025.03.18.),남인순,6663,welfare_pension,0.35,1,192
pres_2025,22,official_minutes,https://record.assembly.go.kr/assembly/viewer/minutes/xml.do?id=54433&type=view,official_minutes_54433:14:1,2025-03-18,2025-03-17,보건복지위원회,제22대국회 제423회 (임시회) 제1차 보건복지위원회 (2025.03.18.),남인순,6663,education,0.35,1,155
pres_2025,22,official_minutes,https://record.assembly.go.kr/assembly/viewer/minutes/xml.do?id=54433&type=view,official_minutes_54433:14:15,2025-03-18,2025-03-17,보건복지위원회,제22대국회 제423회 (임시회) 제1차 보건복지위원회 (2025.03.18.),남인순,6663,welfare_pension,0.35,1,57
pres_2025,22,official_minutes,https://record.assembly.go.kr/assembly/viewer/minutes/xml.do?id=54433&type=view,official_minutes_54433:14:15,2025-03-18,2025-03-17,보건복지위원회,제22대국회 제423회 (임시회) 제1차 보건복지위원회 (2025.03.18.),남인순,6663,external_shock,0.35,1,57
pres_2025,22,official_minutes,https://record.assembly.go.kr/assembly/viewer/minutes/xml.do?id=54433&type=view,official_minutes_54433:15:1,2025-03-18,2025-03-17,보건복지위원회,제22대국회 제423회 (임시회) 제1차 보건복지위원회 (2025.03.18.),조규홍,0,welfare_pension,0.35,1,94
pres_2025,22,official_minutes,https://record.assembly.go.kr/assembly/viewer/minutes/xml.do?id=54433&type=view,official_minutes_54433:15:1,2025-03-18,2025-03-17,보건복지위원회,제22대국회 제423회 (임시회) 제1차 보건복지위원회 (2025.03.18.),조규홍,0,family_legal_risk,0.35,1,94
pres_2025,22,official_minutes,https://record.assembly.go.kr/assembly/viewer/minutes/xml.do?id=54433&type=view,official_minutes_54433:15:3,2025-03-18,2025-03-17,보건복지위원회,제22대국회 제423회 (임시회) 제1차 보건복지위원회 (2025.03.18.),조규홍,0,education,0.35,1,191
pres_2025,22,official_minutes,https://record.assembly.go.kr/assembly/viewer/minutes/xml.do?id=54433&type=view,official_minutes_54433:15:6,2025-03-18,2025-03-17,보건복지위원회,제22대국회 제423회 (임시회) 제1차 보건복지위원회 (2025.03.18.),조규홍,0,education,0.35,1,136
pres_2025,22,official_minutes,https://record.assembly.go.kr/assembly/viewer/minutes/xml.do?id=54433&type=view,official_minutes_54433:17:1,2025-03-18,2025-03-17,보건복지위원회,제22대국회 제423회 (임시회) 제1차 보건복지위원회 (2025.03.18.),조규홍,0,education,0.35,1,86
pres_2025,22,official_minutes,https://record.assembly.go.kr/assembly/viewer/minutes/xml.do?id=54433&type=view,official_minutes_54433:18:3,2025-03-18,2025-03-17,보건복지위원회,제22대국회 제423회 (임시회) 제1차 보건복지위원회 (2025.03.18.),남인순,6663,welfare_pension,0.35,1,91
pres_2025,22,official_minutes,https://record.assembly.go.kr/assembly/viewer/minutes/xml.do?id=54433&type=view,official_minutes_54433:18:4,2025-03-18,2025-03-17,보건복지위원회,제22대국회 제423회 (임시회) 제1차 보건복지위원회 (2025.03.18.),남인순,6663,gender_generation,0.35,1,93
pres_2025,22,official_minutes,https://record.assembly.go.kr/assembly/viewer/minutes/xml.do?id=54433&type=view,official_minutes_54433:22:1,2025-03-18,2025-03-17,보건복지위원회,제22대국회 제423회 (임시회) 제1차 보건복지위원회 (2025.03.18.),남인순,6663,family_legal_risk,0.35,1,129
pres_2025,22,official_minutes,https://record.assembly.go.kr/assembly/viewer/minutes/xml.do?id=54433&type=view,official_minutes_54433:23:1,2025-03-18,2025-03-17,보건복지위원회,제22대국회 제423회 (임시회) 제1차 보건복지위원회 (2025.03.18.),조규홍,0,welfare_pension,0.35,1,115
pres_2025,22,official_minutes,https://record.assembly.go.kr/assembly/viewer/minutes/xml.do?id=54433&type=view,official_minutes_54433:31:2,2025-03-18,2025-03-17,보건복지위원회,제22대국회 제423회 (임시회) 제1차 보건복지위원회 (2025.03.18.),김선민,6783,welfare_pension,0.35,1,37
pres_2025,22,official_minutes,https://record.assembly.go.kr/assembly/viewer/minutes/xml.do?id=54433&type=view,official_minutes_54433:31:4,2025-03-18,2025-03-17,보건복지위원회,제22대국회 제423회 (임시회) 제1차 보건복지위원회 (2025.03.18.),김선민,6783,welfare_pension,0.35,1,85
pres_2025,22,official_minutes,https://record.assembly.go.kr/assembly/viewer/minutes/xml.do?id=54433&type=view,official_minutes_54433:31:5,2025-03-18,2025-03-17,보건복지위원회,제22대국회 제423회 (임시회) 제1차 보건복지위원회 (2025.03.18.),김선민,6783,welfare_pension,0.35,1,101
pres_2025,22,official_minutes,https://record.assembly.go.kr/assembly/viewer/minutes/xml.do?id=54433&type=view,official_minutes_54433:31:8,2025-03-18,2025-03-17,보건복지위원회,제22대국회 제423회 (임시회) 제1차 보건복지위원회 (2025.03.18.),김선민,6783,welfare_pension,0.35,1,104
pres_2025,22,official_minutes,https://record.assembly.go.kr/assembly/viewer/minutes/xml.do?id=54433&type=view,official_minutes_54433:35:1,2025-03-18,2025-03-17,보건복지위원회,제22대국회 제423회 (임시회) 제1차 보건복지위원회 (2025.03.18.),김선민,6783,welfare_pension,0.35,1,49
pres_2025,22,official_minutes,https://record.assembly.go.kr/assembly/viewer/minutes/xml.do?id=54433&type=view,official_minutes_54433:35:2,2025-03-18,2025-03-17,보건복지위원회,제22대국회 제423회 (임시회) 제1차 보건복지위원회 (2025.03.18.),김선민,6783,welfare_pension,0.35,1,113
pres_2025,22,official_minutes,https://record.assembly.go.kr/assembly/viewer/minutes/xml.do?id=54433&type=view,official_minutes_54433:35:3,2025-03-18,2025-03-17,보건복지위원회,제22대국회 제423회 (임시회) 제1차 보건복지위원회 (2025.03.18.),김선민,6783,family_legal_risk,0.35,1,65
pres_2025,22,official_minutes,https://record.assembly.go.kr/assembly/viewer/minutes/xml.do?id=54433&type=view,official_minutes_54433:35:4,2025-03-18,2025-03-17,보건복지위원회,제22대국회 제423회 (임시회) 제1차 보건복지위원회 (2025.03.18.),김선민,6783,welfare_pension,0.35,1,67
pres_2025,22,official_minutes,https://record.assembly.go.kr/assembly/viewer/minutes/xml.do?id=54433&type=view,official_minutes_54433:35:6,2025-03-18,2025-03-17,보건복지위원회,제22대국회 제423회 (임시회) 제1차 보건복지위원회 (2025.03.18.),김선민,6783,welfare_pension,0.35,1,51
pres_2025,22,official_minutes,https://record.assembly.go.kr/assembly/viewer/minutes/xml.do?id=54433&type=view,official_minutes_54433:35:8,2025-03-18,2025-03-17,보건복지위원회,제22대국회 제423회 (임시회) 제1차 보건복지위원회 (2025.03.18.),김선민,6783,welfare_pension,0.35,1,34
pres_2025,22,official_minutes,https://record.assembly.go.kr/assembly/viewer/minutes/xml.do?id=54433&type=view,official_minutes_54433:35:10,2025-03-18,2025-03-17,보건복지위원회,제22대국회 제423회 (임시회) 제1차 보건복지위원회 (2025.03.18.),김선민,6783,welfare_pension,0.35,1,84
pres_2025,22,official_minutes,https://record.assembly.go.kr/assembly/viewer/minutes/xml.do?id=54433&type=view,official_minutes_54433:35:11,2025-03-18,2025-03-17,보건복지위원회,제22대국회 제423회 (임시회) 제1차 보건복지위원회 (2025.03.18.),김선민,6783,welfare_pension,0.35,1,66
pres_2025,22,official_minutes,https://record.assembly.go.kr/assembly/viewer/minutes/xml.do?id=54433&type=view,official_minutes_54433:37:5,2025-03-18,2025-03-17,보건복지위원회,제22대국회 제423회 (임시회) 제1차 보건복지위원회 (2025.03.18.),조규홍,0,welfare_pension,0.35,1,52
pres_2025,22,official_minutes,https://record.assembly.go.kr/assembly/viewer/minutes/xml.do?id=54433&type=view,official_minutes_54433:37:6,2025-03-18,2025-03-17,보건복지위원회,제22대국회 제423회 (임시회) 제1차 보건복지위원회 (2025.03.18.),조규홍,0,welfare_pension,0.35,1,23
pres_2025,22,official_minutes,https://record.assembly.go.kr/assembly/viewer/minutes/xml.do?id=54433&type=view,official_minutes_54433:37:7,2025-03-18,2025-03-17,보건복지위원회,제22대국회 제423회 (임시회) 제1차 보건복지위원회 (2025.03.18.),조규홍,0,welfare_pension,0.35,1,20
pres_2025,22,official_minutes,https://record.assembly.go.kr/assembly/viewer/minutes/xml.do?id=54433&type=view,official_minutes_54433:39:1,2025-03-18,2025-03-17,보건복지위원회,제22대국회 제423회 (임시회) 제1차 보건복지위원회 (2025.03.18.),이개호,6670,regional_dev,0.35,1,86
pres_2025,22,official_minutes,https://record.assembly.go.kr/assembly/viewer/minutes/xml.do?id=54433&type=view,official_minutes_54433:39:1,2025-03-18,2025-03-17,보건복지위원회,제22대국회 제423회 (임시회) 제1차 보건복지위원회 (2025.03.18.),이개호,6670,welfare_pension,0.35,1,86
pres_2025,22,official_minutes,https://record.assembly.go.kr/assembly/viewer/minutes/xml.do?id=54433&type=view,official_minutes_54433:39:3,2025-03-18,2025-03-17,보건복지위원회,제22대국회 제423회 (임시회) 제1차 보건복지위원회 (2025.03.18.),이개호,6670,education,0.35,1,109
pres_2025,22,official_minutes,https://record.assembly.go.kr/assembly/viewer/minutes/xml.do?id=54433&type=view,official_minutes_54433:40:1,2025-03-18,2025-03-17,보건복지위원회,제22대국회 제423회 (임시회) 제1차 보건복지위원회 (2025.03.18.),조규홍,0,education,0.35,1,72
pres_2025,22,official_minutes,https://record.assembly.go.kr/assembly/viewer/minutes/xml.do?id=54433&type=view,official_minutes_54433:40:2,2025-03-18,2025-03-17,보건복지위원회,제22대국회 제423회 (임시회) 제1차 보건복지위원회 (2025.03.18.),조규홍,0,regional_dev,0.35,1,156
pres_2025,22,official_minutes,https://record.assembly.go.kr/assembly/viewer/minutes/xml.do?id=54433&type=view,official_minutes_54433:40:2,2025-03-18,2025-03-17,보건복지위원회,제22대국회 제423회 (임시회) 제1차 보건복지위원회 (2025.03.18.),조규홍,0,education,0.35,1,156
pres_2025,22,official_minutes,https://record.assembly.go.kr/assembly/viewer/minutes/xml.do?id=54433&type=view,official_minutes_54433:40:3,2025-03-18,2025-03-17,보건복지위원회,제22대국회 제423회 (임시회) 제1차 보건복지위원회 (2025.03.18.),조규홍,0,welfare_pension,0.35,1,64
pres_2025,22,official_minutes,https://record.assembly.go.kr/assembly/viewer/minutes/xml.do?id=54433&type=view,official_minutes_54433:40:3,2025-03-18,2025-03-17,보건복지위원회,제22대국회 제423회 (임시회) 제1차 보건복지위원회 (2025.03.18.),조규홍,0,education,0.35,1,64
pres_2025,22,official_minutes,https://record.assembly.go.kr/assembly/viewer/minutes/xml.do?id=54433&type=view,official_minutes_54433:41:1,2025-03-18,2025-03-17,보건복지위원회,제22대국회 제423회 (임시회) 제1차 보건복지위원회 (2025.03.18.),이개호,6670,regional_dev,0.35,1,44
pres_2025,22,official_minutes,https://record.assembly.go.kr/assembly/viewer/minutes/xml.do?id=54433&type=view,official_minutes_54433:41:1,2025-03-18,2025-03-17,보건복지위원회,제22대국회 제423회 (임시회) 제1차 보건복지위원회 (2025.03.18.),이개호,6670,education,0.35,1,44
pres_2025,22,official_minutes,https://record.assembly.go.kr/assembly/viewer/minutes/xml.do?id=54433&type=view,official_minutes_54433:45:1,2025-03-18,2025-03-17,보건복지위원회,제22대국회 제423회 (임시회) 제1차 보건복지위원회 (2025.03.18.),김윤,6818,welfare_pension,0.35,1,55
pres_2025,22,official_minutes,https://record.assembly.go.kr/assembly/viewer/minutes/xml.do?id=54433&type=view,official_minutes_54433:45:3,2025-03-18,2025-03-17,보건복지위원회,제22대국회 제423회 (임시회) 제1차 보건복지위원회 (2025.03.18.),김윤,6818,welfare_pension,0.35,1,78
pres_2025,22,official_minutes,https://record.assembly.go.kr/assembly/viewer/minutes/xml.do?id=54433&type=view,official_minutes_54433:45:4,2025-03-18,2025-03-17,보건복지위원회,제22대국회 제423회 (임시회) 제1차 보건복지위원회 (2025.03.18.),김윤,6818,welfare_pension,0.35,1,64
pres_2025,22,official_minutes,https://record.assembly.go.kr/assembly/viewer/minutes/xml.do?id=54433&type=view,official_minutes_54433:45:7,2025-03-18,2025-03-17,보건복지위원회,제22대국회 제423회 (임시회) 제1차 보건복지위원회 (2025.03.18.),김윤,6818,welfare_pension,0.35,1,186
pres_2025,22,official_minutes,https://record.assembly.go.kr/assembly/viewer/minutes/xml.do?id=54433&type=view,official_minutes_54433:45:7,2025-03-18,2025-03-17,보건복지위원회,제22대국회 제423회 (임시회) 제1차 보건복지위원회 (2025.03.18.),김윤,6818,endorsement_event,0.35,1,186
pres_2025,22,official_minutes,https://record.assembly.go.kr/assembly/viewer/minutes/xml.do?id=54433&type=view,official_minutes_54433:45:10,2025-03-18,2025-03-17,보건복지위원회,제22대국회 제423회 (임시회) 제1차 보건복지위원회 (2025.03.18.),김윤,6818,welfare_pension,0.35,1,52
pres_2025,22,official_minutes,https://record.assembly.go.kr/assembly/viewer/minutes/xml.do?id=54433&type=view,official_minutes_54433:45:13,2025-03-18,2025-03-17,보건복지위원회,제22대국회 제423회 (임시회) 제1차 보건복지위원회 (2025.03.18.),김윤,6818,education,0.35,1,163
pres_2025,22,official_minutes,https://record.assembly.go.kr/assembly/viewer/minutes/xml.do?id=54433&type=view,official_minutes_54433:45:13,2025-03-18,2025-03-17,보건복지위원회,제22대국회 제423회 (임시회) 제1차 보건복지위원회 (2025.03.18.),김윤,6818,welfare_pension,0.35,1,163
pres_2025,22,official_minutes,https://record.assembly.go.kr/assembly/viewer/minutes/xml.do?id=54433&type=view,official_minutes_54433:45:14,2025-03-18,2025-03-17,보건복지위원회,제22대국회 제423회 (임시회) 제1차 보건복지위원회 (2025.03.18.),김윤,6818,welfare_pension,0.35,1,145
pres_2025,22,official_minutes,https://record.assembly.go.kr/assembly/viewer/minutes/xml.do?id=54433&type=view,official_minutes_54433:45:16,2025-03-18,2025-03-17,보건복지위원회,제22대국회 제423회 (임시회) 제1차 보건복지위원회 (2025.03.18.),김윤,6818,welfare_pension,0.35,1,158
pres_2025,22,official_minutes,https://record.assembly.go.kr/assembly/viewer/minutes/xml.do?id=54433&type=view,official_minutes_54433:46:3,2025-03-18,2025-03-17,보건복지위원회,제22대국회 제423회 (임시회) 제1차 보건복지위원회 (2025.03.18.),조규홍,0,welfare_pension,0.35,1,126
pres_2025,22,official_minutes,https://record.assembly.go.kr/assembly/viewer/minutes/xml.do?id=54433&type=view,official_minutes_54433:56:5,2025-03-18,2025-03-17,보건복지위원회,제22대국회 제423회 (임시회) 제1차 보건복지위원회 (2025.03.18.),이주영,6560,welfare_pension,0.35,1,91
pres_2025,22,official_minutes,https://record.assembly.go.kr/assembly/viewer/minutes/xml.do?id=54433&type=view,official_minutes_54433:56:6,2025-03-18,2025-03-17,보건복지위원회,제22대국회 제423회 (임시회) 제1차 보건복지위원회 (2025.03.18.),이주영,6560,welfare_pension,0.35,1,136
pres_2025,22,official_minutes,https://record.assembly.go.kr/assembly/viewer/minutes/xml.do?id=54433&type=view,official_minutes_54433:56:7,2025-03-18,2025-03-17,보건복지위원회,제22대국회 제423회 (임시회) 제1차 보건복지위원회 (2025.03.18.),이주영,6560,education,0.35,1,117
pres_2025,22,official_minutes,https://record.assembly.go.kr/assembly/viewer/minutes/xml.do?id=54433&type=view,official_minutes_54433:56:8,2025-03-18,2025-03-17,보건복지위원회,제22대국회 제423회 (임시회) 제1차 보건복지위원회 (2025.03.18.),이주영,6560,education,0.35,1,97
pres_2025,22,official_minutes,https://record.assembly.go.kr/assembly/viewer/minutes/xml.do?id=54433&type=view,official_minutes_54433:56:9,2025-03-18,2025-03-17,보건복지위원회,제22대국회 제423회 (임시회) 제1차 보건복지위원회 (2025.03.18.),이주영,6560,education,0.35,1,281
pres_2025,22,official_minutes,https://record.assembly.go.kr/assembly/viewer/minutes/xml.do?id=54433&type=view,official_minutes_54433:56:9,2025-03-18,2025-03-17,보건복지위원회,제22대국회 제423회 (임시회) 제1차 보건복지위원회 (2025.03.18.),이주영,6560,welfare_pension,0.35,1,281
pres_2025,22,official_minutes,https://record.assembly.go.kr/assembly/viewer/minutes/xml.do?id=54433&type=view,official_minutes_54433:56:9,2025-03-18,2025-03-17,보건복지위원회,제22대국회 제423회 (임시회) 제1차 보건복지위원회 (2025.03.18.),이주영,6560,family_legal_risk,0.35,1,281
pres_2025,22,official_minutes,https://record.assembly.go.kr/assembly/viewer/minutes/xml.do?id=54433&type=view,official_minutes_54433:56:10,2025-03-18,2025-03-17,보건복지위원회,제22대국회 제423회 (임시회) 제1차 보건복지위원회 (2025.03.18.),이주영,6560,welfare_pension,0.35,1,37
pres_2025,22,official_minutes,https://record.assembly.go.kr/assembly/viewer/minutes/xml.do?id=54433&type=view,official_minutes_54433:56:11,2025-03-18,2025-03-17,보건복지위원회,제22대국회 제423회 (임시회) 제1차 보건복지위원회 (2025.03.18.),이주영,6560,welfare_pension,0.35,1,83
pres_2025,22,official_minutes,https://record.assembly.go.kr/assembly/viewer/minutes/xml.do?id=54433&type=view,official_minutes_54433:56:11,2025-03-18,2025-03-17,보건복지위원회,제22대국회 제423회 (임시회) 제1차 보건복지위원회 (2025.03.18.),이주영,6560,education,0.35,1,83
pres_2025,22,official_minutes,https://record.assembly.go.kr/assembly/viewer/minutes/xml.do?id=54433&type=view,official_minutes_54433:56:12,2025-03-18,2025-03-17,보건복지위원회,제22대국회 제423회 (임시회) 제1차 보건복지위원회 (2025.03.18.),이주영,6560,education,0.35,1,417
pres_2025,22,official_minutes,https://record.assembly.go.kr/assembly/viewer/minutes/xml.do?id=54433&type=view,official_minutes_54433:56:12,2025-03-18,2025-03-17,보건복지위원회,제22대국회 제423회 (임시회) 제1차 보건복지위원회 (2025.03.18.),이주영,6560,welfare_pension,0.35,1,417
pres_2025,22,official_minutes,https://record.assembly.go.kr/assembly/viewer/minutes/xml.do?id=54433&type=view,official_minutes_54433:56:14,2025-03-18,2025-03-17,보건복지위원회,제22대국회 제423회 (임시회) 제1차 보건복지위원회 (2025.03.18.),이주영,6560,welfare_pension,0.35,1,307
pres_2025,22,official_minutes,https://record.assembly.go.kr/assembly/viewer/minutes/xml.do?id=54433&type=view,official_minutes_54433:57:4,2025-03-18,2025-03-17,보건복지위원회,제22대국회 제423회 (임시회) 제1차 보건복지위원회 (2025.03.18.),조규홍,0,welfare_pension,0.35,1,104
pres_2025,22,official_minutes,https://record.assembly.go.kr/assembly/viewer/minutes/xml.do?id=54433&type=view,official_minutes_54433:57:5,2025-03-18,2025-03-17,보건복지위원회,제22대국회 제423회 (임시회) 제1차 보건복지위원회 (2025.03.18.),조규홍,0,welfare_pension,0.35,1,131
pres_2025,22,official_minutes,https://record.assembly.go.kr/assembly/viewer/minutes/xml.do?id=54433&type=view,official_minutes_54433:57:6,2025-03-18,2025-03-17,보건복지위원회,제22대국회 제423회 (임시회) 제1차 보건복지위원회 (2025.03.18.),조규홍,0,welfare_pension,0.35,1,48
pres_2025,22,official_minutes,https://record.assembly.go.kr/assembly/viewer/minutes/xml.do?id=54433&type=view,official_minutes_54433:57:7,2025-03-18,2025-03-17,보건복지위원회,제22대국회 제423회 (임시회) 제1차 보건복지위원회 (2025.03.18.),조규홍,0,welfare_pension,0.35,1,69
pres_2025,22,official_minutes,https://record.assembly.go.kr/assembly/viewer/minutes/xml.do?id=54433&type=view,official_minutes_54433:57:9,2025-03-18,2025-03-17,보건복지위원회,제22대국회 제423회 (임시회) 제1차 보건복지위원회 (2025.03.18.),조규홍,0,regional_dev,0.35,1,125
pres_2025,22,official_minutes,https://record.assembly.go.kr/assembly/viewer/minutes/xml.do?id=54433&type=view,official_minutes_54433:57:10,2025-03-18,2025-03-17,보건복지위원회,제22대국회 제423회 (임시회) 제1차 보건복지위원회 (2025.03.18.),조규홍,0,education,0.35,1,95
pres_2025,22,official_minutes,https://record.assembly.go.kr/assembly/viewer/minutes/xml.do?id=54433&type=view,official_minutes_54433:57:11,2025-03-18,2025-03-17,보건복지위원회,제22대국회 제423회 (임시회) 제1차 보건복지위원회 (2025.03.18.),조규홍,0,welfare_pension,0.35,1,54
pres_2025,22,official_minutes,https://record.assembly.go.kr/assembly/viewer/minutes/xml.do?id=54433&type=view,official_minutes_54433:61:6,2025-03-18,2025-03-17,보건복지위원회,제22대국회 제423회 (임시회) 제1차 보건복지위원회 (2025.03.18.),이수진,6664,welfare_pension,0.35,1,115
pres_2025,22,official_minutes,https://record.assembly.go.kr/assembly/viewer/minutes/xml.do?id=54433&type=view,official_minutes_54433:61:13,2025-03-18,2025-03-17,보건복지위원회,제22대국회 제423회 (임시회) 제1차 보건복지위원회 (2025.03.18.),이수진,6664,welfare_pension,0.35,1,63
pres_2025,22,official_minutes,https://record.assembly.go.kr/assembly/viewer/minutes/xml.do?id=54433&type=view,official_minutes_54433:65:2,2025-03-18,2025-03-17,보건복지위원회,제22대국회 제423회 (임시회) 제1차 보건복지위원회 (2025.03.18.),서미화,6772,welfare_pension,0.35,1,119
pres_2025,22,official_minutes,https://record.assembly.go.kr/assembly/viewer/minutes/xml.do?id=54433&type=view,official_minutes_54433:65:5,2025-03-18,2025-03-17,보건복지위원회,제22대국회 제423회 (임시회) 제1차 보건복지위원회 (2025.03.18.),서미화,6772,welfare_pension,0.35,1,136
pres_2025,22,official_minutes,https://record.assembly.go.kr/assembly/viewer/minutes/xml.do?id=54433&type=view,official_minutes_54433:65:5,2025-03-18,2025-03-17,보건복지위원회,제22대국회 제423회 (임시회) 제1차 보건복지위원회 (2025.03.18.),서미화,6772,regional_dev,0.35,1,136
pres_2025,22,official_minutes,https://record.assembly.go.kr/assembly/viewer/minutes/xml.do?id=54433&type=view,official_minutes_54433:65:6,2025-03-18,2025-03-17,보건복지위원회,제22대국회 제423회 (임시회) 제1차 보건복지위원회 (2025.03.18.),서미화,6772,welfare_pension,0.35,1,62
pres_2025,22,official_minutes,https://record.assembly.go.kr/assembly/viewer/minutes/xml.do?id=54433&type=view,official_minutes_54433:67:2,2025-03-18,2025-03-17,보건복지위원회,제22대국회 제423회 (임시회) 제1차 보건복지위원회 (2025.03.18.),서미화,6772,education,0.35,1,141
pres_2025,22,official_minutes,https://record.assembly.go.kr/assembly/viewer/minutes/xml.do?id=54433&type=view,official_minutes_54433:70:1,2025-03-18,2025-03-17,보건복지위원회,제22대국회 제423회 (임시회) 제1차 보건복지위원회 (2025.03.18.),조규홍,0,welfare_pension,0.35,1,50
pres_2025,22,official_minutes,https://record.assembly.go.kr/assembly/viewer/minutes/xml.do?id=54433&type=view,official_minutes_54433:70:1,2025-03-18,2025-03-17,보건복지위원회,제22대국회 제423회 (임시회) 제1차 보건복지위원회 (2025.03.18.),조규홍,0,education,0.35,1,50
pres_2025,22,official_minutes,https://record.assembly.go.kr/assembly/viewer/minutes/xml.do?id=54433&type=view,official_minutes_54433:70:2,2025-03-18,2025-03-17,보건복지위원회,제22대국회 제423회 (임시회) 제1차 보건복지위원회 (2025.03.18.),조규홍,0,education,0.35,1,15
pres_2025,22,official_minutes,https://record.assembly.go.kr/assembly/viewer/minutes/xml.do?id=54433&type=view,official_minutes_54433:71:1,2025-03-18,2025-03-17,보건복지위원회,제22대국회 제423회 (임시회) 제1차 보건복지위원회 (2025.03.18.),서미화,6772,education,0.35,1,79
pres_2025,22,official_minutes,https://record.assembly.go.kr/assembly/viewer/minutes/xml.do?id=54433&type=view,official_minutes_54433:72:3,2025-03-18,2025-03-17,보건복지위원회,제22대국회 제423회 (임시회) 제1차 보건복지위원회 (2025.03.18.),조규홍,0,education,0.35,1,30
pres_2025,22,official_minutes,https://record.assembly.go.kr/assembly/viewer/minutes/xml.do?id=54433&type=view,official_minutes_54433:73:5,2025-03-18,2025-03-17,보건복지위원회,제22대국회 제423회 (임시회) 제1차 보건복지위원회 (2025.03.18.),서미화,6772,welfare_pension,0.35,1,46
pres_2025,22,official_minutes,https://record.assembly.go.kr/assembly/viewer/minutes/xml.do?id=54433&type=view,official_minutes_54433:73:6,2025-03-18,2025-03-17,보건복지위원회,제22대국회 제423회 (임시회) 제1차 보건복지위원회 (2025.03.18.),서미화,6772,education,0.75,1,41
pres_2025,22,official_minutes,https://record.assembly.go.kr/assembly/viewer/minutes/xml.do?id=54433&type=view,official_minutes_54433:73:7,2025-03-18,2025-03-17,보건복지위원회,제22대국회 제423회 (임시회) 제1차 보건복지위원회 (2025.03.18.),서미화,6772,regional_dev,0.35,1,77
pres_2025,22,official_minutes,https://record.assembly.go.kr/assembly/viewer/minutes/xml.do?id=54433&type=view,official_minutes_54433:77:3,2025-03-18,2025-03-17,보건복지위원회,제22대국회 제423회 (임시회) 제1차 보건복지위원회 (2025.03.18.),서미화,6772,welfare_pension,0.35,1,68
pres_2025,22,official_minutes,https://record.assembly.go.kr/assembly/viewer/minutes/xml.do?id=54433&type=view,official_minutes_54433:81:11,2025-03-18,2025-03-17,보건복지위원회,제22대국회 제423회 (임시회) 제1차 보건복지위원회 (2025.03.18.),서미화,6772,education,0.35,1,96
pres_2025,22,official_minutes,https://record.assembly.go.kr/assembly/viewer/minutes/xml.do?id=54433&type=view,official_minutes_54433:85:2,2025-03-18,2025-03-17,보건복지위원회,제22대국회 제423회 (임시회) 제1차 보건복지위원회 (2025.03.18.),서미화,6772,education,0.35,1,155
pres_2025,22,official_minutes,https://record.assembly.go.kr/assembly/viewer/minutes/xml.do?id=54433&type=view,official_minutes_54433:85:3,2025-03-18,2025-03-17,보건복지위원회,제22대국회 제423회 (임시회) 제1차 보건복지위원회 (2025.03.18.),서미화,6772,welfare_pension,0.35,1,68
pres_2025,22,official_minutes,https://record.assembly.go.kr/assembly/viewer/minutes/xml.do?id=54433&type=view,official_minutes_54433:86:1,2025-03-18,2025-03-17,보건복지위원회,제22대국회 제423회 (임시회) 제1차 보건복지위원회 (2025.03.18.),조규홍,0,regional_dev,0.35,1,70
pres_2025,22,official_minutes,https://record.assembly.go.kr/assembly/viewer/minutes/xml.do?id=54433&type=view,official_minutes_54433:86:2,2025-03-18,2025-03-17,보건복지위원회,제22대국회 제423회 (임시회) 제1차 보건복지위원회 (2025.03.18.),조규홍,0,regional_dev,0.35,1,49
pres_2025,22,official_minutes,https://record.assembly.go.kr/assembly/viewer/minutes/xml.do?id=54433&type=view,official_minutes_54433:87:1,2025-03-18,2025-03-17,보건복지위원회,제22대국회 제423회 (임시회) 제1차 보건복지위원회 (2025.03.18.),서미화,6772,regional_dev,0.35,1,44
pres_2025,22,official_minutes,https://record.assembly.go.kr/assembly/viewer/minutes/xml.do?id=54433&type=view,official_minutes_54433:87:3,2025-03-18,2025-03-17,보건복지위원회,제22대국회 제423회 (임시회) 제1차 보건복지위원회 (2025.03.18.),서미화,6772,welfare_pension,0.35,1,149
pres_2025,22,official_minutes,https://record.assembly.go.kr/assembly/viewer/minutes/xml.do?id=54433&type=view,official_minutes_54433:87:3,2025-03-18,2025-03-17,보건복지위원회,제22대국회 제423회 (임시회) 제1차 보건복지위원회 (2025.03.18.),서미화,6772,education,0.35,1,149
pres_2025,22,official_minutes,https://record.assembly.go.kr/assembly/viewer/minutes/xml.do?id=54433&type=view,official_minutes_54433:88:1,2025-03-18,2025-03-17,보건복지위원회,제22대국회 제423회 (임시회) 제1차 보건복지위원회 (2025.03.18.),조규홍,0,education,0.35,1,36
pres_2025,22,official_minutes,https://record.assembly.go.kr/assembly/viewer/minutes/xml.do?id=54433&type=view,official_minutes_54433:93:2,2025-03-18,2025-03-17,보건복지위원회,제22대국회 제423회 (임시회) 제1차 보건복지위원회 (2025.03.18.),김미애,6589,welfare_pension,0.35,1,116
pres_2025,22,official_minutes,https://record.assembly.go.kr/assembly/viewer/minutes/xml.do?id=54433&type=view,official_minutes_54433:93:2,2025-03-18,2025-03-17,보건복지위원회,제22대국회 제423회 (임시회) 제1차 보건복지위원회 (2025.03.18.),김미애,6589,regional_dev,0.35,1,116
pres_2025,22,official_minutes,https://record.assembly.go.kr/assembly/viewer/minutes/xml.do?id=54433&type=view,official_minutes_54433:93:3,2025-03-18,2025-03-17,보건복지위원회,제22대국회 제423회 (임시회) 제1차 보건복지위원회 (2025.03.18.),김미애,6589,welfare_pension,0.35,1,19
pres_2025,22,official_minutes,https://record.assembly.go.kr/assembly/viewer/minutes/xml.do?id=54433&type=view,official_minutes_54433:99:1,2025-03-18,2025-03-17,보건복지위원회,제22대국회 제423회 (임시회) 제1차 보건복지위원회 (2025.03.18.),김미애,6589,welfare_pension,0.35,1,46
pres_2025,22,official_minutes,https://record.assembly.go.kr/assembly/viewer/minutes/xml.do?id=54433&type=view,official_minutes_54433:99:1,2025-03-18,2025-03-17,보건복지위원회,제22대국회 제423회 (임시회) 제1차 보건복지위원회 (2025.03.18.),김미애,6589,education,0.35,1,46
pres_2025,22,official_minutes,https://record.assembly.go.kr/assembly/viewer/minutes/xml.do?id=54433&type=view,official_minutes_54433:99:2,2025-03-18,2025-03-17,보건복지위원회,제22대국회 제423회 (임시회) 제1차 보건복지위원회 (2025.03.18.),김미애,6589,education,0.35,1,54
pres_2025,22,official_minutes,https://record.assembly.go.kr/assembly/viewer/minutes/xml.do?id=54433&type=view,official_minutes_54433:99:11,2025-03-18,2025-03-17,보건복지위원회,제22대국회 제423회 (임시회) 제1차 보건복지위원회 (2025.03.18.),김미애,6589,education,0.35,1,156
pres_2025,22,official_minutes,https://record.assembly.go.kr/assembly/viewer/minutes/xml.do?id=54433&type=view,official_minutes_54433:99:12,2025-03-18,2025-03-17,보건복지위원회,제22대국회 제423회 (임시회) 제1차 보건복지위원회 (2025.03.18.),김미애,6589,education,0.35,1,70
pres_2025,22,official_minutes,https://record.assembly.go.kr/assembly/viewer/minutes/xml.do?id=54433&type=view,official_minutes_54433:99:14,2025-03-18,2025-03-17,보건복지위원회,제22대국회 제423회 (임시회) 제1차 보건복지위원회 (2025.03.18.),김미애,6589,welfare_pension,0.35,1,50
pres_2025,22,official_minutes,https://record.assembly.go.kr/assembly/viewer/minutes/xml.do?id=54433&type=view,official_minutes_54433:106:3,2025-03-18,2025-03-17,보건복지위원회,제22대국회 제423회 (임시회) 제1차 보건복지위원회 (2025.03.18.),남인순,6663,welfare_pension,0.35,1,148
pres_2025,22,official_minutes,https://record.assembly.go.kr/assembly/viewer/minutes/xml.do?id=54433&type=view,official_minutes_54433:106:3,2025-03-18,2025-03-17,보건복지위원회,제22대국회 제423회 (임시회) 제1차 보건복지위원회 (2025.03.18.),남인순,6663,education,0.35,1,148
pres_2025,22,official_minutes,https://record.assembly.go.kr/assembly/viewer/minutes/xml.do?id=54433&type=view,official_minutes_54433:106:4,2025-03-18,2025-03-17,보건복지위원회,제22대국회 제423회 (임시회) 제1차 보건복지위원회 (2025.03.18.),남인순,6663,education,0.35,1,99
pres_2025,22,official_minutes,https://record.assembly.go.kr/assembly/viewer/minutes/xml.do?id=54433&type=view,official_minutes_54433:106:8,2025-03-18,2025-03-17,보건복지위원회,제22대국회 제423회 (임시회) 제1차 보건복지위원회 (2025.03.18.),남인순,6663,education,0.35,1,40
pres_2025,22,official_minutes,https://record.assembly.go.kr/assembly/viewer/minutes/xml.do?id=54433&type=view,official_minutes_54433:106:10,2025-03-18,2025-03-17,보건복지위원회,제22대국회 제423회 (임시회) 제1차 보건복지위원회 (2025.03.18.),남인순,6663,welfare_pension,0.35,1,43
pres_2025,22,official_minutes,https://record.assembly.go.kr/assembly/viewer/minutes/xml.do?id=54433&type=view,official_minutes_54433:107:1,2025-03-18,2025-03-17,보건복지위원회,제22대국회 제423회 (임시회) 제1차 보건복지위원회 (2025.03.18.),조규홍,0,education,0.35,1,151
pres_2025,22,official_minutes,https://record.assembly.go.kr/assembly/viewer/minutes/xml.do?id=54433&type=view,official_minutes_54433:107:1,2025-03-18,2025-03-17,보건복지위원회,제22대국회 제423회 (임시회) 제1차 보건복지위원회 (2025.03.18.),조규홍,0,welfare_pension,0.35,1,151
pres_2025,22,official_minutes,https://record.assembly.go.kr/assembly/viewer/minutes/xml.do?id=54433&type=view,official_minutes_54433:109:2,2025-03-18,2025-03-17,보건복지위원회,제22대국회 제423회 (임시회) 제1차 보건복지위원회 (2025.03.18.),조규홍,0,welfare_pension,0.35,1,67
pres_2025,22,official_minutes,https://record.assembly.go.kr/assembly/viewer/minutes/xml.do?id=54433&type=view,official_minutes_54433:113:3,2025-03-18,2025-03-17,보건복지위원회,제22대국회 제423회 (임시회) 제1차 보건복지위원회 (2025.03.18.),강선우,6854,welfare_pension,0.75,1,100
pres_2025,22,official_minutes,https://record.assembly.go.kr/assembly/viewer/minutes/xml.do?id=54433&type=view,official_minutes_54433:115:2,2025-03-18,2025-03-17,보건복지위원회,제22대국회 제423회 (임시회) 제1차 보건복지위원회 (2025.03.18.),강선우,6854,welfare_pension,0.35,1,77
pres_2025,22,official_minutes,https://record.assembly.go.kr/assembly/viewer/minutes/xml.do?id=54433&type=view,official_minutes_54433:115:5,2025-03-18,2025-03-17,보건복지위원회,제22대국회 제423회 (임시회) 제1차 보건복지위원회 (2025.03.18.),강선우,6854,welfare_pension,0.35,1,43
pres_2025,22,official_minutes,https://record.assembly.go.kr/assembly/viewer/minutes/xml.do?id=54433&type=view,official_minutes_54433:115:9,2025-03-18,2025-03-17,보건복지위원회,제22대국회 제423회 (임시회) 제1차 보건복지위원회 (2025.03.18.),강선우,6854,education,0.35,1,39
pres_2025,22,official_minutes,https://record.assembly.go.kr/assembly/viewer/minutes/xml.do?id=54433&type=view,official_minutes_54433:115:12,2025-03-18,2025-03-17,보건복지위원회,제22대국회 제423회 (임시회) 제1차 보건복지위원회 (2025.03.18.),강선우,6854,foreign_policy,0.35,1,55
pres_2025,22,official_minutes,https://record.assembly.go.kr/assembly/viewer/minutes/xml.do?id=54433&type=view,official_minutes_54433:115:15,2025-03-18,2025-03-17,보건복지위원회,제22대국회 제423회 (임시회) 제1차 보건복지위원회 (2025.03.18.),강선우,6854,welfare_pension,0.35,1,37
pres_2025,22,official_minutes,https://record.assembly.go.kr/assembly/viewer/minutes/xml.do?id=54433&type=view,official_minutes_54433:115:16,2025-03-18,2025-03-17,보건복지위원회,제22대국회 제423회 (임시회) 제1차 보건복지위원회 (2025.03.18.),강선우,6854,welfare_pension,0.35,1,84
pres_2025,22,official_minutes,https://record.assembly.go.kr/assembly/viewer/minutes/xml.do?id=54433&type=view,official_minutes_54433:115:22,2025-03-18,2025-03-17,보건복지위원회,제22대국회 제423회 (임시회) 제1차 보건복지위원회 (2025.03.18.),강선우,6854,welfare_pension,0.35,1,18
pres_2025,22,official_minutes,https://record.assembly.go.kr/assembly/viewer/minutes/xml.do?id=54433&type=view,official_minutes_54433:115:36,2025-03-18,2025-03-17,보건복지위원회,제22대국회 제423회 (임시회) 제1차 보건복지위원회 (2025.03.18.),강선우,6854,welfare_pension,0.35,1,63
pres_2025,22,official_minutes,https://record.assembly.go.kr/assembly/viewer/minutes/xml.do?id=54433&type=view,official_minutes_54433:115:37,2025-03-18,2025-03-17,보건복지위원회,제22대국회 제423회 (임시회) 제1차 보건복지위원회 (2025.03.18.),강선우,6854,welfare_pension,0.35,1,111
pres_2025,22,official_minutes,https://record.assembly.go.kr/assembly/viewer/minutes/xml.do?id=54433&type=view,official_minutes_54433:115:37,2025-03-18,2025-03-17,보건복지위원회,제22대국회 제423회 (임시회) 제1차 보건복지위원회 (2025.03.18.),강선우,6854,education,0.35,1,111
pres_2025,22,official_minutes,https://record.assembly.go.kr/assembly/viewer/minutes/xml.do?id=54433&type=view,official_minutes_54433:115:42,2025-03-18,2025-03-17,보건복지위원회,제22대국회 제423회 (임시회) 제1차 보건복지위원회 (2025.03.18.),강선우,6854,family_legal_risk,0.35,1,45
pres_2025,22,official_minutes,https://record.assembly.go.kr/assembly/viewer/minutes/xml.do?id=54433&type=view,official_minutes_54433:120:1,2025-03-18,2025-03-17,보건복지위원회,제22대국회 제423회 (임시회) 제1차 보건복지위원회 (2025.03.18.),조규홍,0,welfare_pension,0.35,1,80
pres_2025,22,official_minutes,https://record.assembly.go.kr/assembly/viewer/minutes/xml.do?id=54433&type=view,official_minutes_54433:120:1,2025-03-18,2025-03-17,보건복지위원회,제22대국회 제423회 (임시회) 제1차 보건복지위원회 (2025.03.18.),조규홍,0,foreign_policy,0.35,1,80
pres_2025,22,official_minutes,https://record.assembly.go.kr/assembly/viewer/minutes/xml.do?id=54433&type=view,official_minutes_54433:120:3,2025-03-18,2025-03-17,보건복지위원회,제22대국회 제423회 (임시회) 제1차 보건복지위원회 (2025.03.18.),조규홍,0,corruption_integrity,0.35,1,65
pres_2025,22,official_minutes,https://record.assembly.go.kr/assembly/viewer/minutes/xml.do?id=54433&type=view,official_minutes_54433:120:4,2025-03-18,2025-03-17,보건복지위원회,제22대국회 제423회 (임시회) 제1차 보건복지위원회 (2025.03.18.),조규홍,0,welfare_pension,0.35,1,81
pres_2025,22,official_minutes,https://record.assembly.go.kr/assembly/viewer/minutes/xml.do?id=54433&type=view,official_minutes_54433:121:1,2025-03-18,2025-03-17,보건복지위원회,제22대국회 제423회 (임시회) 제1차 보건복지위원회 (2025.03.18.),박주민,6691,welfare_pension,0.35,1,70
pres_2025,22,official_minutes,https://record.assembly.go.kr/assembly/viewer/minutes/xml.do?id=54433&type=view,official_minutes_54433:123:8,2025-03-18,2025-03-17,보건복지위원회,제22대국회 제423회 (임시회) 제1차 보건복지위원회 (2025.03.18.),박주민,6691,welfare_pension,0.35,1,154
pres_2025,22,official_minutes,https://record.assembly.go.kr/assembly/viewer/minutes/xml.do?id=54433&type=view,official_minutes_54433:127:1,2025-03-18,2025-03-17,보건복지위원회,제22대국회 제423회 (임시회) 제1차 보건복지위원회 (2025.03.18.),김남희,6807,security_nk,1.0,1,125
pres_2025,22,official_minutes,https://record.assembly.go.kr/assembly/viewer/minutes/xml.do?id=54433&type=view,official_minutes_54433:127:1,2025-03-18,2025-03-17,보건복지위원회,제22대국회 제423회 (임시회) 제1차 보건복지위원회 (2025.03.18.),김남희,6807,welfare_pension,1.0,1,125
pres_2025,22,official_minutes,https://record.assembly.go.kr/assembly/viewer/minutes/xml.do?id=54433&type=view,official_minutes_54433:127:1,2025-03-18,2025-03-17,보건복지위원회,제22대국회 제423회 (임시회) 제1차 보건복지위원회 (2025.03.18.),김남희,6807,family_legal_risk,0.35,1,125
pres_2025,22,official_minutes,https://record.assembly.go.kr/assembly/viewer/minutes/xml.do?id=54433&type=view,official_minutes_54433:127:1,2025-03-18,2025-03-17,보건복지위원회,제22대국회 제423회 (임시회) 제1차 보건복지위원회 (2025.03.18.),김남희,6807,regional_dev,0.35,1,125
pres_2025,22,official_minutes,https://record.assembly.go.kr/assembly/viewer/minutes/xml.do?id=54433&type=view,official_minutes_54433:127:3,2025-03-18,2025-03-17,보건복지위원회,제22대국회 제423회 (임시회) 제1차 보건복지위원회 (2025.03.18.),김남희,6807,welfare_pension,1.0,1,37
pres_2025,22,official_minutes,https://record.assembly.go.kr/assembly/viewer/minutes/xml.do?id=54433&type=view,official_minutes_54433:127:4,2025-03-18,2025-03-17,보건복지위원회,제22대국회 제423회 (임시회) 제1차 보건복지위원회 (2025.03.18.),김남희,6807,welfare_pension,1.0,1,81
pres_2025,22,official_minutes,https://record.assembly.go.kr/assembly/viewer/minutes/xml.do?id=54433&type=view,official_minutes_54433:127:8,2025-03-18,2025-03-17,보건복지위원회,제22대국회 제423회 (임시회) 제1차 보건복지위원회 (2025.03.18.),김남희,6807,welfare_pension,1.0,1,24
pres_2025,22,official_minutes,https://record.assembly.go.kr/assembly/viewer/minutes/xml.do?id=54433&type=view,official_minutes_54433:127:11,2025-03-18,2025-03-17,보건복지위원회,제22대국회 제423회 (임시회) 제1차 보건복지위원회 (2025.03.18.),김남희,6807,welfare_pension,1.0,1,55
pres_2025,22,official_minutes,https://record.assembly.go.kr/assembly/viewer/minutes/xml.do?id=54433&type=view,official_minutes_54433:133:3,2025-03-18,2025-03-17,보건복지위원회,제22대국회 제423회 (임시회) 제1차 보건복지위원회 (2025.03.18.),이수진,6664,welfare_pension,0.35,1,49
pres_2025,22,official_minutes,https://record.assembly.go.kr/assembly/viewer/minutes/xml.do?id=54433&type=view,official_minutes_54433:135:1,2025-03-18,2025-03-17,보건복지위원회,제22대국회 제423회 (임시회) 제1차 보건복지위원회 (2025.03.18.),이수진,6664,welfare_pension,0.35,1,59
pres_2025,22,official_minutes,https://record.assembly.go.kr/assembly/viewer/minutes/xml.do?id=54433&type=view,official_minutes_54433:135:3,2025-03-18,2025-03-17,보건복지위원회,제22대국회 제423회 (임시회) 제1차 보건복지위원회 (2025.03.18.),이수진,6664,welfare_pension,0.35,1,44
pres_2025,22,official_minutes,https://record.assembly.go.kr/assembly/viewer/minutes/xml.do?id=54433&type=view,official_minutes_54433:135:4,2025-03-18,2025-03-17,보건복지위원회,제22대국회 제423회 (임시회) 제1차 보건복지위원회 (2025.03.18.),이수진,6664,welfare_pension,0.35,1,73
pres_2025,22,official_minutes,https://record.assembly.go.kr/assembly/viewer/minutes/xml.do?id=54433&type=view,official_minutes_54433:135:5,2025-03-18,2025-03-17,보건복지위원회,제22대국회 제423회 (임시회) 제1차 보건복지위원회 (2025.03.18.),이수진,6664,welfare_pension,0.35,1,130
pres_2025,22,official_minutes,https://record.assembly.go.kr/assembly/viewer/minutes/xml.do?id=54433&type=view,official_minutes_54433:135:6,2025-03-18,2025-03-17,보건복지위원회,제22대국회 제423회 (임시회) 제1차 보건복지위원회 (2025.03.18.),이수진,6664,welfare_pension,0.35,1,83
pres_2025,22,official_minutes,https://record.assembly.go.kr/assembly/viewer/minutes/xml.do?id=54433&type=view,official_minutes_54433:135:8,2025-03-18,2025-03-17,보건복지위원회,제22대국회 제423회 (임시회) 제1차 보건복지위원회 (2025.03.18.),이수진,6664,welfare_pension,0.35,1,110
pres_2025,22,official_minutes,https://record.assembly.go.kr/assembly/viewer/minutes/xml.do?id=54433&type=view,official_minutes_54433:135:12,2025-03-18,2025-03-17,보건복지위원회,제22대국회 제423회 (임시회) 제1차 보건복지위원회 (2025.03.18.),이수진,6664,welfare_pension,0.75,1,107
pres_2025,22,official_minutes,https://record.assembly.go.kr/assembly/viewer/minutes/xml.do?id=54433&type=view,official_minutes_54433:135:16,2025-03-18,2025-03-17,보건복지위원회,제22대국회 제423회 (임시회) 제1차 보건복지위원회 (2025.03.18.),이수진,6664,welfare_pension,0.35,1,91
pres_2025,22,official_minutes,https://record.assembly.go.kr/assembly/viewer/minutes/xml.do?id=54433&type=view,official_minutes_54433:135:18,2025-03-18,2025-03-17,보건복지위원회,제22대국회 제423회 (임시회) 제1차 보건복지위원회 (2025.03.18.),이수진,6664,welfare_pension,0.35,1,50
pres_2025,22,official_minutes,https://record.assembly.go.kr/assembly/viewer/minutes/xml.do?id=54433&type=view,official_minutes_54433:137:1,2025-03-18,2025-03-17,보건복지위원회,제22대국회 제423회 (임시회) 제1차 보건복지위원회 (2025.03.18.),김미애,6589,welfare_pension,1.0,1,83
pres_2025,22,official_minutes,https://record.assembly.go.kr/assembly/viewer/minutes/xml.do?id=54433&type=view,official_minutes_54433:137:2,2025-03-18,2025-03-17,보건복지위원회,제22대국회 제423회 (임시회) 제1차 보건복지위원회 (2025.03.18.),김미애,6589,welfare_pension,1.0,1,70
pres_2025,22,official_minutes,https://record.assembly.go.kr/assembly/viewer/minutes/xml.do?id=54433&type=view,official_minutes_54433:137:9,2025-03-18,2025-03-17,보건복지위원회,제22대국회 제423회 (임시회) 제1차 보건복지위원회 (2025.03.18.),김미애,6589,welfare_pension,1.0,1,62
pres_2025,22,official_minutes,https://record.assembly.go.kr/assembly/viewer/minutes/xml.do?id=54433&type=view,official_minutes_54433:137:10,2025-03-18,2025-03-17,보건복지위원회,제22대국회 제423회 (임시회) 제1차 보건복지위원회 (2025.03.18.),김미애,6589,gender_generation,1.0,1,40
pres_2025,22,official_minutes,https://record.assembly.go.kr/assembly/viewer/minutes/xml.do?id=54433&type=view,official_minutes_54433:146:5,2025-03-18,2025-03-17,보건복지위원회,제22대국회 제423회 (임시회) 제1차 보건복지위원회 (2025.03.18.),박주민,6691,welfare_pension,0.35,1,33
pres_2025,22,official_minutes,https://record.assembly.go.kr/assembly/viewer/minutes/xml.do?id=54433&type=view,official_minutes_54433:147:1,2025-03-18,2025-03-17,보건복지위원회,제22대국회 제423회 (임시회) 제1차 보건복지위원회 (2025.03.18.),조규홍,0,welfare_pension,0.35,1,34
pres_2025,22,official_minutes,https://record.assembly.go.kr/assembly/viewer/minutes/xml.do?id=54433&type=view,official_minutes_54433:147:2,2025-03-18,2025-03-17,보건복지위원회,제22대국회 제423회 (임시회) 제1차 보건복지위원회 (2025.03.18.),조규홍,0,welfare_pension,0.35,1,53
pres_2025,22,official_minutes,https://record.assembly.go.kr/assembly/viewer/minutes/xml.do?id=54433&type=view,official_minutes_54433:147:2,2025-03-18,2025-03-17,보건복지위원회,제22대국회 제423회 (임시회) 제1차 보건복지위원회 (2025.03.18.),조규홍,0,foreign_policy,0.35,1,53
pres_2025,22,official_minutes,https://record.assembly.go.kr/assembly/viewer/minutes/xml.do?id=54433&type=view,official_minutes_54433:147:5,2025-03-18,2025-03-17,보건복지위원회,제22대국회 제423회 (임시회) 제1차 보건복지위원회 (2025.03.18.),조규홍,0,welfare_pension,0.35,1,137
pres_2025,22,official_minutes,https://record.assembly.go.kr/assembly/viewer/minutes/xml.do?id=54433&type=view,official_minutes_54433:147:7,2025-03-18,2025-03-17,보건복지위원회,제22대국회 제423회 (임시회) 제1차 보건복지위원회 (2025.03.18.),조규홍,0,foreign_policy,0.35,1,31
pres_2025,22,official_minutes,https://record.assembly.go.kr/assembly/viewer/minutes/xml.do?id=54440&type=view,official_minutes_54440:2:1,2025-03-20,2025-03-17,보건복지위원회,제22대국회 제423회 (임시회) 제1차 보건복지위원회(법안심사제2소위원회) (2025.03.20.),김미애,6589,welfare_pension,1.0,1,52
pres_2025,22,official_minutes,https://record.assembly.go.kr/assembly/viewer/minutes/xml.do?id=54440&type=view,official_minutes_54440:2:4,2025-03-20,2025-03-17,보건복지위원회,제22대국회 제423회 (임시회) 제1차 보건복지위원회(법안심사제2소위원회) (2025.03.20.),김미애,6589,welfare_pension,1.0,1,46
pres_2025,22,official_minutes,https://record.assembly.go.kr/assembly/viewer/minutes/xml.do?id=54440&type=view,official_minutes_54440:3:2,2025-03-20,2025-03-17,보건복지위원회,제22대국회 제423회 (임시회) 제1차 보건복지위원회(법안심사제2소위원회) (2025.03.20.),이지민,0,welfare_pension,1.0,1,42
pres_2025,22,official_minutes,https://record.assembly.go.kr/assembly/viewer/minutes/xml.do?id=54440&type=view,official_minutes_54440:3:4,2025-03-20,2025-03-17,보건복지위원회,제22대국회 제423회 (임시회) 제1차 보건복지위원회(법안심사제2소위원회) (2025.03.20.),이지민,0,security_nk,1.0,1,62
pres_2025,22,official_minutes,https://record.assembly.go.kr/assembly/viewer/minutes/xml.do?id=54440&type=view,official_minutes_54440:3:10,2025-03-20,2025-03-17,보건복지위원회,제22대국회 제423회 (임시회) 제1차 보건복지위원회(법안심사제2소위원회) (2025.03.20.),이지민,0,regional_dev,0.35,1,61
pres_2025,22,official_minutes,https://record.assembly.go.kr/assembly/viewer/minutes/xml.do?id=54440&type=view,official_minutes_54440:3:12,2025-03-20,2025-03-17,보건복지위원회,제22대국회 제423회 (임시회) 제1차 보건복지위원회(법안심사제2소위원회) (2025.03.20.),이지민,0,security_nk,1.0,1,96
pres_2025,22,official_minutes,https://record.assembly.go.kr/assembly/viewer/minutes/xml.do?id=54440&type=view,official_minutes_54440:3:13,2025-03-20,2025-03-17,보건복지위원회,제22대국회 제423회 (임시회) 제1차 보건복지위원회(법안심사제2소위원회) (2025.03.20.),이지민,0,security_nk,0.35,1,123
pres_2025,22,official_minutes,https://record.assembly.go.kr/assembly/viewer/minutes/xml.do?id=54440&type=view,official_minutes_54440:7:1,2025-03-20,2025-03-17,보건복지위원회,제22대국회 제423회 (임시회) 제1차 보건복지위원회(법안심사제2소위원회) (2025.03.20.),김선민,6783,welfare_pension,1.0,1,46
pres_2025,22,official_minutes,https://record.assembly.go.kr/assembly/viewer/minutes/xml.do?id=54440&type=view,official_minutes_54440:7:3,2025-03-20,2025-03-17,보건복지위원회,제22대국회 제423회 (임시회) 제1차 보건복지위원회(법안심사제2소위원회) (2025.03.20.),김선민,6783,welfare_pension,1.0,1,111
pres_2025,22,official_minutes,https://record.assembly.go.kr/assembly/viewer/minutes/xml.do?id=54440&type=view,official_minutes_54440:7:9,2025-03-20,2025-03-17,보건복지위원회,제22대국회 제423회 (임시회) 제1차 보건복지위원회(법안심사제2소위원회) (2025.03.20.),김선민,6783,gender_generation,0.35,1,70
pres_2025,22,official_minutes,https://record.assembly.go.kr/assembly/viewer/minutes/xml.do?id=54440&type=view,official_minutes_54440:7:10,2025-03-20,2025-03-17,보건복지위원회,제22대국회 제423회 (임시회) 제1차 보건복지위원회(법안심사제2소위원회) (2025.03.20.),김선민,6783,welfare_pension,1.0,1,79
pres_2025,22,official_minutes,https://record.assembly.go.kr/assembly/viewer/minutes/xml.do?id=54440&type=view,official_minutes_54440:7:10,2025-03-20,2025-03-17,보건복지위원회,제22대국회 제423회 (임시회) 제1차 보건복지위원회(법안심사제2소위원회) (2025.03.20.),김선민,6783,jobs_labor,0.35,1,79
pres_2025,22,official_minutes,https://record.assembly.go.kr/assembly/viewer/minutes/xml.do?id=54440&type=view,official_minutes_54440:7:11,2025-03-20,2025-03-17,보건복지위원회,제22대국회 제423회 (임시회) 제1차 보건복지위원회(법안심사제2소위원회) (2025.03.20.),김선민,6783,welfare_pension,1.0,1,91
pres_2025,22,official_minutes,https://record.assembly.go.kr/assembly/viewer/minutes/xml.do?id=54440&type=view,official_minutes_54440:7:11,2025-03-20,2025-03-17,보건복지위원회,제22대국회 제423회 (임시회) 제1차 보건복지위원회(법안심사제2소위원회) (2025.03.20.),김선민,6783,jobs_labor,0.35,1,91
pres_2025,22,official_minutes,https://record.assembly.go.kr/assembly/viewer/minutes/xml.do?id=54440&type=view,official_minutes_54440:7:11,2025-03-20,2025-03-17,보건복지위원회,제22대국회 제423회 (임시회) 제1차 보건복지위원회(법안심사제2소위원회) (2025.03.20.),김선민,6783,gender_generation,0.35,1,91
pres_2025,22,official_minutes,https://record.assembly.go.kr/assembly/viewer/minutes/xml.do?id=54440&type=view,official_minutes_54440:7:13,2025-03-20,2025-03-17,보건복지위원회,제22대국회 제423회 (임시회) 제1차 보건복지위원회(법안심사제2소위원회) (2025.03.20.),김선민,6783,welfare_pension,1.0,1,54
pres_2025,22,official_minutes,https://record.assembly.go.kr/assembly/viewer/minutes/xml.do?id=54440&type=view,official_minutes_54440:7:14,2025-03-20,2025-03-17,보건복지위원회,제22대국회 제423회 (임시회) 제1차 보건복지위원회(법안심사제2소위원회) (2025.03.20.),김선민,6783,welfare_pension,1.0,1,65
pres_2025,22,official_minutes,https://record.assembly.go.kr/assembly/viewer/minutes/xml.do?id=54440&type=view,official_minutes_54440:7:15,2025-03-20,2025-03-17,보건복지위원회,제22대국회 제423회 (임시회) 제1차 보건복지위원회(법안심사제2소위원회) (2025.03.20.),김선민,6783,welfare_pension,1.0,1,90
pres_2025,22,official_minutes,https://record.assembly.go.kr/assembly/viewer/minutes/xml.do?id=54440&type=view,official_minutes_54440:9:1,2025-03-20,2025-03-17,보건복지위원회,제22대국회 제423회 (임시회) 제1차 보건복지위원회(법안심사제2소위원회) (2025.03.20.),서미화,6772,welfare_pension,1.0,1,64
pres_2025,22,official_minutes,https://record.assembly.go.kr/assembly/viewer/minutes/xml.do?id=54440&type=view,official_minutes_54440:9:3,2025-03-20,2025-03-17,보건복지위원회,제22대국회 제423회 (임시회) 제1차 보건복지위원회(법안심사제2소위원회) (2025.03.20.),서미화,6772,welfare_pension,1.0,1,89
pres_2025,22,official_minutes,https://record.assembly.go.kr/assembly/viewer/minutes/xml.do?id=54440&type=view,official_minutes_54440:10:4,2025-03-20,2025-03-17,보건복지위원회,제22대국회 제423회 (임시회) 제1차 보건복지위원회(법안심사제2소위원회) (2025.03.20.),김미애,6589,welfare_pension,0.35,1,136
pres_2025,22,official_minutes,https://record.assembly.go.kr/assembly/viewer/minutes/xml.do?id=54440&type=view,official_minutes_54440:10:6,2025-03-20,2025-03-17,보건복지위원회,제22대국회 제423회 (임시회) 제1차 보건복지위원회(법안심사제2소위원회) (2025.03.20.),김미애,6589,gender_generation,0.35,1,57
pres_2025,22,official_minutes,https://record.assembly.go.kr/assembly/viewer/minutes/xml.do?id=54440&type=view,official_minutes_54440:10:13,2025-03-20,2025-03-17,보건복지위원회,제22대국회 제423회 (임시회) 제1차 보건복지위원회(법안심사제2소위원회) (2025.03.20.),김미애,6589,welfare_pension,1.0,1,148
pres_2025,22,official_minutes,https://record.assembly.go.kr/assembly/viewer/minutes/xml.do?id=54440&type=view,official_minutes_54440:10:17,2025-03-20,2025-03-17,보건복지위원회,제22대국회 제423회 (임시회) 제1차 보건복지위원회(법안심사제2소위원회) (2025.03.20.),김미애,6589,welfare_pension,1.0,1,37
pres_2025,22,official_minutes,https://record.assembly.go.kr/assembly/viewer/minutes/xml.do?id=54441&type=view,official_minutes_54441:1:3,2025-03-20,2025-03-17,법제사법위원회,제22대국회 제423회 (임시회) 제3차 법제사법위원회 (2025.03.20.),정청래,6634,welfare_pension,1.0,1,44
pres_2025,22,official_minutes,https://record.assembly.go.kr/assembly/viewer/minutes/xml.do?id=54441&type=view,official_minutes_54441:3:1,2025-03-20,2025-03-17,법제사법위원회,제22대국회 제423회 (임시회) 제3차 법제사법위원회 (2025.03.20.),정청래,6634,welfare_pension,1.0,1,38
pres_2025,22,official_minutes,https://record.assembly.go.kr/assembly/viewer/minutes/xml.do?id=54441&type=view,official_minutes_54441:3:2,2025-03-20,2025-03-17,법제사법위원회,제22대국회 제423회 (임시회) 제3차 법제사법위원회 (2025.03.20.),정청래,6634,welfare_pension,1.0,1,150
pres_2025,22,official_minutes,https://record.assembly.go.kr/assembly/viewer/minutes/xml.do?id=54441&type=view,official_minutes_54441:4:1,2025-03-20,2025-03-17,법제사법위원회,제22대국회 제423회 (임시회) 제3차 법제사법위원회 (2025.03.20.),강선우,6854,welfare_pension,0.35,1,32
pres_2025,22,official_minutes,https://record.assembly.go.kr/assembly/viewer/minutes/xml.do?id=54441&type=view,official_minutes_54441:4:3,2025-03-20,2025-03-17,법제사법위원회,제22대국회 제423회 (임시회) 제3차 법제사법위원회 (2025.03.20.),강선우,6854,welfare_pension,1.0,1,17
pres_2025,22,official_minutes,https://record.assembly.go.kr/assembly/viewer/minutes/xml.do?id=54441&type=view,official_minutes_54441:4:7,2025-03-20,2025-03-17,법제사법위원회,제22대국회 제423회 (임시회) 제3차 법제사법위원회 (2025.03.20.),강선우,6854,welfare_pension,1.0,1,113
pres_2025,22,official_minutes,https://record.assembly.go.kr/assembly/viewer/minutes/xml.do?id=54441&type=view,official_minutes_54441:4:8,2025-03-20,2025-03-17,법제사법위원회,제22대국회 제423회 (임시회) 제3차 법제사법위원회 (2025.03.20.),강선우,6854,security_nk,1.0,1,189
pres_2025,22,official_minutes,https://record.assembly.go.kr/assembly/viewer/minutes/xml.do?id=54441&type=view,official_minutes_54441:4:9,2025-03-20,2025-03-17,법제사법위원회,제22대국회 제423회 (임시회) 제3차 법제사법위원회 (2025.03.20.),강선우,6854,regional_dev,0.35,1,128
pres_2025,22,official_minutes,https://record.assembly.go.kr/assembly/viewer/minutes/xml.do?id=54441&type=view,official_minutes_54441:8:3,2025-03-20,2025-03-17,법제사법위원회,제22대국회 제423회 (임시회) 제3차 법제사법위원회 (2025.03.20.),강선우,6854,regional_dev,0.35,1,38
pres_2025,22,official_minutes,https://record.assembly.go.kr/assembly/viewer/minutes/xml.do?id=54441&type=view,official_minutes_54441:8:3,2025-03-20,2025-03-17,법제사법위원회,제22대국회 제423회 (임시회) 제3차 법제사법위원회 (2025.03.20.),강선우,6854,inflation_livelihood,0.35,1,38
pres_2025,22,official_minutes,https://record.assembly.go.kr/assembly/viewer/minutes/xml.do?id=54441&type=view,official_minutes_54441:8:9,2025-03-20,2025-03-17,법제사법위원회,제22대국회 제423회 (임시회) 제3차 법제사법위원회 (2025.03.20.),강선우,6854,regional_dev,0.35,1,83
pres_2025,22,official_minutes,https://record.assembly.go.kr/assembly/viewer/minutes/xml.do?id=54441&type=view,official_minutes_54441:16:2,2025-03-20,2025-03-17,법제사법위원회,제22대국회 제423회 (임시회) 제3차 법제사법위원회 (2025.03.20.),강선우,6854,welfare_pension,1.0,1,59
pres_2025,22,official_minutes,https://record.assembly.go.kr/assembly/viewer/minutes/xml.do?id=54441&type=view,official_minutes_54441:17:2,2025-03-20,2025-03-17,법제사법위원회,제22대국회 제423회 (임시회) 제3차 법제사법위원회 (2025.03.20.),정청래,6634,security_nk,1.0,1,35
pres_2025,22,official_minutes,https://record.assembly.go.kr/assembly/viewer/minutes/xml.do?id=54441&type=view,official_minutes_54441:18:1,2025-03-20,2025-03-17,법제사법위원회,제22대국회 제423회 (임시회) 제3차 법제사법위원회 (2025.03.20.),강선우,6854,security_nk,1.0,1,64
pres_2025,22,official_minutes,https://record.assembly.go.kr/assembly/viewer/minutes/xml.do?id=54441&type=view,official_minutes_54441:18:3,2025-03-20,2025-03-17,법제사법위원회,제22대국회 제423회 (임시회) 제3차 법제사법위원회 (2025.03.20.),강선우,6854,security_nk,1.0,1,94
pres_2025,22,official_minutes,https://record.assembly.go.kr/assembly/viewer/minutes/xml.do?id=54441&type=view,official_minutes_54441:21:2,2025-03-20,2025-03-17,법제사법위원회,제22대국회 제423회 (임시회) 제3차 법제사법위원회 (2025.03.20.),정청래,6634,welfare_pension,1.0,1,156
pres_2025,22,official_minutes,https://record.assembly.go.kr/assembly/viewer/minutes/xml.do?id=54441&type=view,official_minutes_54441:22:1,2025-03-20,2025-03-17,법제사법위원회,제22대국회 제423회 (임시회) 제3차 법제사법위원회 (2025.03.20.),정환철,0,welfare_pension,1.0,1,47
pres_2025,22,official_minutes,https://record.assembly.go.kr/assembly/viewer/minutes/xml.do?id=54441&type=view,official_minutes_54441:22:2,2025-03-20,2025-03-17,법제사법위원회,제22대국회 제423회 (임시회) 제3차 법제사법위원회 (2025.03.20.),정환철,0,welfare_pension,1.0,1,238
pres_2025,22,official_minutes,https://record.assembly.go.kr/assembly/viewer/minutes/xml.do?id=54441&type=view,official_minutes_54441:22:2,2025-03-20,2025-03-17,법제사법위원회,제22대국회 제423회 (임시회) 제3차 법제사법위원회 (2025.03.20.),정환철,0,family_legal_risk,0.35,1,238
pres_2025,22,official_minutes,https://record.assembly.go.kr/assembly/viewer/minutes/xml.do?id=54441&type=view,official_minutes_54441:23:2,2025-03-20,2025-03-17,법제사법위원회,제22대국회 제423회 (임시회) 제3차 법제사법위원회 (2025.03.20.),정청래,6634,welfare_pension,0.35,1,33
pres_2025,22,official_minutes,https://record.assembly.go.kr/assembly/viewer/minutes/xml.do?id=54441&type=view,official_minutes_54441:27:1,2025-03-20,2025-03-17,법제사법위원회,제22대국회 제423회 (임시회) 제3차 법제사법위원회 (2025.03.20.),조규홍,0,welfare_pension,1.0,1,135
pres_2025,22,official_minutes,https://record.assembly.go.kr/assembly/viewer/minutes/xml.do?id=54441&type=view,official_minutes_54441:27:4,2025-03-20,2025-03-17,법제사법위원회,제22대국회 제423회 (임시회) 제3차 법제사법위원회 (2025.03.20.),조규홍,0,security_nk,1.0,1,28
pres_2025,22,official_minutes,https://record.assembly.go.kr/assembly/viewer/minutes/xml.do?id=54441&type=view,official_minutes_54441:27:9,2025-03-20,2025-03-17,법제사법위원회,제22대국회 제423회 (임시회) 제3차 법제사법위원회 (2025.03.20.),조규홍,0,welfare_pension,1.0,1,83
pres_2025,22,official_minutes,https://record.assembly.go.kr/assembly/viewer/minutes/xml.do?id=54441&type=view,official_minutes_54441:27:10,2025-03-20,2025-03-17,법제사법위원회,제22대국회 제423회 (임시회) 제3차 법제사법위원회 (2025.03.20.),조규홍,0,welfare_pension,1.0,1,93
pres_2025,22,official_minutes,https://record.assembly.go.kr/assembly/viewer/minutes/xml.do?id=54441&type=view,official_minutes_54441:28:1,2025-03-20,2025-03-17,법제사법위원회,제22대국회 제423회 (임시회) 제3차 법제사법위원회 (2025.03.20.),서영교,6711,welfare_pension,1.0,1,35
pres_2025,22,official_minutes,https://record.assembly.go.kr/assembly/viewer/minutes/xml.do?id=54441&type=view,official_minutes_54441:32:2,2025-03-20,2025-03-17,법제사법위원회,제22대국회 제423회 (임시회) 제3차 법제사법위원회 (2025.03.20.),서영교,6711,welfare_pension,1.0,1,140
pres_2025,22,official_minutes,https://record.assembly.go.kr/assembly/viewer/minutes/xml.do?id=54441&type=view,official_minutes_54441:35:3,2025-03-20,2025-03-17,법제사법위원회,제22대국회 제423회 (임시회) 제3차 법제사법위원회 (2025.03.20.),조규홍,0,welfare_pension,1.0,1,163
pres_2025,22,official_minutes,https://record.assembly.go.kr/assembly/viewer/minutes/xml.do?id=54441&type=view,official_minutes_54441:38:2,2025-03-20,2025-03-17,법제사법위원회,제22대국회 제423회 (임시회) 제3차 법제사법위원회 (2025.03.20.),서영교,6711,welfare_pension,1.0,1,165
pres_2025,22,official_minutes,https://record.assembly.go.kr/assembly/viewer/minutes/xml.do?id=54441&type=view,official_minutes_54441:38:2,2025-03-20,2025-03-17,법제사법위원회,제22대국회 제423회 (임시회) 제3차 법제사법위원회 (2025.03.20.),서영교,6711,economy_growth,0.35,1,165
pres_2025,22,official_minutes,https://record.assembly.go.kr/assembly/viewer/minutes/xml.do?id=54441&type=view,official_minutes_54441:42:1,2025-03-20,2025-03-17,법제사법위원회,제22대국회 제423회 (임시회) 제3차 법제사법위원회 (2025.03.20.),조배숙,6731,welfare_pension,1.0,1,93
pres_2025,22,official_minutes,https://record.assembly.go.kr/assembly/viewer/minutes/xml.do?id=54441&type=view,official_minutes_54441:42:2,2025-03-20,2025-03-17,법제사법위원회,제22대국회 제423회 (임시회) 제3차 법제사법위원회 (2025.03.20.),조배숙,6731,welfare_pension,1.0,1,74
pres_2025,22,official_minutes,https://record.assembly.go.kr/assembly/viewer/minutes/xml.do?id=54441&type=view,official_minutes_54441:44:6,2025-03-20,2025-03-17,법제사법위원회,제22대국회 제423회 (임시회) 제3차 법제사법위원회 (2025.03.20.),조배숙,6731,regional_dev,0.35,1,144
pres_2025,22,official_minutes,https://record.assembly.go.kr/assembly/viewer/minutes/xml.do?id=54441&type=view,official_minutes_54441:47:1,2025-03-20,2025-03-17,법제사법위원회,제22대국회 제423회 (임시회) 제3차 법제사법위원회 (2025.03.20.),조규홍,0,regional_dev,0.35,1,178
pres_2025,22,official_minutes,https://record.assembly.go.kr/assembly/viewer/minutes/xml.do?id=54441&type=view,official_minutes_54441:49:1,2025-03-20,2025-03-17,법제사법위원회,제22대국회 제423회 (임시회) 제3차 법제사법위원회 (2025.03.20.),조규홍,0,welfare_pension,0.35,1,116
pres_2025,22,official_minutes,https://record.assembly.go.kr/assembly/viewer/minutes/xml.do?id=54441&type=view,official_minutes_54441:49:2,2025-03-20,2025-03-17,법제사법위원회,제22대국회 제423회 (임시회) 제3차 법제사법위원회 (2025.03.20.),조규홍,0,welfare_pension,1.0,1,146
pres_2025,22,official_minutes,https://record.assembly.go.kr/assembly/viewer/minutes/xml.do?id=54441&type=view,official_minutes_54441:52:1,2025-03-20,2025-03-17,법제사법위원회,제22대국회 제423회 (임시회) 제3차 법제사법위원회 (2025.03.20.),송석준,6721,welfare_pension,1.0,1,79
pres_2025,22,official_minutes,https://record.assembly.go.kr/assembly/viewer/minutes/xml.do?id=54441&type=view,official_minutes_54441:53:5,2025-03-20,2025-03-17,법제사법위원회,제22대국회 제423회 (임시회) 제3차 법제사법위원회 (2025.03.20.),조규홍,0,welfare_pension,1.0,1,112
pres_2025,22,official_minutes,https://record.assembly.go.kr/assembly/viewer/minutes/xml.do?id=54441&type=view,official_minutes_54441:53:6,2025-03-20,2025-03-17,법제사법위원회,제22대국회 제423회 (임시회) 제3차 법제사법위원회 (2025.03.20.),조규홍,0,gender_generation,0.35,1,67
pres_2025,22,official_minutes,https://record.assembly.go.kr/assembly/viewer/minutes/xml.do?id=54441&type=view,official_minutes_54441:54:1,2025-03-20,2025-03-17,법제사법위원회,제22대국회 제423회 (임시회) 제3차 법제사법위원회 (2025.03.20.),송석준,6721,gender_generation,0.35,1,161
pres_2025,22,official_minutes,https://record.assembly.go.kr/assembly/viewer/minutes/xml.do?id=54441&type=view,official_minutes_54441:56:1,2025-03-20,2025-03-17,법제사법위원회,제22대국회 제423회 (임시회) 제3차 법제사법위원회 (2025.03.20.),송석준,6721,welfare_pension,1.0,1,141
pres_2025,22,official_minutes,https://record.assembly.go.kr/assembly/viewer/minutes/xml.do?id=54441&type=view,official_minutes_54441:59:2,2025-03-20,2025-03-17,법제사법위원회,제22대국회 제423회 (임시회) 제3차 법제사법위원회 (2025.03.20.),조규홍,0,welfare_pension,1.0,1,84
pres_2025,22,official_minutes,https://record.assembly.go.kr/assembly/viewer/minutes/xml.do?id=54441&type=view,official_minutes_54441:60:1,2025-03-20,2025-03-17,법제사법위원회,제22대국회 제423회 (임시회) 제3차 법제사법위원회 (2025.03.20.),송석준,6721,welfare_pension,1.0,1,178
pres_2025,22,official_minutes,https://record.assembly.go.kr/assembly/viewer/minutes/xml.do?id=54441&type=view,official_minutes_54441:60:1,2025-03-20,2025-03-17,법제사법위원회,제22대국회 제423회 (임시회) 제3차 법제사법위원회 (2025.03.20.),송석준,6721,gender_generation,0.35,1,178
pres_2025,22,official_minutes,https://record.assembly.go.kr/assembly/viewer/minutes/xml.do?id=54441&type=view,official_minutes_54441:65:1,2025-03-20,2025-03-17,법제사법위원회,제22대국회 제423회 (임시회) 제3차 법제사법위원회 (2025.03.20.),박희승,6796,welfare_pension,1.0,1,63
pres_2025,22,official_minutes,https://record.assembly.go.kr/assembly/viewer/minutes/xml.do?id=54441&type=view,official_minutes_54441:65:2,2025-03-20,2025-03-17,법제사법위원회,제22대국회 제423회 (임시회) 제3차 법제사법위원회 (2025.03.20.),박희승,6796,welfare_pension,0.75,1,95
pres_2025,22,official_minutes,https://record.assembly.go.kr/assembly/viewer/minutes/xml.do?id=54441&type=view,official_minutes_54441:69:1,2025-03-20,2025-03-17,법제사법위원회,제22대국회 제423회 (임시회) 제3차 법제사법위원회 (2025.03.20.),박희승,6796,welfare_pension,1.0,1,68
pres_2025,22,official_minutes,https://record.assembly.go.kr/assembly/viewer/minutes/xml.do?id=54441&type=view,official_minutes_54441:69:2,2025-03-20,2025-03-17,법제사법위원회,제22대국회 제423회 (임시회) 제3차 법제사법위원회 (2025.03.20.),박희승,6796,welfare_pension,1.0,1,114
pres_2025,22,official_minutes,https://record.assembly.go.kr/assembly/viewer/minutes/xml.do?id=54441&type=view,official_minutes_54441:74:1,2025-03-20,2025-03-17,법제사법위원회,제22대국회 제423회 (임시회) 제3차 법제사법위원회 (2025.03.20.),정청래,6634,welfare_pension,0.35,1,72
pres_2025,22,official_minutes,https://record.assembly.go.kr/assembly/viewer/minutes/xml.do?id=54441&type=view,official_minutes_54441:78:2,2025-03-20,2025-03-17,법제사법위원회,제22대국회 제423회 (임시회) 제3차 법제사법위원회 (2025.03.20.),정청래,6634,welfare_pension,1.0,1,18
pres_2025,22,official_minutes,https://record.assembly.go.kr/assembly/viewer/minutes/xml.do?id=54441&type=view,official_minutes_54441:80:2,2025-03-20,2025-03-17,법제사법위원회,제22대국회 제423회 (임시회) 제3차 법제사법위원회 (2025.03.20.),정청래,6634,family_legal_risk,0.35,1,41
pres_2025,22,official_minutes,https://record.assembly.go.kr/assembly/viewer/minutes/xml.do?id=54441&type=view,official_minutes_54441:86:1,2025-03-20,2025-03-17,법제사법위원회,제22대국회 제423회 (임시회) 제3차 법제사법위원회 (2025.03.20.),정청래,6634,welfare_pension,1.0,1,93
pres_2025,22,official_minutes,https://record.assembly.go.kr/assembly/viewer/minutes/xml.do?id=54441&type=view,official_minutes_54441:90:1,2025-03-20,2025-03-17,법제사법위원회,제22대국회 제423회 (임시회) 제3차 법제사법위원회 (2025.03.20.),정청래,6634,welfare_pension,1.0,1,108
pres_2025,22,official_minutes,https://record.assembly.go.kr/assembly/viewer/minutes/xml.do?id=54441&type=view,official_minutes_54441:101:1,2025-03-20,2025-03-17,법제사법위원회,제22대국회 제423회 (임시회) 제3차 법제사법위원회 (2025.03.20.),박범계,6676,welfare_pension,1.0,1,68
pres_2025,22,official_minutes,https://record.assembly.go.kr/assembly/viewer/minutes/xml.do?id=54441&type=view,official_minutes_54441:113:1,2025-03-20,2025-03-17,법제사법위원회,제22대국회 제423회 (임시회) 제3차 법제사법위원회 (2025.03.20.),박범계,6676,welfare_pension,0.35,1,27
pres_2025,22,official_minutes,https://record.assembly.go.kr/assembly/viewer/minutes/xml.do?id=54441&type=view,official_minutes_54441:135:1,2025-03-20,2025-03-17,법제사법위원회,제22대국회 제423회 (임시회) 제3차 법제사법위원회 (2025.03.20.),박범계,6676,welfare_pension,1.0,1,81
pres_2025,22,official_minutes,https://record.assembly.go.kr/assembly/viewer/minutes/xml.do?id=54441&type=view,official_minutes_54441:137:2,2025-03-20,2025-03-17,법제사법위원회,제22대국회 제423회 (임시회) 제3차 법제사법위원회 (2025.03.20.),박범계,6676,welfare_pension,1.0,1,31
pres_2025,22,official_minutes,https://record.assembly.go.kr/assembly/viewer/minutes/xml.do?id=54441&type=view,official_minutes_54441:143:1,2025-03-20,2025-03-17,법제사법위원회,제22대국회 제423회 (임시회) 제3차 법제사법위원회 (2025.03.20.),박범계,6676,welfare_pension,1.0,1,90
pres_2025,22,official_minutes,https://record.assembly.go.kr/assembly/viewer/minutes/xml.do?id=54441&type=view,official_minutes_54441:147:3,2025-03-20,2025-03-17,법제사법위원회,제22대국회 제423회 (임시회) 제3차 법제사법위원회 (2025.03.20.),박범계,6676,welfare_pension,1.0,1,60
pres_2025,22,official_minutes,https://record.assembly.go.kr/assembly/viewer/minutes/xml.do?id=54441&type=view,official_minutes_54441:152:3,2025-03-20,2025-03-17,법제사법위원회,제22대국회 제423회 (임시회) 제3차 법제사법위원회 (2025.03.20.),조규홍,0,welfare_pension,1.0,1,25
pres_2025,22,official_minutes,https://record.assembly.go.kr/assembly/viewer/minutes/xml.do?id=54441&type=view,official_minutes_54441:152:4,2025-03-20,2025-03-17,법제사법위원회,제22대국회 제423회 (임시회) 제3차 법제사법위원회 (2025.03.20.),조규홍,0,welfare_pension,1.0,1,138
pres_2025,22,official_minutes,https://record.assembly.go.kr/assembly/viewer/minutes/xml.do?id=54441&type=view,official_minutes_54441:166:7,2025-03-20,2025-03-17,법제사법위원회,제22대국회 제423회 (임시회) 제3차 법제사법위원회 (2025.03.20.),박준태,6568,welfare_pension,1.0,1,63
pres_2025,22,official_minutes,https://record.assembly.go.kr/assembly/viewer/minutes/xml.do?id=54441&type=view,official_minutes_54441:169:1,2025-03-20,2025-03-17,법제사법위원회,제22대국회 제423회 (임시회) 제3차 법제사법위원회 (2025.03.20.),조규홍,0,welfare_pension,1.0,1,173
pres_2025,22,official_minutes,https://record.assembly.go.kr/assembly/viewer/minutes/xml.do?id=54441&type=view,official_minutes_54441:169:1,2025-03-20,2025-03-17,법제사법위원회,제22대국회 제423회 (임시회) 제3차 법제사법위원회 (2025.03.20.),조규홍,0,inflation_livelihood,1.0,1,173
pres_2025,22,official_minutes,https://record.assembly.go.kr/assembly/viewer/minutes/xml.do?id=54441&type=view,official_minutes_54441:169:2,2025-03-20,2025-03-17,법제사법위원회,제22대국회 제423회 (임시회) 제3차 법제사법위원회 (2025.03.20.),조규홍,0,welfare_pension,1.0,1,258
pres_2025,22,official_minutes,https://record.assembly.go.kr/assembly/viewer/minutes/xml.do?id=54441&type=view,official_minutes_54441:177:2,2025-03-20,2025-03-17,법제사법위원회,제22대국회 제423회 (임시회) 제3차 법제사법위원회 (2025.03.20.),정청래,6634,welfare_pension,1.0,1,58
pres_2025,22,official_minutes,https://record.assembly.go.kr/assembly/viewer/minutes/xml.do?id=54441&type=view,official_minutes_54441:179:1,2025-03-20,2025-03-17,법제사법위원회,제22대국회 제423회 (임시회) 제3차 법제사법위원회 (2025.03.20.),정청래,6634,welfare_pension,1.0,1,108
pres_2025,22,official_minutes,https://record.assembly.go.kr/assembly/viewer/minutes/xml.do?id=54441&type=view,official_minutes_54441:179:2,2025-03-20,2025-03-17,법제사법위원회,제22대국회 제423회 (임시회) 제3차 법제사법위원회 (2025.03.20.),정청래,6634,welfare_pension,1.0,1,71
pres_2025,22,official_minutes,https://record.assembly.go.kr/assembly/viewer/minutes/xml.do?id=54441&type=view,official_minutes_54441:181:1,2025-03-20,2025-03-17,법제사법위원회,제22대국회 제423회 (임시회) 제3차 법제사법위원회 (2025.03.20.),정청래,6634,welfare_pension,1.0,1,37
pres_2025,22,official_minutes,https://record.assembly.go.kr/assembly/viewer/minutes/xml.do?id=54441&type=view,official_minutes_54441:181:1,2025-03-20,2025-03-17,법제사법위원회,제22대국회 제423회 (임시회) 제3차 법제사법위원회 (2025.03.20.),정청래,6634,unification_event,0.35,1,37
pres_2025,22,official_minutes,https://record.assembly.go.kr/assembly/viewer/minutes/xml.do?id=54441&type=view,official_minutes_54441:187:1,2025-03-20,2025-03-17,법제사법위원회,제22대국회 제423회 (임시회) 제3차 법제사법위원회 (2025.03.20.),정청래,6634,endorsement_event,0.35,1,13
pres_2025,22,official_minutes,https://record.assembly.go.kr/assembly/viewer/minutes/xml.do?id=54441&type=view,official_minutes_54441:194:2,2025-03-20,2025-03-17,법제사법위원회,제22대국회 제423회 (임시회) 제3차 법제사법위원회 (2025.03.20.),정청래,6634,welfare_pension,1.0,1,24
pres_2025,22,official_minutes,https://record.assembly.go.kr/assembly/viewer/minutes/xml.do?id=54441&type=view,official_minutes_54441:196:1,2025-03-20,2025-03-17,법제사법위원회,제22대국회 제423회 (임시회) 제3차 법제사법위원회 (2025.03.20.),정청래,6634,economy_growth,0.35,1,43
pres_2025,22,official_minutes,https://record.assembly.go.kr/assembly/viewer/minutes/xml.do?id=54441&type=view,official_minutes_54441:196:2,2025-03-20,2025-03-17,법제사법위원회,제22대국회 제423회 (임시회) 제3차 법제사법위원회 (2025.03.20.),정청래,6634,welfare_pension,1.0,1,97
pres_2025,22,official_minutes,https://record.assembly.go.kr/assembly/viewer/minutes/xml.do?id=54441&type=view,official_minutes_54441:199:2,2025-03-20,2025-03-17,법제사법위원회,제22대국회 제423회 (임시회) 제3차 법제사법위원회 (2025.03.20.),조규홍,0,welfare_pension,0.35,1,76
pres_2025,22,official_minutes,https://record.assembly.go.kr/assembly/viewer/minutes/xml.do?id=54441&type=view,official_minutes_54441:199:2,2025-03-20,2025-03-17,법제사법위원회,제22대국회 제423회 (임시회) 제3차 법제사법위원회 (2025.03.20.),조규홍,0,economy_growth,0.35,1,76
pres_2025,22,official_minutes,https://record.assembly.go.kr/assembly/viewer/minutes/xml.do?id=54441&type=view,official_minutes_54441:200:3,2025-03-20,2025-03-17,법제사법위원회,제22대국회 제423회 (임시회) 제3차 법제사법위원회 (2025.03.20.),정청래,6634,welfare_pension,1.0,1,47
pres_2025,22,official_minutes,https://record.assembly.go.kr/assembly/viewer/minutes/xml.do?id=54441&type=view,official_minutes_54441:200:3,2025-03-20,2025-03-17,법제사법위원회,제22대국회 제423회 (임시회) 제3차 법제사법위원회 (2025.03.20.),정청래,6634,economy_growth,0.35,1,47
pres_2025,22,official_minutes,https://record.assembly.go.kr/assembly/viewer/minutes/xml.do?id=54441&type=view,official_minutes_54441:201:2,2025-03-20,2025-03-17,법제사법위원회,제22대국회 제423회 (임시회) 제3차 법제사법위원회 (2025.03.20.),조규홍,0,economy_growth,0.35,1,38
pres_2025,22,official_minutes,https://record.assembly.go.kr/assembly/viewer/minutes/xml.do?id=54441&type=view,official_minutes_54441:202:1,2025-03-20,2025-03-17,법제사법위원회,제22대국회 제423회 (임시회) 제3차 법제사법위원회 (2025.03.20.),정청래,6634,economy_growth,0.35,1,43
pres_2025,22,official_minutes,https://record.assembly.go.kr/assembly/viewer/minutes/xml.do?id=54441&type=view,official_minutes_54441:203:1,2025-03-20,2025-03-17,법제사법위원회,제22대국회 제423회 (임시회) 제3차 법제사법위원회 (2025.03.20.),이스란,0,economy_growth,0.35,1,29
pres_2025,22,official_minutes,https://record.assembly.go.kr/assembly/viewer/minutes/xml.do?id=54441&type=view,official_minutes_54441:204:1,2025-03-20,2025-03-17,법제사법위원회,제22대국회 제423회 (임시회) 제3차 법제사법위원회 (2025.03.20.),정청래,6634,economy_growth,0.35,1,48
pres_2025,22,official_minutes,https://record.assembly.go.kr/assembly/viewer/minutes/xml.do?id=54441&type=view,official_minutes_54441:205:2,2025-03-20,2025-03-17,법제사법위원회,제22대국회 제423회 (임시회) 제3차 법제사법위원회 (2025.03.20.),조규홍,0,economy_growth,0.35,1,29
pres_2025,22,official_minutes,https://record.assembly.go.kr/assembly/viewer/minutes/xml.do?id=54441&type=view,official_minutes_54441:206:1,2025-03-20,2025-03-17,법제사법위원회,제22대국회 제423회 (임시회) 제3차 법제사법위원회 (2025.03.20.),정청래,6634,welfare_pension,1.0,1,57
pres_2025,22,official_minutes,https://record.assembly.go.kr/assembly/viewer/minutes/xml.do?id=54441&type=view,official_minutes_54441:206:1,2025-03-20,2025-03-17,법제사법위원회,제22대국회 제423회 (임시회) 제3차 법제사법위원회 (2025.03.20.),정청래,6634,economy_growth,0.35,1,57
pres_2025,22,official_minutes,https://record.assembly.go.kr/assembly/viewer/minutes/xml.do?id=54441&type=view,official_minutes_54441:208:2,2025-03-20,2025-03-17,법제사법위원회,제22대국회 제423회 (임시회) 제3차 법제사법위원회 (2025.03.20.),정청래,6634,welfare_pension,1.0,1,30
pres_2025,22,official_minutes,https://record.assembly.go.kr/assembly/viewer/minutes/xml.do?id=54441&type=view,official_minutes_54441:209:1,2025-03-20,2025-03-17,법제사법위원회,제22대국회 제423회 (임시회) 제3차 법제사법위원회 (2025.03.20.),조규홍,0,welfare_pension,0.35,1,135
pres_2025,22,official_minutes,https://record.assembly.go.kr/assembly/viewer/minutes/xml.do?id=54441&type=view,official_minutes_54441:209:1,2025-03-20,2025-03-17,법제사법위원회,제22대국회 제423회 (임시회) 제3차 법제사법위원회 (2025.03.20.),조규홍,0,economy_growth,0.35,1,135
pres_2025,22,official_minutes,https://record.assembly.go.kr/assembly/viewer/minutes/xml.do?id=54441&type=view,official_minutes_54441:212:1,2025-03-20,2025-03-17,법제사법위원회,제22대국회 제423회 (임시회) 제3차 법제사법위원회 (2025.03.20.),정청래,6634,welfare_pension,1.0,1,47
pres_2025,22,official_minutes,https://record.assembly.go.kr/assembly/viewer/minutes/xml.do?id=54455&type=view,official_minutes_54455:1:2,2025-04-01,2025-03-31,12.29여객기참사진상규명과피해자및유가족의피해구제를위한특별위원회,제22대국회 제423회 (임시회) 제2차 12.29여객기참사진상규명과피해자및유가족의피해구제를위한특별위원회(피해자와유가족지원및추모사업지원소위원회) (2025.04.01.),이수진,6664,family_legal_risk,0.35,1,64
pres_2025,22,official_minutes,https://record.assembly.go.kr/assembly/viewer/minutes/xml.do?id=54455&type=view,official_minutes_54455:1:6,2025-04-01,2025-03-31,12.29여객기참사진상규명과피해자및유가족의피해구제를위한특별위원회,제22대국회 제423회 (임시회) 제2차 12.29여객기참사진상규명과피해자및유가족의피해구제를위한특별위원회(피해자와유가족지원및추모사업지원소위원회) (2025.04.01.),이수진,6664,welfare_pension,0.75,1,119
pres_2025,22,official_minutes,https://record.assembly.go.kr/assembly/viewer/minutes/xml.do?id=54455&type=view,official_minutes_54455:1:6,2025-04-01,2025-03-31,12.29여객기참사진상규명과피해자및유가족의피해구제를위한특별위원회,제22대국회 제423회 (임시회) 제2차 12.29여객기참사진상규명과피해자및유가족의피해구제를위한특별위원회(피해자와유가족지원및추모사업지원소위원회) (2025.04.01.),이수진,6664,education,0.35,1,119
pres_2025,22,official_minutes,https://record.assembly.go.kr/assembly/viewer/minutes/xml.do?id=54455&type=view,official_minutes_54455:1:6,2025-04-01,2025-03-31,12.29여객기참사진상규명과피해자및유가족의피해구제를위한특별위원회,제22대국회 제423회 (임시회) 제2차 12.29여객기참사진상규명과피해자및유가족의피해구제를위한특별위원회(피해자와유가족지원및추모사업지원소위원회) (2025.04.01.),이수진,6664,jobs_labor,0.35,1,119
pres_2025,22,official_minutes,https://record.assembly.go.kr/assembly/viewer/minutes/xml.do?id=54455&type=view,official_minutes_54455:1:6,2025-04-01,2025-03-31,12.29여객기참사진상규명과피해자및유가족의피해구제를위한특별위원회,제22대국회 제423회 (임시회) 제2차 12.29여객기참사진상규명과피해자및유가족의피해구제를위한특별위원회(피해자와유가족지원및추모사업지원소위원회) (2025.04.01.),이수진,6664,economy_growth,0.35,1,119
pres_2025,22,official_minutes,https://record.assembly.go.kr/assembly/viewer/minutes/xml.do?id=54455&type=view,official_minutes_54455:1:7,2025-04-01,2025-03-31,12.29여객기참사진상규명과피해자및유가족의피해구제를위한특별위원회,제22대국회 제423회 (임시회) 제2차 12.29여객기참사진상규명과피해자및유가족의피해구제를위한특별위원회(피해자와유가족지원및추모사업지원소위원회) (2025.04.01.),이수진,6664,external_shock,0.35,1,101
pres_2025,22,official_minutes,https://record.assembly.go.kr/assembly/viewer/minutes/xml.do?id=54455&type=view,official_minutes_54455:3:15,2025-04-01,2025-03-31,12.29여객기참사진상규명과피해자및유가족의피해구제를위한특별위원회,제22대국회 제423회 (임시회) 제2차 12.29여객기참사진상규명과피해자및유가족의피해구제를위한특별위원회(피해자와유가족지원및추모사업지원소위원회) (2025.04.01.),임종수,0,external_shock,0.35,1,214
pres_2025,22,official_minutes,https://record.assembly.go.kr/assembly/viewer/minutes/xml.do?id=54455&type=view,official_minutes_54455:3:18,2025-04-01,2025-03-31,12.29여객기참사진상규명과피해자및유가족의피해구제를위한특별위원회,제22대국회 제423회 (임시회) 제2차 12.29여객기참사진상규명과피해자및유가족의피해구제를위한특별위원회(피해자와유가족지원및추모사업지원소위원회) (2025.04.01.),임종수,0,welfare_pension,1.0,1,185
pres_2025,22,official_minutes,https://record.assembly.go.kr/assembly/viewer/minutes/xml.do?id=54455&type=view,official_minutes_54455:3:19,2025-04-01,2025-03-31,12.29여객기참사진상규명과피해자및유가족의피해구제를위한특별위원회,제22대국회 제423회 (임시회) 제2차 12.29여객기참사진상규명과피해자및유가족의피해구제를위한특별위원회(피해자와유가족지원및추모사업지원소위원회) (2025.04.01.),임종수,0,welfare_pension,1.0,1,62
pres_2025,22,official_minutes,https://record.assembly.go.kr/assembly/viewer/minutes/xml.do?id=54455&type=view,official_minutes_54455:3:23,2025-04-01,2025-03-31,12.29여객기참사진상규명과피해자및유가족의피해구제를위한특별위원회,제22대국회 제423회 (임시회) 제2차 12.29여객기참사진상규명과피해자및유가족의피해구제를위한특별위원회(피해자와유가족지원및추모사업지원소위원회) (2025.04.01.),임종수,0,economy_growth,1.0,1,102
pres_2025,22,official_minutes,https://record.assembly.go.kr/assembly/viewer/minutes/xml.do?id=54455&type=view,official_minutes_54455:3:23,2025-04-01,2025-03-31,12.29여객기참사진상규명과피해자및유가족의피해구제를위한특별위원회,제22대국회 제423회 (임시회) 제2차 12.29여객기참사진상규명과피해자및유가족의피해구제를위한특별위원회(피해자와유가족지원및추모사업지원소위원회) (2025.04.01.),임종수,0,regional_dev,0.35,1,102
pres_2025,22,official_minutes,https://record.assembly.go.kr/assembly/viewer/minutes/xml.do?id=54455&type=view,official_minutes_54455:7:1,2025-04-01,2025-03-31,12.29여객기참사진상규명과피해자및유가족의피해구제를위한특별위원회,제22대국회 제423회 (임시회) 제2차 12.29여객기참사진상규명과피해자및유가족의피해구제를위한특별위원회(피해자와유가족지원및추모사업지원소위원회) (2025.04.01.),백원국,0,family_legal_risk,0.35,1,130
pres_2025,22,official_minutes,https://record.assembly.go.kr/assembly/viewer/minutes/xml.do?id=54455&type=view,official_minutes_54455:7:4,2025-04-01,2025-03-31,12.29여객기참사진상규명과피해자및유가족의피해구제를위한특별위원회,제22대국회 제423회 (임시회) 제2차 12.29여객기참사진상규명과피해자및유가족의피해구제를위한특별위원회(피해자와유가족지원및추모사업지원소위원회) (2025.04.01.),백원국,0,regional_dev,0.35,1,54
pres_2025,22,official_minutes,https://record.assembly.go.kr/assembly/viewer/minutes/xml.do?id=54455&type=view,official_minutes_54455:8:2,2025-04-01,2025-03-31,12.29여객기참사진상규명과피해자및유가족의피해구제를위한특별위원회,제22대국회 제423회 (임시회) 제2차 12.29여객기참사진상규명과피해자및유가족의피해구제를위한특별위원회(피해자와유가족지원및추모사업지원소위원회) (2025.04.01.),김용균,0,regional_dev,0.35,1,65
pres_2025,22,official_minutes,https://record.assembly.go.kr/assembly/viewer/minutes/xml.do?id=54455&type=view,official_minutes_54455:9:1,2025-04-01,2025-03-31,12.29여객기참사진상규명과피해자및유가족의피해구제를위한특별위원회,제22대국회 제423회 (임시회) 제2차 12.29여객기참사진상규명과피해자및유가족의피해구제를위한특별위원회(피해자와유가족지원및추모사업지원소위원회) (2025.04.01.),정경훈,0,jobs_labor,0.35,1,16
pres_2025,22,official_minutes,https://record.assembly.go.kr/assembly/viewer/minutes/xml.do?id=54455&type=view,official_minutes_54455:11:4,2025-04-01,2025-03-31,12.29여객기참사진상규명과피해자및유가족의피해구제를위한특별위원회,제22대국회 제423회 (임시회) 제2차 12.29여객기참사진상규명과피해자및유가족의피해구제를위한특별위원회(피해자와유가족지원및추모사업지원소위원회) (2025.04.01.),정경훈,0,family_legal_risk,0.35,1,95
pres_2025,22,official_minutes,https://record.assembly.go.kr/assembly/viewer/minutes/xml.do?id=54455&type=view,official_minutes_54455:11:5,2025-04-01,2025-03-31,12.29여객기참사진상규명과피해자및유가족의피해구제를위한특별위원회,제22대국회 제423회 (임시회) 제2차 12.29여객기참사진상규명과피해자및유가족의피해구제를위한특별위원회(피해자와유가족지원및추모사업지원소위원회) (2025.04.01.),정경훈,0,family_legal_risk,0.35,1,184
pres_2025,22,official_minutes,https://record.assembly.go.kr/assembly/viewer/minutes/xml.do?id=54455&type=view,official_minutes_54455:11:6,2025-04-01,2025-03-31,12.29여객기참사진상규명과피해자및유가족의피해구제를위한특별위원회,제22대국회 제423회 (임시회) 제2차 12.29여객기참사진상규명과피해자및유가족의피해구제를위한특별위원회(피해자와유가족지원및추모사업지원소위원회) (2025.04.01.),정경훈,0,jobs_labor,0.35,1,137
pres_2025,22,official_minutes,https://record.assembly.go.kr/assembly/viewer/minutes/xml.do?id=54455&type=view,official_minutes_54455:11:6,2025-04-01,2025-03-31,12.29여객기참사진상규명과피해자및유가족의피해구제를위한특별위원회,제22대국회 제423회 (임시회) 제2차 12.29여객기참사진상규명과피해자및유가족의피해구제를위한특별위원회(피해자와유가족지원및추모사업지원소위원회) (2025.04.01.),정경훈,0,family_legal_risk,0.35,1,137
pres_2025,22,official_minutes,https://record.assembly.go.kr/assembly/viewer/minutes/xml.do?id=54455&type=view,official_minutes_54455:16:3,2025-04-01,2025-03-31,12.29여객기참사진상규명과피해자및유가족의피해구제를위한특별위원회,제22대국회 제423회 (임시회) 제2차 12.29여객기참사진상규명과피해자및유가족의피해구제를위한특별위원회(피해자와유가족지원및추모사업지원소위원회) (2025.04.01.),이수진,6664,jobs_labor,0.35,1,92
pres_2025,22,official_minutes,https://record.assembly.go.kr/assembly/viewer/minutes/xml.do?id=54455&type=view,official_minutes_54455:19:9,2025-04-01,2025-03-31,12.29여객기참사진상규명과피해자및유가족의피해구제를위한특별위원회,제22대국회 제423회 (임시회) 제2차 12.29여객기참사진상규명과피해자및유가족의피해구제를위한특별위원회(피해자와유가족지원및추모사업지원소위원회) (2025.04.01.),전진숙,6752,welfare_pension,1.0,1,160
pres_2025,22,official_minutes,https://record.assembly.go.kr/assembly/viewer/minutes/xml.do?id=54455&type=view,official_minutes_54455:19:9,2025-04-01,2025-03-31,12.29여객기참사진상규명과피해자및유가족의피해구제를위한특별위원회,제22대국회 제423회 (임시회) 제2차 12.29여객기참사진상규명과피해자및유가족의피해구제를위한특별위원회(피해자와유가족지원및추모사업지원소위원회) (2025.04.01.),전진숙,6752,family_legal_risk,0.35,1,160
pres_2025,22,official_minutes,https://record.assembly.go.kr/assembly/viewer/minutes/xml.do?id=54455&type=view,official_minutes_54455:20:2,2025-04-01,2025-03-31,12.29여객기참사진상규명과피해자및유가족의피해구제를위한특별위원회,제22대국회 제423회 (임시회) 제2차 12.29여객기참사진상규명과피해자및유가족의피해구제를위한특별위원회(피해자와유가족지원및추모사업지원소위원회) (2025.04.01.),백원국,0,welfare_pension,1.0,1,42
pres_2025,22,official_minutes,https://record.assembly.go.kr/assembly/viewer/minutes/xml.do?id=54455&type=view,official_minutes_54455:24:4,2025-04-01,2025-03-31,12.29여객기참사진상규명과피해자및유가족의피해구제를위한특별위원회,제22대국회 제423회 (임시회) 제2차 12.29여객기참사진상규명과피해자및유가족의피해구제를위한특별위원회(피해자와유가족지원및추모사업지원소위원회) (2025.04.01.),전진숙,6752,economy_growth,1.0,1,123
pres_2025,22,official_minutes,https://record.assembly.go.kr/assembly/viewer/minutes/xml.do?id=54455&type=view,official_minutes_54455:24:4,2025-04-01,2025-03-31,12.29여객기참사진상규명과피해자및유가족의피해구제를위한특별위원회,제22대국회 제423회 (임시회) 제2차 12.29여객기참사진상규명과피해자및유가족의피해구제를위한특별위원회(피해자와유가족지원및추모사업지원소위원회) (2025.04.01.),전진숙,6752,regional_dev,0.35,1,123
pres_2025,22,official_minutes,https://record.assembly.go.kr/assembly/viewer/minutes/xml.do?id=54455&type=view,official_minutes_54455:24:5,2025-04-01,2025-03-31,12.29여객기참사진상규명과피해자및유가족의피해구제를위한특별위원회,제22대국회 제423회 (임시회) 제2차 12.29여객기참사진상규명과피해자및유가족의피해구제를위한특별위원회(피해자와유가족지원및추모사업지원소위원회) (2025.04.01.),전진숙,6752,inflation_livelihood,0.35,1,38
pres_2025,22,official_minutes,https://record.assembly.go.kr/assembly/viewer/minutes/xml.do?id=54455&type=view,official_minutes_54455:24:6,2025-04-01,2025-03-31,12.29여객기참사진상규명과피해자및유가족의피해구제를위한특별위원회,제22대국회 제423회 (임시회) 제2차 12.29여객기참사진상규명과피해자및유가족의피해구제를위한특별위원회(피해자와유가족지원및추모사업지원소위원회) (2025.04.01.),전진숙,6752,economy_growth,1.0,1,121
pres_2025,22,official_minutes,https://record.assembly.go.kr/assembly/viewer/minutes/xml.do?id=54455&type=view,official_minutes_54455:24:6,2025-04-01,2025-03-31,12.29여객기참사진상규명과피해자및유가족의피해구제를위한특별위원회,제22대국회 제423회 (임시회) 제2차 12.29여객기참사진상규명과피해자및유가족의피해구제를위한특별위원회(피해자와유가족지원및추모사업지원소위원회) (2025.04.01.),전진숙,6752,regional_dev,0.35,1,121
pres_2025,22,official_minutes,https://record.assembly.go.kr/assembly/viewer/minutes/xml.do?id=54455&type=view,official_minutes_54455:26:2,2025-04-01,2025-03-31,12.29여객기참사진상규명과피해자및유가족의피해구제를위한특별위원회,제22대국회 제423회 (임시회) 제2차 12.29여객기참사진상규명과피해자및유가족의피해구제를위한특별위원회(피해자와유가족지원및추모사업지원소위원회) (2025.04.01.),백선희,6864,jobs_labor,0.35,1,90
pres_2025,22,official_minutes,https://record.assembly.go.kr/assembly/viewer/minutes/xml.do?id=54455&type=view,official_minutes_54455:26:2,2025-04-01,2025-03-31,12.29여객기참사진상규명과피해자및유가족의피해구제를위한특별위원회,제22대국회 제423회 (임시회) 제2차 12.29여객기참사진상규명과피해자및유가족의피해구제를위한특별위원회(피해자와유가족지원및추모사업지원소위원회) (2025.04.01.),백선희,6864,family_legal_risk,0.35,1,90
pres_2025,22,official_minutes,https://record.assembly.go.kr/assembly/viewer/minutes/xml.do?id=54455&type=view,official_minutes_54455:26:3,2025-04-01,2025-03-31,12.29여객기참사진상규명과피해자및유가족의피해구제를위한특별위원회,제22대국회 제423회 (임시회) 제2차 12.29여객기참사진상규명과피해자및유가족의피해구제를위한특별위원회(피해자와유가족지원및추모사업지원소위원회) (2025.04.01.),백선희,6864,family_legal_risk,0.35,1,68
pres_2025,22,official_minutes,https://record.assembly.go.kr/assembly/viewer/minutes/xml.do?id=54455&type=view,official_minutes_54455:26:4,2025-04-01,2025-03-31,12.29여객기참사진상규명과피해자및유가족의피해구제를위한특별위원회,제22대국회 제423회 (임시회) 제2차 12.29여객기참사진상규명과피해자및유가족의피해구제를위한특별위원회(피해자와유가족지원및추모사업지원소위원회) (2025.04.01.),백선희,6864,jobs_labor,0.35,1,84
pres_2025,22,official_minutes,https://record.assembly.go.kr/assembly/viewer/minutes/xml.do?id=54455&type=view,official_minutes_54455:26:4,2025-04-01,2025-03-31,12.29여객기참사진상규명과피해자및유가족의피해구제를위한특별위원회,제22대국회 제423회 (임시회) 제2차 12.29여객기참사진상규명과피해자및유가족의피해구제를위한특별위원회(피해자와유가족지원및추모사업지원소위원회) (2025.04.01.),백선희,6864,family_legal_risk,0.35,1,84
pres_2025,22,official_minutes,https://record.assembly.go.kr/assembly/viewer/minutes/xml.do?id=54455&type=view,official_minutes_54455:28:1,2025-04-01,2025-03-31,12.29여객기참사진상규명과피해자및유가족의피해구제를위한특별위원회,제22대국회 제423회 (임시회) 제2차 12.29여객기참사진상규명과피해자및유가족의피해구제를위한특별위원회(피해자와유가족지원및추모사업지원소위원회) (2025.04.01.),이달희,6767,economy_growth,1.0,1,31
pres_2025,22,official_minutes,https://record.assembly.go.kr/assembly/viewer/minutes/xml.do?id=54455&type=view,official_minutes_54455:28:2,2025-04-01,2025-03-31,12.29여객기참사진상규명과피해자및유가족의피해구제를위한특별위원회,제22대국회 제423회 (임시회) 제2차 12.29여객기참사진상규명과피해자및유가족의피해구제를위한특별위원회(피해자와유가족지원및추모사업지원소위원회) (2025.04.01.),이달희,6767,economy_growth,1.0,1,144
pres_2025,22,official_minutes,https://record.assembly.go.kr/assembly/viewer/minutes/xml.do?id=54455&type=view,official_minutes_54455:28:3,2025-04-01,2025-03-31,12.29여객기참사진상규명과피해자및유가족의피해구제를위한특별위원회,제22대국회 제423회 (임시회) 제2차 12.29여객기참사진상규명과피해자및유가족의피해구제를위한특별위원회(피해자와유가족지원및추모사업지원소위원회) (2025.04.01.),이달희,6767,economy_growth,1.0,1,56
pres_2025,22,official_minutes,https://record.assembly.go.kr/assembly/viewer/minutes/xml.do?id=54455&type=view,official_minutes_54455:28:3,2025-04-01,2025-03-31,12.29여객기참사진상규명과피해자및유가족의피해구제를위한특별위원회,제22대국회 제423회 (임시회) 제2차 12.29여객기참사진상규명과피해자및유가족의피해구제를위한특별위원회(피해자와유가족지원및추모사업지원소위원회) (2025.04.01.),이달희,6767,inflation_livelihood,0.35,1,56
pres_2025,22,official_minutes,https://record.assembly.go.kr/assembly/viewer/minutes/xml.do?id=54455&type=view,official_minutes_54455:29:5,2025-04-01,2025-03-31,12.29여객기참사진상규명과피해자및유가족의피해구제를위한특별위원회,제22대국회 제423회 (임시회) 제2차 12.29여객기참사진상규명과피해자및유가족의피해구제를위한특별위원회(피해자와유가족지원및추모사업지원소위원회) (2025.04.01.),이수진,6664,regional_dev,0.35,1,36
pres_2025,22,official_minutes,https://record.assembly.go.kr/assembly/viewer/minutes/xml.do?id=54455&type=view,official_minutes_54455:29:6,2025-04-01,2025-03-31,12.29여객기참사진상규명과피해자및유가족의피해구제를위한특별위원회,제22대국회 제423회 (임시회) 제2차 12.29여객기참사진상규명과피해자및유가족의피해구제를위한특별위원회(피해자와유가족지원및추모사업지원소위원회) (2025.04.01.),이수진,6664,regional_dev,0.35,1,68
pres_2025,22,official_minutes,https://record.assembly.go.kr/assembly/viewer/minutes/xml.do?id=54455&type=view,official_minutes_54455:29:7,2025-04-01,2025-03-31,12.29여객기참사진상규명과피해자및유가족의피해구제를위한특별위원회,제22대국회 제423회 (임시회) 제2차 12.29여객기참사진상규명과피해자및유가족의피해구제를위한특별위원회(피해자와유가족지원및추모사업지원소위원회) (2025.04.01.),이수진,6664,economy_growth,0.75,1,234
pres_2025,22,official_minutes,https://record.assembly.go.kr/assembly/viewer/minutes/xml.do?id=54455&type=view,official_minutes_54455:29:10,2025-04-01,2025-03-31,12.29여객기참사진상규명과피해자및유가족의피해구제를위한특별위원회,제22대국회 제423회 (임시회) 제2차 12.29여객기참사진상규명과피해자및유가족의피해구제를위한특별위원회(피해자와유가족지원및추모사업지원소위원회) (2025.04.01.),이수진,6664,external_shock,0.35,1,42
pres_2025,22,official_minutes,https://record.assembly.go.kr/assembly/viewer/minutes/xml.do?id=54455&type=view,official_minutes_54455:29:12,2025-04-01,2025-03-31,12.29여객기참사진상규명과피해자및유가족의피해구제를위한특별위원회,제22대국회 제423회 (임시회) 제2차 12.29여객기참사진상규명과피해자및유가족의피해구제를위한특별위원회(피해자와유가족지원및추모사업지원소위원회) (2025.04.01.),이수진,6664,welfare_pension,0.35,1,51
pres_2025,22,official_minutes,https://record.assembly.go.kr/assembly/viewer/minutes/xml.do?id=54455&type=view,official_minutes_54455:30:1,2025-04-01,2025-03-31,12.29여객기참사진상규명과피해자및유가족의피해구제를위한특별위원회,제22대국회 제423회 (임시회) 제2차 12.29여객기참사진상규명과피해자및유가족의피해구제를위한특별위원회(피해자와유가족지원및추모사업지원소위원회) (2025.04.01.),백원국,0,economy_growth,1.0,1,51
pres_2025,22,official_minutes,https://record.assembly.go.kr/assembly/viewer/minutes/xml.do?id=54455&type=view,official_minutes_54455:30:2,2025-04-01,2025-03-31,12.29여객기참사진상규명과피해자및유가족의피해구제를위한특별위원회,제22대국회 제423회 (임시회) 제2차 12.29여객기참사진상규명과피해자및유가족의피해구제를위한특별위원회(피해자와유가족지원및추모사업지원소위원회) (2025.04.01.),백원국,0,economy_growth,1.0,1,104
pres_2025,22,official_minutes,https://record.assembly.go.kr/assembly/viewer/minutes/xml.do?id=54455&type=view,official_minutes_54455:33:3,2025-04-01,2025-03-31,12.29여객기참사진상규명과피해자및유가족의피해구제를위한특별위원회,제22대국회 제423회 (임시회) 제2차 12.29여객기참사진상규명과피해자및유가족의피해구제를위한특별위원회(피해자와유가족지원및추모사업지원소위원회) (2025.04.01.),이수진,6664,regional_dev,0.35,1,21
pres_2025,22,official_minutes,https://record.assembly.go.kr/assembly/viewer/minutes/xml.do?id=54455&type=view,official_minutes_54455:36:2,2025-04-01,2025-03-31,12.29여객기참사진상규명과피해자및유가족의피해구제를위한특별위원회,제22대국회 제423회 (임시회) 제2차 12.29여객기참사진상규명과피해자및유가족의피해구제를위한특별위원회(피해자와유가족지원및추모사업지원소위원회) (2025.04.01.),이달희,6767,economy_growth,1.0,1,247
pres_2025,22,official_minutes,https://record.assembly.go.kr/assembly/viewer/minutes/xml.do?id=54455&type=view,official_minutes_54455:36:2,2025-04-01,2025-03-31,12.29여객기참사진상규명과피해자및유가족의피해구제를위한특별위원회,제22대국회 제423회 (임시회) 제2차 12.29여객기참사진상규명과피해자및유가족의피해구제를위한특별위원회(피해자와유가족지원및추모사업지원소위원회) (2025.04.01.),이달희,6767,regional_dev,0.35,1,247
pres_2025,22,official_minutes,https://record.assembly.go.kr/assembly/viewer/minutes/xml.do?id=54455&type=view,official_minutes_54455:36:4,2025-04-01,2025-03-31,12.29여객기참사진상규명과피해자및유가족의피해구제를위한특별위원회,제22대국회 제423회 (임시회) 제2차 12.29여객기참사진상규명과피해자및유가족의피해구제를위한특별위원회(피해자와유가족지원및추모사업지원소위원회) (2025.04.01.),이달희,6767,economy_growth,1.0,1,177
pres_2025,22,official_minutes,https://record.assembly.go.kr/assembly/viewer/minutes/xml.do?id=54455&type=view,official_minutes_54455:36:4,2025-04-01,2025-03-31,12.29여객기참사진상규명과피해자및유가족의피해구제를위한특별위원회,제22대국회 제423회 (임시회) 제2차 12.29여객기참사진상규명과피해자및유가족의피해구제를위한특별위원회(피해자와유가족지원및추모사업지원소위원회) (2025.04.01.),이달희,6767,regional_dev,0.35,1,177
pres_2025,22,official_minutes,https://record.assembly.go.kr/assembly/viewer/minutes/xml.do?id=54455&type=view,official_minutes_54455:37:1,2025-04-01,2025-03-31,12.29여객기참사진상규명과피해자및유가족의피해구제를위한특별위원회,제22대국회 제423회 (임시회) 제2차 12.29여객기참사진상규명과피해자및유가족의피해구제를위한특별위원회(피해자와유가족지원및추모사업지원소위원회) (2025.04.01.),이수진,6664,economy_growth,1.0,1,94
pres_2025,22,official_minutes,https://record.assembly.go.kr/assembly/viewer/minutes/xml.do?id=54455&type=view,official_minutes_54455:37:1,2025-04-01,2025-03-31,12.29여객기참사진상규명과피해자및유가족의피해구제를위한특별위원회,제22대국회 제423회 (임시회) 제2차 12.29여객기참사진상규명과피해자및유가족의피해구제를위한특별위원회(피해자와유가족지원및추모사업지원소위원회) (2025.04.01.),이수진,6664,inflation_livelihood,0.35,1,94
pres_2025,22,official_minutes,https://record.assembly.go.kr/assembly/viewer/minutes/xml.do?id=54455&type=view,official_minutes_54455:37:2,2025-04-01,2025-03-31,12.29여객기참사진상규명과피해자및유가족의피해구제를위한특별위원회,제22대국회 제423회 (임시회) 제2차 12.29여객기참사진상규명과피해자및유가족의피해구제를위한특별위원회(피해자와유가족지원및추모사업지원소위원회) (2025.04.01.),이수진,6664,economy_growth,1.0,1,101
pres_2025,22,official_minutes,https://record.assembly.go.kr/assembly/viewer/minutes/xml.do?id=54455&type=view,official_minutes_54455:38:1,2025-04-01,2025-03-31,12.29여객기참사진상규명과피해자및유가족의피해구제를위한특별위원회,제22대국회 제423회 (임시회) 제2차 12.29여객기참사진상규명과피해자및유가족의피해구제를위한특별위원회(피해자와유가족지원및추모사업지원소위원회) (2025.04.01.),최용호,0,external_shock,1.0,1,140
pres_2025,22,official_minutes,https://record.assembly.go.kr/assembly/viewer/minutes/xml.do?id=54455&type=view,official_minutes_54455:38:1,2025-04-01,2025-03-31,12.29여객기참사진상규명과피해자및유가족의피해구제를위한특별위원회,제22대국회 제423회 (임시회) 제2차 12.29여객기참사진상규명과피해자및유가족의피해구제를위한특별위원회(피해자와유가족지원및추모사업지원소위원회) (2025.04.01.),최용호,0,regional_dev,0.35,1,140
pres_2025,22,official_minutes,https://record.assembly.go.kr/assembly/viewer/minutes/xml.do?id=54455&type=view,official_minutes_54455:42:4,2025-04-01,2025-03-31,12.29여객기참사진상규명과피해자및유가족의피해구제를위한특별위원회,제22대국회 제423회 (임시회) 제2차 12.29여객기참사진상규명과피해자및유가족의피해구제를위한특별위원회(피해자와유가족지원및추모사업지원소위원회) (2025.04.01.),백원국,0,regional_dev,0.35,1,111
pres_2025,22,official_minutes,https://record.assembly.go.kr/assembly/viewer/minutes/xml.do?id=54455&type=view,official_minutes_54455:42:5,2025-04-01,2025-03-31,12.29여객기참사진상규명과피해자및유가족의피해구제를위한특별위원회,제22대국회 제423회 (임시회) 제2차 12.29여객기참사진상규명과피해자및유가족의피해구제를위한특별위원회(피해자와유가족지원및추모사업지원소위원회) (2025.04.01.),백원국,0,economy_growth,1.0,1,121
pres_2025,22,official_minutes,https://record.assembly.go.kr/assembly/viewer/minutes/xml.do?id=54455&type=view,official_minutes_54455:44:4,2025-04-01,2025-03-31,12.29여객기참사진상규명과피해자및유가족의피해구제를위한특별위원회,제22대국회 제423회 (임시회) 제2차 12.29여객기참사진상규명과피해자및유가족의피해구제를위한특별위원회(피해자와유가족지원및추모사업지원소위원회) (2025.04.01.),임종수,0,jobs_labor,0.35,1,59
pres_2025,22,official_minutes,https://record.assembly.go.kr/assembly/viewer/minutes/xml.do?id=54455&type=view,official_minutes_54455:44:5,2025-04-01,2025-03-31,12.29여객기참사진상규명과피해자및유가족의피해구제를위한특별위원회,제22대국회 제423회 (임시회) 제2차 12.29여객기참사진상규명과피해자및유가족의피해구제를위한특별위원회(피해자와유가족지원및추모사업지원소위원회) (2025.04.01.),임종수,0,education,0.35,1,24
pres_2025,22,official_minutes,https://record.assembly.go.kr/assembly/viewer/minutes/xml.do?id=54455&type=view,official_minutes_54455:44:6,2025-04-01,2025-03-31,12.29여객기참사진상규명과피해자및유가족의피해구제를위한특별위원회,제22대국회 제423회 (임시회) 제2차 12.29여객기참사진상규명과피해자및유가족의피해구제를위한특별위원회(피해자와유가족지원및추모사업지원소위원회) (2025.04.01.),임종수,0,education,0.35,1,143
pres_2025,22,official_minutes,https://record.assembly.go.kr/assembly/viewer/minutes/xml.do?id=54455&type=view,official_minutes_54455:44:7,2025-04-01,2025-03-31,12.29여객기참사진상규명과피해자및유가족의피해구제를위한특별위원회,제22대국회 제423회 (임시회) 제2차 12.29여객기참사진상규명과피해자및유가족의피해구제를위한특별위원회(피해자와유가족지원및추모사업지원소위원회) (2025.04.01.),임종수,0,education,0.35,1,49
pres_2025,22,official_minutes,https://record.assembly.go.kr/assembly/viewer/minutes/xml.do?id=54455&type=view,official_minutes_54455:46:1,2025-04-01,2025-03-31,12.29여객기참사진상규명과피해자및유가족의피해구제를위한특별위원회,제22대국회 제423회 (임시회) 제2차 12.29여객기참사진상규명과피해자및유가족의피해구제를위한특별위원회(피해자와유가족지원및추모사업지원소위원회) (2025.04.01.),정경훈,0,jobs_labor,0.35,1,17
pres_2025,22,official_minutes,https://record.assembly.go.kr/assembly/viewer/minutes/xml.do?id=54455&type=view,official_minutes_54455:46:3,2025-04-01,2025-03-31,12.29여객기참사진상규명과피해자및유가족의피해구제를위한특별위원회,제22대국회 제423회 (임시회) 제2차 12.29여객기참사진상규명과피해자및유가족의피해구제를위한특별위원회(피해자와유가족지원및추모사업지원소위원회) (2025.04.01.),정경훈,0,external_shock,0.35,1,115
pres_2025,22,official_minutes,https://record.assembly.go.kr/assembly/viewer/minutes/xml.do?id=54455&type=view,official_minutes_54455:47:2,2025-04-01,2025-03-31,12.29여객기참사진상규명과피해자및유가족의피해구제를위한특별위원회,제22대국회 제423회 (임시회) 제2차 12.29여객기참사진상규명과피해자및유가족의피해구제를위한특별위원회(피해자와유가족지원및추모사업지원소위원회) (2025.04.01.),이수진,6664,education,0.35,1,10
pres_2025,22,official_minutes,https://record.assembly.go.kr/assembly/viewer/minutes/xml.do?id=54455&type=view,official_minutes_54455:48:1,2025-04-01,2025-03-31,12.29여객기참사진상규명과피해자및유가족의피해구제를위한특별위원회,제22대국회 제423회 (임시회) 제2차 12.29여객기참사진상규명과피해자및유가족의피해구제를위한특별위원회(피해자와유가족지원및추모사업지원소위원회) (2025.04.01.),이해숙,0,education,0.35,1,21
pres_2025,22,official_minutes,https://record.assembly.go.kr/assembly/viewer/minutes/xml.do?id=54455&type=view,official_minutes_54455:48:2,2025-04-01,2025-03-31,12.29여객기참사진상규명과피해자및유가족의피해구제를위한특별위원회,제22대국회 제423회 (임시회) 제2차 12.29여객기참사진상규명과피해자및유가족의피해구제를위한특별위원회(피해자와유가족지원및추모사업지원소위원회) (2025.04.01.),이해숙,0,education,0.35,1,16
pres_2025,22,official_minutes,https://record.assembly.go.kr/assembly/viewer/minutes/xml.do?id=54455&type=view,official_minutes_54455:48:3,2025-04-01,2025-03-31,12.29여객기참사진상규명과피해자및유가족의피해구제를위한특별위원회,제22대국회 제423회 (임시회) 제2차 12.29여객기참사진상규명과피해자및유가족의피해구제를위한특별위원회(피해자와유가족지원및추모사업지원소위원회) (2025.04.01.),이해숙,0,education,0.35,1,31
pres_2025,22,official_minutes,https://record.assembly.go.kr/assembly/viewer/minutes/xml.do?id=54455&type=view,official_minutes_54455:48:4,2025-04-01,2025-03-31,12.29여객기참사진상규명과피해자및유가족의피해구제를위한특별위원회,제22대국회 제423회 (임시회) 제2차 12.29여객기참사진상규명과피해자및유가족의피해구제를위한특별위원회(피해자와유가족지원및추모사업지원소위원회) (2025.04.01.),이해숙,0,education,0.35,1,23
pres_2025,22,official_minutes,https://record.assembly.go.kr/assembly/viewer/minutes/xml.do?id=54455&type=view,official_minutes_54455:48:6,2025-04-01,2025-03-31,12.29여객기참사진상규명과피해자및유가족의피해구제를위한특별위원회,제22대국회 제423회 (임시회) 제2차 12.29여객기참사진상규명과피해자및유가족의피해구제를위한특별위원회(피해자와유가족지원및추모사업지원소위원회) (2025.04.01.),이해숙,0,education,0.35,1,75
pres_2025,22,official_minutes,https://record.assembly.go.kr/assembly/viewer/minutes/xml.do?id=54455&type=view,official_minutes_54455:49:1,2025-04-01,2025-03-31,12.29여객기참사진상규명과피해자및유가족의피해구제를위한특별위원회,제22대국회 제423회 (임시회) 제2차 12.29여객기참사진상규명과피해자및유가족의피해구제를위한특별위원회(피해자와유가족지원및추모사업지원소위원회) (2025.04.01.),이승묵,0,education,0.35,1,19
pres_2025,22,official_minutes,https://record.assembly.go.kr/assembly/viewer/minutes/xml.do?id=54455&type=view,official_minutes_54455:49:2,2025-04-01,2025-03-31,12.29여객기참사진상규명과피해자및유가족의피해구제를위한특별위원회,제22대국회 제423회 (임시회) 제2차 12.29여객기참사진상규명과피해자및유가족의피해구제를위한특별위원회(피해자와유가족지원및추모사업지원소위원회) (2025.04.01.),이승묵,0,welfare_pension,0.35,1,22
pres_2025,22,official_minutes,https://record.assembly.go.kr/assembly/viewer/minutes/xml.do?id=54455&type=view,official_minutes_54455:49:4,2025-04-01,2025-03-31,12.29여객기참사진상규명과피해자및유가족의피해구제를위한특별위원회,제22대국회 제423회 (임시회) 제2차 12.29여객기참사진상규명과피해자및유가족의피해구제를위한특별위원회(피해자와유가족지원및추모사업지원소위원회) (2025.04.01.),이승묵,0,welfare_pension,0.35,1,123
pres_2025,22,official_minutes,https://record.assembly.go.kr/assembly/viewer/minutes/xml.do?id=54455&type=view,official_minutes_54455:50:1,2025-04-01,2025-03-31,12.29여객기참사진상규명과피해자및유가족의피해구제를위한특별위원회,제22대국회 제423회 (임시회) 제2차 12.29여객기참사진상규명과피해자및유가족의피해구제를위한특별위원회(피해자와유가족지원및추모사업지원소위원회) (2025.04.01.),최창익,0,education,1.0,1,21
pres_2025,22,official_minutes,https://record.assembly.go.kr/assembly/viewer/minutes/xml.do?id=54455&type=view,official_minutes_54455:50:5,2025-04-01,2025-03-31,12.29여객기참사진상규명과피해자및유가족의피해구제를위한특별위원회,제22대국회 제423회 (임시회) 제2차 12.29여객기참사진상규명과피해자및유가족의피해구제를위한특별위원회(피해자와유가족지원및추모사업지원소위원회) (2025.04.01.),최창익,0,education,0.35,1,97
pres_2025,22,official_minutes,https://record.assembly.go.kr/assembly/viewer/minutes/xml.do?id=54455&type=view,official_minutes_54455:50:9,2025-04-01,2025-03-31,12.29여객기참사진상규명과피해자및유가족의피해구제를위한특별위원회,제22대국회 제423회 (임시회) 제2차 12.29여객기참사진상규명과피해자및유가족의피해구제를위한특별위원회(피해자와유가족지원및추모사업지원소위원회) (2025.04.01.),최창익,0,education,0.35,1,108
pres_2025,22,official_minutes,https://record.assembly.go.kr/assembly/viewer/minutes/xml.do?id=54455&type=view,official_minutes_54455:50:10,2025-04-01,2025-03-31,12.29여객기참사진상규명과피해자및유가족의피해구제를위한특별위원회,제22대국회 제423회 (임시회) 제2차 12.29여객기참사진상규명과피해자및유가족의피해구제를위한특별위원회(피해자와유가족지원및추모사업지원소위원회) (2025.04.01.),최창익,0,education,0.35,1,89
pres_2025,22,official_minutes,https://record.assembly.go.kr/assembly/viewer/minutes/xml.do?id=54455&type=view,official_minutes_54455:52:1,2025-04-01,2025-03-31,12.29여객기참사진상규명과피해자및유가족의피해구제를위한특별위원회,제22대국회 제423회 (임시회) 제2차 12.29여객기참사진상규명과피해자및유가족의피해구제를위한특별위원회(피해자와유가족지원및추모사업지원소위원회) (2025.04.01.),백선희,6864,jobs_labor,0.35,1,47
pres_2025,22,official_minutes,https://record.assembly.go.kr/assembly/viewer/minutes/xml.do?id=54455&type=view,official_minutes_54455:52:3,2025-04-01,2025-03-31,12.29여객기참사진상규명과피해자및유가족의피해구제를위한특별위원회,제22대국회 제423회 (임시회) 제2차 12.29여객기참사진상규명과피해자및유가족의피해구제를위한특별위원회(피해자와유가족지원및추모사업지원소위원회) (2025.04.01.),백선희,6864,foreign_policy,0.35,1,31
pres_2025,22,official_minutes,https://record.assembly.go.kr/assembly/viewer/minutes/xml.do?id=54455&type=view,official_minutes_54455:52:4,2025-04-01,2025-03-31,12.29여객기참사진상규명과피해자및유가족의피해구제를위한특별위원회,제22대국회 제423회 (임시회) 제2차 12.29여객기참사진상규명과피해자및유가족의피해구제를위한특별위원회(피해자와유가족지원및추모사업지원소위원회) (2025.04.01.),백선희,6864,education,0.35,1,42
pres_2025,22,official_minutes,https://record.assembly.go.kr/assembly/viewer/minutes/xml.do?id=54455&type=view,official_minutes_54455:52:5,2025-04-01,2025-03-31,12.29여객기참사진상규명과피해자및유가족의피해구제를위한특별위원회,제22대국회 제423회 (임시회) 제2차 12.29여객기참사진상규명과피해자및유가족의피해구제를위한특별위원회(피해자와유가족지원및추모사업지원소위원회) (2025.04.01.),백선희,6864,welfare_pension,0.35,1,89
pres_2025,22,official_minutes,https://record.assembly.go.kr/assembly/viewer/minutes/xml.do?id=54455&type=view,official_minutes_54455:52:5,2025-04-01,2025-03-31,12.29여객기참사진상규명과피해자및유가족의피해구제를위한특별위원회,제22대국회 제423회 (임시회) 제2차 12.29여객기참사진상규명과피해자및유가족의피해구제를위한특별위원회(피해자와유가족지원및추모사업지원소위원회) (2025.04.01.),백선희,6864,education,0.35,1,89
pres_2025,22,official_minutes,https://record.assembly.go.kr/assembly/viewer/minutes/xml.do?id=54455&type=view,official_minutes_54455:52:6,2025-04-01,2025-03-31,12.29여객기참사진상규명과피해자및유가족의피해구제를위한특별위원회,제22대국회 제423회 (임시회) 제2차 12.29여객기참사진상규명과피해자및유가족의피해구제를위한특별위원회(피해자와유가족지원및추모사업지원소위원회) (2025.04.01.),백선희,6864,education,1.0,1,48
pres_2025,22,official_minutes,https://record.assembly.go.kr/assembly/viewer/minutes/xml.do?id=54455&type=view,official_minutes_54455:52:6,2025-04-01,2025-03-31,12.29여객기참사진상규명과피해자및유가족의피해구제를위한특별위원회,제22대국회 제423회 (임시회) 제2차 12.29여객기참사진상규명과피해자및유가족의피해구제를위한특별위원회(피해자와유가족지원및추모사업지원소위원회) (2025.04.01.),백선희,6864,foreign_policy,0.35,1,48
pres_2025,22,official_minutes,https://record.assembly.go.kr/assembly/viewer/minutes/xml.do?id=54455&type=view,official_minutes_54455:52:7,2025-04-01,2025-03-31,12.29여객기참사진상규명과피해자및유가족의피해구제를위한특별위원회,제22대국회 제423회 (임시회) 제2차 12.29여객기참사진상규명과피해자및유가족의피해구제를위한특별위원회(피해자와유가족지원및추모사업지원소위원회) (2025.04.01.),백선희,6864,education,1.0,1,54
pres_2025,22,official_minutes,https://record.assembly.go.kr/assembly/viewer/minutes/xml.do?id=54455&type=view,official_minutes_54455:52:8,2025-04-01,2025-03-31,12.29여객기참사진상규명과피해자및유가족의피해구제를위한특별위원회,제22대국회 제423회 (임시회) 제2차 12.29여객기참사진상규명과피해자및유가족의피해구제를위한특별위원회(피해자와유가족지원및추모사업지원소위원회) (2025.04.01.),백선희,6864,education,0.35,1,101
pres_2025,22,official_minutes,https://record.assembly.go.kr/assembly/viewer/minutes/xml.do?id=54455&type=view,official_minutes_54455:52:11,2025-04-01,2025-03-31,12.29여객기참사진상규명과피해자및유가족의피해구제를위한특별위원회,제22대국회 제423회 (임시회) 제2차 12.29여객기참사진상규명과피해자및유가족의피해구제를위한특별위원회(피해자와유가족지원및추모사업지원소위원회) (2025.04.01.),백선희,6864,education,0.35,1,98
pres_2025,22,official_minutes,https://record.assembly.go.kr/assembly/viewer/minutes/xml.do?id=54455&type=view,official_minutes_54455:56:1,2025-04-01,2025-03-31,12.29여객기참사진상규명과피해자및유가족의피해구제를위한특별위원회,제22대국회 제423회 (임시회) 제2차 12.29여객기참사진상규명과피해자및유가족의피해구제를위한특별위원회(피해자와유가족지원및추모사업지원소위원회) (2025.04.01.),전진숙,6752,education,0.35,1,35
pres_2025,22,official_minutes,https://record.assembly.go.kr/assembly/viewer/minutes/xml.do?id=54455&type=view,official_minutes_54455:56:2,2025-04-01,2025-03-31,12.29여객기참사진상규명과피해자및유가족의피해구제를위한특별위원회,제22대국회 제423회 (임시회) 제2차 12.29여객기참사진상규명과피해자및유가족의피해구제를위한특별위원회(피해자와유가족지원및추모사업지원소위원회) (2025.04.01.),전진숙,6752,education,1.0,1,50
pres_2025,22,official_minutes,https://record.assembly.go.kr/assembly/viewer/minutes/xml.do?id=54455&type=view,official_minutes_54455:58:1,2025-04-01,2025-03-31,12.29여객기참사진상규명과피해자및유가족의피해구제를위한특별위원회,제22대국회 제423회 (임시회) 제2차 12.29여객기참사진상규명과피해자및유가족의피해구제를위한특별위원회(피해자와유가족지원및추모사업지원소위원회) (2025.04.01.),전진숙,6752,education,0.35,1,46
pres_2025,22,official_minutes,https://record.assembly.go.kr/assembly/viewer/minutes/xml.do?id=54455&type=view,official_minutes_54455:71:1,2025-04-01,2025-03-31,12.29여객기참사진상규명과피해자및유가족의피해구제를위한특별위원회,제22대국회 제423회 (임시회) 제2차 12.29여객기참사진상규명과피해자및유가족의피해구제를위한특별위원회(피해자와유가족지원및추모사업지원소위원회) (2025.04.01.),이수진,6664,education,0.35,1,123
pres_2025,22,official_minutes,https://record.assembly.go.kr/assembly/viewer/minutes/xml.do?id=54455&type=view,official_minutes_54455:75:6,2025-04-01,2025-03-31,12.29여객기참사진상규명과피해자및유가족의피해구제를위한특별위원회,제22대국회 제423회 (임시회) 제2차 12.29여객기참사진상규명과피해자및유가족의피해구제를위한특별위원회(피해자와유가족지원및추모사업지원소위원회) (2025.04.01.),이수진,6664,education,0.35,1,83
pres_2025,22,official_minutes,https://record.assembly.go.kr/assembly/viewer/minutes/xml.do?id=54455&type=view,official_minutes_54455:78:1,2025-04-01,2025-03-31,12.29여객기참사진상규명과피해자및유가족의피해구제를위한특별위원회,제22대국회 제423회 (임시회) 제2차 12.29여객기참사진상규명과피해자및유가족의피해구제를위한특별위원회(피해자와유가족지원및추모사업지원소위원회) (2025.04.01.),이달희,6767,jobs_labor,0.35,1,18
pres_2025,22,official_minutes,https://record.assembly.go.kr/assembly/viewer/minutes/xml.do?id=54455&type=view,official_minutes_54455:85:1,2025-04-01,2025-03-31,12.29여객기참사진상규명과피해자및유가족의피해구제를위한특별위원회,제22대국회 제423회 (임시회) 제2차 12.29여객기참사진상규명과피해자및유가족의피해구제를위한특별위원회(피해자와유가족지원및추모사업지원소위원회) (2025.04.01.),이수진,6664,jobs_labor,0.35,1,60
pres_2025,22,official_minutes,https://record.assembly.go.kr/assembly/viewer/minutes/xml.do?id=54455&type=view,official_minutes_54455:87:3,2025-04-01,2025-03-31,12.29여객기참사진상규명과피해자및유가족의피해구제를위한특별위원회,제22대국회 제423회 (임시회) 제2차 12.29여객기참사진상규명과피해자및유가족의피해구제를위한특별위원회(피해자와유가족지원및추모사업지원소위원회) (2025.04.01.),백선희,6864,jobs_labor,0.35,1,71
pres_2025,22,official_minutes,https://record.assembly.go.kr/assembly/viewer/minutes/xml.do?id=54455&type=view,official_minutes_54455:97:3,2025-04-01,2025-03-31,12.29여객기참사진상규명과피해자및유가족의피해구제를위한특별위원회,제22대국회 제423회 (임시회) 제2차 12.29여객기참사진상규명과피해자및유가족의피해구제를위한특별위원회(피해자와유가족지원및추모사업지원소위원회) (2025.04.01.),이달희,6767,welfare_pension,0.35,1,47
pres_2025,22,official_minutes,https://record.assembly.go.kr/assembly/viewer/minutes/xml.do?id=54455&type=view,official_minutes_54455:100:1,2025-04-01,2025-03-31,12.29여객기참사진상규명과피해자및유가족의피해구제를위한특별위원회,제22대국회 제423회 (임시회) 제2차 12.29여객기참사진상규명과피해자및유가족의피해구제를위한특별위원회(피해자와유가족지원및추모사업지원소위원회) (2025.04.01.),정경훈,0,jobs_labor,0.35,1,16
pres_2025,22,official_minutes,https://record.assembly.go.kr/assembly/viewer/minutes/xml.do?id=54455&type=view,official_minutes_54455:102:3,2025-04-01,2025-03-31,12.29여객기참사진상규명과피해자및유가족의피해구제를위한특별위원회,제22대국회 제423회 (임시회) 제2차 12.29여객기참사진상규명과피해자및유가족의피해구제를위한특별위원회(피해자와유가족지원및추모사업지원소위원회) (2025.04.01.),정경훈,0,education,0.35,1,50
pres_2025,22,official_minutes,https://record.assembly.go.kr/assembly/viewer/minutes/xml.do?id=54455&type=view,official_minutes_54455:107:2,2025-04-01,2025-03-31,12.29여객기참사진상규명과피해자및유가족의피해구제를위한특별위원회,제22대국회 제423회 (임시회) 제2차 12.29여객기참사진상규명과피해자및유가족의피해구제를위한특별위원회(피해자와유가족지원및추모사업지원소위원회) (2025.04.01.),임종수,0,education,0.35,1,106
pres_2025,22,official_minutes,https://record.assembly.go.kr/assembly/viewer/minutes/xml.do?id=54455&type=view,official_minutes_54455:107:2,2025-04-01,2025-03-31,12.29여객기참사진상규명과피해자및유가족의피해구제를위한특별위원회,제22대국회 제423회 (임시회) 제2차 12.29여객기참사진상규명과피해자및유가족의피해구제를위한특별위원회(피해자와유가족지원및추모사업지원소위원회) (2025.04.01.),임종수,0,jobs_labor,0.35,1,106
pres_2025,22,official_minutes,https://record.assembly.go.kr/assembly/viewer/minutes/xml.do?id=54455&type=view,official_minutes_54455:123:1,2025-04-01,2025-03-31,12.29여객기참사진상규명과피해자및유가족의피해구제를위한특별위원회,제22대국회 제423회 (임시회) 제2차 12.29여객기참사진상규명과피해자및유가족의피해구제를위한특별위원회(피해자와유가족지원및추모사업지원소위원회) (2025.04.01.),최용호,0,external_shock,0.35,1,28
pres_2025,22,official_minutes,https://record.assembly.go.kr/assembly/viewer/minutes/xml.do?id=54455&type=view,official_minutes_54455:124:3,2025-04-01,2025-03-31,12.29여객기참사진상규명과피해자및유가족의피해구제를위한특별위원회,제22대국회 제423회 (임시회) 제2차 12.29여객기참사진상규명과피해자및유가족의피해구제를위한특별위원회(피해자와유가족지원및추모사업지원소위원회) (2025.04.01.),이수진,6664,jobs_labor,0.35,1,105
pres_2025,22,official_minutes,https://record.assembly.go.kr/assembly/viewer/minutes/xml.do?id=54455&type=view,official_minutes_54455:124:3,2025-04-01,2025-03-31,12.29여객기참사진상규명과피해자및유가족의피해구제를위한특별위원회,제22대국회 제423회 (임시회) 제2차 12.29여객기참사진상규명과피해자및유가족의피해구제를위한특별위원회(피해자와유가족지원및추모사업지원소위원회) (2025.04.01.),이수진,6664,endorsement_event,0.35,1,105
pres_2025,22,official_minutes,https://record.assembly.go.kr/assembly/viewer/minutes/xml.do?id=54455&type=view,official_minutes_54455:124:3,2025-04-01,2025-03-31,12.29여객기참사진상규명과피해자및유가족의피해구제를위한특별위원회,제22대국회 제423회 (임시회) 제2차 12.29여객기참사진상규명과피해자및유가족의피해구제를위한특별위원회(피해자와유가족지원및추모사업지원소위원회) (2025.04.01.),이수진,6664,economy_growth,0.35,1,105
pres_2025,22,official_minutes,https://record.assembly.go.kr/assembly/viewer/minutes/xml.do?id=54455&type=view,official_minutes_54455:124:4,2025-04-01,2025-03-31,12.29여객기참사진상규명과피해자및유가족의피해구제를위한특별위원회,제22대국회 제423회 (임시회) 제2차 12.29여객기참사진상규명과피해자및유가족의피해구제를위한특별위원회(피해자와유가족지원및추모사업지원소위원회) (2025.04.01.),이수진,6664,economy_growth,0.35,1,58
pres_2025,22,official_minutes,https://record.assembly.go.kr/assembly/viewer/minutes/xml.do?id=54455&type=view,official_minutes_54455:124:8,2025-04-01,2025-03-31,12.29여객기참사진상규명과피해자및유가족의피해구제를위한특별위원회,제22대국회 제423회 (임시회) 제2차 12.29여객기참사진상규명과피해자및유가족의피해구제를위한특별위원회(피해자와유가족지원및추모사업지원소위원회) (2025.04.01.),이수진,6664,economy_growth,0.35,1,87
pres_2025,22,official_minutes,https://record.assembly.go.kr/assembly/viewer/minutes/xml.do?id=54455&type=view,official_minutes_54455:124:9,2025-04-01,2025-03-31,12.29여객기참사진상규명과피해자및유가족의피해구제를위한특별위원회,제22대국회 제423회 (임시회) 제2차 12.29여객기참사진상규명과피해자및유가족의피해구제를위한특별위원회(피해자와유가족지원및추모사업지원소위원회) (2025.04.01.),이수진,6664,welfare_pension,0.35,1,129
pres_2025,22,official_minutes,https://record.assembly.go.kr/assembly/viewer/minutes/xml.do?id=54455&type=view,official_minutes_54455:127:1,2025-04-01,2025-03-31,12.29여객기참사진상규명과피해자및유가족의피해구제를위한특별위원회,제22대국회 제423회 (임시회) 제2차 12.29여객기참사진상규명과피해자및유가족의피해구제를위한특별위원회(피해자와유가족지원및추모사업지원소위원회) (2025.04.01.),이해숙,0,education,1.0,1,68
pres_2025,22,official_minutes,https://record.assembly.go.kr/assembly/viewer/minutes/xml.do?id=54455&type=view,official_minutes_54455:129:1,2025-04-01,2025-03-31,12.29여객기참사진상규명과피해자및유가족의피해구제를위한특별위원회,제22대국회 제423회 (임시회) 제2차 12.29여객기참사진상규명과피해자및유가족의피해구제를위한특별위원회(피해자와유가족지원및추모사업지원소위원회) (2025.04.01.),최창익,0,education,1.0,1,15
pres_2025,22,official_minutes,https://record.assembly.go.kr/assembly/viewer/minutes/xml.do?id=54455&type=view,official_minutes_54455:138:7,2025-04-01,2025-03-31,12.29여객기참사진상규명과피해자및유가족의피해구제를위한특별위원회,제22대국회 제423회 (임시회) 제2차 12.29여객기참사진상규명과피해자및유가족의피해구제를위한특별위원회(피해자와유가족지원및추모사업지원소위원회) (2025.04.01.),전진숙,6752,family_legal_risk,0.35,1,176
pres_2025,22,official_minutes,https://record.assembly.go.kr/assembly/viewer/minutes/xml.do?id=54455&type=view,official_minutes_54455:138:8,2025-04-01,2025-03-31,12.29여객기참사진상규명과피해자및유가족의피해구제를위한특별위원회,제22대국회 제423회 (임시회) 제2차 12.29여객기참사진상규명과피해자및유가족의피해구제를위한특별위원회(피해자와유가족지원및추모사업지원소위원회) (2025.04.01.),전진숙,6752,family_legal_risk,0.35,1,87
pres_2025,22,official_minutes,https://record.assembly.go.kr/assembly/viewer/minutes/xml.do?id=54455&type=view,official_minutes_54455:143:1,2025-04-01,2025-03-31,12.29여객기참사진상규명과피해자및유가족의피해구제를위한특별위원회,제22대국회 제423회 (임시회) 제2차 12.29여객기참사진상규명과피해자및유가족의피해구제를위한특별위원회(피해자와유가족지원및추모사업지원소위원회) (2025.04.01.),최창익,0,external_shock,1.0,1,68
pres_2025,22,official_minutes,https://record.assembly.go.kr/assembly/viewer/minutes/xml.do?id=54455&type=view,official_minutes_54455:144:2,2025-04-01,2025-03-31,12.29여객기참사진상규명과피해자및유가족의피해구제를위한특별위원회,제22대국회 제423회 (임시회) 제2차 12.29여객기참사진상규명과피해자및유가족의피해구제를위한특별위원회(피해자와유가족지원및추모사업지원소위원회) (2025.04.01.),백선희,6864,external_shock,0.35,1,109
pres_2025,22,official_minutes,https://record.assembly.go.kr/assembly/viewer/minutes/xml.do?id=54455&type=view,official_minutes_54455:146:1,2025-04-01,2025-03-31,12.29여객기참사진상규명과피해자및유가족의피해구제를위한특별위원회,제22대국회 제423회 (임시회) 제2차 12.29여객기참사진상규명과피해자및유가족의피해구제를위한특별위원회(피해자와유가족지원및추모사업지원소위원회) (2025.04.01.),이달희,6767,regional_dev,0.35,1,83
pres_2025,22,official_minutes,https://record.assembly.go.kr/assembly/viewer/minutes/xml.do?id=54455&type=view,official_minutes_54455:146:2,2025-04-01,2025-03-31,12.29여객기참사진상규명과피해자및유가족의피해구제를위한특별위원회,제22대국회 제423회 (임시회) 제2차 12.29여객기참사진상규명과피해자및유가족의피해구제를위한특별위원회(피해자와유가족지원및추모사업지원소위원회) (2025.04.01.),이달희,6767,family_legal_risk,0.35,1,36
pres_2025,22,official_minutes,https://record.assembly.go.kr/assembly/viewer/minutes/xml.do?id=54455&type=view,official_minutes_54455:146:2,2025-04-01,2025-03-31,12.29여객기참사진상규명과피해자및유가족의피해구제를위한특별위원회,제22대국회 제423회 (임시회) 제2차 12.29여객기참사진상규명과피해자및유가족의피해구제를위한특별위원회(피해자와유가족지원및추모사업지원소위원회) (2025.04.01.),이달희,6767,education,0.35,1,36
pres_2025,22,official_minutes,https://record.assembly.go.kr/assembly/viewer/minutes/xml.do?id=54455&type=view,official_minutes_54455:146:3,2025-04-01,2025-03-31,12.29여객기참사진상규명과피해자및유가족의피해구제를위한특별위원회,제22대국회 제423회 (임시회) 제2차 12.29여객기참사진상규명과피해자및유가족의피해구제를위한특별위원회(피해자와유가족지원및추모사업지원소위원회) (2025.04.01.),이달희,6767,foreign_policy,0.35,1,29
pres_2025,22,official_minutes,https://record.assembly.go.kr/assembly/viewer/minutes/xml.do?id=54455&type=view,official_minutes_54455:146:4,2025-04-01,2025-03-31,12.29여객기참사진상규명과피해자및유가족의피해구제를위한특별위원회,제22대국회 제423회 (임시회) 제2차 12.29여객기참사진상규명과피해자및유가족의피해구제를위한특별위원회(피해자와유가족지원및추모사업지원소위원회) (2025.04.01.),이달희,6767,education,0.35,1,85
pres_2025,22,official_minutes,https://record.assembly.go.kr/assembly/viewer/minutes/xml.do?id=54455&type=view,official_minutes_54455:146:5,2025-04-01,2025-03-31,12.29여객기참사진상규명과피해자및유가족의피해구제를위한특별위원회,제22대국회 제423회 (임시회) 제2차 12.29여객기참사진상규명과피해자및유가족의피해구제를위한특별위원회(피해자와유가족지원및추모사업지원소위원회) (2025.04.01.),이달희,6767,education,0.35,1,86
pres_2025,22,official_minutes,https://record.assembly.go.kr/assembly/viewer/minutes/xml.do?id=54455&type=view,official_minutes_54455:146:8,2025-04-01,2025-03-31,12.29여객기참사진상규명과피해자및유가족의피해구제를위한특별위원회,제22대국회 제423회 (임시회) 제2차 12.29여객기참사진상규명과피해자및유가족의피해구제를위한특별위원회(피해자와유가족지원및추모사업지원소위원회) (2025.04.01.),이달희,6767,education,0.35,1,113
pres_2025,22,official_minutes,https://record.assembly.go.kr/assembly/viewer/minutes/xml.do?id=54455&type=view,official_minutes_54455:146:9,2025-04-01,2025-03-31,12.29여객기참사진상규명과피해자및유가족의피해구제를위한특별위원회,제22대국회 제423회 (임시회) 제2차 12.29여객기참사진상규명과피해자및유가족의피해구제를위한특별위원회(피해자와유가족지원및추모사업지원소위원회) (2025.04.01.),이달희,6767,education,0.35,1,43
pres_2025,22,official_minutes,https://record.assembly.go.kr/assembly/viewer/minutes/xml.do?id=54455&type=view,official_minutes_54455:146:10,2025-04-01,2025-03-31,12.29여객기참사진상규명과피해자및유가족의피해구제를위한특별위원회,제22대국회 제423회 (임시회) 제2차 12.29여객기참사진상규명과피해자및유가족의피해구제를위한특별위원회(피해자와유가족지원및추모사업지원소위원회) (2025.04.01.),이달희,6767,education,0.35,1,127
pres_2025,22,official_minutes,https://record.assembly.go.kr/assembly/viewer/minutes/xml.do?id=54455&type=view,official_minutes_54455:146:11,2025-04-01,2025-03-31,12.29여객기참사진상규명과피해자및유가족의피해구제를위한특별위원회,제22대국회 제423회 (임시회) 제2차 12.29여객기참사진상규명과피해자및유가족의피해구제를위한특별위원회(피해자와유가족지원및추모사업지원소위원회) (2025.04.01.),이달희,6767,education,0.35,1,205
pres_2025,22,official_minutes,https://record.assembly.go.kr/assembly/viewer/minutes/xml.do?id=54455&type=view,official_minutes_54455:148:1,2025-04-01,2025-03-31,12.29여객기참사진상규명과피해자및유가족의피해구제를위한특별위원회,제22대국회 제423회 (임시회) 제2차 12.29여객기참사진상규명과피해자및유가족의피해구제를위한특별위원회(피해자와유가족지원및추모사업지원소위원회) (2025.04.01.),이수진,6664,education,0.35,1,15
pres_2025,22,official_minutes,https://record.assembly.go.kr/assembly/viewer/minutes/xml.do?id=54455&type=view,official_minutes_54455:148:2,2025-04-01,2025-03-31,12.29여객기참사진상규명과피해자및유가족의피해구제를위한특별위원회,제22대국회 제423회 (임시회) 제2차 12.29여객기참사진상규명과피해자및유가족의피해구제를위한특별위원회(피해자와유가족지원및추모사업지원소위원회) (2025.04.01.),이수진,6664,economy_growth,0.35,1,49
pres_2025,22,official_minutes,https://record.assembly.go.kr/assembly/viewer/minutes/xml.do?id=54455&type=view,official_minutes_54455:148:2,2025-04-01,2025-03-31,12.29여객기참사진상규명과피해자및유가족의피해구제를위한특별위원회,제22대국회 제423회 (임시회) 제2차 12.29여객기참사진상규명과피해자및유가족의피해구제를위한특별위원회(피해자와유가족지원및추모사업지원소위원회) (2025.04.01.),이수진,6664,welfare_pension,0.35,1,49
pres_2025,22,official_minutes,https://record.assembly.go.kr/assembly/viewer/minutes/xml.do?id=54455&type=view,official_minutes_54455:148:2,2025-04-01,2025-03-31,12.29여객기참사진상규명과피해자및유가족의피해구제를위한특별위원회,제22대국회 제423회 (임시회) 제2차 12.29여객기참사진상규명과피해자및유가족의피해구제를위한특별위원회(피해자와유가족지원및추모사업지원소위원회) (2025.04.01.),이수진,6664,education,0.35,1,49
pres_2025,22,official_minutes,https://record.assembly.go.kr/assembly/viewer/minutes/xml.do?id=54455&type=view,official_minutes_54455:164:3,2025-04-01,2025-03-31,12.29여객기참사진상규명과피해자및유가족의피해구제를위한특별위원회,제22대국회 제423회 (임시회) 제2차 12.29여객기참사진상규명과피해자및유가족의피해구제를위한특별위원회(피해자와유가족지원및추모사업지원소위원회) (2025.04.01.),임종수,0,jobs_labor,0.35,1,84
pres_2025,22,official_minutes,https://record.assembly.go.kr/assembly/viewer/minutes/xml.do?id=54455&type=view,official_minutes_54455:164:5,2025-04-01,2025-03-31,12.29여객기참사진상규명과피해자및유가족의피해구제를위한특별위원회,제22대국회 제423회 (임시회) 제2차 12.29여객기참사진상규명과피해자및유가족의피해구제를위한특별위원회(피해자와유가족지원및추모사업지원소위원회) (2025.04.01.),임종수,0,education,0.35,1,70
pres_2025,22,official_minutes,https://record.assembly.go.kr/assembly/viewer/minutes/xml.do?id=54455&type=view,official_minutes_54455:164:10,2025-04-01,2025-03-31,12.29여객기참사진상규명과피해자및유가족의피해구제를위한특별위원회,제22대국회 제423회 (임시회) 제2차 12.29여객기참사진상규명과피해자및유가족의피해구제를위한특별위원회(피해자와유가족지원및추모사업지원소위원회) (2025.04.01.),임종수,0,welfare_pension,0.35,1,166
pres_2025,22,official_minutes,https://record.assembly.go.kr/assembly/viewer/minutes/xml.do?id=54455&type=view,official_minutes_54455:164:10,2025-04-01,2025-03-31,12.29여객기참사진상규명과피해자및유가족의피해구제를위한특별위원회,제22대국회 제423회 (임시회) 제2차 12.29여객기참사진상규명과피해자및유가족의피해구제를위한특별위원회(피해자와유가족지원및추모사업지원소위원회) (2025.04.01.),임종수,0,external_shock,0.35,1,166
pres_2025,22,official_minutes,https://record.assembly.go.kr/assembly/viewer/minutes/xml.do?id=54455&type=view,official_minutes_54455:164:11,2025-04-01,2025-03-31,12.29여객기참사진상규명과피해자및유가족의피해구제를위한특별위원회,제22대국회 제423회 (임시회) 제2차 12.29여객기참사진상규명과피해자및유가족의피해구제를위한특별위원회(피해자와유가족지원및추모사업지원소위원회) (2025.04.01.),임종수,0,external_shock,0.35,1,101
pres_2025,22,official_minutes,https://record.assembly.go.kr/assembly/viewer/minutes/xml.do?id=54455&type=view,official_minutes_54455:164:13,2025-04-01,2025-03-31,12.29여객기참사진상규명과피해자및유가족의피해구제를위한특별위원회,제22대국회 제423회 (임시회) 제2차 12.29여객기참사진상규명과피해자및유가족의피해구제를위한특별위원회(피해자와유가족지원및추모사업지원소위원회) (2025.04.01.),임종수,0,family_legal_risk,0.35,1,242
pres_2025,22,official_minutes,https://record.assembly.go.kr/assembly/viewer/minutes/xml.do?id=54455&type=view,official_minutes_54455:164:14,2025-04-01,2025-03-31,12.29여객기참사진상규명과피해자및유가족의피해구제를위한특별위원회,제22대국회 제423회 (임시회) 제2차 12.29여객기참사진상규명과피해자및유가족의피해구제를위한특별위원회(피해자와유가족지원및추모사업지원소위원회) (2025.04.01.),임종수,0,family_legal_risk,0.35,1,152
pres_2025,22,official_minutes,https://record.assembly.go.kr/assembly/viewer/minutes/xml.do?id=54455&type=view,official_minutes_54455:164:15,2025-04-01,2025-03-31,12.29여객기참사진상규명과피해자및유가족의피해구제를위한특별위원회,제22대국회 제423회 (임시회) 제2차 12.29여객기참사진상규명과피해자및유가족의피해구제를위한특별위원회(피해자와유가족지원및추모사업지원소위원회) (2025.04.01.),임종수,0,family_legal_risk,0.35,1,62
pres_2025,22,official_minutes,https://record.assembly.go.kr/assembly/viewer/minutes/xml.do?id=54455&type=view,official_minutes_54455:167:2,2025-04-01,2025-03-31,12.29여객기참사진상규명과피해자및유가족의피해구제를위한특별위원회,제22대국회 제423회 (임시회) 제2차 12.29여객기참사진상규명과피해자및유가족의피해구제를위한특별위원회(피해자와유가족지원및추모사업지원소위원회) (2025.04.01.),최용호,0,family_legal_risk,0.35,1,25
pres_2025,22,official_minutes,https://record.assembly.go.kr/assembly/viewer/minutes/xml.do?id=54455&type=view,official_minutes_54455:167:3,2025-04-01,2025-03-31,12.29여객기참사진상규명과피해자및유가족의피해구제를위한특별위원회,제22대국회 제423회 (임시회) 제2차 12.29여객기참사진상규명과피해자및유가족의피해구제를위한특별위원회(피해자와유가족지원및추모사업지원소위원회) (2025.04.01.),최용호,0,family_legal_risk,0.35,1,81
pres_2025,22,official_minutes,https://record.assembly.go.kr/assembly/viewer/minutes/xml.do?id=54455&type=view,official_minutes_54455:167:4,2025-04-01,2025-03-31,12.29여객기참사진상규명과피해자및유가족의피해구제를위한특별위원회,제22대국회 제423회 (임시회) 제2차 12.29여객기참사진상규명과피해자및유가족의피해구제를위한특별위원회(피해자와유가족지원및추모사업지원소위원회) (2025.04.01.),최용호,0,family_legal_risk,0.35,1,211
pres_2025,22,official_minutes,https://record.assembly.go.kr/assembly/viewer/minutes/xml.do?id=54455&type=view,official_minutes_54455:168:3,2025-04-01,2025-03-31,12.29여객기참사진상규명과피해자및유가족의피해구제를위한특별위원회,제22대국회 제423회 (임시회) 제2차 12.29여객기참사진상규명과피해자및유가족의피해구제를위한특별위원회(피해자와유가족지원및추모사업지원소위원회) (2025.04.01.),이기일,0,family_legal_risk,0.35,1,93
pres_2025,22,official_minutes,https://record.assembly.go.kr/assembly/viewer/minutes/xml.do?id=54455&type=view,official_minutes_54455:168:5,2025-04-01,2025-03-31,12.29여객기참사진상규명과피해자및유가족의피해구제를위한특별위원회,제22대국회 제423회 (임시회) 제2차 12.29여객기참사진상규명과피해자및유가족의피해구제를위한특별위원회(피해자와유가족지원및추모사업지원소위원회) (2025.04.01.),이기일,0,family_legal_risk,0.35,1,74
pres_2025,22,official_minutes,https://record.assembly.go.kr/assembly/viewer/minutes/xml.do?id=54455&type=view,official_minutes_54455:184:2,2025-04-01,2025-03-31,12.29여객기참사진상규명과피해자및유가족의피해구제를위한특별위원회,제22대국회 제423회 (임시회) 제2차 12.29여객기참사진상규명과피해자및유가족의피해구제를위한특별위원회(피해자와유가족지원및추모사업지원소위원회) (2025.04.01.),전진숙,6752,family_legal_risk,0.35,1,70
pres_2025,22,official_minutes,https://record.assembly.go.kr/assembly/viewer/minutes/xml.do?id=54455&type=view,official_minutes_54455:184:3,2025-04-01,2025-03-31,12.29여객기참사진상규명과피해자및유가족의피해구제를위한특별위원회,제22대국회 제423회 (임시회) 제2차 12.29여객기참사진상규명과피해자및유가족의피해구제를위한특별위원회(피해자와유가족지원및추모사업지원소위원회) (2025.04.01.),전진숙,6752,family_legal_risk,0.35,1,209
pres_2025,22,official_minutes,https://record.assembly.go.kr/assembly/viewer/minutes/xml.do?id=54455&type=view,official_minutes_54455:184:6,2025-04-01,2025-03-31,12.29여객기참사진상규명과피해자및유가족의피해구제를위한특별위원회,제22대국회 제423회 (임시회) 제2차 12.29여객기참사진상규명과피해자및유가족의피해구제를위한특별위원회(피해자와유가족지원및추모사업지원소위원회) (2025.04.01.),전진숙,6752,welfare_pension,0.35,1,90
pres_2025,22,official_minutes,https://record.assembly.go.kr/assembly/viewer/minutes/xml.do?id=54455&type=view,official_minutes_54455:188:1,2025-04-01,2025-03-31,12.29여객기참사진상규명과피해자및유가족의피해구제를위한특별위원회,제22대국회 제423회 (임시회) 제2차 12.29여객기참사진상규명과피해자및유가족의피해구제를위한특별위원회(피해자와유가족지원및추모사업지원소위원회) (2025.04.01.),전진숙,6752,welfare_pension,0.35,1,142
pres_2025,22,official_minutes,https://record.assembly.go.kr/assembly/viewer/minutes/xml.do?id=54455&type=view,official_minutes_54455:188:1,2025-04-01,2025-03-31,12.29여객기참사진상규명과피해자및유가족의피해구제를위한특별위원회,제22대국회 제423회 (임시회) 제2차 12.29여객기참사진상규명과피해자및유가족의피해구제를위한특별위원회(피해자와유가족지원및추모사업지원소위원회) (2025.04.01.),전진숙,6752,family_legal_risk,0.35,1,142
pres_2025,22,official_minutes,https://record.assembly.go.kr/assembly/viewer/minutes/xml.do?id=54455&type=view,official_minutes_54455:188:1,2025-04-01,2025-03-31,12.29여객기참사진상규명과피해자및유가족의피해구제를위한특별위원회,제22대국회 제423회 (임시회) 제2차 12.29여객기참사진상규명과피해자및유가족의피해구제를위한특별위원회(피해자와유가족지원및추모사업지원소위원회) (2025.04.01.),전진숙,6752,external_shock,0.35,1,142
pres_2025,22,official_minutes,https://record.assembly.go.kr/assembly/viewer/minutes/xml.do?id=54455&type=view,official_minutes_54455:188:4,2025-04-01,2025-03-31,12.29여객기참사진상규명과피해자및유가족의피해구제를위한특별위원회,제22대국회 제423회 (임시회) 제2차 12.29여객기참사진상규명과피해자및유가족의피해구제를위한특별위원회(피해자와유가족지원및추모사업지원소위원회) (2025.04.01.),전진숙,6752,family_legal_risk,0.35,1,149
pres_2025,22,official_minutes,https://record.assembly.go.kr/assembly/viewer/minutes/xml.do?id=54455&type=view,official_minutes_54455:188:4,2025-04-01,2025-03-31,12.29여객기참사진상규명과피해자및유가족의피해구제를위한특별위원회,제22대국회 제423회 (임시회) 제2차 12.29여객기참사진상규명과피해자및유가족의피해구제를위한특별위원회(피해자와유가족지원및추모사업지원소위원회) (2025.04.01.),전진숙,6752,welfare_pension,0.35,1,149
pres_2025,22,official_minutes,https://record.assembly.go.kr/assembly/viewer/minutes/xml.do?id=54455&type=view,official_minutes_54455:190:1,2025-04-01,2025-03-31,12.29여객기참사진상규명과피해자및유가족의피해구제를위한특별위원회,제22대국회 제423회 (임시회) 제2차 12.29여객기참사진상규명과피해자및유가족의피해구제를위한특별위원회(피해자와유가족지원및추모사업지원소위원회) (2025.04.01.),전진숙,6752,family_legal_risk,0.35,1,52
pres_2025,22,official_minutes,https://record.assembly.go.kr/assembly/viewer/minutes/xml.do?id=54455&type=view,official_minutes_54455:190:2,2025-04-01,2025-03-31,12.29여객기참사진상규명과피해자및유가족의피해구제를위한특별위원회,제22대국회 제423회 (임시회) 제2차 12.29여객기참사진상규명과피해자및유가족의피해구제를위한특별위원회(피해자와유가족지원및추모사업지원소위원회) (2025.04.01.),전진숙,6752,family_legal_risk,0.35,1,106
pres_2025,22,official_minutes,https://record.assembly.go.kr/assembly/viewer/minutes/xml.do?id=54455&type=view,official_minutes_54455:191:3,2025-04-01,2025-03-31,12.29여객기참사진상규명과피해자및유가족의피해구제를위한특별위원회,제22대국회 제423회 (임시회) 제2차 12.29여객기참사진상규명과피해자및유가족의피해구제를위한특별위원회(피해자와유가족지원및추모사업지원소위원회) (2025.04.01.),이기일,0,education,0.35,1,52
pres_2025,22,official_minutes,https://record.assembly.go.kr/assembly/viewer/minutes/xml.do?id=54455&type=view,official_minutes_54455:196:3,2025-04-01,2025-03-31,12.29여객기참사진상규명과피해자및유가족의피해구제를위한특별위원회,제22대국회 제423회 (임시회) 제2차 12.29여객기참사진상규명과피해자및유가족의피해구제를위한특별위원회(피해자와유가족지원및추모사업지원소위원회) (2025.04.01.),전진숙,6752,family_legal_risk,0.35,1,196
pres_2025,22,official_minutes,https://record.assembly.go.kr/assembly/viewer/minutes/xml.do?id=54455&type=view,official_minutes_54455:197:2,2025-04-01,2025-03-31,12.29여객기참사진상규명과피해자및유가족의피해구제를위한특별위원회,제22대국회 제423회 (임시회) 제2차 12.29여객기참사진상규명과피해자및유가족의피해구제를위한특별위원회(피해자와유가족지원및추모사업지원소위원회) (2025.04.01.),이기일,0,family_legal_risk,0.35,1,79
pres_2025,22,official_minutes,https://record.assembly.go.kr/assembly/viewer/minutes/xml.do?id=54455&type=view,official_minutes_54455:198:1,2025-04-01,2025-03-31,12.29여객기참사진상규명과피해자및유가족의피해구제를위한특별위원회,제22대국회 제423회 (임시회) 제2차 12.29여객기참사진상규명과피해자및유가족의피해구제를위한특별위원회(피해자와유가족지원및추모사업지원소위원회) (2025.04.01.),백선희,6864,welfare_pension,0.35,1,52
pres_2025,22,official_minutes,https://record.assembly.go.kr/assembly/viewer/minutes/xml.do?id=54455&type=view,official_minutes_54455:198:1,2025-04-01,2025-03-31,12.29여객기참사진상규명과피해자및유가족의피해구제를위한특별위원회,제22대국회 제423회 (임시회) 제2차 12.29여객기참사진상규명과피해자및유가족의피해구제를위한특별위원회(피해자와유가족지원및추모사업지원소위원회) (2025.04.01.),백선희,6864,foreign_policy,0.35,1,52
pres_2025,22,official_minutes,https://record.assembly.go.kr/assembly/viewer/minutes/xml.do?id=54455&type=view,official_minutes_54455:198:6,2025-04-01,2025-03-31,12.29여객기참사진상규명과피해자및유가족의피해구제를위한특별위원회,제22대국회 제423회 (임시회) 제2차 12.29여객기참사진상규명과피해자및유가족의피해구제를위한특별위원회(피해자와유가족지원및추모사업지원소위원회) (2025.04.01.),백선희,6864,family_legal_risk,0.35,1,34
pres_2025,22,official_minutes,https://record.assembly.go.kr/assembly/viewer/minutes/xml.do?id=54455&type=view,official_minutes_54455:198:11,2025-04-01,2025-03-31,12.29여객기참사진상규명과피해자및유가족의피해구제를위한특별위원회,제22대국회 제423회 (임시회) 제2차 12.29여객기참사진상규명과피해자및유가족의피해구제를위한특별위원회(피해자와유가족지원및추모사업지원소위원회) (2025.04.01.),백선희,6864,family_legal_risk,0.35,1,91
pres_2025,22,official_minutes,https://record.assembly.go.kr/assembly/viewer/minutes/xml.do?id=54455&type=view,official_minutes_54455:199:2,2025-04-01,2025-03-31,12.29여객기참사진상규명과피해자및유가족의피해구제를위한특별위원회,제22대국회 제423회 (임시회) 제2차 12.29여객기참사진상규명과피해자및유가족의피해구제를위한특별위원회(피해자와유가족지원및추모사업지원소위원회) (2025.04.01.),이기일,0,family_legal_risk,0.35,1,19
pres_2025,22,official_minutes,https://record.assembly.go.kr/assembly/viewer/minutes/xml.do?id=54455&type=view,official_minutes_54455:199:3,2025-04-01,2025-03-31,12.29여객기참사진상규명과피해자및유가족의피해구제를위한특별위원회,제22대국회 제423회 (임시회) 제2차 12.29여객기참사진상규명과피해자및유가족의피해구제를위한특별위원회(피해자와유가족지원및추모사업지원소위원회) (2025.04.01.),이기일,0,welfare_pension,0.35,1,36
pres_2025,22,official_minutes,https://record.assembly.go.kr/assembly/viewer/minutes/xml.do?id=54455&type=view,official_minutes_54455:201:1,2025-04-01,2025-03-31,12.29여객기참사진상규명과피해자및유가족의피해구제를위한특별위원회,제22대국회 제423회 (임시회) 제2차 12.29여객기참사진상규명과피해자및유가족의피해구제를위한특별위원회(피해자와유가족지원및추모사업지원소위원회) (2025.04.01.),최용호,0,family_legal_risk,0.35,1,106
pres_2025,22,official_minutes,https://record.assembly.go.kr/assembly/viewer/minutes/xml.do?id=54455&type=view,official_minutes_54455:201:2,2025-04-01,2025-03-31,12.29여객기참사진상규명과피해자및유가족의피해구제를위한특별위원회,제22대국회 제423회 (임시회) 제2차 12.29여객기참사진상규명과피해자및유가족의피해구제를위한특별위원회(피해자와유가족지원및추모사업지원소위원회) (2025.04.01.),최용호,0,family_legal_risk,0.35,1,95
pres_2025,22,official_minutes,https://record.assembly.go.kr/assembly/viewer/minutes/xml.do?id=54455&type=view,official_minutes_54455:202:1,2025-04-01,2025-03-31,12.29여객기참사진상규명과피해자및유가족의피해구제를위한특별위원회,제22대국회 제423회 (임시회) 제2차 12.29여객기참사진상규명과피해자및유가족의피해구제를위한특별위원회(피해자와유가족지원및추모사업지원소위원회) (2025.04.01.),이수진,6664,family_legal_risk,0.35,1,27
pres_2025,22,official_minutes,https://record.assembly.go.kr/assembly/viewer/minutes/xml.do?id=54455&type=view,official_minutes_54455:203:1,2025-04-01,2025-03-31,12.29여객기참사진상규명과피해자및유가족의피해구제를위한특별위원회,제22대국회 제423회 (임시회) 제2차 12.29여객기참사진상규명과피해자및유가족의피해구제를위한특별위원회(피해자와유가족지원및추모사업지원소위원회) (2025.04.01.),최용호,0,family_legal_risk,0.35,1,61
pres_2025,22,official_minutes,https://record.assembly.go.kr/assembly/viewer/minutes/xml.do?id=54455&type=view,official_minutes_54455:207:1,2025-04-01,2025-03-31,12.29여객기참사진상규명과피해자및유가족의피해구제를위한특별위원회,제22대국회 제423회 (임시회) 제2차 12.29여객기참사진상규명과피해자및유가족의피해구제를위한특별위원회(피해자와유가족지원및추모사업지원소위원회) (2025.04.01.),최용호,0,family_legal_risk,0.35,1,46
pres_2025,22,official_minutes,https://record.assembly.go.kr/assembly/viewer/minutes/xml.do?id=54455&type=view,official_minutes_54455:208:1,2025-04-01,2025-03-31,12.29여객기참사진상규명과피해자및유가족의피해구제를위한특별위원회,제22대국회 제423회 (임시회) 제2차 12.29여객기참사진상규명과피해자및유가족의피해구제를위한특별위원회(피해자와유가족지원및추모사업지원소위원회) (2025.04.01.),이수진,6664,economy_growth,0.35,1,88
pres_2025,22,official_minutes,https://record.assembly.go.kr/assembly/viewer/minutes/xml.do?id=54455&type=view,official_minutes_54455:208:1,2025-04-01,2025-03-31,12.29여객기참사진상규명과피해자및유가족의피해구제를위한특별위원회,제22대국회 제423회 (임시회) 제2차 12.29여객기참사진상규명과피해자및유가족의피해구제를위한특별위원회(피해자와유가족지원및추모사업지원소위원회) (2025.04.01.),이수진,6664,inflation_livelihood,0.35,1,88
pres_2025,22,official_minutes,https://record.assembly.go.kr/assembly/viewer/minutes/xml.do?id=54455&type=view,official_minutes_54455:208:5,2025-04-01,2025-03-31,12.29여객기참사진상규명과피해자및유가족의피해구제를위한특별위원회,제22대국회 제423회 (임시회) 제2차 12.29여객기참사진상규명과피해자및유가족의피해구제를위한특별위원회(피해자와유가족지원및추모사업지원소위원회) (2025.04.01.),이수진,6664,family_legal_risk,0.35,1,68
pres_2025,22,official_minutes,https://record.assembly.go.kr/assembly/viewer/minutes/xml.do?id=54455&type=view,official_minutes_54455:211:3,2025-04-01,2025-03-31,12.29여객기참사진상규명과피해자및유가족의피해구제를위한특별위원회,제22대국회 제423회 (임시회) 제2차 12.29여객기참사진상규명과피해자및유가족의피해구제를위한특별위원회(피해자와유가족지원및추모사업지원소위원회) (2025.04.01.),임종수,0,family_legal_risk,0.35,1,73
pres_2025,22,official_minutes,https://record.assembly.go.kr/assembly/viewer/minutes/xml.do?id=54455&type=view,official_minutes_54455:213:7,2025-04-01,2025-03-31,12.29여객기참사진상규명과피해자및유가족의피해구제를위한특별위원회,제22대국회 제423회 (임시회) 제2차 12.29여객기참사진상규명과피해자및유가족의피해구제를위한특별위원회(피해자와유가족지원및추모사업지원소위원회) (2025.04.01.),백원국,0,welfare_pension,0.35,1,56
pres_2025,22,official_minutes,https://record.assembly.go.kr/assembly/viewer/minutes/xml.do?id=54455&type=view,official_minutes_54455:213:7,2025-04-01,2025-03-31,12.29여객기참사진상규명과피해자및유가족의피해구제를위한특별위원회,제22대국회 제423회 (임시회) 제2차 12.29여객기참사진상규명과피해자및유가족의피해구제를위한특별위원회(피해자와유가족지원및추모사업지원소위원회) (2025.04.01.),백원국,0,education,0.35,1,56
pres_2025,22,official_minutes,https://record.assembly.go.kr/assembly/viewer/minutes/xml.do?id=54455&type=view,official_minutes_54455:213:9,2025-04-01,2025-03-31,12.29여객기참사진상규명과피해자및유가족의피해구제를위한특별위원회,제22대국회 제423회 (임시회) 제2차 12.29여객기참사진상규명과피해자및유가족의피해구제를위한특별위원회(피해자와유가족지원및추모사업지원소위원회) (2025.04.01.),백원국,0,welfare_pension,0.35,1,91
pres_2025,22,official_minutes,https://record.assembly.go.kr/assembly/viewer/minutes/xml.do?id=54455&type=view,official_minutes_54455:217:3,2025-04-01,2025-03-31,12.29여객기참사진상규명과피해자및유가족의피해구제를위한특별위원회,제22대국회 제423회 (임시회) 제2차 12.29여객기참사진상규명과피해자및유가족의피해구제를위한특별위원회(피해자와유가족지원및추모사업지원소위원회) (2025.04.01.),정경훈,0,jobs_labor,0.35,1,115
pres_2025,22,official_minutes,https://record.assembly.go.kr/assembly/viewer/minutes/xml.do?id=54455&type=view,official_minutes_54455:221:1,2025-04-01,2025-03-31,12.29여객기참사진상규명과피해자및유가족의피해구제를위한특별위원회,제22대국회 제423회 (임시회) 제2차 12.29여객기참사진상규명과피해자및유가족의피해구제를위한특별위원회(피해자와유가족지원및추모사업지원소위원회) (2025.04.01.),임종수,0,jobs_labor,0.35,1,56
pres_2025,22,official_minutes,https://record.assembly.go.kr/assembly/viewer/minutes/xml.do?id=54455&type=view,official_minutes_54455:238:4,2025-04-01,2025-03-31,12.29여객기참사진상규명과피해자및유가족의피해구제를위한특별위원회,제22대국회 제423회 (임시회) 제2차 12.29여객기참사진상규명과피해자및유가족의피해구제를위한특별위원회(피해자와유가족지원및추모사업지원소위원회) (2025.04.01.),이수진,6664,family_legal_risk,0.35,1,17
pres_2025,22,official_minutes,https://record.assembly.go.kr/assembly/viewer/minutes/xml.do?id=54455&type=view,official_minutes_54455:238:9,2025-04-01,2025-03-31,12.29여객기참사진상규명과피해자및유가족의피해구제를위한특별위원회,제22대국회 제423회 (임시회) 제2차 12.29여객기참사진상규명과피해자및유가족의피해구제를위한특별위원회(피해자와유가족지원및추모사업지원소위원회) (2025.04.01.),이수진,6664,family_legal_risk,0.35,1,91
pres_2025,22,official_minutes,https://record.assembly.go.kr/assembly/viewer/minutes/xml.do?id=54455&type=view,official_minutes_54455:238:19,2025-04-01,2025-03-31,12.29여객기참사진상규명과피해자및유가족의피해구제를위한특별위원회,제22대국회 제423회 (임시회) 제2차 12.29여객기참사진상규명과피해자및유가족의피해구제를위한특별위원회(피해자와유가족지원및추모사업지원소위원회) (2025.04.01.),이수진,6664,jobs_labor,0.35,1,34
pres_2025,22,official_minutes,https://record.assembly.go.kr/assembly/viewer/minutes/xml.do?id=54455&type=view,official_minutes_54455:238:19,2025-04-01,2025-03-31,12.29여객기참사진상규명과피해자및유가족의피해구제를위한특별위원회,제22대국회 제423회 (임시회) 제2차 12.29여객기참사진상규명과피해자및유가족의피해구제를위한특별위원회(피해자와유가족지원및추모사업지원소위원회) (2025.04.01.),이수진,6664,education,0.35,1,34
pres_2025,22,official_minutes,https://record.assembly.go.kr/assembly/viewer/minutes/xml.do?id=54455&type=view,official_minutes_54455:241:1,2025-04-01,2025-03-31,12.29여객기참사진상규명과피해자및유가족의피해구제를위한특별위원회,제22대국회 제423회 (임시회) 제2차 12.29여객기참사진상규명과피해자및유가족의피해구제를위한특별위원회(피해자와유가족지원및추모사업지원소위원회) (2025.04.01.),백선희,6864,welfare_pension,0.35,1,35
pres_2025,22,official_minutes,https://record.assembly.go.kr/assembly/viewer/minutes/xml.do?id=54455&type=view,official_minutes_54455:241:7,2025-04-01,2025-03-31,12.29여객기참사진상규명과피해자및유가족의피해구제를위한특별위원회,제22대국회 제423회 (임시회) 제2차 12.29여객기참사진상규명과피해자및유가족의피해구제를위한특별위원회(피해자와유가족지원및추모사업지원소위원회) (2025.04.01.),백선희,6864,regional_dev,0.35,1,89
pres_2025,22,official_minutes,https://record.assembly.go.kr/assembly/viewer/minutes/xml.do?id=54455&type=view,official_minutes_54455:241:9,2025-04-01,2025-03-31,12.29여객기참사진상규명과피해자및유가족의피해구제를위한특별위원회,제22대국회 제423회 (임시회) 제2차 12.29여객기참사진상규명과피해자및유가족의피해구제를위한특별위원회(피해자와유가족지원및추모사업지원소위원회) (2025.04.01.),백선희,6864,regional_dev,0.35,1,87
pres_2025,22,official_minutes,https://record.assembly.go.kr/assembly/viewer/minutes/xml.do?id=54455&type=view,official_minutes_54455:241:9,2025-04-01,2025-03-31,12.29여객기참사진상규명과피해자및유가족의피해구제를위한특별위원회,제22대국회 제423회 (임시회) 제2차 12.29여객기참사진상규명과피해자및유가족의피해구제를위한특별위원회(피해자와유가족지원및추모사업지원소위원회) (2025.04.01.),백선희,6864,welfare_pension,0.35,1,87
pres_2025,22,official_minutes,https://record.assembly.go.kr/assembly/viewer/minutes/xml.do?id=54455&type=view,official_minutes_54455:244:1,2025-04-01,2025-03-31,12.29여객기참사진상규명과피해자및유가족의피해구제를위한특별위원회,제22대국회 제423회 (임시회) 제2차 12.29여객기참사진상규명과피해자및유가족의피해구제를위한특별위원회(피해자와유가족지원및추모사업지원소위원회) (2025.04.01.),백원국,0,family_legal_risk,0.35,1,40
pres_2025,22,official_minutes,https://record.assembly.go.kr/assembly/viewer/minutes/xml.do?id=54455&type=view,official_minutes_54455:245:1,2025-04-01,2025-03-31,12.29여객기참사진상규명과피해자및유가족의피해구제를위한특별위원회,제22대국회 제423회 (임시회) 제2차 12.29여객기참사진상규명과피해자및유가족의피해구제를위한특별위원회(피해자와유가족지원및추모사업지원소위원회) (2025.04.01.),이수진,6664,family_legal_risk,0.35,1,41
pres_2025,22,official_minutes,https://record.assembly.go.kr/assembly/viewer/minutes/xml.do?id=54471&type=view,official_minutes_54471:1:1,2025-04-03,2025-03-31,여성가족위원회,제22대국회 제423회 (임시회) 제1차 여성가족위원회(청원심사소위원회) (2025.04.03.),서범수,6708,family_legal_risk,0.35,1,54
pres_2025,22,official_minutes,https://record.assembly.go.kr/assembly/viewer/minutes/xml.do?id=54471&type=view,official_minutes_54471:1:2,2025-04-03,2025-03-31,여성가족위원회,제22대국회 제423회 (임시회) 제1차 여성가족위원회(청원심사소위원회) (2025.04.03.),서범수,6708,foreign_policy,0.35,1,40
pres_2025,22,official_minutes,https://record.assembly.go.kr/assembly/viewer/minutes/xml.do?id=54471&type=view,official_minutes_54471:11:4,2025-04-03,2025-03-31,여성가족위원회,제22대국회 제423회 (임시회) 제1차 여성가족위원회(청원심사소위원회) (2025.04.03.),서범수,6708,gender_generation,1.0,1,34
pres_2025,22,official_minutes,https://record.assembly.go.kr/assembly/viewer/minutes/xml.do?id=54471&type=view,official_minutes_54471:17:2,2025-04-03,2025-03-31,여성가족위원회,제22대국회 제423회 (임시회) 제1차 여성가족위원회(청원심사소위원회) (2025.04.03.),김은희,0,family_legal_risk,0.35,1,110
pres_2025,22,official_minutes,https://record.assembly.go.kr/assembly/viewer/minutes/xml.do?id=54471&type=view,official_minutes_54471:17:10,2025-04-03,2025-03-31,여성가족위원회,제22대국회 제423회 (임시회) 제1차 여성가족위원회(청원심사소위원회) (2025.04.03.),김은희,0,family_legal_risk,0.35,1,84
pres_2025,22,official_minutes,https://record.assembly.go.kr/assembly/viewer/minutes/xml.do?id=54471&type=view,official_minutes_54471:17:45,2025-04-03,2025-03-31,여성가족위원회,제22대국회 제423회 (임시회) 제1차 여성가족위원회(청원심사소위원회) (2025.04.03.),김은희,0,family_legal_risk,0.35,1,17
pres_2025,22,official_minutes,https://record.assembly.go.kr/assembly/viewer/minutes/xml.do?id=54471&type=view,official_minutes_54471:17:47,2025-04-03,2025-03-31,여성가족위원회,제22대국회 제423회 (임시회) 제1차 여성가족위원회(청원심사소위원회) (2025.04.03.),김은희,0,family_legal_risk,0.35,1,26
pres_2025,22,official_minutes,https://record.assembly.go.kr/assembly/viewer/minutes/xml.do?id=54471&type=view,official_minutes_54471:17:54,2025-04-03,2025-03-31,여성가족위원회,제22대국회 제423회 (임시회) 제1차 여성가족위원회(청원심사소위원회) (2025.04.03.),김은희,0,family_legal_risk,0.35,1,52
pres_2025,22,official_minutes,https://record.assembly.go.kr/assembly/viewer/minutes/xml.do?id=54471&type=view,official_minutes_54471:46:1,2025-04-03,2025-03-31,여성가족위원회,제22대국회 제423회 (임시회) 제1차 여성가족위원회(청원심사소위원회) (2025.04.03.),김은희,0,security_nk,0.35,1,58
pres_2025,22,official_minutes,https://record.assembly.go.kr/assembly/viewer/minutes/xml.do?id=54471&type=view,official_minutes_54471:69:1,2025-04-03,2025-03-31,여성가족위원회,제22대국회 제423회 (임시회) 제1차 여성가족위원회(청원심사소위원회) (2025.04.03.),서영교,6711,foreign_policy,0.35,1,11
pres_2025,22,official_minutes,https://record.assembly.go.kr/assembly/viewer/minutes/xml.do?id=54471&type=view,official_minutes_54471:70:2,2025-04-03,2025-03-31,여성가족위원회,제22대국회 제423회 (임시회) 제1차 여성가족위원회(청원심사소위원회) (2025.04.03.),서범수,6708,welfare_pension,0.35,1,38
pres_2025,22,official_minutes,https://record.assembly.go.kr/assembly/viewer/minutes/xml.do?id=54471&type=view,official_minutes_54471:71:1,2025-04-03,2025-03-31,여성가족위원회,제22대국회 제423회 (임시회) 제1차 여성가족위원회(청원심사소위원회) (2025.04.03.),김우정,0,welfare_pension,0.35,1,24
pres_2025,22,official_minutes,https://record.assembly.go.kr/assembly/viewer/minutes/xml.do?id=54471&type=view,official_minutes_54471:71:3,2025-04-03,2025-03-31,여성가족위원회,제22대국회 제423회 (임시회) 제1차 여성가족위원회(청원심사소위원회) (2025.04.03.),김우정,0,regional_dev,0.35,1,122
pres_2025,22,official_minutes,https://record.assembly.go.kr/assembly/viewer/minutes/xml.do?id=54471&type=view,official_minutes_54471:71:3,2025-04-03,2025-03-31,여성가족위원회,제22대국회 제423회 (임시회) 제1차 여성가족위원회(청원심사소위원회) (2025.04.03.),김우정,0,gender_generation,0.35,1,122
pres_2025,22,official_minutes,https://record.assembly.go.kr/assembly/viewer/minutes/xml.do?id=54471&type=view,official_minutes_54471:71:5,2025-04-03,2025-03-31,여성가족위원회,제22대국회 제423회 (임시회) 제1차 여성가족위원회(청원심사소위원회) (2025.04.03.),김우정,0,external_shock,0.35,1,100
pres_2025,22,official_minutes,https://record.assembly.go.kr/assembly/viewer/minutes/xml.do?id=54471&type=view,official_minutes_54471:71:9,2025-04-03,2025-03-31,여성가족위원회,제22대국회 제423회 (임시회) 제1차 여성가족위원회(청원심사소위원회) (2025.04.03.),김우정,0,regional_dev,0.35,1,29
pres_2025,22,official_minutes,https://record.assembly.go.kr/assembly/viewer/minutes/xml.do?id=54471&type=view,official_minutes_54471:71:10,2025-04-03,2025-03-31,여성가족위원회,제22대국회 제423회 (임시회) 제1차 여성가족위원회(청원심사소위원회) (2025.04.03.),김우정,0,external_shock,0.35,1,178
pres_2025,22,official_minutes,https://record.assembly.go.kr/assembly/viewer/minutes/xml.do?id=54471&type=view,official_minutes_54471:71:11,2025-04-03,2025-03-31,여성가족위원회,제22대국회 제423회 (임시회) 제1차 여성가족위원회(청원심사소위원회) (2025.04.03.),김우정,0,jobs_labor,0.35,1,169
pres_2025,22,official_minutes,https://record.assembly.go.kr/assembly/viewer/minutes/xml.do?id=54471&type=view,official_minutes_54471:71:25,2025-04-03,2025-03-31,여성가족위원회,제22대국회 제423회 (임시회) 제1차 여성가족위원회(청원심사소위원회) (2025.04.03.),김우정,0,regional_dev,0.35,1,146
pres_2025,22,official_minutes,https://record.assembly.go.kr/assembly/viewer/minutes/xml.do?id=54471&type=view,official_minutes_54471:71:37,2025-04-03,2025-03-31,여성가족위원회,제22대국회 제423회 (임시회) 제1차 여성가족위원회(청원심사소위원회) (2025.04.03.),김우정,0,regional_dev,0.35,1,119
pres_2025,22,official_minutes,https://record.assembly.go.kr/assembly/viewer/minutes/xml.do?id=54471&type=view,official_minutes_54471:71:41,2025-04-03,2025-03-31,여성가족위원회,제22대국회 제423회 (임시회) 제1차 여성가족위원회(청원심사소위원회) (2025.04.03.),김우정,0,security_nk,0.35,1,71
pres_2025,22,official_minutes,https://record.assembly.go.kr/assembly/viewer/minutes/xml.do?id=54471&type=view,official_minutes_54471:71:46,2025-04-03,2025-03-31,여성가족위원회,제22대국회 제423회 (임시회) 제1차 여성가족위원회(청원심사소위원회) (2025.04.03.),김우정,0,gender_generation,0.35,1,77
pres_2025,22,official_minutes,https://record.assembly.go.kr/assembly/viewer/minutes/xml.do?id=54471&type=view,official_minutes_54471:75:1,2025-04-03,2025-03-31,여성가족위원회,제22대국회 제423회 (임시회) 제1차 여성가족위원회(청원심사소위원회) (2025.04.03.),이달희,6767,regional_dev,0.35,1,60
pres_2025,22,official_minutes,https://record.assembly.go.kr/assembly/viewer/minutes/xml.do?id=54471&type=view,official_minutes_54471:101:3,2025-04-03,2025-03-31,여성가족위원회,제22대국회 제423회 (임시회) 제1차 여성가족위원회(청원심사소위원회) (2025.04.03.),김우정,0,regional_dev,0.35,1,48
pres_2025,22,official_minutes,https://record.assembly.go.kr/assembly/viewer/minutes/xml.do?id=54471&type=view,official_minutes_54471:106:1,2025-04-03,2025-03-31,여성가족위원회,제22대국회 제423회 (임시회) 제1차 여성가족위원회(청원심사소위원회) (2025.04.03.),김우정,0,regional_dev,0.35,1,14
pres_2025,22,official_minutes,https://record.assembly.go.kr/assembly/viewer/minutes/xml.do?id=54471&type=view,official_minutes_54471:118:2,2025-04-03,2025-03-31,여성가족위원회,제22대국회 제423회 (임시회) 제1차 여성가족위원회(청원심사소위원회) (2025.04.03.),김우정,0,security_nk,0.35,1,33
pres_2025,22,official_minutes,https://record.assembly.go.kr/assembly/viewer/minutes/xml.do?id=54471&type=view,official_minutes_54471:147:2,2025-04-03,2025-03-31,여성가족위원회,제22대국회 제423회 (임시회) 제1차 여성가족위원회(청원심사소위원회) (2025.04.03.),김우정,0,regional_dev,0.35,1,38
pres_2025,22,official_minutes,https://record.assembly.go.kr/assembly/viewer/minutes/xml.do?id=54471&type=view,official_minutes_54471:149:3,2025-04-03,2025-03-31,여성가족위원회,제22대국회 제423회 (임시회) 제1차 여성가족위원회(청원심사소위원회) (2025.04.03.),김우정,0,regional_dev,0.35,1,32
pres_2025,22,official_minutes,https://record.assembly.go.kr/assembly/viewer/minutes/xml.do?id=54471&type=view,official_minutes_54471:149:4,2025-04-03,2025-03-31,여성가족위원회,제22대국회 제423회 (임시회) 제1차 여성가족위원회(청원심사소위원회) (2025.04.03.),김우정,0,regional_dev,0.35,1,74
pres_2025,22,official_minutes,https://record.assembly.go.kr/assembly/viewer/minutes/xml.do?id=54471&type=view,official_minutes_54471:149:6,2025-04-03,2025-03-31,여성가족위원회,제22대국회 제423회 (임시회) 제1차 여성가족위원회(청원심사소위원회) (2025.04.03.),김우정,0,regional_dev,0.35,1,24
pres_2025,22,official_minutes,https://record.assembly.go.kr/assembly/viewer/minutes/xml.do?id=54471&type=view,official_minutes_54471:151:5,2025-04-03,2025-03-31,여성가족위원회,제22대국회 제423회 (임시회) 제1차 여성가족위원회(청원심사소위원회) (2025.04.03.),김우정,0,security_nk,0.35,1,56
pres_2025,22,official_minutes,https://record.assembly.go.kr/assembly/viewer/minutes/xml.do?id=54471&type=view,official_minutes_54471:173:1,2025-04-03,2025-03-31,여성가족위원회,제22대국회 제423회 (임시회) 제1차 여성가족위원회(청원심사소위원회) (2025.04.03.),장철민,6641,family_legal_risk,0.35,1,102
pres_2025,22,official_minutes,https://record.assembly.go.kr/assembly/viewer/minutes/xml.do?id=54471&type=view,official_minutes_54471:173:1,2025-04-03,2025-03-31,여성가족위원회,제22대국회 제423회 (임시회) 제1차 여성가족위원회(청원심사소위원회) (2025.04.03.),장철민,6641,gender_generation,0.35,1,102
pres_2025,22,official_minutes,https://record.assembly.go.kr/assembly/viewer/minutes/xml.do?id=54471&type=view,official_minutes_54471:177:1,2025-04-03,2025-03-31,여성가족위원회,제22대국회 제423회 (임시회) 제1차 여성가족위원회(청원심사소위원회) (2025.04.03.),장철민,6641,regional_dev,0.35,1,20
pres_2025,22,official_minutes,https://record.assembly.go.kr/assembly/viewer/minutes/xml.do?id=54471&type=view,official_minutes_54471:182:2,2025-04-03,2025-03-31,여성가족위원회,제22대국회 제423회 (임시회) 제1차 여성가족위원회(청원심사소위원회) (2025.04.03.),서범수,6708,gender_generation,0.35,1,23
pres_2025,22,official_minutes,https://record.assembly.go.kr/assembly/viewer/minutes/xml.do?id=54471&type=view,official_minutes_54471:187:4,2025-04-03,2025-03-31,여성가족위원회,제22대국회 제423회 (임시회) 제1차 여성가족위원회(청원심사소위원회) (2025.04.03.),이옥순,0,gender_generation,1.0,1,218
pres_2025,22,official_minutes,https://record.assembly.go.kr/assembly/viewer/minutes/xml.do?id=54471&type=view,official_minutes_54471:187:4,2025-04-03,2025-03-31,여성가족위원회,제22대국회 제423회 (임시회) 제1차 여성가족위원회(청원심사소위원회) (2025.04.03.),이옥순,0,regional_dev,0.35,1,218
pres_2025,22,official_minutes,https://record.assembly.go.kr/assembly/viewer/minutes/xml.do?id=54471&type=view,official_minutes_54471:191:3,2025-04-03,2025-03-31,여성가족위원회,제22대국회 제423회 (임시회) 제1차 여성가족위원회(청원심사소위원회) (2025.04.03.),이달희,6767,economy_growth,0.35,1,83
pres_2025,22,official_minutes,https://record.assembly.go.kr/assembly/viewer/minutes/xml.do?id=54471&type=view,official_minutes_54471:192:3,2025-04-03,2025-03-31,여성가족위원회,제22대국회 제423회 (임시회) 제1차 여성가족위원회(청원심사소위원회) (2025.04.03.),장철민,6641,candidate_competence,0.35,1,110
pres_2025,22,official_minutes,https://record.assembly.go.kr/assembly/viewer/minutes/xml.do?id=54471&type=view,official_minutes_54471:192:4,2025-04-03,2025-03-31,여성가족위원회,제22대국회 제423회 (임시회) 제1차 여성가족위원회(청원심사소위원회) (2025.04.03.),장철민,6641,gender_generation,0.35,1,89
pres_2025,22,official_minutes,https://record.assembly.go.kr/assembly/viewer/minutes/xml.do?id=54471&type=view,official_minutes_54471:192:5,2025-04-03,2025-03-31,여성가족위원회,제22대국회 제423회 (임시회) 제1차 여성가족위원회(청원심사소위원회) (2025.04.03.),장철민,6641,gender_generation,0.35,1,68
pres_2025,22,official_minutes,https://record.assembly.go.kr/assembly/viewer/minutes/xml.do?id=54471&type=view,official_minutes_54471:192:6,2025-04-03,2025-03-31,여성가족위원회,제22대국회 제423회 (임시회) 제1차 여성가족위원회(청원심사소위원회) (2025.04.03.),장철민,6641,regional_dev,0.35,1,73
pres_2025,22,official_minutes,https://record.assembly.go.kr/assembly/viewer/minutes/xml.do?id=54471&type=view,official_minutes_54471:192:7,2025-04-03,2025-03-31,여성가족위원회,제22대국회 제423회 (임시회) 제1차 여성가족위원회(청원심사소위원회) (2025.04.03.),장철민,6641,external_shock,0.35,1,79
pres_2025,22,official_minutes,https://record.assembly.go.kr/assembly/viewer/minutes/xml.do?id=54471&type=view,official_minutes_54471:192:7,2025-04-03,2025-03-31,여성가족위원회,제22대국회 제423회 (임시회) 제1차 여성가족위원회(청원심사소위원회) (2025.04.03.),장철민,6641,security_nk,0.35,1,79
pres_2025,22,official_minutes,https://record.assembly.go.kr/assembly/viewer/minutes/xml.do?id=54471&type=view,official_minutes_54471:192:8,2025-04-03,2025-03-31,여성가족위원회,제22대국회 제423회 (임시회) 제1차 여성가족위원회(청원심사소위원회) (2025.04.03.),장철민,6641,regional_dev,0.35,1,26
pres_2025,22,official_minutes,https://record.assembly.go.kr/assembly/viewer/minutes/xml.do?id=54471&type=view,official_minutes_54471:192:9,2025-04-03,2025-03-31,여성가족위원회,제22대국회 제423회 (임시회) 제1차 여성가족위원회(청원심사소위원회) (2025.04.03.),장철민,6641,regional_dev,0.35,1,91
pres_2025,22,official_minutes,https://record.assembly.go.kr/assembly/viewer/minutes/xml.do?id=54471&type=view,official_minutes_54471:192:10,2025-04-03,2025-03-31,여성가족위원회,제22대국회 제423회 (임시회) 제1차 여성가족위원회(청원심사소위원회) (2025.04.03.),장철민,6641,regional_dev,0.35,1,57
pres_2025,22,official_minutes,https://record.assembly.go.kr/assembly/viewer/minutes/xml.do?id=54471&type=view,official_minutes_54471:192:11,2025-04-03,2025-03-31,여성가족위원회,제22대국회 제423회 (임시회) 제1차 여성가족위원회(청원심사소위원회) (2025.04.03.),장철민,6641,regional_dev,0.35,1,53
pres_2025,22,official_minutes,https://record.assembly.go.kr/assembly/viewer/minutes/xml.do?id=54471&type=view,official_minutes_54471:192:12,2025-04-03,2025-03-31,여성가족위원회,제22대국회 제423회 (임시회) 제1차 여성가족위원회(청원심사소위원회) (2025.04.03.),장철민,6641,unification_event,0.75,1,302
pres_2025,22,official_minutes,https://record.assembly.go.kr/assembly/viewer/minutes/xml.do?id=54471&type=view,official_minutes_54471:192:12,2025-04-03,2025-03-31,여성가족위원회,제22대국회 제423회 (임시회) 제1차 여성가족위원회(청원심사소위원회) (2025.04.03.),장철민,6641,regional_dev,0.35,1,302
pres_2025,22,official_minutes,https://record.assembly.go.kr/assembly/viewer/minutes/xml.do?id=54471&type=view,official_minutes_54471:192:12,2025-04-03,2025-03-31,여성가족위원회,제22대국회 제423회 (임시회) 제1차 여성가족위원회(청원심사소위원회) (2025.04.03.),장철민,6641,family_legal_risk,0.35,1,302
pres_2025,22,official_minutes,https://record.assembly.go.kr/assembly/viewer/minutes/xml.do?id=54471&type=view,official_minutes_54471:211:3,2025-04-03,2025-03-31,여성가족위원회,제22대국회 제423회 (임시회) 제1차 여성가족위원회(청원심사소위원회) (2025.04.03.),서범수,6708,gender_generation,0.35,1,79
pres_2025,22,official_minutes,https://record.assembly.go.kr/assembly/viewer/minutes/xml.do?id=54471&type=view,official_minutes_54471:211:4,2025-04-03,2025-03-31,여성가족위원회,제22대국회 제423회 (임시회) 제1차 여성가족위원회(청원심사소위원회) (2025.04.03.),서범수,6708,gender_generation,0.35,1,84
pres_2025,22,official_minutes,https://record.assembly.go.kr/assembly/viewer/minutes/xml.do?id=54471&type=view,official_minutes_54471:211:8,2025-04-03,2025-03-31,여성가족위원회,제22대국회 제423회 (임시회) 제1차 여성가족위원회(청원심사소위원회) (2025.04.03.),서범수,6708,gender_generation,0.35,1,22
pres_2025,22,official_minutes,https://record.assembly.go.kr/assembly/viewer/minutes/xml.do?id=54471&type=view,official_minutes_54471:211:9,2025-04-03,2025-03-31,여성가족위원회,제22대국회 제423회 (임시회) 제1차 여성가족위원회(청원심사소위원회) (2025.04.03.),서범수,6708,gender_generation,0.35,1,152
pres_2025,22,official_minutes,https://record.assembly.go.kr/assembly/viewer/minutes/xml.do?id=54471&type=view,official_minutes_54471:211:10,2025-04-03,2025-03-31,여성가족위원회,제22대국회 제423회 (임시회) 제1차 여성가족위원회(청원심사소위원회) (2025.04.03.),서범수,6708,gender_generation,0.35,1,24
pres_2025,22,official_minutes,https://record.assembly.go.kr/assembly/viewer/minutes/xml.do?id=54471&type=view,official_minutes_54471:212:1,2025-04-03,2025-03-31,여성가족위원회,제22대국회 제423회 (임시회) 제1차 여성가족위원회(청원심사소위원회) (2025.04.03.),신영숙,0,regional_dev,0.35,1,84
pres_2025,22,official_minutes,https://record.assembly.go.kr/assembly/viewer/minutes/xml.do?id=54471&type=view,official_minutes_54471:215:1,2025-04-03,2025-03-31,여성가족위원회,제22대국회 제423회 (임시회) 제1차 여성가족위원회(청원심사소위원회) (2025.04.03.),서영교,6711,regional_dev,0.35,1,21
pres_2025,22,official_minutes,https://record.assembly.go.kr/assembly/viewer/minutes/xml.do?id=54471&type=view,official_minutes_54471:215:16,2025-04-03,2025-03-31,여성가족위원회,제22대국회 제423회 (임시회) 제1차 여성가족위원회(청원심사소위원회) (2025.04.03.),서영교,6711,gender_generation,0.35,1,179
pres_2025,22,official_minutes,https://record.assembly.go.kr/assembly/viewer/minutes/xml.do?id=54471&type=view,official_minutes_54471:216:3,2025-04-03,2025-03-31,여성가족위원회,제22대국회 제423회 (임시회) 제1차 여성가족위원회(청원심사소위원회) (2025.04.03.),서범수,6708,gender_generation,0.35,1,75
pres_2025,22,official_minutes,https://record.assembly.go.kr/assembly/viewer/minutes/xml.do?id=54471&type=view,official_minutes_54471:216:5,2025-04-03,2025-03-31,여성가족위원회,제22대국회 제423회 (임시회) 제1차 여성가족위원회(청원심사소위원회) (2025.04.03.),서범수,6708,gender_generation,0.35,1,50
pres_2025,22,official_minutes,https://record.assembly.go.kr/assembly/viewer/minutes/xml.do?id=54471&type=view,official_minutes_54471:216:6,2025-04-03,2025-03-31,여성가족위원회,제22대국회 제423회 (임시회) 제1차 여성가족위원회(청원심사소위원회) (2025.04.03.),서범수,6708,gender_generation,0.35,1,220
pres_2025,22,official_minutes,https://record.assembly.go.kr/assembly/viewer/minutes/xml.do?id=54471&type=view,official_minutes_54471:216:7,2025-04-03,2025-03-31,여성가족위원회,제22대국회 제423회 (임시회) 제1차 여성가족위원회(청원심사소위원회) (2025.04.03.),서범수,6708,gender_generation,0.35,1,28
pres_2025,22,official_minutes,https://record.assembly.go.kr/assembly/viewer/minutes/xml.do?id=54471&type=view,official_minutes_54471:216:8,2025-04-03,2025-03-31,여성가족위원회,제22대국회 제423회 (임시회) 제1차 여성가족위원회(청원심사소위원회) (2025.04.03.),서범수,6708,gender_generation,0.35,1,78
pres_2025,22,official_minutes,https://record.assembly.go.kr/assembly/viewer/minutes/xml.do?id=54471&type=view,official_minutes_54471:216:11,2025-04-03,2025-03-31,여성가족위원회,제22대국회 제423회 (임시회) 제1차 여성가족위원회(청원심사소위원회) (2025.04.03.),서범수,6708,gender_generation,0.35,1,121
pres_2025,22,official_minutes,https://record.assembly.go.kr/assembly/viewer/minutes/xml.do?id=54471&type=view,official_minutes_54471:222:4,2025-04-03,2025-03-31,여성가족위원회,제22대국회 제423회 (임시회) 제1차 여성가족위원회(청원심사소위원회) (2025.04.03.),신영숙,0,gender_generation,0.35,1,81
pres_2025,22,official_minutes,https://record.assembly.go.kr/assembly/viewer/minutes/xml.do?id=54471&type=view,official_minutes_54471:234:2,2025-04-03,2025-03-31,여성가족위원회,제22대국회 제423회 (임시회) 제1차 여성가족위원회(청원심사소위원회) (2025.04.03.),장철민,6641,gender_generation,0.35,1,132
pres_2025,22,official_minutes,https://record.assembly.go.kr/assembly/viewer/minutes/xml.do?id=54471&type=view,official_minutes_54471:236:1,2025-04-03,2025-03-31,여성가족위원회,제22대국회 제423회 (임시회) 제1차 여성가족위원회(청원심사소위원회) (2025.04.03.),장철민,6641,gender_generation,0.35,1,152
pres_2025,22,official_minutes,https://record.assembly.go.kr/assembly/viewer/minutes/xml.do?id=54471&type=view,official_minutes_54471:236:2,2025-04-03,2025-03-31,여성가족위원회,제22대국회 제423회 (임시회) 제1차 여성가족위원회(청원심사소위원회) (2025.04.03.),장철민,6641,gender_generation,0.35,1,174
pres_2025,22,official_minutes,https://record.assembly.go.kr/assembly/viewer/minutes/xml.do?id=54471&type=view,official_minutes_54471:239:2,2025-04-03,2025-03-31,여성가족위원회,제22대국회 제423회 (임시회) 제1차 여성가족위원회(청원심사소위원회) (2025.04.03.),이달희,6767,education,0.35,1,66
pres_2025,22,official_minutes,https://record.assembly.go.kr/assembly/viewer/minutes/xml.do?id=54471&type=view,official_minutes_54471:239:2,2025-04-03,2025-03-31,여성가족위원회,제22대국회 제423회 (임시회) 제1차 여성가족위원회(청원심사소위원회) (2025.04.03.),이달희,6767,gender_generation,0.35,1,66
pres_2025,22,official_minutes,https://record.assembly.go.kr/assembly/viewer/minutes/xml.do?id=54471&type=view,official_minutes_54471:240:2,2025-04-03,2025-03-31,여성가족위원회,제22대국회 제423회 (임시회) 제1차 여성가족위원회(청원심사소위원회) (2025.04.03.),서범수,6708,gender_generation,0.35,1,86
pres_2025,22,official_minutes,https://record.assembly.go.kr/assembly/viewer/minutes/xml.do?id=54471&type=view,official_minutes_54471:255:1,2025-04-03,2025-03-31,여성가족위원회,제22대국회 제423회 (임시회) 제1차 여성가족위원회(청원심사소위원회) (2025.04.03.),서범수,6708,gender_generation,0.35,1,27
pres_2025,22,official_minutes,https://record.assembly.go.kr/assembly/viewer/minutes/xml.do?id=54471&type=view,official_minutes_54471:257:5,2025-04-03,2025-03-31,여성가족위원회,제22대국회 제423회 (임시회) 제1차 여성가족위원회(청원심사소위원회) (2025.04.03.),서범수,6708,gender_generation,0.35,1,69
pres_2025,22,official_minutes,https://record.assembly.go.kr/assembly/viewer/minutes/xml.do?id=54472&type=view,official_minutes_54472:1:2,2025-04-03,2025-03-31,12.29여객기참사진상규명과피해자및유가족의피해구제를위한특별위원회,제22대국회 제423회 (임시회) 제3차 12.29여객기참사진상규명과피해자및유가족의피해구제를위한특별위원회(피해자와유가족지원및추모사업지원소위원회) (2025.04.03.),이수진,6664,family_legal_risk,0.35,1,64
pres_2025,22,official_minutes,https://record.assembly.go.kr/assembly/viewer/minutes/xml.do?id=54472&type=view,official_minutes_54472:1:6,2025-04-03,2025-03-31,12.29여객기참사진상규명과피해자및유가족의피해구제를위한특별위원회,제22대국회 제423회 (임시회) 제3차 12.29여객기참사진상규명과피해자및유가족의피해구제를위한특별위원회(피해자와유가족지원및추모사업지원소위원회) (2025.04.03.),이수진,6664,welfare_pension,0.75,1,119
pres_2025,22,official_minutes,https://record.assembly.go.kr/assembly/viewer/minutes/xml.do?id=54472&type=view,official_minutes_54472:1:6,2025-04-03,2025-03-31,12.29여객기참사진상규명과피해자및유가족의피해구제를위한특별위원회,제22대국회 제423회 (임시회) 제3차 12.29여객기참사진상규명과피해자및유가족의피해구제를위한특별위원회(피해자와유가족지원및추모사업지원소위원회) (2025.04.03.),이수진,6664,education,0.35,1,119
pres_2025,22,official_minutes,https://record.assembly.go.kr/assembly/viewer/minutes/xml.do?id=54472&type=view,official_minutes_54472:1:6,2025-04-03,2025-03-31,12.29여객기참사진상규명과피해자및유가족의피해구제를위한특별위원회,제22대국회 제423회 (임시회) 제3차 12.29여객기참사진상규명과피해자및유가족의피해구제를위한특별위원회(피해자와유가족지원및추모사업지원소위원회) (2025.04.03.),이수진,6664,jobs_labor,0.35,1,119
pres_2025,22,official_minutes,https://record.assembly.go.kr/assembly/viewer/minutes/xml.do?id=54472&type=view,official_minutes_54472:1:6,2025-04-03,2025-03-31,12.29여객기참사진상규명과피해자및유가족의피해구제를위한특별위원회,제22대국회 제423회 (임시회) 제3차 12.29여객기참사진상규명과피해자및유가족의피해구제를위한특별위원회(피해자와유가족지원및추모사업지원소위원회) (2025.04.03.),이수진,6664,economy_growth,0.35,1,119
pres_2025,22,official_minutes,https://record.assembly.go.kr/assembly/viewer/minutes/xml.do?id=54472&type=view,official_minutes_54472:1:7,2025-04-03,2025-03-31,12.29여객기참사진상규명과피해자및유가족의피해구제를위한특별위원회,제22대국회 제423회 (임시회) 제3차 12.29여객기참사진상규명과피해자및유가족의피해구제를위한특별위원회(피해자와유가족지원및추모사업지원소위원회) (2025.04.03.),이수진,6664,external_shock,0.35,1,102
pres_2025,22,official_minutes,https://record.assembly.go.kr/assembly/viewer/minutes/xml.do?id=54472&type=view,official_minutes_54472:3:8,2025-04-03,2025-03-31,12.29여객기참사진상규명과피해자및유가족의피해구제를위한특별위원회,제22대국회 제423회 (임시회) 제3차 12.29여객기참사진상규명과피해자및유가족의피해구제를위한특별위원회(피해자와유가족지원및추모사업지원소위원회) (2025.04.03.),임종수,0,economy_growth,1.0,1,150
pres_2025,22,official_minutes,https://record.assembly.go.kr/assembly/viewer/minutes/xml.do?id=54472&type=view,official_minutes_54472:3:8,2025-04-03,2025-03-31,12.29여객기참사진상규명과피해자및유가족의피해구제를위한특별위원회,제22대국회 제423회 (임시회) 제3차 12.29여객기참사진상규명과피해자및유가족의피해구제를위한특별위원회(피해자와유가족지원및추모사업지원소위원회) (2025.04.03.),임종수,0,regional_dev,0.35,1,150
pres_2025,22,official_minutes,https://record.assembly.go.kr/assembly/viewer/minutes/xml.do?id=54472&type=view,official_minutes_54472:3:12,2025-04-03,2025-03-31,12.29여객기참사진상규명과피해자및유가족의피해구제를위한특별위원회,제22대국회 제423회 (임시회) 제3차 12.29여객기참사진상규명과피해자및유가족의피해구제를위한특별위원회(피해자와유가족지원및추모사업지원소위원회) (2025.04.03.),임종수,0,education,0.35,1,27
pres_2025,22,official_minutes,https://record.assembly.go.kr/assembly/viewer/minutes/xml.do?id=54472&type=view,official_minutes_54472:3:13,2025-04-03,2025-03-31,12.29여객기참사진상규명과피해자및유가족의피해구제를위한특별위원회,제22대국회 제423회 (임시회) 제3차 12.29여객기참사진상규명과피해자및유가족의피해구제를위한특별위원회(피해자와유가족지원및추모사업지원소위원회) (2025.04.03.),임종수,0,education,0.35,1,61
pres_2025,22,official_minutes,https://record.assembly.go.kr/assembly/viewer/minutes/xml.do?id=54472&type=view,official_minutes_54472:3:14,2025-04-03,2025-03-31,12.29여객기참사진상규명과피해자및유가족의피해구제를위한특별위원회,제22대국회 제423회 (임시회) 제3차 12.29여객기참사진상규명과피해자및유가족의피해구제를위한특별위원회(피해자와유가족지원및추모사업지원소위원회) (2025.04.03.),임종수,0,welfare_pension,0.35,1,66
pres_2025,22,official_minutes,https://record.assembly.go.kr/assembly/viewer/minutes/xml.do?id=54472&type=view,official_minutes_54472:3:14,2025-04-03,2025-03-31,12.29여객기참사진상규명과피해자및유가족의피해구제를위한특별위원회,제22대국회 제423회 (임시회) 제3차 12.29여객기참사진상규명과피해자및유가족의피해구제를위한특별위원회(피해자와유가족지원및추모사업지원소위원회) (2025.04.03.),임종수,0,education,0.35,1,66
pres_2025,22,official_minutes,https://record.assembly.go.kr/assembly/viewer/minutes/xml.do?id=54472&type=view,official_minutes_54472:3:15,2025-04-03,2025-03-31,12.29여객기참사진상규명과피해자및유가족의피해구제를위한특별위원회,제22대국회 제423회 (임시회) 제3차 12.29여객기참사진상규명과피해자및유가족의피해구제를위한특별위원회(피해자와유가족지원및추모사업지원소위원회) (2025.04.03.),임종수,0,welfare_pension,0.35,1,62
pres_2025,22,official_minutes,https://record.assembly.go.kr/assembly/viewer/minutes/xml.do?id=54472&type=view,official_minutes_54472:3:17,2025-04-03,2025-03-31,12.29여객기참사진상규명과피해자및유가족의피해구제를위한특별위원회,제22대국회 제423회 (임시회) 제3차 12.29여객기참사진상규명과피해자및유가족의피해구제를위한특별위원회(피해자와유가족지원및추모사업지원소위원회) (2025.04.03.),임종수,0,education,1.0,1,91
pres_2025,22,official_minutes,https://record.assembly.go.kr/assembly/viewer/minutes/xml.do?id=54472&type=view,official_minutes_54472:3:20,2025-04-03,2025-03-31,12.29여객기참사진상규명과피해자및유가족의피해구제를위한특별위원회,제22대국회 제423회 (임시회) 제3차 12.29여객기참사진상규명과피해자및유가족의피해구제를위한특별위원회(피해자와유가족지원및추모사업지원소위원회) (2025.04.03.),임종수,0,family_legal_risk,0.35,1,101
pres_2025,22,official_minutes,https://record.assembly.go.kr/assembly/viewer/minutes/xml.do?id=54472&type=view,official_minutes_54472:5:2,2025-04-03,2025-03-31,12.29여객기참사진상규명과피해자및유가족의피해구제를위한특별위원회,제22대국회 제423회 (임시회) 제3차 12.29여객기참사진상규명과피해자및유가족의피해구제를위한특별위원회(피해자와유가족지원및추모사업지원소위원회) (2025.04.03.),백원국,0,family_legal_risk,0.35,1,96
pres_2025,22,official_minutes,https://record.assembly.go.kr/assembly/viewer/minutes/xml.do?id=54472&type=view,official_minutes_54472:5:4,2025-04-03,2025-03-31,12.29여객기참사진상규명과피해자및유가족의피해구제를위한특별위원회,제22대국회 제423회 (임시회) 제3차 12.29여객기참사진상규명과피해자및유가족의피해구제를위한특별위원회(피해자와유가족지원및추모사업지원소위원회) (2025.04.03.),백원국,0,family_legal_risk,0.35,1,79
pres_2025,22,official_minutes,https://record.assembly.go.kr/assembly/viewer/minutes/xml.do?id=54472&type=view,official_minutes_54472:5:7,2025-04-03,2025-03-31,12.29여객기참사진상규명과피해자및유가족의피해구제를위한특별위원회,제22대국회 제423회 (임시회) 제3차 12.29여객기참사진상규명과피해자및유가족의피해구제를위한특별위원회(피해자와유가족지원및추모사업지원소위원회) (2025.04.03.),백원국,0,regional_dev,1.0,1,78
pres_2025,22,official_minutes,https://record.assembly.go.kr/assembly/viewer/minutes/xml.do?id=54472&type=view,official_minutes_54472:5:14,2025-04-03,2025-03-31,12.29여객기참사진상규명과피해자및유가족의피해구제를위한특별위원회,제22대국회 제423회 (임시회) 제3차 12.29여객기참사진상규명과피해자및유가족의피해구제를위한특별위원회(피해자와유가족지원및추모사업지원소위원회) (2025.04.03.),백원국,0,welfare_pension,0.35,1,79
pres_2025,22,official_minutes,https://record.assembly.go.kr/assembly/viewer/minutes/xml.do?id=54472&type=view,official_minutes_54472:7:2,2025-04-03,2025-03-31,12.29여객기참사진상규명과피해자및유가족의피해구제를위한특별위원회,제22대국회 제423회 (임시회) 제3차 12.29여객기참사진상규명과피해자및유가족의피해구제를위한특별위원회(피해자와유가족지원및추모사업지원소위원회) (2025.04.03.),최용호,0,family_legal_risk,0.35,1,83
pres_2025,22,official_minutes,https://record.assembly.go.kr/assembly/viewer/minutes/xml.do?id=54472&type=view,official_minutes_54472:7:3,2025-04-03,2025-03-31,12.29여객기참사진상규명과피해자및유가족의피해구제를위한특별위원회,제22대국회 제423회 (임시회) 제3차 12.29여객기참사진상규명과피해자및유가족의피해구제를위한특별위원회(피해자와유가족지원및추모사업지원소위원회) (2025.04.03.),최용호,0,family_legal_risk,0.35,1,73
pres_2025,22,official_minutes,https://record.assembly.go.kr/assembly/viewer/minutes/xml.do?id=54472&type=view,official_minutes_54472:7:4,2025-04-03,2025-03-31,12.29여객기참사진상규명과피해자및유가족의피해구제를위한특별위원회,제22대국회 제423회 (임시회) 제3차 12.29여객기참사진상규명과피해자및유가족의피해구제를위한특별위원회(피해자와유가족지원및추모사업지원소위원회) (2025.04.03.),최용호,0,family_legal_risk,0.35,1,129
pres_2025,22,official_minutes,https://record.assembly.go.kr/assembly/viewer/minutes/xml.do?id=54472&type=view,official_minutes_54472:7:7,2025-04-03,2025-03-31,12.29여객기참사진상규명과피해자및유가족의피해구제를위한특별위원회,제22대국회 제423회 (임시회) 제3차 12.29여객기참사진상규명과피해자및유가족의피해구제를위한특별위원회(피해자와유가족지원및추모사업지원소위원회) (2025.04.03.),최용호,0,family_legal_risk,0.35,1,142
pres_2025,22,official_minutes,https://record.assembly.go.kr/assembly/viewer/minutes/xml.do?id=54472&type=view,official_minutes_54472:7:9,2025-04-03,2025-03-31,12.29여객기참사진상규명과피해자및유가족의피해구제를위한특별위원회,제22대국회 제423회 (임시회) 제3차 12.29여객기참사진상규명과피해자및유가족의피해구제를위한특별위원회(피해자와유가족지원및추모사업지원소위원회) (2025.04.03.),최용호,0,family_legal_risk,0.35,1,91
pres_2025,22,official_minutes,https://record.assembly.go.kr/assembly/viewer/minutes/xml.do?id=54472&type=view,official_minutes_54472:11:1,2025-04-03,2025-03-31,12.29여객기참사진상규명과피해자및유가족의피해구제를위한특별위원회,제22대국회 제423회 (임시회) 제3차 12.29여객기참사진상규명과피해자및유가족의피해구제를위한특별위원회(피해자와유가족지원및추모사업지원소위원회) (2025.04.03.),이수진,6664,family_legal_risk,0.35,1,59
pres_2025,22,official_minutes,https://record.assembly.go.kr/assembly/viewer/minutes/xml.do?id=54472&type=view,official_minutes_54472:12:1,2025-04-03,2025-03-31,12.29여객기참사진상규명과피해자및유가족의피해구제를위한특별위원회,제22대국회 제423회 (임시회) 제3차 12.29여객기참사진상규명과피해자및유가족의피해구제를위한특별위원회(피해자와유가족지원및추모사업지원소위원회) (2025.04.03.),최용호,0,family_legal_risk,0.35,1,39
pres_2025,22,official_minutes,https://record.assembly.go.kr/assembly/viewer/minutes/xml.do?id=54472&type=view,official_minutes_54472:16:1,2025-04-03,2025-03-31,12.29여객기참사진상규명과피해자및유가족의피해구제를위한특별위원회,제22대국회 제423회 (임시회) 제3차 12.29여객기참사진상규명과피해자및유가족의피해구제를위한특별위원회(피해자와유가족지원및추모사업지원소위원회) (2025.04.03.),최용호,0,family_legal_risk,0.35,1,195
pres_2025,22,official_minutes,https://record.assembly.go.kr/assembly/viewer/minutes/xml.do?id=54472&type=view,official_minutes_54472:25:2,2025-04-03,2025-03-31,12.29여객기참사진상규명과피해자및유가족의피해구제를위한특별위원회,제22대국회 제423회 (임시회) 제3차 12.29여객기참사진상규명과피해자및유가족의피해구제를위한특별위원회(피해자와유가족지원및추모사업지원소위원회) (2025.04.03.),임종수,0,family_legal_risk,0.35,1,101
pres_2025,22,official_minutes,https://record.assembly.go.kr/assembly/viewer/minutes/xml.do?id=54472&type=view,official_minutes_54472:25:3,2025-04-03,2025-03-31,12.29여객기참사진상규명과피해자및유가족의피해구제를위한특별위원회,제22대국회 제423회 (임시회) 제3차 12.29여객기참사진상규명과피해자및유가족의피해구제를위한특별위원회(피해자와유가족지원및추모사업지원소위원회) (2025.04.03.),임종수,0,family_legal_risk,0.35,1,274
pres_2025,22,official_minutes,https://record.assembly.go.kr/assembly/viewer/minutes/xml.do?id=54472&type=view,official_minutes_54472:25:4,2025-04-03,2025-03-31,12.29여객기참사진상규명과피해자및유가족의피해구제를위한특별위원회,제22대국회 제423회 (임시회) 제3차 12.29여객기참사진상규명과피해자및유가족의피해구제를위한특별위원회(피해자와유가족지원및추모사업지원소위원회) (2025.04.03.),임종수,0,family_legal_risk,0.35,1,216
pres_2025,22,official_minutes,https://record.assembly.go.kr/assembly/viewer/minutes/xml.do?id=54472&type=view,official_minutes_54472:25:5,2025-04-03,2025-03-31,12.29여객기참사진상규명과피해자및유가족의피해구제를위한특별위원회,제22대국회 제423회 (임시회) 제3차 12.29여객기참사진상규명과피해자및유가족의피해구제를위한특별위원회(피해자와유가족지원및추모사업지원소위원회) (2025.04.03.),임종수,0,family_legal_risk,0.35,1,38
pres_2025,22,official_minutes,https://record.assembly.go.kr/assembly/viewer/minutes/xml.do?id=54472&type=view,official_minutes_54472:25:7,2025-04-03,2025-03-31,12.29여객기참사진상규명과피해자및유가족의피해구제를위한특별위원회,제22대국회 제423회 (임시회) 제3차 12.29여객기참사진상규명과피해자및유가족의피해구제를위한특별위원회(피해자와유가족지원및추모사업지원소위원회) (2025.04.03.),임종수,0,economy_growth,0.35,1,128
pres_2025,22,official_minutes,https://record.assembly.go.kr/assembly/viewer/minutes/xml.do?id=54472&type=view,official_minutes_54472:25:12,2025-04-03,2025-03-31,12.29여객기참사진상규명과피해자및유가족의피해구제를위한특별위원회,제22대국회 제423회 (임시회) 제3차 12.29여객기참사진상규명과피해자및유가족의피해구제를위한특별위원회(피해자와유가족지원및추모사업지원소위원회) (2025.04.03.),임종수,0,family_legal_risk,0.35,1,72
pres_2025,22,official_minutes,https://record.assembly.go.kr/assembly/viewer/minutes/xml.do?id=54472&type=view,official_minutes_54472:29:3,2025-04-03,2025-03-31,12.29여객기참사진상규명과피해자및유가족의피해구제를위한특별위원회,제22대국회 제423회 (임시회) 제3차 12.29여객기참사진상규명과피해자및유가족의피해구제를위한특별위원회(피해자와유가족지원및추모사업지원소위원회) (2025.04.03.),최용호,0,family_legal_risk,0.35,1,43
pres_2025,22,official_minutes,https://record.assembly.go.kr/assembly/viewer/minutes/xml.do?id=54472&type=view,official_minutes_54472:29:6,2025-04-03,2025-03-31,12.29여객기참사진상규명과피해자및유가족의피해구제를위한특별위원회,제22대국회 제423회 (임시회) 제3차 12.29여객기참사진상규명과피해자및유가족의피해구제를위한특별위원회(피해자와유가족지원및추모사업지원소위원회) (2025.04.03.),최용호,0,family_legal_risk,0.35,1,77
pres_2025,22,official_minutes,https://record.assembly.go.kr/assembly/viewer/minutes/xml.do?id=54472&type=view,official_minutes_54472:35:2,2025-04-03,2025-03-31,12.29여객기참사진상규명과피해자및유가족의피해구제를위한특별위원회,제22대국회 제423회 (임시회) 제3차 12.29여객기참사진상규명과피해자및유가족의피해구제를위한특별위원회(피해자와유가족지원및추모사업지원소위원회) (2025.04.03.),박정수,0,family_legal_risk,0.35,1,76
pres_2025,22,official_minutes,https://record.assembly.go.kr/assembly/viewer/minutes/xml.do?id=54472&type=view,official_minutes_54472:35:5,2025-04-03,2025-03-31,12.29여객기참사진상규명과피해자및유가족의피해구제를위한특별위원회,제22대국회 제423회 (임시회) 제3차 12.29여객기참사진상규명과피해자및유가족의피해구제를위한특별위원회(피해자와유가족지원및추모사업지원소위원회) (2025.04.03.),박정수,0,family_legal_risk,0.35,1,35
pres_2025,22,official_minutes,https://record.assembly.go.kr/assembly/viewer/minutes/xml.do?id=54472&type=view,official_minutes_54472:37:1,2025-04-03,2025-03-31,12.29여객기참사진상규명과피해자및유가족의피해구제를위한특별위원회,제22대국회 제423회 (임시회) 제3차 12.29여객기참사진상규명과피해자및유가족의피해구제를위한특별위원회(피해자와유가족지원및추모사업지원소위원회) (2025.04.03.),박정수,0,family_legal_risk,0.35,1,54
pres_2025,22,official_minutes,https://record.assembly.go.kr/assembly/viewer/minutes/xml.do?id=54472&type=view,official_minutes_54472:39:1,2025-04-03,2025-03-31,12.29여객기참사진상규명과피해자및유가족의피해구제를위한특별위원회,제22대국회 제423회 (임시회) 제3차 12.29여객기참사진상규명과피해자및유가족의피해구제를위한특별위원회(피해자와유가족지원및추모사업지원소위원회) (2025.04.03.),박정수,0,family_legal_risk,0.35,1,114
pres_2025,22,official_minutes,https://record.assembly.go.kr/assembly/viewer/minutes/xml.do?id=54472&type=view,official_minutes_54472:40:8,2025-04-03,2025-03-31,12.29여객기참사진상규명과피해자및유가족의피해구제를위한특별위원회,제22대국회 제423회 (임시회) 제3차 12.29여객기참사진상규명과피해자및유가족의피해구제를위한특별위원회(피해자와유가족지원및추모사업지원소위원회) (2025.04.03.),김미애,6589,welfare_pension,0.35,1,31
pres_2025,22,official_minutes,https://record.assembly.go.kr/assembly/viewer/minutes/xml.do?id=54472&type=view,official_minutes_54472:41:1,2025-04-03,2025-03-31,12.29여객기참사진상규명과피해자및유가족의피해구제를위한특별위원회,제22대국회 제423회 (임시회) 제3차 12.29여객기참사진상규명과피해자및유가족의피해구제를위한특별위원회(피해자와유가족지원및추모사업지원소위원회) (2025.04.03.),박정수,0,family_legal_risk,0.35,1,79
pres_2025,22,official_minutes,https://record.assembly.go.kr/assembly/viewer/minutes/xml.do?id=54472&type=view,official_minutes_54472:44:2,2025-04-03,2025-03-31,12.29여객기참사진상규명과피해자및유가족의피해구제를위한특별위원회,제22대국회 제423회 (임시회) 제3차 12.29여객기참사진상규명과피해자및유가족의피해구제를위한특별위원회(피해자와유가족지원및추모사업지원소위원회) (2025.04.03.),정준호,6839,family_legal_risk,0.35,1,205
pres_2025,22,official_minutes,https://record.assembly.go.kr/assembly/viewer/minutes/xml.do?id=54472&type=view,official_minutes_54472:44:6,2025-04-03,2025-03-31,12.29여객기참사진상규명과피해자및유가족의피해구제를위한특별위원회,제22대국회 제423회 (임시회) 제3차 12.29여객기참사진상규명과피해자및유가족의피해구제를위한특별위원회(피해자와유가족지원및추모사업지원소위원회) (2025.04.03.),정준호,6839,family_legal_risk,0.35,1,134
pres_2025,22,official_minutes,https://record.assembly.go.kr/assembly/viewer/minutes/xml.do?id=54472&type=view,official_minutes_54472:44:9,2025-04-03,2025-03-31,12.29여객기참사진상규명과피해자및유가족의피해구제를위한특별위원회,제22대국회 제423회 (임시회) 제3차 12.29여객기참사진상규명과피해자및유가족의피해구제를위한특별위원회(피해자와유가족지원및추모사업지원소위원회) (2025.04.03.),정준호,6839,family_legal_risk,0.35,1,187
pres_2025,22,official_minutes,https://record.assembly.go.kr/assembly/viewer/minutes/xml.do?id=54472&type=view,official_minutes_54472:48:2,2025-04-03,2025-03-31,12.29여객기참사진상규명과피해자및유가족의피해구제를위한특별위원회,제22대국회 제423회 (임시회) 제3차 12.29여객기참사진상규명과피해자및유가족의피해구제를위한특별위원회(피해자와유가족지원및추모사업지원소위원회) (2025.04.03.),전진숙,6752,endorsement_event,0.35,1,95
pres_2025,22,official_minutes,https://record.assembly.go.kr/assembly/viewer/minutes/xml.do?id=54472&type=view,official_minutes_54472:49:1,2025-04-03,2025-03-31,12.29여객기참사진상규명과피해자및유가족의피해구제를위한특별위원회,제22대국회 제423회 (임시회) 제3차 12.29여객기참사진상규명과피해자및유가족의피해구제를위한특별위원회(피해자와유가족지원및추모사업지원소위원회) (2025.04.03.),임종수,0,family_legal_risk,0.35,1,94
pres_2025,22,official_minutes,https://record.assembly.go.kr/assembly/viewer/minutes/xml.do?id=54472&type=view,official_minutes_54472:49:2,2025-04-03,2025-03-31,12.29여객기참사진상규명과피해자및유가족의피해구제를위한특별위원회,제22대국회 제423회 (임시회) 제3차 12.29여객기참사진상규명과피해자및유가족의피해구제를위한특별위원회(피해자와유가족지원및추모사업지원소위원회) (2025.04.03.),임종수,0,family_legal_risk,0.35,1,106
pres_2025,22,official_minutes,https://record.assembly.go.kr/assembly/viewer/minutes/xml.do?id=54472&type=view,official_minutes_54472:49:5,2025-04-03,2025-03-31,12.29여객기참사진상규명과피해자및유가족의피해구제를위한특별위원회,제22대국회 제423회 (임시회) 제3차 12.29여객기참사진상규명과피해자및유가족의피해구제를위한특별위원회(피해자와유가족지원및추모사업지원소위원회) (2025.04.03.),임종수,0,family_legal_risk,0.35,1,82
pres_2025,22,official_minutes,https://record.assembly.go.kr/assembly/viewer/minutes/xml.do?id=54472&type=view,official_minutes_54472:49:6,2025-04-03,2025-03-31,12.29여객기참사진상규명과피해자및유가족의피해구제를위한특별위원회,제22대국회 제423회 (임시회) 제3차 12.29여객기참사진상규명과피해자및유가족의피해구제를위한특별위원회(피해자와유가족지원및추모사업지원소위원회) (2025.04.03.),임종수,0,family_legal_risk,0.35,1,103
pres_2025,22,official_minutes,https://record.assembly.go.kr/assembly/viewer/minutes/xml.do?id=54472&type=view,official_minutes_54472:51:4,2025-04-03,2025-03-31,12.29여객기참사진상규명과피해자및유가족의피해구제를위한특별위원회,제22대국회 제423회 (임시회) 제3차 12.29여객기참사진상규명과피해자및유가족의피해구제를위한특별위원회(피해자와유가족지원및추모사업지원소위원회) (2025.04.03.),임종수,0,external_shock,0.35,1,82
pres_2025,22,official_minutes,https://record.assembly.go.kr/assembly/viewer/minutes/xml.do?id=54472&type=view,official_minutes_54472:55:1,2025-04-03,2025-03-31,12.29여객기참사진상규명과피해자및유가족의피해구제를위한특별위원회,제22대국회 제423회 (임시회) 제3차 12.29여객기참사진상규명과피해자및유가족의피해구제를위한특별위원회(피해자와유가족지원및추모사업지원소위원회) (2025.04.03.),이수진,6664,family_legal_risk,0.35,1,62
pres_2025,22,official_minutes,https://record.assembly.go.kr/assembly/viewer/minutes/xml.do?id=54472&type=view,official_minutes_54472:55:2,2025-04-03,2025-03-31,12.29여객기참사진상규명과피해자및유가족의피해구제를위한특별위원회,제22대국회 제423회 (임시회) 제3차 12.29여객기참사진상규명과피해자및유가족의피해구제를위한특별위원회(피해자와유가족지원및추모사업지원소위원회) (2025.04.03.),이수진,6664,economy_growth,0.35,1,121
pres_2025,22,official_minutes,https://record.assembly.go.kr/assembly/viewer/minutes/xml.do?id=54472&type=view,official_minutes_54472:55:3,2025-04-03,2025-03-31,12.29여객기참사진상규명과피해자및유가족의피해구제를위한특별위원회,제22대국회 제423회 (임시회) 제3차 12.29여객기참사진상규명과피해자및유가족의피해구제를위한특별위원회(피해자와유가족지원및추모사업지원소위원회) (2025.04.03.),이수진,6664,family_legal_risk,0.35,1,104
pres_2025,22,official_minutes,https://record.assembly.go.kr/assembly/viewer/minutes/xml.do?id=54472&type=view,official_minutes_54472:55:6,2025-04-03,2025-03-31,12.29여객기참사진상규명과피해자및유가족의피해구제를위한특별위원회,제22대국회 제423회 (임시회) 제3차 12.29여객기참사진상규명과피해자및유가족의피해구제를위한특별위원회(피해자와유가족지원및추모사업지원소위원회) (2025.04.03.),이수진,6664,family_legal_risk,0.35,1,283
pres_2025,22,official_minutes,https://record.assembly.go.kr/assembly/viewer/minutes/xml.do?id=54472&type=view,official_minutes_54472:55:9,2025-04-03,2025-03-31,12.29여객기참사진상규명과피해자및유가족의피해구제를위한특별위원회,제22대국회 제423회 (임시회) 제3차 12.29여객기참사진상규명과피해자및유가족의피해구제를위한특별위원회(피해자와유가족지원및추모사업지원소위원회) (2025.04.03.),이수진,6664,family_legal_risk,0.35,1,38
pres_2025,22,official_minutes,https://record.assembly.go.kr/assembly/viewer/minutes/xml.do?id=54472&type=view,official_minutes_54472:55:11,2025-04-03,2025-03-31,12.29여객기참사진상규명과피해자및유가족의피해구제를위한특별위원회,제22대국회 제423회 (임시회) 제3차 12.29여객기참사진상규명과피해자및유가족의피해구제를위한특별위원회(피해자와유가족지원및추모사업지원소위원회) (2025.04.03.),이수진,6664,family_legal_risk,0.35,1,68
pres_2025,22,official_minutes,https://record.assembly.go.kr/assembly/viewer/minutes/xml.do?id=54472&type=view,official_minutes_54472:55:15,2025-04-03,2025-03-31,12.29여객기참사진상규명과피해자및유가족의피해구제를위한특별위원회,제22대국회 제423회 (임시회) 제3차 12.29여객기참사진상규명과피해자및유가족의피해구제를위한특별위원회(피해자와유가족지원및추모사업지원소위원회) (2025.04.03.),이수진,6664,family_legal_risk,0.35,1,113
pres_2025,22,official_minutes,https://record.assembly.go.kr/assembly/viewer/minutes/xml.do?id=54472&type=view,official_minutes_54472:57:1,2025-04-03,2025-03-31,12.29여객기참사진상규명과피해자및유가족의피해구제를위한특별위원회,제22대국회 제423회 (임시회) 제3차 12.29여객기참사진상규명과피해자및유가족의피해구제를위한특별위원회(피해자와유가족지원및추모사업지원소위원회) (2025.04.03.),박정수,0,family_legal_risk,0.35,1,42
pres_2025,22,official_minutes,https://record.assembly.go.kr/assembly/viewer/minutes/xml.do?id=54472&type=view,official_minutes_54472:61:1,2025-04-03,2025-03-31,12.29여객기참사진상규명과피해자및유가족의피해구제를위한특별위원회,제22대국회 제423회 (임시회) 제3차 12.29여객기참사진상규명과피해자및유가족의피해구제를위한특별위원회(피해자와유가족지원및추모사업지원소위원회) (2025.04.03.),최용호,0,family_legal_risk,0.35,1,59
pres_2025,22,official_minutes,https://record.assembly.go.kr/assembly/viewer/minutes/xml.do?id=54472&type=view,official_minutes_54472:61:2,2025-04-03,2025-03-31,12.29여객기참사진상규명과피해자및유가족의피해구제를위한특별위원회,제22대국회 제423회 (임시회) 제3차 12.29여객기참사진상규명과피해자및유가족의피해구제를위한특별위원회(피해자와유가족지원및추모사업지원소위원회) (2025.04.03.),최용호,0,family_legal_risk,0.35,1,153
pres_2025,22,official_minutes,https://record.assembly.go.kr/assembly/viewer/minutes/xml.do?id=54472&type=view,official_minutes_54472:61:4,2025-04-03,2025-03-31,12.29여객기참사진상규명과피해자및유가족의피해구제를위한특별위원회,제22대국회 제423회 (임시회) 제3차 12.29여객기참사진상규명과피해자및유가족의피해구제를위한특별위원회(피해자와유가족지원및추모사업지원소위원회) (2025.04.03.),최용호,0,family_legal_risk,0.35,1,218
pres_2025,22,official_minutes,https://record.assembly.go.kr/assembly/viewer/minutes/xml.do?id=54472&type=view,official_minutes_54472:80:3,2025-04-03,2025-03-31,12.29여객기참사진상규명과피해자및유가족의피해구제를위한특별위원회,제22대국회 제423회 (임시회) 제3차 12.29여객기참사진상규명과피해자및유가족의피해구제를위한특별위원회(피해자와유가족지원및추모사업지원소위원회) (2025.04.03.),이수진,6664,family_legal_risk,0.35,1,130
pres_2025,22,official_minutes,https://record.assembly.go.kr/assembly/viewer/minutes/xml.do?id=54472&type=view,official_minutes_54472:107:2,2025-04-03,2025-03-31,12.29여객기참사진상규명과피해자및유가족의피해구제를위한특별위원회,제22대국회 제423회 (임시회) 제3차 12.29여객기참사진상규명과피해자및유가족의피해구제를위한특별위원회(피해자와유가족지원및추모사업지원소위원회) (2025.04.03.),백원국,0,inflation_livelihood,0.35,1,50
pres_2025,22,official_minutes,https://record.assembly.go.kr/assembly/viewer/minutes/xml.do?id=54472&type=view,official_minutes_54472:112:1,2025-04-03,2025-03-31,12.29여객기참사진상규명과피해자및유가족의피해구제를위한특별위원회,제22대국회 제423회 (임시회) 제3차 12.29여객기참사진상규명과피해자및유가족의피해구제를위한특별위원회(피해자와유가족지원및추모사업지원소위원회) (2025.04.03.),장상만,0,inflation_livelihood,0.35,1,17
pres_2025,22,official_minutes,https://record.assembly.go.kr/assembly/viewer/minutes/xml.do?id=54472&type=view,official_minutes_54472:112:6,2025-04-03,2025-03-31,12.29여객기참사진상규명과피해자및유가족의피해구제를위한특별위원회,제22대국회 제423회 (임시회) 제3차 12.29여객기참사진상규명과피해자및유가족의피해구제를위한특별위원회(피해자와유가족지원및추모사업지원소위원회) (2025.04.03.),장상만,0,regional_dev,0.35,1,105
pres_2025,22,official_minutes,https://record.assembly.go.kr/assembly/viewer/minutes/xml.do?id=54472&type=view,official_minutes_54472:114:2,2025-04-03,2025-03-31,12.29여객기참사진상규명과피해자및유가족의피해구제를위한특별위원회,제22대국회 제423회 (임시회) 제3차 12.29여객기참사진상규명과피해자및유가족의피해구제를위한특별위원회(피해자와유가족지원및추모사업지원소위원회) (2025.04.03.),장상만,0,regional_dev,0.35,1,60
pres_2025,22,official_minutes,https://record.assembly.go.kr/assembly/viewer/minutes/xml.do?id=54472&type=view,official_minutes_54472:115:1,2025-04-03,2025-03-31,12.29여객기참사진상규명과피해자및유가족의피해구제를위한특별위원회,제22대국회 제423회 (임시회) 제3차 12.29여객기참사진상규명과피해자및유가족의피해구제를위한특별위원회(피해자와유가족지원및추모사업지원소위원회) (2025.04.03.),이수진,6664,regional_dev,0.35,1,48
pres_2025,22,official_minutes,https://record.assembly.go.kr/assembly/viewer/minutes/xml.do?id=54472&type=view,official_minutes_54472:132:1,2025-04-03,2025-03-31,12.29여객기참사진상규명과피해자및유가족의피해구제를위한특별위원회,제22대국회 제423회 (임시회) 제3차 12.29여객기참사진상규명과피해자및유가족의피해구제를위한특별위원회(피해자와유가족지원및추모사업지원소위원회) (2025.04.03.),임종수,0,education,0.35,1,58
pres_2025,22,official_minutes,https://record.assembly.go.kr/assembly/viewer/minutes/xml.do?id=54472&type=view,official_minutes_54472:133:1,2025-04-03,2025-03-31,12.29여객기참사진상규명과피해자및유가족의피해구제를위한특별위원회,제22대국회 제423회 (임시회) 제3차 12.29여객기참사진상규명과피해자및유가족의피해구제를위한특별위원회(피해자와유가족지원및추모사업지원소위원회) (2025.04.03.),이수진,6664,education,0.35,1,17
pres_2025,22,official_minutes,https://record.assembly.go.kr/assembly/viewer/minutes/xml.do?id=54472&type=view,official_minutes_54472:134:1,2025-04-03,2025-03-31,12.29여객기참사진상규명과피해자및유가족의피해구제를위한특별위원회,제22대국회 제423회 (임시회) 제3차 12.29여객기참사진상규명과피해자및유가족의피해구제를위한특별위원회(피해자와유가족지원및추모사업지원소위원회) (2025.04.03.),최창익,0,education,1.0,1,21
pres_2025,22,official_minutes,https://record.assembly.go.kr/assembly/viewer/minutes/xml.do?id=54472&type=view,official_minutes_54472:134:2,2025-04-03,2025-03-31,12.29여객기참사진상규명과피해자및유가족의피해구제를위한특별위원회,제22대국회 제423회 (임시회) 제3차 12.29여객기참사진상규명과피해자및유가족의피해구제를위한특별위원회(피해자와유가족지원및추모사업지원소위원회) (2025.04.03.),최창익,0,education,1.0,1,53
pres_2025,22,official_minutes,https://record.assembly.go.kr/assembly/viewer/minutes/xml.do?id=54472&type=view,official_minutes_54472:135:2,2025-04-03,2025-03-31,12.29여객기참사진상규명과피해자및유가족의피해구제를위한특별위원회,제22대국회 제423회 (임시회) 제3차 12.29여객기참사진상규명과피해자및유가족의피해구제를위한특별위원회(피해자와유가족지원및추모사업지원소위원회) (2025.04.03.),이수진,6664,education,0.35,1,52
pres_2025,22,official_minutes,https://record.assembly.go.kr/assembly/viewer/minutes/xml.do?id=54472&type=view,official_minutes_54472:135:2,2025-04-03,2025-03-31,12.29여객기참사진상규명과피해자및유가족의피해구제를위한특별위원회,제22대국회 제423회 (임시회) 제3차 12.29여객기참사진상규명과피해자및유가족의피해구제를위한특별위원회(피해자와유가족지원및추모사업지원소위원회) (2025.04.03.),이수진,6664,foreign_policy,0.35,1,52
pres_2025,22,official_minutes,https://record.assembly.go.kr/assembly/viewer/minutes/xml.do?id=54472&type=view,official_minutes_54472:138:4,2025-04-03,2025-03-31,12.29여객기참사진상규명과피해자및유가족의피해구제를위한특별위원회,제22대국회 제423회 (임시회) 제3차 12.29여객기참사진상규명과피해자및유가족의피해구제를위한특별위원회(피해자와유가족지원및추모사업지원소위원회) (2025.04.03.),최창익,0,education,0.35,1,42
pres_2025,22,official_minutes,https://record.assembly.go.kr/assembly/viewer/minutes/xml.do?id=54472&type=view,official_minutes_54472:140:1,2025-04-03,2025-03-31,12.29여객기참사진상규명과피해자및유가족의피해구제를위한특별위원회,제22대국회 제423회 (임시회) 제3차 12.29여객기참사진상규명과피해자및유가족의피해구제를위한특별위원회(피해자와유가족지원및추모사업지원소위원회) (2025.04.03.),이수진,6664,welfare_pension,1.0,1,40
pres_2025,22,official_minutes,https://record.assembly.go.kr/assembly/viewer/minutes/xml.do?id=54472&type=view,official_minutes_54472:140:2,2025-04-03,2025-03-31,12.29여객기참사진상규명과피해자및유가족의피해구제를위한특별위원회,제22대국회 제423회 (임시회) 제3차 12.29여객기참사진상규명과피해자및유가족의피해구제를위한특별위원회(피해자와유가족지원및추모사업지원소위원회) (2025.04.03.),이수진,6664,welfare_pension,0.35,1,26
pres_2025,22,official_minutes,https://record.assembly.go.kr/assembly/viewer/minutes/xml.do?id=54472&type=view,official_minutes_54472:143:3,2025-04-03,2025-03-31,12.29여객기참사진상규명과피해자및유가족의피해구제를위한특별위원회,제22대국회 제423회 (임시회) 제3차 12.29여객기참사진상규명과피해자및유가족의피해구제를위한특별위원회(피해자와유가족지원및추모사업지원소위원회) (2025.04.03.),오영렬,0,family_legal_risk,0.35,1,39
pres_2025,22,official_minutes,https://record.assembly.go.kr/assembly/viewer/minutes/xml.do?id=54472&type=view,official_minutes_54472:143:4,2025-04-03,2025-03-31,12.29여객기참사진상규명과피해자및유가족의피해구제를위한특별위원회,제22대국회 제423회 (임시회) 제3차 12.29여객기참사진상규명과피해자및유가족의피해구제를위한특별위원회(피해자와유가족지원및추모사업지원소위원회) (2025.04.03.),오영렬,0,family_legal_risk,0.35,1,117
pres_2025,22,official_minutes,https://record.assembly.go.kr/assembly/viewer/minutes/xml.do?id=54472&type=view,official_minutes_54472:144:1,2025-04-03,2025-03-31,12.29여객기참사진상규명과피해자및유가족의피해구제를위한특별위원회,제22대국회 제423회 (임시회) 제3차 12.29여객기참사진상규명과피해자및유가족의피해구제를위한특별위원회(피해자와유가족지원및추모사업지원소위원회) (2025.04.03.),전진숙,6752,family_legal_risk,0.35,1,147
pres_2025,22,official_minutes,https://record.assembly.go.kr/assembly/viewer/minutes/xml.do?id=54472&type=view,official_minutes_54472:153:1,2025-04-03,2025-03-31,12.29여객기참사진상규명과피해자및유가족의피해구제를위한특별위원회,제22대국회 제423회 (임시회) 제3차 12.29여객기참사진상규명과피해자및유가족의피해구제를위한특별위원회(피해자와유가족지원및추모사업지원소위원회) (2025.04.03.),오영렬,0,family_legal_risk,0.35,1,88
pres_2025,22,official_minutes,https://record.assembly.go.kr/assembly/viewer/minutes/xml.do?id=54472&type=view,official_minutes_54472:158:3,2025-04-03,2025-03-31,12.29여객기참사진상규명과피해자및유가족의피해구제를위한특별위원회,제22대국회 제423회 (임시회) 제3차 12.29여객기참사진상규명과피해자및유가족의피해구제를위한특별위원회(피해자와유가족지원및추모사업지원소위원회) (2025.04.03.),이수진,6664,family_legal_risk,0.35,1,70
pres_2025,22,official_minutes,https://record.assembly.go.kr/assembly/viewer/minutes/xml.do?id=54472&type=view,official_minutes_54472:159:4,2025-04-03,2025-03-31,12.29여객기참사진상규명과피해자및유가족의피해구제를위한특별위원회,제22대국회 제423회 (임시회) 제3차 12.29여객기참사진상규명과피해자및유가족의피해구제를위한특별위원회(피해자와유가족지원및추모사업지원소위원회) (2025.04.03.),임종수,0,external_shock,0.35,1,111
pres_2025,22,official_minutes,https://record.assembly.go.kr/assembly/viewer/minutes/xml.do?id=54472&type=view,official_minutes_54472:159:6,2025-04-03,2025-03-31,12.29여객기참사진상규명과피해자및유가족의피해구제를위한특별위원회,제22대국회 제423회 (임시회) 제3차 12.29여객기참사진상규명과피해자및유가족의피해구제를위한특별위원회(피해자와유가족지원및추모사업지원소위원회) (2025.04.03.),임종수,0,external_shock,0.35,1,157
pres_2025,22,official_minutes,https://record.assembly.go.kr/assembly/viewer/minutes/xml.do?id=54472&type=view,official_minutes_54472:165:3,2025-04-03,2025-03-31,12.29여객기참사진상규명과피해자및유가족의피해구제를위한특별위원회,제22대국회 제423회 (임시회) 제3차 12.29여객기참사진상규명과피해자및유가족의피해구제를위한특별위원회(피해자와유가족지원및추모사업지원소위원회) (2025.04.03.),김주이,0,external_shock,0.35,1,173
pres_2025,22,official_minutes,https://record.assembly.go.kr/assembly/viewer/minutes/xml.do?id=54472&type=view,official_minutes_54472:167:1,2025-04-03,2025-03-31,12.29여객기참사진상규명과피해자및유가족의피해구제를위한특별위원회,제22대국회 제423회 (임시회) 제3차 12.29여객기참사진상규명과피해자및유가족의피해구제를위한특별위원회(피해자와유가족지원및추모사업지원소위원회) (2025.04.03.),정경훈,0,jobs_labor,0.35,1,25
pres_2025,22,official_minutes,https://record.assembly.go.kr/assembly/viewer/minutes/xml.do?id=54472&type=view,official_minutes_54472:173:4,2025-04-03,2025-03-31,12.29여객기참사진상규명과피해자및유가족의피해구제를위한특별위원회,제22대국회 제423회 (임시회) 제3차 12.29여객기참사진상규명과피해자및유가족의피해구제를위한특별위원회(피해자와유가족지원및추모사업지원소위원회) (2025.04.03.),임종수,0,jobs_labor,0.35,1,140
pres_2025,22,official_minutes,https://record.assembly.go.kr/assembly/viewer/minutes/xml.do?id=54475&type=view,official_minutes_54475:1:2,2025-04-07,2025-04-07,12.29여객기참사진상규명과피해자및유가족의피해구제를위한특별위원회,제22대국회 제424회 (임시회) 제4차 12.29여객기참사진상규명과피해자및유가족의피해구제를위한특별위원회(피해자와유가족지원및추모사업지원소위원회) (2025.04.07.),이수진,6664,family_legal_risk,0.35,1,64
pres_2025,22,official_minutes,https://record.assembly.go.kr/assembly/viewer/minutes/xml.do?id=54475&type=view,official_minutes_54475:3:2,2025-04-07,2025-04-07,12.29여객기참사진상규명과피해자및유가족의피해구제를위한특별위원회,제22대국회 제424회 (임시회) 제4차 12.29여객기참사진상규명과피해자및유가족의피해구제를위한특별위원회(피해자와유가족지원및추모사업지원소위원회) (2025.04.07.),임종수,0,family_legal_risk,0.35,1,83
pres_2025,22,official_minutes,https://record.assembly.go.kr/assembly/viewer/minutes/xml.do?id=54475&type=view,official_minutes_54475:7:1,2025-04-07,2025-04-07,12.29여객기참사진상규명과피해자및유가족의피해구제를위한특별위원회,제22대국회 제424회 (임시회) 제4차 12.29여객기참사진상규명과피해자및유가족의피해구제를위한특별위원회(피해자와유가족지원및추모사업지원소위원회) (2025.04.07.),이달희,6767,family_legal_risk,0.35,1,120
pres_2025,22,official_minutes,https://record.assembly.go.kr/assembly/viewer/minutes/xml.do?id=54475&type=view,official_minutes_54475:11:7,2025-04-07,2025-04-07,12.29여객기참사진상규명과피해자및유가족의피해구제를위한특별위원회,제22대국회 제424회 (임시회) 제4차 12.29여객기참사진상규명과피해자및유가족의피해구제를위한특별위원회(피해자와유가족지원및추모사업지원소위원회) (2025.04.07.),백원국,0,family_legal_risk,0.35,1,51
pres_2025,22,official_minutes,https://record.assembly.go.kr/assembly/viewer/minutes/xml.do?id=54475&type=view,official_minutes_54475:11:8,2025-04-07,2025-04-07,12.29여객기참사진상규명과피해자및유가족의피해구제를위한특별위원회,제22대국회 제424회 (임시회) 제4차 12.29여객기참사진상규명과피해자및유가족의피해구제를위한특별위원회(피해자와유가족지원및추모사업지원소위원회) (2025.04.07.),백원국,0,family_legal_risk,0.35,1,70
pres_2025,22,official_minutes,https://record.assembly.go.kr/assembly/viewer/minutes/xml.do?id=54475&type=view,official_minutes_54475:12:1,2025-04-07,2025-04-07,12.29여객기참사진상규명과피해자및유가족의피해구제를위한특별위원회,제22대국회 제424회 (임시회) 제4차 12.29여객기참사진상규명과피해자및유가족의피해구제를위한특별위원회(피해자와유가족지원및추모사업지원소위원회) (2025.04.07.),전진숙,6752,family_legal_risk,0.35,1,64
pres_2025,22,official_minutes,https://record.assembly.go.kr/assembly/viewer/minutes/xml.do?id=54475&type=view,official_minutes_54475:17:9,2025-04-07,2025-04-07,12.29여객기참사진상규명과피해자및유가족의피해구제를위한특별위원회,제22대국회 제424회 (임시회) 제4차 12.29여객기참사진상규명과피해자및유가족의피해구제를위한특별위원회(피해자와유가족지원및추모사업지원소위원회) (2025.04.07.),임종수,0,regional_dev,0.35,1,38
pres_2025,22,official_minutes,https://record.assembly.go.kr/assembly/viewer/minutes/xml.do?id=54475&type=view,official_minutes_54475:17:11,2025-04-07,2025-04-07,12.29여객기참사진상규명과피해자및유가족의피해구제를위한특별위원회,제22대국회 제424회 (임시회) 제4차 12.29여객기참사진상규명과피해자및유가족의피해구제를위한특별위원회(피해자와유가족지원및추모사업지원소위원회) (2025.04.07.),임종수,0,family_legal_risk,0.35,1,63
pres_2025,22,official_minutes,https://record.assembly.go.kr/assembly/viewer/minutes/xml.do?id=54475&type=view,official_minutes_54475:17:15,2025-04-07,2025-04-07,12.29여객기참사진상규명과피해자및유가족의피해구제를위한특별위원회,제22대국회 제424회 (임시회) 제4차 12.29여객기참사진상규명과피해자및유가족의피해구제를위한특별위원회(피해자와유가족지원및추모사업지원소위원회) (2025.04.07.),임종수,0,education,0.35,1,107
pres_2025,22,official_minutes,https://record.assembly.go.kr/assembly/viewer/minutes/xml.do?id=54475&type=view,official_minutes_54475:17:24,2025-04-07,2025-04-07,12.29여객기참사진상규명과피해자및유가족의피해구제를위한특별위원회,제22대국회 제424회 (임시회) 제4차 12.29여객기참사진상규명과피해자및유가족의피해구제를위한특별위원회(피해자와유가족지원및추모사업지원소위원회) (2025.04.07.),임종수,0,economy_growth,1.0,1,233
pres_2025,22,official_minutes,https://record.assembly.go.kr/assembly/viewer/minutes/xml.do?id=54475&type=view,official_minutes_54475:17:24,2025-04-07,2025-04-07,12.29여객기참사진상규명과피해자및유가족의피해구제를위한특별위원회,제22대국회 제424회 (임시회) 제4차 12.29여객기참사진상규명과피해자및유가족의피해구제를위한특별위원회(피해자와유가족지원및추모사업지원소위원회) (2025.04.07.),임종수,0,regional_dev,0.35,1,233
pres_2025,22,official_minutes,https://record.assembly.go.kr/assembly/viewer/minutes/xml.do?id=54475&type=view,official_minutes_54475:17:26,2025-04-07,2025-04-07,12.29여객기참사진상규명과피해자및유가족의피해구제를위한특별위원회,제22대국회 제424회 (임시회) 제4차 12.29여객기참사진상규명과피해자및유가족의피해구제를위한특별위원회(피해자와유가족지원및추모사업지원소위원회) (2025.04.07.),임종수,0,welfare_pension,0.35,1,150
pres_2025,22,official_minutes,https://record.assembly.go.kr/assembly/viewer/minutes/xml.do?id=54475&type=view,official_minutes_54475:17:28,2025-04-07,2025-04-07,12.29여객기참사진상규명과피해자및유가족의피해구제를위한특별위원회,제22대국회 제424회 (임시회) 제4차 12.29여객기참사진상규명과피해자및유가족의피해구제를위한특별위원회(피해자와유가족지원및추모사업지원소위원회) (2025.04.07.),임종수,0,welfare_pension,0.35,1,72
pres_2025,22,official_minutes,https://record.assembly.go.kr/assembly/viewer/minutes/xml.do?id=54475&type=view,official_minutes_54475:17:34,2025-04-07,2025-04-07,12.29여객기참사진상규명과피해자및유가족의피해구제를위한특별위원회,제22대국회 제424회 (임시회) 제4차 12.29여객기참사진상규명과피해자및유가족의피해구제를위한특별위원회(피해자와유가족지원및추모사업지원소위원회) (2025.04.07.),임종수,0,jobs_labor,0.35,1,100
pres_2025,22,official_minutes,https://record.assembly.go.kr/assembly/viewer/minutes/xml.do?id=54475&type=view,official_minutes_54475:17:36,2025-04-07,2025-04-07,12.29여객기참사진상규명과피해자및유가족의피해구제를위한특별위원회,제22대국회 제424회 (임시회) 제4차 12.29여객기참사진상규명과피해자및유가족의피해구제를위한특별위원회(피해자와유가족지원및추모사업지원소위원회) (2025.04.07.),임종수,0,education,0.35,1,22
pres_2025,22,official_minutes,https://record.assembly.go.kr/assembly/viewer/minutes/xml.do?id=54475&type=view,official_minutes_54475:17:37,2025-04-07,2025-04-07,12.29여객기참사진상규명과피해자및유가족의피해구제를위한특별위원회,제22대국회 제424회 (임시회) 제4차 12.29여객기참사진상규명과피해자및유가족의피해구제를위한특별위원회(피해자와유가족지원및추모사업지원소위원회) (2025.04.07.),임종수,0,education,0.35,1,88
pres_2025,22,official_minutes,https://record.assembly.go.kr/assembly/viewer/minutes/xml.do?id=54475&type=view,official_minutes_54475:17:39,2025-04-07,2025-04-07,12.29여객기참사진상규명과피해자및유가족의피해구제를위한특별위원회,제22대국회 제424회 (임시회) 제4차 12.29여객기참사진상규명과피해자및유가족의피해구제를위한특별위원회(피해자와유가족지원및추모사업지원소위원회) (2025.04.07.),임종수,0,welfare_pension,0.35,1,188
pres_2025,22,official_minutes,https://record.assembly.go.kr/assembly/viewer/minutes/xml.do?id=54475&type=view,official_minutes_54475:17:41,2025-04-07,2025-04-07,12.29여객기참사진상규명과피해자및유가족의피해구제를위한특별위원회,제22대국회 제424회 (임시회) 제4차 12.29여객기참사진상규명과피해자및유가족의피해구제를위한특별위원회(피해자와유가족지원및추모사업지원소위원회) (2025.04.07.),임종수,0,welfare_pension,1.0,1,121
pres_2025,22,official_minutes,https://record.assembly.go.kr/assembly/viewer/minutes/xml.do?id=54475&type=view,official_minutes_54475:17:46,2025-04-07,2025-04-07,12.29여객기참사진상규명과피해자및유가족의피해구제를위한특별위원회,제22대국회 제424회 (임시회) 제4차 12.29여객기참사진상규명과피해자및유가족의피해구제를위한특별위원회(피해자와유가족지원및추모사업지원소위원회) (2025.04.07.),임종수,0,welfare_pension,0.35,1,145
pres_2025,22,official_minutes,https://record.assembly.go.kr/assembly/viewer/minutes/xml.do?id=54475&type=view,official_minutes_54475:17:48,2025-04-07,2025-04-07,12.29여객기참사진상규명과피해자및유가족의피해구제를위한특별위원회,제22대국회 제424회 (임시회) 제4차 12.29여객기참사진상규명과피해자및유가족의피해구제를위한특별위원회(피해자와유가족지원및추모사업지원소위원회) (2025.04.07.),임종수,0,family_legal_risk,0.35,1,216
pres_2025,22,official_minutes,https://record.assembly.go.kr/assembly/viewer/minutes/xml.do?id=54475&type=view,official_minutes_54475:17:54,2025-04-07,2025-04-07,12.29여객기참사진상규명과피해자및유가족의피해구제를위한특별위원회,제22대국회 제424회 (임시회) 제4차 12.29여객기참사진상규명과피해자및유가족의피해구제를위한특별위원회(피해자와유가족지원및추모사업지원소위원회) (2025.04.07.),임종수,0,family_legal_risk,0.35,1,175
pres_2025,22,official_minutes,https://record.assembly.go.kr/assembly/viewer/minutes/xml.do?id=54475&type=view,official_minutes_54475:17:56,2025-04-07,2025-04-07,12.29여객기참사진상규명과피해자및유가족의피해구제를위한특별위원회,제22대국회 제424회 (임시회) 제4차 12.29여객기참사진상규명과피해자및유가족의피해구제를위한특별위원회(피해자와유가족지원및추모사업지원소위원회) (2025.04.07.),임종수,0,family_legal_risk,0.35,1,252
pres_2025,22,official_minutes,https://record.assembly.go.kr/assembly/viewer/minutes/xml.do?id=54475&type=view,official_minutes_54475:17:58,2025-04-07,2025-04-07,12.29여객기참사진상규명과피해자및유가족의피해구제를위한특별위원회,제22대국회 제424회 (임시회) 제4차 12.29여객기참사진상규명과피해자및유가족의피해구제를위한특별위원회(피해자와유가족지원및추모사업지원소위원회) (2025.04.07.),임종수,0,family_legal_risk,0.35,1,76
pres_2025,22,official_minutes,https://record.assembly.go.kr/assembly/viewer/minutes/xml.do?id=54475&type=view,official_minutes_54475:17:59,2025-04-07,2025-04-07,12.29여객기참사진상규명과피해자및유가족의피해구제를위한특별위원회,제22대국회 제424회 (임시회) 제4차 12.29여객기참사진상규명과피해자및유가족의피해구제를위한특별위원회(피해자와유가족지원및추모사업지원소위원회) (2025.04.07.),임종수,0,regional_dev,0.35,1,234
pres_2025,22,official_minutes,https://record.assembly.go.kr/assembly/viewer/minutes/xml.do?id=54475&type=view,official_minutes_54475:17:60,2025-04-07,2025-04-07,12.29여객기참사진상규명과피해자및유가족의피해구제를위한특별위원회,제22대국회 제424회 (임시회) 제4차 12.29여객기참사진상규명과피해자및유가족의피해구제를위한특별위원회(피해자와유가족지원및추모사업지원소위원회) (2025.04.07.),임종수,0,regional_dev,0.35,1,159
pres_2025,22,official_minutes,https://record.assembly.go.kr/assembly/viewer/minutes/xml.do?id=54475&type=view,official_minutes_54475:17:62,2025-04-07,2025-04-07,12.29여객기참사진상규명과피해자및유가족의피해구제를위한특별위원회,제22대국회 제424회 (임시회) 제4차 12.29여객기참사진상규명과피해자및유가족의피해구제를위한특별위원회(피해자와유가족지원및추모사업지원소위원회) (2025.04.07.),임종수,0,family_legal_risk,0.35,1,130
pres_2025,22,official_minutes,https://record.assembly.go.kr/assembly/viewer/minutes/xml.do?id=54475&type=view,official_minutes_54475:17:65,2025-04-07,2025-04-07,12.29여객기참사진상규명과피해자및유가족의피해구제를위한특별위원회,제22대국회 제424회 (임시회) 제4차 12.29여객기참사진상규명과피해자및유가족의피해구제를위한특별위원회(피해자와유가족지원및추모사업지원소위원회) (2025.04.07.),임종수,0,family_legal_risk,0.35,1,160
pres_2025,22,official_minutes,https://record.assembly.go.kr/assembly/viewer/minutes/xml.do?id=54475&type=view,official_minutes_54475:17:81,2025-04-07,2025-04-07,12.29여객기참사진상규명과피해자및유가족의피해구제를위한특별위원회,제22대국회 제424회 (임시회) 제4차 12.29여객기참사진상규명과피해자및유가족의피해구제를위한특별위원회(피해자와유가족지원및추모사업지원소위원회) (2025.04.07.),임종수,0,family_legal_risk,0.35,1,147
pres_2025,22,official_minutes,https://record.assembly.go.kr/assembly/viewer/minutes/xml.do?id=54475&type=view,official_minutes_54475:17:82,2025-04-07,2025-04-07,12.29여객기참사진상규명과피해자및유가족의피해구제를위한특별위원회,제22대국회 제424회 (임시회) 제4차 12.29여객기참사진상규명과피해자및유가족의피해구제를위한특별위원회(피해자와유가족지원및추모사업지원소위원회) (2025.04.07.),임종수,0,welfare_pension,0.35,1,131
pres_2025,22,official_minutes,https://record.assembly.go.kr/assembly/viewer/minutes/xml.do?id=54514&type=view,official_minutes_54514:3:6,2025-04-15,2025-04-14,국토교통위원회,제22대국회 제424회 (임시회) 제1차 국토교통위원회(교통법안심사소위원회) (2025.04.15.),임종수,0,external_shock,0.35,1,99
pres_2025,22,official_minutes,https://record.assembly.go.kr/assembly/viewer/minutes/xml.do?id=54514&type=view,official_minutes_54514:11:1,2025-04-15,2025-04-14,국토교통위원회,제22대국회 제424회 (임시회) 제1차 국토교통위원회(교통법안심사소위원회) (2025.04.15.),김희정,6729,external_shock,0.35,1,60
pres_2025,22,official_minutes,https://record.assembly.go.kr/assembly/viewer/minutes/xml.do?id=54514&type=view,official_minutes_54514:12:1,2025-04-15,2025-04-14,국토교통위원회,제22대국회 제424회 (임시회) 제1차 국토교통위원회(교통법안심사소위원회) (2025.04.15.),백원국,0,external_shock,0.35,1,26
pres_2025,22,official_minutes,https://record.assembly.go.kr/assembly/viewer/minutes/xml.do?id=54514&type=view,official_minutes_54514:16:8,2025-04-15,2025-04-14,국토교통위원회,제22대국회 제424회 (임시회) 제1차 국토교통위원회(교통법안심사소위원회) (2025.04.15.),임종수,0,education,0.35,1,228
pres_2025,22,official_minutes,https://record.assembly.go.kr/assembly/viewer/minutes/xml.do?id=54514&type=view,official_minutes_54514:16:10,2025-04-15,2025-04-14,국토교통위원회,제22대국회 제424회 (임시회) 제1차 국토교통위원회(교통법안심사소위원회) (2025.04.15.),임종수,0,education,0.35,1,264
pres_2025,22,official_minutes,https://record.assembly.go.kr/assembly/viewer/minutes/xml.do?id=54514&type=view,official_minutes_54514:16:10,2025-04-15,2025-04-14,국토교통위원회,제22대국회 제424회 (임시회) 제1차 국토교통위원회(교통법안심사소위원회) (2025.04.15.),임종수,0,candidate_competence,0.35,1,264
pres_2025,22,official_minutes,https://record.assembly.go.kr/assembly/viewer/minutes/xml.do?id=54514&type=view,official_minutes_54514:16:33,2025-04-15,2025-04-14,국토교통위원회,제22대국회 제424회 (임시회) 제1차 국토교통위원회(교통법안심사소위원회) (2025.04.15.),임종수,0,education,0.35,1,72
pres_2025,22,official_minutes,https://record.assembly.go.kr/assembly/viewer/minutes/xml.do?id=54514&type=view,official_minutes_54514:16:34,2025-04-15,2025-04-14,국토교통위원회,제22대국회 제424회 (임시회) 제1차 국토교통위원회(교통법안심사소위원회) (2025.04.15.),임종수,0,education,0.35,1,140
pres_2025,22,official_minutes,https://record.assembly.go.kr/assembly/viewer/minutes/xml.do?id=54514&type=view,official_minutes_54514:16:35,2025-04-15,2025-04-14,국토교통위원회,제22대국회 제424회 (임시회) 제1차 국토교통위원회(교통법안심사소위원회) (2025.04.15.),임종수,0,education,0.35,1,110
pres_2025,22,official_minutes,https://record.assembly.go.kr/assembly/viewer/minutes/xml.do?id=54514&type=view,official_minutes_54514:16:51,2025-04-15,2025-04-14,국토교통위원회,제22대국회 제424회 (임시회) 제1차 국토교통위원회(교통법안심사소위원회) (2025.04.15.),임종수,0,education,0.35,1,58
pres_2025,22,official_minutes,https://record.assembly.go.kr/assembly/viewer/minutes/xml.do?id=54514&type=view,official_minutes_54514:16:52,2025-04-15,2025-04-14,국토교통위원회,제22대국회 제424회 (임시회) 제1차 국토교통위원회(교통법안심사소위원회) (2025.04.15.),임종수,0,education,0.35,1,103
pres_2025,22,official_minutes,https://record.assembly.go.kr/assembly/viewer/minutes/xml.do?id=54514&type=view,official_minutes_54514:16:54,2025-04-15,2025-04-14,국토교통위원회,제22대국회 제424회 (임시회) 제1차 국토교통위원회(교통법안심사소위원회) (2025.04.15.),임종수,0,education,0.35,1,55
pres_2025,22,official_minutes,https://record.assembly.go.kr/assembly/viewer/minutes/xml.do?id=54514&type=view,official_minutes_54514:16:56,2025-04-15,2025-04-14,국토교통위원회,제22대국회 제424회 (임시회) 제1차 국토교통위원회(교통법안심사소위원회) (2025.04.15.),임종수,0,education,0.35,1,89
pres_2025,22,official_minutes,https://record.assembly.go.kr/assembly/viewer/minutes/xml.do?id=54514&type=view,official_minutes_54514:16:57,2025-04-15,2025-04-14,국토교통위원회,제22대국회 제424회 (임시회) 제1차 국토교통위원회(교통법안심사소위원회) (2025.04.15.),임종수,0,education,0.35,1,179
pres_2025,22,official_minutes,https://record.assembly.go.kr/assembly/viewer/minutes/xml.do?id=54514&type=view,official_minutes_54514:36:8,2025-04-15,2025-04-14,국토교통위원회,제22대국회 제424회 (임시회) 제1차 국토교통위원회(교통법안심사소위원회) (2025.04.15.),손명수,6831,education,0.35,1,138
pres_2025,22,official_minutes,https://record.assembly.go.kr/assembly/viewer/minutes/xml.do?id=54514&type=view,official_minutes_54514:39:3,2025-04-15,2025-04-14,국토교통위원회,제22대국회 제424회 (임시회) 제1차 국토교통위원회(교통법안심사소위원회) (2025.04.15.),백원국,0,education,0.35,1,20
pres_2025,22,official_minutes,https://record.assembly.go.kr/assembly/viewer/minutes/xml.do?id=54514&type=view,official_minutes_54514:39:4,2025-04-15,2025-04-14,국토교통위원회,제22대국회 제424회 (임시회) 제1차 국토교통위원회(교통법안심사소위원회) (2025.04.15.),백원국,0,candidate_competence,0.35,1,24
pres_2025,22,official_minutes,https://record.assembly.go.kr/assembly/viewer/minutes/xml.do?id=54514&type=view,official_minutes_54514:45:3,2025-04-15,2025-04-14,국토교통위원회,제22대국회 제424회 (임시회) 제1차 국토교통위원회(교통법안심사소위원회) (2025.04.15.),주종완,0,security_nk,0.35,1,36
pres_2025,22,official_minutes,https://record.assembly.go.kr/assembly/viewer/minutes/xml.do?id=54514&type=view,official_minutes_54514:53:4,2025-04-15,2025-04-14,국토교통위원회,제22대국회 제424회 (임시회) 제1차 국토교통위원회(교통법안심사소위원회) (2025.04.15.),백원국,0,candidate_competence,0.35,1,48
pres_2025,22,official_minutes,https://record.assembly.go.kr/assembly/viewer/minutes/xml.do?id=54514&type=view,official_minutes_54514:63:1,2025-04-15,2025-04-14,국토교통위원회,제22대국회 제424회 (임시회) 제1차 국토교통위원회(교통법안심사소위원회) (2025.04.15.),송기헌,6720,candidate_competence,0.35,1,54
pres_2025,22,official_minutes,https://record.assembly.go.kr/assembly/viewer/minutes/xml.do?id=54514&type=view,official_minutes_54514:67:1,2025-04-15,2025-04-14,국토교통위원회,제22대국회 제424회 (임시회) 제1차 국토교통위원회(교통법안심사소위원회) (2025.04.15.),송기헌,6720,candidate_competence,0.35,1,28
pres_2025,22,official_minutes,https://record.assembly.go.kr/assembly/viewer/minutes/xml.do?id=54514&type=view,official_minutes_54514:68:1,2025-04-15,2025-04-14,국토교통위원회,제22대국회 제424회 (임시회) 제1차 국토교통위원회(교통법안심사소위원회) (2025.04.15.),주종완,0,candidate_competence,0.35,1,28
pres_2025,22,official_minutes,https://record.assembly.go.kr/assembly/viewer/minutes/xml.do?id=54514&type=view,official_minutes_54514:73:2,2025-04-15,2025-04-14,국토교통위원회,제22대국회 제424회 (임시회) 제1차 국토교통위원회(교통법안심사소위원회) (2025.04.15.),송기헌,6720,candidate_competence,0.35,1,32
pres_2025,22,official_minutes,https://record.assembly.go.kr/assembly/viewer/minutes/xml.do?id=54514&type=view,official_minutes_54514:77:3,2025-04-15,2025-04-14,국토교통위원회,제22대국회 제424회 (임시회) 제1차 국토교통위원회(교통법안심사소위원회) (2025.04.15.),박준수,0,education,0.35,1,76
pres_2025,22,official_minutes,https://record.assembly.go.kr/assembly/viewer/minutes/xml.do?id=54514&type=view,official_minutes_54514:77:4,2025-04-15,2025-04-14,국토교통위원회,제22대국회 제424회 (임시회) 제1차 국토교통위원회(교통법안심사소위원회) (2025.04.15.),박준수,0,education,0.35,1,47
pres_2025,22,official_minutes,https://record.assembly.go.kr/assembly/viewer/minutes/xml.do?id=54514&type=view,official_minutes_54514:77:11,2025-04-15,2025-04-14,국토교통위원회,제22대국회 제424회 (임시회) 제1차 국토교통위원회(교통법안심사소위원회) (2025.04.15.),박준수,0,education,0.35,1,71
pres_2025,22,official_minutes,https://record.assembly.go.kr/assembly/viewer/minutes/xml.do?id=54514&type=view,official_minutes_54514:77:18,2025-04-15,2025-04-14,국토교통위원회,제22대국회 제424회 (임시회) 제1차 국토교통위원회(교통법안심사소위원회) (2025.04.15.),박준수,0,education,0.35,1,25
pres_2025,22,official_minutes,https://record.assembly.go.kr/assembly/viewer/minutes/xml.do?id=54514&type=view,official_minutes_54514:79:4,2025-04-15,2025-04-14,국토교통위원회,제22대국회 제424회 (임시회) 제1차 국토교통위원회(교통법안심사소위원회) (2025.04.15.),문진석,6666,candidate_competence,0.35,1,201
pres_2025,22,official_minutes,https://record.assembly.go.kr/assembly/viewer/minutes/xml.do?id=54514&type=view,official_minutes_54514:84:1,2025-04-15,2025-04-14,국토교통위원회,제22대국회 제424회 (임시회) 제1차 국토교통위원회(교통법안심사소위원회) (2025.04.15.),정점식,6635,education,0.35,1,142
pres_2025,22,official_minutes,https://record.assembly.go.kr/assembly/viewer/minutes/xml.do?id=54514&type=view,official_minutes_54514:90:2,2025-04-15,2025-04-14,국토교통위원회,제22대국회 제424회 (임시회) 제1차 국토교통위원회(교통법안심사소위원회) (2025.04.15.),정점식,6635,education,0.35,1,38
pres_2025,22,official_minutes,https://record.assembly.go.kr/assembly/viewer/minutes/xml.do?id=54514&type=view,official_minutes_54514:112:1,2025-04-15,2025-04-14,국토교통위원회,제22대국회 제424회 (임시회) 제1차 국토교통위원회(교통법안심사소위원회) (2025.04.15.),송기헌,6720,candidate_competence,0.35,1,94
pres_2025,22,official_minutes,https://record.assembly.go.kr/assembly/viewer/minutes/xml.do?id=54514&type=view,official_minutes_54514:118:1,2025-04-15,2025-04-14,국토교통위원회,제22대국회 제424회 (임시회) 제1차 국토교통위원회(교통법안심사소위원회) (2025.04.15.),송기헌,6720,candidate_competence,0.35,1,40
pres_2025,22,official_minutes,https://record.assembly.go.kr/assembly/viewer/minutes/xml.do?id=54514&type=view,official_minutes_54514:123:3,2025-04-15,2025-04-14,국토교통위원회,제22대국회 제424회 (임시회) 제1차 국토교통위원회(교통법안심사소위원회) (2025.04.15.),박준수,0,education,0.35,1,29
pres_2025,22,official_minutes,https://record.assembly.go.kr/assembly/viewer/minutes/xml.do?id=54514&type=view,official_minutes_54514:124:1,2025-04-15,2025-04-14,국토교통위원회,제22대국회 제424회 (임시회) 제1차 국토교통위원회(교통법안심사소위원회) (2025.04.15.),송기헌,6720,candidate_competence,0.35,1,23
pres_2025,22,official_minutes,https://record.assembly.go.kr/assembly/viewer/minutes/xml.do?id=54514&type=view,official_minutes_54514:125:1,2025-04-15,2025-04-14,국토교통위원회,제22대국회 제424회 (임시회) 제1차 국토교통위원회(교통법안심사소위원회) (2025.04.15.),박준수,0,candidate_competence,0.35,1,17
pres_2025,22,official_minutes,https://record.assembly.go.kr/assembly/viewer/minutes/xml.do?id=54514&type=view,official_minutes_54514:128:2,2025-04-15,2025-04-14,국토교통위원회,제22대국회 제424회 (임시회) 제1차 국토교통위원회(교통법안심사소위원회) (2025.04.15.),송기헌,6720,candidate_competence,0.35,1,51
pres_2025,22,official_minutes,https://record.assembly.go.kr/assembly/viewer/minutes/xml.do?id=54514&type=view,official_minutes_54514:134:1,2025-04-15,2025-04-14,국토교통위원회,제22대국회 제424회 (임시회) 제1차 국토교통위원회(교통법안심사소위원회) (2025.04.15.),송기헌,6720,candidate_competence,0.35,1,47
pres_2025,22,official_minutes,https://record.assembly.go.kr/assembly/viewer/minutes/xml.do?id=54514&type=view,official_minutes_54514:145:1,2025-04-15,2025-04-14,국토교통위원회,제22대국회 제424회 (임시회) 제1차 국토교통위원회(교통법안심사소위원회) (2025.04.15.),박준수,0,education,0.35,1,49
pres_2025,22,official_minutes,https://record.assembly.go.kr/assembly/viewer/minutes/xml.do?id=54514&type=view,official_minutes_54514:162:2,2025-04-15,2025-04-14,국토교통위원회,제22대국회 제424회 (임시회) 제1차 국토교통위원회(교통법안심사소위원회) (2025.04.15.),김도읍,6588,candidate_competence,0.35,1,26
pres_2025,22,official_minutes,https://record.assembly.go.kr/assembly/viewer/minutes/xml.do?id=54514&type=view,official_minutes_54514:175:1,2025-04-15,2025-04-14,국토교통위원회,제22대국회 제424회 (임시회) 제1차 국토교통위원회(교통법안심사소위원회) (2025.04.15.),송기헌,6720,candidate_competence,0.35,1,34
pres_2025,22,official_minutes,https://record.assembly.go.kr/assembly/viewer/minutes/xml.do?id=54514&type=view,official_minutes_54514:176:2,2025-04-15,2025-04-14,국토교통위원회,제22대국회 제424회 (임시회) 제1차 국토교통위원회(교통법안심사소위원회) (2025.04.15.),박준수,0,candidate_competence,0.35,1,75
pres_2025,22,official_minutes,https://record.assembly.go.kr/assembly/viewer/minutes/xml.do?id=54514&type=view,official_minutes_54514:186:1,2025-04-15,2025-04-14,국토교통위원회,제22대국회 제424회 (임시회) 제1차 국토교통위원회(교통법안심사소위원회) (2025.04.15.),문진석,6666,candidate_competence,0.35,1,32
pres_2025,22,official_minutes,https://record.assembly.go.kr/assembly/viewer/minutes/xml.do?id=54514&type=view,official_minutes_54514:198:1,2025-04-15,2025-04-14,국토교통위원회,제22대국회 제424회 (임시회) 제1차 국토교통위원회(교통법안심사소위원회) (2025.04.15.),김도읍,6588,corruption_integrity,1.0,1,30
pres_2025,22,official_minutes,https://record.assembly.go.kr/assembly/viewer/minutes/xml.do?id=54514&type=view,official_minutes_54514:200:1,2025-04-15,2025-04-14,국토교통위원회,제22대국회 제424회 (임시회) 제1차 국토교통위원회(교통법안심사소위원회) (2025.04.15.),정점식,6635,education,0.35,1,317
pres_2025,22,official_minutes,https://record.assembly.go.kr/assembly/viewer/minutes/xml.do?id=54514&type=view,official_minutes_54514:207:2,2025-04-15,2025-04-14,국토교통위원회,제22대국회 제424회 (임시회) 제1차 국토교통위원회(교통법안심사소위원회) (2025.04.15.),박준수,0,candidate_competence,0.35,1,41
pres_2025,22,official_minutes,https://record.assembly.go.kr/assembly/viewer/minutes/xml.do?id=54514&type=view,official_minutes_54514:207:4,2025-04-15,2025-04-14,국토교통위원회,제22대국회 제424회 (임시회) 제1차 국토교통위원회(교통법안심사소위원회) (2025.04.15.),박준수,0,education,0.35,1,16
pres_2025,22,official_minutes,https://record.assembly.go.kr/assembly/viewer/minutes/xml.do?id=54514&type=view,official_minutes_54514:207:6,2025-04-15,2025-04-14,국토교통위원회,제22대국회 제424회 (임시회) 제1차 국토교통위원회(교통법안심사소위원회) (2025.04.15.),박준수,0,education,0.35,1,25
pres_2025,22,official_minutes,https://record.assembly.go.kr/assembly/viewer/minutes/xml.do?id=54514&type=view,official_minutes_54514:208:1,2025-04-15,2025-04-14,국토교통위원회,제22대국회 제424회 (임시회) 제1차 국토교통위원회(교통법안심사소위원회) (2025.04.15.),문진석,6666,education,0.35,1,68
pres_2025,22,official_minutes,https://record.assembly.go.kr/assembly/viewer/minutes/xml.do?id=54514&type=view,official_minutes_54514:213:1,2025-04-15,2025-04-14,국토교통위원회,제22대국회 제424회 (임시회) 제1차 국토교통위원회(교통법안심사소위원회) (2025.04.15.),손명수,6831,education,0.35,1,71
pres_2025,22,official_minutes,https://record.assembly.go.kr/assembly/viewer/minutes/xml.do?id=54516&type=view,official_minutes_54516:16:9,2025-04-16,2025-04-14,과학기술정보방송통신위원회,제22대국회 제424회 (임시회) 제1차 과학기술정보방송통신위원회(과학기술원자력법안심사소위원회) (2025.04.16.),조인철,6829,regional_dev,0.75,1,108
pres_2025,22,official_minutes,https://record.assembly.go.kr/assembly/viewer/minutes/xml.do?id=54516&type=view,official_minutes_54516:18:2,2025-04-16,2025-04-14,과학기술정보방송통신위원회,제22대국회 제424회 (임시회) 제1차 과학기술정보방송통신위원회(과학기술원자력법안심사소위원회) (2025.04.16.),김우영,6787,regional_dev,0.35,1,116
pres_2025,22,official_minutes,https://record.assembly.go.kr/assembly/viewer/minutes/xml.do?id=54516&type=view,official_minutes_54516:18:3,2025-04-16,2025-04-14,과학기술정보방송통신위원회,제22대국회 제424회 (임시회) 제1차 과학기술정보방송통신위원회(과학기술원자력법안심사소위원회) (2025.04.16.),김우영,6787,economy_growth,0.35,1,89
pres_2025,22,official_minutes,https://record.assembly.go.kr/assembly/viewer/minutes/xml.do?id=54516&type=view,official_minutes_54516:18:7,2025-04-16,2025-04-14,과학기술정보방송통신위원회,제22대국회 제424회 (임시회) 제1차 과학기술정보방송통신위원회(과학기술원자력법안심사소위원회) (2025.04.16.),김우영,6787,economy_growth,0.75,1,194
pres_2025,22,official_minutes,https://record.assembly.go.kr/assembly/viewer/minutes/xml.do?id=54516&type=view,official_minutes_54516:18:8,2025-04-16,2025-04-14,과학기술정보방송통신위원회,제22대국회 제424회 (임시회) 제1차 과학기술정보방송통신위원회(과학기술원자력법안심사소위원회) (2025.04.16.),김우영,6787,education,0.35,1,97
pres_2025,22,official_minutes,https://record.assembly.go.kr/assembly/viewer/minutes/xml.do?id=54516&type=view,official_minutes_54516:48:6,2025-04-16,2025-04-14,과학기술정보방송통신위원회,제22대국회 제424회 (임시회) 제1차 과학기술정보방송통신위원회(과학기술원자력법안심사소위원회) (2025.04.16.),김우영,6787,economy_growth,0.35,1,98
pres_2025,22,official_minutes,https://record.assembly.go.kr/assembly/viewer/minutes/xml.do?id=54516&type=view,official_minutes_54516:48:8,2025-04-16,2025-04-14,과학기술정보방송통신위원회,제22대국회 제424회 (임시회) 제1차 과학기술정보방송통신위원회(과학기술원자력법안심사소위원회) (2025.04.16.),김우영,6787,economy_growth,0.35,1,42
pres_2025,22,official_minutes,https://record.assembly.go.kr/assembly/viewer/minutes/xml.do?id=54516&type=view,official_minutes_54516:48:9,2025-04-16,2025-04-14,과학기술정보방송통신위원회,제22대국회 제424회 (임시회) 제1차 과학기술정보방송통신위원회(과학기술원자력법안심사소위원회) (2025.04.16.),김우영,6787,economy_growth,0.75,1,50
pres_2025,22,official_minutes,https://record.assembly.go.kr/assembly/viewer/minutes/xml.do?id=54516&type=view,official_minutes_54516:48:10,2025-04-16,2025-04-14,과학기술정보방송통신위원회,제22대국회 제424회 (임시회) 제1차 과학기술정보방송통신위원회(과학기술원자력법안심사소위원회) (2025.04.16.),김우영,6787,economy_growth,0.35,1,50
pres_2025,22,official_minutes,https://record.assembly.go.kr/assembly/viewer/minutes/xml.do?id=54516&type=view,official_minutes_54516:48:11,2025-04-16,2025-04-14,과학기술정보방송통신위원회,제22대국회 제424회 (임시회) 제1차 과학기술정보방송통신위원회(과학기술원자력법안심사소위원회) (2025.04.16.),김우영,6787,economy_growth,0.35,1,41
pres_2025,22,official_minutes,https://record.assembly.go.kr/assembly/viewer/minutes/xml.do?id=54516&type=view,official_minutes_54516:52:7,2025-04-16,2025-04-14,과학기술정보방송통신위원회,제22대국회 제424회 (임시회) 제1차 과학기술정보방송통신위원회(과학기술원자력법안심사소위원회) (2025.04.16.),최형두,6620,candidate_competence,0.35,1,110
pres_2025,22,official_minutes,https://record.assembly.go.kr/assembly/viewer/minutes/xml.do?id=54516&type=view,official_minutes_54516:116:9,2025-04-16,2025-04-14,과학기술정보방송통신위원회,제22대국회 제424회 (임시회) 제1차 과학기술정보방송통신위원회(과학기술원자력법안심사소위원회) (2025.04.16.),임명현,0,economy_growth,0.35,1,114
pres_2025,22,official_minutes,https://record.assembly.go.kr/assembly/viewer/minutes/xml.do?id=54516&type=view,official_minutes_54516:116:11,2025-04-16,2025-04-14,과학기술정보방송통신위원회,제22대국회 제424회 (임시회) 제1차 과학기술정보방송통신위원회(과학기술원자력법안심사소위원회) (2025.04.16.),임명현,0,economy_growth,0.35,1,67
pres_2025,22,official_minutes,https://record.assembly.go.kr/assembly/viewer/minutes/xml.do?id=54516&type=view,official_minutes_54516:126:6,2025-04-16,2025-04-14,과학기술정보방송통신위원회,제22대국회 제424회 (임시회) 제1차 과학기술정보방송통신위원회(과학기술원자력법안심사소위원회) (2025.04.16.),임명현,0,economy_growth,0.35,1,65
pres_2025,22,official_minutes,https://record.assembly.go.kr/assembly/viewer/minutes/xml.do?id=54516&type=view,official_minutes_54516:126:8,2025-04-16,2025-04-14,과학기술정보방송통신위원회,제22대국회 제424회 (임시회) 제1차 과학기술정보방송통신위원회(과학기술원자력법안심사소위원회) (2025.04.16.),임명현,0,corruption_integrity,0.35,1,25
pres_2025,22,official_minutes,https://record.assembly.go.kr/assembly/viewer/minutes/xml.do?id=54516&type=view,official_minutes_54516:126:9,2025-04-16,2025-04-14,과학기술정보방송통신위원회,제22대국회 제424회 (임시회) 제1차 과학기술정보방송통신위원회(과학기술원자력법안심사소위원회) (2025.04.16.),임명현,0,corruption_integrity,0.35,1,99
pres_2025,22,official_minutes,https://record.assembly.go.kr/assembly/viewer/minutes/xml.do?id=54516&type=view,official_minutes_54516:126:11,2025-04-16,2025-04-14,과학기술정보방송통신위원회,제22대국회 제424회 (임시회) 제1차 과학기술정보방송통신위원회(과학기술원자력법안심사소위원회) (2025.04.16.),임명현,0,corruption_integrity,0.35,1,223
pres_2025,22,official_minutes,https://record.assembly.go.kr/assembly/viewer/minutes/xml.do?id=54530&type=view,official_minutes_54530:4:1,2025-04-16,2025-04-14,국토교통위원회,제22대국회 제424회 (임시회) 제1차 국토교통위원회(국토법안심사소위원회) (2025.04.16.),권영진,6743,housing,0.35,1,37
pres_2025,22,official_minutes,https://record.assembly.go.kr/assembly/viewer/minutes/xml.do?id=54530&type=view,official_minutes_54530:5:4,2025-04-16,2025-04-14,국토교통위원회,제22대국회 제424회 (임시회) 제1차 국토교통위원회(국토법안심사소위원회) (2025.04.16.),박재유,0,housing,0.35,1,106
pres_2025,22,official_minutes,https://record.assembly.go.kr/assembly/viewer/minutes/xml.do?id=54530&type=view,official_minutes_54530:5:6,2025-04-16,2025-04-14,국토교통위원회,제22대국회 제424회 (임시회) 제1차 국토교통위원회(국토법안심사소위원회) (2025.04.16.),박재유,0,housing,0.35,1,92
pres_2025,22,official_minutes,https://record.assembly.go.kr/assembly/viewer/minutes/xml.do?id=54530&type=view,official_minutes_54530:5:8,2025-04-16,2025-04-14,국토교통위원회,제22대국회 제424회 (임시회) 제1차 국토교통위원회(국토법안심사소위원회) (2025.04.16.),박재유,0,housing,0.35,1,222
pres_2025,22,official_minutes,https://record.assembly.go.kr/assembly/viewer/minutes/xml.do?id=54530&type=view,official_minutes_54530:5:12,2025-04-16,2025-04-14,국토교통위원회,제22대국회 제424회 (임시회) 제1차 국토교통위원회(국토법안심사소위원회) (2025.04.16.),박재유,0,housing,0.35,1,130
pres_2025,22,official_minutes,https://record.assembly.go.kr/assembly/viewer/minutes/xml.do?id=54530&type=view,official_minutes_54530:5:14,2025-04-16,2025-04-14,국토교통위원회,제22대국회 제424회 (임시회) 제1차 국토교통위원회(국토법안심사소위원회) (2025.04.16.),박재유,0,housing,0.35,1,226
pres_2025,22,official_minutes,https://record.assembly.go.kr/assembly/viewer/minutes/xml.do?id=54530&type=view,official_minutes_54530:5:16,2025-04-16,2025-04-14,국토교통위원회,제22대국회 제424회 (임시회) 제1차 국토교통위원회(국토법안심사소위원회) (2025.04.16.),박재유,0,housing,0.35,1,61
pres_2025,22,official_minutes,https://record.assembly.go.kr/assembly/viewer/minutes/xml.do?id=54530&type=view,official_minutes_54530:5:17,2025-04-16,2025-04-14,국토교통위원회,제22대국회 제424회 (임시회) 제1차 국토교통위원회(국토법안심사소위원회) (2025.04.16.),박재유,0,housing,0.35,1,102
pres_2025,22,official_minutes,https://record.assembly.go.kr/assembly/viewer/minutes/xml.do?id=54530&type=view,official_minutes_54530:5:19,2025-04-16,2025-04-14,국토교통위원회,제22대국회 제424회 (임시회) 제1차 국토교통위원회(국토법안심사소위원회) (2025.04.16.),박재유,0,housing,0.35,1,188
pres_2025,22,official_minutes,https://record.assembly.go.kr/assembly/viewer/minutes/xml.do?id=54530&type=view,official_minutes_54530:5:21,2025-04-16,2025-04-14,국토교통위원회,제22대국회 제424회 (임시회) 제1차 국토교통위원회(국토법안심사소위원회) (2025.04.16.),박재유,0,housing,0.35,1,232
pres_2025,22,official_minutes,https://record.assembly.go.kr/assembly/viewer/minutes/xml.do?id=54530&type=view,official_minutes_54530:5:24,2025-04-16,2025-04-14,국토교통위원회,제22대국회 제424회 (임시회) 제1차 국토교통위원회(국토법안심사소위원회) (2025.04.16.),박재유,0,economy_growth,0.35,1,276
pres_2025,22,official_minutes,https://record.assembly.go.kr/assembly/viewer/minutes/xml.do?id=54530&type=view,official_minutes_54530:5:24,2025-04-16,2025-04-14,국토교통위원회,제22대국회 제424회 (임시회) 제1차 국토교통위원회(국토법안심사소위원회) (2025.04.16.),박재유,0,housing,0.35,1,276
pres_2025,22,official_minutes,https://record.assembly.go.kr/assembly/viewer/minutes/xml.do?id=54530&type=view,official_minutes_54530:5:26,2025-04-16,2025-04-14,국토교통위원회,제22대국회 제424회 (임시회) 제1차 국토교통위원회(국토법안심사소위원회) (2025.04.16.),박재유,0,housing,0.35,1,57
pres_2025,22,official_minutes,https://record.assembly.go.kr/assembly/viewer/minutes/xml.do?id=54530&type=view,official_minutes_54530:5:27,2025-04-16,2025-04-14,국토교통위원회,제22대국회 제424회 (임시회) 제1차 국토교통위원회(국토법안심사소위원회) (2025.04.16.),박재유,0,housing,0.35,1,155
pres_2025,22,official_minutes,https://record.assembly.go.kr/assembly/viewer/minutes/xml.do?id=54530&type=view,official_minutes_54530:5:29,2025-04-16,2025-04-14,국토교통위원회,제22대국회 제424회 (임시회) 제1차 국토교통위원회(국토법안심사소위원회) (2025.04.16.),박재유,0,housing,0.35,1,218
pres_2025,22,official_minutes,https://record.assembly.go.kr/assembly/viewer/minutes/xml.do?id=54530&type=view,official_minutes_54530:5:31,2025-04-16,2025-04-14,국토교통위원회,제22대국회 제424회 (임시회) 제1차 국토교통위원회(국토법안심사소위원회) (2025.04.16.),박재유,0,housing,0.35,1,249
pres_2025,22,official_minutes,https://record.assembly.go.kr/assembly/viewer/minutes/xml.do?id=54530&type=view,official_minutes_54530:5:32,2025-04-16,2025-04-14,국토교통위원회,제22대국회 제424회 (임시회) 제1차 국토교통위원회(국토법안심사소위원회) (2025.04.16.),박재유,0,housing,0.35,1,263
pres_2025,22,official_minutes,https://record.assembly.go.kr/assembly/viewer/minutes/xml.do?id=54530&type=view,official_minutes_54530:5:34,2025-04-16,2025-04-14,국토교통위원회,제22대국회 제424회 (임시회) 제1차 국토교통위원회(국토법안심사소위원회) (2025.04.16.),박재유,0,housing,0.35,1,39
pres_2025,22,official_minutes,https://record.assembly.go.kr/assembly/viewer/minutes/xml.do?id=54530&type=view,official_minutes_54530:5:35,2025-04-16,2025-04-14,국토교통위원회,제22대국회 제424회 (임시회) 제1차 국토교통위원회(국토법안심사소위원회) (2025.04.16.),박재유,0,housing,0.35,1,118
pres_2025,22,official_minutes,https://record.assembly.go.kr/assembly/viewer/minutes/xml.do?id=54530&type=view,official_minutes_54530:5:38,2025-04-16,2025-04-14,국토교통위원회,제22대국회 제424회 (임시회) 제1차 국토교통위원회(국토법안심사소위원회) (2025.04.16.),박재유,0,housing,0.35,1,117
pres_2025,22,official_minutes,https://record.assembly.go.kr/assembly/viewer/minutes/xml.do?id=54530&type=view,official_minutes_54530:5:39,2025-04-16,2025-04-14,국토교통위원회,제22대국회 제424회 (임시회) 제1차 국토교통위원회(국토법안심사소위원회) (2025.04.16.),박재유,0,housing,0.35,1,98
pres_2025,22,official_minutes,https://record.assembly.go.kr/assembly/viewer/minutes/xml.do?id=54530&type=view,official_minutes_54530:5:41,2025-04-16,2025-04-14,국토교통위원회,제22대국회 제424회 (임시회) 제1차 국토교통위원회(국토법안심사소위원회) (2025.04.16.),박재유,0,housing,0.35,1,132
pres_2025,22,official_minutes,https://record.assembly.go.kr/assembly/viewer/minutes/xml.do?id=54530&type=view,official_minutes_54530:5:43,2025-04-16,2025-04-14,국토교통위원회,제22대국회 제424회 (임시회) 제1차 국토교통위원회(국토법안심사소위원회) (2025.04.16.),박재유,0,housing,0.35,1,50
pres_2025,22,official_minutes,https://record.assembly.go.kr/assembly/viewer/minutes/xml.do?id=54530&type=view,official_minutes_54530:5:52,2025-04-16,2025-04-14,국토교통위원회,제22대국회 제424회 (임시회) 제1차 국토교통위원회(국토법안심사소위원회) (2025.04.16.),박재유,0,housing,0.35,1,327
pres_2025,22,official_minutes,https://record.assembly.go.kr/assembly/viewer/minutes/xml.do?id=54530&type=view,official_minutes_54530:5:61,2025-04-16,2025-04-14,국토교통위원회,제22대국회 제424회 (임시회) 제1차 국토교통위원회(국토법안심사소위원회) (2025.04.16.),박재유,0,housing,0.35,1,88
pres_2025,22,official_minutes,https://record.assembly.go.kr/assembly/viewer/minutes/xml.do?id=54530&type=view,official_minutes_54530:5:64,2025-04-16,2025-04-14,국토교통위원회,제22대국회 제424회 (임시회) 제1차 국토교통위원회(국토법안심사소위원회) (2025.04.16.),박재유,0,housing,0.35,1,112
pres_2025,22,official_minutes,https://record.assembly.go.kr/assembly/viewer/minutes/xml.do?id=54530&type=view,official_minutes_54530:5:67,2025-04-16,2025-04-14,국토교통위원회,제22대국회 제424회 (임시회) 제1차 국토교통위원회(국토법안심사소위원회) (2025.04.16.),박재유,0,housing,0.35,1,143
pres_2025,22,official_minutes,https://record.assembly.go.kr/assembly/viewer/minutes/xml.do?id=54530&type=view,official_minutes_54530:5:68,2025-04-16,2025-04-14,국토교통위원회,제22대국회 제424회 (임시회) 제1차 국토교통위원회(국토법안심사소위원회) (2025.04.16.),박재유,0,housing,0.35,1,119
pres_2025,22,official_minutes,https://record.assembly.go.kr/assembly/viewer/minutes/xml.do?id=54530&type=view,official_minutes_54530:7:6,2025-04-16,2025-04-14,국토교통위원회,제22대국회 제424회 (임시회) 제1차 국토교통위원회(국토법안심사소위원회) (2025.04.16.),진현환,0,housing,0.35,1,129
pres_2025,22,official_minutes,https://record.assembly.go.kr/assembly/viewer/minutes/xml.do?id=54530&type=view,official_minutes_54530:18:2,2025-04-16,2025-04-14,국토교통위원회,제22대국회 제424회 (임시회) 제1차 국토교통위원회(국토법안심사소위원회) (2025.04.16.),이소영,6684,housing,0.35,1,75
pres_2025,22,official_minutes,https://record.assembly.go.kr/assembly/viewer/minutes/xml.do?id=54530&type=view,official_minutes_54530:19:3,2025-04-16,2025-04-14,국토교통위원회,제22대국회 제424회 (임시회) 제1차 국토교통위원회(국토법안심사소위원회) (2025.04.16.),진현환,0,housing,0.35,1,75
pres_2025,22,official_minutes,https://record.assembly.go.kr/assembly/viewer/minutes/xml.do?id=54530&type=view,official_minutes_54530:20:3,2025-04-16,2025-04-14,국토교통위원회,제22대국회 제424회 (임시회) 제1차 국토교통위원회(국토법안심사소위원회) (2025.04.16.),이소영,6684,housing,1.0,1,106
pres_2025,22,official_minutes,https://record.assembly.go.kr/assembly/viewer/minutes/xml.do?id=54530&type=view,official_minutes_54530:20:4,2025-04-16,2025-04-14,국토교통위원회,제22대국회 제424회 (임시회) 제1차 국토교통위원회(국토법안심사소위원회) (2025.04.16.),이소영,6684,gender_generation,0.35,1,63
pres_2025,22,official_minutes,https://record.assembly.go.kr/assembly/viewer/minutes/xml.do?id=54530&type=view,official_minutes_54530:33:1,2025-04-16,2025-04-14,국토교통위원회,제22대국회 제424회 (임시회) 제1차 국토교통위원회(국토법안심사소위원회) (2025.04.16.),서범수,6708,housing,0.35,1,50
pres_2025,22,official_minutes,https://record.assembly.go.kr/assembly/viewer/minutes/xml.do?id=54530&type=view,official_minutes_54530:52:2,2025-04-16,2025-04-14,국토교통위원회,제22대국회 제424회 (임시회) 제1차 국토교통위원회(국토법안심사소위원회) (2025.04.16.),진현환,0,housing,0.35,1,73
pres_2025,22,official_minutes,https://record.assembly.go.kr/assembly/viewer/minutes/xml.do?id=54530&type=view,official_minutes_54530:52:2,2025-04-16,2025-04-14,국토교통위원회,제22대국회 제424회 (임시회) 제1차 국토교통위원회(국토법안심사소위원회) (2025.04.16.),진현환,0,economy_growth,0.35,1,73
pres_2025,22,official_minutes,https://record.assembly.go.kr/assembly/viewer/minutes/xml.do?id=54530&type=view,official_minutes_54530:52:4,2025-04-16,2025-04-14,국토교통위원회,제22대국회 제424회 (임시회) 제1차 국토교통위원회(국토법안심사소위원회) (2025.04.16.),진현환,0,housing,0.35,1,186
pres_2025,22,official_minutes,https://record.assembly.go.kr/assembly/viewer/minutes/xml.do?id=54530&type=view,official_minutes_54530:56:3,2025-04-16,2025-04-14,국토교통위원회,제22대국회 제424회 (임시회) 제1차 국토교통위원회(국토법안심사소위원회) (2025.04.16.),권영진,6743,housing,0.35,1,96
pres_2025,22,official_minutes,https://record.assembly.go.kr/assembly/viewer/minutes/xml.do?id=54530&type=view,official_minutes_54530:57:1,2025-04-16,2025-04-14,국토교통위원회,제22대국회 제424회 (임시회) 제1차 국토교통위원회(국토법안심사소위원회) (2025.04.16.),권영진,6743,economy_growth,0.35,1,57
pres_2025,22,official_minutes,https://record.assembly.go.kr/assembly/viewer/minutes/xml.do?id=54530&type=view,official_minutes_54530:57:1,2025-04-16,2025-04-14,국토교통위원회,제22대국회 제424회 (임시회) 제1차 국토교통위원회(국토법안심사소위원회) (2025.04.16.),권영진,6743,housing,0.35,1,57
pres_2025,22,official_minutes,https://record.assembly.go.kr/assembly/viewer/minutes/xml.do?id=54530&type=view,official_minutes_54530:58:6,2025-04-16,2025-04-14,국토교통위원회,제22대국회 제424회 (임시회) 제1차 국토교통위원회(국토법안심사소위원회) (2025.04.16.),박재유,0,economy_growth,0.35,1,136
pres_2025,22,official_minutes,https://record.assembly.go.kr/assembly/viewer/minutes/xml.do?id=54530&type=view,official_minutes_54530:58:6,2025-04-16,2025-04-14,국토교통위원회,제22대국회 제424회 (임시회) 제1차 국토교통위원회(국토법안심사소위원회) (2025.04.16.),박재유,0,housing,0.35,1,136
pres_2025,22,official_minutes,https://record.assembly.go.kr/assembly/viewer/minutes/xml.do?id=54530&type=view,official_minutes_54530:58:7,2025-04-16,2025-04-14,국토교통위원회,제22대국회 제424회 (임시회) 제1차 국토교통위원회(국토법안심사소위원회) (2025.04.16.),박재유,0,economy_growth,0.35,1,600
pres_2025,22,official_minutes,https://record.assembly.go.kr/assembly/viewer/minutes/xml.do?id=54530&type=view,official_minutes_54530:58:7,2025-04-16,2025-04-14,국토교통위원회,제22대국회 제424회 (임시회) 제1차 국토교통위원회(국토법안심사소위원회) (2025.04.16.),박재유,0,candidate_competence,0.35,1,600
pres_2025,22,official_minutes,https://record.assembly.go.kr/assembly/viewer/minutes/xml.do?id=54530&type=view,official_minutes_54530:58:7,2025-04-16,2025-04-14,국토교통위원회,제22대국회 제424회 (임시회) 제1차 국토교통위원회(국토법안심사소위원회) (2025.04.16.),박재유,0,housing,0.35,1,600
pres_2025,22,official_minutes,https://record.assembly.go.kr/assembly/viewer/minutes/xml.do?id=54530&type=view,official_minutes_54530:58:9,2025-04-16,2025-04-14,국토교통위원회,제22대국회 제424회 (임시회) 제1차 국토교통위원회(국토법안심사소위원회) (2025.04.16.),박재유,0,economy_growth,0.35,1,175
pres_2025,22,official_minutes,https://record.assembly.go.kr/assembly/viewer/minutes/xml.do?id=54530&type=view,official_minutes_54530:58:11,2025-04-16,2025-04-14,국토교통위원회,제22대국회 제424회 (임시회) 제1차 국토교통위원회(국토법안심사소위원회) (2025.04.16.),박재유,0,economy_growth,0.35,1,228
pres_2025,22,official_minutes,https://record.assembly.go.kr/assembly/viewer/minutes/xml.do?id=54530&type=view,official_minutes_54530:58:11,2025-04-16,2025-04-14,국토교통위원회,제22대국회 제424회 (임시회) 제1차 국토교통위원회(국토법안심사소위원회) (2025.04.16.),박재유,0,housing,0.35,1,228
pres_2025,22,official_minutes,https://record.assembly.go.kr/assembly/viewer/minutes/xml.do?id=54530&type=view,official_minutes_54530:58:13,2025-04-16,2025-04-14,국토교통위원회,제22대국회 제424회 (임시회) 제1차 국토교통위원회(국토법안심사소위원회) (2025.04.16.),박재유,0,economy_growth,0.35,1,282
pres_2025,22,official_minutes,https://record.assembly.go.kr/assembly/viewer/minutes/xml.do?id=54530&type=view,official_minutes_54530:58:13,2025-04-16,2025-04-14,국토교통위원회,제22대국회 제424회 (임시회) 제1차 국토교통위원회(국토법안심사소위원회) (2025.04.16.),박재유,0,candidate_competence,0.35,1,282
pres_2025,22,official_minutes,https://record.assembly.go.kr/assembly/viewer/minutes/xml.do?id=54530&type=view,official_minutes_54530:58:15,2025-04-16,2025-04-14,국토교통위원회,제22대국회 제424회 (임시회) 제1차 국토교통위원회(국토법안심사소위원회) (2025.04.16.),박재유,0,economy_growth,0.35,1,180
pres_2025,22,official_minutes,https://record.assembly.go.kr/assembly/viewer/minutes/xml.do?id=54530&type=view,official_minutes_54530:58:18,2025-04-16,2025-04-14,국토교통위원회,제22대국회 제424회 (임시회) 제1차 국토교통위원회(국토법안심사소위원회) (2025.04.16.),박재유,0,economy_growth,0.35,1,91
pres_2025,22,official_minutes,https://record.assembly.go.kr/assembly/viewer/minutes/xml.do?id=54530&type=view,official_minutes_54530:58:22,2025-04-16,2025-04-14,국토교통위원회,제22대국회 제424회 (임시회) 제1차 국토교통위원회(국토법안심사소위원회) (2025.04.16.),박재유,0,welfare_pension,1.0,1,564
pres_2025,22,official_minutes,https://record.assembly.go.kr/assembly/viewer/minutes/xml.do?id=54530&type=view,official_minutes_54530:58:22,2025-04-16,2025-04-14,국토교통위원회,제22대국회 제424회 (임시회) 제1차 국토교통위원회(국토법안심사소위원회) (2025.04.16.),박재유,0,economy_growth,0.35,1,564
pres_2025,22,official_minutes,https://record.assembly.go.kr/assembly/viewer/minutes/xml.do?id=54530&type=view,official_minutes_54530:58:24,2025-04-16,2025-04-14,국토교통위원회,제22대국회 제424회 (임시회) 제1차 국토교통위원회(국토법안심사소위원회) (2025.04.16.),박재유,0,economy_growth,0.35,1,355
pres_2025,22,official_minutes,https://record.assembly.go.kr/assembly/viewer/minutes/xml.do?id=54530&type=view,official_minutes_54530:58:26,2025-04-16,2025-04-14,국토교통위원회,제22대국회 제424회 (임시회) 제1차 국토교통위원회(국토법안심사소위원회) (2025.04.16.),박재유,0,economy_growth,0.35,1,146
pres_2025,22,official_minutes,https://record.assembly.go.kr/assembly/viewer/minutes/xml.do?id=54530&type=view,official_minutes_54530:58:29,2025-04-16,2025-04-14,국토교통위원회,제22대국회 제424회 (임시회) 제1차 국토교통위원회(국토법안심사소위원회) (2025.04.16.),박재유,0,economy_growth,0.35,1,51
pres_2025,22,official_minutes,https://record.assembly.go.kr/assembly/viewer/minutes/xml.do?id=54530&type=view,official_minutes_54530:58:29,2025-04-16,2025-04-14,국토교통위원회,제22대국회 제424회 (임시회) 제1차 국토교통위원회(국토법안심사소위원회) (2025.04.16.),박재유,0,housing,0.35,1,51
pres_2025,22,official_minutes,https://record.assembly.go.kr/assembly/viewer/minutes/xml.do?id=54530&type=view,official_minutes_54530:58:30,2025-04-16,2025-04-14,국토교통위원회,제22대국회 제424회 (임시회) 제1차 국토교통위원회(국토법안심사소위원회) (2025.04.16.),박재유,0,economy_growth,0.35,1,98
pres_2025,22,official_minutes,https://record.assembly.go.kr/assembly/viewer/minutes/xml.do?id=54530&type=view,official_minutes_54530:58:30,2025-04-16,2025-04-14,국토교통위원회,제22대국회 제424회 (임시회) 제1차 국토교통위원회(국토법안심사소위원회) (2025.04.16.),박재유,0,housing,0.35,1,98
pres_2025,22,official_minutes,https://record.assembly.go.kr/assembly/viewer/minutes/xml.do?id=54530&type=view,official_minutes_54530:58:31,2025-04-16,2025-04-14,국토교통위원회,제22대국회 제424회 (임시회) 제1차 국토교통위원회(국토법안심사소위원회) (2025.04.16.),박재유,0,economy_growth,0.35,1,145
pres_2025,22,official_minutes,https://record.assembly.go.kr/assembly/viewer/minutes/xml.do?id=54530&type=view,official_minutes_54530:58:31,2025-04-16,2025-04-14,국토교통위원회,제22대국회 제424회 (임시회) 제1차 국토교통위원회(국토법안심사소위원회) (2025.04.16.),박재유,0,housing,0.35,1,145
pres_2025,22,official_minutes,https://record.assembly.go.kr/assembly/viewer/minutes/xml.do?id=54530&type=view,official_minutes_54530:58:33,2025-04-16,2025-04-14,국토교통위원회,제22대국회 제424회 (임시회) 제1차 국토교통위원회(국토법안심사소위원회) (2025.04.16.),박재유,0,housing,0.35,1,191
pres_2025,22,official_minutes,https://record.assembly.go.kr/assembly/viewer/minutes/xml.do?id=54530&type=view,official_minutes_54530:58:35,2025-04-16,2025-04-14,국토교통위원회,제22대국회 제424회 (임시회) 제1차 국토교통위원회(국토법안심사소위원회) (2025.04.16.),박재유,0,economy_growth,0.35,1,115
pres_2025,22,official_minutes,https://record.assembly.go.kr/assembly/viewer/minutes/xml.do?id=54530&type=view,official_minutes_54530:58:35,2025-04-16,2025-04-14,국토교통위원회,제22대국회 제424회 (임시회) 제1차 국토교통위원회(국토법안심사소위원회) (2025.04.16.),박재유,0,housing,0.35,1,115
pres_2025,22,official_minutes,https://record.assembly.go.kr/assembly/viewer/minutes/xml.do?id=54530&type=view,official_minutes_54530:58:37,2025-04-16,2025-04-14,국토교통위원회,제22대국회 제424회 (임시회) 제1차 국토교통위원회(국토법안심사소위원회) (2025.04.16.),박재유,0,housing,0.35,1,243
pres_2025,22,official_minutes,https://record.assembly.go.kr/assembly/viewer/minutes/xml.do?id=54530&type=view,official_minutes_54530:58:38,2025-04-16,2025-04-14,국토교통위원회,제22대국회 제424회 (임시회) 제1차 국토교통위원회(국토법안심사소위원회) (2025.04.16.),박재유,0,housing,0.35,1,150
pres_2025,22,official_minutes,https://record.assembly.go.kr/assembly/viewer/minutes/xml.do?id=54530&type=view,official_minutes_54530:58:52,2025-04-16,2025-04-14,국토교통위원회,제22대국회 제424회 (임시회) 제1차 국토교통위원회(국토법안심사소위원회) (2025.04.16.),박재유,0,economy_growth,0.35,1,144
pres_2025,22,official_minutes,https://record.assembly.go.kr/assembly/viewer/minutes/xml.do?id=54530&type=view,official_minutes_54530:58:54,2025-04-16,2025-04-14,국토교통위원회,제22대국회 제424회 (임시회) 제1차 국토교통위원회(국토법안심사소위원회) (2025.04.16.),박재유,0,economy_growth,0.35,1,236
pres_2025,22,official_minutes,https://record.assembly.go.kr/assembly/viewer/minutes/xml.do?id=54530&type=view,official_minutes_54530:58:55,2025-04-16,2025-04-14,국토교통위원회,제22대국회 제424회 (임시회) 제1차 국토교통위원회(국토법안심사소위원회) (2025.04.16.),박재유,0,economy_growth,0.35,1,95
pres_2025,22,official_minutes,https://record.assembly.go.kr/assembly/viewer/minutes/xml.do?id=54530&type=view,official_minutes_54530:58:61,2025-04-16,2025-04-14,국토교통위원회,제22대국회 제424회 (임시회) 제1차 국토교통위원회(국토법안심사소위원회) (2025.04.16.),박재유,0,economy_growth,0.35,1,218
pres_2025,22,official_minutes,https://record.assembly.go.kr/assembly/viewer/minutes/xml.do?id=54530&type=view,official_minutes_54530:58:63,2025-04-16,2025-04-14,국토교통위원회,제22대국회 제424회 (임시회) 제1차 국토교통위원회(국토법안심사소위원회) (2025.04.16.),박재유,0,economy_growth,0.35,1,297
pres_2025,22,official_minutes,https://record.assembly.go.kr/assembly/viewer/minutes/xml.do?id=54530&type=view,official_minutes_54530:58:63,2025-04-16,2025-04-14,국토교통위원회,제22대국회 제424회 (임시회) 제1차 국토교통위원회(국토법안심사소위원회) (2025.04.16.),박재유,0,housing,0.35,1,297
pres_2025,22,official_minutes,https://record.assembly.go.kr/assembly/viewer/minutes/xml.do?id=54530&type=view,official_minutes_54530:58:68,2025-04-16,2025-04-14,국토교통위원회,제22대국회 제424회 (임시회) 제1차 국토교통위원회(국토법안심사소위원회) (2025.04.16.),박재유,0,economy_growth,0.35,1,123
pres_2025,22,official_minutes,https://record.assembly.go.kr/assembly/viewer/minutes/xml.do?id=54530&type=view,official_minutes_54530:58:68,2025-04-16,2025-04-14,국토교통위원회,제22대국회 제424회 (임시회) 제1차 국토교통위원회(국토법안심사소위원회) (2025.04.16.),박재유,0,housing,0.35,1,123
pres_2025,22,official_minutes,https://record.assembly.go.kr/assembly/viewer/minutes/xml.do?id=54530&type=view,official_minutes_54530:58:72,2025-04-16,2025-04-14,국토교통위원회,제22대국회 제424회 (임시회) 제1차 국토교통위원회(국토법안심사소위원회) (2025.04.16.),박재유,0,economy_growth,0.35,1,178
pres_2025,22,official_minutes,https://record.assembly.go.kr/assembly/viewer/minutes/xml.do?id=54530&type=view,official_minutes_54530:58:72,2025-04-16,2025-04-14,국토교통위원회,제22대국회 제424회 (임시회) 제1차 국토교통위원회(국토법안심사소위원회) (2025.04.16.),박재유,0,housing,0.35,1,178
pres_2025,22,official_minutes,https://record.assembly.go.kr/assembly/viewer/minutes/xml.do?id=54530&type=view,official_minutes_54530:58:78,2025-04-16,2025-04-14,국토교통위원회,제22대국회 제424회 (임시회) 제1차 국토교통위원회(국토법안심사소위원회) (2025.04.16.),박재유,0,economy_growth,0.35,1,171
pres_2025,22,official_minutes,https://record.assembly.go.kr/assembly/viewer/minutes/xml.do?id=54530&type=view,official_minutes_54530:58:78,2025-04-16,2025-04-14,국토교통위원회,제22대국회 제424회 (임시회) 제1차 국토교통위원회(국토법안심사소위원회) (2025.04.16.),박재유,0,housing,0.35,1,171
pres_2025,22,official_minutes,https://record.assembly.go.kr/assembly/viewer/minutes/xml.do?id=54530&type=view,official_minutes_54530:58:79,2025-04-16,2025-04-14,국토교통위원회,제22대국회 제424회 (임시회) 제1차 국토교통위원회(국토법안심사소위원회) (2025.04.16.),박재유,0,economy_growth,0.35,1,151
pres_2025,22,official_minutes,https://record.assembly.go.kr/assembly/viewer/minutes/xml.do?id=54530&type=view,official_minutes_54530:58:79,2025-04-16,2025-04-14,국토교통위원회,제22대국회 제424회 (임시회) 제1차 국토교통위원회(국토법안심사소위원회) (2025.04.16.),박재유,0,housing,0.35,1,151
pres_2025,22,official_minutes,https://record.assembly.go.kr/assembly/viewer/minutes/xml.do?id=54530&type=view,official_minutes_54530:58:82,2025-04-16,2025-04-14,국토교통위원회,제22대국회 제424회 (임시회) 제1차 국토교통위원회(국토법안심사소위원회) (2025.04.16.),박재유,0,economy_growth,0.35,1,177
pres_2025,22,official_minutes,https://record.assembly.go.kr/assembly/viewer/minutes/xml.do?id=54530&type=view,official_minutes_54530:58:82,2025-04-16,2025-04-14,국토교통위원회,제22대국회 제424회 (임시회) 제1차 국토교통위원회(국토법안심사소위원회) (2025.04.16.),박재유,0,housing,0.35,1,177
pres_2025,22,official_minutes,https://record.assembly.go.kr/assembly/viewer/minutes/xml.do?id=54530&type=view,official_minutes_54530:58:83,2025-04-16,2025-04-14,국토교통위원회,제22대국회 제424회 (임시회) 제1차 국토교통위원회(국토법안심사소위원회) (2025.04.16.),박재유,0,economy_growth,0.35,1,214
pres_2025,22,official_minutes,https://record.assembly.go.kr/assembly/viewer/minutes/xml.do?id=54530&type=view,official_minutes_54530:58:83,2025-04-16,2025-04-14,국토교통위원회,제22대국회 제424회 (임시회) 제1차 국토교통위원회(국토법안심사소위원회) (2025.04.16.),박재유,0,housing,0.35,1,214
pres_2025,22,official_minutes,https://record.assembly.go.kr/assembly/viewer/minutes/xml.do?id=54530&type=view,official_minutes_54530:58:85,2025-04-16,2025-04-14,국토교통위원회,제22대국회 제424회 (임시회) 제1차 국토교통위원회(국토법안심사소위원회) (2025.04.16.),박재유,0,regional_dev,0.35,1,136
pres_2025,22,official_minutes,https://record.assembly.go.kr/assembly/viewer/minutes/xml.do?id=54530&type=view,official_minutes_54530:58:88,2025-04-16,2025-04-14,국토교통위원회,제22대국회 제424회 (임시회) 제1차 국토교통위원회(국토법안심사소위원회) (2025.04.16.),박재유,0,regional_dev,1.0,1,86
pres_2025,22,official_minutes,https://record.assembly.go.kr/assembly/viewer/minutes/xml.do?id=54530&type=view,official_minutes_54530:58:91,2025-04-16,2025-04-14,국토교통위원회,제22대국회 제424회 (임시회) 제1차 국토교통위원회(국토법안심사소위원회) (2025.04.16.),박재유,0,regional_dev,0.35,1,97
pres_2025,22,official_minutes,https://record.assembly.go.kr/assembly/viewer/minutes/xml.do?id=54530&type=view,official_minutes_54530:58:91,2025-04-16,2025-04-14,국토교통위원회,제22대국회 제424회 (임시회) 제1차 국토교통위원회(국토법안심사소위원회) (2025.04.16.),박재유,0,economy_growth,0.35,1,97
pres_2025,22,official_minutes,https://record.assembly.go.kr/assembly/viewer/minutes/xml.do?id=54530&type=view,official_minutes_54530:58:97,2025-04-16,2025-04-14,국토교통위원회,제22대국회 제424회 (임시회) 제1차 국토교통위원회(국토법안심사소위원회) (2025.04.16.),박재유,0,housing,0.35,1,243
pres_2025,22,official_minutes,https://record.assembly.go.kr/assembly/viewer/minutes/xml.do?id=54530&type=view,official_minutes_54530:58:99,2025-04-16,2025-04-14,국토교통위원회,제22대국회 제424회 (임시회) 제1차 국토교통위원회(국토법안심사소위원회) (2025.04.16.),박재유,0,economy_growth,0.35,1,170
pres_2025,22,official_minutes,https://record.assembly.go.kr/assembly/viewer/minutes/xml.do?id=54530&type=view,official_minutes_54530:58:99,2025-04-16,2025-04-14,국토교통위원회,제22대국회 제424회 (임시회) 제1차 국토교통위원회(국토법안심사소위원회) (2025.04.16.),박재유,0,housing,0.35,1,170
pres_2025,22,official_minutes,https://record.assembly.go.kr/assembly/viewer/minutes/xml.do?id=54530&type=view,official_minutes_54530:58:104,2025-04-16,2025-04-14,국토교통위원회,제22대국회 제424회 (임시회) 제1차 국토교통위원회(국토법안심사소위원회) (2025.04.16.),박재유,0,economy_growth,0.35,1,191
pres_2025,22,official_minutes,https://record.assembly.go.kr/assembly/viewer/minutes/xml.do?id=54530&type=view,official_minutes_54530:58:104,2025-04-16,2025-04-14,국토교통위원회,제22대국회 제424회 (임시회) 제1차 국토교통위원회(국토법안심사소위원회) (2025.04.16.),박재유,0,housing,0.35,1,191
pres_2025,22,official_minutes,https://record.assembly.go.kr/assembly/viewer/minutes/xml.do?id=54530&type=view,official_minutes_54530:58:106,2025-04-16,2025-04-14,국토교통위원회,제22대국회 제424회 (임시회) 제1차 국토교통위원회(국토법안심사소위원회) (2025.04.16.),박재유,0,economy_growth,0.35,1,90
pres_2025,22,official_minutes,https://record.assembly.go.kr/assembly/viewer/minutes/xml.do?id=54530&type=view,official_minutes_54530:58:106,2025-04-16,2025-04-14,국토교통위원회,제22대국회 제424회 (임시회) 제1차 국토교통위원회(국토법안심사소위원회) (2025.04.16.),박재유,0,housing,0.35,1,90
pres_2025,22,official_minutes,https://record.assembly.go.kr/assembly/viewer/minutes/xml.do?id=54530&type=view,official_minutes_54530:58:113,2025-04-16,2025-04-14,국토교통위원회,제22대국회 제424회 (임시회) 제1차 국토교통위원회(국토법안심사소위원회) (2025.04.16.),박재유,0,security_nk,0.35,1,159
pres_2025,22,official_minutes,https://record.assembly.go.kr/assembly/viewer/minutes/xml.do?id=54530&type=view,official_minutes_54530:58:113,2025-04-16,2025-04-14,국토교통위원회,제22대국회 제424회 (임시회) 제1차 국토교통위원회(국토법안심사소위원회) (2025.04.16.),박재유,0,economy_growth,0.35,1,159
pres_2025,22,official_minutes,https://record.assembly.go.kr/assembly/viewer/minutes/xml.do?id=54530&type=view,official_minutes_54530:58:113,2025-04-16,2025-04-14,국토교통위원회,제22대국회 제424회 (임시회) 제1차 국토교통위원회(국토법안심사소위원회) (2025.04.16.),박재유,0,housing,0.35,1,159
pres_2025,22,official_minutes,https://record.assembly.go.kr/assembly/viewer/minutes/xml.do?id=54530&type=view,official_minutes_54530:58:115,2025-04-16,2025-04-14,국토교통위원회,제22대국회 제424회 (임시회) 제1차 국토교통위원회(국토법안심사소위원회) (2025.04.16.),박재유,0,economy_growth,0.35,1,248
pres_2025,22,official_minutes,https://record.assembly.go.kr/assembly/viewer/minutes/xml.do?id=54530&type=view,official_minutes_54530:60:2,2025-04-16,2025-04-14,국토교통위원회,제22대국회 제424회 (임시회) 제1차 국토교통위원회(국토법안심사소위원회) (2025.04.16.),진현환,0,economy_growth,0.35,1,62
pres_2025,22,official_minutes,https://record.assembly.go.kr/assembly/viewer/minutes/xml.do?id=54530&type=view,official_minutes_54530:60:2,2025-04-16,2025-04-14,국토교통위원회,제22대국회 제424회 (임시회) 제1차 국토교통위원회(국토법안심사소위원회) (2025.04.16.),진현환,0,housing,0.35,1,62
pres_2025,22,official_minutes,https://record.assembly.go.kr/assembly/viewer/minutes/xml.do?id=54530&type=view,official_minutes_54530:60:4,2025-04-16,2025-04-14,국토교통위원회,제22대국회 제424회 (임시회) 제1차 국토교통위원회(국토법안심사소위원회) (2025.04.16.),진현환,0,inflation_livelihood,1.0,1,87
pres_2025,22,official_minutes,https://record.assembly.go.kr/assembly/viewer/minutes/xml.do?id=54530&type=view,official_minutes_54530:62:3,2025-04-16,2025-04-14,국토교통위원회,제22대국회 제424회 (임시회) 제1차 국토교통위원회(국토법안심사소위원회) (2025.04.16.),이소영,6684,housing,0.35,1,40
pres_2025,22,official_minutes,https://record.assembly.go.kr/assembly/viewer/minutes/xml.do?id=54530&type=view,official_minutes_54530:63:3,2025-04-16,2025-04-14,국토교통위원회,제22대국회 제424회 (임시회) 제1차 국토교통위원회(국토법안심사소위원회) (2025.04.16.),권영진,6743,economy_growth,0.35,1,118
pres_2025,22,official_minutes,https://record.assembly.go.kr/assembly/viewer/minutes/xml.do?id=54530&type=view,official_minutes_54530:63:3,2025-04-16,2025-04-14,국토교통위원회,제22대국회 제424회 (임시회) 제1차 국토교통위원회(국토법안심사소위원회) (2025.04.16.),권영진,6743,housing,0.35,1,118
pres_2025,22,official_minutes,https://record.assembly.go.kr/assembly/viewer/minutes/xml.do?id=54530&type=view,official_minutes_54530:64:1,2025-04-16,2025-04-14,국토교통위원회,제22대국회 제424회 (임시회) 제1차 국토교통위원회(국토법안심사소위원회) (2025.04.16.),권영진,6743,housing,1.0,1,75
pres_2025,22,official_minutes,https://record.assembly.go.kr/assembly/viewer/minutes/xml.do?id=54530&type=view,official_minutes_54530:64:2,2025-04-16,2025-04-14,국토교통위원회,제22대국회 제424회 (임시회) 제1차 국토교통위원회(국토법안심사소위원회) (2025.04.16.),권영진,6743,housing,1.0,1,152
pres_2025,22,official_minutes,https://record.assembly.go.kr/assembly/viewer/minutes/xml.do?id=54530&type=view,official_minutes_54530:65:5,2025-04-16,2025-04-14,국토교통위원회,제22대국회 제424회 (임시회) 제1차 국토교통위원회(국토법안심사소위원회) (2025.04.16.),박재유,0,housing,1.0,1,213
pres_2025,22,official_minutes,https://record.assembly.go.kr/assembly/viewer/minutes/xml.do?id=54530&type=view,official_minutes_54530:67:1,2025-04-16,2025-04-14,국토교통위원회,제22대국회 제424회 (임시회) 제1차 국토교통위원회(국토법안심사소위원회) (2025.04.16.),진현환,0,housing,1.0,1,31
pres_2025,22,official_minutes,https://record.assembly.go.kr/assembly/viewer/minutes/xml.do?id=54530&type=view,official_minutes_54530:69:2,2025-04-16,2025-04-14,국토교통위원회,제22대국회 제424회 (임시회) 제1차 국토교통위원회(국토법안심사소위원회) (2025.04.16.),이소영,6684,housing,0.35,1,107
pres_2025,22,official_minutes,https://record.assembly.go.kr/assembly/viewer/minutes/xml.do?id=54530&type=view,official_minutes_54530:70:2,2025-04-16,2025-04-14,국토교통위원회,제22대국회 제424회 (임시회) 제1차 국토교통위원회(국토법안심사소위원회) (2025.04.16.),진현환,0,housing,1.0,1,28
pres_2025,22,official_minutes,https://record.assembly.go.kr/assembly/viewer/minutes/xml.do?id=54530&type=view,official_minutes_54530:70:3,2025-04-16,2025-04-14,국토교통위원회,제22대국회 제424회 (임시회) 제1차 국토교통위원회(국토법안심사소위원회) (2025.04.16.),진현환,0,housing,1.0,1,98
pres_2025,22,official_minutes,https://record.assembly.go.kr/assembly/viewer/minutes/xml.do?id=54530&type=view,official_minutes_54530:70:5,2025-04-16,2025-04-14,국토교통위원회,제22대국회 제424회 (임시회) 제1차 국토교통위원회(국토법안심사소위원회) (2025.04.16.),진현환,0,housing,0.35,1,156
pres_2025,22,official_minutes,https://record.assembly.go.kr/assembly/viewer/minutes/xml.do?id=54530&type=view,official_minutes_54530:72:1,2025-04-16,2025-04-14,국토교통위원회,제22대국회 제424회 (임시회) 제1차 국토교통위원회(국토법안심사소위원회) (2025.04.16.),김정재,6606,housing,1.0,1,48
pres_2025,22,official_minutes,https://record.assembly.go.kr/assembly/viewer/minutes/xml.do?id=54530&type=view,official_minutes_54530:72:2,2025-04-16,2025-04-14,국토교통위원회,제22대국회 제424회 (임시회) 제1차 국토교통위원회(국토법안심사소위원회) (2025.04.16.),김정재,6606,housing,1.0,1,196
pres_2025,22,official_minutes,https://record.assembly.go.kr/assembly/viewer/minutes/xml.do?id=54530&type=view,official_minutes_54530:73:1,2025-04-16,2025-04-14,국토교통위원회,제22대국회 제424회 (임시회) 제1차 국토교통위원회(국토법안심사소위원회) (2025.04.16.),권영진,6743,housing,0.35,1,77
pres_2025,22,official_minutes,https://record.assembly.go.kr/assembly/viewer/minutes/xml.do?id=54530&type=view,official_minutes_54530:74:2,2025-04-16,2025-04-14,국토교통위원회,제22대국회 제424회 (임시회) 제1차 국토교통위원회(국토법안심사소위원회) (2025.04.16.),복기왕,6728,housing,1.0,1,220
pres_2025,22,official_minutes,https://record.assembly.go.kr/assembly/viewer/minutes/xml.do?id=54530&type=view,official_minutes_54530:78:3,2025-04-16,2025-04-14,국토교통위원회,제22대국회 제424회 (임시회) 제1차 국토교통위원회(국토법안심사소위원회) (2025.04.16.),민홍철,6669,housing,0.35,1,62
pres_2025,22,official_minutes,https://record.assembly.go.kr/assembly/viewer/minutes/xml.do?id=54530&type=view,official_minutes_54530:78:7,2025-04-16,2025-04-14,국토교통위원회,제22대국회 제424회 (임시회) 제1차 국토교통위원회(국토법안심사소위원회) (2025.04.16.),민홍철,6669,housing,0.35,1,93
pres_2025,22,official_minutes,https://record.assembly.go.kr/assembly/viewer/minutes/xml.do?id=54530&type=view,official_minutes_54530:79:1,2025-04-16,2025-04-14,국토교통위원회,제22대국회 제424회 (임시회) 제1차 국토교통위원회(국토법안심사소위원회) (2025.04.16.),권영진,6743,housing,0.35,1,125
pres_2025,22,official_minutes,https://record.assembly.go.kr/assembly/viewer/minutes/xml.do?id=54530&type=view,official_minutes_54530:87:2,2025-04-16,2025-04-14,국토교통위원회,제22대국회 제424회 (임시회) 제1차 국토교통위원회(국토법안심사소위원회) (2025.04.16.),이소영,6684,housing,0.35,1,68
pres_2025,22,official_minutes,https://record.assembly.go.kr/assembly/viewer/minutes/xml.do?id=54530&type=view,official_minutes_54530:87:4,2025-04-16,2025-04-14,국토교통위원회,제22대국회 제424회 (임시회) 제1차 국토교통위원회(국토법안심사소위원회) (2025.04.16.),이소영,6684,housing,0.35,1,97
pres_2025,22,official_minutes,https://record.assembly.go.kr/assembly/viewer/minutes/xml.do?id=54530&type=view,official_minutes_54530:91:5,2025-04-16,2025-04-14,국토교통위원회,제22대국회 제424회 (임시회) 제1차 국토교통위원회(국토법안심사소위원회) (2025.04.16.),이소영,6684,housing,1.0,1,93
pres_2025,22,official_minutes,https://record.assembly.go.kr/assembly/viewer/minutes/xml.do?id=54530&type=view,official_minutes_54530:92:4,2025-04-16,2025-04-14,국토교통위원회,제22대국회 제424회 (임시회) 제1차 국토교통위원회(국토법안심사소위원회) (2025.04.16.),민홍철,6669,housing,0.35,1,61
pres_2025,22,official_minutes,https://record.assembly.go.kr/assembly/viewer/minutes/xml.do?id=54530&type=view,official_minutes_54530:92:6,2025-04-16,2025-04-14,국토교통위원회,제22대국회 제424회 (임시회) 제1차 국토교통위원회(국토법안심사소위원회) (2025.04.16.),민홍철,6669,housing,0.35,1,46
pres_2025,22,official_minutes,https://record.assembly.go.kr/assembly/viewer/minutes/xml.do?id=54530&type=view,official_minutes_54530:92:8,2025-04-16,2025-04-14,국토교통위원회,제22대국회 제424회 (임시회) 제1차 국토교통위원회(국토법안심사소위원회) (2025.04.16.),민홍철,6669,housing,0.35,1,49
pres_2025,22,official_minutes,https://record.assembly.go.kr/assembly/viewer/minutes/xml.do?id=54530&type=view,official_minutes_54530:100:1,2025-04-16,2025-04-14,국토교통위원회,제22대국회 제424회 (임시회) 제1차 국토교통위원회(국토법안심사소위원회) (2025.04.16.),민홍철,6669,housing,0.35,1,61
pres_2025,22,official_minutes,https://record.assembly.go.kr/assembly/viewer/minutes/xml.do?id=54530&type=view,official_minutes_54530:100:4,2025-04-16,2025-04-14,국토교통위원회,제22대국회 제424회 (임시회) 제1차 국토교통위원회(국토법안심사소위원회) (2025.04.16.),민홍철,6669,housing,0.35,1,50
pres_2025,22,official_minutes,https://record.assembly.go.kr/assembly/viewer/minutes/xml.do?id=54530&type=view,official_minutes_54530:100:6,2025-04-16,2025-04-14,국토교통위원회,제22대국회 제424회 (임시회) 제1차 국토교통위원회(국토법안심사소위원회) (2025.04.16.),민홍철,6669,housing,1.0,1,15
pres_2025,22,official_minutes,https://record.assembly.go.kr/assembly/viewer/minutes/xml.do?id=54530&type=view,official_minutes_54530:104:3,2025-04-16,2025-04-14,국토교통위원회,제22대국회 제424회 (임시회) 제1차 국토교통위원회(국토법안심사소위원회) (2025.04.16.),진현환,0,housing,1.0,1,139
pres_2025,22,official_minutes,https://record.assembly.go.kr/assembly/viewer/minutes/xml.do?id=54530&type=view,official_minutes_54530:104:4,2025-04-16,2025-04-14,국토교통위원회,제22대국회 제424회 (임시회) 제1차 국토교통위원회(국토법안심사소위원회) (2025.04.16.),진현환,0,housing,1.0,1,72
pres_2025,22,official_minutes,https://record.assembly.go.kr/assembly/viewer/minutes/xml.do?id=54530&type=view,official_minutes_54530:104:5,2025-04-16,2025-04-14,국토교통위원회,제22대국회 제424회 (임시회) 제1차 국토교통위원회(국토법안심사소위원회) (2025.04.16.),진현환,0,housing,1.0,1,85
pres_2025,22,official_minutes,https://record.assembly.go.kr/assembly/viewer/minutes/xml.do?id=54530&type=view,official_minutes_54530:105:1,2025-04-16,2025-04-14,국토교통위원회,제22대국회 제424회 (임시회) 제1차 국토교통위원회(국토법안심사소위원회) (2025.04.16.),권영진,6743,housing,0.35,1,65
pres_2025,22,official_minutes,https://record.assembly.go.kr/assembly/viewer/minutes/xml.do?id=54530&type=view,official_minutes_54530:105:2,2025-04-16,2025-04-14,국토교통위원회,제22대국회 제424회 (임시회) 제1차 국토교통위원회(국토법안심사소위원회) (2025.04.16.),권영진,6743,housing,1.0,1,55
pres_2025,22,official_minutes,https://record.assembly.go.kr/assembly/viewer/minutes/xml.do?id=54530&type=view,official_minutes_54530:107:1,2025-04-16,2025-04-14,국토교통위원회,제22대국회 제424회 (임시회) 제1차 국토교통위원회(국토법안심사소위원회) (2025.04.16.),진현환,0,housing,0.35,1,52
pres_2025,22,official_minutes,https://record.assembly.go.kr/assembly/viewer/minutes/xml.do?id=54530&type=view,official_minutes_54530:112:3,2025-04-16,2025-04-14,국토교통위원회,제22대국회 제424회 (임시회) 제1차 국토교통위원회(국토법안심사소위원회) (2025.04.16.),민홍철,6669,housing,0.35,1,55
pres_2025,22,official_minutes,https://record.assembly.go.kr/assembly/viewer/minutes/xml.do?id=54530&type=view,official_minutes_54530:112:4,2025-04-16,2025-04-14,국토교통위원회,제22대국회 제424회 (임시회) 제1차 국토교통위원회(국토법안심사소위원회) (2025.04.16.),민홍철,6669,housing,0.35,1,24
pres_2025,22,official_minutes,https://record.assembly.go.kr/assembly/viewer/minutes/xml.do?id=54530&type=view,official_minutes_54530:118:2,2025-04-16,2025-04-14,국토교통위원회,제22대국회 제424회 (임시회) 제1차 국토교통위원회(국토법안심사소위원회) (2025.04.16.),이소영,6684,housing,0.35,1,90
pres_2025,22,official_minutes,https://record.assembly.go.kr/assembly/viewer/minutes/xml.do?id=54530&type=view,official_minutes_54530:121:5,2025-04-16,2025-04-14,국토교통위원회,제22대국회 제424회 (임시회) 제1차 국토교통위원회(국토법안심사소위원회) (2025.04.16.),권영진,6743,housing,1.0,1,132
pres_2025,22,official_minutes,https://record.assembly.go.kr/assembly/viewer/minutes/xml.do?id=54530&type=view,official_minutes_54530:123:6,2025-04-16,2025-04-14,국토교통위원회,제22대국회 제424회 (임시회) 제1차 국토교통위원회(국토법안심사소위원회) (2025.04.16.),박재유,0,inflation_livelihood,0.75,1,126
pres_2025,22,official_minutes,https://record.assembly.go.kr/assembly/viewer/minutes/xml.do?id=54530&type=view,official_minutes_54530:123:9,2025-04-16,2025-04-14,국토교통위원회,제22대국회 제424회 (임시회) 제1차 국토교통위원회(국토법안심사소위원회) (2025.04.16.),박재유,0,inflation_livelihood,0.75,1,239
pres_2025,22,official_minutes,https://record.assembly.go.kr/assembly/viewer/minutes/xml.do?id=54530&type=view,official_minutes_54530:131:3,2025-04-16,2025-04-14,국토교통위원회,제22대국회 제424회 (임시회) 제1차 국토교통위원회(국토법안심사소위원회) (2025.04.16.),박재유,0,housing,0.35,1,207
pres_2025,22,official_minutes,https://record.assembly.go.kr/assembly/viewer/minutes/xml.do?id=54530&type=view,official_minutes_54530:133:3,2025-04-16,2025-04-14,국토교통위원회,제22대국회 제424회 (임시회) 제1차 국토교통위원회(국토법안심사소위원회) (2025.04.16.),진현환,0,housing,1.0,1,84
pres_2025,22,official_minutes,https://record.assembly.go.kr/assembly/viewer/minutes/xml.do?id=54530&type=view,official_minutes_54530:139:2,2025-04-16,2025-04-14,국토교통위원회,제22대국회 제424회 (임시회) 제1차 국토교통위원회(국토법안심사소위원회) (2025.04.16.),복기왕,6728,candidate_competence,1.0,1,203
pres_2025,22,official_minutes,https://record.assembly.go.kr/assembly/viewer/minutes/xml.do?id=54530&type=view,official_minutes_54530:144:5,2025-04-16,2025-04-14,국토교통위원회,제22대국회 제424회 (임시회) 제1차 국토교통위원회(국토법안심사소위원회) (2025.04.16.),박재유,0,regional_dev,0.35,1,255
pres_2025,22,official_minutes,https://record.assembly.go.kr/assembly/viewer/minutes/xml.do?id=54530&type=view,official_minutes_54530:144:11,2025-04-16,2025-04-14,국토교통위원회,제22대국회 제424회 (임시회) 제1차 국토교통위원회(국토법안심사소위원회) (2025.04.16.),박재유,0,external_shock,0.35,1,185
pres_2025,22,official_minutes,https://record.assembly.go.kr/assembly/viewer/minutes/xml.do?id=54530&type=view,official_minutes_54530:144:13,2025-04-16,2025-04-14,국토교통위원회,제22대국회 제424회 (임시회) 제1차 국토교통위원회(국토법안심사소위원회) (2025.04.16.),박재유,0,external_shock,0.35,1,115
pres_2025,22,official_minutes,https://record.assembly.go.kr/assembly/viewer/minutes/xml.do?id=54530&type=view,official_minutes_54530:144:15,2025-04-16,2025-04-14,국토교통위원회,제22대국회 제424회 (임시회) 제1차 국토교통위원회(국토법안심사소위원회) (2025.04.16.),박재유,0,education,0.35,1,247
pres_2025,22,official_minutes,https://record.assembly.go.kr/assembly/viewer/minutes/xml.do?id=54530&type=view,official_minutes_54530:144:17,2025-04-16,2025-04-14,국토교통위원회,제22대국회 제424회 (임시회) 제1차 국토교통위원회(국토법안심사소위원회) (2025.04.16.),박재유,0,education,0.35,1,149
pres_2025,22,official_minutes,https://record.assembly.go.kr/assembly/viewer/minutes/xml.do?id=54530&type=view,official_minutes_54530:151:1,2025-04-16,2025-04-14,국토교통위원회,제22대국회 제424회 (임시회) 제1차 국토교통위원회(국토법안심사소위원회) (2025.04.16.),권영진,6743,external_shock,0.35,1,12
pres_2025,22,official_minutes,https://record.assembly.go.kr/assembly/viewer/minutes/xml.do?id=54530&type=view,official_minutes_54530:153:3,2025-04-16,2025-04-14,국토교통위원회,제22대국회 제424회 (임시회) 제1차 국토교통위원회(국토법안심사소위원회) (2025.04.16.),박재유,0,external_shock,0.35,1,161
pres_2025,22,official_minutes,https://record.assembly.go.kr/assembly/viewer/minutes/xml.do?id=54530&type=view,official_minutes_54530:163:1,2025-04-16,2025-04-14,국토교통위원회,제22대국회 제424회 (임시회) 제1차 국토교통위원회(국토법안심사소위원회) (2025.04.16.),박용갑,6857,education,0.35,1,70
pres_2025,22,official_minutes,https://record.assembly.go.kr/assembly/viewer/minutes/xml.do?id=54530&type=view,official_minutes_54530:165:1,2025-04-16,2025-04-14,국토교통위원회,제22대국회 제424회 (임시회) 제1차 국토교통위원회(국토법안심사소위원회) (2025.04.16.),박용갑,6857,education,0.35,1,16
pres_2025,22,official_minutes,https://record.assembly.go.kr/assembly/viewer/minutes/xml.do?id=54530&type=view,official_minutes_54530:165:2,2025-04-16,2025-04-14,국토교통위원회,제22대국회 제424회 (임시회) 제1차 국토교통위원회(국토법안심사소위원회) (2025.04.16.),박용갑,6857,education,0.35,1,58
pres_2025,22,official_minutes,https://record.assembly.go.kr/assembly/viewer/minutes/xml.do?id=54530&type=view,official_minutes_54530:165:3,2025-04-16,2025-04-14,국토교통위원회,제22대국회 제424회 (임시회) 제1차 국토교통위원회(국토법안심사소위원회) (2025.04.16.),박용갑,6857,education,0.35,1,32
pres_2025,22,official_minutes,https://record.assembly.go.kr/assembly/viewer/minutes/xml.do?id=54530&type=view,official_minutes_54530:165:6,2025-04-16,2025-04-14,국토교통위원회,제22대국회 제424회 (임시회) 제1차 국토교통위원회(국토법안심사소위원회) (2025.04.16.),박용갑,6857,education,0.35,1,30
pres_2025,22,official_minutes,https://record.assembly.go.kr/assembly/viewer/minutes/xml.do?id=54530&type=view,official_minutes_54530:165:7,2025-04-16,2025-04-14,국토교통위원회,제22대국회 제424회 (임시회) 제1차 국토교통위원회(국토법안심사소위원회) (2025.04.16.),박용갑,6857,education,0.35,1,51
pres_2025,22,official_minutes,https://record.assembly.go.kr/assembly/viewer/minutes/xml.do?id=54530&type=view,official_minutes_54530:165:8,2025-04-16,2025-04-14,국토교통위원회,제22대국회 제424회 (임시회) 제1차 국토교통위원회(국토법안심사소위원회) (2025.04.16.),박용갑,6857,education,0.35,1,54
pres_2025,22,official_minutes,https://record.assembly.go.kr/assembly/viewer/minutes/xml.do?id=54530&type=view,official_minutes_54530:166:2,2025-04-16,2025-04-14,국토교통위원회,제22대국회 제424회 (임시회) 제1차 국토교통위원회(국토법안심사소위원회) (2025.04.16.),진현환,0,education,0.35,1,76
pres_2025,22,official_minutes,https://record.assembly.go.kr/assembly/viewer/minutes/xml.do?id=54530&type=view,official_minutes_54530:168:1,2025-04-16,2025-04-14,국토교통위원회,제22대국회 제424회 (임시회) 제1차 국토교통위원회(국토법안심사소위원회) (2025.04.16.),진현환,0,education,0.35,1,15
pres_2025,22,official_minutes,https://record.assembly.go.kr/assembly/viewer/minutes/xml.do?id=54530&type=view,official_minutes_54530:169:1,2025-04-16,2025-04-14,국토교통위원회,제22대국회 제424회 (임시회) 제1차 국토교통위원회(국토법안심사소위원회) (2025.04.16.),박용갑,6857,education,0.35,1,46
pres_2025,22,official_minutes,https://record.assembly.go.kr/assembly/viewer/minutes/xml.do?id=54530&type=view,official_minutes_54530:169:3,2025-04-16,2025-04-14,국토교통위원회,제22대국회 제424회 (임시회) 제1차 국토교통위원회(국토법안심사소위원회) (2025.04.16.),박용갑,6857,education,0.35,1,67
pres_2025,22,official_minutes,https://record.assembly.go.kr/assembly/viewer/minutes/xml.do?id=54530&type=view,official_minutes_54530:171:3,2025-04-16,2025-04-14,국토교통위원회,제22대국회 제424회 (임시회) 제1차 국토교통위원회(국토법안심사소위원회) (2025.04.16.),박용갑,6857,education,0.35,1,100
pres_2025,22,official_minutes,https://record.assembly.go.kr/assembly/viewer/minutes/xml.do?id=54530&type=view,official_minutes_54530:175:4,2025-04-16,2025-04-14,국토교통위원회,제22대국회 제424회 (임시회) 제1차 국토교통위원회(국토법안심사소위원회) (2025.04.16.),서범수,6708,education,0.35,1,33
pres_2025,22,official_minutes,https://record.assembly.go.kr/assembly/viewer/minutes/xml.do?id=54530&type=view,official_minutes_54530:177:2,2025-04-16,2025-04-14,국토교통위원회,제22대국회 제424회 (임시회) 제1차 국토교통위원회(국토법안심사소위원회) (2025.04.16.),박용선,0,education,0.35,1,47
pres_2025,22,official_minutes,https://record.assembly.go.kr/assembly/viewer/minutes/xml.do?id=54530&type=view,official_minutes_54530:177:3,2025-04-16,2025-04-14,국토교통위원회,제22대국회 제424회 (임시회) 제1차 국토교통위원회(국토법안심사소위원회) (2025.04.16.),박용선,0,education,0.35,1,85
pres_2025,22,official_minutes,https://record.assembly.go.kr/assembly/viewer/minutes/xml.do?id=54530&type=view,official_minutes_54530:177:4,2025-04-16,2025-04-14,국토교통위원회,제22대국회 제424회 (임시회) 제1차 국토교통위원회(국토법안심사소위원회) (2025.04.16.),박용선,0,education,0.35,1,86
pres_2025,22,official_minutes,https://record.assembly.go.kr/assembly/viewer/minutes/xml.do?id=54530&type=view,official_minutes_54530:180:19,2025-04-16,2025-04-14,국토교통위원회,제22대국회 제424회 (임시회) 제1차 국토교통위원회(국토법안심사소위원회) (2025.04.16.),박재유,0,regional_dev,0.35,1,281
pres_2025,22,official_minutes,https://record.assembly.go.kr/assembly/viewer/minutes/xml.do?id=54530&type=view,official_minutes_54530:180:25,2025-04-16,2025-04-14,국토교통위원회,제22대국회 제424회 (임시회) 제1차 국토교통위원회(국토법안심사소위원회) (2025.04.16.),박재유,0,endorsement_event,0.35,1,247
pres_2025,22,official_minutes,https://record.assembly.go.kr/assembly/viewer/minutes/xml.do?id=54530&type=view,official_minutes_54530:216:2,2025-04-16,2025-04-14,국토교통위원회,제22대국회 제424회 (임시회) 제1차 국토교통위원회(국토법안심사소위원회) (2025.04.16.),박용갑,6857,regional_dev,0.35,1,25
pres_2025,22,official_minutes,https://record.assembly.go.kr/assembly/viewer/minutes/xml.do?id=54530&type=view,official_minutes_54530:241:2,2025-04-16,2025-04-14,국토교통위원회,제22대국회 제424회 (임시회) 제1차 국토교통위원회(국토법안심사소위원회) (2025.04.16.),김정재,6606,regional_dev,0.35,1,120
pres_2025,22,official_minutes,https://record.assembly.go.kr/assembly/viewer/minutes/xml.do?id=54530&type=view,official_minutes_54530:241:2,2025-04-16,2025-04-14,국토교통위원회,제22대국회 제424회 (임시회) 제1차 국토교통위원회(국토법안심사소위원회) (2025.04.16.),김정재,6606,economy_growth,0.35,1,120
pres_2025,22,official_minutes,https://record.assembly.go.kr/assembly/viewer/minutes/xml.do?id=54530&type=view,official_minutes_54530:241:4,2025-04-16,2025-04-14,국토교통위원회,제22대국회 제424회 (임시회) 제1차 국토교통위원회(국토법안심사소위원회) (2025.04.16.),김정재,6606,regional_dev,0.35,1,62
pres_2025,22,official_minutes,https://record.assembly.go.kr/assembly/viewer/minutes/xml.do?id=54530&type=view,official_minutes_54530:241:10,2025-04-16,2025-04-14,국토교통위원회,제22대국회 제424회 (임시회) 제1차 국토교통위원회(국토법안심사소위원회) (2025.04.16.),김정재,6606,regional_dev,0.35,1,81
pres_2025,22,official_minutes,https://record.assembly.go.kr/assembly/viewer/minutes/xml.do?id=54530&type=view,official_minutes_54530:241:14,2025-04-16,2025-04-14,국토교통위원회,제22대국회 제424회 (임시회) 제1차 국토교통위원회(국토법안심사소위원회) (2025.04.16.),김정재,6606,regional_dev,0.35,1,28
pres_2025,22,official_minutes,https://record.assembly.go.kr/assembly/viewer/minutes/xml.do?id=54530&type=view,official_minutes_54530:241:16,2025-04-16,2025-04-14,국토교통위원회,제22대국회 제424회 (임시회) 제1차 국토교통위원회(국토법안심사소위원회) (2025.04.16.),김정재,6606,regional_dev,0.35,1,73
pres_2025,22,official_minutes,https://record.assembly.go.kr/assembly/viewer/minutes/xml.do?id=54530&type=view,official_minutes_54530:268:2,2025-04-16,2025-04-14,국토교통위원회,제22대국회 제424회 (임시회) 제1차 국토교통위원회(국토법안심사소위원회) (2025.04.16.),이상주,0,regional_dev,0.35,1,38
pres_2025,22,official_minutes,https://record.assembly.go.kr/assembly/viewer/minutes/xml.do?id=54530&type=view,official_minutes_54530:268:3,2025-04-16,2025-04-14,국토교통위원회,제22대국회 제424회 (임시회) 제1차 국토교통위원회(국토법안심사소위원회) (2025.04.16.),이상주,0,regional_dev,0.35,1,41
pres_2025,22,official_minutes,https://record.assembly.go.kr/assembly/viewer/minutes/xml.do?id=54530&type=view,official_minutes_54530:278:4,2025-04-16,2025-04-14,국토교통위원회,제22대국회 제424회 (임시회) 제1차 국토교통위원회(국토법안심사소위원회) (2025.04.16.),박재유,0,regional_dev,0.35,1,286
pres_2025,22,official_minutes,https://record.assembly.go.kr/assembly/viewer/minutes/xml.do?id=54530&type=view,official_minutes_54530:280:1,2025-04-16,2025-04-14,국토교통위원회,제22대국회 제424회 (임시회) 제1차 국토교통위원회(국토법안심사소위원회) (2025.04.16.),진현환,0,regional_dev,0.35,1,81
pres_2025,22,official_minutes,https://record.assembly.go.kr/assembly/viewer/minutes/xml.do?id=54530&type=view,official_minutes_54530:286:2,2025-04-16,2025-04-14,국토교통위원회,제22대국회 제424회 (임시회) 제1차 국토교통위원회(국토법안심사소위원회) (2025.04.16.),박용갑,6857,housing,1.0,1,47
pres_2025,22,official_minutes,https://record.assembly.go.kr/assembly/viewer/minutes/xml.do?id=54530&type=view,official_minutes_54530:286:3,2025-04-16,2025-04-14,국토교통위원회,제22대국회 제424회 (임시회) 제1차 국토교통위원회(국토법안심사소위원회) (2025.04.16.),박용갑,6857,housing,1.0,1,46
pres_2025,22,official_minutes,https://record.assembly.go.kr/assembly/viewer/minutes/xml.do?id=54530&type=view,official_minutes_54530:286:5,2025-04-16,2025-04-14,국토교통위원회,제22대국회 제424회 (임시회) 제1차 국토교통위원회(국토법안심사소위원회) (2025.04.16.),박용갑,6857,housing,1.0,1,96
pres_2025,22,official_minutes,https://record.assembly.go.kr/assembly/viewer/minutes/xml.do?id=54530&type=view,official_minutes_54530:288:3,2025-04-16,2025-04-14,국토교통위원회,제22대국회 제424회 (임시회) 제1차 국토교통위원회(국토법안심사소위원회) (2025.04.16.),박용갑,6857,housing,1.0,1,54
pres_2025,22,official_minutes,https://record.assembly.go.kr/assembly/viewer/minutes/xml.do?id=54530&type=view,official_minutes_54530:288:4,2025-04-16,2025-04-14,국토교통위원회,제22대국회 제424회 (임시회) 제1차 국토교통위원회(국토법안심사소위원회) (2025.04.16.),박용갑,6857,housing,1.0,1,70
pres_2025,22,official_minutes,https://record.assembly.go.kr/assembly/viewer/minutes/xml.do?id=54530&type=view,official_minutes_54530:308:1,2025-04-16,2025-04-14,국토교통위원회,제22대국회 제424회 (임시회) 제1차 국토교통위원회(국토법안심사소위원회) (2025.04.16.),염태영,6834,housing,1.0,1,107
pres_2025,22,official_minutes,https://record.assembly.go.kr/assembly/viewer/minutes/xml.do?id=54533&type=view,official_minutes_54533:1:8,2025-04-17,2025-04-14,12.29여객기참사진상규명과피해자및유가족의피해구제를위한특별위원회,제22대국회 제424회 (임시회) 제1차 12.29여객기참사진상규명과피해자및유가족의피해구제를위한특별위원회(진상규명및재발방지소위원회) (2025.04.17.),김은혜,6761,family_legal_risk,0.35,1,99
pres_2025,22,official_minutes,https://record.assembly.go.kr/assembly/viewer/minutes/xml.do?id=54533&type=view,official_minutes_54533:1:12,2025-04-17,2025-04-14,12.29여객기참사진상규명과피해자및유가족의피해구제를위한특별위원회,제22대국회 제424회 (임시회) 제1차 12.29여객기참사진상규명과피해자및유가족의피해구제를위한특별위원회(진상규명및재발방지소위원회) (2025.04.17.),김은혜,6761,family_legal_risk,0.35,1,50
pres_2025,22,official_minutes,https://record.assembly.go.kr/assembly/viewer/minutes/xml.do?id=54533&type=view,official_minutes_54533:3:1,2025-04-17,2025-04-14,12.29여객기참사진상규명과피해자및유가족의피해구제를위한특별위원회,제22대국회 제424회 (임시회) 제1차 12.29여객기참사진상규명과피해자및유가족의피해구제를위한특별위원회(진상규명및재발방지소위원회) (2025.04.17.),백원국,0,foreign_policy,0.35,1,96
pres_2025,22,official_minutes,https://record.assembly.go.kr/assembly/viewer/minutes/xml.do?id=54533&type=view,official_minutes_54533:5:4,2025-04-17,2025-04-14,12.29여객기참사진상규명과피해자및유가족의피해구제를위한특별위원회,제22대국회 제424회 (임시회) 제1차 12.29여객기참사진상규명과피해자및유가족의피해구제를위한특별위원회(진상규명및재발방지소위원회) (2025.04.17.),박정수,0,family_legal_risk,0.35,1,99
pres_2025,22,official_minutes,https://record.assembly.go.kr/assembly/viewer/minutes/xml.do?id=54533&type=view,official_minutes_54533:5:13,2025-04-17,2025-04-14,12.29여객기참사진상규명과피해자및유가족의피해구제를위한특별위원회,제22대국회 제424회 (임시회) 제1차 12.29여객기참사진상규명과피해자및유가족의피해구제를위한특별위원회(진상규명및재발방지소위원회) (2025.04.17.),박정수,0,candidate_competence,0.35,1,101
pres_2025,22,official_minutes,https://record.assembly.go.kr/assembly/viewer/minutes/xml.do?id=54533&type=view,official_minutes_54533:5:14,2025-04-17,2025-04-14,12.29여객기참사진상규명과피해자및유가족의피해구제를위한특별위원회,제22대국회 제424회 (임시회) 제1차 12.29여객기참사진상규명과피해자및유가족의피해구제를위한특별위원회(진상규명및재발방지소위원회) (2025.04.17.),박정수,0,family_legal_risk,0.35,1,49
pres_2025,22,official_minutes,https://record.assembly.go.kr/assembly/viewer/minutes/xml.do?id=54533&type=view,official_minutes_54533:5:24,2025-04-17,2025-04-14,12.29여객기참사진상규명과피해자및유가족의피해구제를위한특별위원회,제22대국회 제424회 (임시회) 제1차 12.29여객기참사진상규명과피해자및유가족의피해구제를위한특별위원회(진상규명및재발방지소위원회) (2025.04.17.),박정수,0,family_legal_risk,0.35,1,75
pres_2025,22,official_minutes,https://record.assembly.go.kr/assembly/viewer/minutes/xml.do?id=54533&type=view,official_minutes_54533:11:5,2025-04-17,2025-04-14,12.29여객기참사진상규명과피해자및유가족의피해구제를위한특별위원회,제22대국회 제424회 (임시회) 제1차 12.29여객기참사진상규명과피해자및유가족의피해구제를위한특별위원회(진상규명및재발방지소위원회) (2025.04.17.),주종완,0,family_legal_risk,0.35,1,137
pres_2025,22,official_minutes,https://record.assembly.go.kr/assembly/viewer/minutes/xml.do?id=54533&type=view,official_minutes_54533:11:29,2025-04-17,2025-04-14,12.29여객기참사진상규명과피해자및유가족의피해구제를위한특별위원회,제22대국회 제424회 (임시회) 제1차 12.29여객기참사진상규명과피해자및유가족의피해구제를위한특별위원회(진상규명및재발방지소위원회) (2025.04.17.),주종완,0,candidate_competence,0.35,1,86
pres_2025,22,official_minutes,https://record.assembly.go.kr/assembly/viewer/minutes/xml.do?id=54533&type=view,official_minutes_54533:11:30,2025-04-17,2025-04-14,12.29여객기참사진상규명과피해자및유가족의피해구제를위한특별위원회,제22대국회 제424회 (임시회) 제1차 12.29여객기참사진상규명과피해자및유가족의피해구제를위한특별위원회(진상규명및재발방지소위원회) (2025.04.17.),주종완,0,jobs_labor,0.75,1,108
pres_2025,22,official_minutes,https://record.assembly.go.kr/assembly/viewer/minutes/xml.do?id=54533&type=view,official_minutes_54533:11:30,2025-04-17,2025-04-14,12.29여객기참사진상규명과피해자및유가족의피해구제를위한특별위원회,제22대국회 제424회 (임시회) 제1차 12.29여객기참사진상규명과피해자및유가족의피해구제를위한특별위원회(진상규명및재발방지소위원회) (2025.04.17.),주종완,0,economy_growth,0.35,1,108
pres_2025,22,official_minutes,https://record.assembly.go.kr/assembly/viewer/minutes/xml.do?id=54533&type=view,official_minutes_54533:11:32,2025-04-17,2025-04-14,12.29여객기참사진상규명과피해자및유가족의피해구제를위한특별위원회,제22대국회 제424회 (임시회) 제1차 12.29여객기참사진상규명과피해자및유가족의피해구제를위한특별위원회(진상규명및재발방지소위원회) (2025.04.17.),주종완,0,education,0.35,1,73
pres_2025,22,official_minutes,https://record.assembly.go.kr/assembly/viewer/minutes/xml.do?id=54533&type=view,official_minutes_54533:11:36,2025-04-17,2025-04-14,12.29여객기참사진상규명과피해자및유가족의피해구제를위한특별위원회,제22대국회 제424회 (임시회) 제1차 12.29여객기참사진상규명과피해자및유가족의피해구제를위한특별위원회(진상규명및재발방지소위원회) (2025.04.17.),주종완,0,education,0.35,1,56
pres_2025,22,official_minutes,https://record.assembly.go.kr/assembly/viewer/minutes/xml.do?id=54533&type=view,official_minutes_54533:11:38,2025-04-17,2025-04-14,12.29여객기참사진상규명과피해자및유가족의피해구제를위한특별위원회,제22대국회 제424회 (임시회) 제1차 12.29여객기참사진상규명과피해자및유가족의피해구제를위한특별위원회(진상규명및재발방지소위원회) (2025.04.17.),주종완,0,candidate_competence,0.35,1,97
pres_2025,22,official_minutes,https://record.assembly.go.kr/assembly/viewer/minutes/xml.do?id=54533&type=view,official_minutes_54533:11:42,2025-04-17,2025-04-14,12.29여객기참사진상규명과피해자및유가족의피해구제를위한특별위원회,제22대국회 제424회 (임시회) 제1차 12.29여객기참사진상규명과피해자및유가족의피해구제를위한특별위원회(진상규명및재발방지소위원회) (2025.04.17.),주종완,0,economy_growth,0.35,1,67
pres_2025,22,official_minutes,https://record.assembly.go.kr/assembly/viewer/minutes/xml.do?id=54533&type=view,official_minutes_54533:13:24,2025-04-17,2025-04-14,12.29여객기참사진상규명과피해자및유가족의피해구제를위한특별위원회,제22대국회 제424회 (임시회) 제1차 12.29여객기참사진상규명과피해자및유가족의피해구제를위한특별위원회(진상규명및재발방지소위원회) (2025.04.17.),이승열,0,family_legal_risk,0.35,1,36
pres_2025,22,official_minutes,https://record.assembly.go.kr/assembly/viewer/minutes/xml.do?id=54533&type=view,official_minutes_54533:13:31,2025-04-17,2025-04-14,12.29여객기참사진상규명과피해자및유가족의피해구제를위한특별위원회,제22대국회 제424회 (임시회) 제1차 12.29여객기참사진상규명과피해자및유가족의피해구제를위한특별위원회(진상규명및재발방지소위원회) (2025.04.17.),이승열,0,corruption_integrity,0.35,1,51
pres_2025,22,official_minutes,https://record.assembly.go.kr/assembly/viewer/minutes/xml.do?id=54533&type=view,official_minutes_54533:13:38,2025-04-17,2025-04-14,12.29여객기참사진상규명과피해자및유가족의피해구제를위한특별위원회,제22대국회 제424회 (임시회) 제1차 12.29여객기참사진상규명과피해자및유가족의피해구제를위한특별위원회(진상규명및재발방지소위원회) (2025.04.17.),이승열,0,corruption_integrity,0.35,1,55
pres_2025,22,official_minutes,https://record.assembly.go.kr/assembly/viewer/minutes/xml.do?id=54533&type=view,official_minutes_54533:13:43,2025-04-17,2025-04-14,12.29여객기참사진상규명과피해자및유가족의피해구제를위한특별위원회,제22대국회 제424회 (임시회) 제1차 12.29여객기참사진상규명과피해자및유가족의피해구제를위한특별위원회(진상규명및재발방지소위원회) (2025.04.17.),이승열,0,family_legal_risk,0.35,1,22
pres_2025,22,official_minutes,https://record.assembly.go.kr/assembly/viewer/minutes/xml.do?id=54533&type=view,official_minutes_54533:13:44,2025-04-17,2025-04-14,12.29여객기참사진상규명과피해자및유가족의피해구제를위한특별위원회,제22대국회 제424회 (임시회) 제1차 12.29여객기참사진상규명과피해자및유가족의피해구제를위한특별위원회(진상규명및재발방지소위원회) (2025.04.17.),이승열,0,family_legal_risk,0.35,1,115
pres_2025,22,official_minutes,https://record.assembly.go.kr/assembly/viewer/minutes/xml.do?id=54533&type=view,official_minutes_54533:45:2,2025-04-17,2025-04-14,12.29여객기참사진상규명과피해자및유가족의피해구제를위한특별위원회,제22대국회 제424회 (임시회) 제1차 12.29여객기참사진상규명과피해자및유가족의피해구제를위한특별위원회(진상규명및재발방지소위원회) (2025.04.17.),서천호,6745,family_legal_risk,0.35,1,79
pres_2025,22,official_minutes,https://record.assembly.go.kr/assembly/viewer/minutes/xml.do?id=54533&type=view,official_minutes_54533:45:3,2025-04-17,2025-04-14,12.29여객기참사진상규명과피해자및유가족의피해구제를위한특별위원회,제22대국회 제424회 (임시회) 제1차 12.29여객기참사진상규명과피해자및유가족의피해구제를위한특별위원회(진상규명및재발방지소위원회) (2025.04.17.),서천호,6745,family_legal_risk,0.35,1,53
pres_2025,22,official_minutes,https://record.assembly.go.kr/assembly/viewer/minutes/xml.do?id=54533&type=view,official_minutes_54533:45:4,2025-04-17,2025-04-14,12.29여객기참사진상규명과피해자및유가족의피해구제를위한특별위원회,제22대국회 제424회 (임시회) 제1차 12.29여객기참사진상규명과피해자및유가족의피해구제를위한특별위원회(진상규명및재발방지소위원회) (2025.04.17.),서천호,6745,family_legal_risk,0.35,1,134
pres_2025,22,official_minutes,https://record.assembly.go.kr/assembly/viewer/minutes/xml.do?id=54533&type=view,official_minutes_54533:45:6,2025-04-17,2025-04-14,12.29여객기참사진상규명과피해자및유가족의피해구제를위한특별위원회,제22대국회 제424회 (임시회) 제1차 12.29여객기참사진상규명과피해자및유가족의피해구제를위한특별위원회(진상규명및재발방지소위원회) (2025.04.17.),서천호,6745,family_legal_risk,0.35,1,153
pres_2025,22,official_minutes,https://record.assembly.go.kr/assembly/viewer/minutes/xml.do?id=54533&type=view,official_minutes_54533:46:3,2025-04-17,2025-04-14,12.29여객기참사진상규명과피해자및유가족의피해구제를위한특별위원회,제22대국회 제424회 (임시회) 제1차 12.29여객기참사진상규명과피해자및유가족의피해구제를위한특별위원회(진상규명및재발방지소위원회) (2025.04.17.),백원국,0,family_legal_risk,0.35,1,95
pres_2025,22,official_minutes,https://record.assembly.go.kr/assembly/viewer/minutes/xml.do?id=54533&type=view,official_minutes_54533:51:2,2025-04-17,2025-04-14,12.29여객기참사진상규명과피해자및유가족의피해구제를위한특별위원회,제22대국회 제424회 (임시회) 제1차 12.29여객기참사진상규명과피해자및유가족의피해구제를위한특별위원회(진상규명및재발방지소위원회) (2025.04.17.),문금주,6565,corruption_integrity,0.35,1,79
pres_2025,22,official_minutes,https://record.assembly.go.kr/assembly/viewer/minutes/xml.do?id=54533&type=view,official_minutes_54533:55:1,2025-04-17,2025-04-14,12.29여객기참사진상규명과피해자및유가족의피해구제를위한특별위원회,제22대국회 제424회 (임시회) 제1차 12.29여객기참사진상규명과피해자및유가족의피해구제를위한특별위원회(진상규명및재발방지소위원회) (2025.04.17.),문금주,6565,corruption_integrity,0.35,1,143
pres_2025,22,official_minutes,https://record.assembly.go.kr/assembly/viewer/minutes/xml.do?id=54533&type=view,official_minutes_54533:56:1,2025-04-17,2025-04-14,12.29여객기참사진상규명과피해자및유가족의피해구제를위한특별위원회,제22대국회 제424회 (임시회) 제1차 12.29여객기참사진상규명과피해자및유가족의피해구제를위한특별위원회(진상규명및재발방지소위원회) (2025.04.17.),백원국,0,corruption_integrity,1.0,1,26
pres_2025,22,official_minutes,https://record.assembly.go.kr/assembly/viewer/minutes/xml.do?id=54533&type=view,official_minutes_54533:61:1,2025-04-17,2025-04-14,12.29여객기참사진상규명과피해자및유가족의피해구제를위한특별위원회,제22대국회 제424회 (임시회) 제1차 12.29여객기참사진상규명과피해자및유가족의피해구제를위한특별위원회(진상규명및재발방지소위원회) (2025.04.17.),문금주,6565,external_shock,1.0,1,153
pres_2025,22,official_minutes,https://record.assembly.go.kr/assembly/viewer/minutes/xml.do?id=54533&type=view,official_minutes_54533:65:6,2025-04-17,2025-04-14,12.29여객기참사진상규명과피해자및유가족의피해구제를위한특별위원회,제22대국회 제424회 (임시회) 제1차 12.29여객기참사진상규명과피해자및유가족의피해구제를위한특별위원회(진상규명및재발방지소위원회) (2025.04.17.),손명수,6831,family_legal_risk,0.75,1,67
pres_2025,22,official_minutes,https://record.assembly.go.kr/assembly/viewer/minutes/xml.do?id=54533&type=view,official_minutes_54533:65:11,2025-04-17,2025-04-14,12.29여객기참사진상규명과피해자및유가족의피해구제를위한특별위원회,제22대국회 제424회 (임시회) 제1차 12.29여객기참사진상규명과피해자및유가족의피해구제를위한특별위원회(진상규명및재발방지소위원회) (2025.04.17.),손명수,6831,economy_growth,0.35,1,155
pres_2025,22,official_minutes,https://record.assembly.go.kr/assembly/viewer/minutes/xml.do?id=54533&type=view,official_minutes_54533:65:47,2025-04-17,2025-04-14,12.29여객기참사진상규명과피해자및유가족의피해구제를위한특별위원회,제22대국회 제424회 (임시회) 제1차 12.29여객기참사진상규명과피해자및유가족의피해구제를위한특별위원회(진상규명및재발방지소위원회) (2025.04.17.),손명수,6831,regional_dev,0.35,1,174
pres_2025,22,official_minutes,https://record.assembly.go.kr/assembly/viewer/minutes/xml.do?id=54533&type=view,official_minutes_54533:65:54,2025-04-17,2025-04-14,12.29여객기참사진상규명과피해자및유가족의피해구제를위한특별위원회,제22대국회 제424회 (임시회) 제1차 12.29여객기참사진상규명과피해자및유가족의피해구제를위한특별위원회(진상규명및재발방지소위원회) (2025.04.17.),손명수,6831,regional_dev,0.35,1,67
pres_2025,22,official_minutes,https://record.assembly.go.kr/assembly/viewer/minutes/xml.do?id=54533&type=view,official_minutes_54533:68:2,2025-04-17,2025-04-14,12.29여객기참사진상규명과피해자및유가족의피해구제를위한특별위원회,제22대국회 제424회 (임시회) 제1차 12.29여객기참사진상규명과피해자및유가족의피해구제를위한특별위원회(진상규명및재발방지소위원회) (2025.04.17.),이성권,6727,family_legal_risk,0.35,1,98
pres_2025,22,official_minutes,https://record.assembly.go.kr/assembly/viewer/minutes/xml.do?id=54533&type=view,official_minutes_54533:68:4,2025-04-17,2025-04-14,12.29여객기참사진상규명과피해자및유가족의피해구제를위한특별위원회,제22대국회 제424회 (임시회) 제1차 12.29여객기참사진상규명과피해자및유가족의피해구제를위한특별위원회(진상규명및재발방지소위원회) (2025.04.17.),이성권,6727,family_legal_risk,0.35,1,92
pres_2025,22,official_minutes,https://record.assembly.go.kr/assembly/viewer/minutes/xml.do?id=54533&type=view,official_minutes_54533:68:5,2025-04-17,2025-04-14,12.29여객기참사진상규명과피해자및유가족의피해구제를위한특별위원회,제22대국회 제424회 (임시회) 제1차 12.29여객기참사진상규명과피해자및유가족의피해구제를위한특별위원회(진상규명및재발방지소위원회) (2025.04.17.),이성권,6727,family_legal_risk,0.35,1,157
pres_2025,22,official_minutes,https://record.assembly.go.kr/assembly/viewer/minutes/xml.do?id=54533&type=view,official_minutes_54533:68:11,2025-04-17,2025-04-14,12.29여객기참사진상규명과피해자및유가족의피해구제를위한특별위원회,제22대국회 제424회 (임시회) 제1차 12.29여객기참사진상규명과피해자및유가족의피해구제를위한특별위원회(진상규명및재발방지소위원회) (2025.04.17.),이성권,6727,candidate_competence,0.35,1,27
pres_2025,22,official_minutes,https://record.assembly.go.kr/assembly/viewer/minutes/xml.do?id=54533&type=view,official_minutes_54533:68:13,2025-04-17,2025-04-14,12.29여객기참사진상규명과피해자및유가족의피해구제를위한특별위원회,제22대국회 제424회 (임시회) 제1차 12.29여객기참사진상규명과피해자및유가족의피해구제를위한특별위원회(진상규명및재발방지소위원회) (2025.04.17.),이성권,6727,family_legal_risk,0.35,1,88
pres_2025,22,official_minutes,https://record.assembly.go.kr/assembly/viewer/minutes/xml.do?id=54533&type=view,official_minutes_54533:68:17,2025-04-17,2025-04-14,12.29여객기참사진상규명과피해자및유가족의피해구제를위한특별위원회,제22대국회 제424회 (임시회) 제1차 12.29여객기참사진상규명과피해자및유가족의피해구제를위한특별위원회(진상규명및재발방지소위원회) (2025.04.17.),이성권,6727,education,0.35,1,56
pres_2025,22,official_minutes,https://record.assembly.go.kr/assembly/viewer/minutes/xml.do?id=54533&type=view,official_minutes_54533:68:20,2025-04-17,2025-04-14,12.29여객기참사진상규명과피해자및유가족의피해구제를위한특별위원회,제22대국회 제424회 (임시회) 제1차 12.29여객기참사진상규명과피해자및유가족의피해구제를위한특별위원회(진상규명및재발방지소위원회) (2025.04.17.),이성권,6727,family_legal_risk,0.35,1,136
pres_2025,22,official_minutes,https://record.assembly.go.kr/assembly/viewer/minutes/xml.do?id=54533&type=view,official_minutes_54533:68:20,2025-04-17,2025-04-14,12.29여객기참사진상규명과피해자및유가족의피해구제를위한특별위원회,제22대국회 제424회 (임시회) 제1차 12.29여객기참사진상규명과피해자및유가족의피해구제를위한특별위원회(진상규명및재발방지소위원회) (2025.04.17.),이성권,6727,education,0.35,1,136
pres_2025,22,official_minutes,https://record.assembly.go.kr/assembly/viewer/minutes/xml.do?id=54533&type=view,official_minutes_54533:68:24,2025-04-17,2025-04-14,12.29여객기참사진상규명과피해자및유가족의피해구제를위한특별위원회,제22대국회 제424회 (임시회) 제1차 12.29여객기참사진상규명과피해자및유가족의피해구제를위한특별위원회(진상규명및재발방지소위원회) (2025.04.17.),이성권,6727,family_legal_risk,0.35,1,21
pres_2025,22,official_minutes,https://record.assembly.go.kr/assembly/viewer/minutes/xml.do?id=54533&type=view,official_minutes_54533:68:26,2025-04-17,2025-04-14,12.29여객기참사진상규명과피해자및유가족의피해구제를위한특별위원회,제22대국회 제424회 (임시회) 제1차 12.29여객기참사진상규명과피해자및유가족의피해구제를위한특별위원회(진상규명및재발방지소위원회) (2025.04.17.),이성권,6727,family_legal_risk,0.35,1,74
pres_2025,22,official_minutes,https://record.assembly.go.kr/assembly/viewer/minutes/xml.do?id=54533&type=view,official_minutes_54533:68:40,2025-04-17,2025-04-14,12.29여객기참사진상규명과피해자및유가족의피해구제를위한특별위원회,제22대국회 제424회 (임시회) 제1차 12.29여객기참사진상규명과피해자및유가족의피해구제를위한특별위원회(진상규명및재발방지소위원회) (2025.04.17.),이성권,6727,endorsement_event,0.35,1,50
pres_2025,22,official_minutes,https://record.assembly.go.kr/assembly/viewer/minutes/xml.do?id=54533&type=view,official_minutes_54533:71:3,2025-04-17,2025-04-14,12.29여객기참사진상규명과피해자및유가족의피해구제를위한특별위원회,제22대국회 제424회 (임시회) 제1차 12.29여객기참사진상규명과피해자및유가족의피해구제를위한특별위원회(진상규명및재발방지소위원회) (2025.04.17.),백원국,0,family_legal_risk,0.35,1,57
pres_2025,22,official_minutes,https://record.assembly.go.kr/assembly/viewer/minutes/xml.do?id=54533&type=view,official_minutes_54533:71:5,2025-04-17,2025-04-14,12.29여객기참사진상규명과피해자및유가족의피해구제를위한특별위원회,제22대국회 제424회 (임시회) 제1차 12.29여객기참사진상규명과피해자및유가족의피해구제를위한특별위원회(진상규명및재발방지소위원회) (2025.04.17.),백원국,0,family_legal_risk,0.35,1,90
pres_2025,22,official_minutes,https://record.assembly.go.kr/assembly/viewer/minutes/xml.do?id=54533&type=view,official_minutes_54533:71:6,2025-04-17,2025-04-14,12.29여객기참사진상규명과피해자및유가족의피해구제를위한특별위원회,제22대국회 제424회 (임시회) 제1차 12.29여객기참사진상규명과피해자및유가족의피해구제를위한특별위원회(진상규명및재발방지소위원회) (2025.04.17.),백원국,0,family_legal_risk,0.35,1,129
pres_2025,22,official_minutes,https://record.assembly.go.kr/assembly/viewer/minutes/xml.do?id=54533&type=view,official_minutes_54533:71:7,2025-04-17,2025-04-14,12.29여객기참사진상규명과피해자및유가족의피해구제를위한특별위원회,제22대국회 제424회 (임시회) 제1차 12.29여객기참사진상규명과피해자및유가족의피해구제를위한특별위원회(진상규명및재발방지소위원회) (2025.04.17.),백원국,0,family_legal_risk,0.35,1,42
pres_2025,22,official_minutes,https://record.assembly.go.kr/assembly/viewer/minutes/xml.do?id=54533&type=view,official_minutes_54533:73:3,2025-04-17,2025-04-14,12.29여객기참사진상규명과피해자및유가족의피해구제를위한특별위원회,제22대국회 제424회 (임시회) 제1차 12.29여객기참사진상규명과피해자및유가족의피해구제를위한특별위원회(진상규명및재발방지소위원회) (2025.04.17.),윤종군,6845,endorsement_event,0.35,1,76
pres_2025,22,official_minutes,https://record.assembly.go.kr/assembly/viewer/minutes/xml.do?id=54533&type=view,official_minutes_54533:85:11,2025-04-17,2025-04-14,12.29여객기참사진상규명과피해자및유가족의피해구제를위한특별위원회,제22대국회 제424회 (임시회) 제1차 12.29여객기참사진상규명과피해자및유가족의피해구제를위한특별위원회(진상규명및재발방지소위원회) (2025.04.17.),윤종군,6845,endorsement_event,0.35,1,139
pres_2025,22,official_minutes,https://record.assembly.go.kr/assembly/viewer/minutes/xml.do?id=54533&type=view,official_minutes_54533:91:3,2025-04-17,2025-04-14,12.29여객기참사진상규명과피해자및유가족의피해구제를위한특별위원회,제22대국회 제424회 (임시회) 제1차 12.29여객기참사진상규명과피해자및유가족의피해구제를위한특별위원회(진상규명및재발방지소위원회) (2025.04.17.),김은혜,6761,family_legal_risk,0.35,1,71
pres_2025,22,official_minutes,https://record.assembly.go.kr/assembly/viewer/minutes/xml.do?id=54534&type=view,official_minutes_54534:2:1,2025-04-17,2025-04-14,과학기술정보방송통신위원회,제22대국회 제424회 (임시회) 제1차 과학기술정보방송통신위원회(정보통신방송법안심사소위원회) (2025.04.17.),김현,6737,education,0.35,1,108
pres_2025,22,official_minutes,https://record.assembly.go.kr/assembly/viewer/minutes/xml.do?id=54534&type=view,official_minutes_54534:3:50,2025-04-17,2025-04-14,과학기술정보방송통신위원회,제22대국회 제424회 (임시회) 제1차 과학기술정보방송통신위원회(정보통신방송법안심사소위원회) (2025.04.17.),이복우,0,welfare_pension,0.35,1,34
pres_2025,22,official_minutes,https://record.assembly.go.kr/assembly/viewer/minutes/xml.do?id=54534&type=view,official_minutes_54534:5:17,2025-04-17,2025-04-14,과학기술정보방송통신위원회,제22대국회 제424회 (임시회) 제1차 과학기술정보방송통신위원회(정보통신방송법안심사소위원회) (2025.04.17.),이복우,0,candidate_competence,0.35,1,81
pres_2025,22,official_minutes,https://record.assembly.go.kr/assembly/viewer/minutes/xml.do?id=54534&type=view,official_minutes_54534:5:31,2025-04-17,2025-04-14,과학기술정보방송통신위원회,제22대국회 제424회 (임시회) 제1차 과학기술정보방송통신위원회(정보통신방송법안심사소위원회) (2025.04.17.),이복우,0,regional_dev,0.35,1,84
pres_2025,22,official_minutes,https://record.assembly.go.kr/assembly/viewer/minutes/xml.do?id=54534&type=view,official_minutes_54534:5:32,2025-04-17,2025-04-14,과학기술정보방송통신위원회,제22대국회 제424회 (임시회) 제1차 과학기술정보방송통신위원회(정보통신방송법안심사소위원회) (2025.04.17.),이복우,0,regional_dev,0.35,1,78
pres_2025,22,official_minutes,https://record.assembly.go.kr/assembly/viewer/minutes/xml.do?id=54534&type=view,official_minutes_54534:29:19,2025-04-17,2025-04-14,과학기술정보방송통신위원회,제22대국회 제424회 (임시회) 제1차 과학기술정보방송통신위원회(정보통신방송법안심사소위원회) (2025.04.17.),이정헌,6774,welfare_pension,0.35,1,24
pres_2025,22,official_minutes,https://record.assembly.go.kr/assembly/viewer/minutes/xml.do?id=54534&type=view,official_minutes_54534:29:21,2025-04-17,2025-04-14,과학기술정보방송통신위원회,제22대국회 제424회 (임시회) 제1차 과학기술정보방송통신위원회(정보통신방송법안심사소위원회) (2025.04.17.),이정헌,6774,welfare_pension,0.35,1,105
pres_2025,22,official_minutes,https://record.assembly.go.kr/assembly/viewer/minutes/xml.do?id=54534&type=view,official_minutes_54534:32:5,2025-04-17,2025-04-14,과학기술정보방송통신위원회,제22대국회 제424회 (임시회) 제1차 과학기술정보방송통신위원회(정보통신방송법안심사소위원회) (2025.04.17.),김현,6737,welfare_pension,0.35,1,103
pres_2025,22,official_minutes,https://record.assembly.go.kr/assembly/viewer/minutes/xml.do?id=54534&type=view,official_minutes_54534:35:12,2025-04-17,2025-04-14,과학기술정보방송통신위원회,제22대국회 제424회 (임시회) 제1차 과학기술정보방송통신위원회(정보통신방송법안심사소위원회) (2025.04.17.),최형두,6620,gender_generation,0.35,1,38
pres_2025,22,official_minutes,https://record.assembly.go.kr/assembly/viewer/minutes/xml.do?id=54534&type=view,official_minutes_54534:35:19,2025-04-17,2025-04-14,과학기술정보방송통신위원회,제22대국회 제424회 (임시회) 제1차 과학기술정보방송통신위원회(정보통신방송법안심사소위원회) (2025.04.17.),최형두,6620,jobs_labor,0.35,1,89
pres_2025,22,official_minutes,https://record.assembly.go.kr/assembly/viewer/minutes/xml.do?id=54534&type=view,official_minutes_54534:35:41,2025-04-17,2025-04-14,과학기술정보방송통신위원회,제22대국회 제424회 (임시회) 제1차 과학기술정보방송통신위원회(정보통신방송법안심사소위원회) (2025.04.17.),최형두,6620,jobs_labor,1.0,1,136
pres_2025,22,official_minutes,https://record.assembly.go.kr/assembly/viewer/minutes/xml.do?id=54534&type=view,official_minutes_54534:111:5,2025-04-17,2025-04-14,과학기술정보방송통신위원회,제22대국회 제424회 (임시회) 제1차 과학기술정보방송통신위원회(정보통신방송법안심사소위원회) (2025.04.17.),이복우,0,security_nk,0.35,1,76
pres_2025,22,official_minutes,https://record.assembly.go.kr/assembly/viewer/minutes/xml.do?id=54534&type=view,official_minutes_54534:111:5,2025-04-17,2025-04-14,과학기술정보방송통신위원회,제22대국회 제424회 (임시회) 제1차 과학기술정보방송통신위원회(정보통신방송법안심사소위원회) (2025.04.17.),이복우,0,education,0.35,1,76
pres_2025,22,official_minutes,https://record.assembly.go.kr/assembly/viewer/minutes/xml.do?id=54534&type=view,official_minutes_54534:111:6,2025-04-17,2025-04-14,과학기술정보방송통신위원회,제22대국회 제424회 (임시회) 제1차 과학기술정보방송통신위원회(정보통신방송법안심사소위원회) (2025.04.17.),이복우,0,education,0.35,1,124
pres_2025,22,official_minutes,https://record.assembly.go.kr/assembly/viewer/minutes/xml.do?id=54534&type=view,official_minutes_54534:115:7,2025-04-17,2025-04-14,과학기술정보방송통신위원회,제22대국회 제424회 (임시회) 제1차 과학기술정보방송통신위원회(정보통신방송법안심사소위원회) (2025.04.17.),이복우,0,education,0.35,1,98
pres_2025,22,official_minutes,https://record.assembly.go.kr/assembly/viewer/minutes/xml.do?id=54534&type=view,official_minutes_54534:115:14,2025-04-17,2025-04-14,과학기술정보방송통신위원회,제22대국회 제424회 (임시회) 제1차 과학기술정보방송통신위원회(정보통신방송법안심사소위원회) (2025.04.17.),이복우,0,education,0.35,1,97
pres_2025,22,official_minutes,https://record.assembly.go.kr/assembly/viewer/minutes/xml.do?id=54556&type=view,official_minutes_54556:1:2,2025-04-23,2025-04-21,외교통일위원회,제22대국회 제424회 (임시회) 제1차 외교통일위원회 (2025.04.23.),김석기,6594,foreign_policy,0.35,1,45
pres_2025,22,official_minutes,https://record.assembly.go.kr/assembly/viewer/minutes/xml.do?id=54556&type=view,official_minutes_54556:1:5,2025-04-23,2025-04-21,외교통일위원회,제22대국회 제424회 (임시회) 제1차 외교통일위원회 (2025.04.23.),김석기,6594,foreign_policy,0.35,1,65
pres_2025,22,official_minutes,https://record.assembly.go.kr/assembly/viewer/minutes/xml.do?id=54556&type=view,official_minutes_54556:1:7,2025-04-23,2025-04-21,외교통일위원회,제22대국회 제424회 (임시회) 제1차 외교통일위원회 (2025.04.23.),김석기,6594,security_nk,0.35,1,116
pres_2025,22,official_minutes,https://record.assembly.go.kr/assembly/viewer/minutes/xml.do?id=54556&type=view,official_minutes_54556:2:1,2025-04-23,2025-04-21,외교통일위원회,제22대국회 제424회 (임시회) 제1차 외교통일위원회 (2025.04.23.),김석기,6594,foreign_policy,0.35,1,42
pres_2025,22,official_minutes,https://record.assembly.go.kr/assembly/viewer/minutes/xml.do?id=54556&type=view,official_minutes_54556:2:2,2025-04-23,2025-04-21,외교통일위원회,제22대국회 제424회 (임시회) 제1차 외교통일위원회 (2025.04.23.),김석기,6594,foreign_policy,0.35,1,60
pres_2025,22,official_minutes,https://record.assembly.go.kr/assembly/viewer/minutes/xml.do?id=54556&type=view,official_minutes_54556:3:1,2025-04-23,2025-04-21,외교통일위원회,제22대국회 제424회 (임시회) 제1차 외교통일위원회 (2025.04.23.),조태열,0,foreign_policy,0.35,1,34
pres_2025,22,official_minutes,https://record.assembly.go.kr/assembly/viewer/minutes/xml.do?id=54556&type=view,official_minutes_54556:3:2,2025-04-23,2025-04-21,외교통일위원회,제22대국회 제424회 (임시회) 제1차 외교통일위원회 (2025.04.23.),조태열,0,foreign_policy,0.35,1,56
pres_2025,22,official_minutes,https://record.assembly.go.kr/assembly/viewer/minutes/xml.do?id=54556&type=view,official_minutes_54556:3:5,2025-04-23,2025-04-21,외교통일위원회,제22대국회 제424회 (임시회) 제1차 외교통일위원회 (2025.04.23.),조태열,0,foreign_policy,0.35,1,75
pres_2025,22,official_minutes,https://record.assembly.go.kr/assembly/viewer/minutes/xml.do?id=54556&type=view,official_minutes_54556:3:7,2025-04-23,2025-04-21,외교통일위원회,제22대국회 제424회 (임시회) 제1차 외교통일위원회 (2025.04.23.),조태열,0,foreign_policy,0.35,1,102
pres_2025,22,official_minutes,https://record.assembly.go.kr/assembly/viewer/minutes/xml.do?id=54556&type=view,official_minutes_54556:4:3,2025-04-23,2025-04-21,외교통일위원회,제22대국회 제424회 (임시회) 제1차 외교통일위원회 (2025.04.23.),김건,6822,foreign_policy,0.35,1,70
pres_2025,22,official_minutes,https://record.assembly.go.kr/assembly/viewer/minutes/xml.do?id=54556&type=view,official_minutes_54556:5:1,2025-04-23,2025-04-21,외교통일위원회,제22대국회 제424회 (임시회) 제1차 외교통일위원회 (2025.04.23.),곽현준,0,foreign_policy,0.35,1,85
pres_2025,22,official_minutes,https://record.assembly.go.kr/assembly/viewer/minutes/xml.do?id=54556&type=view,official_minutes_54556:5:3,2025-04-23,2025-04-21,외교통일위원회,제22대국회 제424회 (임시회) 제1차 외교통일위원회 (2025.04.23.),곽현준,0,foreign_policy,0.35,1,120
pres_2025,22,official_minutes,https://record.assembly.go.kr/assembly/viewer/minutes/xml.do?id=54556&type=view,official_minutes_54556:5:5,2025-04-23,2025-04-21,외교통일위원회,제22대국회 제424회 (임시회) 제1차 외교통일위원회 (2025.04.23.),곽현준,0,economy_growth,0.75,1,177
pres_2025,22,official_minutes,https://record.assembly.go.kr/assembly/viewer/minutes/xml.do?id=54556&type=view,official_minutes_54556:6:5,2025-04-23,2025-04-21,외교통일위원회,제22대국회 제424회 (임시회) 제1차 외교통일위원회 (2025.04.23.),김건,6822,foreign_policy,0.35,1,81
pres_2025,22,official_minutes,https://record.assembly.go.kr/assembly/viewer/minutes/xml.do?id=54556&type=view,official_minutes_54556:8:1,2025-04-23,2025-04-21,외교통일위원회,제22대국회 제424회 (임시회) 제1차 외교통일위원회 (2025.04.23.),이재강,6775,security_nk,0.35,1,33
pres_2025,22,official_minutes,https://record.assembly.go.kr/assembly/viewer/minutes/xml.do?id=54556&type=view,official_minutes_54556:8:2,2025-04-23,2025-04-21,외교통일위원회,제22대국회 제424회 (임시회) 제1차 외교통일위원회 (2025.04.23.),이재강,6775,foreign_policy,0.35,1,16
pres_2025,22,official_minutes,https://record.assembly.go.kr/assembly/viewer/minutes/xml.do?id=54556&type=view,official_minutes_54556:8:5,2025-04-23,2025-04-21,외교통일위원회,제22대국회 제424회 (임시회) 제1차 외교통일위원회 (2025.04.23.),이재강,6775,security_nk,0.35,1,54
pres_2025,22,official_minutes,https://record.assembly.go.kr/assembly/viewer/minutes/xml.do?id=54556&type=view,official_minutes_54556:8:5,2025-04-23,2025-04-21,외교통일위원회,제22대국회 제424회 (임시회) 제1차 외교통일위원회 (2025.04.23.),이재강,6775,jobs_labor,0.35,1,54
pres_2025,22,official_minutes,https://record.assembly.go.kr/assembly/viewer/minutes/xml.do?id=54556&type=view,official_minutes_54556:10:2,2025-04-23,2025-04-21,외교통일위원회,제22대국회 제424회 (임시회) 제1차 외교통일위원회 (2025.04.23.),이재강,6775,economy_growth,0.35,1,129
pres_2025,22,official_minutes,https://record.assembly.go.kr/assembly/viewer/minutes/xml.do?id=54556&type=view,official_minutes_54556:10:7,2025-04-23,2025-04-21,외교통일위원회,제22대국회 제424회 (임시회) 제1차 외교통일위원회 (2025.04.23.),이재강,6775,foreign_policy,1.0,1,94
pres_2025,22,official_minutes,https://record.assembly.go.kr/assembly/viewer/minutes/xml.do?id=54556&type=view,official_minutes_54556:14:7,2025-04-23,2025-04-21,외교통일위원회,제22대국회 제424회 (임시회) 제1차 외교통일위원회 (2025.04.23.),이재강,6775,economy_growth,0.35,1,29
pres_2025,22,official_minutes,https://record.assembly.go.kr/assembly/viewer/minutes/xml.do?id=54556&type=view,official_minutes_54556:14:8,2025-04-23,2025-04-21,외교통일위원회,제22대국회 제424회 (임시회) 제1차 외교통일위원회 (2025.04.23.),이재강,6775,economy_growth,0.35,1,95
pres_2025,22,official_minutes,https://record.assembly.go.kr/assembly/viewer/minutes/xml.do?id=54556&type=view,official_minutes_54556:14:13,2025-04-23,2025-04-21,외교통일위원회,제22대국회 제424회 (임시회) 제1차 외교통일위원회 (2025.04.23.),이재강,6775,foreign_policy,1.0,1,72
pres_2025,22,official_minutes,https://record.assembly.go.kr/assembly/viewer/minutes/xml.do?id=54556&type=view,official_minutes_54556:14:14,2025-04-23,2025-04-21,외교통일위원회,제22대국회 제424회 (임시회) 제1차 외교통일위원회 (2025.04.23.),이재강,6775,security_nk,0.35,1,108
pres_2025,22,official_minutes,https://record.assembly.go.kr/assembly/viewer/minutes/xml.do?id=54556&type=view,official_minutes_54556:17:1,2025-04-23,2025-04-21,외교통일위원회,제22대국회 제424회 (임시회) 제1차 외교통일위원회 (2025.04.23.),조태열,0,foreign_policy,0.35,1,50
pres_2025,22,official_minutes,https://record.assembly.go.kr/assembly/viewer/minutes/xml.do?id=54556&type=view,official_minutes_54556:24:1,2025-04-23,2025-04-21,외교통일위원회,제22대국회 제424회 (임시회) 제1차 외교통일위원회 (2025.04.23.),차지호,6851,foreign_policy,0.35,1,19
pres_2025,22,official_minutes,https://record.assembly.go.kr/assembly/viewer/minutes/xml.do?id=54556&type=view,official_minutes_54556:24:2,2025-04-23,2025-04-21,외교통일위원회,제22대국회 제424회 (임시회) 제1차 외교통일위원회 (2025.04.23.),차지호,6851,foreign_policy,0.35,1,141
pres_2025,22,official_minutes,https://record.assembly.go.kr/assembly/viewer/minutes/xml.do?id=54556&type=view,official_minutes_54556:24:2,2025-04-23,2025-04-21,외교통일위원회,제22대국회 제424회 (임시회) 제1차 외교통일위원회 (2025.04.23.),차지호,6851,security_nk,0.35,1,141
pres_2025,22,official_minutes,https://record.assembly.go.kr/assembly/viewer/minutes/xml.do?id=54556&type=view,official_minutes_54556:24:5,2025-04-23,2025-04-21,외교통일위원회,제22대국회 제424회 (임시회) 제1차 외교통일위원회 (2025.04.23.),차지호,6851,foreign_policy,0.35,1,40
pres_2025,22,official_minutes,https://record.assembly.go.kr/assembly/viewer/minutes/xml.do?id=54556&type=view,official_minutes_54556:25:1,2025-04-23,2025-04-21,외교통일위원회,제22대국회 제424회 (임시회) 제1차 외교통일위원회 (2025.04.23.),조태열,0,foreign_policy,0.35,1,36
pres_2025,22,official_minutes,https://record.assembly.go.kr/assembly/viewer/minutes/xml.do?id=54556&type=view,official_minutes_54556:26:1,2025-04-23,2025-04-21,외교통일위원회,제22대국회 제424회 (임시회) 제1차 외교통일위원회 (2025.04.23.),차지호,6851,foreign_policy,0.35,1,51
pres_2025,22,official_minutes,https://record.assembly.go.kr/assembly/viewer/minutes/xml.do?id=54556&type=view,official_minutes_54556:30:2,2025-04-23,2025-04-21,외교통일위원회,제22대국회 제424회 (임시회) 제1차 외교통일위원회 (2025.04.23.),차지호,6851,foreign_policy,0.35,1,73
pres_2025,22,official_minutes,https://record.assembly.go.kr/assembly/viewer/minutes/xml.do?id=54556&type=view,official_minutes_54556:32:1,2025-04-23,2025-04-21,외교통일위원회,제22대국회 제424회 (임시회) 제1차 외교통일위원회 (2025.04.23.),차지호,6851,security_nk,0.35,1,60
pres_2025,22,official_minutes,https://record.assembly.go.kr/assembly/viewer/minutes/xml.do?id=54556&type=view,official_minutes_54556:32:1,2025-04-23,2025-04-21,외교통일위원회,제22대국회 제424회 (임시회) 제1차 외교통일위원회 (2025.04.23.),차지호,6851,foreign_policy,0.35,1,60
pres_2025,22,official_minutes,https://record.assembly.go.kr/assembly/viewer/minutes/xml.do?id=54556&type=view,official_minutes_54556:33:1,2025-04-23,2025-04-21,외교통일위원회,제22대국회 제424회 (임시회) 제1차 외교통일위원회 (2025.04.23.),조태열,0,foreign_policy,0.35,1,85
pres_2025,22,official_minutes,https://record.assembly.go.kr/assembly/viewer/minutes/xml.do?id=54556&type=view,official_minutes_54556:34:2,2025-04-23,2025-04-21,외교통일위원회,제22대국회 제424회 (임시회) 제1차 외교통일위원회 (2025.04.23.),차지호,6851,foreign_policy,0.35,1,64
pres_2025,22,official_minutes,https://record.assembly.go.kr/assembly/viewer/minutes/xml.do?id=54556&type=view,official_minutes_54556:34:3,2025-04-23,2025-04-21,외교통일위원회,제22대국회 제424회 (임시회) 제1차 외교통일위원회 (2025.04.23.),차지호,6851,corruption_integrity,0.35,1,159
pres_2025,22,official_minutes,https://record.assembly.go.kr/assembly/viewer/minutes/xml.do?id=54556&type=view,official_minutes_54556:34:5,2025-04-23,2025-04-21,외교통일위원회,제22대국회 제424회 (임시회) 제1차 외교통일위원회 (2025.04.23.),차지호,6851,foreign_policy,0.35,1,52
pres_2025,22,official_minutes,https://record.assembly.go.kr/assembly/viewer/minutes/xml.do?id=54556&type=view,official_minutes_54556:34:6,2025-04-23,2025-04-21,외교통일위원회,제22대국회 제424회 (임시회) 제1차 외교통일위원회 (2025.04.23.),차지호,6851,endorsement_event,0.35,1,55
pres_2025,22,official_minutes,https://record.assembly.go.kr/assembly/viewer/minutes/xml.do?id=54556&type=view,official_minutes_54556:34:7,2025-04-23,2025-04-21,외교통일위원회,제22대국회 제424회 (임시회) 제1차 외교통일위원회 (2025.04.23.),차지호,6851,foreign_policy,0.75,1,32
pres_2025,22,official_minutes,https://record.assembly.go.kr/assembly/viewer/minutes/xml.do?id=54556&type=view,official_minutes_54556:38:2,2025-04-23,2025-04-21,외교통일위원회,제22대국회 제424회 (임시회) 제1차 외교통일위원회 (2025.04.23.),차지호,6851,foreign_policy,0.75,1,53
pres_2025,22,official_minutes,https://record.assembly.go.kr/assembly/viewer/minutes/xml.do?id=54556&type=view,official_minutes_54556:38:3,2025-04-23,2025-04-21,외교통일위원회,제22대국회 제424회 (임시회) 제1차 외교통일위원회 (2025.04.23.),차지호,6851,foreign_policy,0.35,1,40
pres_2025,22,official_minutes,https://record.assembly.go.kr/assembly/viewer/minutes/xml.do?id=54556&type=view,official_minutes_54556:44:1,2025-04-23,2025-04-21,외교통일위원회,제22대국회 제424회 (임시회) 제1차 외교통일위원회 (2025.04.23.),차지호,6851,foreign_policy,0.35,1,21
pres_2025,22,official_minutes,https://record.assembly.go.kr/assembly/viewer/minutes/xml.do?id=54556&type=view,official_minutes_54556:48:1,2025-04-23,2025-04-21,외교통일위원회,제22대국회 제424회 (임시회) 제1차 외교통일위원회 (2025.04.23.),차지호,6851,foreign_policy,0.75,1,59
pres_2025,22,official_minutes,https://record.assembly.go.kr/assembly/viewer/minutes/xml.do?id=54556&type=view,official_minutes_54556:58:2,2025-04-23,2025-04-21,외교통일위원회,제22대국회 제424회 (임시회) 제1차 외교통일위원회 (2025.04.23.),조정식,6628,foreign_policy,0.35,1,23
pres_2025,22,official_minutes,https://record.assembly.go.kr/assembly/viewer/minutes/xml.do?id=54556&type=view,official_minutes_54556:60:1,2025-04-23,2025-04-21,외교통일위원회,제22대국회 제424회 (임시회) 제1차 외교통일위원회 (2025.04.23.),조정식,6628,foreign_policy,0.35,1,39
pres_2025,22,official_minutes,https://record.assembly.go.kr/assembly/viewer/minutes/xml.do?id=54556&type=view,official_minutes_54556:74:2,2025-04-23,2025-04-21,외교통일위원회,제22대국회 제424회 (임시회) 제1차 외교통일위원회 (2025.04.23.),조정식,6628,economy_growth,0.35,1,109
pres_2025,22,official_minutes,https://record.assembly.go.kr/assembly/viewer/minutes/xml.do?id=54556&type=view,official_minutes_54556:74:4,2025-04-23,2025-04-21,외교통일위원회,제22대국회 제424회 (임시회) 제1차 외교통일위원회 (2025.04.23.),조정식,6628,foreign_policy,0.35,1,40
pres_2025,22,official_minutes,https://record.assembly.go.kr/assembly/viewer/minutes/xml.do?id=54556&type=view,official_minutes_54556:78:9,2025-04-23,2025-04-21,외교통일위원회,제22대국회 제424회 (임시회) 제1차 외교통일위원회 (2025.04.23.),조정식,6628,economy_growth,1.0,1,54
pres_2025,22,official_minutes,https://record.assembly.go.kr/assembly/viewer/minutes/xml.do?id=54556&type=view,official_minutes_54556:78:11,2025-04-23,2025-04-21,외교통일위원회,제22대국회 제424회 (임시회) 제1차 외교통일위원회 (2025.04.23.),조정식,6628,foreign_policy,1.0,1,158
pres_2025,22,official_minutes,https://record.assembly.go.kr/assembly/viewer/minutes/xml.do?id=54556&type=view,official_minutes_54556:78:11,2025-04-23,2025-04-21,외교통일위원회,제22대국회 제424회 (임시회) 제1차 외교통일위원회 (2025.04.23.),조정식,6628,economy_growth,0.35,1,158
pres_2025,22,official_minutes,https://record.assembly.go.kr/assembly/viewer/minutes/xml.do?id=54556&type=view,official_minutes_54556:87:1,2025-04-23,2025-04-21,외교통일위원회,제22대국회 제424회 (임시회) 제1차 외교통일위원회 (2025.04.23.),유용원,6571,foreign_policy,0.35,1,67
pres_2025,22,official_minutes,https://record.assembly.go.kr/assembly/viewer/minutes/xml.do?id=54556&type=view,official_minutes_54556:87:5,2025-04-23,2025-04-21,외교통일위원회,제22대국회 제424회 (임시회) 제1차 외교통일위원회 (2025.04.23.),유용원,6571,foreign_policy,0.35,1,15
pres_2025,22,official_minutes,https://record.assembly.go.kr/assembly/viewer/minutes/xml.do?id=54556&type=view,official_minutes_54556:87:6,2025-04-23,2025-04-21,외교통일위원회,제22대국회 제424회 (임시회) 제1차 외교통일위원회 (2025.04.23.),유용원,6571,foreign_policy,0.35,1,36
pres_2025,22,official_minutes,https://record.assembly.go.kr/assembly/viewer/minutes/xml.do?id=54556&type=view,official_minutes_54556:95:1,2025-04-23,2025-04-21,외교통일위원회,제22대국회 제424회 (임시회) 제1차 외교통일위원회 (2025.04.23.),유용원,6571,foreign_policy,0.35,1,77
pres_2025,22,official_minutes,https://record.assembly.go.kr/assembly/viewer/minutes/xml.do?id=54556&type=view,official_minutes_54556:97:1,2025-04-23,2025-04-21,외교통일위원회,제22대국회 제424회 (임시회) 제1차 외교통일위원회 (2025.04.23.),유용원,6571,foreign_policy,0.35,1,29
pres_2025,22,official_minutes,https://record.assembly.go.kr/assembly/viewer/minutes/xml.do?id=54556&type=view,official_minutes_54556:98:1,2025-04-23,2025-04-21,외교통일위원회,제22대국회 제424회 (임시회) 제1차 외교통일위원회 (2025.04.23.),조태열,0,security_nk,0.35,1,60
pres_2025,22,official_minutes,https://record.assembly.go.kr/assembly/viewer/minutes/xml.do?id=54556&type=view,official_minutes_54556:99:2,2025-04-23,2025-04-21,외교통일위원회,제22대국회 제424회 (임시회) 제1차 외교통일위원회 (2025.04.23.),유용원,6571,foreign_policy,0.35,1,60
pres_2025,22,official_minutes,https://record.assembly.go.kr/assembly/viewer/minutes/xml.do?id=54556&type=view,official_minutes_54556:100:1,2025-04-23,2025-04-21,외교통일위원회,제22대국회 제424회 (임시회) 제1차 외교통일위원회 (2025.04.23.),조태열,0,foreign_policy,0.35,1,12
pres_2025,22,official_minutes,https://record.assembly.go.kr/assembly/viewer/minutes/xml.do?id=54556&type=view,official_minutes_54556:132:1,2025-04-23,2025-04-21,외교통일위원회,제22대국회 제424회 (임시회) 제1차 외교통일위원회 (2025.04.23.),조태열,0,family_legal_risk,0.35,1,75
pres_2025,22,official_minutes,https://record.assembly.go.kr/assembly/viewer/minutes/xml.do?id=54556&type=view,official_minutes_54556:133:1,2025-04-23,2025-04-21,외교통일위원회,제22대국회 제424회 (임시회) 제1차 외교통일위원회 (2025.04.23.),김태호,6657,foreign_policy,1.0,1,118
pres_2025,22,official_minutes,https://record.assembly.go.kr/assembly/viewer/minutes/xml.do?id=54556&type=view,official_minutes_54556:133:2,2025-04-23,2025-04-21,외교통일위원회,제22대국회 제424회 (임시회) 제1차 외교통일위원회 (2025.04.23.),김태호,6657,foreign_policy,0.35,1,61
pres_2025,22,official_minutes,https://record.assembly.go.kr/assembly/viewer/minutes/xml.do?id=54556&type=view,official_minutes_54556:139:1,2025-04-23,2025-04-21,외교통일위원회,제22대국회 제424회 (임시회) 제1차 외교통일위원회 (2025.04.23.),김태호,6657,regional_dev,0.35,1,91
pres_2025,22,official_minutes,https://record.assembly.go.kr/assembly/viewer/minutes/xml.do?id=54556&type=view,official_minutes_54556:140:1,2025-04-23,2025-04-21,외교통일위원회,제22대국회 제424회 (임시회) 제1차 외교통일위원회 (2025.04.23.),조태열,0,foreign_policy,0.35,1,31
pres_2025,22,official_minutes,https://record.assembly.go.kr/assembly/viewer/minutes/xml.do?id=54556&type=view,official_minutes_54556:151:2,2025-04-23,2025-04-21,외교통일위원회,제22대국회 제424회 (임시회) 제1차 외교통일위원회 (2025.04.23.),김태호,6657,gender_generation,0.35,1,76
pres_2025,22,official_minutes,https://record.assembly.go.kr/assembly/viewer/minutes/xml.do?id=54556&type=view,official_minutes_54556:154:10,2025-04-23,2025-04-21,외교통일위원회,제22대국회 제424회 (임시회) 제1차 외교통일위원회 (2025.04.23.),위성락,6776,foreign_policy,0.35,1,70
pres_2025,22,official_minutes,https://record.assembly.go.kr/assembly/viewer/minutes/xml.do?id=54556&type=view,official_minutes_54556:156:3,2025-04-23,2025-04-21,외교통일위원회,제22대국회 제424회 (임시회) 제1차 외교통일위원회 (2025.04.23.),위성락,6776,foreign_policy,0.35,1,77
pres_2025,22,official_minutes,https://record.assembly.go.kr/assembly/viewer/minutes/xml.do?id=54556&type=view,official_minutes_54556:156:4,2025-04-23,2025-04-21,외교통일위원회,제22대국회 제424회 (임시회) 제1차 외교통일위원회 (2025.04.23.),위성락,6776,foreign_policy,0.75,1,64
pres_2025,22,official_minutes,https://record.assembly.go.kr/assembly/viewer/minutes/xml.do?id=54556&type=view,official_minutes_54556:156:5,2025-04-23,2025-04-21,외교통일위원회,제22대국회 제424회 (임시회) 제1차 외교통일위원회 (2025.04.23.),위성락,6776,foreign_policy,1.0,1,208
pres_2025,22,official_minutes,https://record.assembly.go.kr/assembly/viewer/minutes/xml.do?id=54556&type=view,official_minutes_54556:157:3,2025-04-23,2025-04-21,외교통일위원회,제22대국회 제424회 (임시회) 제1차 외교통일위원회 (2025.04.23.),조태열,0,foreign_policy,1.0,1,280
pres_2025,22,official_minutes,https://record.assembly.go.kr/assembly/viewer/minutes/xml.do?id=54556&type=view,official_minutes_54556:158:1,2025-04-23,2025-04-21,외교통일위원회,제22대국회 제424회 (임시회) 제1차 외교통일위원회 (2025.04.23.),위성락,6776,security_nk,0.35,1,65
pres_2025,22,official_minutes,https://record.assembly.go.kr/assembly/viewer/minutes/xml.do?id=54556&type=view,official_minutes_54556:158:2,2025-04-23,2025-04-21,외교통일위원회,제22대국회 제424회 (임시회) 제1차 외교통일위원회 (2025.04.23.),위성락,6776,security_nk,0.35,1,153
pres_2025,22,official_minutes,https://record.assembly.go.kr/assembly/viewer/minutes/xml.do?id=54556&type=view,official_minutes_54556:159:1,2025-04-23,2025-04-21,외교통일위원회,제22대국회 제424회 (임시회) 제1차 외교통일위원회 (2025.04.23.),조태열,0,security_nk,0.35,1,117
pres_2025,22,official_minutes,https://record.assembly.go.kr/assembly/viewer/minutes/xml.do?id=54556&type=view,official_minutes_54556:159:2,2025-04-23,2025-04-21,외교통일위원회,제22대국회 제424회 (임시회) 제1차 외교통일위원회 (2025.04.23.),조태열,0,foreign_policy,0.35,1,158
pres_2025,22,official_minutes,https://record.assembly.go.kr/assembly/viewer/minutes/xml.do?id=54556&type=view,official_minutes_54556:162:2,2025-04-23,2025-04-21,외교통일위원회,제22대국회 제424회 (임시회) 제1차 외교통일위원회 (2025.04.23.),이재정,6653,foreign_policy,0.35,1,53
pres_2025,22,official_minutes,https://record.assembly.go.kr/assembly/viewer/minutes/xml.do?id=54556&type=view,official_minutes_54556:162:4,2025-04-23,2025-04-21,외교통일위원회,제22대국회 제424회 (임시회) 제1차 외교통일위원회 (2025.04.23.),이재정,6653,candidate_competence,0.35,1,113
pres_2025,22,official_minutes,https://record.assembly.go.kr/assembly/viewer/minutes/xml.do?id=54556&type=view,official_minutes_54556:162:9,2025-04-23,2025-04-21,외교통일위원회,제22대국회 제424회 (임시회) 제1차 외교통일위원회 (2025.04.23.),이재정,6653,foreign_policy,0.35,1,48
pres_2025,22,official_minutes,https://record.assembly.go.kr/assembly/viewer/minutes/xml.do?id=54556&type=view,official_minutes_54556:162:10,2025-04-23,2025-04-21,외교통일위원회,제22대국회 제424회 (임시회) 제1차 외교통일위원회 (2025.04.23.),이재정,6653,foreign_policy,0.35,1,44
pres_2025,22,official_minutes,https://record.assembly.go.kr/assembly/viewer/minutes/xml.do?id=54556&type=view,official_minutes_54556:162:15,2025-04-23,2025-04-21,외교통일위원회,제22대국회 제424회 (임시회) 제1차 외교통일위원회 (2025.04.23.),이재정,6653,foreign_policy,0.35,1,85
pres_2025,22,official_minutes,https://record.assembly.go.kr/assembly/viewer/minutes/xml.do?id=54556&type=view,official_minutes_54556:162:15,2025-04-23,2025-04-21,외교통일위원회,제22대국회 제424회 (임시회) 제1차 외교통일위원회 (2025.04.23.),이재정,6653,security_nk,0.35,1,85
pres_2025,22,official_minutes,https://record.assembly.go.kr/assembly/viewer/minutes/xml.do?id=54556&type=view,official_minutes_54556:172:3,2025-04-23,2025-04-21,외교통일위원회,제22대국회 제424회 (임시회) 제1차 외교통일위원회 (2025.04.23.),이재정,6653,economy_growth,0.35,1,240
pres_2025,22,official_minutes,https://record.assembly.go.kr/assembly/viewer/minutes/xml.do?id=54556&type=view,official_minutes_54556:177:3,2025-04-23,2025-04-21,외교통일위원회,제22대국회 제424회 (임시회) 제1차 외교통일위원회 (2025.04.23.),김준형,6754,foreign_policy,0.35,1,80
pres_2025,22,official_minutes,https://record.assembly.go.kr/assembly/viewer/minutes/xml.do?id=54556&type=view,official_minutes_54556:181:4,2025-04-23,2025-04-21,외교통일위원회,제22대국회 제424회 (임시회) 제1차 외교통일위원회 (2025.04.23.),김준형,6754,foreign_policy,1.0,1,42
pres_2025,22,official_minutes,https://record.assembly.go.kr/assembly/viewer/minutes/xml.do?id=54556&type=view,official_minutes_54556:183:3,2025-04-23,2025-04-21,외교통일위원회,제22대국회 제424회 (임시회) 제1차 외교통일위원회 (2025.04.23.),김준형,6754,foreign_policy,0.75,1,85
pres_2025,22,official_minutes,https://record.assembly.go.kr/assembly/viewer/minutes/xml.do?id=54556&type=view,official_minutes_54556:188:1,2025-04-23,2025-04-21,외교통일위원회,제22대국회 제424회 (임시회) 제1차 외교통일위원회 (2025.04.23.),조태열,0,foreign_policy,0.35,1,23
pres_2025,22,official_minutes,https://record.assembly.go.kr/assembly/viewer/minutes/xml.do?id=54556&type=view,official_minutes_54556:191:5,2025-04-23,2025-04-21,외교통일위원회,제22대국회 제424회 (임시회) 제1차 외교통일위원회 (2025.04.23.),김준형,6754,foreign_policy,0.35,1,57
pres_2025,22,official_minutes,https://record.assembly.go.kr/assembly/viewer/minutes/xml.do?id=54556&type=view,official_minutes_54556:193:1,2025-04-23,2025-04-21,외교통일위원회,제22대국회 제424회 (임시회) 제1차 외교통일위원회 (2025.04.23.),김준형,6754,foreign_policy,0.35,1,122
pres_2025,22,official_minutes,https://record.assembly.go.kr/assembly/viewer/minutes/xml.do?id=54556&type=view,official_minutes_54556:193:1,2025-04-23,2025-04-21,외교통일위원회,제22대국회 제424회 (임시회) 제1차 외교통일위원회 (2025.04.23.),김준형,6754,family_legal_risk,0.35,1,122
pres_2025,22,official_minutes,https://record.assembly.go.kr/assembly/viewer/minutes/xml.do?id=54556&type=view,official_minutes_54556:193:2,2025-04-23,2025-04-21,외교통일위원회,제22대국회 제424회 (임시회) 제1차 외교통일위원회 (2025.04.23.),김준형,6754,foreign_policy,0.35,1,53
pres_2025,22,official_minutes,https://record.assembly.go.kr/assembly/viewer/minutes/xml.do?id=54556&type=view,official_minutes_54556:195:2,2025-04-23,2025-04-21,외교통일위원회,제22대국회 제424회 (임시회) 제1차 외교통일위원회 (2025.04.23.),김준형,6754,family_legal_risk,0.35,1,41
pres_2025,22,official_minutes,https://record.assembly.go.kr/assembly/viewer/minutes/xml.do?id=54556&type=view,official_minutes_54556:199:1,2025-04-23,2025-04-21,외교통일위원회,제22대국회 제424회 (임시회) 제1차 외교통일위원회 (2025.04.23.),김준형,6754,foreign_policy,0.35,1,35
pres_2025,22,official_minutes,https://record.assembly.go.kr/assembly/viewer/minutes/xml.do?id=54556&type=view,official_minutes_54556:211:5,2025-04-23,2025-04-21,외교통일위원회,제22대국회 제424회 (임시회) 제1차 외교통일위원회 (2025.04.23.),이용선,6660,foreign_policy,0.35,1,112
pres_2025,22,official_minutes,https://record.assembly.go.kr/assembly/viewer/minutes/xml.do?id=54556&type=view,official_minutes_54556:214:1,2025-04-23,2025-04-21,외교통일위원회,제22대국회 제424회 (임시회) 제1차 외교통일위원회 (2025.04.23.),김영배,6600,foreign_policy,1.0,1,45
pres_2025,22,official_minutes,https://record.assembly.go.kr/assembly/viewer/minutes/xml.do?id=54556&type=view,official_minutes_54556:230:1,2025-04-23,2025-04-21,외교통일위원회,제22대국회 제424회 (임시회) 제1차 외교통일위원회 (2025.04.23.),김영배,6600,foreign_policy,1.0,1,58
pres_2025,22,official_minutes,https://record.assembly.go.kr/assembly/viewer/minutes/xml.do?id=54556&type=view,official_minutes_54556:234:5,2025-04-23,2025-04-21,외교통일위원회,제22대국회 제424회 (임시회) 제1차 외교통일위원회 (2025.04.23.),김영배,6600,foreign_policy,1.0,1,50
pres_2025,22,official_minutes,https://record.assembly.go.kr/assembly/viewer/minutes/xml.do?id=54556&type=view,official_minutes_54556:234:7,2025-04-23,2025-04-21,외교통일위원회,제22대국회 제424회 (임시회) 제1차 외교통일위원회 (2025.04.23.),김영배,6600,security_nk,0.35,1,88
pres_2025,22,official_minutes,https://record.assembly.go.kr/assembly/viewer/minutes/xml.do?id=54556&type=view,official_minutes_54556:234:8,2025-04-23,2025-04-21,외교통일위원회,제22대국회 제424회 (임시회) 제1차 외교통일위원회 (2025.04.23.),김영배,6600,foreign_policy,0.35,1,64
pres_2025,22,official_minutes,https://record.assembly.go.kr/assembly/viewer/minutes/xml.do?id=54556&type=view,official_minutes_54556:254:1,2025-04-23,2025-04-21,외교통일위원회,제22대국회 제424회 (임시회) 제1차 외교통일위원회 (2025.04.23.),김영배,6600,foreign_policy,0.35,1,138
pres_2025,22,official_minutes,https://record.assembly.go.kr/assembly/viewer/minutes/xml.do?id=54556&type=view,official_minutes_54556:256:2,2025-04-23,2025-04-21,외교통일위원회,제22대국회 제424회 (임시회) 제1차 외교통일위원회 (2025.04.23.),김영배,6600,foreign_policy,0.35,1,57
pres_2025,22,official_minutes,https://record.assembly.go.kr/assembly/viewer/minutes/xml.do?id=54556&type=view,official_minutes_54556:262:2,2025-04-23,2025-04-21,외교통일위원회,제22대국회 제424회 (임시회) 제1차 외교통일위원회 (2025.04.23.),홍기원,6610,foreign_policy,0.35,1,16
pres_2025,22,official_minutes,https://record.assembly.go.kr/assembly/viewer/minutes/xml.do?id=54556&type=view,official_minutes_54556:270:2,2025-04-23,2025-04-21,외교통일위원회,제22대국회 제424회 (임시회) 제1차 외교통일위원회 (2025.04.23.),홍기원,6610,endorsement_event,0.35,1,90
pres_2025,22,official_minutes,https://record.assembly.go.kr/assembly/viewer/minutes/xml.do?id=54556&type=view,official_minutes_54556:292:3,2025-04-23,2025-04-21,외교통일위원회,제22대국회 제424회 (임시회) 제1차 외교통일위원회 (2025.04.23.),인요한,6773,foreign_policy,0.35,1,33
pres_2025,22,official_minutes,https://record.assembly.go.kr/assembly/viewer/minutes/xml.do?id=54556&type=view,official_minutes_54556:294:2,2025-04-23,2025-04-21,외교통일위원회,제22대국회 제424회 (임시회) 제1차 외교통일위원회 (2025.04.23.),인요한,6773,external_shock,0.35,1,29
pres_2025,22,official_minutes,https://record.assembly.go.kr/assembly/viewer/minutes/xml.do?id=54556&type=view,official_minutes_54556:294:3,2025-04-23,2025-04-21,외교통일위원회,제22대국회 제424회 (임시회) 제1차 외교통일위원회 (2025.04.23.),인요한,6773,external_shock,0.35,1,12
pres_2025,22,official_minutes,https://record.assembly.go.kr/assembly/viewer/minutes/xml.do?id=54556&type=view,official_minutes_54556:296:4,2025-04-23,2025-04-21,외교통일위원회,제22대국회 제424회 (임시회) 제1차 외교통일위원회 (2025.04.23.),인요한,6773,foreign_policy,0.35,1,62
pres_2025,22,official_minutes,https://record.assembly.go.kr/assembly/viewer/minutes/xml.do?id=54556&type=view,official_minutes_54556:298:10,2025-04-23,2025-04-21,외교통일위원회,제22대국회 제424회 (임시회) 제1차 외교통일위원회 (2025.04.23.),인요한,6773,economy_growth,0.35,1,66
pres_2025,22,official_minutes,https://record.assembly.go.kr/assembly/viewer/minutes/xml.do?id=54556&type=view,official_minutes_54556:298:11,2025-04-23,2025-04-21,외교통일위원회,제22대국회 제424회 (임시회) 제1차 외교통일위원회 (2025.04.23.),인요한,6773,economy_growth,0.35,1,32
pres_2025,22,official_minutes,https://record.assembly.go.kr/assembly/viewer/minutes/xml.do?id=54556&type=view,official_minutes_54556:299:1,2025-04-23,2025-04-21,외교통일위원회,제22대국회 제424회 (임시회) 제1차 외교통일위원회 (2025.04.23.),조태열,0,candidate_competence,0.35,1,9
pres_2025,22,official_minutes,https://record.assembly.go.kr/assembly/viewer/minutes/xml.do?id=54556&type=view,official_minutes_54556:304:1,2025-04-23,2025-04-21,외교통일위원회,제22대국회 제424회 (임시회) 제1차 외교통일위원회 (2025.04.23.),인요한,6773,foreign_policy,0.35,1,11
pres_2025,22,official_minutes,https://record.assembly.go.kr/assembly/viewer/minutes/xml.do?id=54556&type=view,official_minutes_54556:318:4,2025-04-23,2025-04-21,외교통일위원회,제22대국회 제424회 (임시회) 제1차 외교통일위원회 (2025.04.23.),김기웅,6840,family_legal_risk,0.35,1,67
pres_2025,22,official_minutes,https://record.assembly.go.kr/assembly/viewer/minutes/xml.do?id=54556&type=view,official_minutes_54556:320:14,2025-04-23,2025-04-21,외교통일위원회,제22대국회 제424회 (임시회) 제1차 외교통일위원회 (2025.04.23.),김기웅,6840,family_legal_risk,0.35,1,190
pres_2025,22,official_minutes,https://record.assembly.go.kr/assembly/viewer/minutes/xml.do?id=54556&type=view,official_minutes_54556:322:2,2025-04-23,2025-04-21,외교통일위원회,제22대국회 제424회 (임시회) 제1차 외교통일위원회 (2025.04.23.),권칠승,6585,foreign_policy,0.35,1,19
pres_2025,22,official_minutes,https://record.assembly.go.kr/assembly/viewer/minutes/xml.do?id=54556&type=view,official_minutes_54556:322:7,2025-04-23,2025-04-21,외교통일위원회,제22대국회 제424회 (임시회) 제1차 외교통일위원회 (2025.04.23.),권칠승,6585,foreign_policy,1.0,1,25
pres_2025,22,official_minutes,https://record.assembly.go.kr/assembly/viewer/minutes/xml.do?id=54556&type=view,official_minutes_54556:324:1,2025-04-23,2025-04-21,외교통일위원회,제22대국회 제424회 (임시회) 제1차 외교통일위원회 (2025.04.23.),권칠승,6585,foreign_policy,0.35,1,107
pres_2025,22,official_minutes,https://record.assembly.go.kr/assembly/viewer/minutes/xml.do?id=54556&type=view,official_minutes_54556:338:2,2025-04-23,2025-04-21,외교통일위원회,제22대국회 제424회 (임시회) 제1차 외교통일위원회 (2025.04.23.),권칠승,6585,security_nk,1.0,1,74
pres_2025,22,official_minutes,https://record.assembly.go.kr/assembly/viewer/minutes/xml.do?id=54556&type=view,official_minutes_54556:338:9,2025-04-23,2025-04-21,외교통일위원회,제22대국회 제424회 (임시회) 제1차 외교통일위원회 (2025.04.23.),권칠승,6585,foreign_policy,1.0,1,94
pres_2025,22,official_minutes,https://record.assembly.go.kr/assembly/viewer/minutes/xml.do?id=54556&type=view,official_minutes_54556:338:9,2025-04-23,2025-04-21,외교통일위원회,제22대국회 제424회 (임시회) 제1차 외교통일위원회 (2025.04.23.),권칠승,6585,endorsement_event,0.35,1,94
pres_2025,22,official_minutes,https://record.assembly.go.kr/assembly/viewer/minutes/xml.do?id=54556&type=view,official_minutes_54556:338:11,2025-04-23,2025-04-21,외교통일위원회,제22대국회 제424회 (임시회) 제1차 외교통일위원회 (2025.04.23.),권칠승,6585,endorsement_event,0.35,1,100
pres_2025,22,official_minutes,https://record.assembly.go.kr/assembly/viewer/minutes/xml.do?id=54556&type=view,official_minutes_54556:344:6,2025-04-23,2025-04-21,외교통일위원회,제22대국회 제424회 (임시회) 제1차 외교통일위원회 (2025.04.23.),권칠승,6585,foreign_policy,0.35,1,39
pres_2025,22,official_minutes,https://record.assembly.go.kr/assembly/viewer/minutes/xml.do?id=54556&type=view,official_minutes_54556:370:1,2025-04-23,2025-04-21,외교통일위원회,제22대국회 제424회 (임시회) 제1차 외교통일위원회 (2025.04.23.),김건,6822,family_legal_risk,0.75,1,34
pres_2025,22,official_minutes,https://record.assembly.go.kr/assembly/viewer/minutes/xml.do?id=54556&type=view,official_minutes_54556:370:2,2025-04-23,2025-04-21,외교통일위원회,제22대국회 제424회 (임시회) 제1차 외교통일위원회 (2025.04.23.),김건,6822,foreign_policy,0.35,1,54
pres_2025,22,official_minutes,https://record.assembly.go.kr/assembly/viewer/minutes/xml.do?id=54556&type=view,official_minutes_54556:374:1,2025-04-23,2025-04-21,외교통일위원회,제22대국회 제424회 (임시회) 제1차 외교통일위원회 (2025.04.23.),김건,6822,candidate_competence,0.35,1,41
pres_2025,22,official_minutes,https://record.assembly.go.kr/assembly/viewer/minutes/xml.do?id=54556&type=view,official_minutes_54556:376:1,2025-04-23,2025-04-21,외교통일위원회,제22대국회 제424회 (임시회) 제1차 외교통일위원회 (2025.04.23.),김건,6822,candidate_competence,0.35,1,28
pres_2025,22,official_minutes,https://record.assembly.go.kr/assembly/viewer/minutes/xml.do?id=54556&type=view,official_minutes_54556:377:1,2025-04-23,2025-04-21,외교통일위원회,제22대국회 제424회 (임시회) 제1차 외교통일위원회 (2025.04.23.),조태열,0,candidate_competence,0.35,1,16
pres_2025,22,official_minutes,https://record.assembly.go.kr/assembly/viewer/minutes/xml.do?id=54556&type=view,official_minutes_54556:379:1,2025-04-23,2025-04-21,외교통일위원회,제22대국회 제424회 (임시회) 제1차 외교통일위원회 (2025.04.23.),조태열,0,candidate_competence,0.35,1,106
pres_2025,22,official_minutes,https://record.assembly.go.kr/assembly/viewer/minutes/xml.do?id=54556&type=view,official_minutes_54556:380:1,2025-04-23,2025-04-21,외교통일위원회,제22대국회 제424회 (임시회) 제1차 외교통일위원회 (2025.04.23.),김건,6822,foreign_policy,0.35,1,60
pres_2025,22,official_minutes,https://record.assembly.go.kr/assembly/viewer/minutes/xml.do?id=54556&type=view,official_minutes_54556:380:2,2025-04-23,2025-04-21,외교통일위원회,제22대국회 제424회 (임시회) 제1차 외교통일위원회 (2025.04.23.),김건,6822,foreign_policy,0.35,1,112
pres_2025,22,official_minutes,https://record.assembly.go.kr/assembly/viewer/minutes/xml.do?id=54556&type=view,official_minutes_54556:384:1,2025-04-23,2025-04-21,외교통일위원회,제22대국회 제424회 (임시회) 제1차 외교통일위원회 (2025.04.23.),한정애,6616,family_legal_risk,0.75,1,66
pres_2025,22,official_minutes,https://record.assembly.go.kr/assembly/viewer/minutes/xml.do?id=54556&type=view,official_minutes_54556:384:2,2025-04-23,2025-04-21,외교통일위원회,제22대국회 제424회 (임시회) 제1차 외교통일위원회 (2025.04.23.),한정애,6616,foreign_policy,0.35,1,99
pres_2025,22,official_minutes,https://record.assembly.go.kr/assembly/viewer/minutes/xml.do?id=54556&type=view,official_minutes_54556:384:5,2025-04-23,2025-04-21,외교통일위원회,제22대국회 제424회 (임시회) 제1차 외교통일위원회 (2025.04.23.),한정애,6616,foreign_policy,0.35,1,60
pres_2025,22,official_minutes,https://record.assembly.go.kr/assembly/viewer/minutes/xml.do?id=54556&type=view,official_minutes_54556:384:6,2025-04-23,2025-04-21,외교통일위원회,제22대국회 제424회 (임시회) 제1차 외교통일위원회 (2025.04.23.),한정애,6616,foreign_policy,0.35,1,75
pres_2025,22,official_minutes,https://record.assembly.go.kr/assembly/viewer/minutes/xml.do?id=54556&type=view,official_minutes_54556:384:6,2025-04-23,2025-04-21,외교통일위원회,제22대국회 제424회 (임시회) 제1차 외교통일위원회 (2025.04.23.),한정애,6616,candidate_competence,0.35,1,75
pres_2025,22,official_minutes,https://record.assembly.go.kr/assembly/viewer/minutes/xml.do?id=54556&type=view,official_minutes_54556:384:7,2025-04-23,2025-04-21,외교통일위원회,제22대국회 제424회 (임시회) 제1차 외교통일위원회 (2025.04.23.),한정애,6616,corruption_integrity,1.0,1,221
pres_2025,22,official_minutes,https://record.assembly.go.kr/assembly/viewer/minutes/xml.do?id=54556&type=view,official_minutes_54556:384:7,2025-04-23,2025-04-21,외교통일위원회,제22대국회 제424회 (임시회) 제1차 외교통일위원회 (2025.04.23.),한정애,6616,foreign_policy,0.35,1,221
pres_2025,22,official_minutes,https://record.assembly.go.kr/assembly/viewer/minutes/xml.do?id=54556&type=view,official_minutes_54556:384:9,2025-04-23,2025-04-21,외교통일위원회,제22대국회 제424회 (임시회) 제1차 외교통일위원회 (2025.04.23.),한정애,6616,foreign_policy,0.35,1,110
pres_2025,22,official_minutes,https://record.assembly.go.kr/assembly/viewer/minutes/xml.do?id=54556&type=view,official_minutes_54556:384:12,2025-04-23,2025-04-21,외교통일위원회,제22대국회 제424회 (임시회) 제1차 외교통일위원회 (2025.04.23.),한정애,6616,foreign_policy,0.35,1,36
pres_2025,22,official_minutes,https://record.assembly.go.kr/assembly/viewer/minutes/xml.do?id=54556&type=view,official_minutes_54556:384:13,2025-04-23,2025-04-21,외교통일위원회,제22대국회 제424회 (임시회) 제1차 외교통일위원회 (2025.04.23.),한정애,6616,foreign_policy,0.35,1,48
pres_2025,22,official_minutes,https://record.assembly.go.kr/assembly/viewer/minutes/xml.do?id=54556&type=view,official_minutes_54556:384:18,2025-04-23,2025-04-21,외교통일위원회,제22대국회 제424회 (임시회) 제1차 외교통일위원회 (2025.04.23.),한정애,6616,foreign_policy,0.35,1,15
pres_2025,22,official_minutes,https://record.assembly.go.kr/assembly/viewer/minutes/xml.do?id=54556&type=view,official_minutes_54556:384:27,2025-04-23,2025-04-21,외교통일위원회,제22대국회 제424회 (임시회) 제1차 외교통일위원회 (2025.04.23.),한정애,6616,foreign_policy,0.35,1,118
pres_2025,22,official_minutes,https://record.assembly.go.kr/assembly/viewer/minutes/xml.do?id=54556&type=view,official_minutes_54556:387:1,2025-04-23,2025-04-21,외교통일위원회,제22대국회 제424회 (임시회) 제1차 외교통일위원회 (2025.04.23.),조태열,0,family_legal_risk,0.35,1,149
pres_2025,22,official_minutes,https://record.assembly.go.kr/assembly/viewer/minutes/xml.do?id=54556&type=view,official_minutes_54556:387:1,2025-04-23,2025-04-21,외교통일위원회,제22대국회 제424회 (임시회) 제1차 외교통일위원회 (2025.04.23.),조태열,0,corruption_integrity,0.35,1,149
pres_2025,22,official_minutes,https://record.assembly.go.kr/assembly/viewer/minutes/xml.do?id=54556&type=view,official_minutes_54556:388:1,2025-04-23,2025-04-21,외교통일위원회,제22대국회 제424회 (임시회) 제1차 외교통일위원회 (2025.04.23.),한정애,6616,corruption_integrity,1.0,1,27
pres_2025,22,official_minutes,https://record.assembly.go.kr/assembly/viewer/minutes/xml.do?id=54556&type=view,official_minutes_54556:390:1,2025-04-23,2025-04-21,외교통일위원회,제22대국회 제424회 (임시회) 제1차 외교통일위원회 (2025.04.23.),한정애,6616,corruption_integrity,1.0,1,51
pres_2025,22,official_minutes,https://record.assembly.go.kr/assembly/viewer/minutes/xml.do?id=54556&type=view,official_minutes_54556:390:1,2025-04-23,2025-04-21,외교통일위원회,제22대국회 제424회 (임시회) 제1차 외교통일위원회 (2025.04.23.),한정애,6616,family_legal_risk,0.35,1,51
pres_2025,22,official_minutes,https://record.assembly.go.kr/assembly/viewer/minutes/xml.do?id=54556&type=view,official_minutes_54556:392:1,2025-04-23,2025-04-21,외교통일위원회,제22대국회 제424회 (임시회) 제1차 외교통일위원회 (2025.04.23.),차지호,6851,foreign_policy,0.35,1,25
pres_2025,22,official_minutes,https://record.assembly.go.kr/assembly/viewer/minutes/xml.do?id=54556&type=view,official_minutes_54556:394:1,2025-04-23,2025-04-21,외교통일위원회,제22대국회 제424회 (임시회) 제1차 외교통일위원회 (2025.04.23.),차지호,6851,foreign_policy,0.35,1,117
pres_2025,22,official_minutes,https://record.assembly.go.kr/assembly/viewer/minutes/xml.do?id=54556&type=view,official_minutes_54556:400:1,2025-04-23,2025-04-21,외교통일위원회,제22대국회 제424회 (임시회) 제1차 외교통일위원회 (2025.04.23.),차지호,6851,foreign_policy,0.35,1,79
pres_2025,22,official_minutes,https://record.assembly.go.kr/assembly/viewer/minutes/xml.do?id=54556&type=view,official_minutes_54556:400:3,2025-04-23,2025-04-21,외교통일위원회,제22대국회 제424회 (임시회) 제1차 외교통일위원회 (2025.04.23.),차지호,6851,foreign_policy,0.35,1,34
pres_2025,22,official_minutes,https://record.assembly.go.kr/assembly/viewer/minutes/xml.do?id=54556&type=view,official_minutes_54556:401:1,2025-04-23,2025-04-21,외교통일위원회,제22대국회 제424회 (임시회) 제1차 외교통일위원회 (2025.04.23.),조태열,0,foreign_policy,0.35,1,31
pres_2025,22,official_minutes,https://record.assembly.go.kr/assembly/viewer/minutes/xml.do?id=54556&type=view,official_minutes_54556:402:2,2025-04-23,2025-04-21,외교통일위원회,제22대국회 제424회 (임시회) 제1차 외교통일위원회 (2025.04.23.),차지호,6851,foreign_policy,0.35,1,124
pres_2025,22,official_minutes,https://record.assembly.go.kr/assembly/viewer/minutes/xml.do?id=54556&type=view,official_minutes_54556:402:4,2025-04-23,2025-04-21,외교통일위원회,제22대국회 제424회 (임시회) 제1차 외교통일위원회 (2025.04.23.),차지호,6851,foreign_policy,1.0,1,162
pres_2025,22,official_minutes,https://record.assembly.go.kr/assembly/viewer/minutes/xml.do?id=54556&type=view,official_minutes_54556:402:6,2025-04-23,2025-04-21,외교통일위원회,제22대국회 제424회 (임시회) 제1차 외교통일위원회 (2025.04.23.),차지호,6851,foreign_policy,0.35,1,112
pres_2025,22,official_minutes,https://record.assembly.go.kr/assembly/viewer/minutes/xml.do?id=54556&type=view,official_minutes_54556:404:1,2025-04-23,2025-04-21,외교통일위원회,제22대국회 제424회 (임시회) 제1차 외교통일위원회 (2025.04.23.),차지호,6851,foreign_policy,0.35,1,54
pres_2025,22,official_minutes,https://record.assembly.go.kr/assembly/viewer/minutes/xml.do?id=54556&type=view,official_minutes_54556:404:2,2025-04-23,2025-04-21,외교통일위원회,제22대국회 제424회 (임시회) 제1차 외교통일위원회 (2025.04.23.),차지호,6851,foreign_policy,0.35,1,91
pres_2025,22,official_minutes,https://record.assembly.go.kr/assembly/viewer/minutes/xml.do?id=54556&type=view,official_minutes_54556:411:1,2025-04-23,2025-04-21,외교통일위원회,제22대국회 제424회 (임시회) 제1차 외교통일위원회 (2025.04.23.),한정애,6616,foreign_policy,0.35,1,74
pres_2025,22,official_minutes,https://record.assembly.go.kr/assembly/viewer/minutes/xml.do?id=54556&type=view,official_minutes_54556:411:5,2025-04-23,2025-04-21,외교통일위원회,제22대국회 제424회 (임시회) 제1차 외교통일위원회 (2025.04.23.),한정애,6616,candidate_competence,0.35,1,59
pres_2025,22,official_minutes,https://record.assembly.go.kr/assembly/viewer/minutes/xml.do?id=54556&type=view,official_minutes_54556:417:1,2025-04-23,2025-04-21,외교통일위원회,제22대국회 제424회 (임시회) 제1차 외교통일위원회 (2025.04.23.),조정식,6628,foreign_policy,0.35,1,55
pres_2025,22,official_minutes,https://record.assembly.go.kr/assembly/viewer/minutes/xml.do?id=54556&type=view,official_minutes_54556:419:2,2025-04-23,2025-04-21,외교통일위원회,제22대국회 제424회 (임시회) 제1차 외교통일위원회 (2025.04.23.),조정식,6628,security_nk,0.35,1,67
pres_2025,22,official_minutes,https://record.assembly.go.kr/assembly/viewer/minutes/xml.do?id=54556&type=view,official_minutes_54556:421:2,2025-04-23,2025-04-21,외교통일위원회,제22대국회 제424회 (임시회) 제1차 외교통일위원회 (2025.04.23.),조정식,6628,endorsement_event,0.35,1,49
pres_2025,22,official_minutes,https://record.assembly.go.kr/assembly/viewer/minutes/xml.do?id=54556&type=view,official_minutes_54556:425:1,2025-04-23,2025-04-21,외교통일위원회,제22대국회 제424회 (임시회) 제1차 외교통일위원회 (2025.04.23.),조정식,6628,security_nk,1.0,1,109
pres_2025,22,official_minutes,https://record.assembly.go.kr/assembly/viewer/minutes/xml.do?id=54556&type=view,official_minutes_54556:427:2,2025-04-23,2025-04-21,외교통일위원회,제22대국회 제424회 (임시회) 제1차 외교통일위원회 (2025.04.23.),조정식,6628,security_nk,0.35,1,47
pres_2025,22,official_minutes,https://record.assembly.go.kr/assembly/viewer/minutes/xml.do?id=54556&type=view,official_minutes_54556:428:1,2025-04-23,2025-04-21,외교통일위원회,제22대국회 제424회 (임시회) 제1차 외교통일위원회 (2025.04.23.),김영호,0,security_nk,0.35,1,50
pres_2025,22,official_minutes,https://record.assembly.go.kr/assembly/viewer/minutes/xml.do?id=54556&type=view,official_minutes_54556:428:1,2025-04-23,2025-04-21,외교통일위원회,제22대국회 제424회 (임시회) 제1차 외교통일위원회 (2025.04.23.),김영호,0,regional_dev,0.35,1,50
pres_2025,22,official_minutes,https://record.assembly.go.kr/assembly/viewer/minutes/xml.do?id=54556&type=view,official_minutes_54556:431:1,2025-04-23,2025-04-21,외교통일위원회,제22대국회 제424회 (임시회) 제1차 외교통일위원회 (2025.04.23.),조정식,6628,regional_dev,0.35,1,78
pres_2025,22,official_minutes,https://record.assembly.go.kr/assembly/viewer/minutes/xml.do?id=54556&type=view,official_minutes_54556:431:1,2025-04-23,2025-04-21,외교통일위원회,제22대국회 제424회 (임시회) 제1차 외교통일위원회 (2025.04.23.),조정식,6628,security_nk,0.35,1,78
pres_2025,22,official_minutes,https://record.assembly.go.kr/assembly/viewer/minutes/xml.do?id=54556&type=view,official_minutes_54556:431:4,2025-04-23,2025-04-21,외교통일위원회,제22대국회 제424회 (임시회) 제1차 외교통일위원회 (2025.04.23.),조정식,6628,corruption_integrity,0.35,1,39
pres_2025,22,official_minutes,https://record.assembly.go.kr/assembly/viewer/minutes/xml.do?id=54556&type=view,official_minutes_54556:433:3,2025-04-23,2025-04-21,외교통일위원회,제22대국회 제424회 (임시회) 제1차 외교통일위원회 (2025.04.23.),조정식,6628,security_nk,0.35,1,64
pres_2025,22,official_minutes,https://record.assembly.go.kr/assembly/viewer/minutes/xml.do?id=54556&type=view,official_minutes_54556:438:1,2025-04-23,2025-04-21,외교통일위원회,제22대국회 제424회 (임시회) 제1차 외교통일위원회 (2025.04.23.),위성락,6776,foreign_policy,0.35,1,17
pres_2025,22,official_minutes,https://record.assembly.go.kr/assembly/viewer/minutes/xml.do?id=54556&type=view,official_minutes_54556:438:2,2025-04-23,2025-04-21,외교통일위원회,제22대국회 제424회 (임시회) 제1차 외교통일위원회 (2025.04.23.),위성락,6776,foreign_policy,0.35,1,160
pres_2025,22,official_minutes,https://record.assembly.go.kr/assembly/viewer/minutes/xml.do?id=54556&type=view,official_minutes_54556:438:3,2025-04-23,2025-04-21,외교통일위원회,제22대국회 제424회 (임시회) 제1차 외교통일위원회 (2025.04.23.),위성락,6776,foreign_policy,0.35,1,85
pres_2025,22,official_minutes,https://record.assembly.go.kr/assembly/viewer/minutes/xml.do?id=54556&type=view,official_minutes_54556:441:2,2025-04-23,2025-04-21,외교통일위원회,제22대국회 제424회 (임시회) 제1차 외교통일위원회 (2025.04.23.),조태열,0,foreign_policy,0.35,1,111
pres_2025,22,official_minutes,https://record.assembly.go.kr/assembly/viewer/minutes/xml.do?id=54556&type=view,official_minutes_54556:448:15,2025-04-23,2025-04-21,외교통일위원회,제22대국회 제424회 (임시회) 제1차 외교통일위원회 (2025.04.23.),이재정,6653,foreign_policy,0.35,1,57
pres_2025,22,official_minutes,https://record.assembly.go.kr/assembly/viewer/minutes/xml.do?id=54556&type=view,official_minutes_54556:456:1,2025-04-23,2025-04-21,외교통일위원회,제22대국회 제424회 (임시회) 제1차 외교통일위원회 (2025.04.23.),김준형,6754,foreign_policy,0.35,1,31
pres_2025,22,official_minutes,https://record.assembly.go.kr/assembly/viewer/minutes/xml.do?id=54556&type=view,official_minutes_54556:460:1,2025-04-23,2025-04-21,외교통일위원회,제22대국회 제424회 (임시회) 제1차 외교통일위원회 (2025.04.23.),김준형,6754,foreign_policy,0.35,1,56
pres_2025,22,official_minutes,https://record.assembly.go.kr/assembly/viewer/minutes/xml.do?id=54556&type=view,official_minutes_54556:460:9,2025-04-23,2025-04-21,외교통일위원회,제22대국회 제424회 (임시회) 제1차 외교통일위원회 (2025.04.23.),김준형,6754,welfare_pension,0.35,1,92
pres_2025,22,official_minutes,https://record.assembly.go.kr/assembly/viewer/minutes/xml.do?id=54556&type=view,official_minutes_54556:460:12,2025-04-23,2025-04-21,외교통일위원회,제22대국회 제424회 (임시회) 제1차 외교통일위원회 (2025.04.23.),김준형,6754,foreign_policy,0.35,1,49
pres_2025,22,official_minutes,https://record.assembly.go.kr/assembly/viewer/minutes/xml.do?id=54556&type=view,official_minutes_54556:464:1,2025-04-23,2025-04-21,외교통일위원회,제22대국회 제424회 (임시회) 제1차 외교통일위원회 (2025.04.23.),김준형,6754,foreign_policy,0.35,1,39
pres_2025,22,official_minutes,https://record.assembly.go.kr/assembly/viewer/minutes/xml.do?id=54556&type=view,official_minutes_54556:467:1,2025-04-23,2025-04-21,외교통일위원회,제22대국회 제424회 (임시회) 제1차 외교통일위원회 (2025.04.23.),조태열,0,regional_dev,0.35,1,97
pres_2025,22,official_minutes,https://record.assembly.go.kr/assembly/viewer/minutes/xml.do?id=54556&type=view,official_minutes_54556:469:3,2025-04-23,2025-04-21,외교통일위원회,제22대국회 제424회 (임시회) 제1차 외교통일위원회 (2025.04.23.),조태열,0,foreign_policy,1.0,1,67
pres_2025,22,official_minutes,https://record.assembly.go.kr/assembly/viewer/minutes/xml.do?id=54556&type=view,official_minutes_54556:473:4,2025-04-23,2025-04-21,외교통일위원회,제22대국회 제424회 (임시회) 제1차 외교통일위원회 (2025.04.23.),김영배,6600,foreign_policy,0.35,1,56
pres_2025,22,official_minutes,https://record.assembly.go.kr/assembly/viewer/minutes/xml.do?id=54556&type=view,official_minutes_54556:473:6,2025-04-23,2025-04-21,외교통일위원회,제22대국회 제424회 (임시회) 제1차 외교통일위원회 (2025.04.23.),김영배,6600,foreign_policy,0.35,1,51
pres_2025,22,official_minutes,https://record.assembly.go.kr/assembly/viewer/minutes/xml.do?id=54556&type=view,official_minutes_54556:476:1,2025-04-23,2025-04-21,외교통일위원회,제22대국회 제424회 (임시회) 제1차 외교통일위원회 (2025.04.23.),조태열,0,foreign_policy,0.35,1,74
pres_2025,22,official_minutes,https://record.assembly.go.kr/assembly/viewer/minutes/xml.do?id=54556&type=view,official_minutes_54556:481:3,2025-04-23,2025-04-21,외교통일위원회,제22대국회 제424회 (임시회) 제1차 외교통일위원회 (2025.04.23.),김영배,6600,corruption_integrity,0.75,1,70
pres_2025,22,official_minutes,https://record.assembly.go.kr/assembly/viewer/minutes/xml.do?id=54556&type=view,official_minutes_54556:481:3,2025-04-23,2025-04-21,외교통일위원회,제22대국회 제424회 (임시회) 제1차 외교통일위원회 (2025.04.23.),김영배,6600,foreign_policy,0.35,1,70
pres_2025,22,official_minutes,https://record.assembly.go.kr/assembly/viewer/minutes/xml.do?id=54556&type=view,official_minutes_54556:481:4,2025-04-23,2025-04-21,외교통일위원회,제22대국회 제424회 (임시회) 제1차 외교통일위원회 (2025.04.23.),김영배,6600,foreign_policy,0.35,1,156
pres_2025,22,official_minutes,https://record.assembly.go.kr/assembly/viewer/minutes/xml.do?id=54556&type=view,official_minutes_54556:483:5,2025-04-23,2025-04-21,외교통일위원회,제22대국회 제424회 (임시회) 제1차 외교통일위원회 (2025.04.23.),김영배,6600,foreign_policy,0.35,1,22
pres_2025,22,official_minutes,https://record.assembly.go.kr/assembly/viewer/minutes/xml.do?id=54556&type=view,official_minutes_54556:485:3,2025-04-23,2025-04-21,외교통일위원회,제22대국회 제424회 (임시회) 제1차 외교통일위원회 (2025.04.23.),김영배,6600,corruption_integrity,0.75,1,17
pres_2025,22,official_minutes,https://record.assembly.go.kr/assembly/viewer/minutes/xml.do?id=54556&type=view,official_minutes_54556:487:1,2025-04-23,2025-04-21,외교통일위원회,제22대국회 제424회 (임시회) 제1차 외교통일위원회 (2025.04.23.),김영배,6600,corruption_integrity,0.75,1,19
pres_2025,22,official_minutes,https://record.assembly.go.kr/assembly/viewer/minutes/xml.do?id=54556&type=view,official_minutes_54556:490:1,2025-04-23,2025-04-21,외교통일위원회,제22대국회 제424회 (임시회) 제1차 외교통일위원회 (2025.04.23.),문인석,0,foreign_policy,0.35,1,39
pres_2025,22,official_minutes,https://record.assembly.go.kr/assembly/viewer/minutes/xml.do?id=54556&type=view,official_minutes_54556:491:2,2025-04-23,2025-04-21,외교통일위원회,제22대국회 제424회 (임시회) 제1차 외교통일위원회 (2025.04.23.),김영배,6600,foreign_policy,0.35,1,15
pres_2025,22,official_minutes,https://record.assembly.go.kr/assembly/viewer/minutes/xml.do?id=54556&type=view,official_minutes_54556:504:1,2025-04-23,2025-04-21,외교통일위원회,제22대국회 제424회 (임시회) 제1차 외교통일위원회 (2025.04.23.),홍기원,6610,foreign_policy,0.35,1,46
pres_2025,22,official_minutes,https://record.assembly.go.kr/assembly/viewer/minutes/xml.do?id=54556&type=view,official_minutes_54556:512:3,2025-04-23,2025-04-21,외교통일위원회,제22대국회 제424회 (임시회) 제1차 외교통일위원회 (2025.04.23.),홍기원,6610,regional_dev,0.35,1,64
pres_2025,22,official_minutes,https://record.assembly.go.kr/assembly/viewer/minutes/xml.do?id=54556&type=view,official_minutes_54556:514:1,2025-04-23,2025-04-21,외교통일위원회,제22대국회 제424회 (임시회) 제1차 외교통일위원회 (2025.04.23.),홍기원,6610,regional_dev,0.35,1,65
pres_2025,22,official_minutes,https://record.assembly.go.kr/assembly/viewer/minutes/xml.do?id=54556&type=view,official_minutes_54556:520:2,2025-04-23,2025-04-21,외교통일위원회,제22대국회 제424회 (임시회) 제1차 외교통일위원회 (2025.04.23.),인요한,6773,foreign_policy,0.35,1,20
pres_2025,22,official_minutes,https://record.assembly.go.kr/assembly/viewer/minutes/xml.do?id=54556&type=view,official_minutes_54556:525:2,2025-04-23,2025-04-21,외교통일위원회,제22대국회 제424회 (임시회) 제1차 외교통일위원회 (2025.04.23.),조태열,0,regional_dev,0.35,1,53
pres_2025,22,official_minutes,https://record.assembly.go.kr/assembly/viewer/minutes/xml.do?id=54556&type=view,official_minutes_54556:525:2,2025-04-23,2025-04-21,외교통일위원회,제22대국회 제424회 (임시회) 제1차 외교통일위원회 (2025.04.23.),조태열,0,family_legal_risk,0.35,1,53
pres_2025,22,official_minutes,https://record.assembly.go.kr/assembly/viewer/minutes/xml.do?id=54556&type=view,official_minutes_54556:529:1,2025-04-23,2025-04-21,외교통일위원회,제22대국회 제424회 (임시회) 제1차 외교통일위원회 (2025.04.23.),조태열,0,foreign_policy,0.35,1,78
pres_2025,22,official_minutes,https://record.assembly.go.kr/assembly/viewer/minutes/xml.do?id=54556&type=view,official_minutes_54556:531:1,2025-04-23,2025-04-21,외교통일위원회,제22대국회 제424회 (임시회) 제1차 외교통일위원회 (2025.04.23.),조태열,0,foreign_policy,0.35,1,83
pres_2025,22,official_minutes,https://record.assembly.go.kr/assembly/viewer/minutes/xml.do?id=54556&type=view,official_minutes_54556:531:3,2025-04-23,2025-04-21,외교통일위원회,제22대국회 제424회 (임시회) 제1차 외교통일위원회 (2025.04.23.),조태열,0,corruption_integrity,0.35,1,89
pres_2025,22,official_minutes,https://record.assembly.go.kr/assembly/viewer/minutes/xml.do?id=54556&type=view,official_minutes_54556:536:5,2025-04-23,2025-04-21,외교통일위원회,제22대국회 제424회 (임시회) 제1차 외교통일위원회 (2025.04.23.),김기웅,6840,family_legal_risk,0.35,1,112
pres_2025,22,official_minutes,https://record.assembly.go.kr/assembly/viewer/minutes/xml.do?id=54556&type=view,official_minutes_54556:539:2,2025-04-23,2025-04-21,외교통일위원회,제22대국회 제424회 (임시회) 제1차 외교통일위원회 (2025.04.23.),권칠승,6585,foreign_policy,0.35,1,71
pres_2025,22,official_minutes,https://record.assembly.go.kr/assembly/viewer/minutes/xml.do?id=54556&type=view,official_minutes_54556:541:3,2025-04-23,2025-04-21,외교통일위원회,제22대국회 제424회 (임시회) 제1차 외교통일위원회 (2025.04.23.),권칠승,6585,foreign_policy,1.0,1,73
pres_2025,22,official_minutes,https://record.assembly.go.kr/assembly/viewer/minutes/xml.do?id=54556&type=view,official_minutes_54556:541:3,2025-04-23,2025-04-21,외교통일위원회,제22대국회 제424회 (임시회) 제1차 외교통일위원회 (2025.04.23.),권칠승,6585,family_legal_risk,0.35,1,73
pres_2025,22,official_minutes,https://record.assembly.go.kr/assembly/viewer/minutes/xml.do?id=54556&type=view,official_minutes_54556:547:1,2025-04-23,2025-04-21,외교통일위원회,제22대국회 제424회 (임시회) 제1차 외교통일위원회 (2025.04.23.),권칠승,6585,foreign_policy,0.35,1,23
pres_2025,22,official_minutes,https://record.assembly.go.kr/assembly/viewer/minutes/xml.do?id=54556&type=view,official_minutes_54556:547:2,2025-04-23,2025-04-21,외교통일위원회,제22대국회 제424회 (임시회) 제1차 외교통일위원회 (2025.04.23.),권칠승,6585,foreign_policy,0.35,1,33
pres_2025,22,official_minutes,https://record.assembly.go.kr/assembly/viewer/minutes/xml.do?id=54556&type=view,official_minutes_54556:549:8,2025-04-23,2025-04-21,외교통일위원회,제22대국회 제424회 (임시회) 제1차 외교통일위원회 (2025.04.23.),권칠승,6585,foreign_policy,0.35,1,39
pres_2025,22,official_minutes,https://record.assembly.go.kr/assembly/viewer/minutes/xml.do?id=54556&type=view,official_minutes_54556:549:14,2025-04-23,2025-04-21,외교통일위원회,제22대국회 제424회 (임시회) 제1차 외교통일위원회 (2025.04.23.),권칠승,6585,family_legal_risk,0.35,1,47
pres_2025,22,official_minutes,https://record.assembly.go.kr/assembly/viewer/minutes/xml.do?id=54556&type=view,official_minutes_54556:551:6,2025-04-23,2025-04-21,외교통일위원회,제22대국회 제424회 (임시회) 제1차 외교통일위원회 (2025.04.23.),권칠승,6585,corruption_integrity,0.35,1,36
pres_2025,22,official_minutes,https://record.assembly.go.kr/assembly/viewer/minutes/xml.do?id=54556&type=view,official_minutes_54556:551:7,2025-04-23,2025-04-21,외교통일위원회,제22대국회 제424회 (임시회) 제1차 외교통일위원회 (2025.04.23.),권칠승,6585,corruption_integrity,0.35,1,50
pres_2025,22,official_minutes,https://record.assembly.go.kr/assembly/viewer/minutes/xml.do?id=54556&type=view,official_minutes_54556:552:2,2025-04-23,2025-04-21,외교통일위원회,제22대국회 제424회 (임시회) 제1차 외교통일위원회 (2025.04.23.),김영호,0,family_legal_risk,0.35,1,132
pres_2025,22,official_minutes,https://record.assembly.go.kr/assembly/viewer/minutes/xml.do?id=54556&type=view,official_minutes_54556:559:1,2025-04-23,2025-04-21,외교통일위원회,제22대국회 제424회 (임시회) 제1차 외교통일위원회 (2025.04.23.),김영배,6600,foreign_policy,0.35,1,83
pres_2025,22,official_minutes,https://record.assembly.go.kr/assembly/viewer/minutes/xml.do?id=54556&type=view,official_minutes_54556:561:1,2025-04-23,2025-04-21,외교통일위원회,제22대국회 제424회 (임시회) 제1차 외교통일위원회 (2025.04.23.),김영배,6600,foreign_policy,0.35,1,109
pres_2025,22,official_minutes,https://record.assembly.go.kr/assembly/viewer/minutes/xml.do?id=54556&type=view,official_minutes_54556:563:1,2025-04-23,2025-04-21,외교통일위원회,제22대국회 제424회 (임시회) 제1차 외교통일위원회 (2025.04.23.),김영배,6600,foreign_policy,0.35,1,143
pres_2025,22,official_minutes,https://record.assembly.go.kr/assembly/viewer/minutes/xml.do?id=54556&type=view,official_minutes_54556:575:1,2025-04-23,2025-04-21,외교통일위원회,제22대국회 제424회 (임시회) 제1차 외교통일위원회 (2025.04.23.),김건,6822,family_legal_risk,0.75,1,34
pres_2025,22,official_minutes,https://record.assembly.go.kr/assembly/viewer/minutes/xml.do?id=54556&type=view,official_minutes_54556:575:10,2025-04-23,2025-04-21,외교통일위원회,제22대국회 제424회 (임시회) 제1차 외교통일위원회 (2025.04.23.),김건,6822,foreign_policy,0.35,1,36
pres_2025,22,official_minutes,https://record.assembly.go.kr/assembly/viewer/minutes/xml.do?id=54556&type=view,official_minutes_54556:575:11,2025-04-23,2025-04-21,외교통일위원회,제22대국회 제424회 (임시회) 제1차 외교통일위원회 (2025.04.23.),김건,6822,foreign_policy,0.35,1,136
pres_2025,22,official_minutes,https://record.assembly.go.kr/assembly/viewer/minutes/xml.do?id=54556&type=view,official_minutes_54556:576:2,2025-04-23,2025-04-21,외교통일위원회,제22대국회 제424회 (임시회) 제1차 외교통일위원회 (2025.04.23.),조태열,0,foreign_policy,0.35,1,97
pres_2025,22,official_minutes,https://record.assembly.go.kr/assembly/viewer/minutes/xml.do?id=54556&type=view,official_minutes_54556:598:1,2025-04-23,2025-04-21,외교통일위원회,제22대국회 제424회 (임시회) 제1차 외교통일위원회 (2025.04.23.),한정애,6616,foreign_policy,0.35,1,22
pres_2025,22,official_minutes,https://record.assembly.go.kr/assembly/viewer/minutes/xml.do?id=54556&type=view,official_minutes_54556:598:2,2025-04-23,2025-04-21,외교통일위원회,제22대국회 제424회 (임시회) 제1차 외교통일위원회 (2025.04.23.),한정애,6616,family_legal_risk,0.35,1,85
pres_2025,22,official_minutes,https://record.assembly.go.kr/assembly/viewer/minutes/xml.do?id=54556&type=view,official_minutes_54556:598:3,2025-04-23,2025-04-21,외교통일위원회,제22대국회 제424회 (임시회) 제1차 외교통일위원회 (2025.04.23.),한정애,6616,corruption_integrity,1.0,1,134
pres_2025,22,official_minutes,https://record.assembly.go.kr/assembly/viewer/minutes/xml.do?id=54556&type=view,official_minutes_54556:598:3,2025-04-23,2025-04-21,외교통일위원회,제22대국회 제424회 (임시회) 제1차 외교통일위원회 (2025.04.23.),한정애,6616,candidate_competence,0.35,1,134
pres_2025,22,official_minutes,https://record.assembly.go.kr/assembly/viewer/minutes/xml.do?id=54556&type=view,official_minutes_54556:598:4,2025-04-23,2025-04-21,외교통일위원회,제22대국회 제424회 (임시회) 제1차 외교통일위원회 (2025.04.23.),한정애,6616,candidate_competence,0.35,1,105
pres_2025,22,official_minutes,https://record.assembly.go.kr/assembly/viewer/minutes/xml.do?id=54556&type=view,official_minutes_54556:598:5,2025-04-23,2025-04-21,외교통일위원회,제22대국회 제424회 (임시회) 제1차 외교통일위원회 (2025.04.23.),한정애,6616,foreign_policy,0.35,1,29
pres_2025,22,official_minutes,https://record.assembly.go.kr/assembly/viewer/minutes/xml.do?id=54556&type=view,official_minutes_54556:598:6,2025-04-23,2025-04-21,외교통일위원회,제22대국회 제424회 (임시회) 제1차 외교통일위원회 (2025.04.23.),한정애,6616,foreign_policy,0.35,1,52
pres_2025,22,official_minutes,https://record.assembly.go.kr/assembly/viewer/minutes/xml.do?id=54556&type=view,official_minutes_54556:598:6,2025-04-23,2025-04-21,외교통일위원회,제22대국회 제424회 (임시회) 제1차 외교통일위원회 (2025.04.23.),한정애,6616,candidate_competence,0.35,1,52
pres_2025,22,official_minutes,https://record.assembly.go.kr/assembly/viewer/minutes/xml.do?id=54556&type=view,official_minutes_54556:598:7,2025-04-23,2025-04-21,외교통일위원회,제22대국회 제424회 (임시회) 제1차 외교통일위원회 (2025.04.23.),한정애,6616,foreign_policy,0.35,1,54
pres_2025,22,official_minutes,https://record.assembly.go.kr/assembly/viewer/minutes/xml.do?id=54556&type=view,official_minutes_54556:598:7,2025-04-23,2025-04-21,외교통일위원회,제22대국회 제424회 (임시회) 제1차 외교통일위원회 (2025.04.23.),한정애,6616,education,0.35,1,54
pres_2025,22,official_minutes,https://record.assembly.go.kr/assembly/viewer/minutes/xml.do?id=54556&type=view,official_minutes_54556:598:7,2025-04-23,2025-04-21,외교통일위원회,제22대국회 제424회 (임시회) 제1차 외교통일위원회 (2025.04.23.),한정애,6616,candidate_competence,0.35,1,54
pres_2025,22,official_minutes,https://record.assembly.go.kr/assembly/viewer/minutes/xml.do?id=54556&type=view,official_minutes_54556:598:8,2025-04-23,2025-04-21,외교통일위원회,제22대국회 제424회 (임시회) 제1차 외교통일위원회 (2025.04.23.),한정애,6616,education,0.35,1,49
pres_2025,22,official_minutes,https://record.assembly.go.kr/assembly/viewer/minutes/xml.do?id=54556&type=view,official_minutes_54556:598:10,2025-04-23,2025-04-21,외교통일위원회,제22대국회 제424회 (임시회) 제1차 외교통일위원회 (2025.04.23.),한정애,6616,foreign_policy,0.35,1,11
pres_2025,22,official_minutes,https://record.assembly.go.kr/assembly/viewer/minutes/xml.do?id=54556&type=view,official_minutes_54556:598:11,2025-04-23,2025-04-21,외교통일위원회,제22대국회 제424회 (임시회) 제1차 외교통일위원회 (2025.04.23.),한정애,6616,education,0.35,1,47
pres_2025,22,official_minutes,https://record.assembly.go.kr/assembly/viewer/minutes/xml.do?id=54556&type=view,official_minutes_54556:598:11,2025-04-23,2025-04-21,외교통일위원회,제22대국회 제424회 (임시회) 제1차 외교통일위원회 (2025.04.23.),한정애,6616,candidate_competence,0.35,1,47
pres_2025,22,official_minutes,https://record.assembly.go.kr/assembly/viewer/minutes/xml.do?id=54556&type=view,official_minutes_54556:598:12,2025-04-23,2025-04-21,외교통일위원회,제22대국회 제424회 (임시회) 제1차 외교통일위원회 (2025.04.23.),한정애,6616,candidate_competence,0.35,1,70
pres_2025,22,official_minutes,https://record.assembly.go.kr/assembly/viewer/minutes/xml.do?id=54556&type=view,official_minutes_54556:598:12,2025-04-23,2025-04-21,외교통일위원회,제22대국회 제424회 (임시회) 제1차 외교통일위원회 (2025.04.23.),한정애,6616,education,0.35,1,70
pres_2025,22,official_minutes,https://record.assembly.go.kr/assembly/viewer/minutes/xml.do?id=54556&type=view,official_minutes_54556:598:13,2025-04-23,2025-04-21,외교통일위원회,제22대국회 제424회 (임시회) 제1차 외교통일위원회 (2025.04.23.),한정애,6616,education,0.35,1,19
pres_2025,22,official_minutes,https://record.assembly.go.kr/assembly/viewer/minutes/xml.do?id=54556&type=view,official_minutes_54556:598:15,2025-04-23,2025-04-21,외교통일위원회,제22대국회 제424회 (임시회) 제1차 외교통일위원회 (2025.04.23.),한정애,6616,candidate_competence,0.35,1,11
pres_2025,22,official_minutes,https://record.assembly.go.kr/assembly/viewer/minutes/xml.do?id=54556&type=view,official_minutes_54556:598:16,2025-04-23,2025-04-21,외교통일위원회,제22대국회 제424회 (임시회) 제1차 외교통일위원회 (2025.04.23.),한정애,6616,candidate_competence,0.35,1,14
pres_2025,22,official_minutes,https://record.assembly.go.kr/assembly/viewer/minutes/xml.do?id=54556&type=view,official_minutes_54556:598:17,2025-04-23,2025-04-21,외교통일위원회,제22대국회 제424회 (임시회) 제1차 외교통일위원회 (2025.04.23.),한정애,6616,foreign_policy,0.35,1,48
pres_2025,22,official_minutes,https://record.assembly.go.kr/assembly/viewer/minutes/xml.do?id=54556&type=view,official_minutes_54556:598:18,2025-04-23,2025-04-21,외교통일위원회,제22대국회 제424회 (임시회) 제1차 외교통일위원회 (2025.04.23.),한정애,6616,candidate_competence,0.35,1,18
pres_2025,22,official_minutes,https://record.assembly.go.kr/assembly/viewer/minutes/xml.do?id=54556&type=view,official_minutes_54556:598:19,2025-04-23,2025-04-21,외교통일위원회,제22대국회 제424회 (임시회) 제1차 외교통일위원회 (2025.04.23.),한정애,6616,foreign_policy,0.35,1,197
pres_2025,22,official_minutes,https://record.assembly.go.kr/assembly/viewer/minutes/xml.do?id=54556&type=view,official_minutes_54556:598:19,2025-04-23,2025-04-21,외교통일위원회,제22대국회 제424회 (임시회) 제1차 외교통일위원회 (2025.04.23.),한정애,6616,candidate_competence,0.35,1,197
pres_2025,22,official_minutes,https://record.assembly.go.kr/assembly/viewer/minutes/xml.do?id=54556&type=view,official_minutes_54556:598:21,2025-04-23,2025-04-21,외교통일위원회,제22대국회 제424회 (임시회) 제1차 외교통일위원회 (2025.04.23.),한정애,6616,foreign_policy,0.35,1,35
pres_2025,22,official_minutes,https://record.assembly.go.kr/assembly/viewer/minutes/xml.do?id=54556&type=view,official_minutes_54556:598:21,2025-04-23,2025-04-21,외교통일위원회,제22대국회 제424회 (임시회) 제1차 외교통일위원회 (2025.04.23.),한정애,6616,candidate_competence,0.35,1,35
pres_2025,22,official_minutes,https://record.assembly.go.kr/assembly/viewer/minutes/xml.do?id=54556&type=view,official_minutes_54556:598:22,2025-04-23,2025-04-21,외교통일위원회,제22대국회 제424회 (임시회) 제1차 외교통일위원회 (2025.04.23.),한정애,6616,foreign_policy,0.35,1,10
pres_2025,22,official_minutes,https://record.assembly.go.kr/assembly/viewer/minutes/xml.do?id=54556&type=view,official_minutes_54556:598:23,2025-04-23,2025-04-21,외교통일위원회,제22대국회 제424회 (임시회) 제1차 외교통일위원회 (2025.04.23.),한정애,6616,foreign_policy,0.35,1,31
pres_2025,22,official_minutes,https://record.assembly.go.kr/assembly/viewer/minutes/xml.do?id=54556&type=view,official_minutes_54556:598:23,2025-04-23,2025-04-21,외교통일위원회,제22대국회 제424회 (임시회) 제1차 외교통일위원회 (2025.04.23.),한정애,6616,education,0.35,1,31
pres_2025,22,official_minutes,https://record.assembly.go.kr/assembly/viewer/minutes/xml.do?id=54556&type=view,official_minutes_54556:598:24,2025-04-23,2025-04-21,외교통일위원회,제22대국회 제424회 (임시회) 제1차 외교통일위원회 (2025.04.23.),한정애,6616,candidate_competence,0.35,1,42
pres_2025,22,official_minutes,https://record.assembly.go.kr/assembly/viewer/minutes/xml.do?id=54556&type=view,official_minutes_54556:598:25,2025-04-23,2025-04-21,외교통일위원회,제22대국회 제424회 (임시회) 제1차 외교통일위원회 (2025.04.23.),한정애,6616,candidate_competence,0.35,1,57
pres_2025,22,official_minutes,https://record.assembly.go.kr/assembly/viewer/minutes/xml.do?id=54556&type=view,official_minutes_54556:598:25,2025-04-23,2025-04-21,외교통일위원회,제22대국회 제424회 (임시회) 제1차 외교통일위원회 (2025.04.23.),한정애,6616,education,0.35,1,57
pres_2025,22,official_minutes,https://record.assembly.go.kr/assembly/viewer/minutes/xml.do?id=54556&type=view,official_minutes_54556:598:26,2025-04-23,2025-04-21,외교통일위원회,제22대국회 제424회 (임시회) 제1차 외교통일위원회 (2025.04.23.),한정애,6616,candidate_competence,0.35,1,91
pres_2025,22,official_minutes,https://record.assembly.go.kr/assembly/viewer/minutes/xml.do?id=54556&type=view,official_minutes_54556:598:27,2025-04-23,2025-04-21,외교통일위원회,제22대국회 제424회 (임시회) 제1차 외교통일위원회 (2025.04.23.),한정애,6616,education,0.35,1,29
pres_2025,22,official_minutes,https://record.assembly.go.kr/assembly/viewer/minutes/xml.do?id=54556&type=view,official_minutes_54556:598:28,2025-04-23,2025-04-21,외교통일위원회,제22대국회 제424회 (임시회) 제1차 외교통일위원회 (2025.04.23.),한정애,6616,candidate_competence,0.35,1,27
pres_2025,22,official_minutes,https://record.assembly.go.kr/assembly/viewer/minutes/xml.do?id=54556&type=view,official_minutes_54556:600:10,2025-04-23,2025-04-21,외교통일위원회,제22대국회 제424회 (임시회) 제1차 외교통일위원회 (2025.04.23.),위성락,6776,foreign_policy,0.35,1,48
pres_2025,22,official_minutes,https://record.assembly.go.kr/assembly/viewer/minutes/xml.do?id=54556&type=view,official_minutes_54556:606:4,2025-04-23,2025-04-21,외교통일위원회,제22대국회 제424회 (임시회) 제1차 외교통일위원회 (2025.04.23.),김준형,6754,foreign_policy,0.35,1,163
pres_2025,22,official_minutes,https://record.assembly.go.kr/assembly/viewer/minutes/xml.do?id=54556&type=view,official_minutes_54556:606:5,2025-04-23,2025-04-21,외교통일위원회,제22대국회 제424회 (임시회) 제1차 외교통일위원회 (2025.04.23.),김준형,6754,foreign_policy,0.35,1,142
pres_2025,22,official_minutes,https://record.assembly.go.kr/assembly/viewer/minutes/xml.do?id=54556&type=view,official_minutes_54556:609:1,2025-04-23,2025-04-21,외교통일위원회,제22대국회 제424회 (임시회) 제1차 외교통일위원회 (2025.04.23.),김영배,6600,foreign_policy,0.35,1,57
pres_2025,22,official_minutes,https://record.assembly.go.kr/assembly/viewer/minutes/xml.do?id=54556&type=view,official_minutes_54556:614:1,2025-04-23,2025-04-21,외교통일위원회,제22대국회 제424회 (임시회) 제1차 외교통일위원회 (2025.04.23.),문인석,0,foreign_policy,0.35,1,42
pres_2025,22,official_minutes,https://record.assembly.go.kr/assembly/viewer/minutes/xml.do?id=54556&type=view,official_minutes_54556:621:5,2025-04-23,2025-04-21,외교통일위원회,제22대국회 제424회 (임시회) 제1차 외교통일위원회 (2025.04.23.),김영배,6600,foreign_policy,0.35,1,14
pres_2025,22,official_minutes,https://record.assembly.go.kr/assembly/viewer/minutes/xml.do?id=54556&type=view,official_minutes_54556:623:9,2025-04-23,2025-04-21,외교통일위원회,제22대국회 제424회 (임시회) 제1차 외교통일위원회 (2025.04.23.),김영배,6600,foreign_policy,0.35,1,60
pres_2025,22,official_minutes,https://record.assembly.go.kr/assembly/viewer/minutes/xml.do?id=54556&type=view,official_minutes_54556:627:2,2025-04-23,2025-04-21,외교통일위원회,제22대국회 제424회 (임시회) 제1차 외교통일위원회 (2025.04.23.),김영배,6600,foreign_policy,0.35,1,28
pres_2025,22,official_minutes,https://record.assembly.go.kr/assembly/viewer/minutes/xml.do?id=54556&type=view,official_minutes_54556:628:1,2025-04-23,2025-04-21,외교통일위원회,제22대국회 제424회 (임시회) 제1차 외교통일위원회 (2025.04.23.),홍기원,6610,foreign_policy,0.35,1,16
pres_2025,22,official_minutes,https://record.assembly.go.kr/assembly/viewer/minutes/xml.do?id=54556&type=view,official_minutes_54556:628:3,2025-04-23,2025-04-21,외교통일위원회,제22대국회 제424회 (임시회) 제1차 외교통일위원회 (2025.04.23.),홍기원,6610,foreign_policy,0.75,1,68
pres_2025,22,official_minutes,https://record.assembly.go.kr/assembly/viewer/minutes/xml.do?id=54556&type=view,official_minutes_54556:629:2,2025-04-23,2025-04-21,외교통일위원회,제22대국회 제424회 (임시회) 제1차 외교통일위원회 (2025.04.23.),조태열,0,endorsement_event,0.35,1,19
pres_2025,22,official_minutes,https://record.assembly.go.kr/assembly/viewer/minutes/xml.do?id=54556&type=view,official_minutes_54556:630:1,2025-04-23,2025-04-21,외교통일위원회,제22대국회 제424회 (임시회) 제1차 외교통일위원회 (2025.04.23.),홍기원,6610,foreign_policy,0.75,1,31
pres_2025,22,official_minutes,https://record.assembly.go.kr/assembly/viewer/minutes/xml.do?id=54556&type=view,official_minutes_54556:632:1,2025-04-23,2025-04-21,외교통일위원회,제22대국회 제424회 (임시회) 제1차 외교통일위원회 (2025.04.23.),홍기원,6610,foreign_policy,0.75,1,41
pres_2025,22,official_minutes,https://record.assembly.go.kr/assembly/viewer/minutes/xml.do?id=54556&type=view,official_minutes_54556:634:1,2025-04-23,2025-04-21,외교통일위원회,제22대국회 제424회 (임시회) 제1차 외교통일위원회 (2025.04.23.),홍기원,6610,foreign_policy,0.35,1,21
pres_2025,22,official_minutes,https://record.assembly.go.kr/assembly/viewer/minutes/xml.do?id=54556&type=view,official_minutes_54556:635:1,2025-04-23,2025-04-21,외교통일위원회,제22대국회 제424회 (임시회) 제1차 외교통일위원회 (2025.04.23.),조태열,0,foreign_policy,1.0,1,91
pres_2025,22,official_minutes,https://record.assembly.go.kr/assembly/viewer/minutes/xml.do?id=54556&type=view,official_minutes_54556:636:1,2025-04-23,2025-04-21,외교통일위원회,제22대국회 제424회 (임시회) 제1차 외교통일위원회 (2025.04.23.),홍기원,6610,foreign_policy,0.35,1,44
pres_2025,22,official_minutes,https://record.assembly.go.kr/assembly/viewer/minutes/xml.do?id=54556&type=view,official_minutes_54556:638:1,2025-04-23,2025-04-21,외교통일위원회,제22대국회 제424회 (임시회) 제1차 외교통일위원회 (2025.04.23.),홍기원,6610,foreign_policy,0.35,1,106
pres_2025,22,official_minutes,https://record.assembly.go.kr/assembly/viewer/minutes/xml.do?id=54556&type=view,official_minutes_54556:640:1,2025-04-23,2025-04-21,외교통일위원회,제22대국회 제424회 (임시회) 제1차 외교통일위원회 (2025.04.23.),홍기원,6610,foreign_policy,0.35,1,57
pres_2025,22,official_minutes,https://record.assembly.go.kr/assembly/viewer/minutes/xml.do?id=54556&type=view,official_minutes_54556:641:1,2025-04-23,2025-04-21,외교통일위원회,제22대국회 제424회 (임시회) 제1차 외교통일위원회 (2025.04.23.),조태열,0,foreign_policy,0.35,1,51
pres_2025,22,official_minutes,https://record.assembly.go.kr/assembly/viewer/minutes/xml.do?id=54556&type=view,official_minutes_54556:642:1,2025-04-23,2025-04-21,외교통일위원회,제22대국회 제424회 (임시회) 제1차 외교통일위원회 (2025.04.23.),홍기원,6610,foreign_policy,0.75,1,87
pres_2025,22,official_minutes,https://record.assembly.go.kr/assembly/viewer/minutes/xml.do?id=54556&type=view,official_minutes_54556:646:1,2025-04-23,2025-04-21,외교통일위원회,제22대국회 제424회 (임시회) 제1차 외교통일위원회 (2025.04.23.),홍기원,6610,foreign_policy,1.0,1,56
pres_2025,22,official_minutes,https://record.assembly.go.kr/assembly/viewer/minutes/xml.do?id=54556&type=view,official_minutes_54556:647:1,2025-04-23,2025-04-21,외교통일위원회,제22대국회 제424회 (임시회) 제1차 외교통일위원회 (2025.04.23.),조태열,0,foreign_policy,0.35,1,14
pres_2025,22,official_minutes,https://record.assembly.go.kr/assembly/viewer/minutes/xml.do?id=54556&type=view,official_minutes_54556:648:1,2025-04-23,2025-04-21,외교통일위원회,제22대국회 제424회 (임시회) 제1차 외교통일위원회 (2025.04.23.),홍기원,6610,foreign_policy,1.0,1,14
pres_2025,22,official_minutes,https://record.assembly.go.kr/assembly/viewer/minutes/xml.do?id=54556&type=view,official_minutes_54556:650:1,2025-04-23,2025-04-21,외교통일위원회,제22대국회 제424회 (임시회) 제1차 외교통일위원회 (2025.04.23.),홍기원,6610,foreign_policy,1.0,1,95
pres_2025,22,official_minutes,https://record.assembly.go.kr/assembly/viewer/minutes/xml.do?id=54556&type=view,official_minutes_54556:650:3,2025-04-23,2025-04-21,외교통일위원회,제22대국회 제424회 (임시회) 제1차 외교통일위원회 (2025.04.23.),홍기원,6610,foreign_policy,1.0,1,29
pres_2025,22,official_minutes,https://record.assembly.go.kr/assembly/viewer/minutes/xml.do?id=54556&type=view,official_minutes_54556:651:2,2025-04-23,2025-04-21,외교통일위원회,제22대국회 제424회 (임시회) 제1차 외교통일위원회 (2025.04.23.),조태열,0,foreign_policy,1.0,1,19
pres_2025,22,official_minutes,https://record.assembly.go.kr/assembly/viewer/minutes/xml.do?id=54556&type=view,official_minutes_54556:652:3,2025-04-23,2025-04-21,외교통일위원회,제22대국회 제424회 (임시회) 제1차 외교통일위원회 (2025.04.23.),홍기원,6610,foreign_policy,1.0,1,42
pres_2025,22,official_minutes,https://record.assembly.go.kr/assembly/viewer/minutes/xml.do?id=54556&type=view,official_minutes_54556:652:4,2025-04-23,2025-04-21,외교통일위원회,제22대국회 제424회 (임시회) 제1차 외교통일위원회 (2025.04.23.),홍기원,6610,foreign_policy,0.35,1,84
pres_2025,22,official_minutes,https://record.assembly.go.kr/assembly/viewer/minutes/xml.do?id=54556&type=view,official_minutes_54556:652:5,2025-04-23,2025-04-21,외교통일위원회,제22대국회 제424회 (임시회) 제1차 외교통일위원회 (2025.04.23.),홍기원,6610,foreign_policy,0.35,1,110
pres_2025,22,official_minutes,https://record.assembly.go.kr/assembly/viewer/minutes/xml.do?id=54556&type=view,official_minutes_54556:658:1,2025-04-23,2025-04-21,외교통일위원회,제22대국회 제424회 (임시회) 제1차 외교통일위원회 (2025.04.23.),권칠승,6585,foreign_policy,0.35,1,44
pres_2025,22,official_minutes,https://record.assembly.go.kr/assembly/viewer/minutes/xml.do?id=54556&type=view,official_minutes_54556:658:2,2025-04-23,2025-04-21,외교통일위원회,제22대국회 제424회 (임시회) 제1차 외교통일위원회 (2025.04.23.),권칠승,6585,foreign_policy,0.35,1,24
pres_2025,22,official_minutes,https://record.assembly.go.kr/assembly/viewer/minutes/xml.do?id=54556&type=view,official_minutes_54556:658:3,2025-04-23,2025-04-21,외교통일위원회,제22대국회 제424회 (임시회) 제1차 외교통일위원회 (2025.04.23.),권칠승,6585,foreign_policy,0.35,1,59
pres_2025,22,official_minutes,https://record.assembly.go.kr/assembly/viewer/minutes/xml.do?id=54556&type=view,official_minutes_54556:661:1,2025-04-23,2025-04-21,외교통일위원회,제22대국회 제424회 (임시회) 제1차 외교통일위원회 (2025.04.23.),조태열,0,endorsement_event,0.35,1,101
pres_2025,22,official_minutes,https://record.assembly.go.kr/assembly/viewer/minutes/xml.do?id=54556&type=view,official_minutes_54556:674:1,2025-04-23,2025-04-21,외교통일위원회,제22대국회 제424회 (임시회) 제1차 외교통일위원회 (2025.04.23.),권칠승,6585,foreign_policy,0.35,1,34
pres_2025,22,official_minutes,https://record.assembly.go.kr/assembly/viewer/minutes/xml.do?id=54556&type=view,official_minutes_54556:678:4,2025-04-23,2025-04-21,외교통일위원회,제22대국회 제424회 (임시회) 제1차 외교통일위원회 (2025.04.23.),권칠승,6585,foreign_policy,0.35,1,21
pres_2025,22,official_minutes,https://record.assembly.go.kr/assembly/viewer/minutes/xml.do?id=54556&type=view,official_minutes_54556:682:2,2025-04-23,2025-04-21,외교통일위원회,제22대국회 제424회 (임시회) 제1차 외교통일위원회 (2025.04.23.),한정애,6616,candidate_competence,0.35,1,83
pres_2025,22,official_minutes,https://record.assembly.go.kr/assembly/viewer/minutes/xml.do?id=54556&type=view,official_minutes_54556:682:3,2025-04-23,2025-04-21,외교통일위원회,제22대국회 제424회 (임시회) 제1차 외교통일위원회 (2025.04.23.),한정애,6616,foreign_policy,0.35,1,59
pres_2025,22,official_minutes,https://record.assembly.go.kr/assembly/viewer/minutes/xml.do?id=54556&type=view,official_minutes_54556:682:4,2025-04-23,2025-04-21,외교통일위원회,제22대국회 제424회 (임시회) 제1차 외교통일위원회 (2025.04.23.),한정애,6616,candidate_competence,0.35,1,150
pres_2025,22,official_minutes,https://record.assembly.go.kr/assembly/viewer/minutes/xml.do?id=54556&type=view,official_minutes_54556:682:4,2025-04-23,2025-04-21,외교통일위원회,제22대국회 제424회 (임시회) 제1차 외교통일위원회 (2025.04.23.),한정애,6616,welfare_pension,0.35,1,150
pres_2025,22,official_minutes,https://record.assembly.go.kr/assembly/viewer/minutes/xml.do?id=54556&type=view,official_minutes_54556:682:4,2025-04-23,2025-04-21,외교통일위원회,제22대국회 제424회 (임시회) 제1차 외교통일위원회 (2025.04.23.),한정애,6616,foreign_policy,0.35,1,150
pres_2025,22,official_minutes,https://record.assembly.go.kr/assembly/viewer/minutes/xml.do?id=54556&type=view,official_minutes_54556:682:10,2025-04-23,2025-04-21,외교통일위원회,제22대국회 제424회 (임시회) 제1차 외교통일위원회 (2025.04.23.),한정애,6616,education,0.35,1,23
pres_2025,22,official_minutes,https://record.assembly.go.kr/assembly/viewer/minutes/xml.do?id=54556&type=view,official_minutes_54556:682:11,2025-04-23,2025-04-21,외교통일위원회,제22대국회 제424회 (임시회) 제1차 외교통일위원회 (2025.04.23.),한정애,6616,family_legal_risk,0.35,1,61
pres_2025,22,official_minutes,https://record.assembly.go.kr/assembly/viewer/minutes/xml.do?id=54556&type=view,official_minutes_54556:682:11,2025-04-23,2025-04-21,외교통일위원회,제22대국회 제424회 (임시회) 제1차 외교통일위원회 (2025.04.23.),한정애,6616,education,0.35,1,61
pres_2025,22,official_minutes,https://record.assembly.go.kr/assembly/viewer/minutes/xml.do?id=54556&type=view,official_minutes_54556:682:12,2025-04-23,2025-04-21,외교통일위원회,제22대국회 제424회 (임시회) 제1차 외교통일위원회 (2025.04.23.),한정애,6616,education,0.35,1,47
pres_2025,22,official_minutes,https://record.assembly.go.kr/assembly/viewer/minutes/xml.do?id=54556&type=view,official_minutes_54556:682:14,2025-04-23,2025-04-21,외교통일위원회,제22대국회 제424회 (임시회) 제1차 외교통일위원회 (2025.04.23.),한정애,6616,education,0.35,1,57
pres_2025,22,official_minutes,https://record.assembly.go.kr/assembly/viewer/minutes/xml.do?id=54556&type=view,official_minutes_54556:682:19,2025-04-23,2025-04-21,외교통일위원회,제22대국회 제424회 (임시회) 제1차 외교통일위원회 (2025.04.23.),한정애,6616,foreign_policy,0.35,1,31
pres_2025,22,official_minutes,https://record.assembly.go.kr/assembly/viewer/minutes/xml.do?id=54556&type=view,official_minutes_54556:682:24,2025-04-23,2025-04-21,외교통일위원회,제22대국회 제424회 (임시회) 제1차 외교통일위원회 (2025.04.23.),한정애,6616,foreign_policy,0.35,1,101
pres_2025,22,official_minutes,https://record.assembly.go.kr/assembly/viewer/minutes/xml.do?id=54556&type=view,official_minutes_54556:683:1,2025-04-23,2025-04-21,외교통일위원회,제22대국회 제424회 (임시회) 제1차 외교통일위원회 (2025.04.23.),조태열,0,foreign_policy,0.35,1,117
pres_2025,22,official_minutes,https://record.assembly.go.kr/assembly/viewer/minutes/xml.do?id=54556&type=view,official_minutes_54556:684:5,2025-04-23,2025-04-21,외교통일위원회,제22대국회 제424회 (임시회) 제1차 외교통일위원회 (2025.04.23.),한정애,6616,candidate_competence,0.35,1,15
pres_2025,22,official_minutes,https://record.assembly.go.kr/assembly/viewer/minutes/xml.do?id=54556&type=view,official_minutes_54556:684:6,2025-04-23,2025-04-21,외교통일위원회,제22대국회 제424회 (임시회) 제1차 외교통일위원회 (2025.04.23.),한정애,6616,candidate_competence,0.35,1,43
pres_2025,22,official_minutes,https://record.assembly.go.kr/assembly/viewer/minutes/xml.do?id=54556&type=view,official_minutes_54556:686:1,2025-04-23,2025-04-21,외교통일위원회,제22대국회 제424회 (임시회) 제1차 외교통일위원회 (2025.04.23.),한정애,6616,foreign_policy,0.35,1,64
pres_2025,22,official_minutes,https://record.assembly.go.kr/assembly/viewer/minutes/xml.do?id=54556&type=view,official_minutes_54556:686:2,2025-04-23,2025-04-21,외교통일위원회,제22대국회 제424회 (임시회) 제1차 외교통일위원회 (2025.04.23.),한정애,6616,foreign_policy,0.35,1,44
pres_2025,22,official_minutes,https://record.assembly.go.kr/assembly/viewer/minutes/xml.do?id=54556&type=view,official_minutes_54556:686:6,2025-04-23,2025-04-21,외교통일위원회,제22대국회 제424회 (임시회) 제1차 외교통일위원회 (2025.04.23.),한정애,6616,family_legal_risk,0.35,1,51
pres_2025,22,official_minutes,https://record.assembly.go.kr/assembly/viewer/minutes/xml.do?id=54556&type=view,official_minutes_54556:689:1,2025-04-23,2025-04-21,외교통일위원회,제22대국회 제424회 (임시회) 제1차 외교통일위원회 (2025.04.23.),조태열,0,corruption_integrity,0.35,1,141
pres_2025,22,official_minutes,https://record.assembly.go.kr/assembly/viewer/minutes/xml.do?id=54556&type=view,official_minutes_54556:690:1,2025-04-23,2025-04-21,외교통일위원회,제22대국회 제424회 (임시회) 제1차 외교통일위원회 (2025.04.23.),한정애,6616,corruption_integrity,0.35,1,86
pres_2025,22,official_minutes,https://record.assembly.go.kr/assembly/viewer/minutes/xml.do?id=54556&type=view,official_minutes_54556:691:2,2025-04-23,2025-04-21,외교통일위원회,제22대국회 제424회 (임시회) 제1차 외교통일위원회 (2025.04.23.),조태열,0,corruption_integrity,0.35,1,62
pres_2025,22,official_minutes,https://record.assembly.go.kr/assembly/viewer/minutes/xml.do?id=54556&type=view,official_minutes_54556:692:1,2025-04-23,2025-04-21,외교통일위원회,제22대국회 제424회 (임시회) 제1차 외교통일위원회 (2025.04.23.),한정애,6616,foreign_policy,0.35,1,110
pres_2025,22,official_minutes,https://record.assembly.go.kr/assembly/viewer/minutes/xml.do?id=54556&type=view,official_minutes_54556:700:2,2025-04-23,2025-04-21,외교통일위원회,제22대국회 제424회 (임시회) 제1차 외교통일위원회 (2025.04.23.),조태열,0,corruption_integrity,0.35,1,37
pres_2025,22,official_minutes,https://record.assembly.go.kr/assembly/viewer/minutes/xml.do?id=54556&type=view,official_minutes_54556:701:5,2025-04-23,2025-04-21,외교통일위원회,제22대국회 제424회 (임시회) 제1차 외교통일위원회 (2025.04.23.),김영배,6600,foreign_policy,0.35,1,54
pres_2025,22,official_minutes,https://record.assembly.go.kr/assembly/viewer/minutes/xml.do?id=54556&type=view,official_minutes_54556:701:9,2025-04-23,2025-04-21,외교통일위원회,제22대국회 제424회 (임시회) 제1차 외교통일위원회 (2025.04.23.),김영배,6600,foreign_policy,0.35,1,84
pres_2025,22,official_minutes,https://record.assembly.go.kr/assembly/viewer/minutes/xml.do?id=54560&type=view,official_minutes_54560:7:8,2025-04-24,2025-04-21,농림축산식품해양수산위원회,제22대국회 제424회 (임시회) 제1차 농림축산식품해양수산위원회(예산결산심사소위원회) (2025.04.24.),박범수,0,economy_growth,1.0,1,21
pres_2025,22,official_minutes,https://record.assembly.go.kr/assembly/viewer/minutes/xml.do?id=54560&type=view,official_minutes_54560:7:18,2025-04-24,2025-04-21,농림축산식품해양수산위원회,제22대국회 제424회 (임시회) 제1차 농림축산식품해양수산위원회(예산결산심사소위원회) (2025.04.24.),박범수,0,regional_dev,0.35,1,75
pres_2025,22,official_minutes,https://record.assembly.go.kr/assembly/viewer/minutes/xml.do?id=54560&type=view,official_minutes_54560:9:2,2025-04-24,2025-04-21,농림축산식품해양수산위원회,제22대국회 제424회 (임시회) 제1차 농림축산식품해양수산위원회(예산결산심사소위원회) (2025.04.24.),박범수,0,regional_dev,0.35,1,128
pres_2025,22,official_minutes,https://record.assembly.go.kr/assembly/viewer/minutes/xml.do?id=54560&type=view,official_minutes_54560:41:1,2025-04-24,2025-04-21,농림축산식품해양수산위원회,제22대국회 제424회 (임시회) 제1차 농림축산식품해양수산위원회(예산결산심사소위원회) (2025.04.24.),문대림,6749,candidate_competence,0.35,1,98
pres_2025,22,official_minutes,https://record.assembly.go.kr/assembly/viewer/minutes/xml.do?id=54560&type=view,official_minutes_54560:41:3,2025-04-24,2025-04-21,농림축산식품해양수산위원회,제22대국회 제424회 (임시회) 제1차 농림축산식품해양수산위원회(예산결산심사소위원회) (2025.04.24.),문대림,6749,candidate_competence,0.35,1,159
pres_2025,22,official_minutes,https://record.assembly.go.kr/assembly/viewer/minutes/xml.do?id=54560&type=view,official_minutes_54560:47:1,2025-04-24,2025-04-21,농림축산식품해양수산위원회,제22대국회 제424회 (임시회) 제1차 농림축산식품해양수산위원회(예산결산심사소위원회) (2025.04.24.),문대림,6749,regional_dev,0.35,1,34
pres_2025,22,official_minutes,https://record.assembly.go.kr/assembly/viewer/minutes/xml.do?id=54560&type=view,official_minutes_54560:47:7,2025-04-24,2025-04-21,농림축산식품해양수산위원회,제22대국회 제424회 (임시회) 제1차 농림축산식품해양수산위원회(예산결산심사소위원회) (2025.04.24.),문대림,6749,regional_dev,0.75,1,56
pres_2025,22,official_minutes,https://record.assembly.go.kr/assembly/viewer/minutes/xml.do?id=54560&type=view,official_minutes_54560:50:1,2025-04-24,2025-04-21,농림축산식품해양수산위원회,제22대국회 제424회 (임시회) 제1차 농림축산식품해양수산위원회(예산결산심사소위원회) (2025.04.24.),문금주,6565,economy_growth,0.35,1,77
pres_2025,22,official_minutes,https://record.assembly.go.kr/assembly/viewer/minutes/xml.do?id=54560&type=view,official_minutes_54560:50:2,2025-04-24,2025-04-21,농림축산식품해양수산위원회,제22대국회 제424회 (임시회) 제1차 농림축산식품해양수산위원회(예산결산심사소위원회) (2025.04.24.),문금주,6565,regional_dev,0.35,1,196
pres_2025,22,official_minutes,https://record.assembly.go.kr/assembly/viewer/minutes/xml.do?id=54560&type=view,official_minutes_54560:50:2,2025-04-24,2025-04-21,농림축산식품해양수산위원회,제22대국회 제424회 (임시회) 제1차 농림축산식품해양수산위원회(예산결산심사소위원회) (2025.04.24.),문금주,6565,economy_growth,0.35,1,196
pres_2025,22,official_minutes,https://record.assembly.go.kr/assembly/viewer/minutes/xml.do?id=54560&type=view,official_minutes_54560:53:4,2025-04-24,2025-04-21,농림축산식품해양수산위원회,제22대국회 제424회 (임시회) 제1차 농림축산식품해양수산위원회(예산결산심사소위원회) (2025.04.24.),박범수,0,regional_dev,0.35,1,81
pres_2025,22,official_minutes,https://record.assembly.go.kr/assembly/viewer/minutes/xml.do?id=54560&type=view,official_minutes_54560:54:3,2025-04-24,2025-04-21,농림축산식품해양수산위원회,제22대국회 제424회 (임시회) 제1차 농림축산식품해양수산위원회(예산결산심사소위원회) (2025.04.24.),윤준병,6677,economy_growth,1.0,1,42
pres_2025,22,official_minutes,https://record.assembly.go.kr/assembly/viewer/minutes/xml.do?id=54560&type=view,official_minutes_54560:92:4,2025-04-24,2025-04-21,농림축산식품해양수산위원회,제22대국회 제424회 (임시회) 제1차 농림축산식품해양수산위원회(예산결산심사소위원회) (2025.04.24.),박범수,0,inflation_livelihood,0.35,1,99
pres_2025,22,official_minutes,https://record.assembly.go.kr/assembly/viewer/minutes/xml.do?id=54560&type=view,official_minutes_54560:133:12,2025-04-24,2025-04-21,농림축산식품해양수산위원회,제22대국회 제424회 (임시회) 제1차 농림축산식품해양수산위원회(예산결산심사소위원회) (2025.04.24.),권재한,0,regional_dev,0.35,1,97
pres_2025,22,official_minutes,https://record.assembly.go.kr/assembly/viewer/minutes/xml.do?id=54560&type=view,official_minutes_54560:157:8,2025-04-24,2025-04-21,농림축산식품해양수산위원회,제22대국회 제424회 (임시회) 제1차 농림축산식품해양수산위원회(예산결산심사소위원회) (2025.04.24.),최선영,0,foreign_policy,1.0,1,29
pres_2025,22,official_minutes,https://record.assembly.go.kr/assembly/viewer/minutes/xml.do?id=54560&type=view,official_minutes_54560:157:39,2025-04-24,2025-04-21,농림축산식품해양수산위원회,제22대국회 제424회 (임시회) 제1차 농림축산식품해양수산위원회(예산결산심사소위원회) (2025.04.24.),최선영,0,economy_growth,0.35,1,83
pres_2025,22,official_minutes,https://record.assembly.go.kr/assembly/viewer/minutes/xml.do?id=54560&type=view,official_minutes_54560:157:40,2025-04-24,2025-04-21,농림축산식품해양수산위원회,제22대국회 제424회 (임시회) 제1차 농림축산식품해양수산위원회(예산결산심사소위원회) (2025.04.24.),최선영,0,economy_growth,0.35,1,63
pres_2025,22,official_minutes,https://record.assembly.go.kr/assembly/viewer/minutes/xml.do?id=54560&type=view,official_minutes_54560:159:7,2025-04-24,2025-04-21,농림축산식품해양수산위원회,제22대국회 제424회 (임시회) 제1차 농림축산식품해양수산위원회(예산결산심사소위원회) (2025.04.24.),송명달,0,foreign_policy,1.0,1,105
pres_2025,22,official_minutes,https://record.assembly.go.kr/assembly/viewer/minutes/xml.do?id=54560&type=view,official_minutes_54560:159:20,2025-04-24,2025-04-21,농림축산식품해양수산위원회,제22대국회 제424회 (임시회) 제1차 농림축산식품해양수산위원회(예산결산심사소위원회) (2025.04.24.),송명달,0,economy_growth,0.35,1,48
pres_2025,22,official_minutes,https://record.assembly.go.kr/assembly/viewer/minutes/xml.do?id=54560&type=view,official_minutes_54560:159:21,2025-04-24,2025-04-21,농림축산식품해양수산위원회,제22대국회 제424회 (임시회) 제1차 농림축산식품해양수산위원회(예산결산심사소위원회) (2025.04.24.),송명달,0,economy_growth,0.35,1,218
pres_2025,22,official_minutes,https://record.assembly.go.kr/assembly/viewer/minutes/xml.do?id=54560&type=view,official_minutes_54560:165:5,2025-04-24,2025-04-21,농림축산식품해양수산위원회,제22대국회 제424회 (임시회) 제1차 농림축산식품해양수산위원회(예산결산심사소위원회) (2025.04.24.),이병진,6826,regional_dev,0.35,1,45
pres_2025,22,official_minutes,https://record.assembly.go.kr/assembly/viewer/minutes/xml.do?id=54560&type=view,official_minutes_54560:165:7,2025-04-24,2025-04-21,농림축산식품해양수산위원회,제22대국회 제424회 (임시회) 제1차 농림축산식품해양수산위원회(예산결산심사소위원회) (2025.04.24.),이병진,6826,regional_dev,0.35,1,90
pres_2025,22,official_minutes,https://record.assembly.go.kr/assembly/viewer/minutes/xml.do?id=54560&type=view,official_minutes_54560:165:11,2025-04-24,2025-04-21,농림축산식품해양수산위원회,제22대국회 제424회 (임시회) 제1차 농림축산식품해양수산위원회(예산결산심사소위원회) (2025.04.24.),이병진,6826,regional_dev,0.35,1,83
pres_2025,22,official_minutes,https://record.assembly.go.kr/assembly/viewer/minutes/xml.do?id=54560&type=view,official_minutes_54560:169:19,2025-04-24,2025-04-21,농림축산식품해양수산위원회,제22대국회 제424회 (임시회) 제1차 농림축산식품해양수산위원회(예산결산심사소위원회) (2025.04.24.),이병진,6826,foreign_policy,0.35,1,67
pres_2025,22,official_minutes,https://record.assembly.go.kr/assembly/viewer/minutes/xml.do?id=54560&type=view,official_minutes_54560:171:1,2025-04-24,2025-04-21,농림축산식품해양수산위원회,제22대국회 제424회 (임시회) 제1차 농림축산식품해양수산위원회(예산결산심사소위원회) (2025.04.24.),이병진,6826,security_nk,0.35,1,61
pres_2025,22,official_minutes,https://record.assembly.go.kr/assembly/viewer/minutes/xml.do?id=54560&type=view,official_minutes_54560:171:6,2025-04-24,2025-04-21,농림축산식품해양수산위원회,제22대국회 제424회 (임시회) 제1차 농림축산식품해양수산위원회(예산결산심사소위원회) (2025.04.24.),이병진,6826,security_nk,0.35,1,54
pres_2025,22,official_minutes,https://record.assembly.go.kr/assembly/viewer/minutes/xml.do?id=54560&type=view,official_minutes_54560:171:8,2025-04-24,2025-04-21,농림축산식품해양수산위원회,제22대국회 제424회 (임시회) 제1차 농림축산식품해양수산위원회(예산결산심사소위원회) (2025.04.24.),이병진,6826,economy_growth,0.35,1,16
pres_2025,22,official_minutes,https://record.assembly.go.kr/assembly/viewer/minutes/xml.do?id=54560&type=view,official_minutes_54560:172:1,2025-04-24,2025-04-21,농림축산식품해양수산위원회,제22대국회 제424회 (임시회) 제1차 농림축산식품해양수산위원회(예산결산심사소위원회) (2025.04.24.),송명달,0,economy_growth,0.35,1,9
pres_2025,22,official_minutes,https://record.assembly.go.kr/assembly/viewer/minutes/xml.do?id=54560&type=view,official_minutes_54560:198:5,2025-04-24,2025-04-21,농림축산식품해양수산위원회,제22대국회 제424회 (임시회) 제1차 농림축산식품해양수산위원회(예산결산심사소위원회) (2025.04.24.),임재금,0,external_shock,0.35,1,49
pres_2025,22,official_minutes,https://record.assembly.go.kr/assembly/viewer/minutes/xml.do?id=54560&type=view,official_minutes_54560:198:8,2025-04-24,2025-04-21,농림축산식품해양수산위원회,제22대국회 제424회 (임시회) 제1차 농림축산식품해양수산위원회(예산결산심사소위원회) (2025.04.24.),임재금,0,regional_dev,0.35,1,77
pres_2025,22,official_minutes,https://record.assembly.go.kr/assembly/viewer/minutes/xml.do?id=54560&type=view,official_minutes_54560:198:21,2025-04-24,2025-04-21,농림축산식품해양수산위원회,제22대국회 제424회 (임시회) 제1차 농림축산식품해양수산위원회(예산결산심사소위원회) (2025.04.24.),임재금,0,external_shock,0.35,1,74
pres_2025,22,official_minutes,https://record.assembly.go.kr/assembly/viewer/minutes/xml.do?id=54560&type=view,official_minutes_54560:198:26,2025-04-24,2025-04-21,농림축산식품해양수산위원회,제22대국회 제424회 (임시회) 제1차 농림축산식품해양수산위원회(예산결산심사소위원회) (2025.04.24.),임재금,0,external_shock,0.35,1,67
pres_2025,22,official_minutes,https://record.assembly.go.kr/assembly/viewer/minutes/xml.do?id=54560&type=view,official_minutes_54560:198:27,2025-04-24,2025-04-21,농림축산식품해양수산위원회,제22대국회 제424회 (임시회) 제1차 농림축산식품해양수산위원회(예산결산심사소위원회) (2025.04.24.),임재금,0,external_shock,0.35,1,53
pres_2025,22,official_minutes,https://record.assembly.go.kr/assembly/viewer/minutes/xml.do?id=54560&type=view,official_minutes_54560:198:28,2025-04-24,2025-04-21,농림축산식품해양수산위원회,제22대국회 제424회 (임시회) 제1차 농림축산식품해양수산위원회(예산결산심사소위원회) (2025.04.24.),임재금,0,external_shock,0.35,1,58
pres_2025,22,official_minutes,https://record.assembly.go.kr/assembly/viewer/minutes/xml.do?id=54560&type=view,official_minutes_54560:198:28,2025-04-24,2025-04-21,농림축산식품해양수산위원회,제22대국회 제424회 (임시회) 제1차 농림축산식품해양수산위원회(예산결산심사소위원회) (2025.04.24.),임재금,0,education,0.35,1,58
pres_2025,22,official_minutes,https://record.assembly.go.kr/assembly/viewer/minutes/xml.do?id=54560&type=view,official_minutes_54560:200:17,2025-04-24,2025-04-21,농림축산식품해양수산위원회,제22대국회 제424회 (임시회) 제1차 농림축산식품해양수산위원회(예산결산심사소위원회) (2025.04.24.),임상섭,0,education,0.35,1,50
pres_2025,22,official_minutes,https://record.assembly.go.kr/assembly/viewer/minutes/xml.do?id=54560&type=view,official_minutes_54560:200:17,2025-04-24,2025-04-21,농림축산식품해양수산위원회,제22대국회 제424회 (임시회) 제1차 농림축산식품해양수산위원회(예산결산심사소위원회) (2025.04.24.),임상섭,0,regional_dev,0.35,1,50
pres_2025,22,official_minutes,https://record.assembly.go.kr/assembly/viewer/minutes/xml.do?id=54560&type=view,official_minutes_54560:200:19,2025-04-24,2025-04-21,농림축산식품해양수산위원회,제22대국회 제424회 (임시회) 제1차 농림축산식품해양수산위원회(예산결산심사소위원회) (2025.04.24.),임상섭,0,welfare_pension,0.35,1,143
pres_2025,22,official_minutes,https://record.assembly.go.kr/assembly/viewer/minutes/xml.do?id=54560&type=view,official_minutes_54560:200:21,2025-04-24,2025-04-21,농림축산식품해양수산위원회,제22대국회 제424회 (임시회) 제1차 농림축산식품해양수산위원회(예산결산심사소위원회) (2025.04.24.),임상섭,0,external_shock,0.35,1,38
pres_2025,22,official_minutes,https://record.assembly.go.kr/assembly/viewer/minutes/xml.do?id=54560&type=view,official_minutes_54560:200:43,2025-04-24,2025-04-21,농림축산식품해양수산위원회,제22대국회 제424회 (임시회) 제1차 농림축산식품해양수산위원회(예산결산심사소위원회) (2025.04.24.),임상섭,0,foreign_policy,0.35,1,17
pres_2025,22,official_minutes,https://record.assembly.go.kr/assembly/viewer/minutes/xml.do?id=54560&type=view,official_minutes_54560:200:70,2025-04-24,2025-04-21,농림축산식품해양수산위원회,제22대국회 제424회 (임시회) 제1차 농림축산식품해양수산위원회(예산결산심사소위원회) (2025.04.24.),임상섭,0,external_shock,0.35,1,60
pres_2025,22,official_minutes,https://record.assembly.go.kr/assembly/viewer/minutes/xml.do?id=54560&type=view,official_minutes_54560:202:14,2025-04-24,2025-04-21,농림축산식품해양수산위원회,제22대국회 제424회 (임시회) 제1차 농림축산식품해양수산위원회(예산결산심사소위원회) (2025.04.24.),임상섭,0,regional_dev,0.35,1,46
pres_2025,22,official_minutes,https://record.assembly.go.kr/assembly/viewer/minutes/xml.do?id=54560&type=view,official_minutes_54560:202:17,2025-04-24,2025-04-21,농림축산식품해양수산위원회,제22대국회 제424회 (임시회) 제1차 농림축산식품해양수산위원회(예산결산심사소위원회) (2025.04.24.),임상섭,0,external_shock,0.35,1,84
pres_2025,22,official_minutes,https://record.assembly.go.kr/assembly/viewer/minutes/xml.do?id=54560&type=view,official_minutes_54560:202:17,2025-04-24,2025-04-21,농림축산식품해양수산위원회,제22대국회 제424회 (임시회) 제1차 농림축산식품해양수산위원회(예산결산심사소위원회) (2025.04.24.),임상섭,0,education,0.35,1,84
pres_2025,22,official_minutes,https://record.assembly.go.kr/assembly/viewer/minutes/xml.do?id=54560&type=view,official_minutes_54560:206:1,2025-04-24,2025-04-21,농림축산식품해양수산위원회,제22대국회 제424회 (임시회) 제1차 농림축산식품해양수산위원회(예산결산심사소위원회) (2025.04.24.),임상섭,0,external_shock,0.35,1,162
pres_2025,22,official_minutes,https://record.assembly.go.kr/assembly/viewer/minutes/xml.do?id=54560&type=view,official_minutes_54560:206:1,2025-04-24,2025-04-21,농림축산식품해양수산위원회,제22대국회 제424회 (임시회) 제1차 농림축산식품해양수산위원회(예산결산심사소위원회) (2025.04.24.),임상섭,0,education,0.35,1,162
pres_2025,22,official_minutes,https://record.assembly.go.kr/assembly/viewer/minutes/xml.do?id=54560&type=view,official_minutes_54560:238:1,2025-04-24,2025-04-21,농림축산식품해양수산위원회,제22대국회 제424회 (임시회) 제1차 농림축산식품해양수산위원회(예산결산심사소위원회) (2025.04.24.),서천호,6745,candidate_competence,0.35,1,118
pres_2025,22,official_minutes,https://record.assembly.go.kr/assembly/viewer/minutes/xml.do?id=54560&type=view,official_minutes_54560:333:1,2025-04-24,2025-04-21,농림축산식품해양수산위원회,제22대국회 제424회 (임시회) 제1차 농림축산식품해양수산위원회(예산결산심사소위원회) (2025.04.24.),임상섭,0,external_shock,0.35,1,41
pres_2025,22,official_minutes,https://record.assembly.go.kr/assembly/viewer/minutes/xml.do?id=54560&type=view,official_minutes_54560:343:6,2025-04-24,2025-04-21,농림축산식품해양수산위원회,제22대국회 제424회 (임시회) 제1차 농림축산식품해양수산위원회(예산결산심사소위원회) (2025.04.24.),임재금,0,external_shock,0.35,1,44
pres_2025,22,official_minutes,https://record.assembly.go.kr/assembly/viewer/minutes/xml.do?id=54560&type=view,official_minutes_54560:353:1,2025-04-24,2025-04-21,농림축산식품해양수산위원회,제22대국회 제424회 (임시회) 제1차 농림축산식품해양수산위원회(예산결산심사소위원회) (2025.04.24.),이병진,6826,inflation_livelihood,0.35,1,101
pres_2025,22,official_minutes,https://record.assembly.go.kr/assembly/viewer/minutes/xml.do?id=54560&type=view,official_minutes_54560:353:1,2025-04-24,2025-04-21,농림축산식품해양수산위원회,제22대국회 제424회 (임시회) 제1차 농림축산식품해양수산위원회(예산결산심사소위원회) (2025.04.24.),이병진,6826,external_shock,0.35,1,101
pres_2025,22,official_minutes,https://record.assembly.go.kr/assembly/viewer/minutes/xml.do?id=54560&type=view,official_minutes_54560:370:3,2025-04-24,2025-04-21,농림축산식품해양수산위원회,제22대국회 제424회 (임시회) 제1차 농림축산식품해양수산위원회(예산결산심사소위원회) (2025.04.24.),김용진,0,foreign_policy,0.35,1,59
pres_2025,22,official_minutes,https://record.assembly.go.kr/assembly/viewer/minutes/xml.do?id=54590&type=view,official_minutes_54590:1:2,2025-04-24,2025-04-21,외교통일위원회,제22대국회 제424회 (임시회) 제2차 외교통일위원회 (2025.04.24.),김석기,6594,foreign_policy,0.35,1,45
pres_2025,22,official_minutes,https://record.assembly.go.kr/assembly/viewer/minutes/xml.do?id=54590&type=view,official_minutes_54590:3:4,2025-04-24,2025-04-21,외교통일위원회,제22대국회 제424회 (임시회) 제2차 외교통일위원회 (2025.04.24.),김영배,6600,foreign_policy,0.35,1,49
pres_2025,22,official_minutes,https://record.assembly.go.kr/assembly/viewer/minutes/xml.do?id=54590&type=view,official_minutes_54590:3:5,2025-04-24,2025-04-21,외교통일위원회,제22대국회 제424회 (임시회) 제2차 외교통일위원회 (2025.04.24.),김영배,6600,foreign_policy,0.35,1,74
pres_2025,22,official_minutes,https://record.assembly.go.kr/assembly/viewer/minutes/xml.do?id=54590&type=view,official_minutes_54590:3:6,2025-04-24,2025-04-21,외교통일위원회,제22대국회 제424회 (임시회) 제2차 외교통일위원회 (2025.04.24.),김영배,6600,foreign_policy,0.35,1,122
pres_2025,22,official_minutes,https://record.assembly.go.kr/assembly/viewer/minutes/xml.do?id=54590&type=view,official_minutes_54590:4:6,2025-04-24,2025-04-21,외교통일위원회,제22대국회 제424회 (임시회) 제2차 외교통일위원회 (2025.04.24.),김석기,6594,foreign_policy,0.35,1,58
pres_2025,22,official_minutes,https://record.assembly.go.kr/assembly/viewer/minutes/xml.do?id=54590&type=view,official_minutes_54590:10:6,2025-04-24,2025-04-21,외교통일위원회,제22대국회 제424회 (임시회) 제2차 외교통일위원회 (2025.04.24.),김석기,6594,foreign_policy,0.35,1,34
pres_2025,22,official_minutes,https://record.assembly.go.kr/assembly/viewer/minutes/xml.do?id=54590&type=view,official_minutes_54590:11:1,2025-04-24,2025-04-21,외교통일위원회,제22대국회 제424회 (임시회) 제2차 외교통일위원회 (2025.04.24.),조태열,0,foreign_policy,0.35,1,51
pres_2025,22,official_minutes,https://record.assembly.go.kr/assembly/viewer/minutes/xml.do?id=54590&type=view,official_minutes_54590:11:3,2025-04-24,2025-04-21,외교통일위원회,제22대국회 제424회 (임시회) 제2차 외교통일위원회 (2025.04.24.),조태열,0,foreign_policy,0.35,1,140
pres_2025,22,official_minutes,https://record.assembly.go.kr/assembly/viewer/minutes/xml.do?id=54590&type=view,official_minutes_54590:13:1,2025-04-24,2025-04-21,외교통일위원회,제22대국회 제424회 (임시회) 제2차 외교통일위원회 (2025.04.24.),이상덕,0,foreign_policy,0.35,1,57
pres_2025,22,official_minutes,https://record.assembly.go.kr/assembly/viewer/minutes/xml.do?id=54590&type=view,official_minutes_54590:13:2,2025-04-24,2025-04-21,외교통일위원회,제22대국회 제424회 (임시회) 제2차 외교통일위원회 (2025.04.24.),이상덕,0,external_shock,1.0,1,90
pres_2025,22,official_minutes,https://record.assembly.go.kr/assembly/viewer/minutes/xml.do?id=54590&type=view,official_minutes_54590:13:3,2025-04-24,2025-04-21,외교통일위원회,제22대국회 제424회 (임시회) 제2차 외교통일위원회 (2025.04.24.),이상덕,0,external_shock,1.0,1,84
pres_2025,22,official_minutes,https://record.assembly.go.kr/assembly/viewer/minutes/xml.do?id=54590&type=view,official_minutes_54590:14:4,2025-04-24,2025-04-21,외교통일위원회,제22대국회 제424회 (임시회) 제2차 외교통일위원회 (2025.04.24.),김석기,6594,foreign_policy,0.35,1,87
pres_2025,22,official_minutes,https://record.assembly.go.kr/assembly/viewer/minutes/xml.do?id=54591&type=view,official_minutes_54591:1:2,2025-04-24,2025-04-21,외교통일위원회,제22대국회 제424회 (임시회) 제1차 외교통일위원회(예산·결산·기금심사소위원회) (2025.04.24.),김영배,6600,foreign_policy,0.35,1,60
pres_2025,22,official_minutes,https://record.assembly.go.kr/assembly/viewer/minutes/xml.do?id=54591&type=view,official_minutes_54591:2:2,2025-04-24,2025-04-21,외교통일위원회,제22대국회 제424회 (임시회) 제1차 외교통일위원회(예산·결산·기금심사소위원회) (2025.04.24.),김영배,6600,foreign_policy,0.35,1,30
pres_2025,22,official_minutes,https://record.assembly.go.kr/assembly/viewer/minutes/xml.do?id=54591&type=view,official_minutes_54591:2:3,2025-04-24,2025-04-21,외교통일위원회,제22대국회 제424회 (임시회) 제1차 외교통일위원회(예산·결산·기금심사소위원회) (2025.04.24.),김영배,6600,foreign_policy,0.35,1,36
pres_2025,22,official_minutes,https://record.assembly.go.kr/assembly/viewer/minutes/xml.do?id=54591&type=view,official_minutes_54591:3:1,2025-04-24,2025-04-21,외교통일위원회,제22대국회 제424회 (임시회) 제1차 외교통일위원회(예산·결산·기금심사소위원회) (2025.04.24.),곽현준,0,foreign_policy,0.35,1,16
pres_2025,22,official_minutes,https://record.assembly.go.kr/assembly/viewer/minutes/xml.do?id=54591&type=view,official_minutes_54591:3:4,2025-04-24,2025-04-21,외교통일위원회,제22대국회 제424회 (임시회) 제1차 외교통일위원회(예산·결산·기금심사소위원회) (2025.04.24.),곽현준,0,foreign_policy,0.35,1,111
pres_2025,22,official_minutes,https://record.assembly.go.kr/assembly/viewer/minutes/xml.do?id=54591&type=view,official_minutes_54591:5:2,2025-04-24,2025-04-21,외교통일위원회,제22대국회 제424회 (임시회) 제1차 외교통일위원회(예산·결산·기금심사소위원회) (2025.04.24.),강인선,0,foreign_policy,0.35,1,46
pres_2025,22,official_minutes,https://record.assembly.go.kr/assembly/viewer/minutes/xml.do?id=54591&type=view,official_minutes_54591:5:9,2025-04-24,2025-04-21,외교통일위원회,제22대국회 제424회 (임시회) 제1차 외교통일위원회(예산·결산·기금심사소위원회) (2025.04.24.),강인선,0,foreign_policy,0.35,1,25
pres_2025,22,official_minutes,https://record.assembly.go.kr/assembly/viewer/minutes/xml.do?id=54591&type=view,official_minutes_54591:5:14,2025-04-24,2025-04-21,외교통일위원회,제22대국회 제424회 (임시회) 제1차 외교통일위원회(예산·결산·기금심사소위원회) (2025.04.24.),강인선,0,foreign_policy,0.35,1,41
pres_2025,22,official_minutes,https://record.assembly.go.kr/assembly/viewer/minutes/xml.do?id=54591&type=view,official_minutes_54591:5:15,2025-04-24,2025-04-21,외교통일위원회,제22대국회 제424회 (임시회) 제1차 외교통일위원회(예산·결산·기금심사소위원회) (2025.04.24.),강인선,0,welfare_pension,0.35,1,83
pres_2025,22,official_minutes,https://record.assembly.go.kr/assembly/viewer/minutes/xml.do?id=54591&type=view,official_minutes_54591:5:19,2025-04-24,2025-04-21,외교통일위원회,제22대국회 제424회 (임시회) 제1차 외교통일위원회(예산·결산·기금심사소위원회) (2025.04.24.),강인선,0,foreign_policy,0.35,1,71
pres_2025,22,official_minutes,https://record.assembly.go.kr/assembly/viewer/minutes/xml.do?id=54591&type=view,official_minutes_54591:5:22,2025-04-24,2025-04-21,외교통일위원회,제22대국회 제424회 (임시회) 제1차 외교통일위원회(예산·결산·기금심사소위원회) (2025.04.24.),강인선,0,foreign_policy,0.35,1,26
pres_2025,22,official_minutes,https://record.assembly.go.kr/assembly/viewer/minutes/xml.do?id=54591&type=view,official_minutes_54591:27:1,2025-04-24,2025-04-21,외교통일위원회,제22대국회 제424회 (임시회) 제1차 외교통일위원회(예산·결산·기금심사소위원회) (2025.04.24.),김건,6822,family_legal_risk,0.35,1,55
pres_2025,22,official_minutes,https://record.assembly.go.kr/assembly/viewer/minutes/xml.do?id=54591&type=view,official_minutes_54591:46:3,2025-04-24,2025-04-21,외교통일위원회,제22대국회 제424회 (임시회) 제1차 외교통일위원회(예산·결산·기금심사소위원회) (2025.04.24.),김건,6822,welfare_pension,0.35,1,100
pres_2025,22,official_minutes,https://record.assembly.go.kr/assembly/viewer/minutes/xml.do?id=54591&type=view,official_minutes_54591:46:4,2025-04-24,2025-04-21,외교통일위원회,제22대국회 제424회 (임시회) 제1차 외교통일위원회(예산·결산·기금심사소위원회) (2025.04.24.),김건,6822,family_legal_risk,0.35,1,89
pres_2025,22,official_minutes,https://record.assembly.go.kr/assembly/viewer/minutes/xml.do?id=54591&type=view,official_minutes_54591:46:5,2025-04-24,2025-04-21,외교통일위원회,제22대국회 제424회 (임시회) 제1차 외교통일위원회(예산·결산·기금심사소위원회) (2025.04.24.),김건,6822,family_legal_risk,0.35,1,84
pres_2025,22,official_minutes,https://record.assembly.go.kr/assembly/viewer/minutes/xml.do?id=54591&type=view,official_minutes_54591:48:1,2025-04-24,2025-04-21,외교통일위원회,제22대국회 제424회 (임시회) 제1차 외교통일위원회(예산·결산·기금심사소위원회) (2025.04.24.),김지준,0,family_legal_risk,0.35,1,56
pres_2025,22,official_minutes,https://record.assembly.go.kr/assembly/viewer/minutes/xml.do?id=54591&type=view,official_minutes_54591:48:3,2025-04-24,2025-04-21,외교통일위원회,제22대국회 제424회 (임시회) 제1차 외교통일위원회(예산·결산·기금심사소위원회) (2025.04.24.),김지준,0,welfare_pension,0.35,1,184
pres_2025,22,official_minutes,https://record.assembly.go.kr/assembly/viewer/minutes/xml.do?id=54591&type=view,official_minutes_54591:48:3,2025-04-24,2025-04-21,외교통일위원회,제22대국회 제424회 (임시회) 제1차 외교통일위원회(예산·결산·기금심사소위원회) (2025.04.24.),김지준,0,family_legal_risk,0.35,1,184
pres_2025,22,official_minutes,https://record.assembly.go.kr/assembly/viewer/minutes/xml.do?id=54591&type=view,official_minutes_54591:68:9,2025-04-24,2025-04-21,외교통일위원회,제22대국회 제424회 (임시회) 제1차 외교통일위원회(예산·결산·기금심사소위원회) (2025.04.24.),강인선,0,family_legal_risk,0.35,1,81
pres_2025,22,official_minutes,https://record.assembly.go.kr/assembly/viewer/minutes/xml.do?id=54591&type=view,official_minutes_54591:88:3,2025-04-24,2025-04-21,외교통일위원회,제22대국회 제424회 (임시회) 제1차 외교통일위원회(예산·결산·기금심사소위원회) (2025.04.24.),조정식,6628,foreign_policy,0.35,1,91
pres_2025,22,official_minutes,https://record.assembly.go.kr/assembly/viewer/minutes/xml.do?id=54591&type=view,official_minutes_54591:90:3,2025-04-24,2025-04-21,외교통일위원회,제22대국회 제424회 (임시회) 제1차 외교통일위원회(예산·결산·기금심사소위원회) (2025.04.24.),김영배,6600,foreign_policy,0.35,1,34
pres_2025,22,official_minutes,https://record.assembly.go.kr/assembly/viewer/minutes/xml.do?id=54591&type=view,official_minutes_54591:90:5,2025-04-24,2025-04-21,외교통일위원회,제22대국회 제424회 (임시회) 제1차 외교통일위원회(예산·결산·기금심사소위원회) (2025.04.24.),김영배,6600,foreign_policy,0.35,1,118
pres_2025,22,official_minutes,https://record.assembly.go.kr/assembly/viewer/minutes/xml.do?id=54591&type=view,official_minutes_54591:90:7,2025-04-24,2025-04-21,외교통일위원회,제22대국회 제424회 (임시회) 제1차 외교통일위원회(예산·결산·기금심사소위원회) (2025.04.24.),김영배,6600,foreign_policy,0.35,1,34
pres_2025,22,official_minutes,https://record.assembly.go.kr/assembly/viewer/minutes/xml.do?id=54591&type=view,official_minutes_54591:90:11,2025-04-24,2025-04-21,외교통일위원회,제22대국회 제424회 (임시회) 제1차 외교통일위원회(예산·결산·기금심사소위원회) (2025.04.24.),김영배,6600,foreign_policy,0.35,1,44
pres_2025,22,official_minutes,https://record.assembly.go.kr/assembly/viewer/minutes/xml.do?id=54591&type=view,official_minutes_54591:91:1,2025-04-24,2025-04-21,외교통일위원회,제22대국회 제424회 (임시회) 제1차 외교통일위원회(예산·결산·기금심사소위원회) (2025.04.24.),곽현준,0,external_shock,1.0,1,119
pres_2025,22,official_minutes,https://record.assembly.go.kr/assembly/viewer/minutes/xml.do?id=54591&type=view,official_minutes_54591:93:1,2025-04-24,2025-04-21,외교통일위원회,제22대국회 제424회 (임시회) 제1차 외교통일위원회(예산·결산·기금심사소위원회) (2025.04.24.),변철환,0,external_shock,1.0,1,67
pres_2025,22,official_minutes,https://record.assembly.go.kr/assembly/viewer/minutes/xml.do?id=54591&type=view,official_minutes_54591:96:1,2025-04-24,2025-04-21,외교통일위원회,제22대국회 제424회 (임시회) 제1차 외교통일위원회(예산·결산·기금심사소위원회) (2025.04.24.),김영배,6600,external_shock,1.0,1,36
pres_2025,22,official_minutes,https://record.assembly.go.kr/assembly/viewer/minutes/xml.do?id=54591&type=view,official_minutes_54591:97:3,2025-04-24,2025-04-21,외교통일위원회,제22대국회 제424회 (임시회) 제1차 외교통일위원회(예산·결산·기금심사소위원회) (2025.04.24.),변철환,0,external_shock,1.0,1,51
pres_2025,22,official_minutes,https://record.assembly.go.kr/assembly/viewer/minutes/xml.do?id=54591&type=view,official_minutes_54591:100:1,2025-04-24,2025-04-21,외교통일위원회,제22대국회 제424회 (임시회) 제1차 외교통일위원회(예산·결산·기금심사소위원회) (2025.04.24.),김영배,6600,welfare_pension,0.35,1,36
pres_2025,22,official_minutes,https://record.assembly.go.kr/assembly/viewer/minutes/xml.do?id=54591&type=view,official_minutes_54591:109:1,2025-04-24,2025-04-21,외교통일위원회,제22대국회 제424회 (임시회) 제1차 외교통일위원회(예산·결산·기금심사소위원회) (2025.04.24.),김영배,6600,welfare_pension,0.35,1,52
pres_2025,22,official_minutes,https://record.assembly.go.kr/assembly/viewer/minutes/xml.do?id=54591&type=view,official_minutes_54591:109:2,2025-04-24,2025-04-21,외교통일위원회,제22대국회 제424회 (임시회) 제1차 외교통일위원회(예산·결산·기금심사소위원회) (2025.04.24.),김영배,6600,family_legal_risk,0.35,1,29
pres_2025,22,official_minutes,https://record.assembly.go.kr/assembly/viewer/minutes/xml.do?id=54591&type=view,official_minutes_54591:111:1,2025-04-24,2025-04-21,외교통일위원회,제22대국회 제424회 (임시회) 제1차 외교통일위원회(예산·결산·기금심사소위원회) (2025.04.24.),한정애,6616,external_shock,1.0,1,128
pres_2025,22,official_minutes,https://record.assembly.go.kr/assembly/viewer/minutes/xml.do?id=54591&type=view,official_minutes_54591:111:2,2025-04-24,2025-04-21,외교통일위원회,제22대국회 제424회 (임시회) 제1차 외교통일위원회(예산·결산·기금심사소위원회) (2025.04.24.),한정애,6616,external_shock,0.35,1,116
pres_2025,22,official_minutes,https://record.assembly.go.kr/assembly/viewer/minutes/xml.do?id=54591&type=view,official_minutes_54591:112:3,2025-04-24,2025-04-21,외교통일위원회,제22대국회 제424회 (임시회) 제1차 외교통일위원회(예산·결산·기금심사소위원회) (2025.04.24.),변철환,0,external_shock,1.0,1,102
pres_2025,22,official_minutes,https://record.assembly.go.kr/assembly/viewer/minutes/xml.do?id=54591&type=view,official_minutes_54591:119:1,2025-04-24,2025-04-21,외교통일위원회,제22대국회 제424회 (임시회) 제1차 외교통일위원회(예산·결산·기금심사소위원회) (2025.04.24.),김영배,6600,external_shock,0.35,1,54
pres_2025,22,official_minutes,https://record.assembly.go.kr/assembly/viewer/minutes/xml.do?id=54591&type=view,official_minutes_54591:121:1,2025-04-24,2025-04-21,외교통일위원회,제22대국회 제424회 (임시회) 제1차 외교통일위원회(예산·결산·기금심사소위원회) (2025.04.24.),이재정,6653,external_shock,0.35,1,269
pres_2025,22,official_minutes,https://record.assembly.go.kr/assembly/viewer/minutes/xml.do?id=54591&type=view,official_minutes_54591:122:2,2025-04-24,2025-04-21,외교통일위원회,제22대국회 제424회 (임시회) 제1차 외교통일위원회(예산·결산·기금심사소위원회) (2025.04.24.),김영배,6600,external_shock,0.35,1,105
pres_2025,22,official_minutes,https://record.assembly.go.kr/assembly/viewer/minutes/xml.do?id=54591&type=view,official_minutes_54591:125:2,2025-04-24,2025-04-21,외교통일위원회,제22대국회 제424회 (임시회) 제1차 외교통일위원회(예산·결산·기금심사소위원회) (2025.04.24.),차지호,6851,external_shock,0.35,1,172
pres_2025,22,official_minutes,https://record.assembly.go.kr/assembly/viewer/minutes/xml.do?id=54591&type=view,official_minutes_54591:125:2,2025-04-24,2025-04-21,외교통일위원회,제22대국회 제424회 (임시회) 제1차 외교통일위원회(예산·결산·기금심사소위원회) (2025.04.24.),차지호,6851,family_legal_risk,0.35,1,172
pres_2025,22,official_minutes,https://record.assembly.go.kr/assembly/viewer/minutes/xml.do?id=54591&type=view,official_minutes_54591:125:4,2025-04-24,2025-04-21,외교통일위원회,제22대국회 제424회 (임시회) 제1차 외교통일위원회(예산·결산·기금심사소위원회) (2025.04.24.),차지호,6851,external_shock,0.35,1,59
pres_2025,22,official_minutes,https://record.assembly.go.kr/assembly/viewer/minutes/xml.do?id=54591&type=view,official_minutes_54591:125:7,2025-04-24,2025-04-21,외교통일위원회,제22대국회 제424회 (임시회) 제1차 외교통일위원회(예산·결산·기금심사소위원회) (2025.04.24.),차지호,6851,external_shock,0.35,1,108
pres_2025,22,official_minutes,https://record.assembly.go.kr/assembly/viewer/minutes/xml.do?id=54591&type=view,official_minutes_54591:125:10,2025-04-24,2025-04-21,외교통일위원회,제22대국회 제424회 (임시회) 제1차 외교통일위원회(예산·결산·기금심사소위원회) (2025.04.24.),차지호,6851,external_shock,0.35,1,62
pres_2025,22,official_minutes,https://record.assembly.go.kr/assembly/viewer/minutes/xml.do?id=54591&type=view,official_minutes_54591:125:10,2025-04-24,2025-04-21,외교통일위원회,제22대국회 제424회 (임시회) 제1차 외교통일위원회(예산·결산·기금심사소위원회) (2025.04.24.),차지호,6851,inflation_livelihood,0.35,1,62
pres_2025,22,official_minutes,https://record.assembly.go.kr/assembly/viewer/minutes/xml.do?id=54591&type=view,official_minutes_54591:125:11,2025-04-24,2025-04-21,외교통일위원회,제22대국회 제424회 (임시회) 제1차 외교통일위원회(예산·결산·기금심사소위원회) (2025.04.24.),차지호,6851,external_shock,0.35,1,121
pres_2025,22,official_minutes,https://record.assembly.go.kr/assembly/viewer/minutes/xml.do?id=54591&type=view,official_minutes_54591:125:12,2025-04-24,2025-04-21,외교통일위원회,제22대국회 제424회 (임시회) 제1차 외교통일위원회(예산·결산·기금심사소위원회) (2025.04.24.),차지호,6851,regional_dev,0.35,1,44
pres_2025,22,official_minutes,https://record.assembly.go.kr/assembly/viewer/minutes/xml.do?id=54591&type=view,official_minutes_54591:139:1,2025-04-24,2025-04-21,외교통일위원회,제22대국회 제424회 (임시회) 제1차 외교통일위원회(예산·결산·기금심사소위원회) (2025.04.24.),김건,6822,foreign_policy,0.35,1,54
pres_2025,22,official_minutes,https://record.assembly.go.kr/assembly/viewer/minutes/xml.do?id=54591&type=view,official_minutes_54591:139:2,2025-04-24,2025-04-21,외교통일위원회,제22대국회 제424회 (임시회) 제1차 외교통일위원회(예산·결산·기금심사소위원회) (2025.04.24.),김건,6822,external_shock,1.0,1,53
pres_2025,22,official_minutes,https://record.assembly.go.kr/assembly/viewer/minutes/xml.do?id=54591&type=view,official_minutes_54591:140:6,2025-04-24,2025-04-21,외교통일위원회,제22대국회 제424회 (임시회) 제1차 외교통일위원회(예산·결산·기금심사소위원회) (2025.04.24.),차지호,6851,foreign_policy,0.35,1,45
pres_2025,22,official_minutes,https://record.assembly.go.kr/assembly/viewer/minutes/xml.do?id=54591&type=view,official_minutes_54591:145:6,2025-04-24,2025-04-21,외교통일위원회,제22대국회 제424회 (임시회) 제1차 외교통일위원회(예산·결산·기금심사소위원회) (2025.04.24.),김영배,6600,external_shock,0.35,1,75
pres_2025,22,official_minutes,https://record.assembly.go.kr/assembly/viewer/minutes/xml.do?id=54591&type=view,official_minutes_54591:145:7,2025-04-24,2025-04-21,외교통일위원회,제22대국회 제424회 (임시회) 제1차 외교통일위원회(예산·결산·기금심사소위원회) (2025.04.24.),김영배,6600,foreign_policy,0.35,1,249
pres_2025,22,official_minutes,https://record.assembly.go.kr/assembly/viewer/minutes/xml.do?id=54591&type=view,official_minutes_54591:145:14,2025-04-24,2025-04-21,외교통일위원회,제22대국회 제424회 (임시회) 제1차 외교통일위원회(예산·결산·기금심사소위원회) (2025.04.24.),김영배,6600,foreign_policy,0.35,1,80
pres_2025,22,official_minutes,https://record.assembly.go.kr/assembly/viewer/minutes/xml.do?id=54597&type=view,official_minutes_54597:3:8,2025-04-24,2025-04-21,국토교통위원회,제22대국회 제424회 (임시회) 제1차 국토교통위원회(예산결산기금심사소위원회) (2025.04.24.),박재유,0,regional_dev,1.0,1,24
pres_2025,22,official_minutes,https://record.assembly.go.kr/assembly/viewer/minutes/xml.do?id=54597&type=view,official_minutes_54597:3:9,2025-04-24,2025-04-21,국토교통위원회,제22대국회 제424회 (임시회) 제1차 국토교통위원회(예산결산기금심사소위원회) (2025.04.24.),박재유,0,regional_dev,1.0,1,158
pres_2025,22,official_minutes,https://record.assembly.go.kr/assembly/viewer/minutes/xml.do?id=54597&type=view,official_minutes_54597:3:10,2025-04-24,2025-04-21,국토교통위원회,제22대국회 제424회 (임시회) 제1차 국토교통위원회(예산결산기금심사소위원회) (2025.04.24.),박재유,0,regional_dev,1.0,1,96
pres_2025,22,official_minutes,https://record.assembly.go.kr/assembly/viewer/minutes/xml.do?id=54597&type=view,official_minutes_54597:7:9,2025-04-24,2025-04-21,국토교통위원회,제22대국회 제424회 (임시회) 제1차 국토교통위원회(예산결산기금심사소위원회) (2025.04.24.),진현환,0,regional_dev,1.0,1,23
pres_2025,22,official_minutes,https://record.assembly.go.kr/assembly/viewer/minutes/xml.do?id=54597&type=view,official_minutes_54597:7:10,2025-04-24,2025-04-21,국토교통위원회,제22대국회 제424회 (임시회) 제1차 국토교통위원회(예산결산기금심사소위원회) (2025.04.24.),진현환,0,regional_dev,1.0,1,45
pres_2025,22,official_minutes,https://record.assembly.go.kr/assembly/viewer/minutes/xml.do?id=54597&type=view,official_minutes_54597:7:17,2025-04-24,2025-04-21,국토교통위원회,제22대국회 제424회 (임시회) 제1차 국토교통위원회(예산결산기금심사소위원회) (2025.04.24.),진현환,0,regional_dev,1.0,1,27
pres_2025,22,official_minutes,https://record.assembly.go.kr/assembly/viewer/minutes/xml.do?id=54597&type=view,official_minutes_54597:18:2,2025-04-24,2025-04-21,국토교통위원회,제22대국회 제424회 (임시회) 제1차 국토교통위원회(예산결산기금심사소위원회) (2025.04.24.),이연희,6789,inflation_livelihood,0.35,1,154
pres_2025,22,official_minutes,https://record.assembly.go.kr/assembly/viewer/minutes/xml.do?id=54597&type=view,official_minutes_54597:20:1,2025-04-24,2025-04-21,국토교통위원회,제22대국회 제424회 (임시회) 제1차 국토교통위원회(예산결산기금심사소위원회) (2025.04.24.),이연희,6789,inflation_livelihood,1.0,1,44
pres_2025,22,official_minutes,https://record.assembly.go.kr/assembly/viewer/minutes/xml.do?id=54597&type=view,official_minutes_54597:21:2,2025-04-24,2025-04-21,국토교통위원회,제22대국회 제424회 (임시회) 제1차 국토교통위원회(예산결산기금심사소위원회) (2025.04.24.),이상주,0,inflation_livelihood,0.35,1,13
pres_2025,22,official_minutes,https://record.assembly.go.kr/assembly/viewer/minutes/xml.do?id=54597&type=view,official_minutes_54597:24:1,2025-04-24,2025-04-21,국토교통위원회,제22대국회 제424회 (임시회) 제1차 국토교통위원회(예산결산기금심사소위원회) (2025.04.24.),이연희,6789,inflation_livelihood,0.35,1,23
pres_2025,22,official_minutes,https://record.assembly.go.kr/assembly/viewer/minutes/xml.do?id=54597&type=view,official_minutes_54597:34:3,2025-04-24,2025-04-21,국토교통위원회,제22대국회 제424회 (임시회) 제1차 국토교통위원회(예산결산기금심사소위원회) (2025.04.24.),김도읍,6588,external_shock,0.35,1,35
pres_2025,22,official_minutes,https://record.assembly.go.kr/assembly/viewer/minutes/xml.do?id=54597&type=view,official_minutes_54597:34:4,2025-04-24,2025-04-21,국토교통위원회,제22대국회 제424회 (임시회) 제1차 국토교통위원회(예산결산기금심사소위원회) (2025.04.24.),김도읍,6588,external_shock,0.35,1,50
pres_2025,22,official_minutes,https://record.assembly.go.kr/assembly/viewer/minutes/xml.do?id=54597&type=view,official_minutes_54597:38:1,2025-04-24,2025-04-21,국토교통위원회,제22대국회 제424회 (임시회) 제1차 국토교통위원회(예산결산기금심사소위원회) (2025.04.24.),진현환,0,external_shock,0.35,1,122
pres_2025,22,official_minutes,https://record.assembly.go.kr/assembly/viewer/minutes/xml.do?id=54597&type=view,official_minutes_54597:38:1,2025-04-24,2025-04-21,국토교통위원회,제22대국회 제424회 (임시회) 제1차 국토교통위원회(예산결산기금심사소위원회) (2025.04.24.),진현환,0,regional_dev,0.35,1,122
pres_2025,22,official_minutes,https://record.assembly.go.kr/assembly/viewer/minutes/xml.do?id=54597&type=view,official_minutes_54597:56:1,2025-04-24,2025-04-21,국토교통위원회,제22대국회 제424회 (임시회) 제1차 국토교통위원회(예산결산기금심사소위원회) (2025.04.24.),염태영,6834,regional_dev,0.35,1,289
pres_2025,22,official_minutes,https://record.assembly.go.kr/assembly/viewer/minutes/xml.do?id=54597&type=view,official_minutes_54597:62:3,2025-04-24,2025-04-21,국토교통위원회,제22대국회 제424회 (임시회) 제1차 국토교통위원회(예산결산기금심사소위원회) (2025.04.24.),김도읍,6588,inflation_livelihood,1.0,1,99
pres_2025,22,official_minutes,https://record.assembly.go.kr/assembly/viewer/minutes/xml.do?id=54597&type=view,official_minutes_54597:62:3,2025-04-24,2025-04-21,국토교통위원회,제22대국회 제424회 (임시회) 제1차 국토교통위원회(예산결산기금심사소위원회) (2025.04.24.),김도읍,6588,external_shock,0.35,1,99
pres_2025,22,official_minutes,https://record.assembly.go.kr/assembly/viewer/minutes/xml.do?id=54597&type=view,official_minutes_54597:64:4,2025-04-24,2025-04-21,국토교통위원회,제22대국회 제424회 (임시회) 제1차 국토교통위원회(예산결산기금심사소위원회) (2025.04.24.),박재유,0,housing,1.0,1,142
pres_2025,22,official_minutes,https://record.assembly.go.kr/assembly/viewer/minutes/xml.do?id=54597&type=view,official_minutes_54597:64:5,2025-04-24,2025-04-21,국토교통위원회,제22대국회 제424회 (임시회) 제1차 국토교통위원회(예산결산기금심사소위원회) (2025.04.24.),박재유,0,housing,1.0,1,92
pres_2025,22,official_minutes,https://record.assembly.go.kr/assembly/viewer/minutes/xml.do?id=54597&type=view,official_minutes_54597:66:1,2025-04-24,2025-04-21,국토교통위원회,제22대국회 제424회 (임시회) 제1차 국토교통위원회(예산결산기금심사소위원회) (2025.04.24.),진현환,0,housing,1.0,1,176
pres_2025,22,official_minutes,https://record.assembly.go.kr/assembly/viewer/minutes/xml.do?id=54597&type=view,official_minutes_54597:66:1,2025-04-24,2025-04-21,국토교통위원회,제22대국회 제424회 (임시회) 제1차 국토교통위원회(예산결산기금심사소위원회) (2025.04.24.),진현환,0,regional_dev,0.35,1,176
pres_2025,22,official_minutes,https://record.assembly.go.kr/assembly/viewer/minutes/xml.do?id=54597&type=view,official_minutes_54597:68:3,2025-04-24,2025-04-21,국토교통위원회,제22대국회 제424회 (임시회) 제1차 국토교통위원회(예산결산기금심사소위원회) (2025.04.24.),박재유,0,regional_dev,0.35,1,209
pres_2025,22,official_minutes,https://record.assembly.go.kr/assembly/viewer/minutes/xml.do?id=54597&type=view,official_minutes_54597:70:5,2025-04-24,2025-04-21,국토교통위원회,제22대국회 제424회 (임시회) 제1차 국토교통위원회(예산결산기금심사소위원회) (2025.04.24.),진현환,0,regional_dev,0.35,1,219
pres_2025,22,official_minutes,https://record.assembly.go.kr/assembly/viewer/minutes/xml.do?id=54597&type=view,official_minutes_54597:72:3,2025-04-24,2025-04-21,국토교통위원회,제22대국회 제424회 (임시회) 제1차 국토교통위원회(예산결산기금심사소위원회) (2025.04.24.),김도읍,6588,gender_generation,0.35,1,16
pres_2025,22,official_minutes,https://record.assembly.go.kr/assembly/viewer/minutes/xml.do?id=54597&type=view,official_minutes_54597:85:4,2025-04-24,2025-04-21,국토교통위원회,제22대국회 제424회 (임시회) 제1차 국토교통위원회(예산결산기금심사소위원회) (2025.04.24.),윤종오,6744,inflation_livelihood,1.0,1,78
pres_2025,22,official_minutes,https://record.assembly.go.kr/assembly/viewer/minutes/xml.do?id=54597&type=view,official_minutes_54597:91:2,2025-04-24,2025-04-21,국토교통위원회,제22대국회 제424회 (임시회) 제1차 국토교통위원회(예산결산기금심사소위원회) (2025.04.24.),손명수,6831,housing,1.0,1,19
pres_2025,22,official_minutes,https://record.assembly.go.kr/assembly/viewer/minutes/xml.do?id=54597&type=view,official_minutes_54597:94:2,2025-04-24,2025-04-21,국토교통위원회,제22대국회 제424회 (임시회) 제1차 국토교통위원회(예산결산기금심사소위원회) (2025.04.24.),진현환,0,housing,1.0,1,31
pres_2025,22,official_minutes,https://record.assembly.go.kr/assembly/viewer/minutes/xml.do?id=54597&type=view,official_minutes_54597:122:1,2025-04-24,2025-04-21,국토교통위원회,제22대국회 제424회 (임시회) 제1차 국토교통위원회(예산결산기금심사소위원회) (2025.04.24.),김희정,6729,regional_dev,0.35,1,16
pres_2025,22,official_minutes,https://record.assembly.go.kr/assembly/viewer/minutes/xml.do?id=54597&type=view,official_minutes_54597:127:1,2025-04-24,2025-04-21,국토교통위원회,제22대국회 제424회 (임시회) 제1차 국토교통위원회(예산결산기금심사소위원회) (2025.04.24.),안태준,6842,housing,1.0,1,77
pres_2025,22,official_minutes,https://record.assembly.go.kr/assembly/viewer/minutes/xml.do?id=54597&type=view,official_minutes_54597:128:3,2025-04-24,2025-04-21,국토교통위원회,제22대국회 제424회 (임시회) 제1차 국토교통위원회(예산결산기금심사소위원회) (2025.04.24.),진현환,0,regional_dev,0.35,1,87
pres_2025,22,official_minutes,https://record.assembly.go.kr/assembly/viewer/minutes/xml.do?id=54597&type=view,official_minutes_54597:134:3,2025-04-24,2025-04-21,국토교통위원회,제22대국회 제424회 (임시회) 제1차 국토교통위원회(예산결산기금심사소위원회) (2025.04.24.),김규철,0,regional_dev,0.35,1,36
pres_2025,22,official_minutes,https://record.assembly.go.kr/assembly/viewer/minutes/xml.do?id=54597&type=view,official_minutes_54597:134:6,2025-04-24,2025-04-21,국토교통위원회,제22대국회 제424회 (임시회) 제1차 국토교통위원회(예산결산기금심사소위원회) (2025.04.24.),김규철,0,housing,0.75,1,57
pres_2025,22,official_minutes,https://record.assembly.go.kr/assembly/viewer/minutes/xml.do?id=54597&type=view,official_minutes_54597:134:7,2025-04-24,2025-04-21,국토교통위원회,제22대국회 제424회 (임시회) 제1차 국토교통위원회(예산결산기금심사소위원회) (2025.04.24.),김규철,0,gender_generation,0.35,1,85
pres_2025,22,official_minutes,https://record.assembly.go.kr/assembly/viewer/minutes/xml.do?id=54597&type=view,official_minutes_54597:134:8,2025-04-24,2025-04-21,국토교통위원회,제22대국회 제424회 (임시회) 제1차 국토교통위원회(예산결산기금심사소위원회) (2025.04.24.),김규철,0,housing,1.0,1,61
pres_2025,22,official_minutes,https://record.assembly.go.kr/assembly/viewer/minutes/xml.do?id=54597&type=view,official_minutes_54597:134:10,2025-04-24,2025-04-21,국토교통위원회,제22대국회 제424회 (임시회) 제1차 국토교통위원회(예산결산기금심사소위원회) (2025.04.24.),김규철,0,housing,1.0,1,70
pres_2025,22,official_minutes,https://record.assembly.go.kr/assembly/viewer/minutes/xml.do?id=54597&type=view,official_minutes_54597:134:12,2025-04-24,2025-04-21,국토교통위원회,제22대국회 제424회 (임시회) 제1차 국토교통위원회(예산결산기금심사소위원회) (2025.04.24.),김규철,0,regional_dev,0.35,1,41
pres_2025,22,official_minutes,https://record.assembly.go.kr/assembly/viewer/minutes/xml.do?id=54597&type=view,official_minutes_54597:134:13,2025-04-24,2025-04-21,국토교통위원회,제22대국회 제424회 (임시회) 제1차 국토교통위원회(예산결산기금심사소위원회) (2025.04.24.),김규철,0,external_shock,0.35,1,45
pres_2025,22,official_minutes,https://record.assembly.go.kr/assembly/viewer/minutes/xml.do?id=54597&type=view,official_minutes_54597:134:14,2025-04-24,2025-04-21,국토교통위원회,제22대국회 제424회 (임시회) 제1차 국토교통위원회(예산결산기금심사소위원회) (2025.04.24.),김규철,0,regional_dev,0.35,1,99
pres_2025,22,official_minutes,https://record.assembly.go.kr/assembly/viewer/minutes/xml.do?id=54597&type=view,official_minutes_54597:134:15,2025-04-24,2025-04-21,국토교통위원회,제22대국회 제424회 (임시회) 제1차 국토교통위원회(예산결산기금심사소위원회) (2025.04.24.),김규철,0,regional_dev,0.35,1,135
pres_2025,22,official_minutes,https://record.assembly.go.kr/assembly/viewer/minutes/xml.do?id=54597&type=view,official_minutes_54597:135:2,2025-04-24,2025-04-21,국토교통위원회,제22대국회 제424회 (임시회) 제1차 국토교통위원회(예산결산기금심사소위원회) (2025.04.24.),진현환,0,regional_dev,0.35,1,27
pres_2025,22,official_minutes,https://record.assembly.go.kr/assembly/viewer/minutes/xml.do?id=54597&type=view,official_minutes_54597:146:12,2025-04-24,2025-04-21,국토교통위원회,제22대국회 제424회 (임시회) 제1차 국토교통위원회(예산결산기금심사소위원회) (2025.04.24.),손명수,6831,external_shock,0.35,1,56
pres_2025,22,official_minutes,https://record.assembly.go.kr/assembly/viewer/minutes/xml.do?id=54597&type=view,official_minutes_54597:149:2,2025-04-24,2025-04-21,국토교통위원회,제22대국회 제424회 (임시회) 제1차 국토교통위원회(예산결산기금심사소위원회) (2025.04.24.),진현환,0,regional_dev,0.35,1,22
pres_2025,22,official_minutes,https://record.assembly.go.kr/assembly/viewer/minutes/xml.do?id=54597&type=view,official_minutes_54597:149:3,2025-04-24,2025-04-21,국토교통위원회,제22대국회 제424회 (임시회) 제1차 국토교통위원회(예산결산기금심사소위원회) (2025.04.24.),진현환,0,regional_dev,0.35,1,19
pres_2025,22,official_minutes,https://record.assembly.go.kr/assembly/viewer/minutes/xml.do?id=54597&type=view,official_minutes_54597:151:1,2025-04-24,2025-04-21,국토교통위원회,제22대국회 제424회 (임시회) 제1차 국토교통위원회(예산결산기금심사소위원회) (2025.04.24.),진현환,0,regional_dev,0.35,1,49
pres_2025,22,official_minutes,https://record.assembly.go.kr/assembly/viewer/minutes/xml.do?id=54597&type=view,official_minutes_54597:153:1,2025-04-24,2025-04-21,국토교통위원회,제22대국회 제424회 (임시회) 제1차 국토교통위원회(예산결산기금심사소위원회) (2025.04.24.),진현환,0,regional_dev,0.35,1,118
pres_2025,22,official_minutes,https://record.assembly.go.kr/assembly/viewer/minutes/xml.do?id=54597&type=view,official_minutes_54597:155:1,2025-04-24,2025-04-21,국토교통위원회,제22대국회 제424회 (임시회) 제1차 국토교통위원회(예산결산기금심사소위원회) (2025.04.24.),진현환,0,housing,0.75,1,72
pres_2025,22,official_minutes,https://record.assembly.go.kr/assembly/viewer/minutes/xml.do?id=54597&type=view,official_minutes_54597:155:1,2025-04-24,2025-04-21,국토교통위원회,제22대국회 제424회 (임시회) 제1차 국토교통위원회(예산결산기금심사소위원회) (2025.04.24.),진현환,0,regional_dev,0.35,1,72
pres_2025,22,official_minutes,https://record.assembly.go.kr/assembly/viewer/minutes/xml.do?id=54597&type=view,official_minutes_54597:164:2,2025-04-24,2025-04-21,국토교통위원회,제22대국회 제424회 (임시회) 제1차 국토교통위원회(예산결산기금심사소위원회) (2025.04.24.),염태영,6834,regional_dev,0.35,1,47
pres_2025,22,official_minutes,https://record.assembly.go.kr/assembly/viewer/minutes/xml.do?id=54597&type=view,official_minutes_54597:164:3,2025-04-24,2025-04-21,국토교통위원회,제22대국회 제424회 (임시회) 제1차 국토교통위원회(예산결산기금심사소위원회) (2025.04.24.),염태영,6834,housing,0.75,1,109
pres_2025,22,official_minutes,https://record.assembly.go.kr/assembly/viewer/minutes/xml.do?id=54597&type=view,official_minutes_54597:164:5,2025-04-24,2025-04-21,국토교통위원회,제22대국회 제424회 (임시회) 제1차 국토교통위원회(예산결산기금심사소위원회) (2025.04.24.),염태영,6834,regional_dev,0.35,1,204
pres_2025,22,official_minutes,https://record.assembly.go.kr/assembly/viewer/minutes/xml.do?id=54597&type=view,official_minutes_54597:164:5,2025-04-24,2025-04-21,국토교통위원회,제22대국회 제424회 (임시회) 제1차 국토교통위원회(예산결산기금심사소위원회) (2025.04.24.),염태영,6834,external_shock,0.35,1,204
pres_2025,22,official_minutes,https://record.assembly.go.kr/assembly/viewer/minutes/xml.do?id=54597&type=view,official_minutes_54597:165:1,2025-04-24,2025-04-21,국토교통위원회,제22대국회 제424회 (임시회) 제1차 국토교통위원회(예산결산기금심사소위원회) (2025.04.24.),진현환,0,external_shock,0.35,1,77
pres_2025,22,official_minutes,https://record.assembly.go.kr/assembly/viewer/minutes/xml.do?id=54597&type=view,official_minutes_54597:165:6,2025-04-24,2025-04-21,국토교통위원회,제22대국회 제424회 (임시회) 제1차 국토교통위원회(예산결산기금심사소위원회) (2025.04.24.),진현환,0,gender_generation,0.35,1,42
pres_2025,22,official_minutes,https://record.assembly.go.kr/assembly/viewer/minutes/xml.do?id=54597&type=view,official_minutes_54597:165:6,2025-04-24,2025-04-21,국토교통위원회,제22대국회 제424회 (임시회) 제1차 국토교통위원회(예산결산기금심사소위원회) (2025.04.24.),진현환,0,welfare_pension,0.35,1,42
pres_2025,22,official_minutes,https://record.assembly.go.kr/assembly/viewer/minutes/xml.do?id=54597&type=view,official_minutes_54597:176:1,2025-04-24,2025-04-21,국토교통위원회,제22대국회 제424회 (임시회) 제1차 국토교통위원회(예산결산기금심사소위원회) (2025.04.24.),김도읍,6588,gender_generation,0.35,1,56
pres_2025,22,official_minutes,https://record.assembly.go.kr/assembly/viewer/minutes/xml.do?id=54597&type=view,official_minutes_54597:177:2,2025-04-24,2025-04-21,국토교통위원회,제22대국회 제424회 (임시회) 제1차 국토교통위원회(예산결산기금심사소위원회) (2025.04.24.),진현환,0,housing,1.0,1,96
pres_2025,22,official_minutes,https://record.assembly.go.kr/assembly/viewer/minutes/xml.do?id=54597&type=view,official_minutes_54597:177:2,2025-04-24,2025-04-21,국토교통위원회,제22대국회 제424회 (임시회) 제1차 국토교통위원회(예산결산기금심사소위원회) (2025.04.24.),진현환,0,candidate_competence,0.35,1,96
pres_2025,22,official_minutes,https://record.assembly.go.kr/assembly/viewer/minutes/xml.do?id=54597&type=view,official_minutes_54597:180:2,2025-04-24,2025-04-21,국토교통위원회,제22대국회 제424회 (임시회) 제1차 국토교통위원회(예산결산기금심사소위원회) (2025.04.24.),박재유,0,housing,1.0,1,200
pres_2025,22,official_minutes,https://record.assembly.go.kr/assembly/viewer/minutes/xml.do?id=54597&type=view,official_minutes_54597:185:3,2025-04-24,2025-04-21,국토교통위원회,제22대국회 제424회 (임시회) 제1차 국토교통위원회(예산결산기금심사소위원회) (2025.04.24.),한준호,6615,housing,1.0,1,344
pres_2025,22,official_minutes,https://record.assembly.go.kr/assembly/viewer/minutes/xml.do?id=54597&type=view,official_minutes_54597:185:3,2025-04-24,2025-04-21,국토교통위원회,제22대국회 제424회 (임시회) 제1차 국토교통위원회(예산결산기금심사소위원회) (2025.04.24.),한준호,6615,regional_dev,0.35,1,344
pres_2025,22,official_minutes,https://record.assembly.go.kr/assembly/viewer/minutes/xml.do?id=54597&type=view,official_minutes_54597:200:7,2025-04-24,2025-04-21,국토교통위원회,제22대국회 제424회 (임시회) 제1차 국토교통위원회(예산결산기금심사소위원회) (2025.04.24.),임종수,0,economy_growth,0.35,1,114
pres_2025,22,official_minutes,https://record.assembly.go.kr/assembly/viewer/minutes/xml.do?id=54597&type=view,official_minutes_54597:200:10,2025-04-24,2025-04-21,국토교통위원회,제22대국회 제424회 (임시회) 제1차 국토교통위원회(예산결산기금심사소위원회) (2025.04.24.),임종수,0,inflation_livelihood,0.35,1,14
pres_2025,22,official_minutes,https://record.assembly.go.kr/assembly/viewer/minutes/xml.do?id=54597&type=view,official_minutes_54597:200:10,2025-04-24,2025-04-21,국토교통위원회,제22대국회 제424회 (임시회) 제1차 국토교통위원회(예산결산기금심사소위원회) (2025.04.24.),임종수,0,security_nk,0.35,1,14
pres_2025,22,official_minutes,https://record.assembly.go.kr/assembly/viewer/minutes/xml.do?id=54597&type=view,official_minutes_54597:212:1,2025-04-24,2025-04-21,국토교통위원회,제22대국회 제424회 (임시회) 제1차 국토교통위원회(예산결산기금심사소위원회) (2025.04.24.),정준호,6839,family_legal_risk,0.35,1,60
pres_2025,22,official_minutes,https://record.assembly.go.kr/assembly/viewer/minutes/xml.do?id=54597&type=view,official_minutes_54597:213:1,2025-04-24,2025-04-21,국토교통위원회,제22대국회 제424회 (임시회) 제1차 국토교통위원회(예산결산기금심사소위원회) (2025.04.24.),백원국,0,family_legal_risk,0.35,1,66
pres_2025,22,official_minutes,https://record.assembly.go.kr/assembly/viewer/minutes/xml.do?id=54597&type=view,official_minutes_54597:225:4,2025-04-24,2025-04-21,국토교통위원회,제22대국회 제424회 (임시회) 제1차 국토교통위원회(예산결산기금심사소위원회) (2025.04.24.),김도읍,6588,inflation_livelihood,1.0,1,93
pres_2025,22,official_minutes,https://record.assembly.go.kr/assembly/viewer/minutes/xml.do?id=54597&type=view,official_minutes_54597:225:4,2025-04-24,2025-04-21,국토교통위원회,제22대국회 제424회 (임시회) 제1차 국토교통위원회(예산결산기금심사소위원회) (2025.04.24.),김도읍,6588,external_shock,0.35,1,93
pres_2025,22,official_minutes,https://record.assembly.go.kr/assembly/viewer/minutes/xml.do?id=54597&type=view,official_minutes_54597:231:3,2025-04-24,2025-04-21,국토교통위원회,제22대국회 제424회 (임시회) 제1차 국토교통위원회(예산결산기금심사소위원회) (2025.04.24.),이연희,6789,regional_dev,0.35,1,128
pres_2025,22,official_minutes,https://record.assembly.go.kr/assembly/viewer/minutes/xml.do?id=54597&type=view,official_minutes_54597:231:4,2025-04-24,2025-04-21,국토교통위원회,제22대국회 제424회 (임시회) 제1차 국토교통위원회(예산결산기금심사소위원회) (2025.04.24.),이연희,6789,regional_dev,0.35,1,139
pres_2025,22,official_minutes,https://record.assembly.go.kr/assembly/viewer/minutes/xml.do?id=54597&type=view,official_minutes_54597:233:2,2025-04-24,2025-04-21,국토교통위원회,제22대국회 제424회 (임시회) 제1차 국토교통위원회(예산결산기금심사소위원회) (2025.04.24.),염태영,6834,economy_growth,0.35,1,102
pres_2025,22,official_minutes,https://record.assembly.go.kr/assembly/viewer/minutes/xml.do?id=54597&type=view,official_minutes_54597:233:2,2025-04-24,2025-04-21,국토교통위원회,제22대국회 제424회 (임시회) 제1차 국토교통위원회(예산결산기금심사소위원회) (2025.04.24.),염태영,6834,regional_dev,0.35,1,102
pres_2025,22,official_minutes,https://record.assembly.go.kr/assembly/viewer/minutes/xml.do?id=54597&type=view,official_minutes_54597:233:5,2025-04-24,2025-04-21,국토교통위원회,제22대국회 제424회 (임시회) 제1차 국토교통위원회(예산결산기금심사소위원회) (2025.04.24.),염태영,6834,economy_growth,0.75,1,224
pres_2025,22,official_minutes,https://record.assembly.go.kr/assembly/viewer/minutes/xml.do?id=54597&type=view,official_minutes_54597:239:2,2025-04-24,2025-04-21,국토교통위원회,제22대국회 제424회 (임시회) 제1차 국토교통위원회(예산결산기금심사소위원회) (2025.04.24.),손명수,6831,regional_dev,0.35,1,16
pres_2025,22,official_minutes,https://record.assembly.go.kr/assembly/viewer/minutes/xml.do?id=54597&type=view,official_minutes_54597:243:4,2025-04-24,2025-04-21,국토교통위원회,제22대국회 제424회 (임시회) 제1차 국토교통위원회(예산결산기금심사소위원회) (2025.04.24.),김도읍,6588,regional_dev,0.35,1,34
pres_2025,22,official_minutes,https://record.assembly.go.kr/assembly/viewer/minutes/xml.do?id=54597&type=view,official_minutes_54597:248:2,2025-04-24,2025-04-21,국토교통위원회,제22대국회 제424회 (임시회) 제1차 국토교통위원회(예산결산기금심사소위원회) (2025.04.24.),정점식,6635,regional_dev,0.35,1,71
pres_2025,22,official_minutes,https://record.assembly.go.kr/assembly/viewer/minutes/xml.do?id=54597&type=view,official_minutes_54597:251:3,2025-04-24,2025-04-21,국토교통위원회,제22대국회 제424회 (임시회) 제1차 국토교통위원회(예산결산기금심사소위원회) (2025.04.24.),서범수,6708,inflation_livelihood,0.35,1,84
pres_2025,22,official_minutes,https://record.assembly.go.kr/assembly/viewer/minutes/xml.do?id=54597&type=view,official_minutes_54597:251:3,2025-04-24,2025-04-21,국토교통위원회,제22대국회 제424회 (임시회) 제1차 국토교통위원회(예산결산기금심사소위원회) (2025.04.24.),서범수,6708,regional_dev,0.35,1,84
pres_2025,22,official_minutes,https://record.assembly.go.kr/assembly/viewer/minutes/xml.do?id=54597&type=view,official_minutes_54597:269:2,2025-04-24,2025-04-21,국토교통위원회,제22대국회 제424회 (임시회) 제1차 국토교통위원회(예산결산기금심사소위원회) (2025.04.24.),이연희,6789,regional_dev,0.35,1,90
pres_2025,22,official_minutes,https://record.assembly.go.kr/assembly/viewer/minutes/xml.do?id=54597&type=view,official_minutes_54597:269:5,2025-04-24,2025-04-21,국토교통위원회,제22대국회 제424회 (임시회) 제1차 국토교통위원회(예산결산기금심사소위원회) (2025.04.24.),이연희,6789,regional_dev,0.35,1,105
pres_2025,22,official_minutes,https://record.assembly.go.kr/assembly/viewer/minutes/xml.do?id=54597&type=view,official_minutes_54597:291:3,2025-04-24,2025-04-21,국토교통위원회,제22대국회 제424회 (임시회) 제1차 국토교통위원회(예산결산기금심사소위원회) (2025.04.24.),임종수,0,external_shock,0.35,1,99
pres_2025,22,official_minutes,https://record.assembly.go.kr/assembly/viewer/minutes/xml.do?id=54597&type=view,official_minutes_54597:291:3,2025-04-24,2025-04-21,국토교통위원회,제22대국회 제424회 (임시회) 제1차 국토교통위원회(예산결산기금심사소위원회) (2025.04.24.),임종수,0,inflation_livelihood,0.35,1,99
pres_2025,22,official_minutes,https://record.assembly.go.kr/assembly/viewer/minutes/xml.do?id=54597&type=view,official_minutes_54597:291:6,2025-04-24,2025-04-21,국토교통위원회,제22대국회 제424회 (임시회) 제1차 국토교통위원회(예산결산기금심사소위원회) (2025.04.24.),임종수,0,inflation_livelihood,0.35,1,69
pres_2025,22,official_minutes,https://record.assembly.go.kr/assembly/viewer/minutes/xml.do?id=54597&type=view,official_minutes_54597:310:4,2025-04-24,2025-04-21,국토교통위원회,제22대국회 제424회 (임시회) 제1차 국토교통위원회(예산결산기금심사소위원회) (2025.04.24.),백원국,0,family_legal_risk,0.35,1,45
pres_2025,22,official_minutes,https://record.assembly.go.kr/assembly/viewer/minutes/xml.do?id=54597&type=view,official_minutes_54597:310:13,2025-04-24,2025-04-21,국토교통위원회,제22대국회 제424회 (임시회) 제1차 국토교통위원회(예산결산기금심사소위원회) (2025.04.24.),백원국,0,external_shock,0.35,1,53
pres_2025,22,official_minutes,https://record.assembly.go.kr/assembly/viewer/minutes/xml.do?id=54597&type=view,official_minutes_54597:310:24,2025-04-24,2025-04-21,국토교통위원회,제22대국회 제424회 (임시회) 제1차 국토교통위원회(예산결산기금심사소위원회) (2025.04.24.),백원국,0,external_shock,0.35,1,40
pres_2025,22,official_minutes,https://record.assembly.go.kr/assembly/viewer/minutes/xml.do?id=54597&type=view,official_minutes_54597:310:25,2025-04-24,2025-04-21,국토교통위원회,제22대국회 제424회 (임시회) 제1차 국토교통위원회(예산결산기금심사소위원회) (2025.04.24.),백원국,0,external_shock,0.35,1,71
pres_2025,22,official_minutes,https://record.assembly.go.kr/assembly/viewer/minutes/xml.do?id=54597&type=view,official_minutes_54597:314:3,2025-04-24,2025-04-21,국토교통위원회,제22대국회 제424회 (임시회) 제1차 국토교통위원회(예산결산기금심사소위원회) (2025.04.24.),김희정,6729,external_shock,0.35,1,64
pres_2025,22,official_minutes,https://record.assembly.go.kr/assembly/viewer/minutes/xml.do?id=54597&type=view,official_minutes_54597:314:3,2025-04-24,2025-04-21,국토교통위원회,제22대국회 제424회 (임시회) 제1차 국토교통위원회(예산결산기금심사소위원회) (2025.04.24.),김희정,6729,corruption_integrity,0.35,1,64
pres_2025,22,official_minutes,https://record.assembly.go.kr/assembly/viewer/minutes/xml.do?id=54597&type=view,official_minutes_54597:314:4,2025-04-24,2025-04-21,국토교통위원회,제22대국회 제424회 (임시회) 제1차 국토교통위원회(예산결산기금심사소위원회) (2025.04.24.),김희정,6729,external_shock,0.35,1,149
pres_2025,22,official_minutes,https://record.assembly.go.kr/assembly/viewer/minutes/xml.do?id=54597&type=view,official_minutes_54597:333:2,2025-04-24,2025-04-21,국토교통위원회,제22대국회 제424회 (임시회) 제1차 국토교통위원회(예산결산기금심사소위원회) (2025.04.24.),백원국,0,security_nk,0.35,1,36
pres_2025,22,official_minutes,https://record.assembly.go.kr/assembly/viewer/minutes/xml.do?id=54597&type=view,official_minutes_54597:337:2,2025-04-24,2025-04-21,국토교통위원회,제22대국회 제424회 (임시회) 제1차 국토교통위원회(예산결산기금심사소위원회) (2025.04.24.),허나윤,0,regional_dev,0.35,1,106
pres_2025,22,official_minutes,https://record.assembly.go.kr/assembly/viewer/minutes/xml.do?id=54597&type=view,official_minutes_54597:339:1,2025-04-24,2025-04-21,국토교통위원회,제22대국회 제424회 (임시회) 제1차 국토교통위원회(예산결산기금심사소위원회) (2025.04.24.),허나윤,0,regional_dev,0.35,1,164
pres_2025,22,official_minutes,https://record.assembly.go.kr/assembly/viewer/minutes/xml.do?id=54597&type=view,official_minutes_54597:339:2,2025-04-24,2025-04-21,국토교통위원회,제22대국회 제424회 (임시회) 제1차 국토교통위원회(예산결산기금심사소위원회) (2025.04.24.),허나윤,0,external_shock,0.35,1,131
pres_2025,22,official_minutes,https://record.assembly.go.kr/assembly/viewer/minutes/xml.do?id=54597&type=view,official_minutes_54597:341:1,2025-04-24,2025-04-21,국토교통위원회,제22대국회 제424회 (임시회) 제1차 국토교통위원회(예산결산기금심사소위원회) (2025.04.24.),허나윤,0,economy_growth,0.35,1,86
pres_2025,22,official_minutes,https://record.assembly.go.kr/assembly/viewer/minutes/xml.do?id=54597&type=view,official_minutes_54597:341:2,2025-04-24,2025-04-21,국토교통위원회,제22대국회 제424회 (임시회) 제1차 국토교통위원회(예산결산기금심사소위원회) (2025.04.24.),허나윤,0,regional_dev,0.35,1,126
pres_2025,22,official_minutes,https://record.assembly.go.kr/assembly/viewer/minutes/xml.do?id=54597&type=view,official_minutes_54597:364:2,2025-04-24,2025-04-21,국토교통위원회,제22대국회 제424회 (임시회) 제1차 국토교통위원회(예산결산기금심사소위원회) (2025.04.24.),김희정,6729,external_shock,0.35,1,138
pres_2025,22,official_minutes,https://record.assembly.go.kr/assembly/viewer/minutes/xml.do?id=54597&type=view,official_minutes_54597:367:1,2025-04-24,2025-04-21,국토교통위원회,제22대국회 제424회 (임시회) 제1차 국토교통위원회(예산결산기금심사소위원회) (2025.04.24.),김희정,6729,external_shock,0.35,1,69
pres_2025,22,official_minutes,https://record.assembly.go.kr/assembly/viewer/minutes/xml.do?id=54597&type=view,official_minutes_54597:371:2,2025-04-24,2025-04-21,국토교통위원회,제22대국회 제424회 (임시회) 제1차 국토교통위원회(예산결산기금심사소위원회) (2025.04.24.),김도읍,6588,external_shock,0.35,1,188
pres_2025,22,official_minutes,https://record.assembly.go.kr/assembly/viewer/minutes/xml.do?id=54597&type=view,official_minutes_54597:381:1,2025-04-24,2025-04-21,국토교통위원회,제22대국회 제424회 (임시회) 제1차 국토교통위원회(예산결산기금심사소위원회) (2025.04.24.),염태영,6834,endorsement_event,0.35,1,17
pres_2025,22,official_minutes,https://record.assembly.go.kr/assembly/viewer/minutes/xml.do?id=54597&type=view,official_minutes_54597:408:1,2025-04-24,2025-04-21,국토교통위원회,제22대국회 제424회 (임시회) 제1차 국토교통위원회(예산결산기금심사소위원회) (2025.04.24.),이연희,6789,regional_dev,0.35,1,160
pres_2025,22,official_minutes,https://record.assembly.go.kr/assembly/viewer/minutes/xml.do?id=54597&type=view,official_minutes_54597:411:2,2025-04-24,2025-04-21,국토교통위원회,제22대국회 제424회 (임시회) 제1차 국토교통위원회(예산결산기금심사소위원회) (2025.04.24.),이연희,6789,regional_dev,0.35,1,273
pres_2025,22,official_minutes,https://record.assembly.go.kr/assembly/viewer/minutes/xml.do?id=54597&type=view,official_minutes_54597:415:4,2025-04-24,2025-04-21,국토교통위원회,제22대국회 제424회 (임시회) 제1차 국토교통위원회(예산결산기금심사소위원회) (2025.04.24.),박재유,0,housing,1.0,1,64
pres_2025,22,official_minutes,https://record.assembly.go.kr/assembly/viewer/minutes/xml.do?id=54597&type=view,official_minutes_54597:436:4,2025-04-24,2025-04-21,국토교통위원회,제22대국회 제424회 (임시회) 제1차 국토교통위원회(예산결산기금심사소위원회) (2025.04.24.),염태영,6834,regional_dev,0.35,1,38
pres_2025,22,official_minutes,https://record.assembly.go.kr/assembly/viewer/minutes/xml.do?id=54597&type=view,official_minutes_54597:439:2,2025-04-24,2025-04-21,국토교통위원회,제22대국회 제424회 (임시회) 제1차 국토교통위원회(예산결산기금심사소위원회) (2025.04.24.),한준호,6615,inflation_livelihood,0.35,1,48
pres_2025,22,official_minutes,https://record.assembly.go.kr/assembly/viewer/minutes/xml.do?id=54597&type=view,official_minutes_54597:471:3,2025-04-24,2025-04-21,국토교통위원회,제22대국회 제424회 (임시회) 제1차 국토교통위원회(예산결산기금심사소위원회) (2025.04.24.),김도읍,6588,endorsement_event,0.35,1,34
pres_2025,22,official_minutes,https://record.assembly.go.kr/assembly/viewer/minutes/xml.do?id=54597&type=view,official_minutes_54597:478:7,2025-04-24,2025-04-21,국토교통위원회,제22대국회 제424회 (임시회) 제1차 국토교통위원회(예산결산기금심사소위원회) (2025.04.24.),염태영,6834,gender_generation,0.35,1,58
pres_2025,22,official_minutes,https://record.assembly.go.kr/assembly/viewer/minutes/xml.do?id=54597&type=view,official_minutes_54597:491:1,2025-04-24,2025-04-21,국토교통위원회,제22대국회 제424회 (임시회) 제1차 국토교통위원회(예산결산기금심사소위원회) (2025.04.24.),한준호,6615,inflation_livelihood,0.35,1,58
pres_2025,22,official_minutes,https://record.assembly.go.kr/assembly/viewer/minutes/xml.do?id=54597&type=view,official_minutes_54597:494:1,2025-04-24,2025-04-21,국토교통위원회,제22대국회 제424회 (임시회) 제1차 국토교통위원회(예산결산기금심사소위원회) (2025.04.24.),한준호,6615,regional_dev,0.35,1,85
pres_2025,22,official_minutes,https://record.assembly.go.kr/assembly/viewer/minutes/xml.do?id=54597&type=view,official_minutes_54597:496:3,2025-04-24,2025-04-21,국토교통위원회,제22대국회 제424회 (임시회) 제1차 국토교통위원회(예산결산기금심사소위원회) (2025.04.24.),김희정,6729,regional_dev,0.35,1,90
pres_2025,22,official_minutes,https://record.assembly.go.kr/assembly/viewer/minutes/xml.do?id=54597&type=view,official_minutes_54597:499:1,2025-04-24,2025-04-21,국토교통위원회,제22대국회 제424회 (임시회) 제1차 국토교통위원회(예산결산기금심사소위원회) (2025.04.24.),염태영,6834,inflation_livelihood,0.35,1,37
pres_2025,22,official_minutes,https://record.assembly.go.kr/assembly/viewer/minutes/xml.do?id=54597&type=view,official_minutes_54597:500:1,2025-04-24,2025-04-21,국토교통위원회,제22대국회 제424회 (임시회) 제1차 국토교통위원회(예산결산기금심사소위원회) (2025.04.24.),김희정,6729,external_shock,0.35,1,38
pres_2025,22,official_minutes,https://record.assembly.go.kr/assembly/viewer/minutes/xml.do?id=54597&type=view,official_minutes_54597:500:1,2025-04-24,2025-04-21,국토교통위원회,제22대국회 제424회 (임시회) 제1차 국토교통위원회(예산결산기금심사소위원회) (2025.04.24.),김희정,6729,inflation_livelihood,0.35,1,38
pres_2025,22,official_minutes,https://record.assembly.go.kr/assembly/viewer/minutes/xml.do?id=54597&type=view,official_minutes_54597:516:2,2025-04-24,2025-04-21,국토교통위원회,제22대국회 제424회 (임시회) 제1차 국토교통위원회(예산결산기금심사소위원회) (2025.04.24.),김규철,0,housing,1.0,1,125
pres_2025,22,official_minutes,https://record.assembly.go.kr/assembly/viewer/minutes/xml.do?id=54597&type=view,official_minutes_54597:516:3,2025-04-24,2025-04-21,국토교통위원회,제22대국회 제424회 (임시회) 제1차 국토교통위원회(예산결산기금심사소위원회) (2025.04.24.),김규철,0,regional_dev,0.35,1,88
pres_2025,22,official_minutes,https://record.assembly.go.kr/assembly/viewer/minutes/xml.do?id=54597&type=view,official_minutes_54597:516:4,2025-04-24,2025-04-21,국토교통위원회,제22대국회 제424회 (임시회) 제1차 국토교통위원회(예산결산기금심사소위원회) (2025.04.24.),김규철,0,housing,1.0,1,172
pres_2025,22,official_minutes,https://record.assembly.go.kr/assembly/viewer/minutes/xml.do?id=54597&type=view,official_minutes_54597:516:4,2025-04-24,2025-04-21,국토교통위원회,제22대국회 제424회 (임시회) 제1차 국토교통위원회(예산결산기금심사소위원회) (2025.04.24.),김규철,0,regional_dev,0.35,1,172
pres_2025,22,official_minutes,https://record.assembly.go.kr/assembly/viewer/minutes/xml.do?id=54597&type=view,official_minutes_54597:518:13,2025-04-24,2025-04-21,국토교통위원회,제22대국회 제424회 (임시회) 제1차 국토교통위원회(예산결산기금심사소위원회) (2025.04.24.),손명수,6831,external_shock,0.35,1,24
pres_2025,22,official_minutes,https://record.assembly.go.kr/assembly/viewer/minutes/xml.do?id=54597&type=view,official_minutes_54597:538:2,2025-04-24,2025-04-21,국토교통위원회,제22대국회 제424회 (임시회) 제1차 국토교통위원회(예산결산기금심사소위원회) (2025.04.24.),김도읍,6588,external_shock,0.35,1,82
pres_2025,22,official_minutes,https://record.assembly.go.kr/assembly/viewer/minutes/xml.do?id=54631&type=view,official_minutes_54631:18:2,2025-05-01,2025-04-28,법제사법위원회,제22대국회 제424회 (임시회) 제4차 법제사법위원회 (2025.05.01.),정청래,6634,economy_growth,0.35,1,221
pres_2025,22,official_minutes,https://record.assembly.go.kr/assembly/viewer/minutes/xml.do?id=54631&type=view,official_minutes_54631:19:3,2025-05-01,2025-04-28,법제사법위원회,제22대국회 제424회 (임시회) 제4차 법제사법위원회 (2025.05.01.),박은정,6779,corruption_integrity,0.35,1,134
pres_2025,22,official_minutes,https://record.assembly.go.kr/assembly/viewer/minutes/xml.do?id=54631&type=view,official_minutes_54631:52:36,2025-05-01,2025-04-28,법제사법위원회,제22대국회 제424회 (임시회) 제4차 법제사법위원회 (2025.05.01.),서영교,6711,corruption_integrity,0.35,1,21
pres_2025,22,official_minutes,https://record.assembly.go.kr/assembly/viewer/minutes/xml.do?id=54631&type=view,official_minutes_54631:74:1,2025-05-01,2025-04-28,법제사법위원회,제22대국회 제424회 (임시회) 제4차 법제사법위원회 (2025.05.01.),김용민,6603,withdrawal_event,0.35,1,15
pres_2025,22,official_minutes,https://record.assembly.go.kr/assembly/viewer/minutes/xml.do?id=54631&type=view,official_minutes_54631:75:1,2025-05-01,2025-04-28,법제사법위원회,제22대국회 제424회 (임시회) 제4차 법제사법위원회 (2025.05.01.),장경태,6643,candidate_competence,1.0,1,23
pres_2025,22,official_minutes,https://record.assembly.go.kr/assembly/viewer/minutes/xml.do?id=54631&type=view,official_minutes_54631:78:11,2025-05-01,2025-04-28,법제사법위원회,제22대국회 제424회 (임시회) 제4차 법제사법위원회 (2025.05.01.),정청래,6634,candidate_competence,1.0,1,92
pres_2025,22,official_minutes,https://record.assembly.go.kr/assembly/viewer/minutes/xml.do?id=54631&type=view,official_minutes_54631:78:18,2025-05-01,2025-04-28,법제사법위원회,제22대국회 제424회 (임시회) 제4차 법제사법위원회 (2025.05.01.),정청래,6634,candidate_competence,0.75,1,157
pres_2025,22,official_minutes,https://record.assembly.go.kr/assembly/viewer/minutes/xml.do?id=54672&type=view,official_minutes_54672:4:5,2025-05-08,2025-05-05,과학기술정보방송통신위원회,제22대국회 제425회 (임시회) 제1차 과학기술정보방송통신위원회(과학기술원자력법안심사소위원회) (2025.05.08.),유경만,0,economy_growth,0.35,1,46
pres_2025,22,official_minutes,https://record.assembly.go.kr/assembly/viewer/minutes/xml.do?id=54672&type=view,official_minutes_54672:4:6,2025-05-08,2025-05-05,과학기술정보방송통신위원회,제22대국회 제425회 (임시회) 제1차 과학기술정보방송통신위원회(과학기술원자력법안심사소위원회) (2025.05.08.),유경만,0,regional_dev,0.35,1,55
pres_2025,22,official_minutes,https://record.assembly.go.kr/assembly/viewer/minutes/xml.do?id=54672&type=view,official_minutes_54672:4:8,2025-05-08,2025-05-05,과학기술정보방송통신위원회,제22대국회 제425회 (임시회) 제1차 과학기술정보방송통신위원회(과학기술원자력법안심사소위원회) (2025.05.08.),유경만,0,economy_growth,0.35,1,45
pres_2025,22,official_minutes,https://record.assembly.go.kr/assembly/viewer/minutes/xml.do?id=54672&type=view,official_minutes_54672:6:10,2025-05-08,2025-05-05,과학기술정보방송통신위원회,제22대국회 제425회 (임시회) 제1차 과학기술정보방송통신위원회(과학기술원자력법안심사소위원회) (2025.05.08.),이주한,0,economy_growth,0.35,1,87
pres_2025,22,official_minutes,https://record.assembly.go.kr/assembly/viewer/minutes/xml.do?id=54672&type=view,official_minutes_54672:6:28,2025-05-08,2025-05-05,과학기술정보방송통신위원회,제22대국회 제425회 (임시회) 제1차 과학기술정보방송통신위원회(과학기술원자력법안심사소위원회) (2025.05.08.),이주한,0,economy_growth,0.35,1,94
pres_2025,22,official_minutes,https://record.assembly.go.kr/assembly/viewer/minutes/xml.do?id=54672&type=view,official_minutes_54672:6:34,2025-05-08,2025-05-05,과학기술정보방송통신위원회,제22대국회 제425회 (임시회) 제1차 과학기술정보방송통신위원회(과학기술원자력법안심사소위원회) (2025.05.08.),이주한,0,corruption_integrity,0.35,1,118
pres_2025,22,official_minutes,https://record.assembly.go.kr/assembly/viewer/minutes/xml.do?id=54672&type=view,official_minutes_54672:8:13,2025-05-08,2025-05-05,과학기술정보방송통신위원회,제22대국회 제425회 (임시회) 제1차 과학기술정보방송통신위원회(과학기술원자력법안심사소위원회) (2025.05.08.),권영관,0,regional_dev,0.35,1,139
pres_2025,22,official_minutes,https://record.assembly.go.kr/assembly/viewer/minutes/xml.do?id=54672&type=view,official_minutes_54672:8:37,2025-05-08,2025-05-05,과학기술정보방송통신위원회,제22대국회 제425회 (임시회) 제1차 과학기술정보방송통신위원회(과학기술원자력법안심사소위원회) (2025.05.08.),권영관,0,economy_growth,0.35,1,93
pres_2025,22,official_minutes,https://record.assembly.go.kr/assembly/viewer/minutes/xml.do?id=54672&type=view,official_minutes_54672:10:15,2025-05-08,2025-05-05,과학기술정보방송통신위원회,제22대국회 제425회 (임시회) 제1차 과학기술정보방송통신위원회(과학기술원자력법안심사소위원회) (2025.05.08.),문성모,0,economy_growth,0.35,1,91
pres_2025,22,official_minutes,https://record.assembly.go.kr/assembly/viewer/minutes/xml.do?id=54672&type=view,official_minutes_54672:10:36,2025-05-08,2025-05-05,과학기술정보방송통신위원회,제22대국회 제425회 (임시회) 제1차 과학기술정보방송통신위원회(과학기술원자력법안심사소위원회) (2025.05.08.),문성모,0,economy_growth,0.35,1,44
pres_2025,22,official_minutes,https://record.assembly.go.kr/assembly/viewer/minutes/xml.do?id=54672&type=view,official_minutes_54672:10:39,2025-05-08,2025-05-05,과학기술정보방송통신위원회,제22대국회 제425회 (임시회) 제1차 과학기술정보방송통신위원회(과학기술원자력법안심사소위원회) (2025.05.08.),문성모,0,economy_growth,0.35,1,46
pres_2025,22,official_minutes,https://record.assembly.go.kr/assembly/viewer/minutes/xml.do?id=54672&type=view,official_minutes_54672:10:40,2025-05-08,2025-05-05,과학기술정보방송통신위원회,제22대국회 제425회 (임시회) 제1차 과학기술정보방송통신위원회(과학기술원자력법안심사소위원회) (2025.05.08.),문성모,0,economy_growth,0.35,1,28
pres_2025,22,official_minutes,https://record.assembly.go.kr/assembly/viewer/minutes/xml.do?id=54672&type=view,official_minutes_54672:11:14,2025-05-08,2025-05-05,과학기술정보방송통신위원회,제22대국회 제425회 (임시회) 제1차 과학기술정보방송통신위원회(과학기술원자력법안심사소위원회) (2025.05.08.),최형두,6620,economy_growth,0.35,1,124
pres_2025,22,official_minutes,https://record.assembly.go.kr/assembly/viewer/minutes/xml.do?id=54672&type=view,official_minutes_54672:11:15,2025-05-08,2025-05-05,과학기술정보방송통신위원회,제22대국회 제425회 (임시회) 제1차 과학기술정보방송통신위원회(과학기술원자력법안심사소위원회) (2025.05.08.),최형두,6620,economy_growth,0.35,1,87
pres_2025,22,official_minutes,https://record.assembly.go.kr/assembly/viewer/minutes/xml.do?id=54672&type=view,official_minutes_54672:17:17,2025-05-08,2025-05-05,과학기술정보방송통신위원회,제22대국회 제425회 (임시회) 제1차 과학기술정보방송통신위원회(과학기술원자력법안심사소위원회) (2025.05.08.),문성모,0,economy_growth,0.35,1,29
pres_2025,22,official_minutes,https://record.assembly.go.kr/assembly/viewer/minutes/xml.do?id=54672&type=view,official_minutes_54672:17:36,2025-05-08,2025-05-05,과학기술정보방송통신위원회,제22대국회 제425회 (임시회) 제1차 과학기술정보방송통신위원회(과학기술원자력법안심사소위원회) (2025.05.08.),문성모,0,candidate_competence,0.35,1,128
pres_2025,22,official_minutes,https://record.assembly.go.kr/assembly/viewer/minutes/xml.do?id=54672&type=view,official_minutes_54672:18:3,2025-05-08,2025-05-05,과학기술정보방송통신위원회,제22대국회 제425회 (임시회) 제1차 과학기술정보방송통신위원회(과학기술원자력법안심사소위원회) (2025.05.08.),김우영,6787,economy_growth,0.35,1,86
pres_2025,22,official_minutes,https://record.assembly.go.kr/assembly/viewer/minutes/xml.do?id=54672&type=view,official_minutes_54672:24:1,2025-05-08,2025-05-05,과학기술정보방송통신위원회,제22대국회 제425회 (임시회) 제1차 과학기술정보방송통신위원회(과학기술원자력법안심사소위원회) (2025.05.08.),유경만,0,regional_dev,0.35,1,188
pres_2025,22,official_minutes,https://record.assembly.go.kr/assembly/viewer/minutes/xml.do?id=54672&type=view,official_minutes_54672:24:2,2025-05-08,2025-05-05,과학기술정보방송통신위원회,제22대국회 제425회 (임시회) 제1차 과학기술정보방송통신위원회(과학기술원자력법안심사소위원회) (2025.05.08.),유경만,0,economy_growth,0.35,1,196
pres_2025,22,official_minutes,https://record.assembly.go.kr/assembly/viewer/minutes/xml.do?id=54672&type=view,official_minutes_54672:25:4,2025-05-08,2025-05-05,과학기술정보방송통신위원회,제22대국회 제425회 (임시회) 제1차 과학기술정보방송통신위원회(과학기술원자력법안심사소위원회) (2025.05.08.),박민규,6804,regional_dev,0.35,1,150
pres_2025,22,official_minutes,https://record.assembly.go.kr/assembly/viewer/minutes/xml.do?id=54672&type=view,official_minutes_54672:26:8,2025-05-08,2025-05-05,과학기술정보방송통신위원회,제22대국회 제425회 (임시회) 제1차 과학기술정보방송통신위원회(과학기술원자력법안심사소위원회) (2025.05.08.),이주한,0,jobs_labor,0.35,1,144
pres_2025,22,official_minutes,https://record.assembly.go.kr/assembly/viewer/minutes/xml.do?id=54672&type=view,official_minutes_54672:29:4,2025-05-08,2025-05-05,과학기술정보방송통신위원회,제22대국회 제425회 (임시회) 제1차 과학기술정보방송통신위원회(과학기술원자력법안심사소위원회) (2025.05.08.),박정훈,6765,economy_growth,0.75,1,51
pres_2025,22,official_minutes,https://record.assembly.go.kr/assembly/viewer/minutes/xml.do?id=54672&type=view,official_minutes_54672:51:1,2025-05-08,2025-05-05,과학기술정보방송통신위원회,제22대국회 제425회 (임시회) 제1차 과학기술정보방송통신위원회(과학기술원자력법안심사소위원회) (2025.05.08.),황정아,6821,foreign_policy,0.35,1,34
pres_2025,22,official_minutes,https://record.assembly.go.kr/assembly/viewer/minutes/xml.do?id=54672&type=view,official_minutes_54672:60:3,2025-05-08,2025-05-05,과학기술정보방송통신위원회,제22대국회 제425회 (임시회) 제1차 과학기술정보방송통신위원회(과학기술원자력법안심사소위원회) (2025.05.08.),최형두,6620,inflation_livelihood,0.35,1,79
pres_2025,22,official_minutes,https://record.assembly.go.kr/assembly/viewer/minutes/xml.do?id=54672&type=view,official_minutes_54672:60:10,2025-05-08,2025-05-05,과학기술정보방송통신위원회,제22대국회 제425회 (임시회) 제1차 과학기술정보방송통신위원회(과학기술원자력법안심사소위원회) (2025.05.08.),최형두,6620,inflation_livelihood,0.35,1,164
pres_2025,22,official_minutes,https://record.assembly.go.kr/assembly/viewer/minutes/xml.do?id=54672&type=view,official_minutes_54672:60:16,2025-05-08,2025-05-05,과학기술정보방송통신위원회,제22대국회 제425회 (임시회) 제1차 과학기술정보방송통신위원회(과학기술원자력법안심사소위원회) (2025.05.08.),최형두,6620,education,0.35,1,199
pres_2025,22,official_minutes,https://record.assembly.go.kr/assembly/viewer/minutes/xml.do?id=54672&type=view,official_minutes_54672:65:3,2025-05-08,2025-05-05,과학기술정보방송통신위원회,제22대국회 제425회 (임시회) 제1차 과학기술정보방송통신위원회(과학기술원자력법안심사소위원회) (2025.05.08.),문성모,0,economy_growth,0.35,1,53
pres_2025,22,official_minutes,https://record.assembly.go.kr/assembly/viewer/minutes/xml.do?id=54672&type=view,official_minutes_54672:71:7,2025-05-08,2025-05-05,과학기술정보방송통신위원회,제22대국회 제425회 (임시회) 제1차 과학기술정보방송통신위원회(과학기술원자력법안심사소위원회) (2025.05.08.),임요업,0,economy_growth,0.35,1,231
pres_2025,22,official_minutes,https://record.assembly.go.kr/assembly/viewer/minutes/xml.do?id=54672&type=view,official_minutes_54672:74:7,2025-05-08,2025-05-05,과학기술정보방송통신위원회,제22대국회 제425회 (임시회) 제1차 과학기술정보방송통신위원회(과학기술원자력법안심사소위원회) (2025.05.08.),임명현,0,economy_growth,0.35,1,134
pres_2025,22,official_minutes,https://record.assembly.go.kr/assembly/viewer/minutes/xml.do?id=54672&type=view,official_minutes_54672:93:2,2025-05-08,2025-05-05,과학기술정보방송통신위원회,제22대국회 제425회 (임시회) 제1차 과학기술정보방송통신위원회(과학기술원자력법안심사소위원회) (2025.05.08.),박민규,6804,endorsement_event,0.35,1,56
pres_2025,22,official_minutes,https://record.assembly.go.kr/assembly/viewer/minutes/xml.do?id=54672&type=view,official_minutes_54672:114:5,2025-05-08,2025-05-05,과학기술정보방송통신위원회,제22대국회 제425회 (임시회) 제1차 과학기술정보방송통신위원회(과학기술원자력법안심사소위원회) (2025.05.08.),최형두,6620,security_nk,0.35,1,111
pres_2025,22,official_minutes,https://record.assembly.go.kr/assembly/viewer/minutes/xml.do?id=54672&type=view,official_minutes_54672:114:5,2025-05-08,2025-05-05,과학기술정보방송통신위원회,제22대국회 제425회 (임시회) 제1차 과학기술정보방송통신위원회(과학기술원자력법안심사소위원회) (2025.05.08.),최형두,6620,external_shock,0.35,1,111
pres_2025,22,official_minutes,https://record.assembly.go.kr/assembly/viewer/minutes/xml.do?id=54672&type=view,official_minutes_54672:120:1,2025-05-08,2025-05-05,과학기술정보방송통신위원회,제22대국회 제425회 (임시회) 제1차 과학기술정보방송통신위원회(과학기술원자력법안심사소위원회) (2025.05.08.),최형두,6620,inflation_livelihood,0.35,1,133
pres_2025,22,official_minutes,https://record.assembly.go.kr/assembly/viewer/minutes/xml.do?id=54672&type=view,official_minutes_54672:149:1,2025-05-08,2025-05-05,과학기술정보방송통신위원회,제22대국회 제425회 (임시회) 제1차 과학기술정보방송통신위원회(과학기술원자력법안심사소위원회) (2025.05.08.),황정아,6821,family_legal_risk,0.35,1,28
