election_id,region_id,slot,candidate_name_x,bloc,votes,contest_votes,official_pred,actual,err_pp,abs_err_pp,reproduced_legacy_pred,replacement_base_pred,pred,frozen_reproduction_difference,frozen_reproduction_guard_required,candidate_name_y,landscape_confidence,landscape_axis_conservative,landscape_axis_liberal,landscape_axis_progressive,landscape_axis_centrist,landscape_axis_anti_establishment,landscape_axis_reform,landscape_axis_regionalist,landscape_bloc_alignment,landscape_left_right,landscape_centrist,landscape_reform_anti_establishment,landscape_regionalist,landscape_legacy_confidence,landscape_legacy_blend,major_party_core_eligible,durable_core_raw,recent_bloc_base,critical_support_raw,bloc_vote_volatility,layer_effective_elections,direct_party_core_raw,candidate_ballot_core_raw,direct_party_recent_base,candidate_ballot_recent_base,direct_party_effective_elections,candidate_ballot_effective_elections,direct_party_reliability,candidate_personal_vote_raw,candidate_conversion_gap_raw,regional_accent_conservative_share,regional_accent_conservative_trend,regional_accent_conservative_volatility,regional_accent_conservative_reliability,regional_accent_liberal_share,regional_accent_liberal_trend,regional_accent_liberal_volatility,regional_accent_liberal_reliability,regional_accent_progressive_share,regional_accent_progressive_trend,regional_accent_progressive_volatility,regional_accent_progressive_reliability,regional_accent_centrist_share,regional_accent_centrist_trend,regional_accent_centrist_volatility,regional_accent_centrist_reliability,regional_accent_regionalist_share,regional_accent_regionalist_trend,regional_accent_regionalist_volatility,regional_accent_regionalist_reliability,regional_accent_reform_share,regional_accent_reform_trend,regional_accent_reform_volatility,regional_accent_reform_reliability,core_voting_mass,critical_voting_mass,swing_voting_mass,candidate_camp,candidate_camp_origin_weight,candidate_camp_claim,candidate_source_camp,candidate_claim_camp_conservative,candidate_claim_camp_liberal,candidate_claim_camp_progressive,candidate_claim_camp_centrist,regional_accent_signal,regional_accent_reliability,regional_accent_volatility,camp_core_voting_mass,camp_critical_voting_mass,camp_core_total,camp_critical_total,camp_swing_voting_mass,camp_core_regional_mean,camp_core_regional_lean,issue_pref_economy,issue_attention_economy,issue_pref_housing,issue_attention_housing,issue_pref_integrity_candidate,issue_attention_integrity_candidate,issue_pref_regime,issue_attention_regime,issue_pref_social,issue_attention_social,issue_pref_security,issue_attention_security,issue_pref_coalition,issue_attention_coalition,issue_pref_regional,issue_attention_regional,issue_preference_strength,issue_attention_strength,nonvoter_reservoir,join_slot,preliminary_slot,preliminary_mean_share,shadow_pred,pre_hierarchy_pred,source_slot,layer_pred,camp_regional_anchored_pred,regional_accent_signal_diagnostic,regional_accent_signal_scaled,regional_accent_reliability_diagnostic,regional_accent_log_shift,regional_accent_anchored_pred,camp_terrain_pred,camp_floor_anchored_pred,national_contestable_profile,camp_composition_pred,camp_anchored_pred,terrain_pred,anchored_pred,core_voting_mass_effective,critical_voting_mass_effective,swing_voting_mass_effective,core_preference_log_shift,critical_preference_log_shift,swing_preference_log_shift,preference_log_shift,turnout_log_shift,layer_pred_diagnostic,regional_offset_gain,regional_offset_target,regional_offset_shift,regional_offset_profile_source,regional_offset_profile_reliability,wasted_vote_resistance,major_party_gravity,strategic_transfer_confidence,strategic_lane_reservoir,strategic_lane_pressure,strategic_lane_transfer_out,strategic_lane_transfer_in,strategic_lane_transfer_net,lineage_identity_distinctiveness,lineage_identity_score,lineage_identity_log_shift,lineage_identity_transfer,lineage_identity_gain,lineage_identity_candidate_lineage,lineage_identity_evidence,direct_mega_issue,direct_mega_score,direct_mega_log_shift,government_direction_score,government_evidence_weight,government_evidence_count,government_negative_evidence_mass,government_positive_evidence_mass,government_negative_share,government_negative_issue_count,government_rejection_breadth,government_rejection_strength,mega_issue_intensity_response,party_base_resistance,conversion_resistance,incumbent_burden_resistance,incumbent_burden_exposure,government_burden_log_shift,rupture_extra_log_shift,incumbent_shock_log_shift,regime_core_floor,dominant_slot,runner_up_slot,contest_regime,dominance_activation,regime_base_activation,regime_rejection_activation,regime_certainty,regime_reliability,structural_score_gap,directional_advantage,cumulative_rejection_advantage,dominant_cumulative_rejection,runner_cumulative_rejection,contest_regime_log_shift,critical_regime_log_shift,swing_regime_log_shift,automatic_contest_response_gain,rejection_beneficiary_transfer_in,rejection_beneficiary_transfer_out,rejection_beneficiary_transfer_net,rejection_beneficiary_rate,rejection_beneficiary_core_floor,selected_stage
pres_2002,sido_11,A,노무현,더불어민주당,2792957.0,5240333.0,0.5019362042435935,0.5329729864501123,-3.103678220651873,3.103678220651873,0.5035801912215431,0.5035801912215431,0.5145902821841074,0.10701880797321284,False,노무현,0.6666444429628642,0.3588853488318464,0.2914221615100359,0.22568105297161342,0.3477837279447355,0.20731259236275248,0.3703446611093681,0.12192828389323469,-0.015227187498833804,-0.0010351409365435271,-4.880256858877843e-05,-0.0008750416658608802,-0.0023156923687034777,0.1357964817893399,0.020369472268400985,True,0.3704574186058449,0.38752317075954446,0.017065752153699543,0.020003933424764954,7.001547624488495,0.3704574186058449,0.3884594329577515,0.3704574186058449,0.43355604683639426,1.0,6.001547624488495,0.3333333333333333,0.06309862823054935,0.06309862823054935,0.5181416138375501,0.0,0.0,0.3333333333333333,0.3704574186058449,0.0,0.0,0.3333333333333333,0.0606258521078621,0.0,0.0,0.3333333333333333,0.0,0.0,0.0,0.3333333333333333,0.0246912255475314,0.0,0.0,0.3333333333333333,0.0,0.0,0.0,0.3333333333333333,0.3704574186058449,0.017065752153699543,0.1398849021578138,camp_liberal,1.0,1.0,camp_liberal,0.0,1.0,0.0,0.0,0.005639328717098366,0.33333333333333326,0.0,0.3704574186058449,0.017065752153699543,0.7892777750688603,0.07083732277332591,0.1398849021578138,0.30211708828348605,0.06834033032235887,0.04006833348434838,0.3306697719192465,0.0008736867938079964,0.006854795055991095,0.01811913111087546,0.16222078079165245,0.002083611327482553,0.01507512214650707,0.01660674600903182,0.1378397677929507,0.014896188645184723,0.1344814609407903,0.0012232850783978465,0.010038542872046292,0.019490558380588486,0.1717440463170022,0.11336154082971728,0.9689242878361867,0.0,A,A,0.5664377282052215,0.5145902821841074,0.5145902821841074,A,0.5062935568949636,0.5147862085033325,0.005639328717098366,0.05639328717098366,0.33333333333333326,0.0005265111713113106,0.5147862085033325,0.5147862085033325,0.5147862085033325,0.6597757740227286,0.509486837663579,0.5147862085033325,0.4595339891682251,0.5055775052808146,0.3704574186058449,0.017065752153699543,0.11805433452127012,0.0005827021759526413,9.595288003126577e-05,0.0009674103830699344,0.0016460654390538414,0.0,0.5062849045061378,0.0,0.5062849045061378,0.0,none,0.0,0.5465369932902613,0.0,0.7515862294987136,0.0,0.0,0.0,0.0,0.0,0.10313025309658398,6.923006402852784e-05,1.7089963836445408e-05,8.65238882574726e-06,0.5,mainstream_liberal,none,,0.0,0.0,-0.128928407125377,1.3278444282304676,6.0,0.2229466956513147,0.05174982860925352,0.8116109086252387,4.0,1.0,0.10463970165463193,0.5,0.5641328311890049,1.0,1.0,0.0,-0.0,0.0,0.0,0.1234858062019483,B,A,balanced_two_bloc,0.0,0.0,0.0,1.0,0.3125,0.11238915015049092,0.13268999414798247,0.0,-0.0,-0.0,0.0,0.0,0.0,0.5,0.0,0.0,0.0,0.0,0.1234858062019483,structural_mega_shock_regime
pres_2002,sido_11,B,이회창,국민의힘,2447376.0,5240333.0,0.4980637957564064,0.4670270135498878,3.103678220651862,3.103678220651862,0.49641980877845693,0.49641980877845693,0.48540971781589265,0.10701880797321284,False,이회창,0.6667333200026662,0.36346249491517457,0.29336689493832596,0.22667955904182632,0.34793014053124677,0.2088239876799965,0.37408369081312504,0.12887559259174122,0.015229217587532049,0.001035278941537327,4.880907494741786e-05,0.0008751583264192354,0.0023160010968193254,0.2623895274692271,0.039358429120384064,True,0.4188203564630154,0.4818991248002165,0.05377157061962637,0.035554768169938814,7.001547624488495,0.5181416138375501,0.369159727775748,0.5181416138375501,0.42627788028154967,1.0,6.001547624488495,0.3333333333333333,0.0,-0.09186373355600042,0.5181416138375501,0.0,0.0,0.3333333333333333,0.3704574186058449,0.0,0.0,0.3333333333333333,0.0606258521078621,0.0,0.0,0.3333333333333333,0.0,0.0,0.0,0.3333333333333333,0.0246912255475314,0.0,0.0,0.3333333333333333,0.0,0.0,0.0,0.3333333333333333,0.4188203564630154,0.05377157061962637,0.1398849021578138,camp_conservative,1.0,1.0,camp_conservative,1.0,0.0,0.0,0.0,-0.005639328717098366,0.33333333333333326,0.0,0.4188203564630154,0.05377157061962637,0.7892777750688603,0.07083732277332591,0.1398849021578138,0.393367796877358,0.025452559585657397,-0.040068333484348385,0.3122153427082142,-0.0008736867938079966,0.005565859233497043,-0.018119131110875465,0.1855276397762233,-0.002083611327482553,0.008827193051919093,-0.01660674600903182,0.13216202051645543,-0.014896188645184723,0.15642549437223166,-0.0012232850783978465,0.00933346662037907,-0.019490558380588482,0.18994298372108012,0.11336154082971728,0.9999999999999999,0.0,B,B,0.4335622717947784,0.48540971781589265,0.48540971781589265,B,0.49370644310503653,0.48521379149666755,-0.005639328717098366,-0.05639328717098366,0.33333333333333326,-0.00025787102039638777,0.48521379149666755,0.48521379149666755,0.48521379149666755,0.3402242259772715,0.4905131623364209,0.48521379149666755,0.5404660108317749,0.4944224947191854,0.41625868732442634,0.05344268265879984,0.02472112473595925,-0.000669516331160455,-0.0003072630603413184,-0.00020715077088809974,-0.0011839301623898732,0.0,0.4937150954938622,0.0,0.4937150954938622,0.0,none,0.0,0.4816432330134298,0.0,0.7563511280082635,0.0,0.0,0.0,0.0,0.0,0.10313025309658398,0.0,-1.7525068177818513e-05,-8.652388825691748e-06,0.5,mainstream_conservative,none,,0.0,0.0,0.0,0.0,0.0,0.0,0.0,0.0,0.0,0.0,0.0,0.5,1.0,0.3223585463336728,1.0,0.0,0.0,0.0,0.0,0.13875289577480876,B,A,balanced_two_bloc,0.0,0.0,0.0,1.0,0.3125,0.11238915015049092,0.13268999414798247,0.0,-0.0,-0.0,0.0,0.0,0.0,0.5,0.0,0.0,0.0,0.0,0.13875289577480876,structural_mega_shock_regime
pres_2002,sido_26,A,노무현,더불어민주당,587946.0,1902220.0,0.3024638496624728,0.3090841147035624,-0.6620265041089535,0.6620265041089535,0.30201429456905576,0.30201429456905576,0.305958428097092,0.10701880797321284,False,노무현,0.6666444429628642,0.3588853488318464,0.2914221615100359,0.22568105297161342,0.3477837279447355,0.20731259236275248,0.3703446611093681,0.12192828389323469,-0.015227187498833804,-0.0010351409365435271,-4.880256858877843e-05,-0.0008750416658608802,-0.0023156923687034777,0.1357964817893399,0.020369472268400985,True,0.13138490953543744,0.1405641770560715,0.009179267520634055,0.029158850015123722,6.241590152780574,0.1405641770560715,0.1267952757751204,0.1405641770560715,0.14862445416179265,1.0,5.241590152780574,0.3333333333333333,0.008060277105721159,0.008060277105721159,0.7172869184671395,0.0,0.0,0.3333333333333333,0.1405641770560715,0.0,0.0,0.3333333333333333,0.10665153878882419,1.3877787807814457e-17,1.3877787807814457e-17,0.33333333333333326,0.0,0.0,0.0,0.3333333333333333,0.0212145583508264,0.0,0.0,0.3333333333333333,0.0,0.0,0.0,0.3333333333333333,0.13138490953543744,0.009179267520634055,0.1699935608404074,camp_liberal,1.0,1.0,camp_liberal,0.0,1.0,0.0,0.0,-0.040851007599079885,0.33333333333333326,6.3878491937251475e-19,0.13138490953543744,0.009179267520634055,0.7260528051518379,0.1039536340077547,0.1699935608404074,0.30211708828348605,-0.1707321787480486,0.04006833348434838,0.3306697719192465,0.0008736867938079964,0.006854795055991095,0.01811913111087546,0.16222078079165245,0.002083611327482553,0.01507512214650707,0.01660674600903182,0.1378397677929507,0.014896188645184723,0.1344814609407903,0.0012232850783978465,0.010038542872046292,0.019490558380588486,0.1717440463170022,0.11336154082971728,0.9689242878361867,0.0,A,A,0.5664377282052215,0.305958428097092,0.305958428097092,A,0.28629397831674264,0.30389846159166356,-0.040851007599079885,-0.4085100759907988,0.33333333333333326,-0.007769578564114785,0.30389846159166356,0.30389846159166356,0.30389846159166356,0.6597757740227286,0.31212863205773883,0.30389846159166356,0.19222495867596018,0.28528621110571295,0.13138490953543744,0.009179267520634055,0.14472203404964146,0.00036623579712921026,9.14634479302205e-05,0.002101698557507095,0.002559397802566526,0.0,0.2860594895980806,0.0,0.2860594895980806,0.0,none,0.0,0.5465369932902613,0.0,0.7515862294987136,0.0,0.0,0.0,0.0,0.0,0.1955797939823957,0.0022957624365808767,0.0008195189028670526,0.00023448871866205145,0.5,mainstream_liberal,none,,0.0,0.0,-0.128928407125377,1.3278444282304676,6.0,0.2229466956513147,0.05174982860925352,0.8116109086252387,4.0,1.0,0.10463970165463193,0.5,0.5641328311890049,1.0,1.0,0.0,-0.0,0.0,0.0,0.04379496984514581,B,A,balanced_two_bloc,0.0,0.0,0.0,1.0,0.3125,0.11238915015049092,0.13268999414798247,0.0,-0.0,-0.0,0.0,0.0,0.0,0.5,0.0,0.0,0.0,0.0,0.04379496984514581,structural_mega_shock_regime
pres_2002,sido_26,B,이회창,국민의힘,1314274.0,1902220.0,0.6975361503375271,0.6909158852964377,0.6620265041089479,0.6620265041089479,0.6979857054309442,0.6979857054309442,0.694041571902908,0.10701880797321284,False,이회창,0.6667333200026662,0.36346249491517457,0.29336689493832596,0.22667955904182632,0.34793014053124677,0.2088239876799965,0.37408369081312504,0.12887559259174122,0.015229217587532049,0.001035278941537327,4.880907494741786e-05,0.0008751583264192354,0.0023160010968193254,0.2623895274692271,0.039358429120384064,True,0.5946678956164004,0.7136700541746618,0.09477436648712065,0.0672244976969272,6.241590152780574,0.7172869184671395,0.5333583841910308,0.7172869184671395,0.6743616220284228,1.0,5.241590152780574,0.3333333333333333,0.0,-0.04292529643871679,0.7172869184671395,0.0,0.0,0.3333333333333333,0.1405641770560715,0.0,0.0,0.3333333333333333,0.10665153878882419,1.3877787807814457e-17,1.3877787807814457e-17,0.33333333333333326,0.0,0.0,0.0,0.3333333333333333,0.0212145583508264,0.0,0.0,0.3333333333333333,0.0,0.0,0.0,0.3333333333333333,0.5946678956164004,0.09477436648712065,0.1699935608404074,camp_conservative,1.0,1.0,camp_conservative,1.0,0.0,0.0,0.0,0.040851007599079885,0.33333333333333326,6.348217367533247e-19,0.5946678956164004,0.09477436648712065,0.7260528051518379,0.1039536340077547,0.1699935608404074,0.393367796877358,0.20130009873904242,-0.040068333484348385,0.3122153427082142,-0.0008736867938079966,0.005565859233497043,-0.018119131110875465,0.1855276397762233,-0.002083611327482553,0.008827193051919093,-0.01660674600903182,0.13216202051645543,-0.014896188645184723,0.15642549437223166,-0.0012232850783978465,0.00933346662037907,-0.019490558380588482,0.18994298372108012,0.11336154082971728,0.9999999999999999,0.0,B,B,0.4335622717947784,0.694041571902908,0.694041571902908,B,0.7137060216832574,0.6961015384083364,0.040851007599079885,0.4085100759907988,0.33333333333333326,0.001949698197471725,0.6961015384083364,0.6961015384083364,0.6961015384083364,0.3402242259772715,0.6878713679422611,0.6961015384083364,0.8077750413240399,0.714713788894287,0.5856421919036261,0.09333590754594648,0.035735689444714475,-0.0006516228165329228,-0.0003712247443583636,-0.00020715077088810066,-0.0012299983317793871,0.0,0.7139405104019194,0.0,0.7139405104019194,0.0,none,0.0,0.4816432330134298,0.0,0.7563511280082635,0.0,0.0,0.0,0.0,0.0,0.1955797939823957,0.0,-0.0003283623154233857,-0.00023448871866205145,0.5,mainstream_conservative,none,,0.0,0.0,0.0,0.0,0.0,0.0,0.0,0.0,0.0,0.0,0.0,0.5,1.0,0.3223585463336728,1.0,0.0,0.0,0.0,0.0,0.19521406396787536,B,A,balanced_two_bloc,0.0,0.0,0.0,1.0,0.3125,0.11238915015049092,0.13268999414798247,0.0,-0.0,-0.0,0.0,0.0,0.0,0.5,0.0,0.0,0.0,0.0,0.19521406396787536,structural_mega_shock_regime
pres_2002,sido_27,A,노무현,더불어민주당,240745.0,1242909.0,0.2526157233869569,0.1936947727444776,5.892095064247926,5.892095064247926,0.25157872166994316,0.25157872166994316,0.2522563860747559,0.10701880797321284,False,노무현,0.6666444429628642,0.3588853488318464,0.2914221615100359,0.22568105297161342,0.3477837279447355,0.20731259236275248,0.3703446611093681,0.12192828389323469,-0.015227187498833804,-0.0010351409365435271,-4.880256858877843e-05,-0.0008750416658608802,-0.0023156923687034777,0.1357964817893399,0.020369472268400985,True,0.07658534230634251,0.0768864299355275,0.0003010876291849873,0.019878287761041086,5.812108749794818,0.0768864299355275,0.07643479849175,0.0768864299355275,0.09109958439993944,1.0,4.812108749794818,0.3333333333333333,0.014213154464411945,0.014213154464411945,0.7623911182823,0.0,0.0,0.3333333333333333,0.0768864299355275,0.0,0.0,0.3333333333333333,0.0517226551782035,0.0,0.0,0.3333333333333333,0.0,0.0,0.0,0.3333333333333333,0.0,0.0,0.0,0.3333333333333333,0.0,0.0,0.0,0.3333333333333333,0.07658534230634251,0.0003010876291849873,0.19258794620477893,camp_liberal,1.0,1.0,camp_liberal,0.0,1.0,0.0,0.0,-0.05263793734210383,0.33333333333333326,0.0,0.07658534230634251,0.0003010876291849873,0.7334252801667999,0.0739867736284212,0.19258794620477893,0.30211708828348605,-0.22553174597714354,0.04006833348434838,0.3306697719192465,0.0008736867938079964,0.006854795055991095,0.01811913111087546,0.16222078079165245,0.002083611327482553,0.01507512214650707,0.01660674600903182,0.1378397677929507,0.014896188645184723,0.1344814609407903,0.0012232850783978465,0.010038542872046292,0.019490558380588486,0.1717440463170022,0.11336154082971728,0.9689242878361867,0.0,A,A,0.5664377282052215,0.2522563860747559,0.2522563860747559,A,0.2295303019741103,0.2495588908194202,-0.05263793734210383,-0.5263793734210382,0.33333333333333326,-0.012218998745140977,0.2495588908194202,0.2495588908194202,0.2495588908194202,0.6597757740227286,0.25246488441918413,0.2495588908194202,0.1249484641755823,0.22879048637878052,0.07658534230634251,0.0003010876291849873,0.15190405644325303,0.00026619738357484536,3.7408928900935856e-06,0.0027507299705769378,0.0030206682470418768,0.0,0.2295303019741103,0.0,0.2295303019741103,0.0,none,0.0,0.5465369932902613,0.0,0.7515862294987136,0.0,0.0,0.0,0.0,0.0,0.2755331544829652,0.0,0.0,0.0,0.5,mainstream_liberal,none,,0.0,0.0,-0.128928407125377,1.3278444282304676,6.0,0.2229466956513147,0.05174982860925352,0.8116109086252387,4.0,1.0,0.10463970165463193,0.5,0.5641328311890049,1.0,1.0,0.0,-0.0,0.0,0.0,0.0255284474354475,B,A,balanced_two_bloc,0.0,0.0,0.0,1.0,0.3125,0.11238915015049092,0.13268999414798247,0.0,-0.0,-0.0,0.0,0.0,0.0,0.5,0.0,0.0,0.0,0.0,0.0255284474354475,structural_mega_shock_regime
pres_2002,sido_27,B,이회창,국민의힘,1002164.0,1242909.0,0.747384276613043,0.8063052272555223,-5.892095064247938,5.892095064247938,0.7484212783300567,0.7484212783300567,0.747743613925244,0.10701880797321284,False,이회창,0.6667333200026662,0.36346249491517457,0.29336689493832596,0.22667955904182632,0.34793014053124677,0.2088239876799965,0.37408369081312504,0.12887559259174122,0.015229217587532049,0.001035278941537327,4.880907494741786e-05,0.0008751583264192354,0.0023160010968193254,0.2623895274692271,0.039358429120384064,True,0.6568399378604574,0.7483427088990707,0.07368568599923621,0.08772787747285822,6.241590152780574,0.7623911182823,0.604064347649536,0.7623911182823,0.7038185042074561,1.0,5.241590152780574,0.3333333333333333,0.0,-0.05857261407484393,0.7623911182823,0.0,0.0,0.3333333333333333,0.0768864299355275,0.0,0.0,0.3333333333333333,0.0517226551782035,0.0,0.0,0.3333333333333333,0.0,0.0,0.0,0.3333333333333333,0.0,0.0,0.0,0.3333333333333333,0.0,0.0,0.0,0.3333333333333333,0.6568399378604574,0.07368568599923621,0.19258794620477893,camp_conservative,1.0,1.0,camp_conservative,1.0,0.0,0.0,0.0,0.05263793734210383,0.33333333333333326,0.0,0.6568399378604574,0.07368568599923621,0.7334252801667999,0.0739867736284212,0.19258794620477893,0.393367796877358,0.26347214098309935,-0.040068333484348385,0.3122153427082142,-0.0008736867938079966,0.005565859233497043,-0.018119131110875465,0.1855276397762233,-0.002083611327482553,0.008827193051919093,-0.01660674600903182,0.13216202051645543,-0.014896188645184723,0.15642549437223166,-0.0012232850783978465,0.00933346662037907,-0.019490558380588482,0.18994298372108012,0.11336154082971728,0.9999999999999999,0.0,B,B,0.4335622717947784,0.747743613925244,0.747743613925244,B,0.7704696980258897,0.7504411091805798,0.05263793734210383,0.5263793734210382,0.33333333333333326,0.0021330760596521454,0.7504411091805798,0.7504411091805798,0.7504411091805798,0.3402242259772715,0.7475351155808159,0.7504411091805798,0.8750515358244177,0.7712095136212195,0.6568399378604574,0.07368568599923621,0.04068388976152591,-0.00067730340544958,-0.00027160081940483174,-0.00021855796584391838,-0.0011674621906983301,0.0,0.7704696980258897,0.0,0.7704696980258897,0.0,none,0.0,0.4816432330134298,0.0,0.7563511280082635,0.0,0.0,0.0,0.0,0.0,0.2755331544829652,0.0,0.0,0.0,0.5,mainstream_conservative,none,,0.0,0.0,0.0,0.0,0.0,0.0,0.0,0.0,0.0,0.0,0.0,0.5,1.0,0.3223585463336728,1.0,0.0,0.0,0.0,0.0,0.21894664595348579,B,A,balanced_two_bloc,0.0,0.0,0.0,1.0,0.3125,0.11238915015049092,0.13268999414798247,0.0,-0.0,-0.0,0.0,0.0,0.0,0.5,0.0,0.0,0.0,0.0,0.21894664595348579,structural_mega_shock_regime
pres_2002,sido_28,A,노무현,더불어민주당,611766.0,1158971.0,0.4815135883360479,0.5278527599562679,-4.633917162022,4.633917162022,0.48282117014275194,0.48282117014275194,0.49116929655077646,0.10701880797321284,False,노무현,0.6666444429628642,0.3588853488318464,0.2914221615100359,0.22568105297161342,0.3477837279447355,0.20731259236275248,0.3703446611093681,0.12192828389323469,-0.015227187498833804,-0.0010351409365435271,-4.880256858877843e-05,-0.0008750416658608802,-0.0023156923687034777,0.1357964817893399,0.020369472268400985,True,0.2979401455607429,0.3275722518788667,0.029632106318123796,0.020100867733323122,6.241590152780574,0.2979401455607429,0.3224275833693662,0.2979401455607429,0.3798883050379286,1.0,5.241590152780574,0.3333333333333333,0.0819481594771857,0.0819481594771857,0.5442960867949852,0.0,0.0,0.3333333333333333,0.2979401455607429,0.0,0.0,0.3333333333333333,0.0628007914541385,0.0,0.0,0.3333333333333333,0.0,0.0,0.0,0.3333333333333333,0.0355693544810186,0.0,0.0,0.3333333333333333,0.0,0.0,0.0,0.3333333333333333,0.2979401455607429,0.029632106318123796,0.19179219763085675,camp_liberal,1.0,1.0,camp_liberal,0.0,1.0,0.0,0.0,-0.005055580115372285,0.33333333333333326,0.0,0.2979401455607429,0.029632106318123796,0.7220644203936593,0.08614338197548402,0.19179219763085675,0.30211708828348605,-0.00417694272274316,0.04006833348434838,0.3306697719192465,0.0008736867938079964,0.006854795055991095,0.01811913111087546,0.16222078079165245,0.002083611327482553,0.01507512214650707,0.01660674600903182,0.1378397677929507,0.014896188645184723,0.1344814609407903,0.0012232850783978465,0.010038542872046292,0.019490558380588486,0.1717440463170022,0.11336154082971728,0.9689242878361867,0.0,A,A,0.5664377282052215,0.49116929655077646,0.49116929655077646,A,0.4802122925400557,0.49093349595994723,-0.005055580115372285,-0.05055580115372285,0.33333333333333326,-0.000662965879121269,0.49093349595994723,0.4909334959599472,0.49093349595994723,0.6597757740227286,0.481315307723972,0.49093349595994723,0.4217294659596243,0.4793994909598934,0.2979401455607429,0.029632106318123796,0.15182723908102674,0.0004942282242198424,0.00017570546831040466,0.0013121052571195885,0.0019820389496498355,0.0,0.4802122925400557,0.0,0.4802122925400557,0.0,none,0.0,0.5465369932902613,0.0,0.7515862294987136,0.0,0.0,0.0,0.0,0.0,0.0754881632914688,0.0,0.0,0.0,0.5,mainstream_liberal,none,,0.0,0.0,-0.128928407125377,1.3278444282304676,6.0,0.2229466956513147,0.05174982860925352,0.8116109086252387,4.0,1.0,0.10463970165463193,0.5,0.5641328311890049,1.0,1.0,0.0,-0.0,0.0,0.0,0.09931338185358096,B,A,balanced_two_bloc,0.0,0.0,0.0,1.0,0.3125,0.11238915015049092,0.13268999414798247,0.0,-0.0,-0.0,0.0,0.0,0.0,0.5,0.0,0.0,0.0,0.0,0.09931338185358096,structural_mega_shock_regime
pres_2002,sido_28,B,이회창,국민의힘,547205.0,1158971.0,0.5184864116639519,0.4721472400437321,4.6339171620219775,4.6339171620219775,0.5171788298572481,0.5171788298572481,0.5088307034492235,0.10701880797321284,False,이회창,0.6667333200026662,0.36346249491517457,0.29336689493832596,0.22667955904182632,0.34793014053124677,0.2088239876799965,0.37408369081312504,0.12887559259174122,0.015229217587532049,0.001035278941537327,4.880907494741786e-05,0.0008751583264192354,0.0023160010968193254,0.2623895274692271,0.039358429120384064,True,0.42412427483291637,0.4915772282576246,0.05651127565736022,0.041723685873133486,6.241590152780574,0.5442960867949852,0.3640383688518819,0.5442960867949852,0.42771779898894424,1.0,5.241590152780574,0.3333333333333333,0.0,-0.11657828780604096,0.5442960867949852,0.0,0.0,0.3333333333333333,0.2979401455607429,0.0,0.0,0.3333333333333333,0.0628007914541385,0.0,0.0,0.3333333333333333,0.0,0.0,0.0,0.3333333333333333,0.0355693544810186,0.0,0.0,0.3333333333333333,0.0,0.0,0.0,0.3333333333333333,0.42412427483291637,0.05651127565736022,0.19179219763085675,camp_conservative,1.0,1.0,camp_conservative,1.0,0.0,0.0,0.0,0.005055580115372285,0.33333333333333326,0.0,0.42412427483291637,0.05651127565736022,0.7220644203936593,0.08614338197548402,0.19179219763085675,0.393367796877358,0.03075647795555836,-0.040068333484348385,0.3122153427082142,-0.0008736867938079966,0.005565859233497043,-0.018119131110875465,0.1855276397762233,-0.002083611327482553,0.008827193051919093,-0.01660674600903182,0.13216202051645543,-0.014896188645184723,0.15642549437223166,-0.0012232850783978465,0.00933346662037907,-0.019490558380588482,0.18994298372108012,0.11336154082971728,0.9999999999999999,0.0,B,B,0.4335622717947784,0.5088307034492235,0.5088307034492235,B,0.5197877074599443,0.5090665040400528,0.005055580115372285,0.05055580115372285,0.33333333333333326,0.0002805387156958639,0.5090665040400528,0.5090665040400528,0.5090665040400528,0.3402242259772715,0.518684692276028,0.5090665040400528,0.5782705340403758,0.5206005090401066,0.42412427483291637,0.05651127565736022,0.03996495854982998,-0.0006478651633601634,-0.0003085679716311419,-0.00031804701794751615,-0.0012744801529388215,0.0,0.5197877074599443,0.0,0.5197877074599443,0.0,none,0.0,0.4816432330134298,0.0,0.7563511280082635,0.0,0.0,0.0,0.0,0.0,0.0754881632914688,0.0,0.0,0.0,0.5,mainstream_conservative,none,,0.0,0.0,0.0,0.0,0.0,0.0,0.0,0.0,0.0,0.0,0.0,0.5,1.0,0.3223585463336728,1.0,0.0,0.0,0.0,0.0,0.1413747582776388,B,A,balanced_two_bloc,0.0,0.0,0.0,1.0,0.3125,0.11238915015049092,0.13268999414798247,0.0,-0.0,-0.0,0.0,0.0,0.0,0.5,0.0,0.0,0.0,0.0,0.1413747582776388,structural_mega_shock_regime
pres_2002,sido_29,A,노무현,더불어민주당,715182.0,742051.0,0.9849692311663084,0.9637907237906024,2.1178507375706035,2.1178507375706035,0.9921904099453268,0.9921904099453268,0.9195456872369825,0.10701880797321284,False,노무현,0.6666444429628642,0.3588853488318464,0.2914221615100359,0.22568105297161342,0.3477837279447355,0.20731259236275248,0.3703446611093681,0.12192828389323469,-0.015227187498833804,-0.0010351409365435271,-4.880256858877843e-05,-0.0008750416658608802,-0.0023156923687034777,0.1357964817893399,0.020369472268400985,True,0.8180868056247934,0.8271065733062851,0.009019767681491708,0.034320892397227507,6.241590152780574,0.7043912424667544,0.9124345872038128,0.7043912424667544,0.9259642387260504,1.0,5.241590152780574,0.3333333333333333,0.22157299625929594,0.22157299625929594,0.08512090111238689,1.3877787807814457e-17,1.3877787807814457e-17,0.33333333333333326,0.7043912424667544,0.0,0.0,0.3333333333333333,0.147899857164317,0.0,0.0,0.3333333333333333,0.0,0.0,0.0,0.3333333333333333,0.0239026986014324,0.0,0.0,0.3333333333333333,0.0,0.0,0.0,0.3333333333333333,0.8130232874904759,0.008963940161834202,0.10000000000000009,camp_liberal,1.0,1.0,camp_liberal,0.0,1.0,0.0,0.0,0.0887542978145444,0.33333333333333326,1.0158165499447727e-18,0.8130232874904759,0.008963940161834202,0.852583304253584,0.04741669574641593,0.10000000000000009,0.30211708828348605,0.5109061992069899,0.04006833348434838,0.3306697719192465,0.0008736867938079964,0.006854795055991095,0.01811913111087546,0.16222078079165245,0.002083611327482553,0.01507512214650707,0.01660674600903182,0.1378397677929507,0.014896188645184723,0.1344814609407903,0.0012232850783978465,0.010038542872046292,0.019490558380588486,0.1717440463170022,0.11336154082971728,0.9689242878361867,0.0,A,A,0.5664377282052215,0.9195456872369825,0.9195456872369825,A,0.9199918145687295,0.9209012053484051,0.0887542978145444,0.8875429781454439,0.33333333333333326,0.0034271709469304687,0.9209012053484051,0.920901205348405,0.9209012053484051,0.6597757740227286,0.9102852520304406,0.9209012053484051,0.9140773481871507,0.9197638958215294,0.8130232874904759,0.008963940161834202,0.09777666816921927,0.0007029472134379962,2.7704027780742107e-05,0.00044042851166782246,0.0011710797528865608,0.0,0.9199918145687294,0.0,0.9199918145687294,0.0,none,0.0,0.5465369932902613,0.0,0.7515862294987136,0.0,0.0,0.0,0.0,0.0,0.40220518087345863,0.0,0.0,0.0,0.5,mainstream_liberal,none,,0.0,0.0,-0.128928407125377,1.3278444282304676,6.0,0.2229466956513147,0.05174982860925352,0.8116109086252387,4.0,1.0,0.10463970165463193,0.5,0.5641328311890049,1.0,1.0,0.0,-0.0,0.0,0.0,0.23479708082225148,B,A,balanced_two_bloc,0.0,0.0,0.0,1.0,0.3125,0.11238915015049092,0.13268999414798247,0.0,-0.0,-0.0,0.0,0.0,0.0,0.5,0.0,0.0,0.0,0.0,0.23479708082225148,structural_mega_shock_regime
pres_2002,sido_29,B,이회창,국민의힘,26869.0,742051.0,0.0150307688336918,0.0362092762093977,-2.1178507375705897,2.1178507375705897,0.007809590054673143,0.007809590054673143,0.08045431276301751,0.10701880797321284,False,이회창,0.6667333200026662,0.36346249491517457,0.29336689493832596,0.22667955904182632,0.34793014053124677,0.2088239876799965,0.37408369081312504,0.12887559259174122,0.015229217587532049,0.001035278941537327,4.880907494741786e-05,0.0008751583264192354,0.0023160010968193254,0.2623895274692271,0.039358429120384064,True,0.0398063969902873,0.08507580923150673,0.03869223977674798,0.020709677696871466,6.241590152780574,0.08512090111238689,0.0171491449292375,0.08512090111238689,0.04755326329106666,1.0,5.241590152780574,0.3333333333333333,0.0,-0.03756763782132023,0.08512090111238689,1.3877787807814457e-17,1.3877787807814457e-17,0.33333333333333326,0.7043912424667544,0.0,0.0,0.3333333333333333,0.147899857164317,0.0,0.0,0.3333333333333333,0.0,0.0,0.0,0.3333333333333333,0.0239026986014324,0.0,0.0,0.3333333333333333,0.0,0.0,0.0,0.3333333333333333,0.03956001676310808,0.03845275558458173,0.10000000000000009,camp_conservative,1.0,1.0,camp_conservative,1.0,0.0,0.0,0.0,-0.0887542978145444,0.33333333333333326,1.003844782199923e-17,0.03956001676310808,0.03845275558458173,0.852583304253584,0.04741669574641593,0.10000000000000009,0.393367796877358,-0.35380778011424996,-0.040068333484348385,0.3122153427082142,-0.0008736867938079966,0.005565859233497043,-0.018119131110875465,0.1855276397762233,-0.002083611327482553,0.008827193051919093,-0.01660674600903182,0.13216202051645543,-0.014896188645184723,0.15642549437223166,-0.0012232850783978465,0.00933346662037907,-0.019490558380588482,0.18994298372108012,0.11336154082971728,0.9999999999999999,0.0,B,B,0.4335622717947784,0.08045431276301751,0.08045431276301751,B,0.08000818543127057,0.07909879465159497,-0.0887542978145444,-0.8875429781454439,0.33333333333333326,-0.01503770442894346,0.07909879465159497,0.07909879465159494,0.07909879465159497,0.3402242259772715,0.0897147479695594,0.07909879465159497,0.0859226518128493,0.08023610417847069,0.03865308787581811,0.037571211093729046,0.0040118052089235315,-0.00038309849579193866,-0.0013310846775041838,-0.0002071507708880998,-0.0019213339441842222,0.0,0.08000818543127056,0.0,0.08000818543127056,0.0,none,0.0,0.4816432330134298,0.0,0.7563511280082635,0.0,0.0,0.0,0.0,0.0,0.40220518087345863,0.0,0.0,0.0,0.5,mainstream_conservative,none,,0.0,0.0,0.0,0.0,0.0,0.0,0.0,0.0,0.0,0.0,0.0,0.5,1.0,0.3223585463336728,1.0,0.0,0.0,0.0,0.0,0.012884362625272702,B,A,balanced_two_bloc,0.0,0.0,0.0,1.0,0.3125,0.11238915015049092,0.13268999414798247,0.0,-0.0,-0.0,0.0,0.0,0.0,0.5,0.0,0.0,0.0,0.0,0.012884362625272702,structural_mega_shock_regime
pres_2002,sido_30,A,노무현,더불어민주당,369046.0,635806.0,0.499620961798324,0.5804381241551945,-8.081716235687047,8.081716235687047,0.5011247179887783,0.5011247179887783,0.4950249891241085,0.10701880797321284,False,노무현,0.6666444429628642,0.3588853488318464,0.2914221615100359,0.22568105297161342,0.3477837279447355,0.20731259236275248,0.3703446611093681,0.12192828389323469,-0.015227187498833804,-0.0010351409365435271,-4.880256858877843e-05,-0.0008750416658608802,-0.0023156923687034777,0.1357964817893399,0.020369472268400985,True,0.18438104029611388,0.21896727171177163,0.03458623141565775,0.06155076348462249,5.812108749794818,0.1259291594831286,0.2511069807026065,0.1259291594831286,0.30298632782609314,1.0,4.812108749794818,0.3333333333333333,0.17705716834296453,0.17705716834296453,0.42867267835815576,5.551115123125783e-17,5.551115123125783e-17,0.33333333333333326,0.1259291594831286,0.0,0.0,0.3333333333333333,0.0754167269552507,0.0,0.0,0.3333333333333333,0.0,0.0,0.0,0.3333333333333333,0.3499623553993638,0.0,0.0,0.3333333333333333,0.0,0.0,0.0,0.3333333333333333,0.18438104029611388,0.03458623141565775,0.40647812041433906,camp_liberal,1.0,1.0,camp_liberal,0.0,1.0,0.0,0.0,-0.011227213435495657,0.33333333333333326,4.063266199779091e-18,0.18438104029611388,0.03458623141565775,0.49956691340868353,0.09395496617697738,0.40647812041433906,0.30211708828348605,-0.11773604798737217,0.04006833348434838,0.3306697719192465,0.0008736867938079964,0.006854795055991095,0.01811913111087546,0.16222078079165245,0.002083611327482553,0.01507512214650707,0.01660674600903182,0.1378397677929507,0.014896188645184723,0.1344814609407903,0.0012232850783978465,0.010038542872046292,0.019490558380588486,0.1717440463170022,0.11336154082971728,0.9689242878361867,0.0,A,A,0.5664377282052215,0.4950249891241085,0.4950249891241085,A,0.4990096861241257,0.4940863461141736,-0.011227213435495657,-0.11227213435495656,0.33333333333333326,-0.0023484780179872816,0.49408634611417357,0.49408634611417357,0.4940863461141736,0.6597757740227286,0.5145546673484829,0.4940863461141736,0.4198025610026495,0.4817057152622529,0.18438104029611388,0.03458623141565775,0.26273844355048126,0.00030439011740980457,0.0002040994183598443,0.0022597394798934676,0.0027682290156631163,0.0,0.48288584165006626,0.0,0.48288584165006626,0.0,none,0.0,0.5465369932902613,0.0,0.7515862294987136,0.0,0.0,0.0,0.0,0.0,0.23126913012150901,0.12904425122460286,0.03336530468095396,0.016123844474059568,0.5,mainstream_liberal,automatic_regional_policy_commitment,,0.0,0.0,-0.128928407125377,1.3278444282304676,6.0,0.2229466956513147,0.05174982860925352,0.8116109086252387,4.0,1.0,0.10463970165463193,0.5,0.5641328311890049,1.0,1.0,0.0,-0.0,0.0,0.0,0.0419763864943762,B,A,balanced_two_bloc,0.0,0.0,0.0,1.0,0.3125,0.11238915015049092,0.13268999414798247,0.0,-0.0,-0.0,0.0,0.0,0.0,0.5,0.0,0.0,0.0,0.0,0.0419763864943762,structural_mega_shock_regime
pres_2002,sido_30,B,이회창,국민의힘,266760.0,635806.0,0.500379038201676,0.4195618758448054,8.081716235687054,8.081716235687054,0.4988752820112216,0.4988752820112216,0.5049750108758914,0.10701880797321284,False,이회창,0.6667333200026662,0.36346249491517457,0.29336689493832596,0.22667955904182632,0.34793014053124677,0.2088239876799965,0.37408369081312504,0.12887559259174122,0.015229217587532049,0.001035278941537327,4.880907494741786e-05,0.0008751583264192354,0.0023160010968193254,0.2623895274692271,0.039358429120384064,True,0.3151858731125696,0.3869232340731441,0.059368734761319625,0.044947815497509896,6.241590152780574,0.42867267835815576,0.2584424704897766,0.42867267835815576,0.3285485119306382,1.0,5.241590152780574,0.3333333333333333,0.0,-0.10012416642751754,0.42867267835815576,5.551115123125783e-17,5.551115123125783e-17,0.33333333333333326,0.1259291594831286,0.0,0.0,0.3333333333333333,0.0754167269552507,0.0,0.0,0.3333333333333333,0.0,0.0,0.0,0.3333333333333333,0.3499623553993638,0.0,0.0,0.3333333333333333,0.0,0.0,0.0,0.3333333333333333,0.3151858731125696,0.059368734761319625,0.40647812041433906,camp_conservative,1.0,1.0,camp_conservative,1.0,0.0,0.0,0.0,0.011227213435495657,0.33333333333333326,4.015379128799692e-17,0.3151858731125696,0.059368734761319625,0.49956691340868353,0.09395496617697738,0.40647812041433906,0.393367796877358,-0.07818192376478839,-0.040068333484348385,0.3122153427082142,-0.0008736867938079966,0.005565859233497043,-0.018119131110875465,0.1855276397762233,-0.002083611327482553,0.008827193051919093,-0.01660674600903182,0.13216202051645543,-0.014896188645184723,0.15642549437223166,-0.0012232850783978465,0.00933346662037907,-0.019490558380588482,0.18994298372108012,0.11336154082971728,0.9999999999999999,0.0,B,B,0.4335622717947784,0.5049750108758914,0.5049750108758914,B,0.5009903138758742,0.5059136538858264,0.011227213435495657,0.11227213435495656,0.33333333333333326,0.0014065403313796808,0.5059136538858263,0.5059136538858264,0.5059136538858264,0.3402242259772715,0.4854453326515171,0.5059136538858264,0.5801974389973505,0.5182942847377471,0.3151858731125696,0.059368734761319625,0.14373967686385783,-0.000483600131418758,-0.0003256129709000588,-0.0011489914415946474,-0.001958204543913464,0.0,0.5171141583499338,0.0,0.5171141583499338,0.0,none,0.0,0.4816432330134298,0.0,0.7563511280082635,0.0,0.0,0.0,0.0,0.0,0.23126913012150901,0.0,-0.031156820931347473,-0.016123844474059457,0.5,mainstream_conservative,none,,0.0,0.0,0.0,0.0,0.0,0.0,0.0,0.0,0.0,0.0,0.0,0.5,1.0,0.3223585463336728,1.0,0.0,0.0,0.0,0.0,0.10506195770418987,B,A,balanced_two_bloc,0.0,0.0,0.0,1.0,0.3125,0.11238915015049092,0.13268999414798247,0.0,-0.0,-0.0,0.0,0.0,0.0,0.5,0.0,0.0,0.0,0.0,0.10506195770418987,structural_mega_shock_regime
pres_2002,sido_31,A,노무현,더불어민주당,178584.0,446321.0,0.3501666443555259,0.4001243340865982,-4.995768973107229,4.995768973107229,0.3498396320442868,0.3498396320442868,0.3420754235429432,0.10701880797321284,False,노무현,0.6666444429628642,0.3588853488318464,0.2914221615100359,0.22568105297161342,0.3477837279447355,0.20731259236275248,0.3703446611093681,0.12192828389323469,-0.015227187498833804,-0.0010351409365435271,-4.880256858877843e-05,-0.0008750416658608802,-0.0023156923687034777,0.1357964817893399,0.020369472268400985,True,0.05908981308559096,0.08615971226912568,0.027069899183534717,0.030321636554734913,3.9798612604819446,0.08615971226912568,0.0455548634938236,0.08615971226912568,0.1124876705748664,1.0,2.9798612604819446,0.3333333333333333,0.026327958305740723,0.026327958305740723,0.6024419264988237,0.0,0.0,0.3333333333333333,0.08615971226912568,1.3877787807814457e-17,1.3877787807814457e-17,0.33333333333333326,0.2870169555693772,0.0,0.0,0.3333333333333333,0.0,0.0,0.0,0.3333333333333333,0.0,0.0,0.0,0.3333333333333333,0.0,0.0,0.0,0.3333333333333333,0.05908981308559096,0.027069899183534717,0.32798226604244707,camp_liberal,1.0,1.0,camp_liberal,0.0,1.0,0.0,0.0,-0.034289963204860344,0.33333333333333326,9.845425657964963e-18,0.05908981308559096,0.027069899183534717,0.6022952900849229,0.06972244387262998,0.32798226604244707,0.30211708828348605,-0.24302727519789508,0.04006833348434838,0.3306697719192465,0.0008736867938079964,0.006854795055991095,0.01811913111087546,0.16222078079165245,0.002083611327482553,0.01507512214650707,0.01660674600903182,0.1378397677929507,0.014896188645184723,0.1344814609407903,0.0012232850783978465,0.010038542872046292,0.019490558380588486,0.1717440463170022,0.11336154082971728,0.9689242878361867,0.0,A,A,0.5664377282052215,0.3420754235429432,0.3420754235429432,A,0.3168781432440707,0.3395034879086109,-0.034289963204860344,-0.3428996320486034,0.33333333333333326,-0.009455581529930627,0.3395034879086109,0.3395034879086109,0.3395034879086109,0.6597757740227286,0.3214857459022957,0.3395034879086109,0.1975108355627064,0.3158380458509601,0.05908981308559096,0.027069899183534717,0.2296783335818344,0.00014877989865263525,0.00024363659290264444,0.0030128127046620996,0.0034052291962173792,0.0,0.3168781432440707,0.0,0.3168781432440707,0.0,none,0.0,0.5465369932902613,0.0,0.7515862294987136,0.0,0.0,0.0,0.0,0.0,0.2933908376056437,0.0,0.0,0.0,0.5,mainstream_liberal,none,,0.0,0.0,-0.128928407125377,1.3278444282304676,6.0,0.2229466956513147,0.05174982860925352,0.8116109086252387,4.0,1.0,0.10463970165463193,0.5,0.5641328311890049,1.0,1.0,0.0,-0.0,0.0,0.0,0.019696604361863653,B,A,balanced_two_bloc,0.0,0.0,0.0,1.0,0.3125,0.11238915015049092,0.13268999414798247,0.0,-0.0,-0.0,0.0,0.0,0.0,0.5,0.0,0.0,0.0,0.0,0.019696604361863653,structural_mega_shock_regime
pres_2002,sido_31,B,이회창,국민의힘,267737.0,446321.0,0.649833355644474,0.5998756659134018,4.995768973107218,4.995768973107218,0.6501603679557131,0.6501603679557131,0.6579245764570568,0.10701880797321284,False,이회창,0.6667333200026662,0.36346249491517457,0.29336689493832596,0.22667955904182632,0.34793014053124677,0.2088239876799965,0.37408369081312504,0.12887559259174122,0.015229217587532049,0.001035278941537327,4.880907494741786e-05,0.0008751583264192354,0.0023160010968193254,0.2623895274692271,0.039358429120384064,True,0.543205476999332,0.5935414163076278,0.04265254468909526,0.023694727659217384,4.3957273482759565,0.6024419264988237,0.5135872522495861,0.6024419264988237,0.5515911612120298,1.0,3.395727348275956,0.3333333333333333,0.0,-0.050850765286793886,0.6024419264988237,0.0,0.0,0.3333333333333333,0.08615971226912568,1.3877787807814457e-17,1.3877787807814457e-17,0.33333333333333326,0.2870169555693772,0.0,0.0,0.3333333333333333,0.0,0.0,0.0,0.3333333333333333,0.0,0.0,0.0,0.3333333333333333,0.0,0.0,0.0,0.3333333333333333,0.543205476999332,0.04265254468909526,0.32798226604244707,camp_conservative,1.0,1.0,camp_conservative,1.0,0.0,0.0,0.0,0.034289963204860344,0.33333333333333326,8.215812777203899e-19,0.543205476999332,0.04265254468909526,0.6022952900849229,0.06972244387262998,0.32798226604244707,0.393367796877358,0.14983768012197396,-0.040068333484348385,0.3122153427082142,-0.0008736867938079966,0.005565859233497043,-0.018119131110875465,0.1855276397762233,-0.002083611327482553,0.008827193051919093,-0.01660674600903182,0.13216202051645543,-0.014896188645184723,0.15642549437223166,-0.0012232850783978465,0.00933346662037907,-0.019490558380588482,0.18994298372108012,0.11336154082971728,0.9999999999999999,0.0,B,B,0.4335622717947784,0.6579245764570568,0.6579245764570568,B,0.6831218567559293,0.6604965120913892,0.034289963204860344,0.3428996320486034,0.33333333333333326,0.0019929912131079735,0.6604965120913892,0.6604965120913892,0.6604965120913892,0.3402242259772715,0.6785142540977044,0.6604965120913892,0.8024891644372936,0.6841619541490399,0.543205476999332,0.04265254468909526,0.09830393246061267,-0.0006313952447912788,-0.00017721739573549832,-0.0005952899095617214,-0.0014039025500884985,0.0,0.6831218567559293,0.0,0.6831218567559293,0.0,none,0.0,0.4816432330134298,0.0,0.7563511280082635,0.0,0.0,0.0,0.0,0.0,0.2933908376056437,0.0,0.0,0.0,0.5,mainstream_conservative,none,,0.0,0.0,0.0,0.0,0.0,0.0,0.0,0.0,0.0,0.0,0.0,0.5,1.0,0.3223585463336728,1.0,0.0,0.0,0.0,0.0,0.18106849233311065,B,A,balanced_two_bloc,0.0,0.0,0.0,1.0,0.3125,0.11238915015049092,0.13268999414798247,0.0,-0.0,-0.0,0.0,0.0,0.0,0.5,0.0,0.0,0.0,0.0,0.18106849233311065,structural_mega_shock_regime
pres_2002,sido_41,A,노무현,더불어민주당,2430193.0,4550384.0,0.4890782645667456,0.5340634822557363,-4.498521768899072,4.498521768899072,0.4905741051404479,0.4905741051404479,0.49890949045838795,0.10701880797321284,False,노무현,0.6666444429628642,0.3588853488318464,0.2914221615100359,0.22568105297161342,0.3477837279447355,0.20731259236275248,0.3703446611093681,0.12192828389323469,-0.015227187498833804,-0.0010351409365435271,-4.880256858877843e-05,-0.0008750416658608802,-0.0023156923687034777,0.1357964817893399,0.020369472268400985,True,0.3220432610016386,0.34037101139996917,0.018327750398330567,0.022734225522700897,7.001547624488495,0.3220432610016386,0.3450011294330246,0.3220432610016386,0.38703488659913443,1.0,6.001547624488495,0.3333333333333333,0.06499162559749583,0.06499162559749583,0.550039307271913,0.0,0.0,0.3333333333333333,0.3220432610016386,0.0,0.0,0.3333333333333333,0.0582204292272907,0.0,0.0,0.3333333333333333,0.0,0.0,0.0,0.3333333333333333,0.0386818059425017,0.0,0.0,0.3333333333333333,0.0,0.0,0.0,0.3333333333333333,0.3220432610016386,0.018327750398330567,0.18475631004337711,camp_liberal,1.0,1.0,camp_liberal,0.0,1.0,0.0,0.0,-0.003066592845984123,0.33333333333333326,0.0,0.3220432610016386,0.018327750398330567,0.7423498951101515,0.07289379484647135,0.18475631004337711,0.30211708828348605,0.019926172718152557,0.04006833348434838,0.3306697719192465,0.0008736867938079964,0.006854795055991095,0.01811913111087546,0.16222078079165245,0.002083611327482553,0.01507512214650707,0.01660674600903182,0.1378397677929507,0.014896188645184723,0.1344814609407903,0.0012232850783978465,0.010038542872046292,0.019490558380588486,0.1717440463170022,0.11336154082971728,0.9689242878361867,0.0,A,A,0.5664377282052215,0.49890949045838795,0.49890949045838795,A,0.48852020207121477,0.49877769877123956,-0.003066592845984123,-0.03066592845984123,0.33333333333333326,-0.0003623748223683679,0.49877769877123956,0.49877769877123956,0.49877769877123956,0.6597757740227286,0.49203455838237564,0.49877769877123956,0.4325233385568705,0.4877353054021781,0.3220432610016386,0.018327750398330567,0.1473642940022089,0.0005250807636249177,0.0001068182087807799,0.001251770243647482,0.0018836692160531798,0.0,0.48852020207121477,0.0,0.48852020207121477,0.0,none,0.0,0.5465369932902613,0.0,0.7515862294987136,0.0,0.0,0.0,0.0,0.0,0.08519699401990244,0.0,0.0,0.0,0.5,mainstream_liberal,none,,0.0,0.0,-0.128928407125377,1.3278444282304676,6.0,0.2229466956513147,0.05174982860925352,0.8116109086252387,4.0,1.0,0.10463970165463193,0.5,0.5641328311890049,1.0,1.0,0.0,-0.0,0.0,0.0,0.10734775366721286,B,A,balanced_two_bloc,0.0,0.0,0.0,1.0,0.3125,0.11238915015049092,0.13268999414798247,0.0,-0.0,-0.0,0.0,0.0,0.0,0.5,0.0,0.0,0.0,0.0,0.10734775366721286,structural_mega_shock_regime
pres_2002,sido_41,B,이회창,국민의힘,2120191.0,4550384.0,0.5109217354332544,0.4659365177442637,4.498521768899066,4.498521768899066,0.5094258948595521,0.5094258948595521,0.501090509541612,0.10701880797321284,False,이회창,0.6667333200026662,0.36346249491517457,0.29336689493832596,0.22667955904182632,0.34793014053124677,0.2088239876799965,0.37408369081312504,0.12887559259174122,0.015229217587532049,0.001035278941537327,4.880907494741786e-05,0.0008751583264192354,0.0023160010968193254,0.2623895274692271,0.039358429120384064,True,0.4203066341085129,0.4844368773639909,0.05456604444814078,0.042904602720280724,7.001547624488495,0.550039307271913,0.3554402975268128,0.550039307271913,0.4141356624100298,1.0,6.001547624488495,0.3333333333333333,0.0,-0.13590364486188317,0.550039307271913,0.0,0.0,0.3333333333333333,0.3220432610016386,0.0,0.0,0.3333333333333333,0.0582204292272907,0.0,0.0,0.3333333333333333,0.0,0.0,0.0,0.3333333333333333,0.0386818059425017,0.0,0.0,0.3333333333333333,0.0,0.0,0.0,0.3333333333333333,0.4203066341085129,0.05456604444814078,0.18475631004337711,camp_conservative,1.0,1.0,camp_conservative,1.0,0.0,0.0,0.0,0.003066592845984123,0.33333333333333326,0.0,0.4203066341085129,0.05456604444814078,0.7423498951101515,0.07289379484647135,0.18475631004337711,0.393367796877358,0.026938837231154866,-0.040068333484348385,0.3122153427082142,-0.0008736867938079966,0.005565859233497043,-0.018119131110875465,0.1855276397762233,-0.002083611327482553,0.008827193051919093,-0.01660674600903182,0.13216202051645543,-0.014896188645184723,0.15642549437223166,-0.0012232850783978465,0.00933346662037907,-0.019490558380588482,0.18994298372108012,0.11336154082971728,0.9999999999999999,0.0,B,B,0.4335622717947784,0.501090509541612,0.501090509541612,B,0.5114797979287852,0.5012223012287604,0.003066592845984123,0.03066592845984123,0.33333333333333326,0.00016479474915661726,0.5012223012287604,0.5012223012287604,0.5012223012287604,0.3402242259772715,0.5079654416176244,0.5012223012287604,0.5674766614431295,0.512264694597822,0.4203066341085129,0.05456604444814078,0.03739201604116832,-0.0006524810545059721,-0.0003027947705555029,-0.0003024133823655139,-0.001257689207426989,0.0,0.5114797979287852,0.0,0.5114797979287852,0.0,none,0.0,0.4816432330134298,0.0,0.7563511280082635,0.0,0.0,0.0,0.0,0.0,0.08519699401990244,0.0,0.0,0.0,0.5,mainstream_conservative,none,,0.0,0.0,0.0,0.0,0.0,0.0,0.0,0.0,0.0,0.0,0.0,0.5,1.0,0.3223585463336728,1.0,0.0,0.0,0.0,0.0,0.1401022113695043,B,A,balanced_two_bloc,0.0,0.0,0.0,1.0,0.3125,0.11238915015049092,0.13268999414798247,0.0,-0.0,-0.0,0.0,0.0,0.0,0.5,0.0,0.0,0.0,0.0,0.1401022113695043,structural_mega_shock_regime
pres_2002,sido_42,A,노무현,더불어민주당,316722.0,717127.0,0.4210999695625347,0.4416536518730664,-2.055368231053162,2.055368231053162,0.421512568456888,0.421512568456888,0.4197320379758675,0.10701880797321284,False,노무현,0.6666444429628642,0.3588853488318464,0.2914221615100359,0.22568105297161342,0.3477837279447355,0.20731259236275248,0.3703446611093681,0.12192828389323469,-0.015227187498833804,-0.0010351409365435271,-4.880256858877843e-05,-0.0008750416658608802,-0.0023156923687034777,0.1357964817893399,0.020369472268400985,True,0.17754436042075472,0.22034345394030877,0.04279909351955405,0.04866073779928039,7.001547624488495,0.2170931128249389,0.1577699842186626,0.2170931128249389,0.2594686244979937,1.0,6.001547624488495,0.3333333333333333,0.04237551167305478,0.04237551167305478,0.6094869962537084,0.0,0.0,0.3333333333333333,0.2170931128249389,0.0,0.0,0.3333333333333333,0.0864477669194098,0.0,0.0,0.3333333333333333,0.0,0.0,0.0,0.3333333333333333,0.0629321305602732,0.0,0.0,0.3333333333333333,0.0,0.0,0.0,0.3333333333333333,0.17754436042075472,0.04279909351955405,0.24307317940129602,camp_liberal,1.0,1.0,camp_liberal,0.0,1.0,0.0,0.0,-0.020885232108926774,0.33333333333333326,0.0,0.17754436042075472,0.04279909351955405,0.6621409553218238,0.09478586527688009,0.24307317940129602,0.30211708828348605,-0.12457272786273133,0.04006833348434838,0.3306697719192465,0.0008736867938079964,0.006854795055991095,0.01811913111087546,0.16222078079165245,0.002083611327482553,0.01507512214650707,0.01660674600903182,0.1378397677929507,0.014896188645184723,0.1344814609407903,0.0012232850783978465,0.010038542872046292,0.019490558380588486,0.1717440463170022,0.11336154082971728,0.9689242878361867,0.0,A,A,0.5664377282052215,0.4197320379758675,0.4197320379758675,A,0.4033305453369796,0.4184746439016211,-0.020885232108926774,-0.20885232108926774,0.33333333333333326,-0.004016964318515411,0.4184746439016211,0.4184746439016211,0.4184746439016211,0.6597757740227286,0.40045557313387803,0.4184746439016211,0.322063416132301,0.4024061059400677,0.17754436042075472,0.04279909351955405,0.18206265199975893,0.0003508636735548902,0.00030233632658693794,0.0018744456485607565,0.002527645648702585,0.0,0.4033305453369796,0.0,0.4033305453369796,0.0,none,0.0,0.5465369932902613,0.0,0.7515862294987136,0.0,0.0,0.0,0.0,0.0,0.1426607014401825,0.0,0.0,0.0,0.5,mainstream_liberal,none,,0.0,0.0,-0.128928407125377,1.3278444282304676,6.0,0.2229466956513147,0.05174982860925352,0.8116109086252387,4.0,1.0,0.10463970165463193,0.5,0.5641328311890049,1.0,1.0,0.0,-0.0,0.0,0.0,0.0591814534735849,B,A,balanced_two_bloc,0.0,0.0,0.0,1.0,0.3125,0.11238915015049092,0.13268999414798247,0.0,-0.0,-0.0,0.0,0.0,0.0,0.5,0.0,0.0,0.0,0.0,0.0591814534735849,structural_mega_shock_regime
pres_2002,sido_42,B,이회창,국민의힘,400405.0,717127.0,0.5789000304374652,0.5583463481269336,2.055368231053156,2.055368231053156,0.578487431543112,0.578487431543112,0.5802679620241326,0.10701880797321284,False,이회창,0.6667333200026662,0.36346249491517457,0.29336689493832596,0.22667955904182632,0.34793014053124677,0.2088239876799965,0.37408369081312504,0.12887559259174122,0.015229217587532049,0.001035278941537327,4.880907494741786e-05,0.0008751583264192354,0.0023160010968193254,0.2623895274692271,0.039358429120384064,True,0.48459659490106916,0.5453132070909908,0.051986771757326036,0.045699621552574184,7.001547624488495,0.6094869962537084,0.4221513942247495,0.6094869962537084,0.47572631250963193,1.0,6.001547624488495,0.3333333333333333,0.0,-0.13376068374407646,0.6094869962537084,0.0,0.0,0.3333333333333333,0.2170931128249389,0.0,0.0,0.3333333333333333,0.0864477669194098,0.0,0.0,0.3333333333333333,0.0,0.0,0.0,0.3333333333333333,0.0629321305602732,0.0,0.0,0.3333333333333333,0.0,0.0,0.0,0.3333333333333333,0.48459659490106916,0.051986771757326036,0.24307317940129602,camp_conservative,1.0,1.0,camp_conservative,1.0,0.0,0.0,0.0,0.020885232108926774,0.33333333333333326,0.0,0.48459659490106916,0.051986771757326036,0.6621409553218238,0.09478586527688009,0.24307317940129602,0.393367796877358,0.09122879802371114,-0.040068333484348385,0.3122153427082142,-0.0008736867938079966,0.005565859233497043,-0.018119131110875465,0.1855276397762233,-0.002083611327482553,0.008827193051919093,-0.01660674600903182,0.13216202051645543,-0.014896188645184723,0.15642549437223166,-0.0012232850783978465,0.00933346662037907,-0.019490558380588482,0.18994298372108012,0.11336154082971728,0.9999999999999999,0.0,B,B,0.4335622717947784,0.5802679620241326,0.5802679620241326,B,0.5966694546630203,0.581525356098379,0.020885232108926774,0.20885232108926774,0.33333333333333326,0.0011478137913924816,0.581525356098379,0.581525356098379,0.581525356098379,0.3402242259772715,0.5995444268661221,0.581525356098379,0.6779365838676991,0.5975938940599324,0.48459659490106916,0.051986771757326036,0.06101052740153716,-0.000644867207609206,-0.0002472902658575879,-0.0004229754657516789,-0.0013151329392184728,0.0,0.5966694546630203,0.0,0.5966694546630203,0.0,none,0.0,0.4816432330134298,0.0,0.7563511280082635,0.0,0.0,0.0,0.0,0.0,0.1426607014401825,0.0,0.0,0.0,0.5,mainstream_conservative,none,,0.0,0.0,0.0,0.0,0.0,0.0,0.0,0.0,0.0,0.0,0.0,0.5,1.0,0.3223585463336728,1.0,0.0,0.0,0.0,0.0,0.16153219830035637,B,A,balanced_two_bloc,0.0,0.0,0.0,1.0,0.3125,0.11238915015049092,0.13268999414798247,0.0,-0.0,-0.0,0.0,0.0,0.0,0.5,0.0,0.0,0.0,0.0,0.16153219830035637,structural_mega_shock_regime
pres_2002,sido_43,A,노무현,더불어민주당,365623.0,676667.0,0.4661386679627082,0.5403295378432685,-7.4190869880560335,7.4190869880560335,0.46724659882377895,0.46724659882377895,0.4648795905428832,0.10701880797321284,False,노무현,0.6666444429628642,0.3588853488318464,0.2914221615100359,0.22568105297161342,0.3477837279447355,0.20731259236275248,0.3703446611093681,0.12192828389323469,-0.015227187498833804,-0.0010351409365435271,-4.880256858877843e-05,-0.0008750416658608802,-0.0023156923687034777,0.1357964817893399,0.020369472268400985,True,0.17283258382400557,0.22251980737482333,0.049687223550817755,0.039454219877779466,6.554654615982393,0.161658230281284,0.2159197605953663,0.161658230281284,0.29045059592159295,1.0,5.554654615982393,0.3333333333333333,0.12879236564030894,0.12879236564030894,0.5134615617732168,0.0,0.0,0.3333333333333333,0.161658230281284,0.0,0.0,0.3333333333333333,0.0733073690080161,0.0,0.0,0.3333333333333333,0.0,0.0,0.0,0.3333333333333333,0.22198285938915138,2.7755575615628914e-17,2.7755575615628914e-17,0.33333333333333326,0.0,0.0,0.0,0.3333333333333333,0.17283258382400557,0.049687223550817755,0.32734472227330946,camp_liberal,1.0,1.0,camp_liberal,0.0,1.0,0.0,0.0,-0.016518534770149414,0.33333333333333326,6.902302871279642e-19,0.17283258382400557,0.049687223550817755,0.5492747580660547,0.12338051966063582,0.32734472227330946,0.30211708828348605,-0.12928450445948048,0.04006833348434838,0.3306697719192465,0.0008736867938079964,0.006854795055991095,0.01811913111087546,0.16222078079165245,0.002083611327482553,0.01507512214650707,0.01660674600903182,0.1378397677929507,0.014896188645184723,0.1344814609407903,0.0012232850783978465,0.010038542872046292,0.019490558380588486,0.1717440463170022,0.11336154082971728,0.9689242878361867,0.0,A,A,0.5664377282052215,0.4648795905428832,0.4648795905428832,A,0.456395408234568,0.4636131422401177,-0.016518534770149414,-0.16518534770149412,0.33333333333333326,-0.003459095454065274,0.4636131422401177,0.4636131422401176,0.4636131422401177,0.6597757740227286,0.4702101791925559,0.4636131422401177,0.374281122663671,0.4487244723107099,0.17283258382400557,0.049687223550817755,0.22620466493588656,0.00030629644298838595,0.00031476417515430364,0.0020885186171663525,0.002709579235309042,0.0,0.4498113432810785,0.0,0.4498113432810785,0.0,none,0.0,0.5465369932902613,0.0,0.7515862294987136,0.0,0.0,0.0,0.0,0.0,0.15239320193575975,0.053140803649468306,0.014618733688432464,0.006584064953489455,0.5,mainstream_liberal,automatic_regional_policy_commitment,,0.0,0.0,-0.128928407125377,1.3278444282304676,6.0,0.2229466956513147,0.05174982860925352,0.8116109086252387,4.0,1.0,0.10463970165463193,0.5,0.5641328311890049,1.0,1.0,0.0,-0.0,0.0,0.0,0.053886076760428,B,A,balanced_two_bloc,0.0,0.0,0.0,1.0,0.3125,0.11238915015049092,0.13268999414798247,0.0,-0.0,-0.0,0.0,0.0,0.0,0.5,0.0,0.0,0.0,0.0,0.053886076760428,structural_mega_shock_regime
pres_2002,sido_43,B,이회창,국민의힘,311044.0,676667.0,0.5338613320372918,0.4596704621567314,7.41908698805604,7.41908698805604,0.5327534011762209,0.5327534011762209,0.5351204094571168,0.10701880797321284,False,이회창,0.6667333200026662,0.36346249491517457,0.29336689493832596,0.22667955904182632,0.34793014053124677,0.2088239876799965,0.37408369081312504,0.12887559259174122,0.015229217587532049,0.001035278941537327,4.880907494741786e-05,0.0008751583264192354,0.0023160010968193254,0.2623895274692271,0.039358429120384064,True,0.3764421742420492,0.46751009213208217,0.07369329610981806,0.06100415039940131,7.001547624488495,0.5134615617732168,0.3079324804764654,0.5134615617732168,0.4070343573115148,1.0,6.001547624488495,0.3333333333333333,0.0,-0.10642720446170195,0.5134615617732168,0.0,0.0,0.3333333333333333,0.161658230281284,0.0,0.0,0.3333333333333333,0.0733073690080161,0.0,0.0,0.3333333333333333,0.0,0.0,0.0,0.3333333333333333,0.22198285938915138,2.7755575615628914e-17,2.7755575615628914e-17,0.33333333333333326,0.0,0.0,0.0,0.3333333333333333,0.3764421742420492,0.07369329610981806,0.32734472227330946,camp_conservative,1.0,1.0,camp_conservative,1.0,0.0,0.0,0.0,0.016518534770149414,0.33333333333333326,7.21838597710587e-19,0.3764421742420492,0.07369329610981806,0.5492747580660547,0.12338051966063582,0.32734472227330946,0.393367796877358,-0.016925622635308835,-0.040068333484348385,0.3122153427082142,-0.0008736867938079966,0.005565859233497043,-0.018119131110875465,0.1855276397762233,-0.002083611327482553,0.008827193051919093,-0.01660674600903182,0.13216202051645543,-0.014896188645184723,0.15642549437223166,-0.0012232850783978465,0.00933346662037907,-0.019490558380588482,0.18994298372108012,0.11336154082971728,0.9999999999999999,0.0,B,B,0.4335622717947784,0.5351204094571168,0.5351204094571168,B,0.543604591765432,0.5363868577598824,0.016518534770149414,0.16518534770149412,0.33333333333333326,0.0016327365451109077,0.5363868577598824,0.5363868577598824,0.5363868577598824,0.3402242259772715,0.5297898208074441,0.5363868577598824,0.6257188773363291,0.5512755276892901,0.3764421742420492,0.07369329610981806,0.10114005733742287,-0.00054303227901407,-0.0003799964954701237,-0.0007601005229792211,-0.0016831292974634148,0.0,0.5501886567189216,0.0,0.5501886567189216,0.0,none,0.0,0.4816432330134298,0.0,0.7563511280082635,0.0,0.0,0.0,0.0,0.0,0.15239320193575975,0.0,-0.011951668136301689,-0.006584064953489621,0.5,mainstream_conservative,none,,0.0,0.0,0.0,0.0,0.0,0.0,0.0,0.0,0.0,0.0,0.0,0.5,1.0,0.3223585463336728,1.0,0.0,0.0,0.0,0.0,0.12548072474734973,B,A,balanced_two_bloc,0.0,0.0,0.0,1.0,0.3125,0.11238915015049092,0.13268999414798247,0.0,-0.0,-0.0,0.0,0.0,0.0,0.5,0.0,0.0,0.0,0.0,0.12548072474734973,structural_mega_shock_regime
pres_2002,sido_44,A,노무현,더불어민주당,474531.0,849641.0,0.5299515093955849,0.5585078245300676,-2.855631513448276,2.855631513448276,0.5313932696818255,0.5313932696818255,0.5186466182648765,0.10701880797321284,False,노무현,0.6666444429628642,0.3588853488318464,0.2914221615100359,0.22568105297161342,0.3477837279447355,0.20731259236275248,0.3703446611093681,0.12192828389323469,-0.015227187498833804,-0.0010351409365435271,-4.880256858877843e-05,-0.0008750416658608802,-0.0023156923687034777,0.1357964817893399,0.020369472268400985,True,0.1185631680485948,0.21587450854105605,0.08907634080017743,0.06811001477295808,6.554654615982393,0.1185631680485948,0.1530718711690966,0.1185631680485948,0.30203017878728666,1.0,5.554654615982393,0.3333333333333333,0.18346701073869187,0.18346701073869187,0.330882794094707,0.0,0.0,0.3333333333333333,0.1185631680485948,0.0,0.0,0.3333333333333333,0.0454043056427732,0.0,0.0,0.3333333333333333,0.0,0.0,0.0,0.3333333333333333,0.404641625302151,0.0,0.0,0.3333333333333333,0.0,0.0,0.0,0.3333333333333333,0.1185631680485948,0.08907634080017743,0.46147769705652075,camp_liberal,1.0,1.0,camp_liberal,0.0,1.0,0.0,0.0,-0.0014409586622814718,0.33333333333333326,0.0,0.1185631680485948,0.08907634080017743,0.3856409394391464,0.15288136350433282,0.46147769705652075,0.30211708828348605,-0.18355392023489125,0.04006833348434838,0.3306697719192465,0.0008736867938079964,0.006854795055991095,0.01811913111087546,0.16222078079165245,0.002083611327482553,0.01507512214650707,0.01660674600903182,0.1378397677929507,0.014896188645184723,0.1344814609407903,0.0012232850783978465,0.010038542872046292,0.019490558380588486,0.1717440463170022,0.11336154082971728,0.9689242878361867,0.0,A,A,0.5664377282052215,0.5186466182648765,0.5186466182648765,A,0.5257398347044997,0.51850073650184,-0.0014409586622814718,-0.014409586622814718,0.33333333333333326,-0.0003705179936410218,0.51850073650184,0.51850073650184,0.51850073650184,0.6597757740227286,0.5239023927580083,0.51850073650184,0.4469160346517513,0.5065699528601586,0.1185631680485948,0.08907634080017743,0.29893044401138635,0.00018612574772501825,0.000499854107525413,0.00244482214427649,0.0031308019995269216,0.0,0.5078930804301411,0.0,0.5078930804301411,0.0,none,0.0,0.5465369932902613,0.0,0.7515862294987136,0.0,0.0,0.0,0.0,0.0,0.29357876412347655,0.14295098349503207,0.035173584068610986,0.017846754274358556,0.5,mainstream_liberal,automatic_regional_policy_commitment,,0.0,0.0,-0.128928407125377,1.3278444282304676,6.0,0.2229466956513147,0.05174982860925352,0.8116109086252387,4.0,1.0,0.10463970165463193,0.5,0.5641328311890049,1.0,1.0,0.0,-0.0,0.0,0.0,0.039521056016198264,B,A,balanced_two_bloc,0.0,0.0,0.0,1.0,0.3125,0.11238915015049092,0.13268999414798247,0.0,-0.0,-0.0,0.0,0.0,0.0,0.5,0.0,0.0,0.0,0.0,0.039521056016198264,structural_mega_shock_regime
pres_2002,sido_44,B,이회창,국민의힘,375110.0,849641.0,0.470048490604415,0.4414921754699322,2.855631513448281,2.855631513448281,0.4686067303181745,0.4686067303181745,0.48135338173512354,0.10701880797321284,False,이회창,0.6667333200026662,0.36346249491517457,0.29336689493832596,0.22667955904182632,0.34793014053124677,0.2088239876799965,0.37408369081312504,0.12887559259174122,0.015229217587532049,0.001035278941537327,4.880907494741786e-05,0.0008751583264192354,0.0023160010968193254,0.2623895274692271,0.039358429120384064,True,0.2670777713905516,0.330882794094707,0.06380502270415539,0.057362786032857466,7.001547624488495,0.330882794094707,0.2351752600384739,0.330882794094707,0.32082535279066143,1.0,6.001547624488495,0.3333333333333333,0.0,-0.010057441304045567,0.330882794094707,0.0,0.0,0.3333333333333333,0.1185631680485948,0.0,0.0,0.3333333333333333,0.0454043056427732,0.0,0.0,0.3333333333333333,0.0,0.0,0.0,0.3333333333333333,0.404641625302151,0.0,0.0,0.3333333333333333,0.0,0.0,0.0,0.3333333333333333,0.2670777713905516,0.06380502270415539,0.46147769705652075,camp_conservative,1.0,1.0,camp_conservative,1.0,0.0,0.0,0.0,0.0014409586622814718,0.33333333333333326,0.0,0.2670777713905516,0.06380502270415539,0.3856409394391464,0.15288136350433282,0.46147769705652075,0.393367796877358,-0.1262900254868064,-0.040068333484348385,0.3122153427082142,-0.0008736867938079966,0.005565859233497043,-0.018119131110875465,0.1855276397762233,-0.002083611327482553,0.008827193051919093,-0.01660674600903182,0.13216202051645543,-0.014896188645184723,0.15642549437223166,-0.0012232850783978465,0.00933346662037907,-0.019490558380588482,0.18994298372108012,0.11336154082971728,0.9999999999999999,0.0,B,B,0.4335622717947784,0.48135338173512354,0.48135338173512354,B,0.4742601652955004,0.48149926349815997,0.0014409586622814718,0.014409586622814718,0.33333333333333326,0.00021381539949483805,0.48149926349815997,0.48149926349815997,0.48149926349815997,0.3402242259772715,0.4760976072419917,0.48149926349815997,0.5530839653482487,0.49343004713984145,0.2670777713905516,0.06380502270415539,0.16254725304513445,-0.00043043565404517827,-0.00036757807465007174,-0.0013648049594555734,-0.002162818688150823,0.0,0.49210691956985886,0.0,0.49210691956985886,0.0,none,0.0,0.4816432330134298,0.0,0.7563511280082635,0.0,0.0,0.0,0.0,0.0,0.29357876412347655,0.0,-0.03630190767890505,-0.017846754274358445,0.5,mainstream_conservative,none,,0.0,0.0,0.0,0.0,0.0,0.0,0.0,0.0,0.0,0.0,0.0,0.5,1.0,0.3223585463336728,1.0,0.0,0.0,0.0,0.0,0.08902592379685054,B,A,balanced_two_bloc,0.0,0.0,0.0,1.0,0.3125,0.11238915015049092,0.13268999414798247,0.0,-0.0,-0.0,0.0,0.0,0.0,0.5,0.0,0.0,0.0,0.0,0.08902592379685054,structural_mega_shock_regime
pres_2002,sido_45,A,노무현,더불어민주당,966053.0,1031387.0,0.9525608600818596,0.9366539715525812,1.590688852927857,1.590688852927857,0.9598650650407324,0.9598650650407324,0.8808885901862445,0.10701880797321284,False,노무현,0.6666444429628642,0.3588853488318464,0.2914221615100359,0.22568105297161342,0.3477837279447355,0.20731259236275248,0.3703446611093681,0.12192828389323469,-0.015227187498833804,-0.0010351409365435271,-4.880256858877843e-05,-0.0008750416658608802,-0.0023156923687034777,0.1357964817893399,0.020369472268400985,True,0.770931583855398,0.770931583855398,0.0,0.05106214686912335,7.001547624488495,0.6518612836991013,0.8679667339335463,0.6518612836991013,0.8679667339335463,1.0,6.001547624488495,0.3333333333333333,0.21610545023444494,0.21610545023444494,0.0968907495800112,0.0,0.0,0.3333333333333333,0.6518612836991013,0.0,0.0,0.3333333333333333,0.1276552625263326,0.0,0.0,0.3333333333333333,0.0,0.0,0.0,0.3333333333333333,0.0540385589717607,0.0,0.0,0.3333333333333333,0.0,0.0,0.0,0.3333333333333333,0.770931583855398,0.0,0.13217766656459085,camp_liberal,1.0,1.0,camp_liberal,0.0,1.0,0.0,0.0,0.08177943879334171,0.33333333333333326,0.0,0.770931583855398,0.0,0.8335138805330391,0.03430845290237007,0.13217766656459085,0.30211708828348605,0.4688144955719119,0.04006833348434838,0.3306697719192465,0.0008736867938079964,0.006854795055991095,0.01811913111087546,0.16222078079165245,0.002083611327482553,0.01507512214650707,0.01660674600903182,0.1378397677929507,0.014896188645184723,0.1344814609407903,0.0012232850783978465,0.010038542872046292,0.019490558380588486,0.1717440463170022,0.11336154082971728,0.9689242878361867,0.0,A,A,0.5664377282052215,0.8808885901862445,0.8808885901862445,A,0.8837529971679272,0.8825923992806798,0.08177943879334171,0.8177943879334171,0.33333333333333326,0.003402708874240781,0.88259239928068,0.8825923992806799,0.8825923992806799,0.6597757740227286,0.8807750921907526,0.8825923992806799,0.8875905877199619,0.8834254306872269,0.770931583855398,0.0,0.11249384683182895,0.0006939721272345157,0.0,0.0005275643259047544,0.00122153645313927,0.0,0.8837529971679271,0.0,0.8837529971679271,0.0,none,0.0,0.5465369932902613,0.0,0.7515862294987136,0.0,0.0,0.0,0.0,0.0,0.3940011449361516,0.0,0.0,0.0,0.5,mainstream_liberal,none,,0.0,0.0,-0.128928407125377,1.3278444282304676,6.0,0.2229466956513147,0.05174982860925352,0.8116109086252387,4.0,1.0,0.10463970165463193,0.5,0.5641328311890049,1.0,1.0,0.0,-0.0,0.0,0.0,0.2172870945663671,B,A,balanced_two_bloc,0.0,0.0,0.0,1.0,0.3125,0.11238915015049092,0.13268999414798247,0.0,-0.0,-0.0,0.0,0.0,0.0,0.5,0.0,0.0,0.0,0.0,0.2172870945663671,structural_mega_shock_regime
pres_2002,sido_45,B,이회창,국민의힘,65334.0,1031387.0,0.0474391399181403,0.0633460284474189,-1.5906888529278551,1.5906888529278551,0.040134934959267475,0.040134934959267475,0.11911140981375543,0.10701880797321284,False,이회창,0.6667333200026662,0.36346249491517457,0.29336689493832596,0.22667955904182632,0.34793014053124677,0.2088239876799965,0.37408369081312504,0.12887559259174122,0.015229217587532049,0.001035278941537327,4.880907494741786e-05,0.0008751583264192354,0.0023160010968193254,0.2623895274692271,0.039358429120384064,True,0.06258229667764113,0.0968907495800112,0.03430845290237007,0.05176198290714836,6.706724483187167,0.0968907495800112,0.0454280702264561,0.0968907495800112,0.09817308139169957,1.0,5.706724483187167,0.3333333333333333,0.001282331811688367,0.001282331811688367,0.0968907495800112,0.0,0.0,0.3333333333333333,0.6518612836991013,0.0,0.0,0.3333333333333333,0.1276552625263326,0.0,0.0,0.3333333333333333,0.0,0.0,0.0,0.3333333333333333,0.0540385589717607,0.0,0.0,0.3333333333333333,0.0,0.0,0.0,0.3333333333333333,0.06258229667764113,0.03430845290237007,0.13217766656459085,camp_conservative,1.0,1.0,camp_conservative,1.0,0.0,0.0,0.0,-0.08177943879334171,0.33333333333333326,0.0,0.06258229667764113,0.03430845290237007,0.8335138805330391,0.03430845290237007,0.13217766656459085,0.393367796877358,-0.33078550019971686,-0.040068333484348385,0.3122153427082142,-0.0008736867938079966,0.005565859233497043,-0.018119131110875465,0.1855276397762233,-0.002083611327482553,0.008827193051919093,-0.01660674600903182,0.13216202051645543,-0.014896188645184723,0.15642549437223166,-0.0012232850783978465,0.00933346662037907,-0.019490558380588482,0.18994298372108012,0.11336154082971728,0.9999999999999999,0.0,B,B,0.4335622717947784,0.11911140981375543,0.11911140981375543,B,0.1162470028320728,0.1174076007193201,-0.08177943879334171,-0.8177943879334171,0.33333333333333326,-0.012937241290836368,0.11740760071932013,0.11740760071932015,0.11740760071932012,0.3402242259772715,0.11922490780924745,0.11740760071932012,0.11240941228003812,0.11657456931277312,0.06258229667764113,0.03430845290237007,0.019683819732761912,-0.00042691730943989967,-0.0008365995719911991,-0.0006995553928617,-0.0019630722742927987,0.0,0.11624700283207279,0.0,0.11624700283207279,0.0,none,0.0,0.4816432330134298,0.0,0.7563511280082635,0.0,0.0,0.0,0.0,0.0,0.3940011449361516,0.0,0.0,0.0,0.5,mainstream_conservative,none,,0.0,0.0,0.0,0.0,0.0,0.0,0.0,0.0,0.0,0.0,0.0,0.5,1.0,0.3223585463336728,1.0,0.0,0.0,0.0,0.0,0.02086076555921371,B,A,balanced_two_bloc,0.0,0.0,0.0,1.0,0.3125,0.11238915015049092,0.13268999414798247,0.0,-0.0,-0.0,0.0,0.0,0.0,0.5,0.0,0.0,0.0,0.0,0.02086076555921371,structural_mega_shock_regime
pres_2002,sido_46,A,노무현,더불어민주당,1070506.0,1123580.0,0.9795237317309452,0.9527639308604088,2.675980087053653,2.675980087053653,0.9870726580562696,0.9870726580562696,0.899870743797293,0.10701880797321284,False,노무현,0.6666444429628642,0.3588853488318464,0.2914221615100359,0.22568105297161342,0.3477837279447355,0.20731259236275248,0.3703446611093681,0.12192828389323469,-0.015227187498833804,-0.0010351409365435271,-4.880256858877843e-05,-0.0008750416658608802,-0.0023156923687034777,0.1357964817893399,0.020369472268400985,True,0.7938743769572557,0.7938743769572557,0.0,0.04006460467696632,7.001547624488495,0.6738606443371092,0.8913812432673289,0.6738606443371093,0.8913812432673289,1.0,6.001547624488495,0.3333333333333333,0.21752059893021958,0.21752059893021958,0.0743695560130536,0.0,0.0,0.3333333333333333,0.6738606443371093,-1.1102230246251565e-16,1.1102230246251565e-16,0.33333333333333326,0.1499312886013979,0.0,0.0,0.3333333333333333,0.0,0.0,0.0,0.3333333333333333,0.0691004684442511,0.0,0.0,0.3333333333333333,0.0,0.0,0.0,0.3333333333333333,0.7938743769572557,0.0,0.13175606702969067,camp_liberal,1.0,1.0,camp_liberal,0.0,1.0,0.0,0.0,0.08660212716639352,0.33333333333333326,7.87634052637197e-17,0.7938743769572557,0.0,0.8399336771358265,0.028310255834482864,0.13175606702969067,0.30211708828348605,0.49175728867376967,0.04006833348434838,0.3306697719192465,0.0008736867938079964,0.006854795055991095,0.01811913111087546,0.16222078079165245,0.002083611327482553,0.01507512214650707,0.01660674600903182,0.1378397677929507,0.014896188645184723,0.1344814609407903,0.0012232850783978465,0.010038542872046292,0.019490558380588486,0.1717440463170022,0.11336154082971728,0.9689242878361867,0.0,A,A,0.5664377282052215,0.899870743797293,0.899870743797293,A,0.9037108878076882,0.9015687491634494,0.08660212716639352,0.8660212716639352,0.33333333333333326,0.0034003071750507634,0.9015687491634494,0.9015687491634494,0.9015687491634494,0.6597757740227286,0.8994822590199378,0.9015687491634494,0.9126615295039096,0.9034175458868594,0.7938743769572557,0.0,0.1095431689296037,0.0006988103845771466,0.0,0.0005023580069394537,0.0012011683915166002,0.0,0.9037108878076882,0.0,0.9037108878076882,0.0,none,0.0,0.5465369932902613,0.0,0.7515862294987136,0.0,0.0,0.0,0.0,0.0,0.40455651892665523,0.0,0.0,0.0,0.5,mainstream_liberal,none,,0.0,0.0,-0.128928407125377,1.3278444282304676,6.0,0.2229466956513147,0.05174982860925352,0.8116109086252387,4.0,1.0,0.10463970165463193,0.5,0.5641328311890049,1.0,1.0,0.0,-0.0,0.0,0.0,0.2246202147790364,B,A,balanced_two_bloc,0.0,0.0,0.0,1.0,0.3125,0.11238915015049092,0.13268999414798247,0.0,-0.0,-0.0,0.0,0.0,0.0,0.5,0.0,0.0,0.0,0.0,0.2246202147790364,structural_mega_shock_regime
pres_2002,sido_46,B,이회창,국민의힘,53074.0,1123580.0,0.0204762682690546,0.0472360691395912,-2.67598008705366,2.67598008705366,0.012927341943730377,0.012927341943730377,0.10012925620270696,0.10701880797321284,False,이회창,0.6667333200026662,0.36346249491517457,0.29336689493832596,0.22667955904182632,0.34793014053124677,0.2088239876799965,0.37408369081312504,0.12887559259174122,0.015229217587532049,0.001035278941537327,4.880907494741786e-05,0.0008751583264192354,0.0023160010968193254,0.2623895274692271,0.039358429120384064,True,0.04605930017857074,0.0743695560130536,0.028310255834482864,0.03808022489845778,7.001547624488495,0.0743695560130536,0.0319041722613293,0.0743695560130536,0.08370916611237138,1.0,6.001547624488495,0.3333333333333333,0.009339610099317774,0.009339610099317774,0.0743695560130536,0.0,0.0,0.3333333333333333,0.6738606443371093,-1.1102230246251565e-16,1.1102230246251565e-16,0.33333333333333326,0.1499312886013979,0.0,0.0,0.3333333333333333,0.0,0.0,0.0,0.3333333333333333,0.0691004684442511,0.0,0.0,0.3333333333333333,0.0,0.0,0.0,0.3333333333333333,0.04605930017857074,0.028310255834482864,0.13175606702969067,camp_conservative,1.0,1.0,camp_conservative,1.0,0.0,0.0,0.0,-0.08660212716639352,0.33333333333333326,6.572650221763119e-18,0.04605930017857074,0.028310255834482864,0.8399336771358265,0.028310255834482864,0.13175606702969067,0.393367796877358,-0.3473084966987873,-0.040068333484348385,0.3122153427082142,-0.0008736867938079966,0.005565859233497043,-0.018119131110875465,0.1855276397762233,-0.002083611327482553,0.008827193051919093,-0.01660674600903182,0.13216202051645543,-0.014896188645184723,0.15642549437223166,-0.0012232850783978465,0.00933346662037907,-0.019490558380588482,0.18994298372108012,0.11336154082971728,0.9999999999999999,0.0,B,B,0.4335622717947784,0.10012925620270696,0.10012925620270696,B,0.09628911219231179,0.09843125083655065,-0.08660212716639352,-0.8660212716639352,0.33333333333333326,-0.015588428347734523,0.09843125083655065,0.09843125083655063,0.09843125083655065,0.3402242259772715,0.10051774098006222,0.09843125083655065,0.08733847049609046,0.09658245411314062,0.04605930017857074,0.028310255834482864,0.022212898100087017,-0.000379240914260874,-0.0008332318853237698,-0.0009528478039503005,-0.0021653206035349443,0.0,0.09628911219231179,0.0,0.09628911219231179,0.0,none,0.0,0.4816432330134298,0.0,0.7563511280082635,0.0,0.0,0.0,0.0,0.0,0.40455651892665523,0.0,0.0,0.0,0.5,mainstream_conservative,none,,0.0,0.0,0.0,0.0,0.0,0.0,0.0,0.0,0.0,0.0,0.0,0.5,1.0,0.3223585463336728,1.0,0.0,0.0,0.0,0.0,0.015353100059523579,B,A,balanced_two_bloc,0.0,0.0,0.0,1.0,0.3125,0.11238915015049092,0.13268999414798247,0.0,-0.0,-0.0,0.0,0.0,0.0,0.5,0.0,0.0,0.0,0.0,0.015353100059523579,structural_mega_shock_regime
pres_2002,sido_47,A,노무현,더불어민주당,311358.0,1367804.0,0.2754615488626138,0.227633601268258,4.7827947594355855,4.7827947594355855,0.2746385144335419,0.2746385144335419,0.27658695692341007,0.10701880797321284,False,노무현,0.6666444429628642,0.3588853488318464,0.2914221615100359,0.22568105297161342,0.3477837279447355,0.20731259236275248,0.3703446611093681,0.12192828389323469,-0.015227187498833804,-0.0010351409365435271,-4.880256858877843e-05,-0.0008750416658608802,-0.0023156923687034777,0.1357964817893399,0.020369472268400985,True,0.078485593824758,0.078485593824758,0.0,0.02109131135361225,6.554654615982393,0.078485593824758,0.0888936824846449,0.078485593824758,0.11126363235542254,1.0,5.554654615982393,0.3333333333333333,0.032778038530664536,0.032778038530664536,0.749080694285274,0.0,0.0,0.3333333333333333,0.078485593824758,0.0,0.0,0.3333333333333333,0.04496114370304,0.0,0.0,0.3333333333333333,0.0,0.0,0.0,0.3333333333333333,0.0441047810633548,0.0,0.0,0.3333333333333333,0.0,0.0,0.0,0.3333333333333333,0.078485593824758,0.0,0.20888357946058722,camp_liberal,1.0,1.0,camp_liberal,0.0,1.0,0.0,0.0,-0.05103103116207516,0.33333333333333326,0.0,0.078485593824758,0.0,0.740994195487684,0.050122225051728864,0.20888357946058722,0.30211708828348605,-0.22363149445872804,0.04006833348434838,0.3306697719192465,0.0008736867938079964,0.006854795055991095,0.01811913111087546,0.16222078079165245,0.002083611327482553,0.01507512214650707,0.01660674600903182,0.1378397677929507,0.014896188645184723,0.1344814609407903,0.0012232850783978465,0.010038542872046292,0.019490558380588486,0.1717440463170022,0.11336154082971728,0.9689242878361867,0.0,A,A,0.5664377282052215,0.27658695692341007,0.27658695692341007,A,0.25163041180682216,0.27387097775366415,-0.05103103116207516,-0.5103103116207516,0.33333333333333326,-0.012183409931288818,0.27387097775366415,0.2738709777536641,0.27387097775366415,0.6597757740227286,0.24937134897325083,0.27387097775366415,0.1356927439683142,0.25084127212277246,0.078485593824758,0.0,0.17235567829801446,0.00024882100516152825,0.0,0.0028467095007316157,0.0030955305058931438,0.0,0.25163041180682216,0.0,0.25163041180682216,0.0,none,0.0,0.5465369932902613,0.0,0.7515862294987136,0.0,0.0,0.0,0.0,0.0,0.2742638846009199,0.0,0.0,0.0,0.5,mainstream_liberal,none,,0.0,0.0,-0.128928407125377,1.3278444282304676,6.0,0.2229466956513147,0.05174982860925352,0.8116109086252387,4.0,1.0,0.10463970165463193,0.5,0.5641328311890049,1.0,1.0,0.0,-0.0,0.0,0.0,0.026161864608252667,B,A,balanced_two_bloc,0.0,0.0,0.0,1.0,0.3125,0.11238915015049092,0.13268999414798247,0.0,-0.0,-0.0,0.0,0.0,0.0,0.5,0.0,0.0,0.0,0.0,0.026161864608252667,structural_mega_shock_regime
pres_2002,sido_47,B,이회창,국민의힘,1056446.0,1367804.0,0.7245384511373861,0.772366398731742,-4.782794759435582,4.782794759435582,0.725361485566458,0.725361485566458,0.7234130430765899,0.10701880797321284,False,이회창,0.6667333200026662,0.36346249491517457,0.29336689493832596,0.22667955904182632,0.34793014053124677,0.2088239876799965,0.37408369081312504,0.12887559259174122,0.015229217587532049,0.001035278941537327,4.880907494741786e-05,0.0008751583264192354,0.0023160010968193254,0.2623895274692271,0.039358429120384064,True,0.6625086016629259,0.7207575125585743,0.050122225051728864,0.0620125918122546,7.001547624488495,0.749080694285274,0.6192225553517519,0.749080694285274,0.6690959216952245,1.0,6.001547624488495,0.3333333333333333,0.0,-0.07998477259004955,0.749080694285274,0.0,0.0,0.3333333333333333,0.078485593824758,0.0,0.0,0.3333333333333333,0.04496114370304,0.0,0.0,0.3333333333333333,0.0,0.0,0.0,0.3333333333333333,0.0441047810633548,0.0,0.0,0.3333333333333333,0.0,0.0,0.0,0.3333333333333333,0.6625086016629259,0.050122225051728864,0.20888357946058722,camp_conservative,1.0,1.0,camp_conservative,1.0,0.0,0.0,0.0,0.05103103116207516,0.33333333333333326,0.0,0.6625086016629259,0.050122225051728864,0.740994195487684,0.050122225051728864,0.20888357946058722,0.393367796877358,0.2691408047855679,-0.040068333484348385,0.3122153427082142,-0.0008736867938079966,0.005565859233497043,-0.018119131110875465,0.1855276397762233,-0.002083611327482553,0.008827193051919093,-0.01660674600903182,0.13216202051645543,-0.014896188645184723,0.15642549437223166,-0.0012232850783978465,0.00933346662037907,-0.019490558380588482,0.18994298372108012,0.11336154082971728,0.9999999999999999,0.0,B,B,0.4335622717947784,0.7234130430765899,0.7234130430765899,B,0.7483695881931779,0.7261290222463359,0.05103103116207516,0.5103103116207516,0.33333333333333326,0.0014321078289619273,0.7261290222463359,0.7261290222463359,0.7261290222463359,0.3402242259772715,0.7506286510267491,0.7261290222463359,0.8643072560316858,0.7491587278772276,0.6616439795928719,0.050056811890494185,0.037457936393861496,-0.0007023387137044733,-0.0001899370400111992,-0.0002071507708881006,-0.001099426524603773,0.0,0.7483695881931779,0.0,0.7483695881931779,0.0,none,0.0,0.4816432330134298,0.0,0.7563511280082635,0.0,0.0,0.0,0.0,0.0,0.2742638846009199,0.0,0.0,0.0,0.5,mainstream_conservative,none,,0.0,0.0,0.0,0.0,0.0,0.0,0.0,0.0,0.0,0.0,0.0,0.5,1.0,0.3223585463336728,1.0,0.0,0.0,0.0,0.0,0.22054799319762397,B,A,balanced_two_bloc,0.0,0.0,0.0,1.0,0.3125,0.11238915015049092,0.13268999414798247,0.0,-0.0,-0.0,0.0,0.0,0.0,0.5,0.0,0.0,0.0,0.0,0.22054799319762397,structural_mega_shock_regime
pres_2002,sido_48,A,노무현,더불어민주당,434642.0,1518206.0,0.2772221220441335,0.2862865761944374,-0.9064454150303936,0.9064454150303936,0.27643348648739335,0.27643348648739335,0.2787012492904107,0.10701880797321284,False,노무현,0.6666444429628642,0.3588853488318464,0.2914221615100359,0.22568105297161342,0.3477837279447355,0.20731259236275248,0.3703446611093681,0.12192828389323469,-0.015227187498833804,-0.0010351409365435271,-4.880256858877843e-05,-0.0008750416658608802,-0.0023156923687034777,0.1357964817893399,0.020369472268400985,True,0.09836881843391701,0.1078798247430474,0.00951100630913039,0.027738203964039768,7.001547624488495,0.1078798247430474,0.0936133152793518,0.1078798247430474,0.12553249688617063,1.0,6.001547624488495,0.3333333333333333,0.01765267214312323,0.01765267214312323,0.7450967824637867,0.0,0.0,0.3333333333333333,0.1078798247430474,0.0,0.0,0.3333333333333333,0.0895669194284756,0.0,0.0,0.3333333333333333,0.0,0.0,0.0,0.3333333333333333,0.0334613576826113,0.0,0.0,0.3333333333333333,0.0,0.0,0.0,0.3333333333333333,0.09836881843391701,0.00951100630913039,0.18355740217570216,camp_liberal,1.0,1.0,camp_liberal,0.0,1.0,0.0,0.0,-0.04740966479595432,0.33333333333333326,0.0,0.09836881843391701,0.00951100630913039,0.7143720661521352,0.10207053167216261,0.18355740217570216,0.30211708828348605,-0.20374826984956904,0.04006833348434838,0.3306697719192465,0.0008736867938079964,0.006854795055991095,0.01811913111087546,0.16222078079165245,0.002083611327482553,0.01507512214650707,0.01660674600903182,0.1378397677929507,0.014896188645184723,0.1344814609407903,0.0012232850783978465,0.010038542872046292,0.019490558380588486,0.1717440463170022,0.11336154082971728,0.9689242878361867,0.0,A,A,0.5664377282052215,0.2787012492904107,0.2787012492904107,A,0.25735591978971917,0.27618890749247743,-0.04740966479595432,-0.4740966479595432,0.33333333333333326,-0.010225405783090303,0.27618890749247743,0.27618890749247743,0.27618890749247743,0.6597757740227286,0.2868192095709047,0.27618890749247743,0.15857634311211188,0.2565868134290832,0.09836881843391701,0.00951100630913039,0.14870698868603577,0.0003048731709750188,0.00010536890325645083,0.0024011185088647783,0.002811360583096248,0.0,0.25735591978971917,0.0,0.25735591978971917,0.0,none,0.0,0.5465369932902613,0.0,0.7515862294987136,0.0,0.0,0.0,0.0,0.0,0.22243628486509662,0.0,0.0,0.0,0.5,mainstream_liberal,none,,0.0,0.0,-0.128928407125377,1.3278444282304676,6.0,0.2229466956513147,0.05174982860925352,0.8116109086252387,4.0,1.0,0.10463970165463193,0.5,0.5641328311890049,1.0,1.0,0.0,-0.0,0.0,0.0,0.032789606144639,B,A,balanced_two_bloc,0.0,0.0,0.0,1.0,0.3125,0.11238915015049092,0.13268999414798247,0.0,-0.0,-0.0,0.0,0.0,0.0,0.5,0.0,0.0,0.0,0.0,0.032789606144639,structural_mega_shock_regime
pres_2002,sido_48,B,이회창,국민의힘,1083564.0,1518206.0,0.7227778779558665,0.7137134238055626,0.906445415030388,0.906445415030388,0.7235665135126067,0.7235665135126067,0.7212987507095893,0.10701880797321284,False,이회창,0.6667333200026662,0.36346249491517457,0.29336689493832596,0.22667955904182632,0.34793014053124677,0.2088239876799965,0.37408369081312504,0.12887559259174122,0.015229217587532049,0.001035278941537327,4.880907494741786e-05,0.0008751583264192354,0.0023160010968193254,0.2623895274692271,0.039358429120384064,True,0.6160032477182182,0.7304173276543094,0.09255952536303222,0.06263501296797831,7.001547624488495,0.7450967824637867,0.5514564803454339,0.7450967824637867,0.6855776002495706,1.0,6.001547624488495,0.3333333333333333,0.0,-0.05951918221421615,0.7450967824637867,0.0,0.0,0.3333333333333333,0.1078798247430474,0.0,0.0,0.3333333333333333,0.0895669194284756,0.0,0.0,0.3333333333333333,0.0,0.0,0.0,0.3333333333333333,0.0334613576826113,0.0,0.0,0.3333333333333333,0.0,0.0,0.0,0.3333333333333333,0.6160032477182182,0.09255952536303222,0.18355740217570216,camp_conservative,1.0,1.0,camp_conservative,1.0,0.0,0.0,0.0,0.04740966479595432,0.33333333333333326,0.0,0.6160032477182182,0.09255952536303222,0.7143720661521352,0.10207053167216261,0.18355740217570216,0.393367796877358,0.22263545084086023,-0.040068333484348385,0.3122153427082142,-0.0008736867938079966,0.005565859233497043,-0.018119131110875465,0.1855276397762233,-0.002083611327482553,0.008827193051919093,-0.01660674600903182,0.13216202051645543,-0.014896188645184723,0.15642549437223166,-0.0012232850783978465,0.00933346662037907,-0.019490558380588482,0.18994298372108012,0.11336154082971728,0.9999999999999999,0.0,B,B,0.4335622717947784,0.7212987507095893,0.7212987507095893,B,0.7426440802102808,0.7238110925075226,0.04740966479595432,0.4740966479595432,0.33333333333333326,0.0023069611107424033,0.7238110925075226,0.7238110925075226,0.7238110925075226,0.3402242259772715,0.7131807904290953,0.7238110925075226,0.8414236568878881,0.7434131865709169,0.6139860954960671,0.09225643174630392,0.03717065932854592,-0.0006567867187174408,-0.0003527659962199258,-0.0002071507708881004,-0.001216703485825467,0.0,0.7426440802102808,0.0,0.7426440802102808,0.0,none,0.0,0.4816432330134298,0.0,0.7563511280082635,0.0,0.0,0.0,0.0,0.0,0.22243628486509662,0.0,0.0,0.0,0.5,mainstream_conservative,none,,0.0,0.0,0.0,0.0,0.0,0.0,0.0,0.0,0.0,0.0,0.0,0.5,1.0,0.3223585463336728,1.0,0.0,0.0,0.0,0.0,0.20466203183202236,B,A,balanced_two_bloc,0.0,0.0,0.0,1.0,0.3125,0.11238915015049092,0.13268999414798247,0.0,-0.0,-0.0,0.0,0.0,0.0,0.5,0.0,0.0,0.0,0.0,0.20466203183202236,structural_mega_shock_regime
pres_2002,sido_50,A,노무현,더불어민주당,148423.0,254167.0,0.4793659076294393,0.5839585184753019,-10.459261084586252,10.459261084586252,0.48043288878657336,0.48043288878657336,0.4896247717996241,0.10701880797321284,False,노무현,0.6666444429628642,0.3588853488318464,0.2914221615100359,0.22568105297161342,0.3477837279447355,0.20731259236275248,0.3703446611093681,0.12192828389323469,-0.015227187498833804,-0.0010351409365435271,-4.880256858877843e-05,-0.0008750416658608802,-0.0023156923687034777,0.1357964817893399,0.020369472268400985,True,0.368367709288906,0.4108824604046374,0.029277945191752575,0.04989868435816857,4.320041980558357,0.0,0.368367709288906,0.0,0.4108824604046374,0.0,4.320041980558357,0.0,0.0,0.0,,,,,,,,,,,,,,,,,,,,,,,,,0.368367709288906,0.029277945191752575,0.18321161534793995,camp_liberal,1.0,1.0,camp_liberal,0.0,1.0,0.0,0.0,0.02163852355090523,0.0,0.0,0.368367709288906,0.029277945191752575,0.734272006799296,0.08251637785276392,0.18321161534793995,0.30211708828348605,0.06625062100541995,0.04006833348434838,0.3306697719192465,0.0008736867938079964,0.006854795055991095,0.01811913111087546,0.16222078079165245,0.002083611327482553,0.01507512214650707,0.01660674600903182,0.1378397677929507,0.014896188645184723,0.1344814609407903,0.0012232850783978465,0.010038542872046292,0.019490558380588486,0.1717440463170022,0.11336154082971728,0.9689242878361867,0.0,A,A,0.5664377282052215,0.4896247717996241,0.4896247717996241,A,0.4900338231299563,0.4896247717996241,0.02163852355090523,0.2163852355090523,0.0,0.0,0.4896247717996241,0.4896247717996241,0.4896247717996241,0.6597757740227286,0.5436886016824067,0.4896247717996241,0.4873505998364342,0.4892457431390924,0.368367709288906,0.029277945191752575,0.09160008865843385,0.0005987569728760724,0.00017011157321044493,0.0007756849904207864,0.0015445535365073038,0.0,0.4900338231299563,0.0,0.4900338231299563,0.0,none,0.0,0.5465369932902613,0.0,0.7515862294987136,0.0,0.0,0.0,0.0,0.0,0.10619814498616367,0.0,0.0,0.0,0.5,mainstream_liberal,none,,0.0,0.0,-0.128928407125377,1.3278444282304676,6.0,0.2229466956513147,0.05174982860925352,0.8116109086252387,4.0,1.0,0.10463970165463193,0.5,0.5641328311890049,1.0,1.0,0.0,-0.0,0.0,0.0,0.0,B,A,balanced_two_bloc,0.0,0.0,0.0,1.0,0.3125,0.11238915015049092,0.13268999414798247,0.0,-0.0,-0.0,0.0,0.0,0.0,0.5,0.0,0.0,0.0,0.0,0.0,structural_mega_shock_regime
pres_2002,sido_50,B,이회창,국민의힘,105744.0,254167.0,0.5206340923705607,0.4160414815246981,10.459261084586252,10.459261084586252,0.5195671112134267,0.5195671112134267,0.510375228200376,0.10701880797321284,False,이회창,0.6667333200026662,0.36346249491517457,0.29336689493832596,0.22667955904182632,0.34793014053124677,0.2088239876799965,0.37408369081312504,0.12887559259174122,0.015229217587532049,0.001035278941537327,4.880907494741786e-05,0.0008751583264192354,0.0023160010968193254,0.2623895274692271,0.039358429120384064,True,0.3659042975103901,0.4461442407767377,0.05323843266101134,0.07198095794051355,4.320041980558357,0.0,0.3659042975103901,0.0,0.4461442407767377,0.0,4.320041980558357,0.0,0.0,0.0,,,,,,,,,,,,,,,,,,,,,,,,,0.3659042975103901,0.05323843266101134,0.18321161534793995,camp_conservative,1.0,1.0,camp_conservative,1.0,0.0,0.0,0.0,-0.021638523550905217,0.0,0.0,0.3659042975103901,0.05323843266101134,0.734272006799296,0.08251637785276392,0.18321161534793995,0.393367796877358,-0.027463499366967903,-0.040068333484348385,0.3122153427082142,-0.0008736867938079966,0.005565859233497043,-0.018119131110875465,0.1855276397762233,-0.002083611327482553,0.008827193051919093,-0.01660674600903182,0.13216202051645543,-0.014896188645184723,0.15642549437223166,-0.0012232850783978465,0.00933346662037907,-0.019490558380588482,0.18994298372108012,0.11336154082971728,0.9999999999999999,0.0,B,B,0.4335622717947784,0.510375228200376,0.510375228200376,B,0.5099661768700436,0.510375228200376,-0.021638523550905217,-0.21638523550905217,0.0,-0.0,0.510375228200376,0.510375228200376,0.510375228200376,0.3402242259772715,0.45631139831759326,0.510375228200376,0.5126494001635659,0.5107542568609076,0.3659042975103901,0.05323843266101134,0.09161152668950615,-0.0005697070602400964,-0.0002963013222912234,-0.0007431126856426771,-0.0016091210681739966,0.0,0.5099661768700436,0.0,0.5099661768700436,0.0,none,0.0,0.4816432330134298,0.0,0.7563511280082635,0.0,0.0,0.0,0.0,0.0,0.10619814498616367,0.0,0.0,0.0,0.5,mainstream_conservative,none,,0.0,0.0,0.0,0.0,0.0,0.0,0.0,0.0,0.0,0.0,0.0,0.5,1.0,0.3223585463336728,1.0,0.0,0.0,0.0,0.0,0.0,B,A,balanced_two_bloc,0.0,0.0,0.0,1.0,0.3125,0.11238915015049092,0.13268999414798247,0.0,-0.0,-0.0,0.0,0.0,0.0,0.5,0.0,0.0,0.0,0.0,0.0,structural_mega_shock_regime
pres_2007,sido_11,A,이명박,국민의힘,2689162.0,4523200.0,0.4591927252461658,0.5945260491757692,-13.53333239296034,13.53333239296034,0.5283213181479196,0.5283213181479196,0.47936978352017334,0.10701880797321284,False,이명박,0.6666666666666666,0.32919776511000437,0.3120147251965542,0.25398239261806677,0.3492812380439584,0.21382034727278296,0.39634157841406475,0.11592150925237002,0.017210264930253127,-0.05507051879965465,0.009794486037218367,0.016488999571225994,0.022318351203878567,0.1104991335266339,0.016574870028995086,True,0.42577564349397035,0.4944883359316184,0.06871269243764805,0.07634595402171532,13.624182177637138,0.4344716889702247,0.408949928545479,0.4944883359316184,0.4638969896899595,3.869739410732388,9.75444276690475,0.6592693712529817,0.0,-0.03059134624165888,0.4944883359316184,0.0772907454439607,0.07870844449777305,0.5639687682977994,0.3794443122758706,-0.06159656204400871,0.05058351339731195,0.5816151559800359,0.09772363494344671,0.0019812077918386906,0.018460633243289996,0.5768822158333703,0.0,0.0,0.0,0.6592693712529817,0.013404828983444575,-0.008429386343121275,0.009834381636447407,0.5570136487461764,0.0,0.0,0.0,0.6592693712529817,0.42577564349397035,0.06871269243764805,0.12606735179251105,camp_conservative,1.0,0.7212544154212583,camp_conservative,0.7212544154212583,0.0,0.0,0.0,0.015521435156026386,0.5797156827296449,0.06062845545191262,0.42577564349397035,0.049559332816136566,0.7666490897718565,0.10728355843563248,0.12606735179251105,0.3760635071920493,0.04971213630192106,0.09824106049756105,0.2723322908160433,0.0013460162875659984,0.005360217106840342,0.06418825172467126,0.20118925492408488,0.002397388710929061,0.004000895196370969,0.07169513488790692,0.25536530936962326,0.05176610431058183,0.06557862705303064,0.003695486430207572,0.009461007776861393,0.03978268471113916,0.14260325881178304,0.33311212756056285,0.9558908610546378,0.0,A,A,0.4859751730773767,0.47936978352017334,0.4523923762891878,A,0.5772705188363252,0.48035014609149207,0.015521435156026386,0.15521435156026386,0.5797156827296449,0.001657571933450073,0.48035014609149207,0.48035014609149207,0.48035014609149207,0.021535221729465894,0.4308009070865061,0.48035014609149207,0.5550448067825186,0.49902381126424866,0.40819683797307965,0.06587578272795655,0.02495119056321246,0.0018953991452630387,0.0010934957440631734,0.0006005725781257088,0.003589467467451921,0.0,0.500595396236213,0.0,0.500595396236213,0.0,none,0.0,0.4760726740540871,0.0,0.7769748783219415,0.0,0.0,0.0,0.0,0.0,0.08016309363214077,0.02684511212749247,0.006703286292512405,0.0033555570616009556,0.5,mainstream_conservative,none,,0.0,0.0,0.0,0.0,0.0,0.0,0.0,0.0,0.0,0.0,0.0,1.0,1.0,0.01019645983334668,1.0,0.0,0.0,0.0,0.0,0.2691116727179675,A,B,cumulative_rejection_landslide,0.6841268786974803,0.3869357232058956,0.6841268786974803,1.0,0.6160807169617687,0.05508428352697248,0.11371460309385921,0.05473015029579843,-0.0,0.05473015029579843,0.3420634393487402,0.25654757951155516,0.4275792991859252,0.5,0.0036132309853681467,0.0,0.0036132309853681467,0.037442366892508565,0.2691116727179675,structural_mega_shock_regime
pres_2007,sido_11,B,정동영,더불어민주당,1237812.0,4523200.0,0.3485593241536887,0.2736584543258573,7.49008698278314,7.49008698278314,0.34214078119188657,0.34214078119188657,0.374880625847223,0.10701880797321284,False,정동영,0.6666666666666666,0.33733452813827636,0.30631973527067596,0.24982536089285204,0.34823577817274554,0.19990717844564762,0.39586146127882993,0.09342021754318194,0.009669843910924661,-0.04636200289710899,0.009097512789743134,0.011691237583769293,0.007317490064419849,0.2575788209514778,0.038636823142721675,True,0.3408734462778862,0.3794443122758706,0.03857086599798443,0.050909777822387176,13.624182177637138,0.3408734462778862,0.3826735105976175,0.3794443122758706,0.44504065390281905,3.869739410732388,9.75444276690475,0.6592693712529817,0.06559634162694844,0.06559634162694844,0.4944883359316184,0.0772907454439607,0.07870844449777305,0.5639687682977994,0.3794443122758706,-0.06159656204400871,0.05058351339731195,0.5816151559800359,0.09772363494344671,0.0019812077918386906,0.018460633243289996,0.5768822158333703,0.0,0.0,0.0,0.6592693712529817,0.013404828983444575,-0.008429386343121275,0.009834381636447407,0.5570136487461764,0.0,0.0,0.0,0.6592693712529817,0.3408734462778862,0.03857086599798443,0.12606735179251105,camp_liberal,1.0,1.0,camp_liberal,0.0,0.8484900677802345,0.0,0.0,-0.009683430359077427,0.591391083873597,0.04249903655371881,0.3408734462778862,0.03272699670497215,0.7666490897718565,0.10728355843563248,0.12606735179251105,0.340857106693634,1.633958425217852e-05,0.020422017748335113,0.32124201557667487,-0.000565267695976805,0.0022895399702584376,0.001511486109187646,0.18221017354165736,0.0012488856648076843,0.004663699844863684,-0.0004615180826617408,0.30987753076971075,0.03166936341992882,0.06293114072944721,0.0008671365848127715,0.009833455458550461,-0.0067319165779117585,0.10695244410883728,0.06347759188362234,1.0,0.0,B,B,0.4291154895910481,0.374880625847223,0.35378353618040703,B,0.3110219434183637,0.3747012776563711,-0.009683430359077427,-0.09683430359077427,0.591391083873597,-0.0008639754437232536,0.3747012776563711,0.3747012776563711,0.3747012776563711,0.21030471226125066,0.38994824230931685,0.3747012776563711,0.4266819100632797,0.38769643575809826,0.33087239707235955,0.03743921689783379,0.01938482178790492,0.0002956441001749359,0.00010680442066401931,8.264471749055829e-05,0.0004850932383295135,0.0,0.3877119422418572,0.0,0.3877119422418572,0.0,none,0.0,0.4528136842261532,0.0,0.7405338290559005,0.0,0.0,0.0,0.0,0.0,0.08016309363214077,0.0,-0.006719269771233829,-0.002605081202399162,0.5,mainstream_liberal,none,,0.0,0.0,-0.18305656956128039,1.093861316614196,4.0,0.2002385001951803,0.0,1.0,4.0,1.0,0.18305656956128039,1.0,0.8413389857294377,0.43380035828133845,0.8413389857294377,0.09806282542548186,-0.017951044423875417,0.0,-0.017951044423875417,0.21813403718286137,A,B,cumulative_rejection_landslide,0.6841268786974803,0.3869357232058956,0.6841268786974803,1.0,0.6160807169617687,0.05508428352697248,0.11371460309385921,0.05473015029579843,-0.0,0.05473015029579843,-0.3420634393487402,-0.25654757951155516,-0.4275792991859252,0.5,0.0,0.0036132309853681467,-0.0036132309853681467,0.037442366892508565,0.21813403718286137,structural_mega_shock_regime
pres_2007,sido_11,C,이회창,무소속,596226.0,4523200.0,0.1922479506001454,0.1318154964983734,6.043245410177203,6.043245410177203,0.1295379006601939,0.1295379006601939,0.14574959063260368,0.10701880797321284,False,이회창,0.6666888874075062,0.4836005854361939,0.2356846809325529,0.16960895604519222,0.3062515107476886,0.19199216269154107,0.28416205281664286,0.03799022054410454,-0.026881004785076254,0.10143590255542966,-0.018892628518276312,-0.02818117643361518,-0.029636829063820997,0.2623895274692271,0.039358429120384064,False,0.0,0.0,0.0,0.0,0.0,0.0,0.0,0.0,0.0,0.0,0.0,0.0,0.0,0.0,0.4944883359316184,0.0772907454439607,0.07870844449777305,0.5639687682977994,0.3794443122758706,-0.06159656204400871,0.05058351339731195,0.5816151559800359,0.09772363494344671,0.0019812077918386906,0.018460633243289996,0.5768822158333703,0.0,0.0,0.0,0.6592693712529817,0.013404828983444575,-0.008429386343121275,0.009834381636447407,0.5570136487461764,0.0,0.0,0.0,0.6592693712529817,0.0,0.0,0.12606735179251105,camp_conservative,0.38647331457366063,0.2787455845787417,,0.2787455845787417,0.15150993221976555,1.0,1.0,-0.005838004796948959,0.6050627138594782,0.03525339642117991,0.0,0.02499722891452377,0.7666490897718565,0.10728355843563248,0.12606735179251105,0.0,0.0,-0.11866307824589618,0.2595964131237097,-0.0007807485915891932,0.0,-0.06569973783385892,0.11939254062830133,-0.003646274375736745,0.010627549427023411,-0.07123361680524518,0.09922943418211622,-0.08343546773051065,0.2603852288528324,-0.0045626230150203435,0.010742133262707716,-0.0330507681332274,0.03876128846897458,0.3810723147310846,0.7987345879456652,0.0,C,C,0.0849093373315753,0.14574959063260368,0.19382408753040511,C,0.11170753774531102,0.1449485762521368,-0.005838004796948959,-0.05838004796948959,0.6050627138594782,-0.00589643038014924,0.1449485762521368,0.1449485762521368,0.1449485762521368,0.7681600660092833,0.17925085060417703,0.1449485762521368,0.018273283154201743,0.11327975297765304,0.0,0.0,0.11327975297765304,0.0,0.0,-0.013664345912325331,-0.013664345912325331,0.0,0.11169266152192983,0.0,0.11169266152192983,0.0,none,0.0,0.1315813155459951,0.2575385441932763,0.6316672524643051,0.0,0.0,0.0,0.0,0.0,0.08016309363214077,0.0,-0.006719269771233829,-0.0007504758592016686,0.5,independent,none,,0.0,0.0,0.0,0.0,0.0,0.0,0.0,0.0,0.0,0.0,0.0,1.0,0.0,1.0,1.0,0.0,0.0,0.0,0.0,0.0,A,B,cumulative_rejection_landslide,0.6841268786974803,0.3869357232058956,0.6841268786974803,1.0,0.6160807169617687,0.05508428352697248,0.11371460309385921,0.05473015029579843,-0.0,0.05473015029579843,0.0,0.0,0.0,0.5,0.0,0.0,0.0,0.0,0.0,structural_mega_shock_regime
pres_2007,sido_26,A,이명박,국민의힘,1018715.0,1601742.0,0.6369295886198274,0.6360043801697371,0.0925208450090253,0.0925208450090253,0.7154711500636382,0.7154711500636382,0.5087725168771199,0.10701880797321284,False,이명박,0.6666666666666666,0.32919776511000437,0.3120147251965542,0.25398239261806677,0.3492812380439584,0.21382034727278296,0.39634157841406475,0.11592150925237002,0.017210264930253127,-0.05507051879965465,0.009794486037218367,0.016488999571225994,0.022318351203878567,0.1104991335266339,0.016574870028995086,True,0.5624823705098505,0.6236072032021193,0.06112483269226876,0.07875710980052004,12.93140209546735,0.5624823705098505,0.6321901735727097,0.6236072032021193,0.671500621531925,3.869739410732388,9.061662684734962,0.6592693712529817,0.04789341832980576,0.04789341832980576,0.6236072032021193,0.03374926362831132,0.0801617675257641,0.5808138591622346,0.2425084610522971,-0.025710119346349203,0.06999143248646535,0.5015193782358647,0.11677656515165766,0.00906862631196384,0.007286173885005079,0.6304670555820773,0.0,0.0,0.0,0.6592693712529817,0.006741921017781525,-0.006741921017781525,0.006415308151981743,0.5847316027762017,0.0,0.0,0.0,0.6592693712529817,0.5624823705098505,0.06112483269226876,0.13388433574558367,camp_conservative,1.0,0.7212544154212583,camp_conservative,0.7212544154212583,0.0,0.0,0.0,0.06164421200088614,0.5901424076617343,0.062230489319048836,0.5624823705098505,0.04408655547118453,0.7564295749753721,0.10968608927904427,0.13388433574558356,0.3760635071920493,0.18641886331780122,0.09824106049756105,0.2723322908160433,0.0013460162875659984,0.005360217106840342,0.06418825172467126,0.20118925492408488,0.002397388710929061,0.004000895196370969,0.07169513488790692,0.25536530936962326,0.05176610431058183,0.06557862705303064,0.003695486430207572,0.009461007776861393,0.03978268471113916,0.14260325881178304,0.33311212756056285,0.9558908610546378,0.0,A,A,0.4859751730773767,0.5087725168771199,0.4648124367822569,A,0.6158324666274696,0.5101618606774946,0.06164421200088614,0.6164421200088613,0.5901424076617343,0.0,0.5101618606774946,0.5624823705098506,0.5101618606774946,0.021535221729465894,0.5677277136194961,0.5101618606774946,0.6919098850416566,0.5555988667685351,0.47608308198887017,0.051735841441238085,0.027779943338426837,0.0019855174601297264,0.000771334475608286,0.0006005725781257098,0.0033574245138637223,0.0,0.557721436448314,0.0,0.557721436448314,0.0,none,0.0,0.4760726740540871,0.0,0.7769748783219415,0.0,0.0,0.0,0.0,0.0,0.1811326499661165,0.0,0.0,0.0,0.5,mainstream_conservative,none,,0.0,0.0,0.0,0.0,0.0,0.0,0.0,0.0,0.0,0.0,0.0,1.0,1.0,0.01019645983334668,1.0,0.0,0.0,0.0,0.0,0.31386699412698416,A,B,cumulative_rejection_landslide,0.6841268786974803,0.3869357232058956,0.6841268786974803,1.0,0.6160807169617687,0.05508428352697248,0.11371460309385921,0.05473015029579843,-0.0,0.05473015029579843,0.3420634393487402,0.25654757951155516,0.4275792991859252,0.5,0.0029305884113383137,0.0,0.0029305884113383137,0.037442366892508565,0.31386699412698416,structural_mega_shock_regime
pres_2007,sido_26,B,정동영,더불어민주당,236708.0,1601742.0,0.1836659710568166,0.1477813034409814,3.588466761583525,3.588466761583525,0.17228452590364765,0.17228452590364765,0.2600725593282294,0.10701880797321284,False,정동영,0.6666666666666666,0.33733452813827636,0.30631973527067596,0.24982536089285204,0.34823577817274554,0.19990717844564762,0.39586146127882993,0.09342021754318194,0.009669843910924661,-0.04636200289710899,0.009097512789743134,0.011691237583769293,0.007317490064419849,0.2575788209514778,0.038636823142721675,True,0.19394720446552158,0.2425084610522971,0.048561256586775514,0.07442389227483104,12.93140209546735,0.2151756446420949,0.1528729386756913,0.2425084610522971,0.2154689279525427,3.869739410732388,9.061662684734962,0.6592693712529817,0.0,-0.027039533099754404,0.6236072032021193,0.03374926362831132,0.0801617675257641,0.5808138591622346,0.2425084610522971,-0.025710119346349203,0.06999143248646535,0.5015193782358647,0.11677656515165766,0.00906862631196384,0.007286173885005079,0.6304670555820773,0.0,0.0,0.0,0.6592693712529817,0.006741921017781525,-0.006741921017781525,0.006415308151981743,0.5847316027762017,0.0,0.0,0.0,0.6592693712529817,0.19394720446552158,0.048561256586775514,0.13388433574558367,camp_liberal,1.0,1.0,camp_liberal,0.0,0.8484900677802345,0.0,0.0,-0.066648213892097,0.5387472698194586,0.055786324760305005,0.19394720446552158,0.04120374389280652,0.7564295749753721,0.10968608927904427,0.13388433574558356,0.340857106693634,-0.14690990222811243,0.020422017748335113,0.32124201557667487,-0.000565267695976805,0.0022895399702584376,0.001511486109187646,0.18221017354165736,0.0012488856648076843,0.004663699844863684,-0.0004615180826617408,0.30987753076971075,0.03166936341992882,0.06293114072944721,0.0008671365848127715,0.009833455458550461,-0.0067319165779117585,0.10695244410883728,0.06347759188362234,1.0,0.0,B,B,0.4291154895910481,0.2600725593282294,0.23760119902614332,B,0.20320217820457612,0.25687959146828165,-0.066648213892097,-0.66648213892097,0.5387472698194586,-0.01508026124909524,0.25687959146828165,0.2457516582163116,0.25687959146828165,0.21030471226125066,0.24517121261567648,0.25687959146828165,0.2769006145226249,0.26188484723186745,0.19394720446552158,0.048561256586775514,0.019376386179570354,0.0002565509580092824,0.000205084966589138,0.0001222946633778122,0.0005839305879762326,0.0,0.2621572324227125,0.0,0.2621572324227125,0.0,none,0.0,0.4528136842261532,0.0,0.7405338290559005,0.0,0.0,0.0,0.0,0.0,0.1811326499661165,0.0,0.0,0.0,0.5,mainstream_liberal,none,,0.0,0.0,-0.18305656956128039,1.093861316614196,4.0,0.2002385001951803,0.0,1.0,4.0,1.0,0.18305656956128039,1.0,0.8413389857294377,0.43380035828133845,0.8413389857294377,0.09806282542548186,-0.017951044423875417,0.0,-0.017951044423875417,0.1278634515442579,A,B,cumulative_rejection_landslide,0.6841268786974803,0.3869357232058956,0.6841268786974803,1.0,0.6160807169617687,0.05508428352697248,0.11371460309385921,0.05473015029579843,-0.0,0.05473015029579843,-0.3420634393487402,-0.25654757951155516,-0.4275792991859252,0.5,0.0,0.0029305884113383137,-0.0029305884113383137,0.037442366892508565,0.1278634515442579,structural_mega_shock_regime
pres_2007,sido_26,C,이회창,무소속,346319.0,1601742.0,0.179404440323356,0.2162143163892815,-3.6809876065925535,3.6809876065925535,0.11224432403271413,0.11224432403271413,0.23115492379465066,0.10701880797321284,False,이회창,0.6666888874075062,0.4836005854361939,0.2356846809325529,0.16960895604519222,0.3062515107476886,0.19199216269154107,0.28416205281664286,0.03799022054410454,-0.026881004785076254,0.10143590255542966,-0.018892628518276312,-0.02818117643361518,-0.029636829063820997,0.2623895274692271,0.039358429120384064,False,0.0,0.0,0.0,0.0,0.0,0.0,0.0,0.0,0.0,0.0,0.0,0.0,0.0,0.0,0.6236072032021193,0.03374926362831132,0.0801617675257641,0.5808138591622346,0.2425084610522971,-0.025710119346349203,0.06999143248646535,0.5015193782358647,0.11677656515165766,0.00906862631196384,0.007286173885005079,0.6304670555820773,0.0,0.0,0.0,0.6592693712529817,0.006741921017781525,-0.006741921017781525,0.006415308151981743,0.5847316027762017,0.0,0.0,0.0,0.6592693712529817,0.0,0.0,0.13388433574558367,camp_conservative,0.38647331457366063,0.2787455845787417,,0.2787455845787417,0.15150993221976555,1.0,1.0,0.0050040018912108734,0.604674146749313,0.037396546500741326,0.0,0.02439578991505324,0.7564295749753721,0.10968608927904427,0.13388433574558356,0.0,0.0,-0.11866307824589618,0.2595964131237097,-0.0007807485915891932,0.0,-0.06569973783385892,0.11939254062830133,-0.003646274375736745,0.010627549427023411,-0.07123361680524518,0.09922943418211622,-0.08343546773051065,0.2603852288528324,-0.0045626230150203435,0.010742133262707716,-0.0330507681332274,0.03876128846897458,0.3810723147310846,0.7987345879456652,0.0,C,C,0.0849093373315753,0.23115492379465066,0.29758636419159973,C,0.18096535516795423,0.23295854785422382,0.0050040018912108734,0.050040018912108734,0.604674146749313,0.005045325781698476,0.23295854785422382,0.19176597127383788,0.23295854785422382,0.7681600660092833,0.18710107376482735,0.23295854785422382,0.031189500435718522,0.18251628599959752,0.0,0.0,0.18251628599959752,0.0,0.0,-0.013664345912325331,-0.013664345912325331,0.0,0.1801213311289736,0.0,0.1801213311289736,0.0,none,0.0,0.1315813155459951,0.2575385441932763,0.6316672524643051,0.0,0.0,0.0,0.0,0.0,0.1811326499661165,0.0,0.0,0.0,0.5,independent,none,,0.0,0.0,0.0,0.0,0.0,0.0,0.0,0.0,0.0,0.0,0.0,1.0,0.0,1.0,1.0,0.0,0.0,0.0,0.0,0.0,A,B,cumulative_rejection_landslide,0.6841268786974803,0.3869357232058956,0.6841268786974803,1.0,0.6160807169617687,0.05508428352697248,0.11371460309385921,0.05473015029579843,-0.0,0.05473015029579843,0.0,0.0,0.0,0.5,0.0,0.0,0.0,0.0,0.0,structural_mega_shock_regime
pres_2007,sido_27,A,이명박,국민의힘,876719.0,1180850.0,0.7877397299647036,0.7424477369161704,4.529199304853327,4.529199304853327,0.8679484622036655,0.8679484622036655,0.5993236757733429,0.10701880797321284,False,이명박,0.6666666666666666,0.32919776511000437,0.3120147251965542,0.25398239261806677,0.3492812380439584,0.21382034727278296,0.39634157841406475,0.11592150925237002,0.017210264930253127,-0.05507051879965465,0.009794486037218367,0.016488999571225994,0.022318351203878567,0.1104991335266339,0.016574870028995086,True,0.6734698008937097,0.7306731997063197,0.05720339881261005,0.08272037932691892,12.93140209546735,0.6790328854785983,0.6627059570620191,0.7306731997063197,0.746772215185762,3.869739410732388,9.061662684734962,0.6592693712529817,0.016099015479442258,0.016099015479442258,0.7306731997063197,0.04550892215424018,0.06772335696885434,0.6020777896990179,0.1539009059936001,-0.028142766376291706,0.04982341814333278,0.4981761510293286,0.07948012809166026,0.009962625444847842,0.027851228693274346,0.5174602589215533,0.0,0.0,0.0,0.6592693712529817,0.005020203660200404,0.0035967813254230967,0.0036322366298109604,0.6157467704649787,0.0,0.0,0.0,0.6592693712529817,0.6734698008937097,0.05720339881261005,0.1154258943000801,camp_conservative,1.0,0.7212544154212583,camp_conservative,0.7212544154212583,0.0,0.0,0.0,0.101996060877763,0.6001487529409759,0.05305235811976724,0.6734698008937097,0.04125820397069817,0.7824219674774029,0.10215213822251697,0.11542589430008021,0.3760635071920493,0.2974062937016604,0.09824106049756105,0.2723322908160433,0.0013460162875659984,0.005360217106840342,0.06418825172467126,0.20118925492408488,0.002397388710929061,0.004000895196370969,0.07169513488790692,0.25536530936962326,0.05176610431058183,0.06557862705303064,0.003695486430207572,0.009461007776861393,0.03978268471113916,0.14260325881178304,0.33311212756056285,0.9558908610546378,0.0,A,A,0.4859751730773767,0.5993236757733429,0.5478701943828255,A,0.6950031623976328,0.6016542074387949,0.101996060877763,1.0,0.6001487529409759,0.0,0.6016542074387949,0.6734698008937097,0.6016542074387949,0.021535221729465894,0.6781553920675447,0.6016542074387949,0.8001196746593486,0.6512705742439333,0.5702693227742182,0.04843772275751843,0.03256352871219672,0.002028947765268799,0.0006160767767300502,0.0006005725781257092,0.003245597120124558,0.0,0.6535342320777668,0.0,0.6535342320777668,0.0,none,0.0,0.4760726740540871,0.0,0.7769748783219415,0.0,0.0,0.0,0.0,0.0,0.28784200895155915,0.0,0.0,-1.1102230246251565e-16,0.5,mainstream_conservative,none,,0.0,0.0,0.0,0.0,0.0,0.0,0.0,0.0,0.0,0.0,0.0,1.0,1.0,0.01019645983334668,1.0,0.0,0.0,0.0,0.0,0.37596109787022247,A,B,cumulative_rejection_landslide,0.6841268786974803,0.3869357232058956,0.6841268786974803,1.0,0.6160807169617687,0.05508428352697248,0.11371460309385921,0.05473015029579843,-0.0,0.05473015029579843,0.3420634393487402,0.25654757951155516,0.4275792991859252,0.5,0.002114488082112653,0.0,0.002114488082112653,0.037442366892508565,0.37596109787022247,structural_mega_shock_regime
pres_2007,sido_27,B,정동영,더불어민주당,75932.0,1180850.0,0.050635008837811,0.0643027219074219,-1.3667713069610912,1.3667713069610912,0.038577034003676,0.038577034003676,0.17113572871743657,0.10701880797321284,False,정동영,0.6666666666666666,0.33733452813827636,0.30631973527067596,0.24982536089285204,0.34823577817274554,0.19990717844564762,0.39586146127882993,0.09342021754318194,0.009669843910924661,-0.04636200289710899,0.009097512789743134,0.011691237583769293,0.007317490064419849,0.2575788209514778,0.038636823142721675,True,0.10895216658369321,0.15390090599360012,0.044948739409906915,0.0530249948424954,12.543366189432362,0.1257581396173084,0.07643479849175,0.15390090599360012,0.1354950097393988,3.869739410732388,8.673626778699974,0.6592693712529817,0.0,-0.01840589625420133,0.7306731997063197,0.04550892215424018,0.06772335696885434,0.6020777896990179,0.1539009059936001,-0.028142766376291706,0.04982341814333278,0.4981761510293286,0.07948012809166026,0.009962625444847842,0.027851228693274346,0.5174602589215533,0.0,0.0,0.0,0.6592693712529817,0.005020203660200404,0.0035967813254230967,0.0036322366298109604,0.6157467704649787,0.0,0.0,0.0,0.6592693712529817,0.10895216658369321,0.044948739409906915,0.1154258943000801,camp_liberal,1.0,1.0,camp_liberal,0.0,0.8484900677802345,0.0,0.0,-0.10871782002913805,0.5326949365412218,0.04156583038763255,0.10895216658369321,0.038138558948548014,0.7824219674774029,0.10215213822251697,0.11542589430008021,0.340857106693634,-0.23190494010994078,0.020422017748335113,0.32124201557667487,-0.000565267695976805,0.0022895399702584376,0.001511486109187646,0.18221017354165736,0.0012488856648076843,0.004663699844863684,-0.0004615180826617408,0.30987753076971075,0.03166936341992882,0.06293114072944721,0.0008671365848127715,0.009833455458550461,-0.0067319165779117585,0.10695244410883728,0.06347759188362234,1.0,0.0,B,B,0.4291154895910481,0.17113572871743657,0.1564432855706629,B,0.1261874797380299,0.1663562847759828,-0.10871782002913805,-1.0,0.5326949365412218,-0.03220625629206496,0.1663562847759828,0.15211094401973652,0.1663562847759828,0.21030471226125066,0.15470985210772703,0.1663562847759828,0.17310272893630677,0.1680428958160638,0.10895216658369321,0.044948739409906915,0.014141989822463674,0.00022460333536300517,0.0002958364213494115,0.00013910266756068782,0.0006595424242731044,0.0,0.16819145678127084,0.0,0.16819145678127084,0.0,none,0.0,0.4528136842261532,0.0,0.7405338290559005,0.0,0.0,0.0,0.0,0.0,0.28784200895155915,0.0,0.0,-2.7755575615628914e-17,0.5,mainstream_liberal,none,,0.0,0.0,-0.18305656956128039,1.093861316614196,4.0,0.2002385001951803,0.0,1.0,4.0,1.0,0.18305656956128039,1.0,0.8413389857294377,0.43380035828133845,0.8413389857294377,0.09806282542548186,-0.017951044423875417,0.0,-0.017951044423875417,0.07182882636028154,A,B,cumulative_rejection_landslide,0.6841268786974803,0.3869357232058956,0.6841268786974803,1.0,0.6160807169617687,0.05508428352697248,0.11371460309385921,0.05473015029579843,-0.0,0.05473015029579843,-0.3420634393487402,-0.25654757951155516,-0.4275792991859252,0.5,0.0,0.002114488082112653,-0.002114488082112653,0.037442366892508565,0.07182882636028154,structural_mega_shock_regime
pres_2007,sido_27,C,이회창,무소속,228199.0,1180850.0,0.1616252611974852,0.1932495411764076,-3.1624279978922365,3.1624279978922365,0.09347450379265851,0.09347450379265851,0.22954059550922049,0.10701880797321284,False,이회창,0.6666888874075062,0.4836005854361939,0.2356846809325529,0.16960895604519222,0.3062515107476886,0.19199216269154107,0.28416205281664286,0.03799022054410454,-0.026881004785076254,0.10143590255542966,-0.018892628518276312,-0.02818117643361518,-0.029636829063820997,0.2623895274692271,0.039358429120384064,False,0.0,0.0,0.0,0.0,0.0,0.0,0.0,0.0,0.0,0.0,0.0,0.0,0.0,0.0,0.7306731997063197,0.04550892215424018,0.06772335696885434,0.6020777896990179,0.1539009059936001,-0.028142766376291706,0.04982341814333278,0.4981761510293286,0.07948012809166026,0.009962625444847842,0.027851228693274346,0.5174602589215533,0.0,0.0,0.0,0.6592693712529817,0.005020203660200404,0.0035967813254230967,0.0036322366298109604,0.6157467704649787,0.0,0.0,0.0,0.6592693712529817,0.0,0.0,0.1154258943000801,camp_conservative,0.38647331457366063,0.2787455845787417,,0.2787455845787417,0.15150993221976555,1.0,1.0,0.006721759151375066,0.5990764395806631,0.03252853333203933,0.0,0.022755375303270788,0.7824219674774029,0.10215213822251697,0.11542589430008021,0.0,0.0,-0.11866307824589618,0.2595964131237097,-0.0007807485915891932,0.0,-0.06569973783385892,0.11939254062830133,-0.003646274375736745,0.010627549427023411,-0.07123361680524518,0.09922943418211622,-0.08343546773051065,0.2603852288528324,-0.0045626230150203435,0.010742133262707716,-0.0330507681332274,0.03876128846897458,0.3810723147310846,0.7987345879456652,0.0,C,C,0.0849093373315753,0.22954059550922049,0.29568652004651175,C,0.17880935786433733,0.23198950778522232,0.006721759151375066,0.06721759151375066,0.5990764395806631,0.006731183341072513,0.23198950778522232,0.17441925508655384,0.23198950778522232,0.7681600660092833,0.1671347558247282,0.23198950778522232,0.026777596404344683,0.1806865299400029,0.0,0.0,0.1806865299400029,0.0,0.0,-0.013664345912325331,-0.013664345912325331,0.0,0.17827431114096226,0.0,0.17827431114096226,0.0,none,0.0,0.1315813155459951,0.2575385441932763,0.6316672524643051,0.0,0.0,0.0,0.0,0.0,0.28784200895155915,0.0,0.0,-2.7755575615628914e-17,0.5,independent,none,,0.0,0.0,0.0,0.0,0.0,0.0,0.0,0.0,0.0,0.0,0.0,1.0,0.0,1.0,1.0,0.0,0.0,0.0,0.0,0.0,A,B,cumulative_rejection_landslide,0.6841268786974803,0.3869357232058956,0.6841268786974803,1.0,0.6160807169617687,0.05508428352697248,0.11371460309385921,0.05473015029579843,-0.0,0.05473015029579843,0.0,0.0,0.0,0.5,0.0,0.0,0.0,0.0,0.0,structural_mega_shock_regime
pres_2007,sido_28,A,이명박,국민의힘,593283.0,1062905.0,0.4724507150783938,0.5581707336434503,-8.57200185650564,8.57200185650564,0.5601247013808471,0.5601247013808471,0.3928700362890377,0.10701880797321284,False,이명박,0.6666666666666666,0.32919776511000437,0.3120147251965542,0.25398239261806677,0.3492812380439584,0.21382034727278296,0.39634157841406475,0.11592150925237002,0.017210264930253127,-0.05507051879965465,0.009794486037218367,0.016488999571225994,0.022318351203878567,0.1104991335266339,0.016574870028995086,True,0.41213761551822203,0.503548693449862,0.08330878147465517,0.09016464216683137,12.93140209546735,0.429547735275719,0.3784513022326437,0.503548693449862,0.46199836790981663,3.869739410732388,9.061662684734962,0.6592693712529817,0.0,-0.04155032554004534,0.503548693449862,0.07496667672848845,0.09704807922672228,0.5436863576352179,0.33777864505701616,-0.06186568866729464,0.06841111823106615,0.5429624124304374,0.11926085224492518,0.017751320506937715,0.030858029673494835,0.5390776461663515,0.0,0.0,0.0,0.6592693712529817,0.014499170346975204,-0.014499170346975204,0.013636636119337828,0.5198843764997405,0.0,0.0,0.0,0.6592693712529817,0.41213761551822203,0.08330878147465517,0.16677495795010666,camp_conservative,1.0,0.7212544154212583,camp_conservative,0.7212544154212583,0.0,0.0,0.0,0.021962176733602172,0.5600285756284265,0.0755754292527487,0.41213761551822203,0.060086826481959774,0.6977515156446708,0.13547352640522267,0.16677495795010666,0.3760635071920493,0.03607410832617275,0.09824106049756105,0.2723322908160433,0.0013460162875659984,0.005360217106840342,0.06418825172467126,0.20118925492408488,0.002397388710929061,0.004000895196370969,0.07169513488790692,0.25536530936962326,0.05176610431058183,0.06557862705303064,0.003695486430207572,0.009461007776861393,0.03978268471113916,0.14260325881178304,0.33311212756056285,0.9558908610546378,0.0,A,A,0.4859751730773767,0.3928700362890377,0.3599029757412135,A,0.517096447381475,0.39361972004323326,0.021962176733602172,0.2196217673360217,0.5600285756284265,0.0,0.39361972004323326,0.4121376155182221,0.39361972004323326,0.021535221729465894,0.4186466036462091,0.39361972004323326,0.5610923092514202,0.43548786734528,0.3441479960454952,0.06956547793252088,0.021774393367263944,0.0018311397821538459,0.0013232146192994128,0.0006005725781257064,0.003754926979578965,0.0,0.4373602788077273,0.0,0.4373602788077273,0.0,none,0.0,0.4760726740540871,0.0,0.7769748783219415,0.0,0.0,0.0,0.0,0.0,0.07400067737889521,0.0,0.0,0.0,0.5,mainstream_conservative,none,,0.0,0.0,0.0,0.0,0.0,0.0,0.0,0.0,0.0,0.0,0.0,1.0,1.0,0.01019645983334668,1.0,0.0,0.0,0.0,0.0,0.22688623297088722,A,B,cumulative_rejection_landslide,0.6841268786974803,0.3869357232058956,0.6841268786974803,1.0,0.6160807169617687,0.05508428352697248,0.11371460309385921,0.05473015029579843,-0.0,0.05473015029579843,0.3420634393487402,0.25654757951155516,0.4275792991859252,0.5,0.0045911364827828675,0.0,0.0045911364827828675,0.037442366892508565,0.22688623297088722,structural_mega_shock_regime
pres_2007,sido_28,B,정동영,더불어민주당,286565.0,1062905.0,0.3151815365527584,0.2696055195062927,4.557601704646574,4.557601704646574,0.3089669247831423,0.3089669247831423,0.3832489824731746,0.10701880797321284,False,정동영,0.6666666666666666,0.33733452813827636,0.30631973527067596,0.24982536089285204,0.34823577817274554,0.19990717844564762,0.39586146127882993,0.09342021754318194,0.009669843910924661,-0.04636200289710899,0.009097512789743134,0.011691237583769293,0.007317490064419849,0.2575788209514778,0.038636823142721675,True,0.28561390012644866,0.33777864505701616,0.0521647449305675,0.06695159132427707,12.93140209546735,0.28561390012644866,0.3313380012856161,0.33777864505701616,0.402956752231638,3.869739410732388,9.061662684734962,0.6592693712529817,0.06517810717462186,0.06517810717462186,0.503548693449862,0.07496667672848845,0.09704807922672228,0.5436863576352179,0.33777864505701616,-0.06186568866729464,0.06841111823106615,0.5429624124304374,0.11926085224492518,0.017751320506937715,0.030858029673494835,0.5390776461663515,0.0,0.0,0.0,0.6592693712529817,0.014499170346975204,-0.014499170346975204,0.013636636119337828,0.5198843764997405,0.0,0.0,0.0,0.6592693712529817,0.28561390012644866,0.0521647449305675,0.16677495795010666,camp_liberal,1.0,1.0,camp_liberal,0.0,0.8484900677802345,0.0,0.0,-0.02252143310596836,0.5598783858699936,0.057140119300421836,0.28561390012644866,0.04426126796187586,0.6977515156446708,0.13547352640522267,0.16677495795010666,0.340857106693634,-0.05524320656718534,0.020422017748335113,0.32124201557667487,-0.000565267695976805,0.0022895399702584376,0.001511486109187646,0.18221017354165736,0.0012488856648076843,0.004663699844863684,-0.0004615180826617408,0.30987753076971075,0.03166936341992882,0.06293114072944721,0.0008671365848127715,0.009833455458550461,-0.0067319165779117585,0.10695244410883728,0.06347759188362234,1.0,0.0,B,B,0.4291154895910481,0.3832489824731746,0.3510892572637168,B,0.30632411674877974,0.38194967178631634,-0.02252143310596836,-0.22521433105968358,0.5598783858699936,-0.005302417024352284,0.38194967178631634,0.37638819196089485,0.38194967178631634,0.21030471226125066,0.34917818066019535,0.38194967178631634,0.4014782855082361,0.38683182521679627,0.28561390012644866,0.0521647449305675,0.04905318015978011,0.000255774727154546,0.0001491451626448272,0.0002095994151487648,0.0006145193049481379,0.0,0.3872769174225999,0.0,0.3872769174225999,0.0,none,0.0,0.4528136842261532,0.0,0.7405338290559005,0.0,0.0,0.0,0.0,0.0,0.07400067737889521,0.0,0.0,0.0,0.5,mainstream_liberal,none,,0.0,0.0,-0.18305656956128039,1.093861316614196,4.0,0.2002385001951803,0.0,1.0,4.0,1.0,0.18305656956128039,1.0,0.8413389857294377,0.43380035828133845,0.8413389857294377,0.09806282542548186,-0.017951044423875417,0.0,-0.017951044423875417,0.18829649635747572,A,B,cumulative_rejection_landslide,0.6841268786974803,0.3869357232058956,0.6841268786974803,1.0,0.6160807169617687,0.05508428352697248,0.11371460309385921,0.05473015029579843,-0.0,0.05473015029579843,-0.3420634393487402,-0.25654757951155516,-0.4275792991859252,0.5,0.0,0.0045911364827828675,-0.0045911364827828675,0.037442366892508565,0.18829649635747572,structural_mega_shock_regime
pres_2007,sido_28,C,이회창,무소속,183057.0,1062905.0,0.2123677483688477,0.1722237468502571,4.01440015185906,4.01440015185906,0.13090837383601056,0.13090837383601056,0.22388098123778766,0.10701880797321284,False,이회창,0.6666888874075062,0.4836005854361939,0.2356846809325529,0.16960895604519222,0.3062515107476886,0.19199216269154107,0.28416205281664286,0.03799022054410454,-0.026881004785076254,0.10143590255542966,-0.018892628518276312,-0.02818117643361518,-0.029636829063820997,0.2623895274692271,0.039358429120384064,False,0.0,0.0,0.0,0.0,0.0,0.0,0.0,0.0,0.0,0.0,0.0,0.0,0.0,0.0,0.503548693449862,0.07496667672848845,0.09704807922672228,0.5436863576352179,0.33777864505701616,-0.06186568866729464,0.06841111823106615,0.5429624124304374,0.11926085224492518,0.017751320506937715,0.030858029673494835,0.5390776461663515,0.0,0.0,0.0,0.6592693712529817,0.014499170346975204,-0.014499170346975204,0.013636636119337828,0.5198843764997405,0.0,0.0,0.0,0.6592693712529817,0.0,0.0,0.16677495795010666,camp_conservative,0.38647331457366063,0.2787455845787417,,0.2787455845787417,0.15150993221976555,1.0,1.0,0.0005592563723661927,0.5874386295184781,0.045348914464022706,0.0,0.031125431961387045,0.6977515156446708,0.13547352640522267,0.16677495795010666,0.0,0.0,-0.11866307824589618,0.2595964131237097,-0.0007807485915891932,0.0,-0.06569973783385892,0.11939254062830133,-0.003646274375736745,0.010627549427023411,-0.07123361680524518,0.09922943418211622,-0.08343546773051065,0.2603852288528324,-0.0045626230150203435,0.010742133262707716,-0.0330507681332274,0.03876128846897458,0.3810723147310846,0.7987345879456652,0.0,C,C,0.0849093373315753,0.22388098123778766,0.2890077669950697,C,0.17657943586974514,0.22443060817045038,0.0005592563723661927,0.005592563723661927,0.5874386295184781,0.0005455825587800668,0.22443060817045038,0.21147419252088312,0.22443060817045038,0.7681600660092833,0.2321752156935956,0.22443060817045038,0.03742940524034373,0.17768030743792373,0.0,0.0,0.17768030743792373,0.0,0.0,-0.013664345912325331,-0.013664345912325331,0.0,0.17536280376967278,0.0,0.17536280376967278,0.0,none,0.0,0.1315813155459951,0.2575385441932763,0.6316672524643051,0.0,0.0,0.0,0.0,0.0,0.07400067737889521,0.0,0.0,0.0,0.5,independent,none,,0.0,0.0,0.0,0.0,0.0,0.0,0.0,0.0,0.0,0.0,0.0,1.0,0.0,1.0,1.0,0.0,0.0,0.0,0.0,0.0,A,B,cumulative_rejection_landslide,0.6841268786974803,0.3869357232058956,0.6841268786974803,1.0,0.6160807169617687,0.05508428352697248,0.11371460309385921,0.05473015029579843,-0.0,0.05473015029579843,0.0,0.0,0.0,0.5,0.0,0.0,0.0,0.0,0.0,structural_mega_shock_regime
pres_2007,sido_29,A,이명박,국민의힘,56875.0,606983.0,0.0212825267151424,0.0937011246707131,-7.241859795557072,7.241859795557072,0.05081341992090543,0.05081341992090543,0.09154135323970373,0.10701880797321284,False,이명박,0.6666666666666666,0.32919776511000437,0.3120147251965542,0.25398239261806677,0.3492812380439584,0.21382034727278296,0.39634157841406475,0.11592150925237002,0.017210264930253127,-0.05507051879965465,0.009794486037218367,0.016488999571225994,0.022318351203878567,0.1104991335266339,0.016574870028995086,True,0.02339643549473409,0.04656412523266523,0.02316768973793114,0.02207393328152841,11.307263847923638,0.027635202013814152,0.0171491449292375,0.04656412523266523,0.0355186340145088,2.947692701343899,8.35957114657974,0.59577117644013,0.0,-0.011045491218156435,0.0376431060435536,0.009681530116037097,0.0264414603498304,0.4603712978417015,0.7843262601251456,-0.006713381568021037,0.039174554886092366,0.6283143535300639,0.1541592268718684,0.011249093121909998,0.01680245821614175,0.6050110052051298,0.0,0.0,0.0,0.6592693712529817,0.0063744215446310025,-0.0063744215446310025,0.007769786259753842,0.5684057852172006,0.0,0.0,0.0,0.6592693712529817,0.02339643549473409,0.02316768973793114,0.14618955128726407,camp_conservative,1.0,0.7212544154212583,camp_conservative,0.7212544154212583,0.0,0.0,0.0,-0.15444148323819099,0.5101721375503091,0.022386071833185223,0.02339643549473409,0.01670979851859261,0.8219471996077921,0.031863249104943966,0.14618955128726396,0.3760635071920493,-0.3526670716973152,0.09824106049756105,0.2723322908160433,0.0013460162875659984,0.005360217106840342,0.06418825172467126,0.20118925492408488,0.002397388710929061,0.004000895196370969,0.07169513488790692,0.25536530936962326,0.05176610431058183,0.06557862705303064,0.003695486430207572,0.009461007776861393,0.03978268471113916,0.14260325881178304,0.33311212756056285,0.9558908610546378,0.0,A,A,0.4859751730773767,0.09154135323970373,0.08560951086761621,A,0.13831260421174188,0.08687099563874641,-0.15444148323819099,-1.0,0.5101721375503091,-0.06381050504185684,0.08687099563874641,0.07275154232714158,0.08687099563874641,0.021535221729465894,0.02723084203073262,0.08687099563874641,0.059263757104971435,0.07996918600530267,0.02339643549473409,0.02316768973793114,0.03340506077263744,0.0006779213854252944,0.0023997866356738604,0.005017473472679471,0.008095181493778626,0.0,0.08068254570272011,0.0,0.08068254570272011,0.0,none,0.0,0.4760726740540871,0.0,0.7769748783219415,0.0,0.0,0.0,0.0,0.0,0.4357152949470235,0.0,0.0,0.0,0.5,mainstream_conservative,none,,0.0,0.0,0.0,0.0,0.0,0.0,0.0,0.0,0.0,0.0,0.0,1.0,1.0,0.01019645983334668,1.0,0.0,0.0,0.0,0.0,0.013938921899203344,A,B,cumulative_rejection_landslide,0.6841268786974803,0.3869357232058956,0.6841268786974803,1.0,0.6160807169617687,0.05508428352697248,0.11371460309385921,0.05473015029579843,-0.0,0.05473015029579843,0.3420634393487402,0.25654757951155516,0.4275792991859252,0.5,0.009412647528079743,0.0,0.009412647528079743,0.037442366892508565,0.013938921899203344,structural_mega_shock_regime
pres_2007,sido_29,B,정동영,더불어민주당,527588.0,606983.0,0.7973170312313416,0.8691974936594904,-7.188046242814883,7.188046242814883,0.815915097853485,0.815915097853485,0.7391067755382069,0.10701880797321284,False,정동영,0.6666666666666666,0.33733452813827636,0.30631973527067596,0.24982536089285204,0.34823577817274554,0.19990717844564762,0.39586146127882993,0.09342021754318194,0.009669843910924661,-0.04636200289710899,0.009097512789743134,0.011691237583769293,0.007317490064419849,0.2575788209514778,0.038636823142721675,True,0.7985507641130579,0.8072463234800707,0.008695559367012828,0.039298877945327756,12.93140209546735,0.7776128785571246,0.9124345872038128,0.7843262601251456,0.924965402344744,3.869739410732388,9.061662684734962,0.6592693712529817,0.1406391422195984,0.1406391422195984,0.0376431060435536,0.009681530116037097,0.0264414603498304,0.4603712978417015,0.7843262601251456,-0.006713381568021037,0.039174554886092366,0.6283143535300639,0.1541592268718684,0.011249093121909998,0.01680245821614175,0.6050110052051298,0.0,0.0,0.0,0.6592693712529817,0.0063744215446310025,-0.0063744215446310025,0.007769786259753842,0.5684057852172006,0.0,0.0,0.0,0.6592693712529817,0.7985507641130579,0.008695559367012828,0.14618955128726407,camp_liberal,1.0,1.0,camp_liberal,0.0,0.8484900677802345,0.0,0.0,0.18943085432120094,0.6192078907548105,0.030688820295409938,0.7985507641130579,0.007378095756703768,0.8219471996077921,0.031863249104943966,0.14618955128726396,0.340857106693634,0.4576936574194239,0.020422017748335113,0.32124201557667487,-0.000565267695976805,0.0022895399702584376,0.001511486109187646,0.18221017354165736,0.0012488856648076843,0.004663699844863684,-0.0004615180826617408,0.30987753076971075,0.03166936341992882,0.06293114072944721,0.0008671365848127715,0.009833455458550461,-0.0067319165779117585,0.10695244410883728,0.06347759188362234,1.0,0.0,B,B,0.4291154895910481,0.7391067755382069,0.6912129577883842,B,0.7313336221176363,0.7476136197426697,0.18943085432120094,1.0,0.6192078907548105,0.0,0.7476136197426697,0.798550764113058,0.7476136197426697,0.21030471226125066,0.8359961070668511,0.7476136197426697,0.9165396230864988,0.789845120578627,0.7422701546133139,0.008082709936381762,0.03949225602893131,0.00032555213395647694,1.131799075544654e-05,8.26447174905582e-05,0.00041951484220248165,0.0,0.7907976264347892,0.0,0.7907976264347892,0.0,none,0.0,0.4528136842261532,0.0,0.7405338290559005,0.0,0.0,0.0,0.0,0.0,0.4357152949470235,0.0,0.0,0.0,0.5,mainstream_liberal,none,,0.0,0.0,-0.18305656956128039,1.093861316614196,4.0,0.2002385001951803,0.0,1.0,4.0,1.0,0.18305656956128039,1.0,0.8413389857294377,0.43380035828133845,0.8413389857294377,0.09806282542548186,-0.017951044423875417,0.0,-0.017951044423875417,0.48935597813177295,A,B,cumulative_rejection_landslide,0.6841268786974803,0.3869357232058956,0.6841268786974803,1.0,0.6160807169617687,0.05508428352697248,0.11371460309385921,0.05473015029579843,-0.0,0.05473015029579843,-0.3420634393487402,-0.25654757951155516,-0.4275792991859252,0.5,0.0,0.009412647528079743,-0.009412647528079743,0.037442366892508565,0.48935597813177295,structural_mega_shock_regime
pres_2007,sido_29,C,이회창,무소속,22520.0,606983.0,0.181400442053516,0.0371013816697965,14.42990603837195,14.42990603837195,0.13327148222560953,0.13327148222560953,0.16935187122208936,0.10701880797321284,False,이회창,0.6666888874075062,0.4836005854361939,0.2356846809325529,0.16960895604519222,0.3062515107476886,0.19199216269154107,0.28416205281664286,0.03799022054410454,-0.026881004785076254,0.10143590255542966,-0.018892628518276312,-0.02818117643361518,-0.029636829063820997,0.2623895274692271,0.039358429120384064,False,0.0,0.0,0.0,0.0,0.0,0.0,0.0,0.0,0.0,0.0,0.0,0.0,0.0,0.0,0.0376431060435536,0.009681530116037097,0.0264414603498304,0.4603712978417015,0.7843262601251456,-0.006713381568021037,0.039174554886092366,0.6283143535300639,0.1541592268718684,0.011249093121909998,0.01680245821614175,0.6050110052051298,0.0,0.0,0.0,0.6592693712529817,0.0063744215446310025,-0.0063744215446310025,0.007769786259753842,0.5684057852172006,0.0,0.0,0.0,0.6592693712529817,0.0,0.0,0.14618955128726407,camp_conservative,0.38647331457366063,0.2787455845787417,,0.2787455845787417,0.15150993221976555,1.0,1.0,-0.03498937108300995,0.5827270702581225,0.01658538491213632,0.0,0.007775354829647592,0.8219471996077921,0.031863249104943966,0.14618955128726396,0.0,0.0,-0.11866307824589618,0.2595964131237097,-0.0007807485915891932,0.0,-0.06569973783385892,0.11939254062830133,-0.003646274375736745,0.010627549427023411,-0.07123361680524518,0.09922943418211622,-0.08343546773051065,0.2603852288528324,-0.0045626230150203435,0.010742133262707716,-0.0330507681332274,0.03876128846897458,0.3810723147310846,0.7987345879456652,0.0,C,C,0.0849093373315753,0.16935187122208936,0.22317753134399962,C,0.13035377367062165,0.16551538461858392,-0.03498937108300995,-0.3498937108300995,0.5827270702581225,-0.03435837606102359,0.16551538461858392,0.12869769355980049,0.16551538461858392,0.7681600660092833,0.1367730509024162,0.16551538461858392,0.024196619808529694,0.13018569341607036,0.0,0.0,0.13018569341607036,0.0,0.0,-0.013664345912325331,-0.013664345912325331,0.0,0.1285198278624906,0.0,0.1285198278624906,0.0,none,0.0,0.1315813155459951,0.2575385441932763,0.6316672524643051,0.0,0.0,0.0,0.0,0.0,0.4357152949470235,0.0,0.0,0.0,0.5,independent,none,,0.0,0.0,0.0,0.0,0.0,0.0,0.0,0.0,0.0,0.0,0.0,1.0,0.0,1.0,1.0,0.0,0.0,0.0,0.0,0.0,A,B,cumulative_rejection_landslide,0.6841268786974803,0.3869357232058956,0.6841268786974803,1.0,0.6160807169617687,0.05508428352697248,0.11371460309385921,0.05473015029579843,-0.0,0.05473015029579843,0.0,0.0,0.0,0.5,0.0,0.0,0.0,0.0,0.0,structural_mega_shock_regime
pres_2007,sido_30,A,이명박,국민의힘,246008.0,601665.0,0.4224511587633293,0.4088784072637211,1.3572751499608129,1.3572751499608129,0.49534035953973665,0.49534035953973665,0.35682817753537,0.10701880797321284,False,이명박,0.6666666666666666,0.32919776511000437,0.3120147251965542,0.25398239261806677,0.3492812380439584,0.21382034727278296,0.39634157841406475,0.11592150925237002,0.017210264930253127,-0.05507051879965465,0.009794486037218367,0.016488999571225994,0.022318351203878567,0.1104991335266339,0.016574870028995086,True,0.31134052421463587,0.3907929797036081,0.07512909889923133,0.08645339548985988,12.93140209546735,0.3214413142854565,0.2917968115063414,0.3907929797036081,0.3603728666506991,3.869739410732388,9.061662684734962,0.6592693712529817,0.0,-0.03042011305290898,0.3907929797036081,0.07327973718593639,0.09095079423387287,0.5232393624042861,0.29973280793806484,-0.03430473959941732,0.10457975201721305,0.46212965260699557,0.08862666262907055,-0.0009209566375415479,0.018350572171103783,0.5719992173883739,0.0,0.0,0.0,0.6592693712529817,0.20901464100898376,-0.026221132228704952,0.062478109574902345,0.5002439823557876,0.0,0.0,0.0,0.6592693712529817,0.31134052421463587,0.07512909889923133,0.3132530450407147,camp_conservative,1.0,0.7212544154212583,camp_conservative,0.7212544154212583,0.0,0.0,0.0,0.006792064326710829,0.5415844029832102,0.07395577634195917,0.31134052421463587,0.054187194307691,0.5767685925532834,0.10997836240600192,0.3132530450407147,0.3760635071920493,-0.06472298297741341,0.09824106049756105,0.2723322908160433,0.0013460162875659984,0.005360217106840342,0.06418825172467126,0.20118925492408488,0.002397388710929061,0.004000895196370969,0.07169513488790692,0.25536530936962326,0.05176610431058183,0.06557862705303064,0.003695486430207572,0.009461007776861393,0.03978268471113916,0.14260325881178304,0.33311212756056285,0.9558908610546378,0.0,A,A,0.4859751730773767,0.35682817753537,0.32478204167885655,A,0.47617492191398914,0.3568932789790874,0.006792064326710829,0.06792064326710828,0.5415844029832102,0.0007673374143035309,0.3568932789790874,0.3568932789790874,0.3568932789790874,0.021535221729465894,0.32045490641687485,0.3568932789790874,0.49826752950863157,0.3922368416114735,0.30018727411144364,0.0724377254194561,0.019611842080573746,0.0017733571364533128,0.0015297800711845321,0.0006005725781257103,0.003903709785763555,0.0,0.3941227846196504,0.0,0.3941227846196504,0.0,none,0.0,0.4760726740540871,0.0,0.7769748783219415,0.0,0.0,0.0,0.0,0.0,0.1659199635267198,0.0,-0.007828793335570641,-0.0031221336335127137,0.5,mainstream_conservative,none,,0.0,0.0,0.0,0.0,0.0,0.0,0.0,0.0,0.0,0.0,0.0,1.0,1.0,0.01019645983334668,1.0,0.0,0.0,0.0,0.0,0.19790427546159792,A,B,cumulative_rejection_landslide,0.6841268786974803,0.3869357232058956,0.6841268786974803,1.0,0.6160807169617687,0.05508428352697248,0.11371460309385921,0.05473015029579843,-0.0,0.05473015029579843,0.3420634393487402,0.25654757951155516,0.4275792991859252,0.5,0.005531431750380506,0.0,0.005531431750380506,0.037442366892508565,0.19790427546159792,structural_mega_shock_regime
pres_2007,sido_30,B,정동영,더불어민주당,159700.0,601665.0,0.3431021382166144,0.2654305059612678,7.767163225534657,7.767163225534657,0.3317780739721611,0.3317780739721611,0.40201137813937365,0.10701880797321284,False,정동영,0.6666666666666666,0.33733452813827636,0.30631973527067596,0.24982536089285204,0.34823577817274554,0.19990717844564762,0.39586146127882993,0.09342021754318194,0.009669843910924661,-0.04636200289710899,0.009097512789743134,0.011691237583769293,0.007317490064419849,0.2575788209514778,0.038636823142721675,True,0.2654280683386475,0.3002773318454181,0.03484926350677059,0.11107963773063871,12.543366189432362,0.2654280683386475,0.2914642695073781,0.2997328079380648,0.37470265729175867,3.869739410732388,8.673626778699974,0.6592693712529817,0.07496984935369388,0.07496984935369388,0.3907929797036081,0.07327973718593639,0.09095079423387287,0.5232393624042861,0.29973280793806484,-0.03430473959941732,0.10457975201721305,0.46212965260699557,0.08862666262907055,-0.0009209566375415479,0.018350572171103783,0.5719992173883739,0.0,0.0,0.0,0.6592693712529817,0.20901464100898376,-0.026221132228704952,0.062478109574902345,0.5002439823557876,0.0,0.0,0.0,0.6592693712529817,0.2654280683386475,0.03484926350677059,0.3132530450407147,camp_liberal,1.0,1.0,camp_liberal,0.0,0.8484900677802345,0.0,0.0,-0.015847517613868444,0.5022279500678548,0.08276478676097063,0.2654280683386475,0.02956925395495103,0.5767685925532834,0.10997836240600192,0.3132530450407147,0.340857106693634,-0.07542903835498649,0.020422017748335113,0.32124201557667487,-0.000565267695976805,0.0022895399702584376,0.001511486109187646,0.18221017354165736,0.0012488856648076843,0.004663699844863684,-0.0004615180826617408,0.30987753076971075,0.03166936341992882,0.06293114072944721,0.0008671365848127715,0.009833455458550461,-0.0067319165779117585,0.10695244410883728,0.06347759188362234,1.0,0.0,B,B,0.4291154895910481,0.40201137813937365,0.3659074153618221,B,0.3171890572685742,0.40001050146145317,-0.015847517613868444,-0.15847517613868442,0.5022279500678548,-0.004404682370485022,0.40001050146145317,0.4000105014614531,0.40001050146145317,0.21030471226125066,0.3544356277016534,0.40001050146145317,0.4255818394764814,0.4064033359652102,0.2654280683386475,0.03484926350677059,0.10612600411979212,0.00022625077191960625,9.483979813661488e-05,0.0004316280331730769,0.000752718603229298,0.0,0.40707268850716544,0.0,0.40707268850716544,0.0,none,0.0,0.4528136842261532,0.0,0.7405338290559005,0.0,0.0,0.0,0.0,0.0,0.1659199635267198,0.0,-0.007828793335570641,-0.0032247192541765557,0.5,mainstream_liberal,none,,0.0,0.0,-0.18305656956128039,1.093861316614196,4.0,0.2002385001951803,0.0,1.0,4.0,1.0,0.18305656956128039,1.0,0.8413389857294377,0.43380035828133845,0.8413389857294377,0.09806282542548186,-0.017951044423875417,0.0,-0.017951044423875417,0.1749885957265136,A,B,cumulative_rejection_landslide,0.6841268786974803,0.3869357232058956,0.6841268786974803,1.0,0.6160807169617687,0.05508428352697248,0.11371460309385921,0.05473015029579843,-0.0,0.05473015029579843,-0.3420634393487402,-0.25654757951155516,-0.4275792991859252,0.5,0.0,0.005531431750380506,-0.005531431750380506,0.037442366892508565,0.1749885957265136,structural_mega_shock_regime
pres_2007,sido_30,C,이회창,무소속,195957.0,601665.0,0.2344467030200563,0.325691086775011,-9.124438375495467,9.124438375495467,0.17288156648810232,0.17288156648810232,0.24116044432525632,0.10701880797321284,False,이회창,0.6666888874075062,0.4836005854361939,0.2356846809325529,0.16960895604519222,0.3062515107476886,0.19199216269154107,0.28416205281664286,0.03799022054410454,-0.026881004785076254,0.10143590255542966,-0.018892628518276312,-0.02818117643361518,-0.029636829063820997,0.2623895274692271,0.039358429120384064,False,0.0,0.0,0.0,0.0,0.0,0.0,0.0,0.0,0.0,0.0,0.0,0.0,0.0,0.0,0.3907929797036081,0.07327973718593639,0.09095079423387287,0.5232393624042861,0.29973280793806484,-0.03430473959941732,0.10457975201721305,0.46212965260699557,0.08862666262907055,-0.0009209566375415479,0.018350572171103783,0.5719992173883739,0.0,0.0,0.0,0.6592693712529817,0.20901464100898376,-0.026221132228704952,0.062478109574902345,0.5002439823557876,0.0,0.0,0.0,0.6592693712529817,0.0,0.0,0.3132530450407147,camp_conservative,0.38647331457366063,0.2787455845787417,,0.2787455845787417,0.15150993221976555,1.0,1.0,0.009055453287157612,0.5715540955988805,0.048848466850720286,0.0,0.0262219141433599,0.5767685925532834,0.10997836240600192,0.3132530450407147,0.0,0.0,-0.11866307824589618,0.2595964131237097,-0.0007807485915891932,0.0,-0.06569973783385892,0.11939254062830133,-0.003646274375736745,0.010627549427023411,-0.07123361680524518,0.09922943418211622,-0.08343546773051065,0.2603852288528324,-0.0045626230150203435,0.010742133262707716,-0.0330507681332274,0.03876128846897458,0.3810723147310846,0.7987345879456652,0.0,C,C,0.0849093373315753,0.24116044432525632,0.30931054295932137,C,0.20663602081743665,0.24309621955945954,0.009055453287157612,0.09055453287157611,0.5715540955988805,0.008579783422973839,0.24309621955945954,0.24309621955945948,0.24309621955945954,0.7681600660092833,0.3251094658814717,0.24309621955945954,0.07615063101488684,0.20135982242331638,0.0,0.0,0.20135982242331638,0.0,0.0,-0.013664345912325331,-0.013664345912325331,0.0,0.1988045268731842,0.0,0.1988045268731842,0.0,none,0.0,0.1315813155459951,0.2575385441932763,0.6316672524643051,0.0,0.0,0.0,0.0,0.0,0.1659199635267198,0.07875870291992461,0.03155055812439166,0.006346852887689269,0.5,independent,automatic_regional_party_candidate_fit,,0.0,0.0,0.0,0.0,0.0,0.0,0.0,0.0,0.0,0.0,0.0,1.0,0.0,1.0,1.0,0.0,0.0,0.0,0.0,0.0,A,B,cumulative_rejection_landslide,0.6841268786974803,0.3869357232058956,0.6841268786974803,1.0,0.6160807169617687,0.05508428352697248,0.11371460309385921,0.05473015029579843,-0.0,0.05473015029579843,0.0,0.0,0.0,0.5,0.0,0.0,0.0,0.0,0.0,structural_mega_shock_regime
pres_2007,sido_31,A,이명박,국민의힘,279891.0,441532.0,0.5726950293173517,0.6339086885846636,-6.121365926731192,6.121365926731192,0.6624307169743151,0.6624307169743151,0.4708653018410202,0.10701880797321284,False,이명박,0.6666666666666666,0.32919776511000437,0.3120147251965542,0.25398239261806677,0.3492812380439584,0.21382034727278296,0.39634157841406475,0.11592150925237002,0.017210264930253127,-0.05507051879965465,0.009794486037218367,0.016488999571225994,0.022318351203878567,0.1104991335266339,0.016574870028995086,True,0.4495000081355477,0.5252061798761799,0.07028127650067773,0.08521598421018942,11.137474067616003,0.44950000813554775,0.5135872522495861,0.5252061798761799,0.5416367253535883,3.869739410732388,7.267734656883615,0.6592693712529817,0.01643054547740841,0.01643054547740841,0.5252061798761799,0.06015670726343847,0.09928437055837894,0.5454751408652614,0.18952591135559035,-0.042887202745352265,0.08450848113399706,0.4266688442058506,0.2520551968464745,0.015943207403669002,0.02438334178094216,0.606049990911915,0.0,0.0,0.0,0.6592693712529817,0.0025990583060094934,-0.0025990583060094934,0.0035965327286995026,0.6141909240886606,0.0,0.0,0.0,0.6592693712529817,0.4495000081355477,0.07028127650067773,0.2906928040081842,camp_conservative,1.0,0.7212544154212583,camp_conservative,0.7212544154212583,0.0,0.0,0.0,0.0466996594705695,0.5596463365661045,0.07761685003554547,0.4495000081355477,0.05069068099755614,0.5893846678180427,0.11992252817377311,0.2906928040081842,0.3760635071920493,0.0734365009434984,0.09824106049756105,0.2723322908160433,0.0013460162875659984,0.005360217106840342,0.06418825172467126,0.20118925492408488,0.002397388710929061,0.004000895196370969,0.07169513488790692,0.25536530936962326,0.05176610431058183,0.06557862705303064,0.003695486430207572,0.009461007776861393,0.03978268471113916,0.14260325881178304,0.33311212756056285,0.9558908610546378,0.0,A,A,0.4859751730773767,0.4708653018410202,0.42518542888923455,A,0.5929954359342738,0.47217882026994173,0.0466996594705695,0.46699659470569493,0.5596463365661045,0.0019368558474324412,0.4721788202699416,0.47217882026994173,0.47217882026994173,0.021535221729465894,0.45834270035960445,0.47217882026994173,0.6570402698937712,0.5183941826758991,0.4258854376002623,0.0665890359418418,0.025919709133794974,0.0019036407114578604,0.0010640332155715285,0.0006005725781257086,0.003568246505155097,0.0,0.5207216347755297,0.0,0.5207216347755297,0.0,none,0.0,0.4760726740540871,0.0,0.7769748783219415,0.0,0.0,0.0,0.0,0.0,0.2912863787053264,0.0,0.0,0.0,0.5,mainstream_conservative,none,,0.0,0.0,0.0,0.0,0.0,0.0,0.0,0.0,0.0,0.0,0.0,1.0,1.0,0.01019645983334668,1.0,0.0,0.0,0.0,0.0,0.2807732246725259,A,B,cumulative_rejection_landslide,0.6841268786974803,0.3869357232058956,0.6841268786974803,1.0,0.6160807169617687,0.05508428352697248,0.11371460309385921,0.05473015029579843,-0.0,0.05473015029579843,0.3420634393487402,0.25654757951155516,0.4275792991859252,0.5,0.00375335440222112,0.0,0.00375335440222112,0.037442366892508565,0.2807732246725259,structural_mega_shock_regime
pres_2007,sido_31,B,정동영,더불어민주당,70736.0,441532.0,0.1695714784401913,0.1602060567337236,0.936542170646773,0.936542170646773,0.15944935866818552,0.15944935866818552,0.26655029413973835,0.10701880797321284,False,정동영,0.6666666666666666,0.33733452813827636,0.30631973527067596,0.24982536089285204,0.34823577817274554,0.19990717844564762,0.39586146127882993,0.09342021754318194,0.009669843910924661,-0.04636200289710899,0.009097512789743134,0.011691237583769293,0.007317490064419849,0.2575788209514778,0.038636823142721675,True,0.13988465968249497,0.18952591135559035,0.04964125167309538,0.08877156500639471,10.761497085857673,0.1466387086102381,0.1268164550236438,0.18952591135559035,0.1971579422323393,3.869739410732388,6.891757675125285,0.6592693712529817,0.007632030876748935,0.007632030876748935,0.5252061798761799,0.06015670726343847,0.09928437055837894,0.5454751408652614,0.18952591135559035,-0.042887202745352265,0.08450848113399706,0.4266688442058506,0.2520551968464745,0.015943207403669002,0.02438334178094216,0.606049990911915,0.0,0.0,0.0,0.6592693712529817,0.0025990583060094934,-0.0025990583060094934,0.0035965327286995026,0.6141909240886606,0.0,0.0,0.0,0.6592693712529817,0.13988465968249497,0.04964125167309538,0.2906928040081842,camp_liberal,1.0,1.0,camp_liberal,0.0,0.8484900677802345,0.0,0.0,-0.06509586810229505,0.48237114278180104,0.06823624271863361,0.13988465968249497,0.04212010899680038,0.5893846678180427,0.11992252817377311,0.2906928040081842,0.340857106693634,-0.20097244701113903,0.020422017748335113,0.32124201557667487,-0.000565267695976805,0.0022895399702584376,0.001511486109187646,0.18221017354165736,0.0012488856648076843,0.004663699844863684,-0.0004615180826617408,0.30987753076971075,0.03166936341992882,0.06293114072944721,0.0008671365848127715,0.009833455458550461,-0.0067319165779117585,0.10695244410883728,0.06347759188362234,1.0,0.0,B,B,0.4291154895910481,0.26655029413973835,0.24069155380793245,B,0.18871183049849805,0.26032267995823566,-0.06509586810229505,-0.6509586810229504,0.48237114278180104,-0.024489853227401392,0.2603226799582356,0.2603226799582356,0.26032267995823566,0.21030471226125066,0.22623899896707939,0.26032267995823566,0.265199841139575,0.2615419702535705,0.13988465968249497,0.04964125167309538,0.07201605889798016,0.00018528027509980368,0.00020992086788138107,0.00045512747622392157,0.0008503286192051063,0.0,0.26200315253589734,0.0,0.26200315253589734,0.0,none,0.0,0.4528136842261532,0.0,0.7405338290559005,0.0,0.0,0.0,0.0,0.0,0.2912863787053264,0.0,0.0,0.0,0.5,mainstream_liberal,none,,0.0,0.0,-0.18305656956128039,1.093861316614196,4.0,0.2002385001951803,0.0,1.0,4.0,1.0,0.18305656956128039,1.0,0.8413389857294377,0.43380035828133845,0.8413389857294377,0.09806282542548186,-0.017951044423875417,0.0,-0.017951044423875417,0.09222167163681577,A,B,cumulative_rejection_landslide,0.6841268786974803,0.3869357232058956,0.6841268786974803,1.0,0.6160807169617687,0.05508428352697248,0.11371460309385921,0.05473015029579843,-0.0,0.05473015029579843,-0.3420634393487402,-0.25654757951155516,-0.4275792991859252,0.5,0.0,0.00375335440222112,-0.00375335440222112,0.037442366892508565,0.09222167163681577,structural_mega_shock_regime
pres_2007,sido_31,C,이회창,무소속,90905.0,441532.0,0.257733492242457,0.2058852546816127,5.184823756084425,5.184823756084425,0.17811992435749932,0.17811992435749932,0.26258440401924144,0.10701880797321284,False,이회창,0.6666888874075062,0.4836005854361939,0.2356846809325529,0.16960895604519222,0.3062515107476886,0.19199216269154107,0.28416205281664286,0.03799022054410454,-0.026881004785076254,0.10143590255542966,-0.018892628518276312,-0.02818117643361518,-0.029636829063820997,0.2623895274692271,0.039358429120384064,False,0.0,0.0,0.0,0.0,0.0,0.0,0.0,0.0,0.0,0.0,0.0,0.0,0.0,0.0,0.5252061798761799,0.06015670726343847,0.09928437055837894,0.5454751408652614,0.18952591135559035,-0.042887202745352265,0.08450848113399706,0.4266688442058506,0.2520551968464745,0.015943207403669002,0.02438334178094216,0.606049990911915,0.0,0.0,0.0,0.6592693712529817,0.0025990583060094934,-0.0025990583060094934,0.0035965327286995026,0.6141909240886606,0.0,0.0,0.0,0.6592693712529817,0.0,0.0,0.2906928040081842,camp_conservative,0.38647331457366063,0.2787455845787417,,0.2787455845787417,0.15150993221976555,1.0,1.0,0.01839620863172555,0.5797923267905167,0.04758696053404994,0.0,0.0271117381794166,0.5893846678180427,0.11992252817377311,0.2906928040081842,0.0,0.0,-0.11866307824589618,0.2595964131237097,-0.0007807485915891932,0.0,-0.06569973783385892,0.11939254062830133,-0.003646274375736745,0.010627549427023411,-0.07123361680524518,0.09922943418211622,-0.08343546773051065,0.2603852288528324,-0.0045626230150203435,0.010742133262707716,-0.0330507681332274,0.03876128846897458,0.3810723147310846,0.7987345879456652,0.0,C,C,0.0849093373315753,0.26258440401924144,0.33412301730283306,C,0.21829273356722811,0.2674984997718227,0.01839620863172555,0.1839620863172555,0.5797923267905167,0.017692543789476003,0.26749849977182266,0.26749849977182266,0.2674984997718227,0.7681600660092833,0.31541830067331617,0.2674984997718227,0.07775988896665377,0.22006384707053048,0.0,0.0,0.22006384707053048,0.0,0.0,-0.013664345912325331,-0.013664345912325331,0.0,0.21727521268857292,0.0,0.21727521268857292,0.0,none,0.0,0.1315813155459951,0.2575385441932763,0.6316672524643051,0.0,0.0,0.0,0.0,0.0,0.2912863787053264,0.0,0.0,0.0,0.5,independent,none,,0.0,0.0,0.0,0.0,0.0,0.0,0.0,0.0,0.0,0.0,0.0,1.0,0.0,1.0,1.0,0.0,0.0,0.0,0.0,0.0,A,B,cumulative_rejection_landslide,0.6841268786974803,0.3869357232058956,0.6841268786974803,1.0,0.6160807169617687,0.05508428352697248,0.11371460309385921,0.05473015029579843,-0.0,0.05473015029579843,0.0,0.0,0.0,0.5,0.0,0.0,0.0,0.0,0.0,structural_mega_shock_regime
pres_2007,sido_41,A,이명박,국민의힘,2603443.0,4456121.0,0.4745527998643562,0.5842397301302059,-10.968693026584967,10.968693026584967,0.5549368145038309,0.5549368145038309,0.39074554662526656,0.10701880797321284,False,이명박,0.6666666666666666,0.32919776511000437,0.3120147251965542,0.25398239261806677,0.3492812380439584,0.21382034727278296,0.39634157841406475,0.11592150925237002,0.017210264930253127,-0.05507051879965465,0.009794486037218367,0.016488999571225994,0.022318351203878567,0.1104991335266339,0.016574870028995086,True,0.4149390369578859,0.513838686478267,0.08498247255404537,0.09343313653705479,13.624182177637138,0.4388430111017725,0.368687961549023,0.513838686478267,0.4569475605302112,3.869739410732388,9.75444276690475,0.6592693712529817,0.0,-0.05689112594805584,0.513838686478267,0.07509112394905249,0.09835259468495226,0.5442704277359212,0.3512681081073063,-0.0633056170817285,0.06883188673513517,0.5461810052124542,0.10055831163516367,0.007987804563736933,0.02581846229059761,0.5462146935259389,0.0,0.0,0.0,0.6592693712529817,0.01718701542091323,-0.008991381237544631,0.01124940791153159,0.5488850948516332,0.0,0.0,0.0,0.6592693712529817,0.4149390369578859,0.08498247255404537,0.1488103823807625,camp_conservative,1.0,0.7212544154212583,camp_conservative,0.7212544154212583,0.0,0.0,0.0,0.02230774145820109,0.5616775359566532,0.07622493585666992,0.4149390369578859,0.061293983563021126,0.7137215563557606,0.13746806126347702,0.14881038238076238,0.3760635071920493,0.038875529765836636,0.09824106049756105,0.2723322908160433,0.0013460162875659984,0.005360217106840342,0.06418825172467126,0.20118925492408488,0.002397388710929061,0.004000895196370969,0.07169513488790692,0.25536530936962326,0.05176610431058183,0.06557862705303064,0.003695486430207572,0.009461007776861393,0.03978268471113916,0.14260325881178304,0.33311212756056285,0.9558908610546378,0.0,A,A,0.4859751730773767,0.39074554662526656,0.3583796534076551,A,0.5138851753409022,0.39154738205298845,0.02230774145820109,0.22307741458201089,0.5616775359566532,0.0,0.39154738205298845,0.414939036957886,0.39154738205298845,0.021535221729465894,0.4211041067181311,0.39154738205298845,0.558187825155423,0.43320749282859705,0.3415875525141829,0.0699595656729843,0.021660374641429878,0.0018270834761442618,0.0013377153863324152,0.0006005725781257088,0.0037653714406023857,0.0,0.4350570931723343,0.0,0.4350570931723343,0.0,none,0.0,0.4760726740540871,0.0,0.7769748783219415,0.0,0.0,0.0,0.0,0.0,0.0741994657207532,0.0,0.0,0.0,0.5,mainstream_conservative,none,,0.0,0.0,0.0,0.0,0.0,0.0,0.0,0.0,0.0,0.0,0.0,1.0,1.0,0.01019645983334668,1.0,0.0,0.0,0.0,0.0,0.22519821097387022,A,B,cumulative_rejection_landslide,0.6841268786974803,0.3869357232058956,0.6841268786974803,1.0,0.6160807169617687,0.05508428352697248,0.11371460309385921,0.05473015029579843,-0.0,0.05473015029579843,0.3420634393487402,0.25654757951155516,0.4275792991859252,0.5,0.004525089857412079,0.0,0.004525089857412079,0.037442366892508565,0.22519821097387022,structural_mega_shock_regime
pres_2007,sido_41,B,정동영,더불어민주당,1181936.0,4456121.0,0.3295893480278432,0.2652387257749974,6.435062225284582,6.435062225284582,0.3201089941631866,0.3201089941631866,0.3885217586223684,0.10701880797321284,False,정동영,0.6666666666666666,0.33733452813827636,0.30631973527067596,0.24982536089285204,0.34823577817274554,0.19990717844564762,0.39586146127882993,0.09342021754318194,0.009669843910924661,-0.04636200289710899,0.009097512789743134,0.011691237583769293,0.007317490064419849,0.2575788209514778,0.038636823142721675,True,0.29878251939787465,0.3512681081073063,0.05248558870943165,0.0668851671128982,13.624182177637138,0.29878251939787465,0.3437080756501764,0.3512681081073063,0.4127367249175259,3.869739410732388,9.75444276690475,0.6592693712529817,0.06146861681021959,0.06146861681021959,0.513838686478267,0.07509112394905249,0.09835259468495226,0.5442704277359212,0.3512681081073063,-0.0633056170817285,0.06883188673513517,0.5461810052124542,0.10055831163516367,0.007987804563736933,0.02581846229059761,0.5462146935259389,0.0,0.0,0.0,0.6592693712529817,0.01718701542091323,-0.008991381237544631,0.01124940791153159,0.5488850948516332,0.0,0.0,0.0,0.6592693712529817,0.29878251939787465,0.05248558870943165,0.1488103823807625,camp_liberal,1.0,1.0,camp_liberal,0.0,0.8484900677802345,0.0,0.0,-0.020866895837235323,0.5631179745704862,0.05722899820459804,0.29878251939787465,0.04453350072155117,0.7137215563557606,0.13746806126347702,0.14881038238076238,0.340857106693634,-0.04207458729575936,0.020422017748335113,0.32124201557667487,-0.000565267695976805,0.0022895399702584376,0.001511486109187646,0.18221017354165736,0.0012488856648076843,0.004663699844863684,-0.0004615180826617408,0.30987753076971075,0.03166936341992882,0.06293114072944721,0.0008671365848127715,0.009833455458550461,-0.0067319165779117585,0.10695244410883728,0.06347759188362234,1.0,0.0,B,B,0.4291154895910481,0.3885217586223684,0.3563400642668093,B,0.3133078763870787,0.38757883981536,-0.020866895837235323,-0.20866895837235322,0.5631179745704862,-0.00447985212122383,0.38757883981536,0.3808714021461692,0.38757883981536,0.21030471226125066,0.3589882251150751,0.38757883981536,0.40894386346292233,0.3929200957272506,0.29878251939787465,0.05248558870943165,0.04165198761994432,0.00026342162902208866,0.00014773728462215494,0.00017521713891467886,0.0005863760525589225,0.0,0.3933452546463308,0.0,0.3933452546463308,0.0,none,0.0,0.4528136842261532,0.0,0.7405338290559005,0.0,0.0,0.0,0.0,0.0,0.0741994657207532,0.0,0.0,0.0,0.5,mainstream_liberal,none,,0.0,0.0,-0.18305656956128039,1.093861316614196,4.0,0.2002385001951803,0.0,1.0,4.0,1.0,0.18305656956128039,1.0,0.8413389857294377,0.43380035828133845,0.8413389857294377,0.09806282542548186,-0.017951044423875417,0.0,-0.017951044423875417,0.19697816370481863,A,B,cumulative_rejection_landslide,0.6841268786974803,0.3869357232058956,0.6841268786974803,1.0,0.6160807169617687,0.05508428352697248,0.11371460309385921,0.05473015029579843,-0.0,0.05473015029579843,-0.3420634393487402,-0.25654757951155516,-0.4275792991859252,0.5,0.0,0.004525089857412079,-0.004525089857412079,0.037442366892508565,0.19697816370481863,structural_mega_shock_regime
pres_2007,sido_41,C,이회창,무소속,670742.0,4456121.0,0.1958578521078005,0.1505215440947967,4.5336308013003785,4.5336308013003785,0.12495419133298252,0.12495419133298252,0.22073269475236504,0.10701880797321284,False,이회창,0.6666888874075062,0.4836005854361939,0.2356846809325529,0.16960895604519222,0.3062515107476886,0.19199216269154107,0.28416205281664286,0.03799022054410454,-0.026881004785076254,0.10143590255542966,-0.018892628518276312,-0.02818117643361518,-0.029636829063820997,0.2623895274692271,0.039358429120384064,False,0.0,0.0,0.0,0.0,0.0,0.0,0.0,0.0,0.0,0.0,0.0,0.0,0.0,0.0,0.513838686478267,0.07509112394905249,0.09835259468495226,0.5442704277359212,0.3512681081073063,-0.0633056170817285,0.06883188673513517,0.5461810052124542,0.10055831163516367,0.007987804563736933,0.02581846229059761,0.5462146935259389,0.0,0.0,0.0,0.6592693712529817,0.01718701542091323,-0.008991381237544631,0.01124940791153159,0.5488850948516332,0.0,0.0,0.0,0.6592693712529817,0.0,0.0,0.1488103823807625,camp_conservative,0.38647331457366063,0.2787455845787417,,0.2787455845787417,0.15150993221976555,1.0,1.0,-0.0014408456209657645,0.5896486637234485,0.04520694238077228,0.0,0.03164057697890473,0.7137215563557606,0.13746806126347702,0.14881038238076238,0.0,0.0,-0.11866307824589618,0.2595964131237097,-0.0007807485915891932,0.0,-0.06569973783385892,0.11939254062830133,-0.003646274375736745,0.010627549427023411,-0.07123361680524518,0.09922943418211622,-0.08343546773051065,0.2603852288528324,-0.0045626230150203435,0.010742133262707716,-0.0330507681332274,0.03876128846897458,0.3810723147310846,0.7987345879456652,0.0,C,C,0.0849093373315753,0.22073269475236504,0.2852802823255356,C,0.1728069482720191,0.22087377813165154,-0.0014408456209657645,-0.014408456209657645,0.5896486637234485,-0.0014110075824341909,0.22087377813165154,0.20418956089594487,0.22087377813165154,0.7681600660092833,0.21990766816679386,0.22087377813165154,0.03286831138165476,0.17387241144415236,0.0,0.0,0.17387241144415236,0.0,0.0,-0.013664345912325331,-0.013664345912325331,0.0,0.17159765218133488,0.0,0.17159765218133488,0.0,none,0.0,0.1315813155459951,0.2575385441932763,0.6316672524643051,0.0,0.0,0.0,0.0,0.0,0.0741994657207532,0.0,0.0,0.0,0.5,independent,none,,0.0,0.0,0.0,0.0,0.0,0.0,0.0,0.0,0.0,0.0,0.0,1.0,0.0,1.0,1.0,0.0,0.0,0.0,0.0,0.0,A,B,cumulative_rejection_landslide,0.6841268786974803,0.3869357232058956,0.6841268786974803,1.0,0.6160807169617687,0.05508428352697248,0.11371460309385921,0.05473015029579843,-0.0,0.05473015029579843,0.0,0.0,0.0,0.5,0.0,0.0,0.0,0.0,0.0,structural_mega_shock_regime
pres_2007,sido_42,A,이명박,국민의힘,376004.0,639774.0,0.536726881484125,0.5877132966855259,-5.09864152014009,5.09864152014009,0.6437456894573378,0.6437456894573378,0.4406764809106309,0.10701880797321284,False,이명박,0.6666666666666666,0.32919776511000437,0.3120147251965542,0.25398239261806677,0.3492812380439584,0.21382034727278296,0.39634157841406475,0.11592150925237002,0.017210264930253127,-0.05507051879965465,0.009794486037218367,0.016488999571225994,0.022318351203878567,0.1104991335266339,0.016574870028995086,True,0.4680681130937782,0.5579493252014778,0.08406231596815517,0.08969179050902808,13.624182177637138,0.48673806502009825,0.4319441887108983,0.5579493252014778,0.5185644016337256,3.869739410732388,9.75444276690475,0.6592693712529817,0.0,-0.03938492356775214,0.5579493252014778,0.0648907547072669,0.09338954779009921,0.5579963442078826,0.30284684002110557,-0.05270199033283418,0.06995134501220075,0.5285702292633991,0.10476401025015036,0.02225106015283354,0.026734634375300662,0.5453842013947284,0.0,0.0,0.0,0.6592693712529817,0.018061222053526213,-0.018061222053526213,0.019889996446805065,0.46660657361181235,0.0,0.0,0.0,0.6592693712529817,0.4680681130937782,0.08406231596815517,0.14502273091696116,camp_conservative,1.0,0.7212544154212583,camp_conservative,0.7212544154212583,0.0,0.0,0.0,0.03943099779020649,0.5684625981400104,0.07298895093442494,0.4680681130937782,0.06063031656256886,0.7139409852869227,0.1410362837961162,0.14502273091696105,0.3760635071920493,0.09200460590172893,0.09824106049756105,0.2723322908160433,0.0013460162875659984,0.005360217106840342,0.06418825172467126,0.20118925492408488,0.002397388710929061,0.004000895196370969,0.07169513488790692,0.25536530936962326,0.05176610431058183,0.06557862705303064,0.003695486430207572,0.009461007776861393,0.03978268471113916,0.14260325881178304,0.33311212756056285,0.9558908610546378,0.0,A,A,0.4859751730773767,0.4406764809106309,0.40287578878996544,A,0.5589810362028079,0.44188455057332443,0.03943099779020649,0.3943099779020649,0.5684625981400104,0.0,0.44188455057332443,0.4680681130937782,0.44188455057332443,0.021535221729465894,0.4742284574033369,0.44188455057332443,0.6162137333360909,0.48546684626401604,0.3909764102879241,0.07021709366289114,0.024273342313200774,0.001866136002797566,0.0011981076768273274,0.0006005725781257074,0.003664816257750601,0.0,0.4874816794867835,0.0,0.4874816794867835,0.0,none,0.0,0.4760726740540871,0.0,0.7769748783219415,0.0,0.0,0.0,0.0,0.0,0.16892480317719905,0.0,0.0,0.0,0.5,mainstream_conservative,none,,0.0,0.0,0.0,0.0,0.0,0.0,0.0,0.0,0.0,0.0,0.0,1.0,1.0,0.01019645983334668,1.0,0.0,0.0,0.0,0.0,0.25775877218526755,A,B,cumulative_rejection_landslide,0.6841268786974803,0.3869357232058956,0.6841268786974803,1.0,0.6160807169617687,0.05508428352697248,0.11371460309385921,0.05473015029579843,-0.0,0.05473015029579843,0.3420634393487402,0.25654757951155516,0.4275792991859252,0.5,0.0038554010150459064,0.0,0.0038554010150459064,0.037442366892508565,0.25775877218526755,structural_mega_shock_regime
pres_2007,sido_42,B,정동영,더불어민주당,136668.0,639774.0,0.2431472010323428,0.2136195496187263,2.952765141361652,2.952765141361652,0.24033179298951413,0.24033179298951413,0.3299987333868615,0.10701880797321284,False,정동영,0.6666666666666666,0.33733452813827636,0.30631973527067596,0.24982536089285204,0.34823577817274554,0.19990717844564762,0.39586146127882993,0.09342021754318194,0.009669843910924661,-0.04636200289710899,0.009097512789743134,0.011691237583769293,0.007317490064419849,0.2575788209514778,0.038636823142721675,True,0.24587287219314452,0.30284684002110557,0.05697396782796105,0.07583214160478248,13.624182177637138,0.2501448496882714,0.2376071523558174,0.30284684002110557,0.31981968327377547,3.869739410732388,9.75444276690475,0.6592693712529817,0.0169728432526699,0.0169728432526699,0.5579493252014778,0.0648907547072669,0.09338954779009921,0.5579963442078826,0.30284684002110557,-0.05270199033283418,0.06995134501220075,0.5285702292633991,0.10476401025015036,0.02225106015283354,0.026734634375300662,0.5453842013947284,0.0,0.0,0.0,0.6592693712529817,0.018061222053526213,-0.018061222053526213,0.019889996446805065,0.46660657361181235,0.0,0.0,0.0,0.6592693712529817,0.24587287219314452,0.05697396782796105,0.14502273091696116,camp_liberal,1.0,1.0,camp_liberal,0.0,0.8484900677802345,0.0,0.0,-0.04119085016439482,0.5499203084955252,0.05789695668136817,0.24587287219314452,0.04834184582405557,0.7139409852869227,0.1410362837961162,0.14502273091696105,0.340857106693634,-0.09498423450048948,0.020422017748335113,0.32124201557667487,-0.000565267695976805,0.0022895399702584376,0.001511486109187646,0.18221017354165736,0.0012488856648076843,0.004663699844863684,-0.0004615180826617408,0.30987753076971075,0.03166936341992882,0.06293114072944721,0.0008671365848127715,0.009833455458550461,-0.0067319165779117585,0.10695244410883728,0.06347759188362234,1.0,0.0,B,B,0.4291154895910481,0.3299987333868615,0.3016918437266981,B,0.261209997785707,0.32776547266469497,-0.04119085016439482,-0.41190850164394816,0.5499203084955252,-0.009528133272272223,0.32776547266469497,0.32089824769042224,0.32776547266469497,0.21030471226125066,0.30603243097211513,0.32776547266469497,0.3503802839672282,0.3334191754903283,0.24587287219314452,0.05697396782796105,0.030572335469222722,0.000255458600506632,0.00018899058687026117,0.00015155949109194402,0.0005960086784688372,0.0,0.3337770942398161,0.0,0.3337770942398161,0.0,none,0.0,0.4528136842261532,0.0,0.7405338290559005,0.0,0.0,0.0,0.0,0.0,0.16892480317719905,0.0,0.0,0.0,0.5,mainstream_liberal,none,,0.0,0.0,-0.18305656956128039,1.093861316614196,4.0,0.2002385001951803,0.0,1.0,4.0,1.0,0.18305656956128039,1.0,0.8413389857294377,0.43380035828133845,0.8413389857294377,0.09806282542548186,-0.017951044423875417,0.0,-0.017951044423875417,0.16209645385893912,A,B,cumulative_rejection_landslide,0.6841268786974803,0.3869357232058956,0.6841268786974803,1.0,0.6160807169617687,0.05508428352697248,0.11371460309385921,0.05473015029579843,-0.0,0.05473015029579843,-0.3420634393487402,-0.25654757951155516,-0.4275792991859252,0.5,0.0,0.0038554010150459064,-0.0038554010150459064,0.037442366892508565,0.16209645385893912,structural_mega_shock_regime
pres_2007,sido_42,C,이회창,무소속,127102.0,639774.0,0.2201259174835322,0.1986671536957477,2.145876378778444,2.145876378778444,0.11592251755314811,0.11592251755314811,0.22932478570250764,0.10701880797321284,False,이회창,0.6666888874075062,0.4836005854361939,0.2356846809325529,0.16960895604519222,0.3062515107476886,0.19199216269154107,0.28416205281664286,0.03799022054410454,-0.026881004785076254,0.10143590255542966,-0.018892628518276312,-0.02818117643361518,-0.029636829063820997,0.2623895274692271,0.039358429120384064,False,0.0,0.0,0.0,0.0,0.0,0.0,0.0,0.0,0.0,0.0,0.0,0.0,0.0,0.0,0.5579493252014778,0.0648907547072669,0.09338954779009921,0.5579963442078826,0.30284684002110557,-0.05270199033283418,0.06995134501220075,0.5285702292633991,0.10476401025015036,0.02225106015283354,0.026734634375300662,0.5453842013947284,0.0,0.0,0.0,0.6592693712529817,0.018061222053526213,-0.018061222053526213,0.019889996446805065,0.46660657361181235,0.0,0.0,0.0,0.6592693712529817,0.0,0.0,0.14502273091696116,camp_conservative,0.38647331457366063,0.2787455845787417,,0.2787455845787417,0.15150993221976555,1.0,1.0,0.0017598523741883358,0.5891350092290706,0.044117740157467174,0.0,0.03206412140949179,0.7139409852869227,0.1410362837961162,0.14502273091696105,0.0,0.0,-0.11866307824589618,0.2595964131237097,-0.0007807485915891932,0.0,-0.06569973783385892,0.11939254062830133,-0.003646274375736745,0.010627549427023411,-0.07123361680524518,0.09922943418211622,-0.08343546773051065,0.2603852288528324,-0.0045626230150203435,0.010742133262707716,-0.0330507681332274,0.03876128846897458,0.3810723147310846,0.7987345879456652,0.0,C,C,0.0849093373315753,0.22932478570250764,0.29543236748333646,C,0.17980896601148513,0.23034997676198063,0.0017598523741883358,0.017598523741883358,0.5891350092290706,0.0017228662652387222,0.23034997676198063,0.2110336392157995,0.23034997676198063,0.7681600660092833,0.219739111624548,0.23034997676198063,0.03340598269668097,0.1811139782456557,0.0,0.0,0.1811139782456557,0.0,0.0,-0.013664345912325331,-0.013664345912325331,0.0,0.17874122627340028,0.0,0.17874122627340028,0.0,none,0.0,0.1315813155459951,0.2575385441932763,0.6316672524643051,0.0,0.0,0.0,0.0,0.0,0.16892480317719905,0.0,0.0,0.0,0.5,independent,none,,0.0,0.0,0.0,0.0,0.0,0.0,0.0,0.0,0.0,0.0,0.0,1.0,0.0,1.0,1.0,0.0,0.0,0.0,0.0,0.0,A,B,cumulative_rejection_landslide,0.6841268786974803,0.3869357232058956,0.6841268786974803,1.0,0.6160807169617687,0.05508428352697248,0.11371460309385921,0.05473015029579843,-0.0,0.05473015029579843,0.0,0.0,0.0,0.5,0.0,0.0,0.0,0.0,0.0,structural_mega_shock_regime
pres_2007,sido_43,A,이명박,국민의힘,289499.0,617886.0,0.4744483558281142,0.4685313030899775,0.5917052738136697,0.5917052738136697,0.5595413727805619,0.5595413727805619,0.38400726080761044,0.10701880797321284,False,이명박,0.6666666666666666,0.32919776511000437,0.3120147251965542,0.25398239261806677,0.3492812380439584,0.21382034727278296,0.39634157841406475,0.11592150925237002,0.017210264930253127,-0.05507051879965465,0.009794486037218367,0.016488999571225994,0.022318351203878567,0.1104991335266339,0.016574870028995086,True,0.3718443983151,0.46817985252844924,0.08826635534960983,0.09962094849327721,13.624182177637138,0.39053374300647414,0.3356829514586137,0.46817985252844924,0.43874570784760314,3.869739410732388,9.75444276690475,0.6592693712529817,0.0,-0.029434144680846097,0.46817985252844924,0.07327678747794525,0.1018284894474296,0.5297151172886941,0.3256511265310717,-0.03222827063475542,0.09065549138179788,0.500168587087053,0.10434136622720734,0.01938993952664886,0.026951963838617192,0.5441440183533518,0.0,0.0,0.0,0.6592693712529817,0.08440186120646796,-0.04301266286303506,0.06098574011689548,0.36012150096791934,0.0,0.0,0.0,0.6592693712529817,0.3718443983151,0.08826635534960983,0.21423811980421847,camp_conservative,1.0,0.7212544154212583,camp_conservative,0.7212544154212583,0.0,0.0,0.0,0.015729658303745276,0.543937306788178,0.08127490934099298,0.3718443983151,0.0636624985290479,0.6556609648113267,0.13010091538445476,0.21423811980421847,0.3760635071920493,-0.004219108876949262,0.09824106049756105,0.2723322908160433,0.0013460162875659984,0.005360217106840342,0.06418825172467126,0.20118925492408488,0.002397388710929061,0.004000895196370969,0.07169513488790692,0.25536530936962326,0.05176610431058183,0.06557862705303064,0.003695486430207572,0.009461007776861393,0.03978268471113916,0.14260325881178304,0.33311212756056285,0.9558908610546378,0.0,A,A,0.4859751730773767,0.38400726080761044,0.3506059326947669,A,0.5059204678622512,0.3844470383413492,0.015729658303745276,0.15729658303745275,0.543937306788178,0.0004417688001175305,0.3844470383413492,0.3844470383413492,0.3844470383413492,0.021535221729465894,0.37925981578799844,0.3844470383413492,0.5424739643232608,0.4239537698368271,0.3254924853258442,0.0772635960191415,0.021197688491841407,0.0017789952071300616,0.0015096247009521156,0.0006005725781257096,0.003889192486207887,0.0,0.4258823400996468,0.0,0.4258823400996468,0.0,none,0.0,0.4760726740540871,0.0,0.7769748783219415,0.0,0.0,0.0,0.0,0.0,0.09696937429122943,0.0,-0.0009042601780467238,-0.00038569939265609143,0.5,mainstream_conservative,none,,0.0,0.0,0.0,0.0,0.0,0.0,0.0,0.0,0.0,0.0,0.0,1.0,1.0,0.01019645983334668,1.0,0.0,0.0,0.0,0.0,0.21458722614833967,A,B,cumulative_rejection_landslide,0.6841268786974803,0.3869357232058956,0.6841268786974803,1.0,0.6160807169617687,0.05508428352697248,0.11371460309385921,0.05473015029579843,-0.0,0.05473015029579843,0.3420634393487402,0.25654757951155516,0.4275792991859252,0.5,0.004648964294593052,0.0,0.004648964294593052,0.037442366892508565,0.21458722614833967,structural_mega_shock_regime
pres_2007,sido_43,B,정동영,더불어민주당,165637.0,617886.0,0.3170456696736002,0.2680703074656055,4.89753622079947,4.89753622079947,0.30140231194177025,0.30140231194177025,0.383147754224065,0.10701880797321284,False,정동영,0.6666666666666666,0.33733452813827636,0.30631973527067596,0.24982536089285204,0.34823577817274554,0.19990717844564762,0.39586146127882993,0.09342021754318194,0.009669843910924661,-0.04636200289710899,0.009097512789743134,0.011691237583769293,0.007317490064419849,0.2575788209514778,0.038636823142721675,True,0.2838165664962268,0.3256511265310717,0.041834560034844925,0.08980462086893887,13.226933637698176,0.2934228558963163,0.2652296481550132,0.3256511265310717,0.36559114763890316,3.869739410732388,9.357194226965788,0.6592693712529817,0.03994002110783146,0.03994002110783146,0.46817985252844924,0.07327678747794525,0.1018284894474296,0.5297151172886941,0.3256511265310717,-0.03222827063475542,0.09065549138179788,0.500168587087053,0.10434136622720734,0.01938993952664886,0.026951963838617192,0.5441440183533518,0.0,0.0,0.0,0.6592693712529817,0.08440186120646796,-0.04301266286303506,0.06098574011689548,0.36012150096791934,0.0,0.0,0.0,0.6592693712529817,0.2838165664962268,0.041834560034844925,0.21423811980421847,camp_liberal,1.0,1.0,camp_liberal,0.0,0.8484900677802345,0.0,0.0,-0.019178220438573184,0.5256970898357664,0.07399983592749959,0.2838165664962268,0.03549620867952186,0.6556609648113267,0.13010091538445476,0.21423811980421847,0.340857106693634,-0.05704054019740723,0.020422017748335113,0.32124201557667487,-0.000565267695976805,0.0022895399702584376,0.001511486109187646,0.18221017354165736,0.0012488856648076843,0.004663699844863684,-0.0004615180826617408,0.30987753076971075,0.03166936341992882,0.06293114072944721,0.0008671365848127715,0.009833455458550461,-0.0067319165779117585,0.10695244410883728,0.06347759188362234,1.0,0.0,B,B,0.4291154895910481,0.383147754224065,0.34982118683671337,B,0.3066258105428657,0.3817807623087058,-0.019178220438573184,-0.19178220438573182,0.5256970898357664,-0.004276981118058897,0.3817807623087058,0.3817807623087058,0.3817807623087058,0.21030471226125066,0.35623268821189735,0.3817807623087058,0.4074431192255101,0.3881963515379069,0.2838165664962268,0.041834560034844925,0.06254522500683518,0.0002532717666846616,0.0001191895108487151,0.0002663102025866693,0.000638771480120046,0.0,0.3886967771871149,0.0,0.3886967771871149,0.0,none,0.0,0.4528136842261532,0.0,0.7405338290559005,0.0,0.0,0.0,0.0,0.0,0.09696937429122943,0.0,-0.0009042601780467238,-0.00035202237043535645,0.5,mainstream_liberal,none,,0.0,0.0,-0.18305656956128039,1.093861316614196,4.0,0.2002385001951803,0.0,1.0,4.0,1.0,0.18305656956128039,1.0,0.8413389857294377,0.43380035828133845,0.8413389857294377,0.09806282542548186,-0.017951044423875417,0.0,-0.017951044423875417,0.1871115693451475,A,B,cumulative_rejection_landslide,0.6841268786974803,0.3869357232058956,0.6841268786974803,1.0,0.6160807169617687,0.05508428352697248,0.11371460309385921,0.05473015029579843,-0.0,0.05473015029579843,-0.3420634393487402,-0.25654757951155516,-0.4275792991859252,0.5,0.0,0.004648964294593052,-0.004648964294593052,0.037442366892508565,0.1871115693451475,structural_mega_shock_regime
pres_2007,sido_43,C,이회창,무소속,162750.0,617886.0,0.2085059744982854,0.2633983894444169,-5.489241494613142,5.489241494613142,0.13905631527766782,0.13905631527766782,0.2328449849683246,0.10701880797321284,False,이회창,0.6666888874075062,0.4836005854361939,0.2356846809325529,0.16960895604519222,0.3062515107476886,0.19199216269154107,0.28416205281664286,0.03799022054410454,-0.026881004785076254,0.10143590255542966,-0.018892628518276312,-0.02818117643361518,-0.029636829063820997,0.2623895274692271,0.039358429120384064,False,0.0,0.0,0.0,0.0,0.0,0.0,0.0,0.0,0.0,0.0,0.0,0.0,0.0,0.0,0.46817985252844924,0.07327678747794525,0.1018284894474296,0.5297151172886941,0.3256511265310717,-0.03222827063475542,0.09065549138179788,0.500168587087053,0.10434136622720734,0.01938993952664886,0.026951963838617192,0.5441440183533518,0.0,0.0,0.0,0.6592693712529817,0.08440186120646796,-0.04301266286303506,0.06098574011689548,0.36012150096791934,0.0,0.0,0.0,0.6592693712529817,0.0,0.0,0.21423811980421847,camp_conservative,0.38647331457366063,0.2787455845787417,,0.2787455845787417,0.15150993221976555,1.0,1.0,0.0034485621348279054,0.5729045869199696,0.05107670576639761,0.0,0.030942208175885007,0.6556609648113267,0.13010091538445476,0.21423811980421847,0.0,0.0,-0.11866307824589618,0.2595964131237097,-0.0007807485915891932,0.0,-0.06569973783385892,0.11939254062830133,-0.003646274375736745,0.010627549427023411,-0.07123361680524518,0.09922943418211622,-0.08343546773051065,0.2603852288528324,-0.0045626230150203435,0.010742133262707716,-0.0330507681332274,0.03876128846897458,0.3810723147310846,0.7987345879456652,0.0,C,C,0.0849093373315753,0.2328449849683246,0.29957288046851965,C,0.18745372159488313,0.2337721993499451,0.0034485621348279054,0.03448562134827905,0.5729045869199696,0.0032713942892637657,0.2337721993499451,0.2337721993499451,0.2337721993499451,0.7681600660092833,0.2645074960001042,0.2337721993499451,0.05008291645122918,0.18784987862526611,0.0,0.0,0.18784987862526611,0.0,0.0,-0.013664345912325331,-0.013664345912325331,0.0,0.1854208827132383,0.0,0.1854208827132383,0.0,none,0.0,0.1315813155459951,0.2575385441932763,0.6316672524643051,0.0,0.0,0.0,0.0,0.0,0.09696937429122943,0.009753595871347486,0.003972537757627019,0.0007377217630915034,0.5,independent,automatic_regional_party_candidate_fit,,0.0,0.0,0.0,0.0,0.0,0.0,0.0,0.0,0.0,0.0,0.0,1.0,0.0,1.0,1.0,0.0,0.0,0.0,0.0,0.0,A,B,cumulative_rejection_landslide,0.6841268786974803,0.3869357232058956,0.6841268786974803,1.0,0.6160807169617687,0.05508428352697248,0.11371460309385921,0.05473015029579843,-0.0,0.05473015029579843,0.0,0.0,0.0,0.5,0.0,0.0,0.0,0.0,0.0,structural_mega_shock_regime
pres_2007,sido_44,A,이명박,국민의힘,313693.0,810951.0,0.4228679796989121,0.3868211339618445,3.604684573706757,3.604684573706757,0.5041153133041762,0.5041153133041762,0.35155688441259464,0.10701880797321284,False,이명박,0.6666666666666666,0.32919776511000437,0.3120147251965542,0.25398239261806677,0.3492812380439584,0.21382034727278296,0.39634157841406475,0.11592150925237002,0.017210264930253127,-0.05507051879965465,0.009794486037218367,0.016488999571225994,0.022318351203878567,0.1104991335266339,0.016574870028995086,True,0.2620262529491692,0.3350235255411603,0.07299727259199112,0.08214677666972603,13.624182177637138,0.275903669519508,0.2351752600384739,0.3350235255411603,0.34283915046498553,3.869739410732388,9.75444276690475,0.6592693712529817,0.007815624923825204,0.007815624923825204,0.3350235255411603,0.07830578036638569,0.07753235380493337,0.5265120129255935,0.25125274576055434,-0.04808630502265135,0.09688481669529737,0.44724410978885015,0.07261994893951385,0.01390708392820976,0.02739704686403139,0.5119684302849822,0.0,0.0,0.0,0.6592693712529817,0.30747575892753715,-0.010498538440709748,0.04866676012441148,0.5695164200475709,0.0,0.0,0.0,0.6592693712529817,0.2620262529491692,0.07299727259199112,0.40730733536135255,camp_conservative,1.0,0.7212544154212583,camp_conservative,0.7212544154212583,0.0,0.0,0.0,0.004946535624040606,0.541563148213218,0.06401415865164849,0.2620262529491692,0.0526496051706828,0.46519269368707217,0.1274999709515753,0.40730733536135255,0.3760635071920493,-0.11403725424288008,0.09824106049756105,0.2723322908160433,0.0013460162875659984,0.005360217106840342,0.06418825172467126,0.20118925492408488,0.002397388710929061,0.004000895196370969,0.07169513488790692,0.25536530936962326,0.05176610431058183,0.06557862705303064,0.003695486430207572,0.009461007776861393,0.03978268471113916,0.14260325881178304,0.33311212756056285,0.9558908610546378,0.0,A,A,0.4859751730773767,0.35155688441259464,0.3185192733303843,A,0.4739557955588432,0.3516323404497544,0.004946535624040606,0.04946535624040606,0.541563148213218,0.0011221379566413896,0.3516323404497544,0.35163234044975444,0.3516323404497544,0.021535221729465894,0.2735434468731565,0.3516323404497544,0.47824595715662566,0.38328574462647225,0.2620262529491692,0.07299727259199112,0.04826221908531192,0.0015840703034656644,0.001577598716093147,0.0015124468232117832,0.004674115842770594,0.0,0.38539367620228626,0.0,0.38539367620228626,0.0,none,0.0,0.4760726740540871,0.0,0.7769748783219415,0.0,0.0,0.0,0.0,0.0,0.28539749257756664,0.0,-0.015712252686103226,-0.006180414137237689,0.5,mainstream_conservative,none,,0.0,0.0,0.0,0.0,0.0,0.0,0.0,0.0,0.0,0.0,0.0,1.0,1.0,0.01019645983334668,1.0,0.0,0.0,0.0,0.0,0.17274588303357352,A,B,cumulative_rejection_landslide,0.6841268786974803,0.3869357232058956,0.6841268786974803,1.0,0.6160807169617687,0.05508428352697248,0.11371460309385921,0.05473015029579843,-0.0,0.05473015029579843,0.3420634393487402,0.25654757951155516,0.4275792991859252,0.5,0.006300805008935961,0.0,0.006300805008935961,0.037442366892508565,0.17274588303357352,structural_mega_shock_regime
pres_2007,sido_44,B,정동영,더불어민주당,192999.0,810951.0,0.3272691134270871,0.2379913230683779,8.92777903587091,8.92777903587091,0.31251079871188914,0.31251079871188914,0.39493297648991055,0.10701880797321284,False,정동영,0.6666666666666666,0.33733452813827636,0.30631973527067596,0.24982536089285204,0.34823577817274554,0.19990717844564762,0.39586146127882993,0.09342021754318194,0.009669843910924661,-0.04636200289710899,0.009097512789743134,0.011691237583769293,0.007317490064419849,0.2575788209514778,0.038636823142721675,True,0.203166440737903,0.2576691390974872,0.054502698359584184,0.10726066608605417,13.226933637698176,0.203166440737903,0.2324796321154689,0.25125274576055434,0.343455766816987,3.869739410732388,9.357194226965788,0.6592693712529817,0.09220302105643263,0.09220302105643263,0.3350235255411603,0.07830578036638569,0.07753235380493337,0.5265120129255935,0.25125274576055434,-0.04808630502265135,0.09688481669529737,0.44724410978885015,0.07261994893951385,0.01390708392820976,0.02739704686403139,0.5119684302849822,0.0,0.0,0.0,0.6592693712529817,0.30747575892753715,-0.010498538440709748,0.04866676012441148,0.5695164200475709,0.0,0.0,0.0,0.6592693712529817,0.203166440737903,0.054502698359584184,0.40730733536135255,camp_liberal,1.0,1.0,camp_liberal,0.0,0.8484900677802345,0.0,0.0,-0.019581275347442813,0.49012973568183876,0.07656732750750331,0.203166440737903,0.04624499822532926,0.46519269368707217,0.1274999709515753,0.40730733536135255,0.340857106693634,-0.137690665955731,0.020422017748335113,0.32124201557667487,-0.000565267695976805,0.0022895399702584376,0.001511486109187646,0.18221017354165736,0.0012488856648076843,0.004663699844863684,-0.0004615180826617408,0.30987753076971075,0.03166936341992882,0.06293114072944721,0.0008671365848127715,0.009833455458550461,-0.0067319165779117585,0.10695244410883728,0.06347759188362234,1.0,0.0,B,B,0.4291154895910481,0.39493297648991055,0.3578190906315401,B,0.2959207003337731,0.3915812707994289,-0.019581275347442813,-0.19581275347442811,0.49012973568183876,-0.007615461542129713,0.3915812707994289,0.3915812707994289,0.3915812707994289,0.21030471226125066,0.31563893740725785,0.3915812707994289,0.4171630630842147,0.39797671887062536,0.203166440737903,0.054502698359584184,0.14030757977313818,0.00017684581728902424,0.00015146581215571064,0.0005827315891764266,0.0009110432186211615,0.0,0.3986624235689855,0.0,0.3986624235689855,0.0,none,0.0,0.4528136842261532,0.0,0.7405338290559005,0.0,0.0,0.0,0.0,0.0,0.28539749257756664,0.0,-0.015712252686103226,-0.006393200072431771,0.5,mainstream_liberal,none,,0.0,0.0,-0.18305656956128039,1.093861316614196,4.0,0.2002385001951803,0.0,1.0,4.0,1.0,0.18305656956128039,1.0,0.8413389857294377,0.43380035828133845,0.8413389857294377,0.09806282542548186,-0.017951044423875417,0.0,-0.017951044423875417,0.13394141164498347,A,B,cumulative_rejection_landslide,0.6841268786974803,0.3869357232058956,0.6841268786974803,1.0,0.6160807169617687,0.05508428352697248,0.11371460309385921,0.05473015029579843,-0.0,0.05473015029579843,-0.3420634393487402,-0.25654757951155516,-0.4275792991859252,0.5,0.0,0.006300805008935961,-0.006300805008935961,0.037442366892508565,0.13394141164498347,structural_mega_shock_regime
pres_2007,sido_44,C,이회창,무소속,304259.0,810951.0,0.2498629068740007,0.3751875429697776,-12.532463609577682,12.532463609577682,0.1833738879839347,0.1833738879839347,0.2535101390974948,0.10701880797321284,False,이회창,0.6666888874075062,0.4836005854361939,0.2356846809325529,0.16960895604519222,0.3062515107476886,0.19199216269154107,0.28416205281664286,0.03799022054410454,-0.026881004785076254,0.10143590255542966,-0.018892628518276312,-0.02818117643361518,-0.029636829063820997,0.2623895274692271,0.039358429120384064,False,0.0,0.0,0.0,0.0,0.0,0.0,0.0,0.0,0.0,0.0,0.0,0.0,0.0,0.0,0.3350235255411603,0.07830578036638569,0.07753235380493337,0.5265120129255935,0.25125274576055434,-0.04808630502265135,0.09688481669529737,0.44724410978885015,0.07261994893951385,0.01390708392820976,0.02739704686403139,0.5119684302849822,0.0,0.0,0.0,0.6592693712529817,0.30747575892753715,-0.010498538440709748,0.04866676012441148,0.5695164200475709,0.0,0.0,0.0,0.6592693712529817,0.0,0.0,0.40730733536135255,camp_conservative,0.38647331457366063,0.2787455845787417,,0.2787455845787417,0.15150993221976555,1.0,1.0,0.014634739723402214,0.5653089660287658,0.044041845425695864,0.0,0.02860536755556325,0.46519269368707217,0.1274999709515753,0.40730733536135255,0.0,0.0,-0.11866307824589618,0.2595964131237097,-0.0007807485915891932,0.0,-0.06569973783385892,0.11939254062830133,-0.003646274375736745,0.010627549427023411,-0.07123361680524518,0.09922943418211622,-0.08343546773051065,0.2603852288528324,-0.0045626230150203435,0.010742133262707716,-0.0330507681332274,0.03876128846897458,0.3810723147310846,0.7987345879456652,0.0,C,C,0.0849093373315753,0.2535101390974948,0.3236616360380755,C,0.23012350410738366,0.2567863887508168,0.014634739723402214,0.14634739723402213,0.5653089660287658,0.013748275486183088,0.2567863887508168,0.2567863887508168,0.2567863887508168,0.7681600660092833,0.41081761571958564,0.2567863887508168,0.10459097975915956,0.21873753650290245,0.0,0.0,0.21873753650290245,0.0,0.0,-0.013664345912325331,-0.013664345912325331,0.0,0.2159439002287282,0.0,0.2159439002287282,0.0,none,0.0,0.1315813155459951,0.2575385441932763,0.6316672524643051,0.0,0.0,0.0,0.0,0.0,0.28539749257756664,0.14552161621106943,0.05704855541943149,0.01257361420966957,0.5,independent,automatic_regional_party_candidate_fit,,0.0,0.0,0.0,0.0,0.0,0.0,0.0,0.0,0.0,0.0,0.0,1.0,0.0,1.0,1.0,0.0,0.0,0.0,0.0,0.0,A,B,cumulative_rejection_landslide,0.6841268786974803,0.3869357232058956,0.6841268786974803,1.0,0.6160807169617687,0.05508428352697248,0.11371460309385921,0.05473015029579843,-0.0,0.05473015029579843,0.0,0.0,0.0,0.5,0.0,0.0,0.0,0.0,0.0,structural_mega_shock_regime
pres_2007,sido_45,A,이명박,국민의힘,86149.0,898015.0,0.0212825267151424,0.0959329519348865,-7.465042521974411,7.465042521974411,0.08095694204898862,0.08095694204898862,0.0903173391355429,0.10701880797321284,False,이명박,0.6666666666666666,0.32919776511000437,0.3120147251965542,0.25398239261806677,0.3492812380439584,0.21382034727278296,0.39634157841406475,0.11592150925237002,0.017210264930253127,-0.05507051879965465,0.009794486037218367,0.016488999571225994,0.022318351203878567,0.1104991335266339,0.016574870028995086,True,0.034015388449356566,0.06234517971434687,0.0283297912649903,0.03235303379211095,13.364574106889375,0.04444392406868128,0.0138375308081929,0.06234517971434687,0.06714306225344416,3.869739410732388,9.494834696156987,0.6592693712529817,0.004797882539097291,0.004797882539097291,0.06234517971434687,0.014647103238243038,0.02347648623778761,0.5215035288682104,0.7660928613044468,0.007669177501348545,0.05063560663902353,0.6183640942498676,0.13001039655286611,0.01923528168874858,0.012455141091881993,0.6136537113035815,0.0,0.0,0.0,0.6592693712529817,0.014904693670471909,-0.014904693670471909,0.017346928504363635,0.4830679595907442,0.0,0.0,0.0,0.6592693712529817,0.034015388449356566,0.0283297912649903,0.15287067913812225,camp_conservative,1.0,0.7212544154212583,camp_conservative,0.7212544154212583,0.0,0.0,0.0,-0.14476224966404494,0.551765449470495,0.020978040992546926,0.034015388449356566,0.02043298703783685,0.8187995295968875,0.0283297912649903,0.15287067913812225,0.3760635071920493,-0.3420481187426927,0.09824106049756105,0.2723322908160433,0.0013460162875659984,0.005360217106840342,0.06418825172467126,0.20118925492408488,0.002397388710929061,0.004000895196370969,0.07169513488790692,0.25536530936962326,0.05176610431058183,0.06557862705303064,0.003695486430207572,0.009461007776861393,0.03978268471113916,0.14260325881178304,0.33311212756056285,0.9558908610546378,0.0,A,A,0.4859751730773767,0.0903173391355429,0.08434691366484313,A,0.13055580999741725,0.08618280750071125,-0.14476224966404494,-1.0,0.551765449470495,-0.05783293234335827,0.08618280750071125,0.07675365288741999,0.08618280750071125,0.021535221729465894,0.03791758075697112,0.08618280750071125,0.07552000402701065,0.08351710663228609,0.034015388449356566,0.0283297912649903,0.021171926917939225,0.0009437398801975661,0.0028098330196625674,0.003044951925592776,0.006798524825452909,0.0,0.08416389859576598,0.0,0.08416389859576598,0.0,none,0.0,0.4760726740540871,0.0,0.7769748783219415,0.0,0.0,0.0,0.0,0.0,0.42452086698069397,0.0,-0.006175322913193828,-0.0005185757310683381,0.5,mainstream_conservative,none,,0.0,0.0,0.0,0.0,0.0,0.0,0.0,0.0,0.0,0.0,0.0,1.0,1.0,0.01019645983334668,1.0,0.0,0.0,0.0,0.0,0.02242530375593324,A,B,cumulative_rejection_landslide,0.6841268786974803,0.3869357232058956,0.6841268786974803,1.0,0.6160807169617687,0.05508428352697248,0.11371460309385921,0.05473015029579843,-0.0,0.05473015029579843,0.3420634393487402,0.25654757951155516,0.4275792991859252,0.5,0.00958109560407918,0.0,0.00958109560407918,0.037442366892508565,0.02242530375593324,structural_mega_shock_regime
pres_2007,sido_45,B,정동영,더불어민주당,777236.0,898015.0,0.7899988881116371,0.8655040165626199,-7.550512845098279,7.550512845098279,0.7856967679420029,0.7856967679420029,0.7366777229883053,0.10701880797321284,False,정동영,0.6666666666666666,0.33733452813827636,0.30631973527067596,0.24982536089285204,0.34823577817274554,0.19990717844564762,0.39586146127882993,0.09342021754318194,0.009669843910924661,-0.04636200289710899,0.009097512789743134,0.011691237583769293,0.007317490064419849,0.2575788209514778,0.038636823142721675,True,0.7847841411475309,0.7847841411475309,0.0,0.050127912938751976,13.624182177637138,0.7660928613044468,0.8943210749045912,0.7660928613044468,0.8943210749045912,3.869739410732388,9.75444276690475,0.6592693712529817,0.12822821360014447,0.12822821360014447,0.06234517971434687,0.014647103238243038,0.02347648623778761,0.5215035288682104,0.7660928613044468,0.007669177501348545,0.05063560663902353,0.6183640942498676,0.13001039655286611,0.01923528168874858,0.012455141091881993,0.6136537113035815,0.0,0.0,0.0,0.6592693712529817,0.014904693670471909,-0.014904693670471909,0.017346928504363635,0.4830679595907442,0.0,0.0,0.0,0.6592693712529817,0.7847841411475309,0.0,0.15287067913812225,camp_liberal,1.0,1.0,camp_liberal,0.0,0.8484900677802345,0.0,0.0,0.1787583332933465,0.6151182326788869,0.03860743331787226,0.7847841411475309,0.0,0.8187995295968875,0.0283297912649903,0.15287067913812225,0.340857106693634,0.4439270344538969,0.020422017748335113,0.32124201557667487,-0.000565267695976805,0.0022895399702584376,0.001511486109187646,0.18221017354165736,0.0012488856648076843,0.004663699844863684,-0.0004615180826617408,0.30987753076971075,0.03166936341992882,0.06293114072944721,0.0008671365848127715,0.009833455458550461,-0.0067319165779117585,0.10695244410883728,0.06347759188362234,1.0,0.0,B,B,0.4291154895910481,0.7366777229883053,0.687979660322555,B,0.736872066550527,0.7448066812787961,0.1787583332933465,1.0,0.6151182326788869,0.0,0.7448066812787961,0.7847841411475309,0.7448066812787961,0.21030471226125066,0.8228914539372607,0.7448066812787961,0.8986432443412314,0.783265822044405,0.7441025309421847,0.0,0.03916329110222028,0.00032909712825752237,0.0,8.264471749055834e-05,0.0004117418457480807,0.0,0.7843065393224672,0.0,0.7843065393224672,0.0,none,0.0,0.4528136842261532,0.0,0.7405338290559005,0.0,0.0,0.0,0.0,0.0,0.42452086698069397,0.015747217710382618,0.0016982859419974808,0.0013289949244715826,0.5,mainstream_liberal,none,,0.0,0.0,-0.18305656956128039,1.093861316614196,4.0,0.2002385001951803,0.0,1.0,4.0,1.0,0.18305656956128039,1.0,0.8413389857294377,0.43380035828133845,0.8413389857294377,0.09806282542548186,-0.017951044423875417,0.0,-0.017951044423875417,0.4905640077220065,A,B,cumulative_rejection_landslide,0.6841268786974803,0.3869357232058956,0.6841268786974803,1.0,0.6160807169617687,0.05508428352697248,0.11371460309385921,0.05473015029579843,-0.0,0.05473015029579843,-0.3420634393487402,-0.25654757951155516,-0.4275792991859252,0.5,0.0,0.00958109560407918,-0.00958109560407918,0.037442366892508565,0.4905640077220065,structural_mega_shock_regime
pres_2007,sido_45,C,이회창,무소속,34630.0,898015.0,0.1887185851732205,0.0385630315024935,15.0155553670727,15.0155553670727,0.13334629000900847,0.13334629000900847,0.17300493787615176,0.10701880797321284,False,이회창,0.6666888874075062,0.4836005854361939,0.2356846809325529,0.16960895604519222,0.3062515107476886,0.19199216269154107,0.28416205281664286,0.03799022054410454,-0.026881004785076254,0.10143590255542966,-0.018892628518276312,-0.02818117643361518,-0.029636829063820997,0.2623895274692271,0.039358429120384064,False,0.0,0.0,0.0,0.0,0.0,0.0,0.0,0.0,0.0,0.0,0.0,0.0,0.0,0.0,0.06234517971434687,0.014647103238243038,0.02347648623778761,0.5215035288682104,0.7660928613044468,0.007669177501348545,0.05063560663902353,0.6183640942498676,0.13001039655286611,0.01923528168874858,0.012455141091881993,0.6136537113035815,0.0,0.0,0.0,0.6592693712529817,0.014904693670471909,-0.014904693670471909,0.017346928504363635,0.4830679595907442,0.0,0.0,0.0,0.6592693712529817,0.0,0.0,0.15287067913812225,camp_conservative,0.38647331457366063,0.2787455845787417,,0.2787455845787417,0.15150993221976555,1.0,1.0,-0.03399608362930157,0.5994952571685931,0.0171744748155855,0.0,0.007896804227153453,0.8187995295968875,0.0283297912649903,0.15287067913812225,0.0,0.0,-0.11866307824589618,0.2595964131237097,-0.0007807485915891932,0.0,-0.06569973783385892,0.11939254062830133,-0.003646274375736745,0.010627549427023411,-0.07123361680524518,0.09922943418211622,-0.08343546773051065,0.2603852288528324,-0.0045626230150203435,0.010742133262707716,-0.0330507681332274,0.03876128846897458,0.3810723147310846,0.7987345879456652,0.0,C,C,0.0849093373315753,0.17300493787615176,0.22767342601260188,C,0.1325721234520558,0.16901051122049257,-0.03399608362930157,-0.3399608362930157,0.5994952571685931,-0.03433340934506703,0.16901051122049257,0.13846220596504905,0.16901051122049257,0.7681600660092833,0.13919096530576808,0.16901051122049257,0.02583675163175793,0.1332170713233089,0.0,0.0,0.1332170713233089,0.0,0.0,-0.013664345912325331,-0.013664345912325331,0.0,0.13152956208176675,0.0,0.13152956208176675,0.0,none,0.0,0.1315813155459951,0.2575385441932763,0.6316672524643051,0.0,0.0,0.0,0.0,0.0,0.42452086698069397,0.0,-0.006175322913193828,-0.0008104191934032168,0.5,independent,none,,0.0,0.0,0.0,0.0,0.0,0.0,0.0,0.0,0.0,0.0,0.0,1.0,0.0,1.0,1.0,0.0,0.0,0.0,0.0,0.0,A,B,cumulative_rejection_landslide,0.6841268786974803,0.3869357232058956,0.6841268786974803,1.0,0.6160807169617687,0.05508428352697248,0.11371460309385921,0.05473015029579843,-0.0,0.05473015029579843,0.0,0.0,0.0,0.5,0.0,0.0,0.0,0.0,0.0,structural_mega_shock_regime
pres_2007,sido_46,A,이명박,국민의힘,88834.0,880933.0,0.0212825267151424,0.100840400428015,-7.9557873712872675,7.9557873712872675,0.05914188375320576,0.05914188375320576,0.09150319625530945,0.10701880797321284,False,이명박,0.6666666666666666,0.32919776511000437,0.3120147251965542,0.25398239261806677,0.3492812380439584,0.21382034727278296,0.39634157841406475,0.11592150925237002,0.017210264930253127,-0.05507051879965465,0.009794486037218367,0.016488999571225994,0.022318351203878567,0.1104991335266339,0.016574870028995086,True,0.02448012886651669,0.04240366452723158,0.01792353566071489,0.02814108744880317,13.624182177637138,0.0291389114716201,0.0154659915400151,0.04240366452723158,0.05627447436399347,3.869739410732388,9.75444276690475,0.6592693712529817,0.013870809836761894,0.013870809836761894,0.04240366452723158,0.014031034376501321,0.02198962834276643,0.502380696698846,0.7993872364603508,0.01709161912096402,0.05564236505118686,0.6160814053315781,0.11909104826019623,0.007995397254756065,0.018126756427523025,0.5885949302592762,0.0,0.0,0.0,0.6592693712529817,0.018411322486673095,-0.018411322486673095,0.02246905548694677,0.44273854645547195,0.0,0.0,0.0,0.6592693712529817,0.02448012886651669,0.01792353566071489,0.14331130313046148,camp_conservative,1.0,0.7212544154212583,camp_conservative,0.7212544154212583,0.0,0.0,0.0,-0.15386044188970036,0.5357400625686528,0.020630593004751507,0.02448012886651669,0.012927429235250995,0.8381847151434757,0.018503981726062907,0.14331130313046148,0.3760635071920493,-0.3515833783255326,0.09824106049756105,0.2723322908160433,0.0013460162875659984,0.005360217106840342,0.06418825172467126,0.20118925492408488,0.002397388710929061,0.004000895196370969,0.07169513488790692,0.25536530936962326,0.05176610431058183,0.06557862705303064,0.003695486430207572,0.009461007776861393,0.03978268471113916,0.14260325881178304,0.33311212756056285,0.9558908610546378,0.0,A,A,0.4859751730773767,0.09150319625530945,0.08551637981753787,A,0.1358479711545813,0.08670562497032169,-0.15386044188970036,-1.0,0.5357400625686528,-0.06599131811584164,0.08670562497032168,0.06842535661455881,0.08670562497032169,0.021535221729465894,0.02796485690511863,0.08670562497032169,0.05482956063046946,0.07873660888535863,0.02448012886651669,0.01792353566071489,0.036332944358127055,0.0007204258813540574,0.001885643356963002,0.00554267458885085,0.008148743827167909,0.0,0.07944518121766994,0.0,0.07944518121766994,0.0,none,0.0,0.4760726740540871,0.0,0.7769748783219415,0.0,0.0,0.0,0.0,0.0,0.43983776742507297,0.0,0.0,0.0,0.5,mainstream_conservative,none,,0.0,0.0,0.0,0.0,0.0,0.0,0.0,0.0,0.0,0.0,0.0,1.0,1.0,0.01019645983334668,1.0,0.0,0.0,0.0,0.0,0.016138999166020424,A,B,cumulative_rejection_landslide,0.6841268786974803,0.3869357232058956,0.6841268786974803,1.0,0.6160807169617687,0.05508428352697248,0.11371460309385921,0.05473015029579843,-0.0,0.05473015029579843,0.3420634393487402,0.25654757951155516,0.4275792991859252,0.5,0.009270630177867318,0.0,0.009270630177867318,0.037442366892508565,0.016138999166020424,structural_mega_shock_regime
pres_2007,sido_46,B,정동영,더불어민주당,757309.0,880933.0,0.794719890982229,0.8596676652956922,-6.494777431346321,6.494777431346321,0.8065363058800062,0.8065363058800062,0.7373893028189485,0.10701880797321284,False,정동영,0.6666666666666666,0.33733452813827636,0.30631973527067596,0.24982536089285204,0.34823577817274554,0.19990717844564762,0.39586146127882993,0.09342021754318194,0.009669843910924661,-0.04636200289710899,0.009097512789743134,0.011691237583769293,0.007317490064419849,0.2575788209514778,0.038636823142721675,True,0.813704586276959,0.814285032342307,0.000580446065348017,0.05091470056215754,13.624182177637138,0.7993872364603508,0.9147785353323994,0.7993872364603508,0.9164820689051884,3.869739410732388,9.75444276690475,0.6592693712529817,0.11709483244483754,0.11709483244483754,0.04240366452723158,0.014031034376501321,0.02198962834276643,0.502380696698846,0.7993872364603508,0.01709161912096402,0.05564236505118686,0.6160814053315781,0.11909104826019623,0.007995397254756065,0.018126756427523025,0.5885949302592762,0.0,0.0,0.0,0.6592693712529817,0.018411322486673095,-0.018411322486673095,0.02246905548694677,0.44273854645547195,0.0,0.0,0.0,0.6592693712529817,0.813704586276959,0.000580446065348017,0.14331130313046148,camp_liberal,1.0,1.0,camp_liberal,0.0,0.8484900677802345,0.0,0.0,0.19117972092581972,0.6101611838035079,0.042453758762487116,0.813704586276959,0.0004925027213299093,0.8381847151434757,0.018503981726062907,0.14331130313046148,0.340857106693634,0.47284747958332496,0.020422017748335113,0.32124201557667487,-0.000565267695976805,0.0022895399702584376,0.001511486109187646,0.18221017354165736,0.0012488856648076843,0.004663699844863684,-0.0004615180826617408,0.30987753076971075,0.03166936341992882,0.06293114072944721,0.0008671365848127715,0.009833455458550461,-0.0067319165779117585,0.10695244410883728,0.06347759188362234,1.0,0.0,B,B,0.4291154895910481,0.7373893028189485,0.689143836214308,B,0.7328229995733412,0.7463929125680143,0.19117972092581972,1.0,0.6101611838035079,0.0,0.7463929125680142,0.813704586276959,0.7463929125680143,0.21030471226125066,0.8477351031981827,0.7463929125680143,0.9212515732897697,0.7901075777484532,0.750067147772449,0.0005350510885816003,0.03950537888742261,0.0003288625382483398,7.489680743535893e-07,8.264471749055817e-05,0.0004122562238132516,0.0,0.7910741021530477,0.0,0.7910741021530477,0.0,none,0.0,0.4528136842261532,0.0,0.7405338290559005,0.0,0.0,0.0,0.0,0.0,0.43983776742507297,0.0,0.0,0.0,0.5,mainstream_liberal,none,,0.0,0.0,-0.18305656956128039,1.093861316614196,4.0,0.2002385001951803,0.0,1.0,4.0,1.0,0.18305656956128039,1.0,0.8413389857294377,0.43380035828133845,0.8413389857294377,0.09806282542548186,-0.017951044423875417,0.0,-0.017951044423875417,0.49449629690945973,A,B,cumulative_rejection_landslide,0.6841268786974803,0.3869357232058956,0.6841268786974803,1.0,0.6160807169617687,0.05508428352697248,0.11371460309385921,0.05473015029579843,-0.0,0.05473015029579843,-0.3420634393487402,-0.25654757951155516,-0.4275792991859252,0.5,0.0,0.009270630177867318,-0.009270630177867318,0.037442366892508565,0.49449629690945973,structural_mega_shock_regime
pres_2007,sido_46,C,이회창,무소속,34790.0,880933.0,0.1839975823026286,0.0394919342762927,14.450564802633592,14.450564802633592,0.13432181036678803,0.13432181036678803,0.17110750092574206,0.10701880797321284,False,이회창,0.6666888874075062,0.4836005854361939,0.2356846809325529,0.16960895604519222,0.3062515107476886,0.19199216269154107,0.28416205281664286,0.03799022054410454,-0.026881004785076254,0.10143590255542966,-0.018892628518276312,-0.02818117643361518,-0.029636829063820997,0.2623895274692271,0.039358429120384064,False,0.0,0.0,0.0,0.0,0.0,0.0,0.0,0.0,0.0,0.0,0.0,0.0,0.0,0.0,0.04240366452723158,0.014031034376501321,0.02198962834276643,0.502380696698846,0.7993872364603508,0.01709161912096402,0.05564236505118686,0.6160814053315781,0.11909104826019623,0.007995397254756065,0.018126756427523025,0.5885949302592762,0.0,0.0,0.0,0.6592693712529817,0.018411322486673095,-0.018411322486673095,0.02246905548694677,0.44273854645547195,0.0,0.0,0.0,0.6592693712529817,0.0,0.0,0.14331130313046148,camp_conservative,0.38647331457366063,0.2787455845787417,,0.2787455845787417,0.15150993221976555,1.0,1.0,-0.037319279036119354,0.5892348306954358,0.018240526700793586,0.0,0.005084049769482003,0.8381847151434757,0.018503981726062907,0.14331130313046148,0.0,0.0,-0.11866307824589618,0.2595964131237097,-0.0007807485915891932,0.0,-0.06569973783385892,0.11939254062830133,-0.003646274375736745,0.010627549427023411,-0.07123361680524518,0.09922943418211622,-0.08343546773051065,0.2603852288528324,-0.0045626230150203435,0.010742133262707716,-0.0330507681332274,0.03876128846897458,0.3810723147310846,0.7987345879456652,0.0,C,C,0.0849093373315753,0.17110750092574206,0.22533978396815418,C,0.13132902927207732,0.1669014624616641,-0.037319279036119354,-0.3731927903611935,0.5892348306954358,-0.03702460115592326,0.16690146246166407,0.11787005710848217,0.1669014624616641,0.7681600660092833,0.1243000398966987,0.1669014624616641,0.02391886607976088,0.1311558133661883,0.0,0.0,0.1311558133661883,0.0,0.0,-0.013664345912325331,-0.013664345912325331,0.0,0.12948071662928234,0.0,0.12948071662928234,0.0,none,0.0,0.1315813155459951,0.2575385441932763,0.6316672524643051,0.0,0.0,0.0,0.0,0.0,0.43983776742507297,0.0,0.0,0.0,0.5,independent,none,,0.0,0.0,0.0,0.0,0.0,0.0,0.0,0.0,0.0,0.0,0.0,1.0,0.0,1.0,1.0,0.0,0.0,0.0,0.0,0.0,A,B,cumulative_rejection_landslide,0.6841268786974803,0.3869357232058956,0.6841268786974803,1.0,0.6160807169617687,0.05508428352697248,0.11371460309385921,0.05473015029579843,-0.0,0.05473015029579843,0.0,0.0,0.0,0.5,0.0,0.0,0.0,0.0,0.0,structural_mega_shock_regime
pres_2007,sido_47,A,이명박,국민의힘,1033957.0,1326305.0,0.742613092047416,0.7795775895863428,-3.6964497538926833,3.6964497538926833,0.8285180236983787,0.8285180236983787,0.5759511761521118,0.10701880797321284,False,이명박,0.6666666666666666,0.32919776511000437,0.3120147251965542,0.25398239261806677,0.3492812380439584,0.21382034727278296,0.39634157841406475,0.11592150925237002,0.017210264930253127,-0.05507051879965465,0.009794486037218367,0.016488999571225994,0.022318351203878567,0.1104991335266339,0.016574870028995086,True,0.6364146647876233,0.7001519007873311,0.06373723599970782,0.08261745412633943,13.624182177637138,0.645300074171103,0.6192225553517519,0.7001519007873311,0.7166278719244462,3.869739410732388,9.75444276690475,0.6592693712529817,0.016475971137115075,0.016475971137115075,0.7001519007873311,0.04852567549221021,0.07193507417370398,0.5960493873113836,0.16225990450699526,-0.01295405212791087,0.050070797140760556,0.5037518088297077,0.08864465052337483,-6.60293273653384e-05,0.019400455873966025,0.5670182364434605,0.0,0.0,0.0,0.6592693712529817,0.01770453156613801,-0.0042665814207733105,0.011702479093229252,0.5453170868869369,0.0,0.0,0.0,0.6592693712529817,0.6364146647876233,0.06373723599970782,0.13758819470567363,camp_conservative,1.0,0.7212544154212583,camp_conservative,0.7212544154212583,0.0,0.0,0.0,0.09208246361223252,0.5970626239422202,0.055840348506509395,0.6364146647876233,0.045970762891536045,0.7638413551129178,0.09857045018140856,0.13758819470567363,0.3760635071920493,0.26035115759557403,0.09824106049756105,0.2723322908160433,0.0013460162875659984,0.005360217106840342,0.06418825172467126,0.20118925492408488,0.002397388710929061,0.004000895196370969,0.07169513488790692,0.25536530936962326,0.05176610431058183,0.06557862705303064,0.003695486430207572,0.009461007776861393,0.03978268471113916,0.14260325881178304,0.33311212756056285,0.9558908610546378,0.0,A,A,0.4859751730773767,0.5759511761521118,0.5255680480917404,A,0.6780424179331696,0.5781717037314369,0.09208246361223252,0.9208246361223251,0.5970626239422202,0.0,0.5781717037314369,0.6364146647876233,0.5781717037314369,0.021535221729465894,0.6415003935685969,0.5781717037314369,0.7797015017336432,0.6285541532319885,0.542767971159067,0.05435847441132196,0.031427707661599476,0.0020008928143688126,0.0007163695816027258,0.0006005725781257092,0.0033178349740972477,0.0,0.6308388942401897,0.0,0.6308388942401897,0.0,none,0.0,0.4760726740540871,0.0,0.7769748783219415,0.0,0.0,0.0,0.0,0.0,0.27823626976010246,0.0,0.0,0.0,0.5,mainstream_conservative,none,,0.0,0.0,0.0,0.0,0.0,0.0,0.0,0.0,0.0,0.0,0.0,1.0,1.0,0.01019645983334668,1.0,0.0,0.0,0.0,0.0,0.35783029908229463,A,B,cumulative_rejection_landslide,0.6841268786974803,0.3869357232058956,0.6841268786974803,1.0,0.6160807169617687,0.05508428352697248,0.11371460309385921,0.05473015029579843,-0.0,0.05473015029579843,0.3420634393487402,0.25654757951155516,0.4275792991859252,0.5,0.00210292793092512,0.0,0.00210292793092512,0.037442366892508565,0.35783029908229463,structural_mega_shock_regime
pres_2007,sido_47,B,정동영,더불어민주당,96822.0,1326305.0,0.0788441916179383,0.07300085384256,0.5843337775378334,0.5843337775378334,0.06750066463567612,0.06750066463567612,0.18974542618660006,0.10701880797321284,False,정동영,0.6666666666666666,0.33733452813827636,0.30631973527067596,0.24982536089285204,0.34823577817274554,0.19990717844564762,0.39586146127882993,0.09342021754318194,0.009669843910924661,-0.04636200289710899,0.009097512789743134,0.011691237583769293,0.007317490064419849,0.2575788209514778,0.038636823142721675,True,0.12742669032529452,0.16225990450699526,0.03483321418170074,0.054069766350012975,13.226933637698176,0.1473417304614761,0.0888936824846449,0.16225990450699526,0.1501428569057106,3.869739410732388,9.357194226965788,0.6592693712529817,0.0,-0.012117047601284653,0.7001519007873311,0.04852567549221021,0.07193507417370398,0.5960493873113836,0.16225990450699526,-0.01295405212791087,0.050070797140760556,0.5037518088297077,0.08864465052337483,-6.60293273653384e-05,0.019400455873966025,0.5670182364434605,0.0,0.0,0.0,0.6592693712529817,0.01770453156613801,-0.0042665814207733105,0.011702479093229252,0.5453170868869369,0.0,0.0,0.0,0.6592693712529817,0.12742669032529452,0.03483321418170074,0.13758819470567363,camp_liberal,1.0,1.0,camp_liberal,0.0,0.8484900677802345,0.0,0.0,-0.09878594390795403,0.5374262622241641,0.04175478068276001,0.12742669032529452,0.029555636262034685,0.7638413551129178,0.09857045018140856,0.13758819470567363,0.340857106693634,-0.21343041636833948,0.020422017748335113,0.32124201557667487,-0.000565267695976805,0.0022895399702584376,0.001511486109187646,0.18221017354165736,0.0012488856648076843,0.004663699844863684,-0.0004615180826617408,0.30987753076971075,0.03166936341992882,0.06293114072944721,0.0008671365848127715,0.009833455458550461,-0.0067319165779117585,0.10695244410883728,0.06347759188362234,1.0,0.0,B,B,0.4291154895910481,0.18974542618660006,0.17314685237987798,B,0.13806998233699358,0.1850306354703896,-0.09878594390795403,-0.9878594390795403,0.5374262622241641,-0.02900989941898495,0.1850306354703896,0.17363455519759724,0.1850306354703896,0.21030471226125066,0.17709196618627923,0.1850306354703896,0.18771793560660974,0.18570246050444464,0.12742669032529452,0.03483321418170074,0.023442555997449377,0.0002377076904607181,0.00020745799340187693,0.00020865673103124296,0.0006538224148938379,0.0,0.18588162203053937,0.0,0.18588162203053937,0.0,none,0.0,0.4528136842261532,0.0,0.7405338290559005,0.0,0.0,0.0,0.0,0.0,0.27823626976010246,0.0,0.0,0.0,0.5,mainstream_liberal,none,,0.0,0.0,-0.18305656956128039,1.093861316614196,4.0,0.2002385001951803,0.0,1.0,4.0,1.0,0.18305656956128039,1.0,0.8413389857294377,0.43380035828133845,0.8413389857294377,0.09806282542548186,-0.017951044423875417,0.0,-0.017951044423875417,0.08400851401160532,A,B,cumulative_rejection_landslide,0.6841268786974803,0.3869357232058956,0.6841268786974803,1.0,0.6160807169617687,0.05508428352697248,0.11371460309385921,0.05473015029579843,-0.0,0.05473015029579843,-0.3420634393487402,-0.25654757951155516,-0.4275792991859252,0.5,0.0,0.00210292793092512,-0.00210292793092512,0.037442366892508565,0.08400851401160532,structural_mega_shock_regime
pres_2007,sido_47,C,이회창,무소속,195526.0,1326305.0,0.1785427163346457,0.1474215565710971,3.112115976354852,3.112115976354852,0.10398131166594515,0.10398131166594515,0.23430339766128808,0.10701880797321284,False,이회창,0.6666888874075062,0.4836005854361939,0.2356846809325529,0.16960895604519222,0.3062515107476886,0.19199216269154107,0.28416205281664286,0.03799022054410454,-0.026881004785076254,0.10143590255542966,-0.018892628518276312,-0.02818117643361518,-0.029636829063820997,0.2623895274692271,0.039358429120384064,False,0.0,0.0,0.0,0.0,0.0,0.0,0.0,0.0,0.0,0.0,0.0,0.0,0.0,0.0,0.7001519007873311,0.04852567549221021,0.07193507417370398,0.5960493873113836,0.16225990450699526,-0.01295405212791087,0.050070797140760556,0.5037518088297077,0.08864465052337483,-6.60293273653384e-05,0.019400455873966025,0.5670182364434605,0.0,0.0,0.0,0.6592693712529817,0.01770453156613801,-0.0042665814207733105,0.011702479093229252,0.5453170868869369,0.0,0.0,0.0,0.6592693712529817,0.0,0.0,0.13758819470567363,camp_conservative,0.38647331457366063,0.2787455845787417,,0.2787455845787417,0.15150993221976555,1.0,1.0,0.006703480295721521,0.6017974580010655,0.03316674407063135,0.0,0.023044051027837832,0.7638413551129178,0.09857045018140856,0.13758819470567363,0.0,0.0,-0.11866307824589618,0.2595964131237097,-0.0007807485915891932,0.0,-0.06569973783385892,0.11939254062830133,-0.003646274375736745,0.010627549427023411,-0.07123361680524518,0.09922943418211622,-0.08343546773051065,0.2603852288528324,-0.0045626230150203435,0.010742133262707716,-0.0330507681332274,0.03876128846897458,0.3810723147310846,0.7987345879456652,0.0,C,C,0.0849093373315753,0.23430339766128808,0.3012850995283816,C,0.183887599729837,0.23679766079817355,0.006703480295721521,0.06703480295721521,0.6017974580010655,0.006741181479693008,0.23679766079817355,0.18995078001477947,0.23679766079817355,0.7681600660092833,0.18140764024512396,0.23679766079817355,0.03258056265974716,0.18574338626356696,0.0,0.0,0.18574338626356696,0.0,0.0,-0.013664345912325331,-0.013664345912325331,0.0,0.18327948372927097,0.0,0.18327948372927097,0.0,none,0.0,0.1315813155459951,0.2575385441932763,0.6316672524643051,0.0,0.0,0.0,0.0,0.0,0.27823626976010246,0.0,0.0,0.0,0.5,independent,none,,0.0,0.0,0.0,0.0,0.0,0.0,0.0,0.0,0.0,0.0,0.0,1.0,0.0,1.0,1.0,0.0,0.0,0.0,0.0,0.0,A,B,cumulative_rejection_landslide,0.6841268786974803,0.3869357232058956,0.6841268786974803,1.0,0.6160807169617687,0.05508428352697248,0.11371460309385921,0.05473015029579843,-0.0,0.05473015029579843,0.0,0.0,0.0,0.5,0.0,0.0,0.0,0.0,0.0,structural_mega_shock_regime
pres_2007,sido_48,A,이명박,국민의힘,843662.0,1362611.0,0.6514340810641591,0.6191510383025267,3.228304276163241,3.228304276163241,0.7363953866633852,0.7363953866633852,0.5236997943802749,0.10701880797321284,False,이명박,0.6666666666666666,0.32919776511000437,0.3120147251965542,0.25398239261806677,0.3492812380439584,0.21382034727278296,0.39634157841406475,0.11592150925237002,0.017210264930253127,-0.05507051879965465,0.009794486037218367,0.016488999571225994,0.022318351203878567,0.1104991335266339,0.016574870028995086,True,0.5477888778909685,0.6139522614864841,0.06616338359551555,0.0850981480074825,13.624182177637138,0.5477888778909685,0.5880987599384158,0.6139522614864841,0.6799975808966541,3.869739410732388,9.75444276690475,0.6592693712529817,0.06604531941017,0.06604531941017,0.6139522614864841,0.024381462207089588,0.08676954260477694,0.5731118187974961,0.2142019573555405,-0.03295446548224401,0.07171687244616126,0.4803125691192843,0.1472709844412439,0.03314779999188591,0.025578569417590295,0.5737871224303825,0.0,0.0,0.0,0.6592693712529817,0.009943672269568094,-0.009943672269568094,0.010424720489717144,0.5446167538451391,0.0,0.0,0.0,0.6592693712529817,0.5477888778909685,0.06616338359551555,0.17434055561872197,camp_conservative,1.0,0.7212544154212583,camp_conservative,0.7212544154212583,0.0,0.0,0.0,0.061714202225171454,0.579518074225488,0.06808441015564477,0.5477888778909685,0.047720632557476036,0.704929799025715,0.12072964535556308,0.17434055561872197,0.3760635071920493,0.17172537069891924,0.09824106049756105,0.2723322908160433,0.0013460162875659984,0.005360217106840342,0.06418825172467126,0.20118925492408488,0.002397388710929061,0.004000895196370969,0.07169513488790692,0.25536530936962326,0.05176610431058183,0.06557862705303064,0.003695486430207572,0.009461007776861393,0.03978268471113916,0.14260325881178304,0.33311212756056285,0.9558908610546378,0.0,A,A,0.4859751730773767,0.5236997943802749,0.47706974435523164,A,0.6297657022843431,0.5250684900513986,0.061714202225171454,0.6171420222517146,0.579518074225488,0.0,0.5250684900513986,0.5477888778909685,0.5250684900513986,0.021535221729465894,0.5541432800947078,0.5250684900513986,0.7054929937799282,0.5701746159835309,0.48329253925793675,0.05837334592641758,0.02850873079917659,0.0019640589789655582,0.0008480457581171769,0.0006005725781257089,0.0034126773152084442,0.0,0.5724079299475499,0.0,0.5724079299475499,0.0,none,0.0,0.4760726740540871,0.0,0.7769748783219415,0.0,0.0,0.0,0.0,0.0,0.21407517862975015,0.0,0.0,0.0,0.5,mainstream_conservative,none,,0.0,0.0,0.0,0.0,0.0,0.0,0.0,0.0,0.0,0.0,0.0,1.0,1.0,0.01019645983334668,1.0,0.0,0.0,0.0,0.0,0.3186199684878369,A,B,cumulative_rejection_landslide,0.6841268786974803,0.3869357232058956,0.6841268786974803,1.0,0.6160807169617687,0.05508428352697248,0.11371460309385921,0.05473015029579843,-0.0,0.05473015029579843,0.3420634393487402,0.25654757951155516,0.4275792991859252,0.5,0.0029749315035284838,0.0,0.0029749315035284838,0.037442366892508565,0.3186199684878369,structural_mega_shock_regime
pres_2007,sido_48,B,정동영,더불어민주당,189463.0,1362611.0,0.1521262635640008,0.1390438659467829,1.308239761721797,1.308239761721797,0.14119837956251585,0.14119837956251585,0.23740555764910512,0.10701880797321284,False,정동영,0.6666666666666666,0.33733452813827636,0.30631973527067596,0.24982536089285204,0.34823577817274554,0.19990717844564762,0.39586146127882993,0.09342021754318194,0.009669843910924661,-0.04636200289710899,0.009097512789743134,0.011691237583769293,0.007317490064419849,0.2575788209514778,0.038636823142721675,True,0.15714092113474643,0.2142019573555405,0.05456626176004753,0.07599291424328077,13.624182177637138,0.1812474918732965,0.1104978477124587,0.2142019573555405,0.18184146972934193,3.869739410732388,9.75444276690475,0.6592693712529817,0.0,-0.032360487626198586,0.6139522614864841,0.024381462207089588,0.08676954260477694,0.5731118187974961,0.2142019573555405,-0.03295446548224401,0.07171687244616126,0.4803125691192843,0.1472709844412439,0.03314779999188591,0.025578569417590295,0.5737871224303825,0.0,0.0,0.0,0.6592693712529817,0.009943672269568094,-0.009943672269568094,0.010424720489717144,0.5446167538451391,0.0,0.0,0.0,0.6592693712529817,0.15714092113474643,0.05456626176004753,0.17434055561872197,camp_liberal,1.0,1.0,camp_liberal,0.0,0.8484900677802345,0.0,0.0,-0.07119860934609511,0.5195031883324168,0.05846517764125005,0.15714092113474643,0.04629893113929675,0.704929799025715,0.12072964535556308,0.17434055561872197,0.340857106693634,-0.18371618555888758,0.020422017748335113,0.32124201557667487,-0.000565267695976805,0.0022895399702584376,0.001511486109187646,0.18221017354165736,0.0012488856648076843,0.004663699844863684,-0.0004615180826617408,0.30987753076971075,0.03166936341992882,0.06293114072944721,0.0008671365848127715,0.009833455458550461,-0.0067319165779117585,0.10695244410883728,0.06347759188362234,1.0,0.0,B,B,0.4291154895910481,0.23740555764910512,0.21626704824315598,B,0.18007688243551473,0.23316632621765124,-0.07119860934609511,-0.711986093460951,0.5195031883324168,-0.020627949727243505,0.23316632621765124,0.2277309019164118,0.23316632621765124,0.21030471226125066,0.21919557484751284,0.23316632621765124,0.25235752975915543,0.23796412710302728,0.15714092113474643,0.05456626176004753,0.026256944208233324,0.0002287590526962377,0.0002536103599372392,0.00018238024047341272,0.0006647496531068896,0.0,0.23824063918752256,0.0,0.23824063918752256,0.0,none,0.0,0.4528136842261532,0.0,0.7405338290559005,0.0,0.0,0.0,0.0,0.0,0.21407517862975015,0.0,0.0,0.0,0.5,mainstream_liberal,none,,0.0,0.0,-0.18305656956128039,1.093861316614196,4.0,0.2002385001951803,0.0,1.0,4.0,1.0,0.18305656956128039,1.0,0.8413389857294377,0.43380035828133845,0.8413389857294377,0.09806282542548186,-0.017951044423875417,0.0,-0.017951044423875417,0.10359819627461865,A,B,cumulative_rejection_landslide,0.6841268786974803,0.3869357232058956,0.6841268786974803,1.0,0.6160807169617687,0.05508428352697248,0.11371460309385921,0.05473015029579843,-0.0,0.05473015029579843,-0.3420634393487402,-0.25654757951155516,-0.4275792991859252,0.5,0.0,0.0029749315035284838,-0.0029749315035284838,0.037442366892508565,0.10359819627461865,structural_mega_shock_regime
pres_2007,sido_48,C,이회창,무소속,329486.0,1362611.0,0.19643965537184,0.2418050957506903,-4.536544037885035,4.536544037885035,0.12240623377409894,0.12240623377409894,0.23889464797061996,0.10701880797321284,False,이회창,0.6666888874075062,0.4836005854361939,0.2356846809325529,0.16960895604519222,0.3062515107476886,0.19199216269154107,0.28416205281664286,0.03799022054410454,-0.026881004785076254,0.10143590255542966,-0.018892628518276312,-0.02818117643361518,-0.029636829063820997,0.2623895274692271,0.039358429120384064,False,0.0,0.0,0.0,0.0,0.0,0.0,0.0,0.0,0.0,0.0,0.0,0.0,0.0,0.0,0.6139522614864841,0.024381462207089588,0.08676954260477694,0.5731118187974961,0.2142019573555405,-0.03295446548224401,0.07171687244616126,0.4803125691192843,0.1472709844412439,0.03314779999188591,0.025578569417590295,0.5737871224303825,0.0,0.0,0.0,0.6592693712529817,0.009943672269568094,-0.009943672269568094,0.010424720489717144,0.5446167538451391,0.0,0.0,0.0,0.6592693712529817,0.0,0.0,0.17434055561872197,camp_conservative,0.38647331457366063,0.2787455845787417,,0.2787455845787417,0.15150993221976555,1.0,1.0,0.009484407120923655,0.5915849398612385,0.04191580125646142,0.0,0.026710081658790297,0.704929799025715,0.12072964535556308,0.17434055561872197,0.0,0.0,-0.11866307824589618,0.2595964131237097,-0.0007807485915891932,0.0,-0.06569973783385892,0.11939254062830133,-0.003646274375736745,0.010627549427023411,-0.07123361680524518,0.09922943418211622,-0.08343546773051065,0.2603852288528324,-0.0045626230150203435,0.010742133262707716,-0.0330507681332274,0.03876128846897458,0.3810723147310846,0.7987345879456652,0.0,C,C,0.0849093373315753,0.23889464797061996,0.3066632074016125,C,0.1901574152801421,0.2417651837309503,0.009484407120923655,0.09484407120923655,0.5915849398612385,0.009334185988878325,0.2417651837309503,0.22448022019261965,0.2417651837309503,0.7681600660092833,0.2266611450577793,0.2417651837309503,0.042149476460916276,0.1918612569134418,0.0,0.0,0.1918612569134418,0.0,0.0,-0.013664345912325331,-0.013664345912325331,0.0,0.1893514308649276,0.0,0.1893514308649276,0.0,none,0.0,0.1315813155459951,0.2575385441932763,0.6316672524643051,0.0,0.0,0.0,0.0,0.0,0.21407517862975015,0.0,0.0,0.0,0.5,independent,none,,0.0,0.0,0.0,0.0,0.0,0.0,0.0,0.0,0.0,0.0,0.0,1.0,0.0,1.0,1.0,0.0,0.0,0.0,0.0,0.0,A,B,cumulative_rejection_landslide,0.6841268786974803,0.3869357232058956,0.6841268786974803,1.0,0.6160807169617687,0.05508428352697248,0.11371460309385921,0.05473015029579843,-0.0,0.05473015029579843,0.0,0.0,0.0,0.5,0.0,0.0,0.0,0.0,0.0,structural_mega_shock_regime
pres_2007,sido_50,A,이명박,국민의힘,96495.0,215560.0,0.4306686258815672,0.4476479092848519,-1.6979283403284695,1.6979283403284695,0.5018357464478667,0.5018357464478667,0.3665264288698857,0.10701880797321284,False,이명박,0.6666666666666666,0.32919776511000437,0.3120147251965542,0.25398239261806677,0.3492812380439584,0.21382034727278296,0.39634157841406475,0.11592150925237002,0.017210264930253127,-0.05507051879965465,0.009794486037218367,0.016488999571225994,0.022318351203878567,0.1104991335266339,0.016574870028995086,True,0.3993368555017201,0.4318435149956193,0.022623377707787887,0.05840268866316842,4.878374770132728,0.0,0.3993368555017201,0.0,0.4318435149956193,0.0,4.878374770132728,0.0,0.0,0.0,,,,,,,,,,,,,,,,,,,,,,,,,0.3993368555017201,0.022623377707787887,0.13816976486083066,camp_conservative,1.0,0.7212544154212583,camp_conservative,0.7212544154212583,0.0,0.0,0.0,-0.037763032787219236,0.0,0.0,0.3993368555017201,0.01631721106348488,0.8051056153024343,0.05672461983673509,0.13816976486083066,0.3760635071920493,0.023273348309670816,0.09824106049756105,0.2723322908160433,0.0013460162875659984,0.005360217106840342,0.06418825172467126,0.20118925492408488,0.002397388710929061,0.004000895196370969,0.07169513488790692,0.25536530936962326,0.05176610431058183,0.06557862705303064,0.003695486430207572,0.009461007776861393,0.03978268471113916,0.14260325881178304,0.33311212756056285,0.9558908610546378,0.0,A,A,0.4859751730773767,0.3665264288698857,0.33599945750878757,A,0.5718880773348392,0.3665264288698857,-0.037763032787219236,-0.37763032787219236,0.0,-0.0,0.3665264288698857,0.3993368555017201,0.3665264288698857,0.021535221729465894,0.40353394929001,0.3665264288698857,0.4726031037017401,0.3930455975778493,0.3533738528417713,0.02001946485718549,0.019652279878892495,0.002083261502754675,0.00042191222106941406,0.0006005725781257092,0.003105746301949798,0.0,0.3946388811698793,0.0,0.3946388811698793,0.0,none,0.0,0.4760726740540871,0.0,0.7769748783219415,0.0,0.0,0.0,0.0,0.0,0.10723886894517934,0.0,0.0,0.0,0.5,mainstream_conservative,none,,0.0,0.0,0.0,0.0,0.0,0.0,0.0,0.0,0.0,0.0,0.0,1.0,1.0,0.01019645983334668,1.0,0.0,0.0,0.0,0.0,0.0,A,B,cumulative_rejection_landslide,0.6841268786974803,0.3869357232058956,0.6841268786974803,1.0,0.6160807169617687,0.05508428352697248,0.11371460309385921,0.05473015029579843,-0.0,0.05473015029579843,0.3420634393487402,0.25654757951155516,0.4275792991859252,0.5,0.009910016008085004,0.0,0.009910016008085004,0.037442366892508565,0.0,structural_mega_shock_regime
pres_2007,sido_50,B,정동영,더불어민주당,81570.0,215560.0,0.3696037424566353,0.3784100077440325,-0.8806265287397252,0.8806265287397252,0.3616503216821807,0.3616503216821807,0.41141499205040294,0.10701880797321284,False,정동영,0.6666666666666666,0.33733452813827636,0.30631973527067596,0.24982536089285204,0.34823577817274554,0.19990717844564762,0.39586146127882993,0.09342021754318194,0.009669843910924661,-0.04636200289710899,0.009097512789743134,0.011691237583769293,0.007317490064419849,0.2575788209514778,0.038636823142721675,True,0.4057687598007142,0.4565976841686188,0.0341012421289472,0.07930244305433068,4.878374770132728,0.0,0.4057687598007142,0.0,0.4565976841686188,0.0,4.878374770132728,0.0,0.0,0.0,,,,,,,,,,,,,,,,,,,,,,,,,0.4057687598007142,0.0341012421289472,0.13816976486083066,camp_liberal,1.0,1.0,camp_liberal,0.0,0.8484900677802345,0.0,0.0,-5.2830396227498966e-05,0.0,0.0,0.4057687598007142,0.028934565245380597,0.8051056153024343,0.05672461983673509,0.13816976486083066,0.340857106693634,0.06491165310708019,0.020422017748335113,0.32124201557667487,-0.000565267695976805,0.0022895399702584376,0.001511486109187646,0.18221017354165736,0.0012488856648076843,0.004663699844863684,-0.0004615180826617408,0.30987753076971075,0.03166936341992882,0.06293114072944721,0.0008671365848127715,0.009833455458550461,-0.0067319165779117585,0.10695244410883728,0.06347759188362234,1.0,0.0,B,B,0.4291154895910481,0.41141499205040294,0.37714937655693603,B,0.2547638502711269,0.41141499205040294,-5.2830396227498966e-05,-0.0005283039622749897,0.0,-0.0,0.41141499205040294,0.41060141552607243,0.41141499205040294,0.21030471226125066,0.44675596729586925,0.41141499205040294,0.4967151146414861,0.43274002269817374,0.37923196052984526,0.03187106103341975,0.021637001134908733,0.00030358363380366424,8.14561237186605e-05,8.264471749055847e-05,0.0004676844750128832,0.0,0.43334950301302305,0.0,0.43334950301302305,0.0,none,0.0,0.4528136842261532,0.0,0.7405338290559005,0.0,0.0,0.0,0.0,0.0,0.10723886894517934,0.0,0.0,0.0,0.5,mainstream_liberal,none,,0.0,0.0,-0.18305656956128039,1.093861316614196,4.0,0.2002385001951803,0.0,1.0,4.0,1.0,0.18305656956128039,1.0,0.8413389857294377,0.43380035828133845,0.8413389857294377,0.09806282542548186,-0.017951044423875417,0.0,-0.017951044423875417,0.0,A,B,cumulative_rejection_landslide,0.6841268786974803,0.3869357232058956,0.6841268786974803,1.0,0.6160807169617687,0.05508428352697248,0.11371460309385921,0.05473015029579843,-0.0,0.05473015029579843,-0.3420634393487402,-0.25654757951155516,-0.4275792991859252,0.5,0.0,0.009910016008085004,-0.009910016008085004,0.037442366892508565,0.0,structural_mega_shock_regime
pres_2007,sido_50,C,이회창,무소속,37495.0,215560.0,0.1997276316617974,0.1739420829711156,2.578554869068184,2.578554869068184,0.13651393186995261,0.13651393186995261,0.22205857907971147,0.10701880797321284,False,이회창,0.6666888874075062,0.4836005854361939,0.2356846809325529,0.16960895604519222,0.3062515107476886,0.19199216269154107,0.28416205281664286,0.03799022054410454,-0.026881004785076254,0.10143590255542966,-0.018892628518276312,-0.02818117643361518,-0.029636829063820997,0.2623895274692271,0.039358429120384064,False,0.0,0.0,0.0,0.0,0.0,0.0,0.0,0.0,0.0,0.0,0.0,0.0,0.0,0.0,,,,,,,,,,,,,,,,,,,,,,,,,0.0,0.0,0.13816976486083066,camp_conservative,0.38647331457366063,0.2787455845787417,,0.2787455845787417,0.15150993221976555,1.0,1.0,0.037815863183446735,0.0,0.0,0.0,0.011472843527869613,0.8051056153024343,0.05672461983673509,0.13816976486083066,0.0,0.0,-0.11866307824589618,0.2595964131237097,-0.0007807485915891932,0.0,-0.06569973783385892,0.11939254062830133,-0.003646274375736745,0.010627549427023411,-0.07123361680524518,0.09922943418211622,-0.08343546773051065,0.2603852288528324,-0.0045626230150203435,0.010742133262707716,-0.0330507681332274,0.03876128846897458,0.3810723147310846,0.7987345879456652,0.0,C,C,0.0849093373315753,0.22205857907971147,0.2868511659342764,C,0.17334807239403419,0.22205857907971147,0.037815863183446735,0.37815863183446735,0.0,0.0,0.22205857907971147,0.19006172897220747,0.22205857907971147,0.7681600660092833,0.14971008341412073,0.22205857907971147,0.030681781656773904,0.17421437972397708,0.0,0.0,0.17421437972397708,0.0,0.0,-0.013664345912325331,-0.013664345912325331,0.0,0.17201161581709762,0.0,0.17201161581709762,0.0,none,0.0,0.1315813155459951,0.2575385441932763,0.6316672524643051,0.0,0.0,0.0,0.0,0.0,0.10723886894517934,0.0,0.0,0.0,0.5,independent,none,,0.0,0.0,0.0,0.0,0.0,0.0,0.0,0.0,0.0,0.0,0.0,1.0,0.0,1.0,1.0,0.0,0.0,0.0,0.0,0.0,A,B,cumulative_rejection_landslide,0.6841268786974803,0.3869357232058956,0.6841268786974803,1.0,0.6160807169617687,0.05508428352697248,0.11371460309385921,0.05473015029579843,-0.0,0.05473015029579843,0.0,0.0,0.0,0.5,0.0,0.0,0.0,0.0,0.0,structural_mega_shock_regime
pres_2012,sido_11,A,박근혜,국민의힘,3024572.0,6252211.0,0.5648915856227152,0.4837601483386691,8.113143728404609,8.113143728404609,0.5720318990166137,0.5720318990166137,0.47050325709644475,0.10701880797321284,False,박근혜,0.6667111051859752,0.34539412081053156,0.30964659272925293,0.24871331737519847,0.3449986863222137,0.17796806502475127,0.3660380929244808,0.12765438529771714,0.004388766276698369,0.00940784898395465,-0.00026212203056986125,-0.008285359255295631,0.007805315349545621,0.1990080499670803,0.029851207495062045,True,0.4318154339369068,0.4678898907634129,0.03607445682650612,0.061725849766485305,21.361682200677148,0.4352627800556142,0.4191436043266261,0.4678898907634129,0.48764493819238836,7.351643365031182,14.010038835645965,0.7861338460062915,0.019755047428975436,0.019755047428975436,0.4678898907634129,-0.036312578935502826,0.0589765784179206,0.696610020106489,0.3789916532226578,0.002659729321757287,0.050321543915710906,0.6939188377229021,0.09148073629193083,0.035083868670785376,0.024484735590474243,0.6500850816114709,0.030354079245659756,-0.0004496890902006556,0.02476340417152343,0.5438642519256716,0.0054286404710904065,-0.0054286404710904065,0.0074050199928636234,0.6811098584563974,0.0,0.0,0.0,0.7861338460062915,0.4318154339369068,0.03607445682650612,0.15311845601392926,camp_conservative,1.0,1.0,camp_conservative,1.0,0.0,0.0,0.0,0.00011720451132395115,0.6897180051196512,0.04868553312538455,0.4318154339369068,0.03607445682650612,0.7829681275527394,0.06391341643333137,0.15311845601392926,0.3820549239197137,0.049760510017193116,-0.01441570994440097,0.35772475333348364,-0.0001872066879409273,0.004648024215126275,-0.005229400981833287,0.10899783563087605,-0.00043632053155082416,0.011339908040721748,-0.009604159608089611,0.23482657042675165,-0.003786968285772398,0.09898477692802012,-0.0003364539260281693,0.008561670741619608,-0.006293853869238663,0.1749164606834009,0.040290073834854855,1.0,0.0,A,A,0.507985725777244,0.47050325709644475,0.47050325709644475,A,0.49109095386482204,0.47051867523648006,0.00011720451132395115,0.0011720451132395115,0.6897180051196512,1.2136019997460717e-05,0.47051867523648006,0.47051867523648006,0.47051867523648006,0.28180568938304124,0.49297625036999937,0.47051867523648006,0.5399349838413422,0.48787275238769556,0.42774473014970615,0.03573438461860463,0.024393637619384782,-0.00024049899195219032,-7.272662470460729e-05,-7.30490456923827e-05,-0.0003862746623491803,0.0,0.4876208690195992,0.2,0.48484998594195494,-0.0005541766155288119,region,0.8,0.51424173585638,0.0,0.736718661197378,0.0,0.0,0.0,0.0,0.0,0.10796501218277296,0.0,0.0,0.0,0.5,mainstream_conservative,none,,0.0,0.0,-0.1748123728777725,1.0729098928495442,4.0,0.18755792425306544,0.0,1.0,4.0,1.0,0.1748123728777725,0.75,1.0,0.4499175987107237,1.0,0.0,-0.0,0.0,0.0,0.33626460982151185,A,B,asymmetric_two_bloc,0.03190395787404836,0.32490327877762565,0.0,0.09819524750282518,0.7461121746062654,0.017945857425084755,0.051683433390233055,0.0,-0.0,-0.0,0.019142374724429013,0.01435678104332176,0.023927968405536265,0.6,0.0,0.0,0.0,0.0,0.33626460982151185,structural_mega_shock_regime
pres_2012,sido_11,B,문재인,더불어민주당,3227639.0,6252211.0,0.4351084143772848,0.5162398516613308,-8.113143728404598,8.113143728404598,0.42796810098338633,0.42796810098338633,0.5294967429035552,0.10701880797321284,False,문재인,0.6666666666666666,0.326785,0.316005,0.26158,0.3457849999999999,0.20756,0.386155,0.10424,-0.004388473750785141,-0.009407221919435289,0.0002621045592620478,0.00828480700846131,-0.007804795099239046,0.0,0.0,True,0.35115269361583257,0.3789916532226578,0.027838959606825253,0.054039055392274965,21.361682200677148,0.35115269361583257,0.3729956859385712,0.3789916532226578,0.42623383581911656,7.351643365031182,14.010038835645965,0.7861338460062915,0.04724218259645874,0.04724218259645874,0.4678898907634129,-0.036312578935502826,0.0589765784179206,0.696610020106489,0.3789916532226578,0.002659729321757287,0.050321543915710906,0.6939188377229021,0.09148073629193083,0.035083868670785376,0.024484735590474243,0.6500850816114709,0.030354079245659756,-0.0004496890902006556,0.02476340417152343,0.5438642519256716,0.0054286404710904065,-0.0054286404710904065,0.0074050199928636234,0.6811098584563974,0.0,0.0,0.0,0.7861338460062915,0.35115269361583257,0.027838959606825253,0.15311845601392926,camp_liberal,1.0,1.0,camp_liberal,0.0,1.0,0.0,0.0,-0.00011720451132395115,0.68824838883624,0.0429470793132891,0.35115269361583257,0.027838959606825253,0.7829681275527394,0.06391341643333137,0.15311845601392926,0.3235707860282462,0.027581907587586385,0.01441570994440097,0.35589847823454746,0.0001872066879409273,0.004619332707625496,0.005229400981833287,0.1495934663340762,0.00043632053155082416,0.010266263750426318,0.009604159608089611,0.24056242070374834,0.003786968285772398,0.08854983173972554,0.0003364539260281693,0.008096734644323752,0.006293853869238663,0.13690231063766914,0.040290073834854855,0.9944888387521421,0.0,B,B,0.492014274222756,0.5294967429035552,0.5294967429035552,B,0.5089090461351781,0.52948132476352,-0.00011720451132395115,-0.0011720451132395115,0.68824838883624,-4.975181155328156e-05,0.52948132476352,0.52948132476352,0.52948132476352,0.7181943106169588,0.5070237496300006,0.52948132476352,0.46006501615865786,0.5121272476123044,0.35115269361583257,0.027838959606825253,0.13313559438964662,0.0001880846171164545,5.397452213454268e-05,0.00037980514269431187,0.0006218642819453091,0.0,0.5123791309804008,0.2,0.5151500140580451,0.0005541766155289229,region,0.8,0.4655023942723948,0.0,0.7493331668169326,0.0,0.0,0.0,0.0,0.0,0.10796501218277296,0.0,0.0,0.0,0.5,mainstream_liberal,none,,0.0,0.0,0.0,0.0,0.0,0.0,0.0,0.0,0.0,0.0,0.0,0.75,0.8465843308107681,1.0,1.0,0.0,0.0,0.0,0.0,0.2760530175676834,A,B,asymmetric_two_bloc,0.03190395787404836,0.32490327877762565,0.0,0.09819524750282518,0.7461121746062654,0.017945857425084755,0.051683433390233055,0.0,-0.0,-0.0,-0.019142374724429013,-0.01435678104332176,-0.023927968405536265,0.6,0.0,0.0,0.0,0.0,0.2760530175676834,structural_mega_shock_regime
pres_2012,sido_26,A,박근혜,국민의힘,1324159.0,2206670.0,0.6809065258082135,0.6000710161019983,8.083550970621523,8.083550970621523,0.6897745952656431,0.6897745952656431,0.6329166901811153,0.10701880797321284,False,박근혜,0.6667111051859752,0.34539412081053156,0.30964659272925293,0.24871331737519847,0.3449986863222137,0.17796806502475127,0.3660380929244808,0.12765438529771714,0.004388766276698369,0.00940784898395465,-0.00026212203056986125,-0.008285359255295631,0.007805315349545621,0.1990080499670803,0.029851207495062045,True,0.5452345761251958,0.5872666451419482,0.04203206901675238,0.07404907175350234,20.761660140176918,0.5452345761251958,0.6321901735727097,0.5872666451419482,0.6692688337327517,7.351643365031182,13.410016775145737,0.7861338460062915,0.08200218859080355,0.08200218859080355,0.5872666451419482,-0.05780427955055034,0.07597692718287259,0.6924085044568253,0.24513895762077814,0.07273046482465356,0.06682995673914467,0.6081251841091975,0.11503223907318962,-0.017939971994443915,0.020307730683963486,0.6893976293985529,0.02663331544778556,-6.568940799558248e-06,0.0222566343713692,0.5578167821381397,0.0027303194494480622,-0.0027303194494480622,0.004289146374238011,0.7221887918046721,0.0,0.0,0.0,0.7861338460062915,0.5452345761251958,0.04203206901675238,0.16759439723727376,camp_conservative,1.0,1.0,camp_conservative,1.0,0.0,0.0,0.0,0.05427545251996807,0.6853435597647138,0.0614797145958878,0.5452345761251958,0.04203206901675238,0.7464298653814978,0.08597573738122852,0.16759439723727376,0.3820549239197137,0.16317965220548208,-0.01441570994440097,0.35772475333348364,-0.0001872066879409273,0.004648024215126275,-0.005229400981833287,0.10899783563087605,-0.00043632053155082416,0.011339908040721748,-0.009604159608089611,0.23482657042675165,-0.003786968285772398,0.09898477692802012,-0.0003364539260281693,0.008561670741619608,-0.006293853869238663,0.1749164606834009,0.040290073834854855,1.0,0.0,A,A,0.507985725777244,0.6329166901811153,0.6329166901811153,A,0.6538914842495576,0.6415830842249718,0.05427545251996807,0.5427545251996807,0.6853435597647138,0.009346910203567262,0.6415830842249718,0.6415830842249718,0.6415830842249718,0.28180568938304124,0.6166920827183133,0.6415830842249718,0.6947923754202634,0.6548854070237947,0.5452345761251958,0.04203206901675238,0.06761876188184657,-0.00022837745662078267,-6.372783191886439e-05,-0.00015085039224854442,-0.0004429556807881915,0.0,0.6546248769210683,0.2,0.6304587945031164,-0.0048332164835903635,region,0.8,0.51424173585638,0.0,0.736718661197378,0.0,0.0,0.0,0.0,0.0,0.1846867404997235,0.0,-0.0005991161529653951,-0.0003894003706141902,0.5,mainstream_conservative,none,,0.0,0.0,-0.1748123728777725,1.0729098928495442,4.0,0.18755792425306544,0.0,1.0,4.0,1.0,0.1748123728777725,0.75,1.0,0.4499175987107237,1.0,0.0,-0.0,0.0,0.0,0.4286273543049103,A,B,asymmetric_two_bloc,0.03190395787404836,0.32490327877762565,0.0,0.09819524750282518,0.7461121746062654,0.017945857425084755,0.051683433390233055,0.0,-0.0,-0.0,0.019142374724429013,0.01435678104332176,0.023927968405536265,0.6,0.0,0.0,0.0,0.0,0.4286273543049103,structural_mega_shock_regime
pres_2012,sido_26,B,문재인,더불어민주당,882511.0,2206670.0,0.3190934741917864,0.3999289838980016,-8.083550970621511,8.083550970621511,0.310225404734357,0.310225404734357,0.36708330981888476,0.10701880797321284,False,문재인,0.6666666666666666,0.326785,0.316005,0.26158,0.3457849999999999,0.20756,0.386155,0.10424,-0.004388473750785141,-0.009407221919435289,0.0002621045592620478,0.00828480700846131,-0.007804795099239046,0.0,0.0,True,0.201195289256302,0.24513895762077814,0.043943668364476135,0.07083933062271842,20.761660140176918,0.2151756446420949,0.1498059957999309,0.24513895762077814,0.2154788933741371,7.351643365031182,13.410016775145737,0.7861338460062915,0.0,-0.029660064246641055,0.5872666451419482,-0.05780427955055034,0.07597692718287259,0.6924085044568253,0.24513895762077814,0.07273046482465356,0.06682995673914467,0.6081251841091975,0.11503223907318962,-0.017939971994443915,0.020307730683963486,0.6893976293985529,0.02663331544778556,-6.568940799558248e-06,0.0222566343713692,0.5578167821381397,0.0027303194494480622,-0.0027303194494480622,0.004289146374238011,0.7221887918046721,0.0,0.0,0.0,0.7861338460062915,0.201195289256302,0.043943668364476135,0.16759439723727376,camp_liberal,1.0,1.0,camp_liberal,0.0,1.0,0.0,0.0,-0.05427545251996807,0.6306537997544972,0.05538435982640705,0.201195289256302,0.043943668364476135,0.7464298653814978,0.08597573738122852,0.16759439723727376,0.3235707860282462,-0.12237549677194418,0.01441570994440097,0.35589847823454746,0.0001872066879409273,0.004619332707625496,0.005229400981833287,0.1495934663340762,0.00043632053155082416,0.010266263750426318,0.009604159608089611,0.24056242070374834,0.003786968285772398,0.08854983173972554,0.0003364539260281693,0.008096734644323752,0.006293853869238663,0.13690231063766914,0.040290073834854855,0.9944888387521421,0.0,B,B,0.492014274222756,0.36708330981888476,0.36708330981888476,B,0.34610851575044244,0.35841691577502827,-0.05427545251996807,-0.5427545251996807,0.6306537997544972,-0.02814492512553682,0.35841691577502827,0.3584169157750282,0.35841691577502827,0.7181943106169588,0.38330791728168667,0.35841691577502827,0.3052076245797367,0.3451145929762054,0.201195289256302,0.043943668364476135,0.09997563535542725,0.00015991516136366614,0.0001264289913088266,0.00042322897401832687,0.0007095731266908195,0.0,0.3453751230789317,0.2,0.36954120549688363,0.004833216483590308,region,0.8,0.4655023942723948,0.0,0.7493331668169326,0.0,0.0,0.0,0.0,0.0,0.1846867404997235,0.003421484215446195,0.0011116259547577024,0.0003894003706141347,0.5,mainstream_liberal,none,,0.0,0.0,0.0,0.0,0.0,0.0,0.0,0.0,0.0,0.0,0.0,0.75,0.8465843308107681,1.0,1.0,0.0,0.0,0.0,0.0,0.158166426541405,A,B,asymmetric_two_bloc,0.03190395787404836,0.32490327877762565,0.0,0.09819524750282518,0.7461121746062654,0.017945857425084755,0.051683433390233055,0.0,-0.0,-0.0,-0.019142374724429013,-0.01435678104332176,-0.023927968405536265,0.6,0.0,0.0,0.0,0.0,0.158166426541405,structural_mega_shock_regime
pres_2012,sido_27,A,박근혜,국민의힘,1267789.0,1576823.0,0.834162603074688,0.8040145300748675,3.0148072999820585,3.0148072999820585,0.8442558687713018,0.8442558687713018,0.7960001143957695,0.10701880797321284,False,박근혜,0.6667111051859752,0.34539412081053156,0.30964659272925293,0.24871331737519847,0.3449986863222137,0.17796806502475127,0.3660380929244808,0.12765438529771714,0.004388766276698369,0.00940784898395465,-0.00026212203056986125,-0.008285359255295631,0.007805315349545621,0.1990080499670803,0.029851207495062045,True,0.7078751417222968,0.7426819193484342,0.034806777626137375,0.07105301576590858,20.761660140176918,0.7078751417222968,0.7265184848557809,0.7426819193484342,0.787206779328047,7.351643365031182,13.410016775145737,0.7861338460062915,0.04452485997961275,0.04452485997961275,0.7426819193484342,-0.05021054353867738,0.06291653185374906,0.7237370460335854,0.12776615160359525,0.03601121886481484,0.04501130976324346,0.587080686905088,0.06845580175928026,0.016441324218622738,0.025093444157047246,0.619600797630903,0.030444438581744677,-0.001717000658183379,0.025374515006779907,0.5381643726093946,0.002033064412573883,-0.002033064412573883,0.0028906472711632673,0.7424609299022377,0.0,0.0,0.0,0.7861338460062915,0.7078751417222968,0.034806777626137375,0.12955192904797053,camp_conservative,1.0,1.0,camp_conservative,1.0,0.0,0.0,0.0,0.12556695580893462,0.702242697305317,0.05114656898674755,0.7078751417222968,0.034806777626137375,0.8044970313263677,0.06595103962566168,0.12955192904797053,0.3820549239197137,0.32582021780258313,-0.01441570994440097,0.35772475333348364,-0.0001872066879409273,0.004648024215126275,-0.005229400981833287,0.10899783563087605,-0.00043632053155082416,0.011339908040721748,-0.009604159608089611,0.23482657042675165,-0.003786968285772398,0.09898477692802012,-0.0003364539260281693,0.008561670741619608,-0.006293853869238663,0.1749164606834009,0.040290073834854855,1.0,0.0,A,A,0.507985725777244,0.7960001143957695,0.7960001143957695,A,0.8136616591538289,0.8076567764998505,0.12556695580893462,1.0,0.702242697305317,0.014176654071029894,0.8076567764998505,0.8076567764998505,0.8076567764998505,0.28180568938304124,0.7629689905858009,0.8076567764998505,0.8473154127526554,0.8175714355630517,0.7078751417222968,0.034806777626137375,0.07488951621461748,-0.00023750136399330882,-4.227190278197084e-05,-0.00013382580295444112,-0.00041359906972972076,0.0,0.8173974404251143,0.2,0.7791729045388496,-0.007644907177252858,region,0.8,0.51424173585638,0.0,0.736718661197378,0.0,0.0,0.0,0.0,0.0,0.34777896516593454,0.007794897714227408,0.0007414797718619005,0.0005996903914833318,0.5,mainstream_conservative,none,,0.0,0.0,-0.1748123728777725,1.0729098928495442,4.0,0.18755792425306544,0.0,1.0,4.0,1.0,0.1748123728777725,0.75,1.0,0.4499175987107237,1.0,0.0,-0.0,0.0,0.0,0.5564846076543979,A,B,asymmetric_two_bloc,0.03190395787404836,0.32490327877762565,0.0,0.09819524750282518,0.7461121746062654,0.017945857425084755,0.051683433390233055,0.0,-0.0,-0.0,0.019142374724429013,0.01435678104332176,0.023927968405536265,0.6,0.0,0.0,0.0,0.0,0.5564846076543979,structural_mega_shock_regime
pres_2012,sido_27,B,문재인,더불어민주당,309034.0,1576823.0,0.1658373969253119,0.1959854699251326,-3.0148072999820643,3.0148072999820643,0.1557441312286983,0.1557441312286983,0.20399988560423055,0.10701880797321284,False,문재인,0.6666666666666666,0.326785,0.316005,0.26158,0.3457849999999999,0.20756,0.386155,0.10424,-0.004388473750785141,-0.009407221919435289,0.0002621045592620478,0.00828480700846131,-0.007804795099239046,0.0,0.0,True,0.09662188960407095,0.12776615160359525,0.031144261999524303,0.04888909567225199,20.432238252320676,0.10286492765768182,0.0736735949618382,0.12776615160359525,0.1113071458104823,7.351643365031182,13.080594887289493,0.7861338460062915,0.0,-0.01645900579311295,0.7426819193484342,-0.05021054353867738,0.06291653185374906,0.7237370460335854,0.12776615160359525,0.03601121886481484,0.04501130976324346,0.587080686905088,0.06845580175928026,0.016441324218622738,0.025093444157047246,0.619600797630903,0.030444438581744677,-0.001717000658183379,0.025374515006779907,0.5381643726093946,0.002033064412573883,-0.002033064412573883,0.0028906472711632673,0.7424609299022377,0.0,0.0,0.0,0.7861338460062915,0.09662188960407095,0.031144261999524303,0.12955192904797053,camp_liberal,1.0,1.0,camp_liberal,0.0,1.0,0.0,0.0,-0.12556695580893462,0.6130834096731307,0.03939677798381727,0.09662188960407095,0.031144261999524303,0.8044970313263677,0.06595103962566168,0.12955192904797053,0.3235707860282462,-0.22694889642417523,0.01441570994440097,0.35589847823454746,0.0001872066879409273,0.004619332707625496,0.005229400981833287,0.1495934663340762,0.00043632053155082416,0.010266263750426318,0.009604159608089611,0.24056242070374834,0.003786968285772398,0.08854983173972554,0.0003364539260281693,0.008096734644323752,0.006293853869238663,0.13690231063766914,0.040290073834854855,0.9944888387521421,0.0,B,B,0.492014274222756,0.20399988560423055,0.20399988560423055,B,0.18633834084617112,0.1923432235001496,-0.12556695580893462,-1.0,0.6130834096731307,-0.05919923763896314,0.1923432235001496,0.1923432235001496,0.1923432235001496,0.7181943106169588,0.23703100941419916,0.1923432235001496,0.15268458724734457,0.18242856443694833,0.09662188960407095,0.031144261999524303,0.054662412833353075,0.00014528401797025194,0.00016951139257160604,0.0004377644592055739,0.0007525598697474319,0.0,0.18260255957488572,0.2,0.22082709546115042,0.007644907177252969,region,0.8,0.4655023942723948,0.0,0.7493331668169326,0.0,0.0,0.0,0.0,0.0,0.34777896516593454,0.0,-0.0031559690852518037,-0.0005996903914831098,0.5,mainstream_liberal,none,,0.0,0.0,0.0,0.0,0.0,0.0,0.0,0.0,0.0,0.0,0.0,0.75,0.8465843308107681,1.0,1.0,0.0,0.0,0.0,0.0,0.07595773768284361,A,B,asymmetric_two_bloc,0.03190395787404836,0.32490327877762565,0.0,0.09819524750282518,0.7461121746062654,0.017945857425084755,0.051683433390233055,0.0,-0.0,-0.0,-0.019142374724429013,-0.01435678104332176,-0.023927968405536265,0.6,0.0,0.0,0.0,0.0,0.07595773768284361,structural_mega_shock_regime
pres_2012,sido_28,A,박근혜,국민의힘,852600.0,1646813.0,0.5736715878992054,0.5177269798188859,5.594460808031943,5.594460808031943,0.5811219176060344,0.5811219176060344,0.48919800797338436,0.10701880797321284,False,박근혜,0.6667111051859752,0.34539412081053156,0.30964659272925293,0.24871331737519847,0.3449986863222137,0.17796806502475127,0.3660380929244808,0.12765438529771714,0.004388766276698369,0.00940784898395465,-0.00026212203056986125,-0.008285359255295631,0.007805315349545621,0.1990080499670803,0.029851207495062045,True,0.4334957144593169,0.4717234143281847,0.038227699868867815,0.06814167471282805,20.761660140176918,0.43424567540761605,0.4307389917445189,0.4717234143281847,0.48359860112571895,7.351643365031182,13.410016775145737,0.7861338460062915,0.011875186797534243,0.011875186797534243,0.4717234143281847,-0.03052501138419672,0.06774454618952676,0.6840562332725391,0.36312345395212065,0.01374618688996343,0.07882630846627726,0.6361350297970945,0.09932650995127952,0.014232833401388076,0.02833742515365159,0.6369506297828371,0.026547749584973777,0.008265663673034825,0.026694387123121215,0.5119865153576645,0.005871822985584827,-0.005871822985584827,0.00922423501538612,0.6563460037341268,0.0,0.0,0.0,0.7861338460062915,0.4334957144593169,0.038227699868867815,0.1651531317196947,camp_conservative,1.0,1.0,camp_conservative,1.0,0.0,0.0,0.0,0.009076491265635839,0.6735928038122864,0.05713889010859893,0.4334957144593169,0.038227699868867815,0.7530107604296881,0.08183610785061723,0.1651531317196947,0.3820549239197137,0.05144079053960321,-0.01441570994440097,0.35772475333348364,-0.0001872066879409273,0.004648024215126275,-0.005229400981833287,0.10899783563087605,-0.00043632053155082416,0.011339908040721748,-0.009604159608089611,0.23482657042675165,-0.003786968285772398,0.09898477692802012,-0.0003364539260281693,0.008561670741619608,-0.006293853869238663,0.1749164606834009,0.040290073834854855,1.0,0.0,A,A,0.507985725777244,0.48919800797338436,0.48919800797338436,A,0.5090198879092889,0.4905031225598093,0.009076491265635839,0.09076491265635839,0.6735928038122864,0.0012655142879816309,0.4905031225598093,0.4905031225598093,0.4905031225598093,0.28180568938304124,0.5030986873866218,0.4905031225598093,0.5527315411372264,0.5060602272041637,0.4334957144593169,0.038227699868867815,0.03433681287597895,-0.0002349728900068489,-7.500490228686918e-05,-9.912936357657089e-05,-0.0004091071558702889,0.0,0.5057949796684604,0.2,0.5004066683940112,-0.0010776622548898107,region,0.8,0.51424173585638,0.0,0.736718661197378,0.0,0.0,0.0,0.0,0.0,0.08545612810687815,0.0,0.0,0.0,0.5,mainstream_conservative,none,,0.0,0.0,-0.1748123728777725,1.0729098928495442,4.0,0.18755792425306544,0.0,1.0,4.0,1.0,0.1748123728777725,0.75,1.0,0.4499175987107237,1.0,0.0,-0.0,0.0,0.0,0.340785653235148,A,B,asymmetric_two_bloc,0.03190395787404836,0.32490327877762565,0.0,0.09819524750282518,0.7461121746062654,0.017945857425084755,0.051683433390233055,0.0,-0.0,-0.0,0.019142374724429013,0.01435678104332176,0.023927968405536265,0.6,0.0,0.0,0.0,0.0,0.340785653235148,structural_mega_shock_regime
pres_2012,sido_28,B,문재인,더불어민주당,794213.0,1646813.0,0.4263284121007947,0.4822730201811141,-5.594460808031943,5.594460808031943,0.41887808239396557,0.41887808239396557,0.5108019920266156,0.10701880797321284,False,문재인,0.6666666666666666,0.326785,0.316005,0.26158,0.3457849999999999,0.20756,0.386155,0.10424,-0.004388473750785141,-0.009407221919435289,0.0002621045592620478,0.00828480700846131,-0.007804795099239046,0.0,0.0,True,0.31951504597037117,0.3631234539521206,0.04360840798174942,0.07677658315567308,20.761660140176918,0.31951504597037117,0.3224275833693662,0.3631234539521206,0.39553167187525035,7.351643365031182,13.410016775145737,0.7861338460062915,0.032408217923129756,0.032408217923129756,0.4717234143281847,-0.03052501138419672,0.06774454618952676,0.6840562332725391,0.36312345395212065,0.01374618688996343,0.07882630846627726,0.6361350297970945,0.09932650995127952,0.014232833401388076,0.02833742515365159,0.6369506297828371,0.026547749584973777,0.008265663673034825,0.026694387123121215,0.5119865153576645,0.005871822985584827,-0.005871822985584827,0.00922423501538612,0.6563460037341268,0.0,0.0,0.0,0.7861338460062915,0.31951504597037117,0.04360840798174942,0.1651531317196947,camp_liberal,1.0,1.0,camp_liberal,0.0,1.0,0.0,0.0,-0.009076491265635839,0.6427656684162407,0.06423769686634083,0.31951504597037117,0.04360840798174942,0.7530107604296881,0.08183610785061723,0.1651531317196947,0.3235707860282462,-0.0040557400578750125,0.01441570994440097,0.35589847823454746,0.0001872066879409273,0.004619332707625496,0.005229400981833287,0.1495934663340762,0.00043632053155082416,0.010266263750426318,0.009604159608089611,0.24056242070374834,0.003786968285772398,0.08854983173972554,0.0003364539260281693,0.008096734644323752,0.006293853869238663,0.13690231063766914,0.040290073834854855,0.9944888387521421,0.0,B,B,0.492014274222756,0.5108019920266156,0.5108019920266156,B,0.49098011209071124,0.5094968774401907,-0.009076491265635839,-0.09076491265635839,0.6427656684162407,-0.003957098974866286,0.5094968774401907,0.5094968774401907,0.5094968774401907,0.7181943106169588,0.4969013126133782,0.5094968774401907,0.44726845886277355,0.4939397727958364,0.31951504597037117,0.04360840798174942,0.1308163188437158,0.00017744038555253506,8.766170686948178e-05,0.0003869300582309556,0.0006520321506529724,0.0,0.49420502033153957,0.2,0.49959333160598884,0.0010776622548899217,region,0.8,0.4655023942723948,0.0,0.7493331668169326,0.0,0.0,0.0,0.0,0.0,0.08545612810687815,0.0,0.0,0.0,0.5,mainstream_liberal,none,,0.0,0.0,0.0,0.0,0.0,0.0,0.0,0.0,0.0,0.0,0.0,0.75,0.8465843308107681,1.0,1.0,0.0,0.0,0.0,0.0,0.25118159194556494,A,B,asymmetric_two_bloc,0.03190395787404836,0.32490327877762565,0.0,0.09819524750282518,0.7461121746062654,0.017945857425084755,0.051683433390233055,0.0,-0.0,-0.0,-0.019142374724429013,-0.01435678104332176,-0.023927968405536265,0.6,0.0,0.0,0.0,0.0,0.25118159194556494,structural_mega_shock_regime
pres_2012,sido_29,A,박근혜,국민의힘,69574.0,893311.0,0.1866661286139979,0.0778829004500435,10.87832281639544,10.87832281639544,0.19548516217923328,0.19548516217923328,0.04026843839803354,0.10701880797321284,False,박근혜,0.6667111051859752,0.34539412081053156,0.30964659272925293,0.24871331737519847,0.3449986863222137,0.17796806502475127,0.3660380929244808,0.12765438529771714,0.004388766276698369,0.00940784898395465,-0.00026212203056986125,-0.008285359255295631,0.007805315349545621,0.1990080499670803,0.029851207495062045,True,0.04242610068476064,0.06079418673668612,0.018368086051925483,0.02105643054353013,16.73891948329522,0.049875759435351434,0.0213959279288847,0.06079418673668612,0.05342892578895961,5.645942575344983,11.092976907950236,0.7384233558790807,0.0,-0.007365260947726514,0.05013252906957664,0.009201806832839964,0.026201214542617215,0.5804298480166727,0.7014036006650861,-0.012285304475544878,0.06797337382039983,0.7150187092939354,0.1750898095931962,0.026562340708618792,0.035458783781094565,0.6622928328617321,0.03963055916712505,-0.024374451502345254,0.05126027982213807,0.33653896119923005,0.0025814908060156658,-0.0025814908060156658,0.004055346685893899,0.7255032849818426,0.0,0.0,0.0,0.7861338460062915,0.04242610068476064,0.018368086051925483,0.23117355248188876,camp_conservative,1.0,1.0,camp_conservative,1.0,0.0,0.0,0.0,-0.1679163585552979,0.5948336538627732,0.028504110696630162,0.04242610068476064,0.018368086051925483,0.7315443968743018,0.037282050643809364,0.23117355248188876,0.3820549239197137,-0.339628823234953,-0.01441570994440097,0.35772475333348364,-0.0001872066879409273,0.004648024215126275,-0.005229400981833287,0.10899783563087605,-0.00043632053155082416,0.011339908040721748,-0.009604159608089611,0.23482657042675165,-0.003786968285772398,0.09898477692802012,-0.0003364539260281693,0.008561670741619608,-0.006293853869238663,0.1749164606834009,0.040290073834854855,1.0,0.0,A,A,0.507985725777244,0.04026843839803354,0.04026843839803354,A,0.043025537406342185,0.03893639217259624,-0.1679163585552979,-1.0,0.5948336538627732,-0.0,0.03893639217259624,0.04242610068476064,0.03893639217259624,0.28180568938304124,0.11807841699233812,0.03893639217259624,0.0697952508360532,0.04665110683846048,0.030928340831973107,0.013390210664564346,0.0023325553419230264,-0.00018185691798673073,-0.0002849962500140578,-7.304904569238276e-05,-0.0005399022136931713,0.0,0.04660070629365045,0.2,0.02608510122837205,-0.004103121013055676,region,0.8,0.51424173585638,0.0,0.736718661197378,0.0,0.0,0.0,0.0,0.0,0.4345299012871642,0.0,0.0,0.0,0.5,mainstream_conservative,none,,0.0,0.0,-0.1748123728777725,1.0729098928495442,4.0,0.18755792425306544,0.0,1.0,4.0,1.0,0.1748123728777725,0.75,1.0,0.4499175987107237,1.0,0.0,-0.0,0.0,0.0,0.02283820922891758,A,B,asymmetric_two_bloc,0.03190395787404836,0.32490327877762565,0.0,0.09819524750282518,0.7461121746062654,0.017945857425084755,0.051683433390233055,0.0,-0.0,-0.0,0.019142374724429013,0.01435678104332176,0.023927968405536265,0.6,0.0,0.0,0.0,0.0,0.02283820922891758,structural_mega_shock_regime
pres_2012,sido_29,B,문재인,더불어민주당,823737.0,893311.0,0.8133338713860021,0.9221170995499564,-10.878322816395436,10.878322816395436,0.8045148378207668,0.8045148378207668,0.9597315616019665,0.10701880797321284,False,문재인,0.6666666666666666,0.326785,0.316005,0.26158,0.3457849999999999,0.20756,0.386155,0.10424,-0.004388473750785141,-0.009407221919435289,0.0002621045592620478,0.00828480700846131,-0.007804795099239046,0.0,0.0,True,0.6891182961895412,0.7080322607814251,0.01891396459188388,0.07263480698048969,20.761660140176918,0.6891182961895412,0.8029550179334293,0.7014036006650861,0.8492935754259803,7.351643365031182,13.410016775145737,0.7861338460062915,0.14788997476089416,0.14788997476089416,0.05013252906957664,0.009201806832839964,0.026201214542617215,0.5804298480166727,0.7014036006650861,-0.012285304475544878,0.06797337382039983,0.7150187092939354,0.1750898095931962,0.026562340708618792,0.035458783781094565,0.6622928328617321,0.03963055916712505,-0.024374451502345254,0.05126027982213807,0.33653896119923005,0.0025814908060156658,-0.0025814908060156658,0.004055346685893899,0.7255032849818426,0.0,0.0,0.0,0.7861338460062915,0.6891182961895412,0.01891396459188388,0.23117355248188876,camp_liberal,1.0,1.0,camp_liberal,0.0,1.0,0.0,0.0,0.1679163585552979,0.682826491779822,0.05573812506584966,0.6891182961895412,0.01891396459188388,0.7315443968743018,0.037282050643809364,0.23117355248188876,0.3235707860282462,0.36554751016129505,0.01441570994440097,0.35589847823454746,0.0001872066879409273,0.004619332707625496,0.005229400981833287,0.1495934663340762,0.00043632053155082416,0.010266263750426318,0.009604159608089611,0.24056242070374834,0.003786968285772398,0.08854983173972554,0.0003364539260281693,0.008096734644323752,0.006293853869238663,0.13690231063766914,0.040290073834854855,0.9944888387521421,0.0,B,B,0.492014274222756,0.9597315616019665,0.9597315616019665,B,0.9569744625936578,0.9610636078274037,0.1679163585552979,1.0,0.682826491779822,0.03502562505661214,0.9610636078274037,0.9575738993152394,0.9610636078274037,0.7181943106169588,0.8819215830076619,0.9610636078274037,0.9302047491639468,0.9533488931615395,0.6891182961895412,0.01891396459188388,0.24531663238011436,0.00019827915989878962,1.9699009656863012e-05,0.00037594098060802914,0.0005939191501636818,0.0,0.9533992937063496,0.2,0.973914898771628,0.004103121013055655,region,0.8,0.4655023942723948,0.0,0.7493331668169326,0.0,0.0,0.0,0.0,0.0,0.4345299012871642,0.0,0.0,0.0,0.5,mainstream_liberal,none,,0.0,0.0,0.0,0.0,0.0,0.0,0.0,0.0,0.0,0.0,0.0,0.75,0.8465843308107681,1.0,1.0,0.0,0.0,0.0,0.0,0.5417392165367868,A,B,asymmetric_two_bloc,0.03190395787404836,0.32490327877762565,0.0,0.09819524750282518,0.7461121746062654,0.017945857425084755,0.051683433390233055,0.0,-0.0,-0.0,-0.019142374724429013,-0.01435678104332176,-0.023927968405536265,0.6,0.0,0.0,0.0,0.0,0.5417392165367868,structural_mega_shock_regime
pres_2012,sido_30,A,박근혜,국민의힘,450576.0,898886.0,0.5514584861939245,0.5012606816811364,5.019780451278811,5.019780451278811,0.5586803732575246,0.5586803732575246,0.42417794242326246,0.10701880797321284,False,박근혜,0.6667111051859752,0.34539412081053156,0.30964659272925293,0.24871331737519847,0.3449986863222137,0.17796806502475127,0.3660380929244808,0.12765438529771714,0.004388766276698369,0.00940784898395465,-0.00026212203056986125,-0.008285359255295631,0.007805315349545621,0.1990080499670803,0.029851207495062045,True,0.29023767442667453,0.3334330571018782,0.043195382675203675,0.07669734496681682,20.761660140176918,0.291653125133293,0.2850347300287543,0.3334330571018782,0.3674614479657837,7.351643365031182,13.410016775145737,0.7861338460062915,0.03402839086390552,0.03402839086390552,0.3334330571018782,0.01574954292941899,0.07552116569891935,0.631296532566216,0.29768794805399645,0.03917856297826833,0.07624759658408382,0.6137355311182727,0.07113989367464638,0.03131374334803132,0.028699072884358738,0.599892040280506,0.18980078815100634,-0.006796767418204647,0.156420488265772,0.27334387153331857,0.08464601380839341,-0.08464601380839341,0.1007327379989579,0.19800344019602714,0.0,0.0,0.0,0.7861338460062915,0.29023767442667453,0.043195382675203675,0.36887899484412534,camp_conservative,1.0,1.0,camp_conservative,1.0,0.0,0.0,0.0,-0.0092856884170881,0.6041037352171418,0.07392719711174904,0.29023767442667453,0.043195382675203675,0.555665742765322,0.07545526239055261,0.36887899484412534,0.3820549239197137,-0.09181724949303915,-0.01441570994440097,0.35772475333348364,-0.0001872066879409273,0.004648024215126275,-0.005229400981833287,0.10899783563087605,-0.00043632053155082416,0.011339908040721748,-0.009604159608089611,0.23482657042675165,-0.003786968285772398,0.09898477692802012,-0.0003364539260281693,0.008561670741619608,-0.006293853869238663,0.1749164606834009,0.040290073834854855,1.0,0.0,A,A,0.507985725777244,0.42417794242326246,0.42417794242326246,A,0.47122382304784066,0.42208826848693964,-0.0092856884170881,-0.092856884170881,0.6041037352171418,-0.0031921469539116154,0.42208826848693964,0.4220882684869397,0.42208826848693964,0.28180568938304124,0.41545359610319454,0.42208826848693964,0.4891325533168378,0.4388493396944142,0.29023767442667453,0.043195382675203675,0.10541628259253599,-0.00018141512504922795,-9.773172509548133e-05,-0.0003509431664719127,-0.000630090016616622,0.0,0.4384792792457765,0.2,0.47411322462714933,0.0071267890762745645,region,0.8,0.51424173585638,0.0,0.736718661197378,0.0,0.0,0.0,0.0,0.0,0.2079784130232591,0.15706305797472084,0.04353740311598356,0.019473708511797916,0.5,mainstream_conservative,none,,0.0,0.0,-0.1748123728777725,1.0729098928495442,4.0,0.18755792425306544,0.0,1.0,4.0,1.0,0.1748123728777725,0.75,1.0,0.4499175987107237,1.0,0.0,-0.0,0.0,0.0,0.22816565925296353,A,B,asymmetric_two_bloc,0.03190395787404836,0.32490327877762565,0.0,0.09819524750282518,0.7461121746062654,0.017945857425084755,0.051683433390233055,0.0,-0.0,-0.0,0.019142374724429013,0.01435678104332176,0.023927968405536265,0.6,0.0,0.0,0.0,0.0,0.22816565925296353,structural_mega_shock_regime
pres_2012,sido_30,B,문재인,더불어민주당,448310.0,898886.0,0.4485415138060756,0.4987393183188637,-5.019780451278811,5.019780451278811,0.44131962674247543,0.44131962674247543,0.5758220575767375,0.10701880797321284,False,문재인,0.6666666666666666,0.326785,0.316005,0.26158,0.3457849999999999,0.20756,0.386155,0.10424,-0.004388473750785141,-0.009407221919435289,0.0002621045592620478,0.00828480700846131,-0.007804795099239046,0.0,0.0,True,0.2654280683386475,0.29768794805399645,0.03225987971534894,0.0787138029743301,20.432238252320676,0.2654280683386475,0.2784072373208863,0.29768794805399645,0.346336609593895,7.351643365031182,13.080594887289493,0.7861338460062915,0.04864866153989855,0.04864866153989855,0.3334330571018782,0.01574954292941899,0.07552116569891935,0.631296532566216,0.29768794805399645,0.03917856297826833,0.07624759658408382,0.6137355311182727,0.07113989367464638,0.03131374334803132,0.028699072884358738,0.599892040280506,0.18980078815100634,-0.006796767418204647,0.156420488265772,0.27334387153331857,0.08464601380839341,-0.08464601380839341,0.1007327379989579,0.19800344019602714,0.0,0.0,0.0,0.7861338460062915,0.2654280683386475,0.03225987971534894,0.36887899484412534,camp_liberal,1.0,1.0,camp_liberal,0.0,1.0,0.0,0.0,0.0092856884170881,0.5951655974048378,0.07386601490021685,0.2654280683386475,0.03225987971534894,0.555665742765322,0.07545526239055261,0.36887899484412534,0.3235707860282462,-0.058142717689598666,0.01441570994440097,0.35589847823454746,0.0001872066879409273,0.004619332707625496,0.005229400981833287,0.1495934663340762,0.00043632053155082416,0.010266263750426318,0.009604159608089611,0.24056242070374834,0.003786968285772398,0.08854983173972554,0.0003364539260281693,0.008096734644323752,0.006293853869238663,0.13690231063766914,0.040290073834854855,0.9944888387521421,0.0,B,B,0.492014274222756,0.5758220575767375,0.5758220575767375,B,0.5287761769521595,0.5779117315130603,0.0092856884170881,0.092856884170881,0.5951655974048378,0.005368894786702863,0.5779117315130603,0.5779117315130604,0.5779117315130603,0.7181943106169588,0.5845464038968056,0.5779117315130603,0.5108674466831622,0.5611506603055858,0.2654280683386475,0.03225987971534894,0.26346271225158935,0.00012974855336985648,5.708170720565319e-05,0.000685936988652024,0.0008727672492275337,0.0,0.5615207207542234,0.2,0.5258867753728507,-0.007126789076274509,region,0.8,0.4655023942723948,0.0,0.7493331668169326,0.0,0.0,0.0,0.0,0.0,0.2079784130232591,0.0,-0.03499412587137686,-0.01947370851179786,0.5,mainstream_liberal,none,,0.0,0.0,0.0,0.0,0.0,0.0,0.0,0.0,0.0,0.0,0.0,0.75,0.8465843308107681,1.0,1.0,0.0,0.0,0.0,0.0,0.20866198820108176,A,B,asymmetric_two_bloc,0.03190395787404836,0.32490327877762565,0.0,0.09819524750282518,0.7461121746062654,0.017945857425084755,0.051683433390233055,0.0,-0.0,-0.0,-0.019142374724429013,-0.01435678104332176,-0.023927968405536265,0.6,0.0,0.0,0.0,0.0,0.20866198820108176,structural_mega_shock_regime
pres_2012,sido_31,A,박근혜,국민의힘,413977.0,689428.0,0.6911297602216888,0.6004644150971064,9.066534512458247,9.066534512458247,0.7090581205506211,0.7090581205506211,0.644103707576799,0.10701880797321284,False,박근혜,0.6667111051859752,0.34539412081053156,0.30964659272925293,0.24871331737519847,0.3449986863222137,0.17796806502475127,0.3660380929244808,0.12765438529771714,0.004388766276698369,0.00940784898395465,-0.00026212203056986125,-0.008285359255295631,0.007805315349545621,0.1990080499670803,0.029851207495062045,True,0.4929695128020255,0.529078293286855,0.03610878048482946,0.06416604858086511,19.098050547289688,0.4929695128020255,0.5287880044714628,0.529078293286855,0.5757897405963049,7.351643365031182,11.746407182258507,0.7861338460062915,0.04671144730944998,0.04671144730944998,0.529078293286855,-0.014969786289680598,0.06527002476287315,0.6975258353269036,0.14535042310023225,0.10683272461230656,0.08869975388221411,0.42918617447010654,0.2710148166462895,-0.08568238540837311,0.07852477166921641,0.5938343708480925,0.023860373535750393,-0.0025054290125238916,0.024984043540910328,0.5202158537543595,0.001052557486869273,-0.001052557486869273,0.0018424456870950612,0.757762908577226,0.0,0.0,0.0,0.7861338460062915,0.4929695128020255,0.03610878048482946,0.3053189954341682,camp_conservative,1.0,1.0,camp_conservative,1.0,0.0,0.0,0.0,0.07471244748477482,0.6714275307924525,0.058172350533712024,0.4929695128020255,0.03610878048482946,0.5978825689196238,0.09679843564620808,0.3053189954341682,0.3820549239197137,0.11091458888231182,-0.01441570994440097,0.35772475333348364,-0.0001872066879409273,0.004648024215126275,-0.005229400981833287,0.10899783563087605,-0.00043632053155082416,0.011339908040721748,-0.009604159608089611,0.23482657042675165,-0.003786968285772398,0.09898477692802012,-0.0003364539260281693,0.008561670741619608,-0.006293853869238663,0.1749164606834009,0.040290073834854855,1.0,0.0,A,A,0.507985725777244,0.644103707576799,0.644103707576799,A,0.7153348894428859,0.6596541065759236,0.07471244748477482,0.7471244748477481,0.6714275307924525,0.021386080332344726,0.6596541065759236,0.6596541065759236,0.6596541065759236,0.28180568938304124,0.6062884926805685,0.6596541065759236,0.7304832224406397,0.6773613855421026,0.4929695128020255,0.03610878048482946,0.1482830922552476,-0.00019963412595633991,-5.293050945466971e-05,-0.00031982745437702837,-0.000572392089788038,0.0,0.6770204834353876,0.2,0.8420080573734946,0.03299751478762136,region,0.8,0.51424173585638,0.0,0.736718661197378,0.0,0.0,0.0,0.0,0.0,0.344846063556939,0.0,0.0,0.0,0.5,mainstream_conservative,none,,0.0,0.0,-0.1748123728777725,1.0729098928495442,4.0,0.18755792425306544,0.0,1.0,4.0,1.0,0.1748123728777725,0.75,1.0,0.4499175987107237,1.0,0.0,-0.0,0.0,0.0,0.3875400190629041,A,B,asymmetric_two_bloc,0.03190395787404836,0.32490327877762565,0.0,0.09819524750282518,0.7461121746062654,0.017945857425084755,0.051683433390233055,0.0,-0.0,-0.0,0.019142374724429013,0.01435678104332176,0.023927968405536265,0.6,0.0,0.0,0.0,0.0,0.3875400190629041,structural_mega_shock_regime
pres_2012,sido_31,B,문재인,더불어민주당,275451.0,689428.0,0.3088702397783111,0.3995355849028936,-9.066534512458253,9.066534512458253,0.2909418794493789,0.2909418794493789,0.35589629242320103,0.10701880797321284,False,문재인,0.6666666666666666,0.326785,0.316005,0.26158,0.3457849999999999,0.20756,0.386155,0.10424,-0.004388473750785141,-0.009407221919435289,0.0002621045592620478,0.00828480700846131,-0.007804795099239046,0.0,0.0,True,0.1049130561175983,0.1694521332872509,0.060689655161378614,0.0809758096344364,17.30837844116543,0.11951282028911522,0.0585289404223227,0.1694521332872509,0.15427806138568306,6.354091086726944,10.954287354438488,0.7605963378616235,0.0,-0.015174071901567832,0.529078293286855,-0.014969786289680598,0.06527002476287315,0.6975258353269036,0.14535042310023225,0.10683272461230656,0.08869975388221411,0.42918617447010654,0.2710148166462895,-0.08568238540837311,0.07852477166921641,0.5938343708480925,0.023860373535750393,-0.0025054290125238916,0.024984043540910328,0.5202158537543595,0.001052557486869273,-0.001052557486869273,0.0018424456870950612,0.757762908577226,0.0,0.0,0.0,0.7861338460062915,0.1049130561175983,0.060689655161378614,0.3053189954341682,camp_liberal,1.0,1.0,camp_liberal,0.0,1.0,0.0,0.0,-0.07471244748477482,0.4964137465188355,0.07348643153261568,0.1049130561175983,0.060689655161378614,0.5978825689196238,0.09679843564620808,0.3053189954341682,0.3235707860282462,-0.21865772991064789,0.01441570994440097,0.35589847823454746,0.0001872066879409273,0.004619332707625496,0.005229400981833287,0.1495934663340762,0.00043632053155082416,0.010266263750426318,0.009604159608089611,0.24056242070374834,0.003786968285772398,0.08854983173972554,0.0003364539260281693,0.008096734644323752,0.006293853869238663,0.13690231063766914,0.040290073834854855,0.9944888387521421,0.0,B,B,0.492014274222756,0.35589629242320103,0.35589629242320103,B,0.28466511055711413,0.34034589342407645,-0.07471244748477482,-0.7471244748477481,0.4964137465188355,-0.04714672753160336,0.34034589342407645,0.34034589342407645,0.34034589342407645,0.7181943106169588,0.3937115073194316,0.34034589342407645,0.26951677755936043,0.32263861445789743,0.1049130561175983,0.060689655161378614,0.15703590317892052,8.919661031010596e-05,0.00018677210520965046,0.0007110942306726583,0.0009870629461924147,0.0,0.3229795165646124,0.2,0.1579919426265054,-0.03299751478762142,region,0.8,0.4655023942723948,0.0,0.7493331668169326,0.0,0.0,0.0,0.0,0.0,0.344846063556939,0.0,0.0,0.0,0.5,mainstream_liberal,none,,0.0,0.0,0.0,0.0,0.0,0.0,0.0,0.0,0.0,0.0,0.0,0.75,0.8465843308107681,1.0,1.0,0.0,0.0,0.0,0.0,0.07979648627691627,A,B,asymmetric_two_bloc,0.03190395787404836,0.32490327877762565,0.0,0.09819524750282518,0.7461121746062654,0.017945857425084755,0.051683433390233055,0.0,-0.0,-0.0,-0.019142374724429013,-0.01435678104332176,-0.023927968405536265,0.6,0.0,0.0,0.0,0.0,0.07979648627691627,structural_mega_shock_regime
pres_2012,sido_36,A,박근혜,국민의힘,33587.0,64374.0,0.5024471747051968,0.5217480882044047,-1.9300913499207817,1.9300913499207817,0.5099070378356095,0.5099070378356095,0.41540787605825885,0.10701880797321284,False,박근혜,0.6667111051859752,0.34539412081053156,0.30964659272925293,0.24871331737519847,0.3449986863222137,0.17796806502475127,0.3660380929244808,0.12765438529771714,0.004388766276698369,0.00940784898395465,-0.00026212203056986125,-0.008285359255295631,0.007805315349545621,0.1990080499670803,0.029851207495062045,True,0.19365413185423214,0.21865413185423213,0.024999999999999994,0.0,2.0,0.2897112111562534,0.1456255922032215,0.2897112111562534,0.1456255922032215,1.0,1.0,0.3333333333333333,0.0,-0.14408561895303193,0.2897112111562534,0.0,0.0,0.3333333333333333,0.3873503898100362,0.0,0.0,0.3333333333333333,0.0619743054793016,0.0,0.0,0.3333333333333333,0.2314483364444932,0.0,0.0,0.3333333333333333,0.0,0.0,0.0,0.3333333333333333,0.0,0.0,0.0,0.3333333333333333,0.19365413185423214,0.024999999999999994,0.34345957583636577,camp_conservative,1.0,1.0,camp_conservative,1.0,0.0,0.0,0.0,-0.026759444786537342,0.3333333333333333,0.0,0.19365413185423214,0.024999999999999994,0.6315404241636342,0.024999999999999994,0.34345957583636577,0.3820549239197137,-0.18840079206548155,-0.01441570994440097,0.35772475333348364,-0.0001872066879409273,0.004648024215126275,-0.005229400981833287,0.10899783563087605,-0.00043632053155082416,0.011339908040721748,-0.009604159608089611,0.23482657042675165,-0.003786968285772398,0.09898477692802012,-0.0003364539260281693,0.008561670741619608,-0.006293853869238663,0.1749164606834009,0.040290073834854855,1.0,0.0,A,A,0.507985725777244,0.41540787605825885,0.41540787605825885,A,0.4408677298588282,0.41223031826031037,-0.026759444786537342,-0.2675944478653734,0.3333333333333333,-0.008910530099422916,0.41223031826031037,0.4122303182603104,0.41223031826031037,0.28180568938304124,0.29748813663258217,0.41223031826031037,0.36023858211080845,0.3992323842229349,0.19365413185423214,0.024999999999999994,0.18057825236870276,-0.00013305652026471336,-6.21767380929413e-05,-0.0006608215931183564,-0.0008560548514760111,0.0,0.3988841563512764,0.23148148148148148,0.48843890648988664,0.020730266235789385,hierarchy,0.9259259259259259,0.51424173585638,0.0,0.736718661197378,0.0,0.0,0.0,0.0,0.0,0.12155304259297235,0.09837626691176815,0.028548083237657746,0.012024307498443576,0.5,mainstream_conservative,none,,0.0,0.0,-0.1748123728777725,1.0729098928495442,4.0,0.18755792425306544,0.0,1.0,4.0,1.0,0.1748123728777725,0.75,1.0,0.4499175987107237,1.0,0.0,-0.0,0.0,0.0,0.06455137728474404,A,B,asymmetric_two_bloc,0.03190395787404836,0.32490327877762565,0.0,0.09819524750282518,0.7461121746062654,0.017945857425084755,0.051683433390233055,0.0,-0.0,-0.0,0.019142374724429013,0.01435678104332176,0.023927968405536265,0.6,0.0,0.0,0.0,0.0,0.06455137728474404,structural_mega_shock_regime
pres_2012,sido_36,B,문재인,더불어민주당,30787.0,64374.0,0.4975528252948032,0.4782519117955954,1.9300913499207817,1.9300913499207817,0.4900929621643905,0.4900929621643905,0.5845921239417412,0.10701880797321284,False,문재인,0.6666666666666666,0.326785,0.316005,0.26158,0.3457849999999999,0.20756,0.386155,0.10424,-0.004388473750785141,-0.009407221919435289,0.0002621045592620478,0.00828480700846131,-0.007804795099239046,0.0,0.0,True,0.43788629230940207,0.43788629230940207,0.0,0.0,2.0,0.3873503898100362,0.5006542435590849,0.3873503898100362,0.5006542435590849,1.0,1.0,0.3333333333333333,0.11330385374904872,0.11330385374904872,0.2897112111562534,0.0,0.0,0.3333333333333333,0.3873503898100362,0.0,0.0,0.3333333333333333,0.0619743054793016,0.0,0.0,0.3333333333333333,0.2314483364444932,0.0,0.0,0.3333333333333333,0.0,0.0,0.0,0.3333333333333333,0.0,0.0,0.0,0.3333333333333333,0.43788629230940207,0.0,0.34345957583636577,camp_liberal,1.0,1.0,camp_liberal,0.0,1.0,0.0,0.0,0.026759444786537342,0.33333333333333326,0.0,0.43788629230940207,0.0,0.6315404241636342,0.024999999999999994,0.34345957583636577,0.3235707860282462,0.11431550628115589,0.01441570994440097,0.35589847823454746,0.0001872066879409273,0.004619332707625496,0.005229400981833287,0.1495934663340762,0.00043632053155082416,0.010266263750426318,0.009604159608089611,0.24056242070374834,0.003786968285772398,0.08854983173972554,0.0003364539260281693,0.008096734644323752,0.006293853869238663,0.13690231063766914,0.040290073834854855,0.9944888387521421,0.0,B,B,0.492014274222756,0.5845921239417412,0.5845921239417412,B,0.559132270141172,0.5877696817396896,0.026759444786537342,0.2675944478653734,0.33333333333333326,0.004188916701119269,0.5877696817396896,0.5877696817396896,0.5877696817396896,0.7181943106169588,0.7025118633674179,0.5877696817396896,0.6397614178891916,0.6007676157770651,0.43788629230940207,0.0,0.162881323467663,0.00019993553643415758,0.0,0.00039610408177661655,0.0005960396182107742,0.0,0.6011158436487237,0.23148148148148148,0.5115610935101134,-0.02073026623578944,hierarchy,0.9259259259259259,0.4655023942723948,0.0,0.7493331668169326,0.0,0.0,0.0,0.0,0.0,0.12155304259297235,0.0,-0.02064005021822633,-0.01202430749844352,0.5,mainstream_liberal,none,,0.0,0.0,0.0,0.0,0.0,0.0,0.0,0.0,0.0,0.0,0.0,0.75,0.8465843308107681,1.0,1.0,0.0,0.0,0.0,0.0,0.1291167966033454,A,B,asymmetric_two_bloc,0.03190395787404836,0.32490327877762565,0.0,0.09819524750282518,0.7461121746062654,0.017945857425084755,0.051683433390233055,0.0,-0.0,-0.0,-0.019142374724429013,-0.01435678104332176,-0.023927968405536265,0.6,0.0,0.0,0.0,0.0,0.1291167966033454,structural_mega_shock_regime
pres_2012,sido_41,A,박근혜,국민의힘,3528915.0,6970999.0,0.5734071679710981,0.5062278937373786,6.71792742337195,6.71792742337195,0.5815365812286161,0.5815365812286161,0.4939102615225798,0.10701880797321284,False,박근혜,0.6667111051859752,0.34539412081053156,0.30964659272925293,0.24871331737519847,0.3449986863222137,0.17796806502475127,0.3660380929244808,0.12765438529771714,0.004388766276698369,0.00940784898395465,-0.00026212203056986125,-0.008285359255295631,0.007805315349545621,0.1990080499670803,0.029851207495062045,True,0.4329687300500609,0.47878904108663284,0.045820311036571915,0.07445601272642068,21.361682200677148,0.438084289112686,0.4141648471294747,0.47878904108663284,0.4865826158422095,7.351643365031182,14.010038835645965,0.7861338460062915,0.007793574755576682,0.007793574755576682,0.4787890410866327,-0.04333401173331014,0.07357767649955206,0.6767482549434782,0.3519950588262695,0.025477555937613472,0.05600060701061691,0.6766201303489828,0.09371022208526453,0.03260650159538486,0.026619127800445647,0.6405200057974744,0.041686071346204306,-0.012389054486071107,0.0386684696494701,0.4545830191644351,0.006960337025295573,-0.006960337025295573,0.009222503883329172,0.658850146045215,0.0,0.0,0.0,0.7861338460062915,0.4329687300500609,0.045820311036571915,0.16921590008709764,camp_conservative,1.0,1.0,camp_conservative,1.0,0.0,0.0,0.0,0.004411057183163175,0.6671182188162843,0.060659311716954024,0.4329687300500609,0.045820311036571915,0.7539830495107498,0.07680105040215252,0.16921590008709764,0.3820549239197137,0.05091380613034724,-0.01441570994440097,0.35772475333348364,-0.0001872066879409273,0.004648024215126275,-0.005229400981833287,0.10899783563087605,-0.00043632053155082416,0.011339908040721748,-0.009604159608089611,0.23482657042675165,-0.003786968285772398,0.09898477692802012,-0.0003364539260281693,0.008561670741619608,-0.006293853869238663,0.1749164606834009,0.040290073834854855,1.0,0.0,A,A,0.507985725777244,0.4939102615225798,0.4939102615225798,A,0.5148049886269491,0.4945662089144364,0.004411057183163175,0.04411057183163175,0.6671182188162843,0.0006588497423243693,0.4945662089144364,0.4945662089144365,0.4945662089144364,0.28180568938304124,0.5022977063825976,0.4945662089144364,0.5624775072807527,0.5115440335060155,0.4329687300500609,0.045820311036571915,0.03275499241938268,-0.00023217137018408148,-8.893827410781718e-05,-9.35489725683213e-05,-0.00041465861686021995,0.0,0.5112776555982884,0.2,0.5076029380881599,-0.0007349435020257422,region,0.8,0.51424173585638,0.0,0.736718661197378,0.0,0.0,0.0,0.0,0.0,0.08064196173738855,0.0,0.0,0.0,0.5,mainstream_conservative,none,,0.0,0.0,-0.1748123728777725,1.0729098928495442,4.0,0.18755792425306544,0.0,1.0,4.0,1.0,0.1748123728777725,0.75,1.0,0.4499175987107237,1.0,0.0,-0.0,0.0,0.0,0.3403713729547142,A,B,asymmetric_two_bloc,0.03190395787404836,0.32490327877762565,0.0,0.09819524750282518,0.7461121746062654,0.017945857425084755,0.051683433390233055,0.0,-0.0,-0.0,0.019142374724429013,0.01435678104332176,0.023927968405536265,0.6,0.0,0.0,0.0,0.0,0.3403713729547142,structural_mega_shock_regime
pres_2012,sido_41,B,문재인,더불어민주당,3442084.0,6970999.0,0.4265928320289018,0.4937721062626213,-6.71792742337195,6.71792742337195,0.418463418771384,0.418463418771384,0.5060897384774202,0.10701880797321284,False,문재인,0.6666666666666666,0.326785,0.316005,0.26158,0.3457849999999999,0.20756,0.386155,0.10424,-0.004388473750785141,-0.009407221919435289,0.0002621045592620478,0.00828480700846131,-0.007804795099239046,0.0,0.0,True,0.3210143194606889,0.3519950588262695,0.0309807393655806,0.058605256276216586,20.86385788747094,0.32101431946068887,0.3437080756501764,0.3519950588262695,0.4016472663989364,7.351643365031182,13.512214522439757,0.7861338460062915,0.04965220757266686,0.04965220757266686,0.4787890410866327,-0.04333401173331014,0.07357767649955206,0.6767482549434782,0.3519950588262695,0.025477555937613472,0.05600060701061691,0.6766201303489828,0.09371022208526453,0.03260650159538486,0.026619127800445647,0.6405200057974744,0.041686071346204306,-0.012389054486071107,0.0386684696494701,0.4545830191644351,0.006960337025295573,-0.006960337025295573,0.009222503883329172,0.658850146045215,0.0,0.0,0.0,0.7861338460062915,0.3210143194606889,0.0309807393655806,0.16921590008709764,camp_liberal,1.0,1.0,camp_liberal,0.0,1.0,0.0,0.0,-0.004411057183163175,0.6674221858145575,0.04907602593954265,0.3210143194606889,0.0309807393655806,0.7539830495107498,0.07680105040215252,0.16921590008709764,0.3235707860282462,-0.0025564665675572584,0.01441570994440097,0.35589847823454746,0.0001872066879409273,0.004619332707625496,0.005229400981833287,0.1495934663340762,0.00043632053155082416,0.010266263750426318,0.009604159608089611,0.24056242070374834,0.003786968285772398,0.08854983173972554,0.0003364539260281693,0.008096734644323752,0.006293853869238663,0.13690231063766914,0.040290073834854855,0.9944888387521421,0.0,B,B,0.492014274222756,0.5060897384774202,0.5060897384774202,B,0.4851950113730509,0.5054337910855635,-0.004411057183163175,-0.04411057183163175,0.6674221858145575,-0.0019652886655506115,0.5054337910855635,0.5054337910855636,0.5054337910855635,0.7181943106169588,0.4977022936174025,0.5054337910855635,0.4375224927192472,0.48845596649398443,0.3210143194606889,0.0309807393655806,0.1364609076677149,0.0001802744348230696,6.297672140834635e-05,0.00040815712216571665,0.0006514082783971326,0.0,0.48872234440171164,0.2,0.4923970619118401,0.0007349435020256867,region,0.8,0.4655023942723948,0.0,0.7493331668169326,0.0,0.0,0.0,0.0,0.0,0.08064196173738855,0.0,0.0,0.0,0.5,mainstream_liberal,none,,0.0,0.0,0.0,0.0,0.0,0.0,0.0,0.0,0.0,0.0,0.0,0.75,0.8465843308107681,1.0,1.0,0.0,0.0,0.0,0.0,0.2523602215807237,A,B,asymmetric_two_bloc,0.03190395787404836,0.32490327877762565,0.0,0.09819524750282518,0.7461121746062654,0.017945857425084755,0.051683433390233055,0.0,-0.0,-0.0,-0.019142374724429013,-0.01435678104332176,-0.023927968405536265,0.6,0.0,0.0,0.0,0.0,0.2523602215807237,structural_mega_shock_regime
pres_2012,sido_42,A,박근혜,국민의힘,562876.0,903746.0,0.6272323963725446,0.6228250808763895,0.4407315496155028,0.4407315496155028,0.6364119705459191,0.6364119705459191,0.5894114745847879,0.10701880797321284,False,박근혜,0.6667111051859752,0.34539412081053156,0.30964659272925293,0.24871331737519847,0.3449986863222137,0.17796806502475127,0.3660380929244808,0.12765438529771714,0.004388766276698369,0.00940784898395465,-0.00026212203056986125,-0.008285359255295631,0.007805315349545621,0.1990080499670803,0.029851207495062045,True,0.4914507532872581,0.5360383977790707,0.04458764449181257,0.06605893966184885,21.361682200677148,0.5009905988346529,0.4563839821762946,0.5360383977790707,0.5495936421123649,7.351643365031182,14.010038835645965,0.7861338460062915,0.013555244333294247,0.013555244333294247,0.5360383977790707,-0.0029140931366109513,0.06335220060803322,0.7011508324261293,0.31913092925517844,0.015621927277370662,0.07921391167204374,0.6174328997984013,0.08709576517943493,-0.009967499357739329,0.019223961913334982,0.6758999004527679,0.02251383015602204,0.0023809132806329597,0.019638569837281,0.573229019395602,0.0073143701511011825,-0.0073143701511011825,0.011490378614770643,0.6285298191508286,0.0,0.0,0.0,0.7861338460062915,0.4914507532872581,0.04458764449181257,0.14483067296575092,camp_conservative,1.0,1.0,camp_conservative,1.0,0.0,0.0,0.0,0.040457228269846296,0.690203684511119,0.05311709358397375,0.4914507532872581,0.04458764449181257,0.7590702107629501,0.09609911627129902,0.14483067296575092,0.3820549239197137,0.10939582936754444,-0.01441570994440097,0.35772475333348364,-0.0001872066879409273,0.004648024215126275,-0.005229400981833287,0.10899783563087605,-0.00043632053155082416,0.011339908040721748,-0.009604159608089611,0.23482657042675165,-0.003786968285772398,0.09898477692802012,-0.0003364539260281693,0.008561670741619608,-0.006293853869238663,0.1749164606834009,0.040290073834854855,1.0,0.0,A,A,0.507985725777244,0.5894114745847879,0.5894114745847879,A,0.5962949727158106,0.5953747389906594,0.040457228269846296,0.40457228269846296,0.690203684511119,0.008454113739936778,0.5953747389906594,0.5953747389906594,0.5953747389906594,0.28180568938304124,0.5593461386361158,0.5953747389906594,0.6222669218938962,0.6020977847164686,0.4914507532872581,0.04458764449181257,0.06605938693739788,-0.0002238969265102947,-7.352942816953072e-05,-0.00016029207538350792,-0.00045771843006333333,0.0,0.6018438123849628,0.2,0.5523577841599746,-0.009897205644997631,region,0.8,0.51424173585638,0.0,0.736718661197378,0.0,0.0,0.0,0.0,0.0,0.18651223591689936,0.0,0.0,0.0,0.5,mainstream_conservative,none,,0.0,0.0,-0.1748123728777725,1.0729098928495442,4.0,0.18755792425306544,0.0,1.0,4.0,1.0,0.1748123728777725,0.75,1.0,0.4499175987107237,1.0,0.0,-0.0,0.0,0.0,0.38634607080440136,A,B,asymmetric_two_bloc,0.03190395787404836,0.32490327877762565,0.0,0.09819524750282518,0.7461121746062654,0.017945857425084755,0.051683433390233055,0.0,-0.0,-0.0,0.019142374724429013,0.01435678104332176,0.023927968405536265,0.6,0.0,0.0,0.0,0.0,0.38634607080440136,structural_mega_shock_regime
pres_2012,sido_42,B,문재인,더불어민주당,340870.0,903746.0,0.3727676036274555,0.3771749191236105,-0.4407315496154973,0.4407315496154973,0.363588029454081,0.363588029454081,0.410588525415212,0.10701880797321284,False,문재인,0.6666666666666666,0.326785,0.316005,0.26158,0.3457849999999999,0.20756,0.386155,0.10424,-0.004388473750785141,-0.009407221919435289,0.0002621045592620478,0.00828480700846131,-0.007804795099239046,0.0,0.0,True,0.267619457475692,0.31913092925517844,0.05151147177948645,0.07901785473930842,21.361682200677148,0.2753080908496153,0.2393574122109117,0.31913092925517844,0.32105552854271485,7.351643365031182,14.010038835645965,0.7861338460062915,0.0019245992875364104,0.0019245992875364104,0.5360383977790707,-0.0029140931366109513,0.06335220060803322,0.7011508324261293,0.31913092925517844,0.015621927277370662,0.07921391167204374,0.6174328997984013,0.08709576517943493,-0.009967499357739329,0.019223961913334982,0.6758999004527679,0.02251383015602204,0.0023809132806329597,0.019638569837281,0.573229019395602,0.0073143701511011825,-0.0073143701511011825,0.011490378614770643,0.6285298191508286,0.0,0.0,0.0,0.7861338460062915,0.267619457475692,0.05151147177948645,0.14483067296575092,camp_liberal,1.0,1.0,camp_liberal,0.0,1.0,0.0,0.0,-0.040457228269846296,0.6362682065782211,0.06330316382730669,0.267619457475692,0.05151147177948645,0.7590702107629501,0.09609911627129902,0.14483067296575092,0.3235707860282462,-0.05595132855255419,0.01441570994440097,0.35589847823454746,0.0001872066879409273,0.004619332707625496,0.005229400981833287,0.1495934663340762,0.00043632053155082416,0.010266263750426318,0.009604159608089611,0.24056242070374834,0.003786968285772398,0.08854983173972554,0.0003364539260281693,0.008096734644323752,0.006293853869238663,0.13690231063766914,0.040290073834854855,0.9944888387521421,0.0,B,B,0.492014274222756,0.410588525415212,0.410588525415212,B,0.40370502728418933,0.40462526100934065,-0.040457228269846296,-0.40457228269846296,0.6362682065782211,-0.01624256961264551,0.40462526100934065,0.4046252610093406,0.40462526100934065,0.7181943106169588,0.4406538613638842,0.40462526100934065,0.37773307810610385,0.3979022152835315,0.267619457475692,0.05151147177948645,0.07877128602835304,0.00018449155233903872,0.00012854088619612818,0.00028922519409612654,0.0006022576326312934,0.0,0.3981561876150372,0.2,0.4476422158400254,0.009897205644997631,region,0.8,0.4655023942723948,0.0,0.7493331668169326,0.0,0.0,0.0,0.0,0.0,0.18651223591689936,0.0,0.0,0.0,0.5,mainstream_liberal,none,,0.0,0.0,0.0,0.0,0.0,0.0,0.0,0.0,0.0,0.0,0.0,0.75,0.8465843308107681,1.0,1.0,0.0,0.0,0.0,0.0,0.21038471337148293,A,B,asymmetric_two_bloc,0.03190395787404836,0.32490327877762565,0.0,0.09819524750282518,0.7461121746062654,0.017945857425084755,0.051683433390233055,0.0,-0.0,-0.0,-0.019142374724429013,-0.01435678104332176,-0.023927968405536265,0.6,0.0,0.0,0.0,0.0,0.21038471337148293,structural_mega_shock_regime
pres_2012,sido_43,A,박근혜,국민의힘,518442.0,917349.0,0.5682607091073519,0.565152407583491,0.310830152386099,0.310830152386099,0.5757307288481482,0.5757307288481482,0.4628299434755114,0.10701880797321284,False,박근혜,0.6667111051859752,0.34539412081053156,0.30964659272925293,0.24871331737519847,0.3449986863222137,0.17796806502475127,0.3660380929244808,0.12765438529771714,0.004388766276698369,0.00940784898395465,-0.00026212203056986125,-0.008285359255295631,0.007805315349545621,0.1990080499670803,0.029851207495062045,True,0.39395649017601675,0.4367729542655847,0.04281646408956796,0.07668959426853886,21.361682200677148,0.39513274880403937,0.3896327732068853,0.4367729542655847,0.45784686210923425,7.351643365031182,14.010038835645965,0.7861338460062915,0.021073907843649542,0.021073907843649542,0.4367729542655847,0.020230866589065477,0.07526859686518785,0.6645757540486121,0.3538539339900503,0.006359528123662528,0.08755327559671026,0.615704422191427,0.08284902278460618,0.007806073384362525,0.02421978046106074,0.6428133400349976,0.06451810127885824,-0.006324850530260634,0.05476057737431119,0.4102182237592444,0.034180768747342063,-0.034180768747342063,0.042483231236106436,0.389398267804893,0.0,0.0,0.0,0.7861338460062915,0.39395649017601675,0.04281646408956796,0.20937311174436513,camp_conservative,1.0,1.0,camp_conservative,1.0,0.0,0.0,0.0,0.009178051044360147,0.6447037302875799,0.06568638602291049,0.39395649017601675,0.04281646408956796,0.699374070407432,0.09125281784820294,0.20937311174436513,0.3820549239197137,0.011901566256303064,-0.01441570994440097,0.35772475333348364,-0.0001872066879409273,0.004648024215126275,-0.005229400981833287,0.10899783563087605,-0.00043632053155082416,0.011339908040721748,-0.009604159608089611,0.23482657042675165,-0.003786968285772398,0.09898477692802012,-0.0003364539260281693,0.008561670741619608,-0.006293853869238663,0.1749164606834009,0.040290073834854855,1.0,0.0,A,A,0.507985725777244,0.4628299434755114,0.4628299434755114,A,0.49003839926388876,0.4643170741443107,0.009178051044360147,0.09178051044360147,0.6447037302875799,0.0015936370500820249,0.4643170741443107,0.4643170741443107,0.4643170741443107,0.28180568938304124,0.478674587511268,0.4643170741443107,0.5339884649152181,0.4817349218370376,0.39395649017601675,0.04281646408956796,0.04496196757145288,-0.00022432376504195997,-8.825033384627737e-05,-0.00013635834458592782,-0.0004489324434741652,0.0,0.48144360430033045,0.2,0.49422196870361446,0.0025556728806568896,region,0.8,0.51424173585638,0.0,0.736718661197378,0.0,0.0,0.0,0.0,0.0,0.08956980218880853,0.010868489267797229,0.0028040741590670258,0.0013572845443776127,0.5,mainstream_conservative,none,,0.0,0.0,-0.1748123728777725,1.0729098928495442,4.0,0.18755792425306544,0.0,1.0,4.0,1.0,0.1748123728777725,0.75,1.0,0.4499175987107237,1.0,0.0,-0.0,0.0,0.0,0.30970253078121185,A,B,asymmetric_two_bloc,0.03190395787404836,0.32490327877762565,0.0,0.09819524750282518,0.7461121746062654,0.017945857425084755,0.051683433390233055,0.0,-0.0,-0.0,0.019142374724429013,0.01435678104332176,0.023927968405536265,0.6,0.0,0.0,0.0,0.0,0.30970253078121185,structural_mega_shock_regime
pres_2012,sido_43,B,문재인,더불어민주당,398907.0,917349.0,0.4317392908926482,0.434847592416509,-0.3108301523860823,0.3108301523860823,0.42426927115185176,0.42426927115185176,0.5371700565244887,0.10701880797321284,False,문재인,0.6666666666666666,0.326785,0.316005,0.26158,0.3457849999999999,0.20756,0.386155,0.10424,-0.004388473750785141,-0.009407221919435289,0.0002621045592620478,0.00828480700846131,-0.007804795099239046,0.0,0.0,True,0.30541758023141524,0.3538539339900502,0.048436353758634976,0.08416108529942198,21.02714605432295,0.30541758023141524,0.3254960194695376,0.3538539339900502,0.37497324290305345,7.351643365031182,13.675502689291768,0.7861338460062915,0.021119308913003232,0.021119308913003232,0.4367729542655847,0.020230866589065477,0.07526859686518785,0.6645757540486121,0.3538539339900503,0.006359528123662528,0.08755327559671026,0.615704422191427,0.08284902278460618,0.007806073384362525,0.02421978046106074,0.6428133400349976,0.06451810127885824,-0.006324850530260634,0.05476057737431119,0.4102182237592444,0.034180768747342063,-0.034180768747342063,0.042483231236106436,0.389398267804893,0.0,0.0,0.0,0.7861338460062915,0.30541758023141524,0.048436353758634976,0.20937311174436513,camp_liberal,1.0,1.0,camp_liberal,0.0,1.0,0.0,0.0,-0.009178051044360147,0.6145440651444887,0.0733912639108279,0.30541758023141524,0.048436353758634976,0.699374070407432,0.09125281784820294,0.20937311174436513,0.3235707860282462,-0.01815320579683094,0.01441570994440097,0.35589847823454746,0.0001872066879409273,0.004619332707625496,0.005229400981833287,0.1495934663340762,0.00043632053155082416,0.010266263750426318,0.009604159608089611,0.24056242070374834,0.003786968285772398,0.08854983173972554,0.0003364539260281693,0.008096734644323752,0.006293853869238663,0.13690231063766914,0.040290073834854855,0.9944888387521421,0.0,B,B,0.492014274222756,0.5371700565244887,0.5371700565244887,B,0.5099616007361114,0.5356829258556893,-0.009178051044360147,-0.09178051044360147,0.6145440651444887,-0.0043866307402028555,0.5356829258556893,0.5356829258556893,0.5356829258556893,0.7181943106169588,0.521325412488732,0.5356829258556893,0.46601153508478194,0.5182650781629624,0.30541758023141524,0.048436353758634976,0.1644111441729122,0.00016165057064853418,9.279683934732192e-05,0.0004634723692205845,0.0007179197792164405,0.0,0.5185563956996695,0.2,0.5057780312963855,-0.002555672880656834,region,0.8,0.4655023942723948,0.0,0.7493331668169326,0.0,0.0,0.0,0.0,0.0,0.08956980218880853,0.0,-0.002630170474831589,-0.0013572845443775572,0.5,mainstream_liberal,none,,0.0,0.0,0.0,0.0,0.0,0.0,0.0,0.0,0.0,0.0,0.0,0.75,0.8465843308107681,1.0,1.0,0.0,0.0,0.0,0.0,0.24009909698525758,A,B,asymmetric_two_bloc,0.03190395787404836,0.32490327877762565,0.0,0.09819524750282518,0.7461121746062654,0.017945857425084755,0.051683433390233055,0.0,-0.0,-0.0,-0.019142374724429013,-0.01435678104332176,-0.023927968405536265,0.6,0.0,0.0,0.0,0.0,0.24009909698525758,structural_mega_shock_regime
pres_2012,sido_44,A,박근혜,국민의힘,658928.0,1156558.0,0.5730982982747903,0.5697319799098053,0.3366318364985021,0.3366318364985021,0.581252011214412,0.581252011214412,0.41429850390505935,0.10701880797321284,False,박근혜,0.6667111051859752,0.34539412081053156,0.30964659272925293,0.24871331737519847,0.3449986863222137,0.17796806502475127,0.3660380929244808,0.12765438529771714,0.004388766276698369,0.00940784898395465,-0.00026212203056986125,-0.008285359255295631,0.007805315349545621,0.1990080499670803,0.029851207495062045,True,0.2857464251942836,0.3223434891345332,0.036597063940249586,0.06943657644895901,21.361682200677148,0.2857464251942836,0.3236424620327487,0.3223434891345332,0.36289430390954336,7.351643365031182,14.010038835645965,0.7861338460062915,0.04055081477501016,0.04055081477501016,0.3223434891345332,0.05494363982437739,0.06615264313986216,0.6464648755728339,0.25212962778554726,0.051937069529413626,0.07639141547942807,0.587365265470609,0.06617285370087565,0.013540874664120642,0.01951993336897647,0.6540437767320068,0.20102313593794896,0.007530223156518134,0.16281928441250978,0.2762296502000586,0.12452045086548698,-0.12452045086548698,0.14818519370490935,0.15722676920125833,0.0,0.0,0.0,0.7861338460062915,0.2857464251942836,0.036597063940249586,0.4255268830799195,camp_conservative,1.0,1.0,camp_conservative,1.0,0.0,0.0,0.0,0.004431598720350621,0.6152350731847879,0.06839824080568505,0.2857464251942836,0.036597063940249586,0.4956146801292249,0.07885843679085563,0.4255268830799195,0.3820549239197137,-0.09630849872543007,-0.01441570994440097,0.35772475333348364,-0.0001872066879409273,0.004648024215126275,-0.005229400981833287,0.10899783563087605,-0.00043632053155082416,0.011339908040721748,-0.009604159608089611,0.23482657042675165,-0.003786968285772398,0.09898477692802012,-0.0003364539260281693,0.008561670741619608,-0.006293853869238663,0.1749164606834009,0.040290073834854855,1.0,0.0,A,A,0.507985725777244,0.41429850390505935,0.41429850390505935,A,0.4856742053629589,0.4153904859439956,0.004431598720350621,0.04431598720350621,0.6152350731847879,0.0015289958695175363,0.4153904859439956,0.4153904859439956,0.4153904859439956,0.28180568938304124,0.4278850779751532,0.4153904859439956,0.49910330787933477,0.43631869142783036,0.2857464251942836,0.036597063940249586,0.11397520229329716,-0.00017964376313645258,-8.328295282154738e-05,-0.00038163754721925574,-0.0006445642631772556,0.0,0.4359181793649638,0.2,0.5030075372379695,0.01341787157460117,region,0.8,0.51424173585638,0.0,0.736718661197378,0.0,0.0,0.0,0.0,0.0,0.2997975481476889,0.23807786170301892,0.06555044775462426,0.02959774037499141,0.5,mainstream_conservative,none,,0.0,0.0,-0.1748123728777725,1.0729098928495442,4.0,0.18755792425306544,0.0,1.0,4.0,1.0,0.1748123728777725,0.75,1.0,0.4499175987107237,1.0,0.0,-0.0,0.0,0.0,0.22463493622053127,A,B,asymmetric_two_bloc,0.03190395787404836,0.32490327877762565,0.0,0.09819524750282518,0.7461121746062654,0.017945857425084755,0.051683433390233055,0.0,-0.0,-0.0,0.019142374724429013,0.01435678104332176,0.023927968405536265,0.6,0.0,0.0,0.0,0.0,0.22463493622053127,structural_mega_shock_regime
pres_2012,sido_44,B,문재인,더불어민주당,497630.0,1156558.0,0.4269017017252097,0.4302680200901947,-0.3366318364985021,0.3366318364985021,0.4187479887855881,0.4187479887855881,0.5857014960949407,0.10701880797321284,False,문재인,0.6666666666666666,0.326785,0.316005,0.26158,0.3457849999999999,0.20756,0.386155,0.10424,-0.004388473750785141,-0.009407221919435289,0.0002621045592620478,0.00828480700846131,-0.007804795099239046,0.0,0.0,True,0.20986825493494127,0.2521296277855473,0.04226137285060605,0.08134046285184604,21.02714605432295,0.20986825493494127,0.2290209015897945,0.2521296277855473,0.3191830770015175,7.351643365031182,13.675502689291768,0.7861338460062915,0.06705344921597017,0.06705344921597017,0.3223434891345332,0.05494363982437739,0.06615264313986216,0.6464648755728339,0.25212962778554726,0.051937069529413626,0.07639141547942807,0.587365265470609,0.06617285370087565,0.013540874664120642,0.01951993336897647,0.6540437767320068,0.20102313593794896,0.007530223156518134,0.16281928441250978,0.2762296502000586,0.12452045086548698,-0.12452045086548698,0.14818519370490935,0.15722676920125833,0.0,0.0,0.0,0.7861338460062915,0.20986825493494127,0.04226137285060605,0.4255268830799195,camp_liberal,1.0,1.0,camp_liberal,0.0,1.0,0.0,0.0,-0.004431598720350621,0.5795402999975192,0.0743097741255882,0.20986825493494127,0.04226137285060605,0.4956146801292249,0.07885843679085563,0.4255268830799195,0.3235707860282462,-0.11370253109330491,0.01441570994440097,0.35589847823454746,0.0001872066879409273,0.004619332707625496,0.005229400981833287,0.1495934663340762,0.00043632053155082416,0.010266263750426318,0.009604159608089611,0.24056242070374834,0.003786968285772398,0.08854983173972554,0.0003364539260281693,0.008096734644323752,0.006293853869238663,0.13690231063766914,0.040290073834854855,0.9944888387521421,0.0,B,B,0.492014274222756,0.5857014960949407,0.5857014960949407,B,0.5143257946370412,0.5846095140560044,-0.004431598720350621,-0.04431598720350621,0.5795402999975192,-0.0029694144589259832,0.5846095140560044,0.5846095140560044,0.5846095140560044,0.7181943106169588,0.5721149220248468,0.5846095140560044,0.5008966921206652,0.5636813085721696,0.20986825493494127,0.04226137285060605,0.31155168078662226,0.00010212881045636656,7.444296372864707e-05,0.0008074971661902023,0.000984068940375216,0.0,0.5640818206350363,0.2,0.49699246276203046,-0.01341787157460117,region,0.8,0.4655023942723948,0.0,0.7493331668169326,0.0,0.0,0.0,0.0,0.0,0.2997975481476889,0.0,-0.053488483096885205,-0.02959774037499152,0.5,mainstream_liberal,none,,0.0,0.0,0.0,0.0,0.0,0.0,0.0,0.0,0.0,0.0,0.0,0.75,0.8465843308107681,1.0,1.0,0.0,0.0,0.0,0.0,0.16498453840663427,A,B,asymmetric_two_bloc,0.03190395787404836,0.32490327877762565,0.0,0.09819524750282518,0.7461121746062654,0.017945857425084755,0.051683433390233055,0.0,-0.0,-0.0,-0.019142374724429013,-0.01435678104332176,-0.023927968405536265,0.6,0.0,0.0,0.0,0.0,0.16498453840663427,structural_mega_shock_regime
pres_2012,sido_45,A,박근혜,국민의힘,150315.0,1130637.0,0.2083396437837416,0.1329475178331604,7.539212595058125,7.539212595058125,0.21659939919331833,0.21659939919331833,0.08112692177657009,0.10701880797321284,False,박근혜,0.6667111051859752,0.34539412081053156,0.30964659272925293,0.24871331737519847,0.3449986863222137,0.17796806502475127,0.3660380929244808,0.12765438529771714,0.004388766276698369,0.00940784898395465,-0.00026212203056986125,-0.008285359255295631,0.007805315349545621,0.1990080499670803,0.029851207495062045,True,0.06920232250216167,0.09406736638172228,0.024865043879560608,0.030853120840518514,21.145189320828383,0.07957278769223693,0.0310823416987099,0.09406736638172228,0.07257567366320576,7.351643365031182,13.793545955797201,0.7861338460062915,0.0,-0.021491692718516517,0.09406736638172226,0.010236906301405738,0.026200317409988294,0.6431663106830886,0.6897424452741232,-0.033986358410678874,0.06864046514712738,0.7131887376074134,0.13593488733081358,0.02407926270129812,0.019492607315804922,0.7037189825137823,0.028639720178886108,-0.0006712157485163073,0.027299452179120706,0.5132307470809847,0.006036050394127237,-0.006036050394127237,0.009482225117622171,0.653107016884962,0.0,0.0,0.0,0.7861338460062915,0.06920232250216167,0.024865043879560608,0.2042866690135522,camp_conservative,1.0,1.0,camp_conservative,1.0,0.0,0.0,0.0,-0.15177772168195977,0.6523088597059327,0.026226007987001306,0.06920232250216167,0.024865043879560608,0.7363912017836052,0.05932212920284256,0.2042866690135522,0.3820549239197137,-0.312852601417552,-0.01441570994440097,0.35772475333348364,-0.0001872066879409273,0.004648024215126275,-0.005229400981833287,0.10899783563087605,-0.00043632053155082416,0.011339908040721748,-0.009604159608089611,0.23482657042675165,-0.003786968285772398,0.09898477692802012,-0.0003364539260281693,0.008561670741619608,-0.006293853869238663,0.1749164606834009,0.040290073834854855,1.0,0.0,A,A,0.507985725777244,0.08112692177657009,0.08112692177657009,A,0.09488493530528648,0.07729471362519932,-0.15177772168195977,-1.0,0.6523088597059327,-0.017707243616662097,0.07729471362519932,0.07729471362519932,0.07729471362519932,0.28180568938304124,0.14348878161096784,0.07729471362519932,0.10985764596057068,0.08543544670904217,0.05970949315907463,0.02145418121451542,0.004271772335452121,-0.00019170809267474894,-0.00024933746412058395,-7.30490456923829e-05,-0.0005140946024877157,0.0,0.08535018061008205,0.2,0.1254148782666268,0.008012939531308952,region,0.8,0.51424173585638,0.0,0.736718661197378,0.0,0.0,0.0,0.0,0.0,0.4313009176794646,0.0,0.0,0.0,0.5,mainstream_conservative,none,,0.0,0.0,-0.1748123728777725,1.0729098928495442,4.0,0.18755792425306544,0.0,1.0,4.0,1.0,0.1748123728777725,0.75,1.0,0.4499175987107237,1.0,0.0,-0.0,0.0,0.0,0.046939653500229696,A,B,asymmetric_two_bloc,0.03190395787404836,0.32490327877762565,0.0,0.09819524750282518,0.7461121746062654,0.017945857425084755,0.051683433390233055,0.0,-0.0,-0.0,0.019142374724429013,0.01435678104332176,0.023927968405536265,0.6,0.0,0.0,0.0,0.0,0.046939653500229696,structural_mega_shock_regime
pres_2012,sido_45,B,문재인,더불어민주당,980322.0,1130637.0,0.7916603562162583,0.8670524821668395,-7.53921259505812,7.53921259505812,0.7834006008066817,0.7834006008066817,0.9188730782234299,0.10701880797321284,False,문재인,0.6666666666666666,0.326785,0.316005,0.26158,0.3457849999999999,0.20756,0.386155,0.10424,-0.004388473750785141,-0.009407221919435289,0.0002621045592620478,0.00828480700846131,-0.007804795099239046,0.0,0.0,True,0.6671888792814435,0.7016459646047255,0.034457085323281955,0.06778970342426323,21.361682200677148,0.6517690647310834,0.8407649100089167,0.6897424452741232,0.8622967211212866,7.351643365031182,14.010038835645965,0.7861338460062915,0.17255427584716343,0.17255427584716343,0.09406736638172226,0.010236906301405738,0.026200317409988294,0.6431663106830886,0.6897424452741232,-0.033986358410678874,0.06864046514712738,0.7131887376074134,0.13593488733081358,0.02407926270129812,0.019492607315804922,0.7037189825137823,0.028639720178886108,-0.0006712157485163073,0.027299452179120706,0.5132307470809847,0.006036050394127237,-0.006036050394127237,0.009482225117622171,0.653107016884962,0.0,0.0,0.0,0.7861338460062915,0.6671888792814435,0.034457085323281955,0.2042866690135522,camp_liberal,1.0,1.0,camp_liberal,0.0,1.0,0.0,0.0,0.15177772168195977,0.6985905772799695,0.05382194186972839,0.6671888792814435,0.034457085323281955,0.7363912017836052,0.05932212920284256,0.2042866690135522,0.3235707860282462,0.34361809325319737,0.01441570994440097,0.35589847823454746,0.0001872066879409273,0.004619332707625496,0.005229400981833287,0.1495934663340762,0.00043632053155082416,0.010266263750426318,0.009604159608089611,0.24056242070374834,0.003786968285772398,0.08854983173972554,0.0003364539260281693,0.008096734644323752,0.006293853869238663,0.13690231063766914,0.040290073834854855,0.9944888387521421,0.0,B,B,0.492014274222756,0.9188730782234299,0.9188730782234299,B,0.9051150646947136,0.9227052863748006,0.15177772168195977,1.0,0.6985905772799695,0.034843934290514036,0.9227052863748006,0.9227052863748006,0.9227052863748006,0.7181943106169588,0.8565112183890322,0.9227052863748006,0.8901423540394293,0.9145645532909579,0.6671888792814435,0.034457085323281955,0.21291858868623237,0.00020011036774297657,3.740915181228539e-05,0.000340129073617181,0.000577648593172443,0.0,0.9146498193899181,0.2,0.8745851217333734,-0.008012939531308882,region,0.8,0.4655023942723948,0.0,0.7493331668169326,0.0,0.0,0.0,0.0,0.0,0.4313009176794646,0.0,0.0,0.0,0.5,mainstream_liberal,none,,0.0,0.0,0.0,0.0,0.0,0.0,0.0,0.0,0.0,0.0,0.0,0.75,0.8465843308107681,1.0,1.0,0.0,0.0,0.0,0.0,0.5123777215649702,A,B,asymmetric_two_bloc,0.03190395787404836,0.32490327877762565,0.0,0.09819524750282518,0.7461121746062654,0.017945857425084755,0.051683433390233055,0.0,-0.0,-0.0,-0.019142374724429013,-0.01435678104332176,-0.023927968405536265,0.6,0.0,0.0,0.0,0.0,0.5123777215649702,structural_mega_shock_regime
pres_2012,sido_46,A,박근혜,국민의힘,116296.0,1154643.0,0.1860945196321421,0.100720250511407,8.537426912073505,8.537426912073505,0.19476813983473443,0.19476813983473443,0.04697842967374096,0.10701880797321284,False,박근혜,0.6667111051859752,0.34539412081053156,0.30964659272925293,0.24871331737519847,0.3449986863222137,0.17796806502475127,0.3660380929244808,0.12765438529771714,0.004388766276698369,0.00940784898395465,-0.00026212203056986125,-0.008285359255295631,0.007805315349545621,0.1990080499670803,0.029851207495062045,True,0.04484887244257692,0.06023939304837302,0.015390520605796106,0.025188632235844808,20.365611129616063,0.04837045245904517,0.0319041722613293,0.06023939304837302,0.06204906590222944,7.351643365031182,13.01396776458488,0.7861338460062915,0.0018096728538564144,0.0018096728538564144,0.06023939304837302,0.013168576366682679,0.021454229020555576,0.6331404821401788,0.7163896302254035,-0.0206738636045547,0.07485872861482311,0.7093465593414081,0.14715100522652674,0.010882068123516553,0.03274338741682447,0.6555705498583152,0.021838995132439313,0.005079714130777686,0.02121598358822975,0.5539674196208243,0.007456152592538869,-0.007456152592538869,0.011713109198456004,0.6258712602363278,0.0,0.0,0.0,0.7861338460062915,0.04484887244257692,0.015390520605796106,0.21483568799936648,camp_conservative,1.0,1.0,camp_conservative,1.0,0.0,0.0,0.0,-0.16564488263072158,0.644576744285562,0.023496149910849688,0.04484887244257692,0.015390520605796106,0.7303051216740117,0.05485919032662185,0.21483568799936648,0.3820549239197137,-0.3372060514771368,-0.01441570994440097,0.35772475333348364,-0.0001872066879409273,0.004648024215126275,-0.005229400981833287,0.10899783563087605,-0.00043632053155082416,0.011339908040721748,-0.009604159608089611,0.23482657042675165,-0.003786968285772398,0.09898477692802012,-0.0003364539260281693,0.008561670741619608,-0.006293853869238663,0.1749164606834009,0.040290073834854855,1.0,0.0,A,A,0.507985725777244,0.04697842967374096,0.04697842967374096,A,0.05760433290213149,0.04518299057374466,-0.16564488263072158,-1.0,0.644576744285562,-0.005403617317894535,0.045182990573744655,0.04518299057374466,0.04518299057374466,0.28180568938304124,0.12085042355230746,0.04518299057374466,0.06994631191415235,0.05137382090884658,0.0363359412009603,0.012469188662443955,0.0025686910454423267,-0.00019401249595656626,-0.00024099610120287184,-7.304904569238263e-05,-0.0005080576428518207,0.0,0.05132062401110337,0.2,0.07771354229798688,0.005278583657376705,region,0.8,0.51424173585638,0.0,0.736718661197378,0.0,0.0,0.0,0.0,0.0,0.4619749513498387,0.0,0.0,0.0,0.5,mainstream_conservative,none,,0.0,0.0,-0.1748123728777725,1.0729098928495442,4.0,0.18755792425306544,0.0,1.0,4.0,1.0,0.1748123728777725,0.75,1.0,0.4499175987107237,1.0,0.0,-0.0,0.0,0.0,0.02856491320456939,A,B,asymmetric_two_bloc,0.03190395787404836,0.32490327877762565,0.0,0.09819524750282518,0.7461121746062654,0.017945857425084755,0.051683433390233055,0.0,-0.0,-0.0,0.019142374724429013,0.01435678104332176,0.023927968405536265,0.6,0.0,0.0,0.0,0.0,0.02856491320456939,structural_mega_shock_regime
pres_2012,sido_46,B,문재인,더불어민주당,1038347.0,1154643.0,0.8139054803678578,0.8992797494885929,-8.53742691207351,8.53742691207351,0.8052318601652656,0.8052318601652656,0.9530215703262591,0.10701880797321284,False,문재인,0.6666666666666666,0.326785,0.316005,0.26158,0.3457849999999999,0.20756,0.386155,0.10424,-0.004388473750785141,-0.009407221919435289,0.0002621045592620478,0.00828480700846131,-0.007804795099239046,0.0,0.0,True,0.6854562492314348,0.7249249189522605,0.039468669720825744,0.07339370439948828,21.361682200677148,0.6749761726888649,0.8408746838839257,0.7163896302254035,0.8731946603838623,7.351643365031182,14.010038835645965,0.7861338460062915,0.1568050301584588,0.1568050301584588,0.06023939304837302,0.013168576366682679,0.021454229020555576,0.6331404821401788,0.7163896302254035,-0.0206738636045547,0.07485872861482311,0.7093465593414081,0.14715100522652674,0.010882068123516553,0.03274338741682447,0.6555705498583152,0.021838995132439313,0.005079714130777686,0.02121598358822975,0.5539674196208243,0.007456152592538869,-0.007456152592538869,0.011713109198456004,0.6258712602363278,0.0,0.0,0.0,0.7861338460062915,0.6854562492314348,0.039468669720825744,0.21483568799936648,camp_liberal,1.0,1.0,camp_liberal,0.0,1.0,0.0,0.0,0.16564488263072158,0.6949192161232884,0.058267828020468614,0.6854562492314348,0.039468669720825744,0.7303051216740117,0.05485919032662185,0.21483568799936648,0.3235707860282462,0.3618854632031886,0.01441570994440097,0.35589847823454746,0.0001872066879409273,0.004619332707625496,0.005229400981833287,0.1495934663340762,0.00043632053155082416,0.010266263750426318,0.009604159608089611,0.24056242070374834,0.003786968285772398,0.08854983173972554,0.0003364539260281693,0.008096734644323752,0.006293853869238663,0.13690231063766914,0.040290073834854855,0.9944888387521421,0.0,B,B,0.492014274222756,0.9530215703262591,0.9530215703262591,B,0.9423956670978686,0.9548170094262554,0.16564488263072158,1.0,0.6949192161232884,0.03544640608569976,0.9548170094262552,0.9548170094262554,0.9548170094262554,0.7181943106169588,0.8791495764476925,0.9548170094262554,0.9300536880858477,0.9486261790911534,0.6854562492314348,0.039468669720825744,0.2237012601388929,0.00019820736625995975,4.1311510185236165e-05,0.0003445227199819741,0.00058404159642717,0.0,0.9486793759888966,0.2,0.9222864577020131,-0.0052785836573766565,region,0.8,0.4655023942723948,0.0,0.7493331668169326,0.0,0.0,0.0,0.0,0.0,0.4619749513498387,0.0,0.0,0.0,0.5,mainstream_liberal,none,,0.0,0.0,0.0,0.0,0.0,0.0,0.0,0.0,0.0,0.0,0.0,0.75,0.8465843308107681,1.0,1.0,0.0,0.0,0.0,0.0,0.5306216145985042,A,B,asymmetric_two_bloc,0.03190395787404836,0.32490327877762565,0.0,0.09819524750282518,0.7461121746062654,0.017945857425084755,0.051683433390233055,0.0,-0.0,-0.0,-0.019142374724429013,-0.01435678104332176,-0.023927968405536265,0.6,0.0,0.0,0.0,0.0,0.5306216145985042,structural_mega_shock_regime
pres_2012,sido_47,A,박근혜,국민의힘,1375164.0,1691823.0,0.833350302873051,0.8128294379904798,2.052086488257121,2.052086488257121,0.842530311321522,0.842530311321522,0.7917877851493171,0.10701880797321284,False,박근혜,0.6667111051859752,0.34539412081053156,0.30964659272925293,0.24871331737519847,0.3449986863222137,0.17796806502475127,0.3660380929244808,0.12765438529771714,0.004388766276698369,0.00940784898395465,-0.00026212203056986125,-0.008285359255295631,0.007805315349545621,0.1990080499670803,0.029851207495062045,True,0.7052821368379047,0.7208604268346979,0.015578289996793115,0.05091671706615179,21.361682200677148,0.718265014000213,0.6575593954632551,0.7208604268346979,0.775066913601515,7.351643365031182,14.010038835645965,0.7861338460062915,0.054206486766817163,0.054206486766817163,0.720860426834698,0.009353659040866158,0.036727071787011775,0.748679083520911,0.12741885540006784,0.0068736148176531675,0.039725044028670595,0.6101142139631907,0.08011961754298844,-0.007551589263200639,0.01609335053996624,0.6889038679752593,0.029924297360083965,-0.005334913152123564,0.026652420670529513,0.523981150778907,0.007169918892686769,-0.007169918892686769,0.009150439457718417,0.6603077069654664,0.0,0.0,0.0,0.7861338460062915,0.7052821368379047,0.015578289996793115,0.15172071776523433,camp_conservative,1.0,1.0,camp_conservative,1.0,0.0,0.0,0.0,0.1352320189789805,0.7219909404912844,0.03177708330527294,0.7052821368379047,0.015578289996793115,0.8059005865129306,0.04237869572183506,0.15172071776523433,0.3820549239197137,0.32322721291819106,-0.01441570994440097,0.35772475333348364,-0.0001872066879409273,0.004648024215126275,-0.005229400981833287,0.10899783563087605,-0.00043632053155082416,0.011339908040721748,-0.009604159608089611,0.23482657042675165,-0.003786968285772398,0.09898477692802012,-0.0003364539260281693,0.008561670741619608,-0.006293853869238663,0.1749164606834009,0.040290073834854855,1.0,0.0,A,A,0.507985725777244,0.7917877851493171,0.7917877851493171,A,0.8079447982637665,0.803822424815079,0.1352320189789805,1.0,0.7219909404912844,0.014526572876285379,0.803822424815079,0.803822424815079,0.803822424815079,0.28180568938304124,0.7599804558644723,0.803822424815079,0.8428169420834327,0.8135710541321675,0.7052821368379047,0.015578289996793115,0.0927106272974696,-0.00023779490872381283,-1.901244557068387e-05,-0.0001664863275364788,-0.0004232936818309755,0.0,0.813392541516305,0.2,0.7693994473328934,-0.008798618836682204,region,0.8,0.51424173585638,0.0,0.736718661197378,0.0,0.0,0.0,0.0,0.0,0.34096018862155625,0.0,0.0,0.0,0.5,mainstream_conservative,none,,0.0,0.0,-0.1748123728777725,1.0729098928495442,4.0,0.18755792425306544,0.0,1.0,4.0,1.0,0.1748123728777725,0.75,1.0,0.4499175987107237,1.0,0.0,-0.0,0.0,0.0,0.5544461587519176,A,B,asymmetric_two_bloc,0.03190395787404836,0.32490327877762565,0.0,0.09819524750282518,0.7461121746062654,0.017945857425084755,0.051683433390233055,0.0,-0.0,-0.0,0.019142374724429013,0.01435678104332176,0.023927968405536265,0.6,0.0,0.0,0.0,0.0,0.5544461587519176,structural_mega_shock_regime
pres_2012,sido_47,B,문재인,더불어민주당,316659.0,1691823.0,0.166649697126949,0.1871705620095202,-2.0520864882571184,2.0520864882571184,0.157469688678478,0.157469688678478,0.20821221485068284,0.10701880797321284,False,문재인,0.6666666666666666,0.326785,0.316005,0.26158,0.3457849999999999,0.20756,0.386155,0.10424,-0.004388473750785141,-0.009407221919435289,0.0002621045592620478,0.00828480700846131,-0.007804795099239046,0.0,0.0,True,0.10061844967502587,0.1274188554000678,0.026800405725041943,0.043151849908961426,21.02714605432295,0.1057120235812733,0.0818953802689459,0.1274188554000678,0.11387256800778077,7.351643365031182,13.675502689291768,0.7861338460062915,0.0,-0.01354628739228704,0.720860426834698,0.009353659040866158,0.036727071787011775,0.748679083520911,0.12741885540006784,0.0068736148176531675,0.039725044028670595,0.6101142139631907,0.08011961754298844,-0.007551589263200639,0.01609335053996624,0.6889038679752593,0.029924297360083965,-0.005334913152123564,0.026652420670529513,0.523981150778907,0.007169918892686769,-0.007169918892686769,0.009150439457718417,0.6603077069654664,0.0,0.0,0.0,0.7861338460062915,0.10061844967502587,0.026800405725041943,0.15172071776523433,camp_liberal,1.0,1.0,camp_liberal,0.0,1.0,0.0,0.0,-0.1352320189789805,0.6320949555807012,0.03365049969586788,0.10061844967502587,0.026800405725041943,0.8059005865129306,0.04237869572183506,0.15172071776523433,0.3235707860282462,-0.22295233635322032,0.01441570994440097,0.35589847823454746,0.0001872066879409273,0.004619332707625496,0.005229400981833287,0.1495934663340762,0.00043632053155082416,0.010266263750426318,0.009604159608089611,0.24056242070374834,0.003786968285772398,0.08854983173972554,0.0003364539260281693,0.008096734644323752,0.006293853869238663,0.13690231063766914,0.040290073834854855,0.9944888387521421,0.0,B,B,0.492014274222756,0.20821221485068284,0.20821221485068284,B,0.19205520173623344,0.19617757518492093,-0.1352320189789805,-1.0,0.6320949555807012,-0.06009597777029573,0.19617757518492093,0.19617757518492096,0.19617757518492093,0.7181943106169588,0.2400195441355277,0.19617757518492093,0.15718305791656723,0.18642894586783249,0.10061844967502587,0.026800405725041943,0.059010090467764675,0.00014804693944439075,0.00014273869206513887,0.0004624422216008634,0.0007532278531103931,0.0,0.1866074584836949,0.2,0.2306005526671064,0.008798618836682287,region,0.8,0.4655023942723948,0.0,0.7493331668169326,0.0,0.0,0.0,0.0,0.0,0.34096018862155625,0.0,0.0,0.0,0.5,mainstream_liberal,none,,0.0,0.0,0.0,0.0,0.0,0.0,0.0,0.0,0.0,0.0,0.0,0.75,0.8465843308107681,1.0,1.0,0.0,0.0,0.0,0.0,0.07909956882221858,A,B,asymmetric_two_bloc,0.03190395787404836,0.32490327877762565,0.0,0.09819524750282518,0.7461121746062654,0.017945857425084755,0.051683433390233055,0.0,-0.0,-0.0,-0.019142374724429013,-0.01435678104332176,-0.023927968405536265,0.6,0.0,0.0,0.0,0.0,0.07909956882221858,structural_mega_shock_regime
pres_2012,sido_48,A,박근혜,국민의힘,1259174.0,1984070.0,0.7136015350611034,0.634641853544265,7.89596815168383,7.89596815168383,0.723011392194015,0.723011392194015,0.6609463618132954,0.10701880797321284,False,박근혜,0.6667111051859752,0.34539412081053156,0.30964659272925293,0.24871331737519847,0.3449986863222137,0.17796806502475127,0.3660380929244808,0.12765438529771714,0.004388766276698369,0.00940784898395465,-0.00026212203056986125,-0.008285359255295631,0.007805315349545621,0.1990080499670803,0.029851207495062045,True,0.5535993794967337,0.5882525251560421,0.03465314565930844,0.06266932433109432,21.361682200677148,0.5535993794967337,0.6312767405570701,0.5882525251560421,0.6864474414597058,7.351643365031182,14.010038835645965,0.7861338460062915,0.09819491630366373,0.09819491630366373,0.5882525251560421,-0.02432267948135025,0.06263882759055733,0.7089817776599096,0.19417581684142857,0.06195934368572473,0.059158799424174575,0.5956697160280009,0.15836734144641196,-0.03379208600769676,0.03437872899651657,0.6564288631657333,0.028688284645758805,-0.004766782385445704,0.025123286416102255,0.5351401197671137,0.004026953404665191,-0.004026953404665191,0.00624506861845034,0.6952632804420368,0.0,0.0,0.0,0.7861338460062915,0.5535993794967337,0.03465314565930844,0.2175716580025293,camp_conservative,1.0,1.0,camp_conservative,1.0,0.0,0.0,0.0,0.07345571233980869,0.6925823653922477,0.05235921783741104,0.5535993794967337,0.03465314565930844,0.7033507660019115,0.07907757599555917,0.2175716580025293,0.3820549239197137,0.17154445557701997,-0.01441570994440097,0.35772475333348364,-0.0001872066879409273,0.004648024215126275,-0.005229400981833287,0.10899783563087605,-0.00043632053155082416,0.011339908040721748,-0.009604159608089611,0.23482657042675165,-0.003786968285772398,0.09898477692802012,-0.0003364539260281693,0.008561670741619608,-0.006293853869238663,0.1749164606834009,0.040290073834854855,1.0,0.0,A,A,0.507985725777244,0.6609463618132954,0.6609463618132954,A,0.6912087838813126,0.6745614269942969,0.07345571233980869,0.7345571233980869,0.6925823653922477,0.015057433541327696,0.6745614269942969,0.6745614269942969,0.6745614269942969,0.28180568938304124,0.6371968213885161,0.6745614269942969,0.7350179732517435,0.6896755635586584,0.5535993794967337,0.03465314565930844,0.10142303840261635,-0.00022018407873754297,-4.9889771375656915e-05,-0.00021485047631103623,-0.00048492432642423613,0.0,0.6893959258265083,0.2,0.6744299171289527,-0.00299320173951112,region,0.8,0.51424173585638,0.0,0.736718661197378,0.0,0.0,0.0,0.0,0.0,0.24408993931370912,0.0,0.0,0.0,0.5,mainstream_conservative,none,,0.0,0.0,-0.1748123728777725,1.0729098928495442,4.0,0.18755792425306544,0.0,1.0,4.0,1.0,0.1748123728777725,0.75,1.0,0.4499175987107237,1.0,0.0,-0.0,0.0,0.0,0.43520320935046375,A,B,asymmetric_two_bloc,0.03190395787404836,0.32490327877762565,0.0,0.09819524750282518,0.7461121746062654,0.017945857425084755,0.051683433390233055,0.0,-0.0,-0.0,0.019142374724429013,0.01435678104332176,0.023927968405536265,0.6,0.0,0.0,0.0,0.0,0.43520320935046375,structural_mega_shock_regime
pres_2012,sido_48,B,문재인,더불어민주당,724896.0,1984070.0,0.2863984649388967,0.365358146455735,-7.89596815168383,7.89596815168383,0.27698860780598494,0.27698860780598494,0.3390536381867047,0.10701880797321284,False,문재인,0.6666666666666666,0.326785,0.316005,0.26158,0.3457849999999999,0.20756,0.386155,0.10424,-0.004388473750785141,-0.009407221919435289,0.0002621045592620478,0.00828480700846131,-0.007804795099239046,0.0,0.0,True,0.14975138650517786,0.1941758168414286,0.044424430336250736,0.06096772905518838,20.86385788747094,0.16144789755666894,0.1067570975723237,0.1941758168414286,0.16327993169049765,7.351643365031182,13.512214522439757,0.7861338460062915,0.0,-0.030895885150930946,0.5882525251560421,-0.02432267948135025,0.06263882759055733,0.7089817776599096,0.19417581684142857,0.06195934368572473,0.059158799424174575,0.5956697160280009,0.15836734144641196,-0.03379208600769676,0.03437872899651657,0.6564288631657333,0.028688284645758805,-0.004766782385445704,0.025123286416102255,0.5351401197671137,0.004026953404665191,-0.004026953404665191,0.00624506861845034,0.6952632804420368,0.0,0.0,0.0,0.7861338460062915,0.14975138650517786,0.044424430336250736,0.2175716580025293,camp_liberal,1.0,1.0,camp_liberal,0.0,1.0,0.0,0.0,-0.07345571233980869,0.6189800201888467,0.05001463831931986,0.14975138650517786,0.044424430336250736,0.7033507660019115,0.07907757599555917,0.2175716580025293,0.3235707860282462,-0.17381939952306832,0.01441570994440097,0.35589847823454746,0.0001872066879409273,0.004619332707625496,0.005229400981833287,0.1495934663340762,0.00043632053155082416,0.010266263750426318,0.009604159608089611,0.24056242070374834,0.003786968285772398,0.08854983173972554,0.0003364539260281693,0.008096734644323752,0.006293853869238663,0.13690231063766914,0.040290073834854855,0.9944888387521421,0.0,B,B,0.492014274222756,0.3390536381867047,0.3390536381867047,B,0.30879121611868743,0.3254385730057031,-0.07345571233980869,-0.7345571233980869,0.6189800201888467,-0.04631721041314055,0.3254385730057031,0.3254385730057031,0.3254385730057031,0.7181943106169588,0.3628031786114839,0.3254385730057031,0.2649820267482566,0.3103244364413415,0.14975138650517786,0.044424430336250736,0.1161486195999129,0.0001323701414380129,0.00014214106994511088,0.0005468177703024678,0.0008213289816855915,0.0,0.3106040741734916,0.2,0.3255700828710473,0.0029932017395111754,region,0.8,0.4655023942723948,0.0,0.7493331668169326,0.0,0.0,0.0,0.0,0.0,0.24408993931370912,0.0,0.0,0.0,0.5,mainstream_liberal,none,,0.0,0.0,0.0,0.0,0.0,0.0,0.0,0.0,0.0,0.0,0.0,0.75,0.8465843308107681,1.0,1.0,0.0,0.0,0.0,0.0,0.11772463341809014,A,B,asymmetric_two_bloc,0.03190395787404836,0.32490327877762565,0.0,0.09819524750282518,0.7461121746062654,0.017945857425084755,0.051683433390233055,0.0,-0.0,-0.0,-0.019142374724429013,-0.01435678104332176,-0.023927968405536265,0.6,0.0,0.0,0.0,0.0,0.11772463341809014,structural_mega_shock_regime
pres_2012,sido_50,A,박근혜,국민의힘,166184.0,327419.0,0.5345281846672683,0.507557972282741,2.697021238452724,2.697021238452724,0.5426270709492624,0.5426270709492624,0.4513259362920973,0.10701880797321284,False,박근혜,0.6667111051859752,0.34539412081053156,0.30964659272925293,0.24871331737519847,0.3449986863222137,0.17796806502475127,0.3660380929244808,0.12765438529771714,0.004388766276698369,0.00940784898395465,-0.00026212203056986125,-0.008285359255295631,0.007805315349545621,0.1990080499670803,0.029851207495062045,True,0.3801703106367264,0.4039816385008068,0.02381132786408041,0.03587628706698052,11.158270961385261,0.3801703106367264,0.3993368555017201,0.4039816385008068,0.41942653898727145,2.940588729033085,8.217682232352177,0.5951899440147457,0.01544490048646463,0.01544490048646463,0.40398163850080676,-0.003556314723080989,0.02722134000349824,0.5595015670878897,0.35525171952880463,0.04009098510509784,0.03349154718118531,0.5460011777957783,0.13916965369258888,0.00676744092068543,0.010115634799226447,0.5633628301394451,0.05375026392726475,-0.023012114511021652,0.025921181570135066,0.44648645138227655,0.0,0.0,0.0,0.5951899440147457,0.0,0.0,0.0,0.5951899440147457,0.3801703106367264,0.02381132786408041,0.2146544420017631,camp_conservative,1.0,1.0,camp_conservative,1.0,0.0,0.0,0.0,-0.009530122055542115,0.5545620459800714,0.023967213406059503,0.3801703106367264,0.02381132786408041,0.7081084649193261,0.07723709307891086,0.2146544420017631,0.3820549239197137,-0.0018846132829872797,-0.01441570994440097,0.35772475333348364,-0.0001872066879409273,0.004648024215126275,-0.005229400981833287,0.10899783563087605,-0.00043632053155082416,0.011339908040721748,-0.009604159608089611,0.23482657042675165,-0.003786968285772398,0.09898477692802012,-0.0003364539260281693,0.008561670741619608,-0.006293853869238663,0.1749164606834009,0.040290073834854855,1.0,0.0,A,A,0.507985725777244,0.4513259362920973,0.4513259362920973,A,0.469068180909592,0.4499887803439202,-0.009530122055542115,-0.09530122055542115,0.5545620459800714,-0.001540576147680965,0.4499887803439202,0.4499887803439202,0.4499887803439202,0.28180568938304124,0.4624270059052099,0.4499887803439202,0.5005737290525849,0.4626350175210864,0.3801703106367264,0.02381132786408041,0.05865337902027956,-0.0002254108682210719,-5.11044596925297e-05,-0.0001852247755486756,-0.00046174010346227725,0.0,0.46234864013584404,0.15,0.46470768165694465,0.00035385622816508366,region,0.6,0.51424173585638,0.0,0.736718661197378,0.0,0.0,0.0,0.0,0.0,0.10837436253878603,0.0,0.0,0.0,0.5,mainstream_conservative,none,,0.0,0.0,-0.1748123728777725,1.0729098928495442,4.0,0.18755792425306544,0.0,1.0,4.0,1.0,0.1748123728777725,0.75,1.0,0.4499175987107237,1.0,0.0,-0.0,0.0,0.0,0.22627354590394166,A,B,asymmetric_two_bloc,0.03190395787404836,0.32490327877762565,0.0,0.09819524750282518,0.7461121746062654,0.017945857425084755,0.051683433390233055,0.0,-0.0,-0.0,0.019142374724429013,0.01435678104332176,0.023927968405536265,0.6,0.0,0.0,0.0,0.0,0.22627354590394166,structural_mega_shock_regime
pres_2012,sido_50,B,문재인,더불어민주당,161235.0,327419.0,0.4654718153327318,0.492442027717259,-2.697021238452724,2.697021238452724,0.4573729290507377,0.4573729290507377,0.5486740637079027,0.10701880797321284,False,문재인,0.6666666666666666,0.326785,0.316005,0.26158,0.3457849999999999,0.20756,0.386155,0.10424,-0.004388473750785141,-0.009407221919435289,0.0002621045592620478,0.00828480700846131,-0.007804795099239046,0.0,0.0,True,0.32793815428259965,0.3813639194974301,0.053425765214830445,0.055174543155926514,11.590467240811776,0.32595565216018735,0.3926103750937381,0.35525171952880463,0.48151389906934267,2.940588729033085,8.649878511778692,0.5951899440147457,0.12626217954053803,0.12626217954053803,0.40398163850080676,-0.003556314723080989,0.02722134000349824,0.5595015670878897,0.35525171952880463,0.04009098510509784,0.03349154718118531,0.5460011777957783,0.13916965369258888,0.00676744092068543,0.010115634799226447,0.5633628301394451,0.05375026392726475,-0.023012114511021652,0.025921181570135066,0.44648645138227655,0.0,0.0,0.0,0.5951899440147457,0.0,0.0,0.0,0.5951899440147457,0.32793815428259965,0.053425765214830445,0.2146544420017631,camp_liberal,1.0,1.0,camp_liberal,0.0,1.0,0.0,0.0,0.009530122055542115,0.5457326097426789,0.02802090833819966,0.32793815428259965,0.053425765214830445,0.7081084649193261,0.07723709307891086,0.2146544420017631,0.3235707860282462,0.004367368254353465,0.01441570994440097,0.35589847823454746,0.0001872066879409273,0.004619332707625496,0.005229400981833287,0.1495934663340762,0.00043632053155082416,0.010266263750426318,0.009604159608089611,0.24056242070374834,0.003786968285772398,0.08854983173972554,0.0003364539260281693,0.008096734644323752,0.006293853869238663,0.13690231063766914,0.040290073834854855,0.9944888387521421,0.0,B,B,0.492014274222756,0.5486740637079027,0.5486740637079027,B,0.530931819090408,0.5500112196560798,0.009530122055542115,0.09530122055542115,0.5457326097426789,0.0038606523951087443,0.5500112196560798,0.5500112196560798,0.5500112196560798,0.7181943106169588,0.5375729940947901,0.5500112196560798,0.49942627094741504,0.5373649824789136,0.32793815428259965,0.053425765214830445,0.15600106298148353,0.00016740088208753583,9.87177111322167e-05,0.00042413365773203614,0.0006902522509517887,0.0,0.5376513598641559,0.15,0.5352923183430554,-0.00035385622816508366,region,0.6,0.4655023942723948,0.0,0.7493331668169326,0.0,0.0,0.0,0.0,0.0,0.10837436253878603,0.0,0.0,0.0,0.5,mainstream_liberal,none,,0.0,0.0,0.0,0.0,0.0,0.0,0.0,0.0,0.0,0.0,0.0,0.75,0.8465843308107681,1.0,1.0,0.0,0.0,0.0,0.0,0.19400552636051183,A,B,asymmetric_two_bloc,0.03190395787404836,0.32490327877762565,0.0,0.09819524750282518,0.7461121746062654,0.017945857425084755,0.051683433390233055,0.0,-0.0,-0.0,-0.019142374724429013,-0.01435678104332176,-0.023927968405536265,0.6,0.0,0.0,0.0,0.0,0.19400552636051183,structural_mega_shock_regime
pres_2017,sido_11,A,문재인,더불어민주당,2781345.0,5639397.0,0.4553458303788391,0.4931991608590361,-3.785333048019707,3.785333048019707,0.4480226496029252,0.4480226496029252,0.38802090743686074,0.10701880797321284,False,문재인,0.6666444429628642,0.3435443544354435,0.3166066606660666,0.2367086708670867,0.3438843884388439,0.204045404540454,0.3703320332033203,0.0727322732273227,-0.009415431051074745,-0.013248292714980103,-0.0016120873233612593,0.00687410118584376,-0.008758642823471134,0.0,0.0,True,0.34637897226998665,0.3798492578398946,0.03347028556990794,0.06841726715869247,26.560661340989228,0.34637897226998665,0.3826735105976175,0.3798492578398946,0.4490220341775728,9.807755693286081,16.752905647703145,0.8306198017683237,0.06917277633767821,0.06917277633767821,0.4416521790291939,-0.13157987839754282,0.06127560534445721,0.7270979761050129,0.37984925783989465,-0.11500266358656897,0.06988001320095094,0.6955870626070962,0.08607177065237823,0.013121561710440571,0.023571976497725983,0.6867299240077999,0.06591722196625777,0.22248007455015523,0.07492959214923463,0.29370214689478463,0.0034978930277693343,-0.0034978930277693343,0.005520025942169305,0.7449146908874018,0.0,0.0,0.0,0.8306198017683237,0.34637897226998665,0.03347028556990794,0.11088913951502488,camp_liberal,1.0,1.0,camp_liberal,0.0,0.8317347674225204,0.0,0.0,0.006456546227778678,0.6798148053505289,0.060995799902647134,0.34637897226998665,0.027838400184052724,0.7708421362083572,0.11826872427661797,0.11088913951502488,0.315911080501429,0.03046789176855763,0.11131056771045314,0.19509385031919735,0.003796909673579825,0.0076041287714295434,0.07501881937242404,0.16230408289258566,0.0038440148335787214,0.007106836594670592,0.11237262037569101,0.2196529496547078,0.1603003550223901,0.3264581704245507,0.004438111606209547,0.009238356012358355,0.0330742353184047,0.059436308700838554,0.5041556339127311,0.9868946833703386,0.0,A,A,0.4007862741830484,0.38802090743686074,0.38391733895816554,A,0.4612773933417658,0.3884994632646977,0.006456546227778678,0.06456546227778678,0.6798148053505289,0.0007862566812878156,0.3884994632646976,0.3822354042835236,0.3884994632646977,0.21997874247369104,0.39678883097482964,0.3884994632646977,0.42292962902336584,0.3928032339845311,0.3402819376358384,0.032881134649466105,0.019640161699226576,0.0030977776251924494,0.001018732702638672,0.000874182104405712,0.004990692432236833,0.0,0.3949762699942457,0.0,0.3949762699942457,0.0,none,0.0,0.5813581831232747,0.0,0.7895535005436113,0.0,0.0,0.0,0.0017777773999896856,0.0017777773999896856,0.10444346475996587,0.0,-0.0009229833639985478,-0.0003664518638608061,0.5,mainstream_liberal,none,,0.0,0.0,0.0,0.0,0.0,0.0,0.0,0.0,0.0,0.0,0.0,2.0,0.8514394163236539,0.2924023980820645,0.8514394163236539,0.12011643286355546,0.0,0.0,0.0,0.28264491558442123,A,B,rupture_landslide,1.0,1.0,1.0,1.0,0.8082271806109083,0.026081025309583866,0.16393555360047884,0.10167156077441027,0.0,0.10167156077441027,0.6333333333333333,0.475,0.7916666666666666,0.6333333333333333,0.0015408551162391583,0.0,0.0015408551162391583,0.10167156077441027,0.28264491558442123,structural_mega_shock_regime
pres_2017,sido_11,B,홍준표,국민의힘,1365285.0,5639397.0,0.3453589189269989,0.2420975262580998,10.326139266889903,10.326139266889903,0.35139632645101615,0.35139632645101615,0.38425813077221477,0.10701880797321284,False,홍준표,0.6666666666666666,0.36412411922400745,0.3093711064004138,0.22938230994363146,0.34680305574128156,0.18043101793091204,0.3606690416160095,0.08919389026064728,0.011293843363381312,0.005325080553175959,0.0003336371366455815,-0.00421812905348499,0.002215476548119405,0.2758187104953747,0.041372806574306205,True,0.4244631639383705,0.44165217902919396,0.017189015090823434,0.06063401961460704,26.560661340989228,0.4244631639383705,0.4302973865866549,0.44165217902919396,0.47672831826245826,9.807755693286081,16.752905647703145,0.8306198017683237,0.0350761392332643,0.0350761392332643,0.4416521790291939,-0.13157987839754282,0.06127560534445721,0.7270979761050129,0.37984925783989465,-0.11500266358656897,0.06988001320095094,0.6955870626070962,0.08607177065237823,0.013121561710440571,0.023571976497725983,0.6867299240077999,0.06591722196625777,0.22248007455015523,0.07492959214923463,0.29370214689478463,0.0034978930277693343,-0.0034978930277693343,0.005520025942169305,0.7449146908874018,0.0,0.0,0.0,0.8306198017683237,0.4244631639383705,0.017189015090823434,0.11088913951502488,camp_conservative,1.0,1.0,camp_conservative,0.817917641221915,0.0,0.0,0.0,-0.001719428344014437,0.7002467911494161,0.055442500303119244,0.4244631639383705,0.014059198678014204,0.7708421362083572,0.11826872427661797,0.11088913951502488,0.3874899205867074,0.03697324335166313,-0.05565374571412243,0.23818067971898355,-0.002192842643930992,0.007385079794474782,-0.03913242596699117,0.10743433745203199,-0.0026477068450772574,0.0101775475945622,-0.06276943651897891,0.22110282917225924,-0.0989436530042192,0.3247278486130897,-0.002428415903305675,0.007467706989213047,-0.018652164248390026,0.07571451122424237,0.28242039084501563,0.9921905405588568,0.0,B,B,0.3946450898135342,0.38425813077221477,0.38019435605570473,B,0.31462287877234457,0.3844296666219398,-0.001719428344014437,-0.01719428344014437,0.7002467911494161,-0.0,0.38442966662193967,0.4244631639383705,0.3844296666219398,3.3123305848109263e-09,0.42446316469741713,0.3844296666219398,0.48428125396494864,0.3969111150398158,0.36239024260972075,0.014675316678104223,0.019845555751990828,-0.0018434073989875778,-0.0002509325992723204,-0.00048519670090658984,-0.002579536699166488,0.0,0.3960969531317135,0.0,0.3960969531317135,0.0,none,0.0,0.4568532261251309,0.0,0.788292640885175,0.0,0.0,0.0,0.0,0.0,0.10444346475996587,0.0007232802307134671,-0.0005613432486418143,-0.00022270683103181588,0.5,mainstream_conservative,none,regime_change,-0.25483165958519005,-0.10193266383407602,-0.14531178841661335,0.6814615485405814,3.0,0.09902439635558664,0.0,1.0,3.0,0.75,0.12584370023813649,2.0,1.0,0.0,1.0,0.0,-0.0,-0.10193266383407602,-0.10193266383407602,0.301008511479261,A,B,rupture_landslide,1.0,1.0,1.0,1.0,0.8082271806109083,0.026081025309583866,0.16393555360047884,0.10167156077441027,0.0,0.10167156077441027,-0.6333333333333333,-0.475,-0.7916666666666666,0.6333333333333333,0.0,0.0015408551162391583,-0.0015408551162391583,0.10167156077441027,0.301008511479261,structural_mega_shock_regime
pres_2017,sido_11,C,안철수,제3지대,1492767.0,5639397.0,0.199295250694162,0.2647033128828638,-6.540806218870182,6.540806218870182,0.2005810239460587,0.2005810239460587,0.22772096179092455,0.10701880797321284,False,안철수,0.6667111051859752,0.3678264347130574,0.3068986202759448,0.2314637072585482,0.3482203559288142,0.1825784843031394,0.3632073585282943,0.0956858628274345,-0.0018782236230871518,0.007924181988891337,0.0012785891505662467,-0.0026563783484595286,0.006543894431705191,0.0,0.0,False,0.0,0.12113923675335557,0.0676094236158866,0.08900022959385981,14.015293661109137,0.0,0.0,0.12113923675335557,0.08690953409541924,4.5751697476367434,9.440123913472394,0.695825343411272,0.0,-0.03422970265793633,0.4416521790291939,-0.13157987839754282,0.06127560534445721,0.7270979761050129,0.37984925783989465,-0.11500266358656897,0.06988001320095094,0.6955870626070962,0.08607177065237823,0.013121561710440571,0.023571976497725983,0.6867299240077999,0.06591722196625777,0.22248007455015523,0.07492959214923463,0.29370214689478463,0.0034978930277693343,-0.0034978930277693343,0.005520025942169305,0.7449146908874018,0.0,0.0,0.0,0.8306198017683237,0.0,0.0676094236158866,0.11088913951502488,camp_centrist,1.0,1.0,camp_centrist,0.1820823587780849,0.1682652325774796,1.0,1.0,-0.004737117883764241,0.41870571108419985,0.06424229378576925,0.0,0.07637112541455104,0.7708421362083572,0.11826872427661797,0.11088913951502488,0.0,0.0,-0.0556568219963307,0.3094309705335324,-0.0016040670296488331,0.006790518285597576,-0.03588639340543286,0.12411087733773839,-0.001196307988501464,0.006310997857285507,-0.049603183856712106,0.22454294973364314,-0.06135670201817089,0.24288730177951046,-0.002009695702903872,0.007707534398695687,-0.01442207107001467,0.07821885007399683,0.22173524306771542,1.0,0.0,C,C,0.2045686360034174,0.22772096179092455,0.2358883049861298,C,0.22409972788588967,0.2270708701133627,-0.004737117883764241,-0.047371178837642414,0.41870571108419985,-0.0033051639926790495,0.22707087011336263,0.1933014317781059,0.2270708701133627,0.7800212542139785,0.17874800432775328,0.2270708701133627,0.09278911701168535,0.210285650975653,0.0,0.0676094236158866,0.1426762273597664,0.0,-0.001730757345872001,-0.0052784362234679465,-0.007009193569339947,0.0,0.20892677687404068,0.0,0.20892677687404068,0.0,none,0.0,0.4707398923761571,0.207798089713997,0.6976477399744653,0.0676094236158866,0.026294816682506824,0.0017777773999896856,0.0,-0.0017777773999896856,0.10444346475996587,0.007528289474294274,0.002841161373148589,0.0005891586948923999,0.5,party:국민의당,none,,0.0,0.0,0.0,0.0,0.0,0.0,0.0,0.0,0.0,0.0,0.0,2.0,0.3593302733829944,0.5503003916764837,0.5503003916764837,0.3044695175348371,0.0,0.0,0.0,0.0,A,B,rupture_landslide,1.0,1.0,1.0,1.0,0.8082271806109083,0.026081025309583866,0.16393555360047884,0.10167156077441027,0.0,0.10167156077441027,0.0,0.0,0.0,0.6333333333333333,0.0,0.0,0.0,0.0,0.0,structural_mega_shock_regime
pres_2017,sido_26,A,문재인,더불어민주당,872127.0,1971518.0,0.3768906053761467,0.4423630876954033,-6.547248231925656,6.547248231925656,0.37908825130767,0.37908825130767,0.33250059202404875,0.10701880797321284,False,문재인,0.6666444429628642,0.3435443544354435,0.3166066606660666,0.2367086708670867,0.3438843884388439,0.204045404540454,0.3703320332033203,0.0727322732273227,-0.009415431051074745,-0.013248292714980103,-0.0016120873233612593,0.00687410118584376,-0.008758642823471134,0.0,0.0,True,0.22944500275510277,0.27246699394367513,0.04302199118857236,0.0684222120158894,25.54583024453068,0.2431144429418234,0.1624117378474313,0.27246699394367513,0.26340062650589435,9.807755693286081,15.7380745512446,0.8306198017683237,0.0,-0.009066367437780776,0.5590828390511438,-0.14310503384282813,0.07452358183205676,0.728990337269143,0.2724669939436752,0.00019108188180860797,0.06128291457827034,0.6727654994217117,0.09573976650087883,-0.026013691716327225,0.027940760944365147,0.6713760354711906,0.04984554857939239,0.1534846783400468,0.054732308205327845,0.3752991626545708,0.001759255455701431,-0.001759255455701431,0.003032136846193551,0.7819608153909937,0.0,0.0,0.0,0.8306198017683237,0.22944500275510277,0.04302199118857236,0.11118651790004364,camp_liberal,1.0,1.0,camp_liberal,0.0,0.8317347674225204,0.0,0.0,-0.02833765535211406,0.6692512422118674,0.05452157317419691,0.22944500275510277,0.035782885835280956,0.7528334357614377,0.13598004633851862,0.11118651790004364,0.315911080501429,-0.08646607774632625,0.11131056771045314,0.19509385031919735,0.003796909673579825,0.0076041287714295434,0.07501881937242404,0.16230408289258566,0.0038440148335787214,0.007106836594670592,0.11237262037569101,0.2196529496547078,0.1603003550223901,0.3264581704245507,0.004438111606209547,0.009238356012358355,0.0330742353184047,0.059436308700838554,0.5041556339127311,0.9868946833703386,0.0,A,A,0.4007862741830484,0.33250059202404875,0.3292677032803333,A,0.4146856350523123,0.3311735391039671,-0.02833765535211406,-0.2833765535211406,0.6692512422118674,-0.009844135575828307,0.3311735391039671,0.31067247868048803,0.3311735391039671,0.21997874247369104,0.2838163927378445,0.3311735391039671,0.3092890265772792,0.32843797503813105,0.22944500275510277,0.04302199118857236,0.05597098109445592,0.002498110436056146,0.0015941370226023536,0.0029794867681255926,0.007071734226784092,0.0,0.3308713110695258,0.0,0.3308713110695258,0.0,none,0.0,0.5813581831232747,0.0,0.7895535005436113,0.0,0.0,0.0,0.0015057371557909858,0.0015057371557909858,0.1887433611500538,0.002661489187643563,0.0008884356337854997,0.0002953614542198224,0.5,mainstream_liberal,none,,0.0,0.0,0.0,0.0,0.0,0.0,0.0,0.0,0.0,0.0,0.0,2.0,0.8514394163236539,0.2924023980820645,0.8514394163236539,0.12011643286355546,0.0,0.0,0.0,0.19058156270517596,A,B,rupture_landslide,1.0,1.0,1.0,1.0,0.8082271806109083,0.026081025309583866,0.16393555360047884,0.10167156077441027,0.0,0.10167156077441027,0.6333333333333333,0.475,0.7916666666666666,0.6333333333333333,0.00268015281416654,0.0,0.00268015281416654,0.10167156077441027,0.19058156270517596,structural_mega_shock_regime
pres_2017,sido_26,B,홍준표,국민의힘,720484.0,1971518.0,0.4374521740931758,0.3654460754795887,7.200609861358709,7.200609861358709,0.4355985789604615,0.4355985789604615,0.4583191589390176,0.10701880797321284,False,홍준표,0.6666666666666666,0.36412411922400745,0.3093711064004138,0.22938230994363146,0.34680305574128156,0.18043101793091204,0.3606690416160095,0.08919389026064728,0.011293843363381312,0.005325080553175959,0.0003336371366455815,-0.00421812905348499,0.002215476548119405,0.2758187104953747,0.041372806574306205,True,0.523388433006335,0.5590828390511438,0.03569440604480878,0.07407722891100917,26.05014405148222,0.523388433006335,0.6000711479287796,0.5590828390511438,0.6537841179835339,9.807755693286081,16.242388358196138,0.8306198017683237,0.09470127893239011,0.09470127893239011,0.5590828390511438,-0.14310503384282813,0.07452358183205676,0.728990337269143,0.2724669939436752,0.00019108188180860797,0.06128291457827034,0.6727654994217117,0.09573976650087883,-0.026013691716327225,0.027940760944365147,0.6713760354711906,0.04984554857939239,0.1534846783400468,0.054732308205327845,0.3752991626545708,0.001759255455701431,-0.001759255455701431,0.003032136846193551,0.7819608153909937,0.0,0.0,0.0,0.8306198017683237,0.523388433006335,0.03569440604480878,0.11118651790004364,camp_conservative,1.0,1.0,camp_conservative,0.817917641221915,0.0,0.0,0.0,0.043808273928172145,0.7059475663196177,0.06321756815662018,0.523388433006335,0.029195084396987262,0.7528334357614377,0.13598004633851862,0.11118651790004364,0.3874899205867074,0.13589851241962758,-0.05565374571412243,0.23818067971898355,-0.002192842643930992,0.007385079794474782,-0.03913242596699117,0.10743433745203199,-0.0026477068450772574,0.0101775475945622,-0.06276943651897891,0.22110282917225924,-0.0989436530042192,0.3247278486130897,-0.002428415903305675,0.007467706989213047,-0.018652164248390026,0.07571451122424237,0.28242039084501563,0.9921905405588568,0.0,B,B,0.3946450898135342,0.4583191589390176,0.4538629417607458,B,0.37801965671613874,0.4610058880559891,0.043808273928172145,0.4380827392817214,0.7059475663196177,0.0,0.4610058880559891,0.523388433006335,0.4610058880559891,3.3123305848109263e-09,0.5233884338250323,0.4610058880559891,0.6103404784755065,0.4796727118584287,0.42659580102563366,0.02909327523987355,0.023983635592921482,-0.0017956002425340836,-0.00041163326869064006,-0.00048519670090658995,-0.0026924302121313134,0.0,0.47853117517143823,0.0,0.47853117517143823,0.0,none,0.0,0.4568532261251309,0.0,0.788292640885175,0.0,0.0,0.0,0.0,0.0,0.1887433611500538,0.0,-0.00044230896003628184,-0.0002117058189993748,0.5,mainstream_conservative,none,regime_change,-0.25483165958519005,-0.10193266383407602,-0.14531178841661335,0.6814615485405814,3.0,0.09902439635558664,0.0,1.0,3.0,0.75,0.12584370023813649,2.0,1.0,0.0,1.0,0.0,-0.0,-0.10193266383407602,-0.10193266383407602,0.3543389196831111,A,B,rupture_landslide,1.0,1.0,1.0,1.0,0.8082271806109083,0.026081025309583866,0.16393555360047884,0.10167156077441027,0.0,0.10167156077441027,-0.6333333333333333,-0.475,-0.7916666666666666,0.6333333333333333,0.0,0.00268015281416654,-0.00268015281416654,0.10167156077441027,0.3543389196831111,structural_mega_shock_regime
pres_2017,sido_26,C,안철수,제3지대,378907.0,1971518.0,0.1856572205306774,0.1921908368250079,-0.6533616294330552,0.6533616294330552,0.18531316973186857,0.18531316973186857,0.20918024903693366,0.10701880797321284,False,안철수,0.6667111051859752,0.3678264347130574,0.3068986202759448,0.2314637072585482,0.3482203559288142,0.1825784843031394,0.3632073585282943,0.0956858628274345,-0.0018782236230871518,0.007924181988891337,0.0012785891505662467,-0.0026563783484595286,0.006543894431705191,0.0,0.0,False,0.0,0.09160355261256019,0.057263649105137475,0.06571586368555446,12.878414860008998,0.0,0.0,0.09160355261256019,0.08161299867096804,4.5751697476367434,8.303245112372254,0.695825343411272,0.0,-0.00999055394159215,0.5590828390511438,-0.14310503384282813,0.07452358183205676,0.728990337269143,0.2724669939436752,0.00019108188180860797,0.06128291457827034,0.6727654994217117,0.09573976650087883,-0.026013691716327225,0.027940760944365147,0.6713760354711906,0.04984554857939239,0.1534846783400468,0.054732308205327845,0.3752991626545708,0.001759255455701431,-0.001759255455701431,0.003032136846193551,0.7819608153909937,0.0,0.0,0.0,0.8306198017683237,0.0,0.057263649105137475,0.11118651790004364,camp_centrist,1.0,1.0,camp_centrist,0.1820823587780849,0.1682652325774796,1.0,1.0,-0.015470618576058092,0.47625779450861033,0.05029172930417222,0.0,0.0710020761062504,0.7528334357614377,0.13598004633851862,0.11118651790004364,0.0,0.0,-0.0556568219963307,0.3094309705335324,-0.0016040670296488331,0.006790518285597576,-0.03588639340543286,0.12411087733773839,-0.001196307988501464,0.006310997857285507,-0.049603183856712106,0.22454294973364314,-0.06135670201817089,0.24288730177951046,-0.002009695702903872,0.007707534398695687,-0.01442207107001467,0.07821885007399683,0.22173524306771542,1.0,0.0,C,C,0.2045686360034174,0.20918024903693366,0.21686935495892093,C,0.20729470823154897,0.20782057284004385,-0.015470618576058092,-0.1547061857605809,0.47625779450861033,-0.012366259287300464,0.20782057284004385,0.16593908831317705,0.20782057284004385,0.7800212542139785,0.19279517343712327,0.20782057284004385,0.08037049494721434,0.19188931310344012,0.0,0.057263649105137475,0.13462566399830264,0.0,-0.0016064485500118183,-0.005458085954321776,-0.007064534504333594,0.0,0.190597513759036,0.0,0.190597513759036,0.0,none,0.0,0.4707398923761571,0.207798089713997,0.6976477399744653,0.057263649105137475,0.026294816682506824,0.0015057371557909858,0.0,-0.0015057371557909858,0.1887433611500538,0.0,-0.00044230896003628184,-8.365563522061414e-05,0.5,party:국민의당,none,,0.0,0.0,0.0,0.0,0.0,0.0,0.0,0.0,0.0,0.0,0.0,2.0,0.3593302733829944,0.5503003916764837,0.5503003916764837,0.3044695175348371,0.0,0.0,0.0,0.0,A,B,rupture_landslide,1.0,1.0,1.0,1.0,0.8082271806109083,0.026081025309583866,0.16393555360047884,0.10167156077441027,0.0,0.10167156077441027,0.0,0.0,0.0,0.6333333333333333,0.0,0.0,0.0,0.0,0.0,structural_mega_shock_regime
pres_2017,sido_27,A,문재인,더불어민주당,342620.0,1292582.0,0.270155556997243,0.2650667712530389,0.5088785744204127,0.5088785744204127,0.27771842350698656,0.27771842350698656,0.2445996409212589,0.10701880797321284,False,문재인,0.6666444429628642,0.3435443544354435,0.3166066606660666,0.2367086708670867,0.3438843884388439,0.204045404540454,0.3703320332033203,0.0727322732273227,-0.009415431051074745,-0.013248292714980103,-0.0016120873233612593,0.00687410118584376,-0.008758642823471134,0.0,0.0,True,0.12366986617867272,0.1593524927824983,0.03568262660382558,0.05757041160031013,24.778200840657817,0.13357138459828682,0.0751140293525991,0.1593524927824983,0.14026856767076976,9.807755693286081,14.970445147371736,0.8306198017683237,0.0,-0.019083925111728545,0.7007278980701501,-0.16342274870477203,0.06946705406107727,0.7537601155598198,0.15935249278249833,0.011407011696421165,0.053826376129505964,0.6170601098039817,0.06497092406277785,0.008540526602285048,0.02150932735324319,0.6752233537710424,0.047628457737767464,0.12663269686941292,0.05206634750816013,0.3876409793209582,0.001309985782189721,-0.001309985782189721,0.0020878330472135285,0.7968214008261856,0.0,0.0,0.0,0.8306198017683237,0.12184055417336916,0.03515481284252631,0.09999999999999998,camp_liberal,1.0,1.0,camp_liberal,0.0,0.8317347674225204,0.0,0.0,-0.08720240388901064,0.6324417089193297,0.04830173353235799,0.12184055417336916,0.029239480083360855,0.8040689642531581,0.09593103574684195,0.09999999999999998,0.315911080501429,-0.19407052632805988,0.11131056771045314,0.19509385031919735,0.003796909673579825,0.0076041287714295434,0.07501881937242404,0.16230408289258566,0.0038440148335787214,0.007106836594670592,0.11237262037569101,0.2196529496547078,0.1603003550223901,0.3264581704245507,0.004438111606209547,0.009238356012358355,0.0330742353184047,0.059436308700838554,0.5041556339127311,0.9868946833703386,0.0,A,A,0.4007862741830484,0.2445996409212589,0.24236692768571813,A,0.3195543824839603,0.23700371995041486,-0.08720240388901064,-0.8720240388901064,0.6324417089193297,-0.046502725754003285,0.23700371995041486,0.19448787342713192,0.23700371995041486,0.21997874247369104,0.16494121702852724,0.23700371995041486,0.18069573901093697,0.2299652223329801,0.12184055417336916,0.03515481284252631,0.07296985531708464,0.0018945937455908497,0.001860420577773659,0.005547703346804812,0.009302717670169321,0.0,0.23224648376261017,0.0,0.23224648376261017,0.0,none,0.0,0.5813581831232747,0.0,0.7895535005436113,0.0,0.0,0.0,0.0013842072769470306,0.0013842072769470306,0.34449172242102444,0.0,0.0,2.7755575615628914e-17,0.5,mainstream_liberal,none,,0.0,0.0,0.0,0.0,0.0,0.0,0.0,0.0,0.0,0.0,0.0,2.0,0.8514394163236539,0.2924023980820645,0.8514394163236539,0.12011643286355546,0.0,0.0,0.0,0.1012031769548266,A,B,rupture_landslide,1.0,1.0,1.0,1.0,0.8082271806109083,0.026081025309583866,0.16393555360047884,0.10167156077441027,0.0,0.10167156077441027,0.6333333333333333,0.475,0.7916666666666666,0.6333333333333333,0.002406656910161775,0.0,0.002406656910161775,0.10167156077441027,0.1012031769548266,structural_mega_shock_regime
pres_2017,sido_27,B,홍준표,국민의힘,714205.0,1292582.0,0.5593863177492727,0.5525412539646193,0.6845063784653438,0.6845063784653438,0.5490347885653574,0.5490347885653574,0.559137265442044,0.10701880797321284,False,홍준표,0.6666666666666666,0.36412411922400745,0.3093711064004138,0.22938230994363146,0.34680305574128156,0.18043101793091204,0.3606690416160095,0.08919389026064728,0.011293843363381312,0.005325080553175959,0.0003336371366455815,-0.00421812905348499,0.002215476548119405,0.2758187104953747,0.041372806574306205,True,0.6924713758097568,0.7007278980701501,0.008256522260393306,0.07339724455328298,26.05014405148222,0.6924713758097568,0.7265184848557809,0.7007278980701501,0.785705412758374,9.807755693286081,16.242388358196138,0.8306198017683237,0.0849775146882239,0.0849775146882239,0.7007278980701501,-0.16342274870477203,0.06946705406107727,0.7537601155598198,0.15935249278249833,0.011407011696421165,0.053826376129505964,0.6170601098039817,0.06497092406277785,0.008540526602285048,0.02150932735324319,0.6752233537710424,0.047628457737767464,0.12663269686941292,0.05206634750816013,0.3876409793209582,0.001309985782189721,-0.001309985782189721,0.0020878330472135285,0.7968214008261856,0.0,0.0,0.0,0.8306198017683237,0.682228410079789,0.00813439262801243,0.09999999999999998,camp_conservative,1.0,1.0,camp_conservative,0.817917641221915,0.0,0.0,0.0,0.11078845752823459,0.7216924317309463,0.058565028524361726,0.682228410079789,0.00665326323107686,0.8040689642531581,0.09593103574684195,0.09999999999999998,0.3874899205867074,0.29473848949308157,-0.05565374571412243,0.23818067971898355,-0.002192842643930992,0.007385079794474782,-0.03913242596699117,0.10743433745203199,-0.0026477068450772574,0.0101775475945622,-0.06276943651897891,0.22110282917225924,-0.0989436530042192,0.3247278486130897,-0.002428415903305675,0.007467706989213047,-0.018652164248390026,0.07571451122424237,0.28242039084501563,0.9921905405588568,0.0,B,B,0.3946450898135342,0.559137265442044,0.5540334428512397,B,0.4813465037124635,0.567562460523376,0.11078845752823459,1.0,0.7216924317309463,0.0,0.567562460523376,0.682228410079789,0.567562460523376,3.3123305848109263e-09,0.6822284107287773,0.567562460523376,0.7471190487601389,0.5900070340529714,0.5539023557455593,0.006604326604763415,0.029500351702648628,-0.0018954577764127786,-7.596861655055666e-05,-0.00048519670090658984,-0.002456623093869925,0.0,0.5888940378262125,0.0,0.5888940378262125,0.0,none,0.0,0.4568532261251309,0.0,0.788292640885175,0.0,0.0,0.0,0.0,0.0,0.34449172242102444,0.0,0.0,1.1102230246251565e-16,0.5,mainstream_conservative,none,regime_change,-0.25483165958519005,-0.10193266383407602,-0.14531178841661335,0.6814615485405814,3.0,0.09902439635558664,0.0,1.0,3.0,0.75,0.12584370023813649,2.0,1.0,0.0,1.0,0.0,-0.0,-0.10193266383407602,-0.10193266383407602,0.46008226492838405,A,B,rupture_landslide,1.0,1.0,1.0,1.0,0.8082271806109083,0.026081025309583866,0.16393555360047884,0.10167156077441027,0.0,0.10167156077441027,-0.6333333333333333,-0.475,-0.7916666666666666,0.6333333333333333,0.0,0.002406656910161775,-0.002406656910161775,0.10167156077441027,0.46008226492838405,structural_mega_shock_regime
pres_2017,sido_27,C,안철수,제3지대,235757.0,1292582.0,0.1704581252534842,0.1823919747823417,-1.193384952885748,1.193384952885748,0.17324678792765616,0.17324678792765616,0.19626309363669714,0.10701880797321284,False,안철수,0.6667111051859752,0.3678264347130574,0.3068986202759448,0.2314637072585482,0.3482203559288142,0.1825784843031394,0.3632073585282943,0.0956858628274345,-0.0018782236230871518,0.007924181988891337,0.0012785891505662467,-0.0026563783484595286,0.006543894431705191,0.0,0.0,False,0.0,0.08752909855706648,0.053432193819533395,0.06624547861185079,12.878414860008998,0.0,0.0,0.08752909855706648,0.09010966463220935,4.5751697476367434,8.303245112372254,0.695825343411272,0.0025805660751428705,0.0025805660751428705,0.7007278980701501,-0.16342274870477203,0.06946705406107727,0.7537601155598198,0.15935249278249833,0.011407011696421165,0.053826376129505964,0.6170601098039817,0.06497092406277785,0.008540526602285048,0.02150932735324319,0.6752233537710424,0.047628457737767464,0.12663269686941292,0.05206634750816013,0.3876409793209582,0.001309985782189721,-0.001309985782189721,0.0020878330472135285,0.7968214008261856,0.0,0.0,0.0,0.8306198017683237,0.0,0.05264183027630321,0.09999999999999998,camp_centrist,1.0,1.0,camp_centrist,0.1820823587780849,0.1682652325774796,1.0,1.0,-0.023586053639223947,0.4839991271923625,0.0471992094191098,0.0,0.06003829243240424,0.8040689642531581,0.09593103574684195,0.09999999999999998,0.0,0.0,-0.0556568219963307,0.3094309705335324,-0.0016040670296488331,0.006790518285597576,-0.03588639340543286,0.12411087733773839,-0.001196307988501464,0.006310997857285507,-0.049603183856712106,0.22454294973364314,-0.06135670201817089,0.24288730177951046,-0.002009695702903872,0.007707534398695687,-0.01442207107001467,0.07821885007399683,0.22173524306771542,1.0,0.0,C,C,0.2045686360034174,0.19626309363669714,0.20359962946304222,C,0.19909911380357614,0.19543381952620917,-0.023586053639223947,-0.23586053639223947,0.4839991271923625,-0.01919007806894647,0.19543381952620917,0.12328371649307912,0.19543381952620917,0.7800212542139785,0.15283037224269547,0.19543381952620917,0.07218521222892413,0.18002774361404855,0.0,0.05264183027630321,0.12738591333774535,0.0,-0.0015740920722941865,-0.005504847186888846,-0.007078939259183032,0.0,0.17885947841117739,0.0,0.17885947841117739,0.0,none,0.0,0.4707398923761571,0.207798089713997,0.6976477399744653,0.05264183027630321,0.026294816682506824,0.0013842072769470306,0.0,-0.0013842072769470306,0.34449172242102444,0.0,0.0,2.7755575615628914e-17,0.5,party:국민의당,none,,0.0,0.0,0.0,0.0,0.0,0.0,0.0,0.0,0.0,0.0,0.0,2.0,0.3593302733829944,0.5503003916764837,0.5503003916764837,0.3044695175348371,0.0,0.0,0.0,0.0,A,B,rupture_landslide,1.0,1.0,1.0,1.0,0.8082271806109083,0.026081025309583866,0.16393555360047884,0.10167156077441027,0.0,0.10167156077441027,0.0,0.0,0.0,0.6333333333333333,0.0,0.0,0.0,0.0,0.0,structural_mega_shock_regime
pres_2017,sido_28,A,문재인,더불어민주당,747090.0,1555169.0,0.442725523578347,0.4803917911317737,-3.766626755342667,3.766626755342667,0.4385681128651133,0.4385681128651133,0.3793423807620663,0.10701880797321284,False,문재인,0.6666444429628642,0.3435443544354435,0.3166066606660666,0.2367086708670867,0.3438843884388439,0.204045404540454,0.3703320332033203,0.0727322732273227,-0.009415431051074745,-0.013248292714980103,-0.0016120873233612593,0.00687410118584376,-0.008758642823471134,0.0,0.0,True,0.3219343894125287,0.3610494882294697,0.039115098816940974,0.0786304631451294,26.05014405148222,0.3219343894125287,0.346297587846801,0.3610494882294697,0.41041516313821935,9.807755693286081,16.242388358196138,0.8306198017683237,0.04936567490874966,0.04936567490874966,0.45786311157111015,-0.12021842416885886,0.07224854502583843,0.7124559289054901,0.3610494882294696,-0.09966950823907861,0.08166538095336166,0.6655961623253086,0.08774404156003474,-0.0035942442562869326,0.026736761778271244,0.6693926189684396,0.06031235485119701,0.20847459559280979,0.06909215498200448,0.3103760615969468,0.003783453479918404,-0.003783453479918404,0.00652091125546394,0.7299122855359447,0.0,0.0,0.0,0.8306198017683237,0.3219343894125287,0.039115098816940974,0.10769531321507264,camp_liberal,1.0,1.0,camp_liberal,0.0,0.8317347674225204,0.0,0.0,-0.0029853630786356956,0.6574134227924496,0.06996905110801084,0.3219343894125287,0.0325333876172173,0.7451927646183021,0.14711192216662533,0.10769531321507264,0.315911080501429,0.006023308911099701,0.11131056771045314,0.19509385031919735,0.003796909673579825,0.0076041287714295434,0.07501881937242404,0.16230408289258566,0.0038440148335787214,0.007106836594670592,0.11237262037569101,0.2196529496547078,0.1603003550223901,0.3264581704245507,0.004438111606209547,0.009238356012358355,0.0330742353184047,0.059436308700838554,0.5041556339127311,0.9868946833703386,0.0,A,A,0.4007862741830484,0.3793423807620663,0.3752945063206115,A,0.45683610074955555,0.3794493304173627,-0.0029853630786356956,-0.029853630786356954,0.6574134227924496,-0.0004934690538912363,0.3794493304173626,0.37301634770487657,0.3794493304173627,0.21997874247369104,0.37798656462499247,0.3794493304173627,0.40191440271801715,0.3822574644549445,0.3219343894125287,0.039115098816940974,0.021207976225474823,0.0030116034948947006,0.0012453085328780588,0.0009700076524814117,0.005226919680254172,0.0,0.38448463837596564,0.0,0.38448463837596564,0.0,none,0.0,0.5813581831232747,0.0,0.7895535005436113,0.0,0.0,0.0,0.0019298314732000134,0.0019298314732000134,0.08555866931535648,0.0,-0.0008028556419924911,-0.000310579882340567,0.5,mainstream_liberal,none,,0.0,0.0,0.0,0.0,0.0,0.0,0.0,0.0,0.0,0.0,0.0,2.0,0.8514394163236539,0.2924023980820645,0.8514394163236539,0.12011643286355546,0.0,0.0,0.0,0.2674050787162409,A,B,rupture_landslide,1.0,1.0,1.0,1.0,0.8082271806109083,0.026081025309583866,0.16393555360047884,0.10167156077441027,0.0,0.10167156077441027,0.6333333333333333,0.475,0.7916666666666666,0.6333333333333333,0.002338973287044852,0.0,0.002338973287044852,0.10167156077441027,0.2674050787162409,structural_mega_shock_regime
pres_2017,sido_28,B,홍준표,국민의힘,379191.0,1555169.0,0.3566848256427264,0.2438260954716928,11.285873017103356,11.285873017103356,0.359545057139951,0.359545057139951,0.3908661633110857,0.10701880797321284,False,홍준표,0.6666666666666666,0.36412411922400745,0.3093711064004138,0.22938230994363146,0.34680305574128156,0.18043101793091204,0.3606690416160095,0.08919389026064728,0.011293843363381312,0.005325080553175959,0.0003336371366455815,-0.00421812905348499,0.002215476548119405,0.2758187104953747,0.041372806574306205,True,0.4232583752057733,0.45786311157111015,0.03460473636533684,0.07065271582832759,26.05014405148222,0.4232583752057733,0.4307389917445189,0.45786311157111015,0.4842132323585105,9.807755693286081,16.242388358196138,0.8306198017683237,0.026350120787400344,0.026350120787400344,0.45786311157111015,-0.12021842416885886,0.07224854502583843,0.7124559289054901,0.3610494882294696,-0.09966950823907861,0.08166538095336166,0.6655961623253086,0.08774404156003474,-0.0035942442562869326,0.026736761778271244,0.6693926189684396,0.06031235485119701,0.20847459559280979,0.06909215498200448,0.3103760615969468,0.003783453479918404,-0.003783453479918404,0.00652091125546394,0.7299122855359447,0.0,0.0,0.0,0.8306198017683237,0.4232583752057733,0.03460473636533684,0.10769531321507264,camp_conservative,1.0,1.0,camp_conservative,0.817917641221915,0.0,0.0,0.0,0.006584133375755784,0.6878170346248126,0.06389957245799187,0.4232583752057733,0.028303824343042534,0.7451927646183021,0.14711192216662533,0.10769531321507264,0.3874899205867074,0.035768454619065915,-0.05565374571412243,0.23818067971898355,-0.002192842643930992,0.007385079794474782,-0.03913242596699117,0.10743433745203199,-0.0026477068450772574,0.0101775475945622,-0.06276943651897891,0.22110282917225924,-0.0989436530042192,0.3247278486130897,-0.002428415903305675,0.007467706989213047,-0.018652164248390026,0.07571451122424237,0.28242039084501563,0.9921905405588568,0.0,B,B,0.3946450898135342,0.3908661633110857,0.38669532126249107,B,0.31592729345319326,0.39116934426366085,0.006584133375755784,0.06584133375755784,0.6878170346248126,0.0,0.3911693442636608,0.42325837520577336,0.39116934426366085,3.3123305848109263e-09,0.4232583760497792,0.39116934426366085,0.49999021662171966,0.4047719533084182,0.3554707929262854,0.02906256271671187,0.02023859766542091,-0.0017730933539396709,-0.0004872887213876443,-0.0004851967009065889,-0.0027455787762339042,0.0,0.4038973637067029,0.0,0.4038973637067029,0.0,none,0.0,0.4568532261251309,0.0,0.788292640885175,0.0,0.0,0.0,0.0,0.0,0.08555866931535648,0.0,-0.0008028556419924911,-0.0003246317244451902,0.5,mainstream_conservative,none,regime_change,-0.25483165958519005,-0.10193266383407602,-0.14531178841661335,0.6814615485405814,3.0,0.09902439635558664,0.0,1.0,3.0,0.75,0.12584370023813649,2.0,1.0,0.0,1.0,0.0,-0.0,-0.10193266383407602,-0.10193266383407602,0.29526107955486003,A,B,rupture_landslide,1.0,1.0,1.0,1.0,0.8082271806109083,0.026081025309583866,0.16393555360047884,0.10167156077441027,0.0,0.10167156077441027,-0.6333333333333333,-0.475,-0.7916666666666666,0.6333333333333333,0.0,0.002338973287044852,-0.002338973287044852,0.10167156077441027,0.29526107955486003,structural_mega_shock_regime
pres_2017,sido_28,C,안철수,제3지대,428888.0,1555169.0,0.2005896507789265,0.2757821133965334,-7.519246261760696,7.519246261760696,0.20188682999493576,0.20188682999493576,0.22979145592684813,0.10701880797321284,False,안철수,0.6667111051859752,0.3678264347130574,0.3068986202759448,0.2314637072585482,0.3482203559288142,0.1825784843031394,0.3632073585282943,0.0956858628274345,-0.0018782236230871518,0.007924181988891337,0.0012785891505662467,-0.0026563783484595286,0.006543894431705191,0.0,0.0,False,0.0,0.12535374239483524,0.07339208698434753,0.09068495897662894,12.113987605173275,0.0,0.0,0.12535374239483524,0.12240452074733918,3.8107424928010216,8.303245112372254,0.6558099068272571,0.0,-0.0029492216474960586,0.45786311157111015,-0.12021842416885886,0.07224854502583843,0.7124559289054901,0.3610494882294696,-0.09966950823907861,0.08166538095336166,0.6655961623253086,0.08774404156003474,-0.0035942442562869326,0.026736761778271244,0.6693926189684396,0.06031235485119701,0.20847459559280979,0.06909215498200448,0.3103760615969468,0.003783453479918404,-0.003783453479918404,0.00652091125546394,0.7299122855359447,0.0,0.0,0.0,0.8306198017683237,0.0,0.07339208698434753,0.10769531321507264,camp_centrist,1.0,1.0,camp_centrist,0.1820823587780849,0.1682652325774796,1.0,1.0,-0.003598770297120089,0.42663635183171056,0.06176531252705926,0.0,0.0862747102063655,0.7451927646183021,0.14711192216662533,0.10769531321507264,0.0,0.0,-0.0556568219963307,0.3094309705335324,-0.0016040670296488331,0.006790518285597576,-0.03588639340543286,0.12411087733773839,-0.001196307988501464,0.006310997857285507,-0.049603183856712106,0.22454294973364314,-0.06135670201817089,0.24288730177951046,-0.002009695702903872,0.007707534398695687,-0.01442207107001467,0.07821885007399683,0.22173524306771542,1.0,0.0,C,C,0.2045686360034174,0.22979145592684813,0.23801017241689754,C,0.22723660579725116,0.2293813253189765,-0.003598770297120089,-0.03598770297120089,0.42663635183171056,-0.0025617531856215302,0.22938132531897648,0.20372527708935012,0.2293813253189765,0.7800212542139785,0.19875505932522847,0.2293813253189765,0.09809538066026317,0.21297058223663734,0.0,0.07339208698434753,0.13957849525228982,0.0,-0.0018551037725631856,-0.005098732108943079,-0.006953835881506265,0.0,0.21161799791733144,0.0,0.21161799791733144,0.0,none,0.0,0.4707398923761571,0.207798089713997,0.6976477399744653,0.07339208698434753,0.026294816682506824,0.0019298314732000134,0.0,-0.0019298314732000134,0.08555866931535648,0.007657615168344763,0.0030259519421798903,0.0006352116067858682,0.5,party:국민의당,none,,0.0,0.0,0.0,0.0,0.0,0.0,0.0,0.0,0.0,0.0,0.0,2.0,0.3593302733829944,0.5503003916764837,0.5503003916764837,0.3044695175348371,0.0,0.0,0.0,0.0,A,B,rupture_landslide,1.0,1.0,1.0,1.0,0.8082271806109083,0.026081025309583866,0.16393555360047884,0.10167156077441027,0.0,0.10167156077441027,0.0,0.0,0.0,0.6333333333333333,0.0,0.0,0.0,0.0,0.0,structural_mega_shock_regime
pres_2017,sido_29,A,문재인,더불어민주당,583847.0,885951.0,0.7072607662382798,0.6590060364645135,4.8254729773766325,4.8254729773766325,0.6855780958054349,0.6855780958054349,0.5644180153023503,0.10701880797321284,False,문재인,0.6666444429628642,0.3435443544354435,0.3166066606660666,0.2367086708670867,0.3438843884388439,0.204045404540454,0.3703320332033203,0.0727322732273227,-0.009415431051074745,-0.013248292714980103,-0.0016120873233612593,0.00687410118584376,-0.008758642823471134,0.0,0.0,True,0.586236562721319,0.6468908466591613,0.060654283937842335,0.13006171513211273,26.05014405148222,0.5791705586244822,0.7684843298421619,0.6424829773929309,0.816103445270803,9.807755693286081,16.242388358196138,0.8306198017683237,0.1736204678778721,0.1736204678778721,0.051465853619631026,-0.022145347651343125,0.024711715635610323,0.6283247477144487,0.6424829773929308,-0.3413620082142385,0.13218508847444835,0.6720663707529732,0.16420725970562547,-0.08294162635447637,0.0428933887482595,0.6642944488918017,0.11129179026745906,0.35,0.14659663676360551,0.16612396035366475,0.0016633591300989395,-0.0016633591300989395,0.002866856254718588,0.784527801285039,0.0,0.0,0.0,0.8306198017683237,0.586236562721319,0.060654283937842335,0.21627492877968268,camp_liberal,1.0,1.0,camp_liberal,0.0,0.8317347674225204,0.0,0.0,0.10216837764890485,0.646300700580388,0.1090167616930661,0.586236562721319,0.05044827674422081,0.628714231315145,0.15501083990517234,0.21627492877968268,0.315911080501429,0.27032548221988995,0.11131056771045314,0.19509385031919735,0.003796909673579825,0.0076041287714295434,0.07501881937242404,0.16230408289258566,0.0038440148335787214,0.007106836594670592,0.11237262037569101,0.2196529496547078,0.1603003550223901,0.3264581704245507,0.004438111606209547,0.009238356012358355,0.0330742353184047,0.059436308700838554,0.5041556339127311,0.9868946833703386,0.0,A,A,0.4007862741830484,0.5644180153023503,0.5568318759306569,A,0.6424055667346262,0.5680315265709592,0.10216837764890485,1.0,0.646300700580388,0.0,0.5680315265709592,0.5862365627213191,0.5680315265709592,0.21997874247369104,0.6679115392149911,0.5680315265709592,0.76974182461291,0.5932453138262032,0.5107399349564197,0.05284311317847328,0.029662265691310204,0.0030785903004362336,0.001084033207204292,0.0008741821044057123,0.0050368056120462384,0.0,0.5961502664792075,0.0,0.5961502664792075,0.0,none,0.0,0.5813581831232747,0.0,0.7895535005436113,0.0,0.0,0.0,0.002072343072107493,0.002072343072107493,0.4965710166420303,0.0,-0.03193124139713102,-0.019600532771220647,0.5,mainstream_liberal,none,,0.0,0.0,0.0,0.0,0.0,0.0,0.0,0.0,0.0,0.0,0.0,2.0,0.8514394163236539,0.2924023980820645,0.8514394163236539,0.12011643286355546,0.0,0.0,0.0,0.4242307035286679,A,B,rupture_landslide,1.0,1.0,1.0,1.0,0.8082271806109083,0.026081025309583866,0.16393555360047884,0.10167156077441027,0.0,0.10167156077441027,0.6333333333333333,0.475,0.7916666666666666,0.6333333333333333,0.0022323574223190447,0.0,0.0022323574223190447,0.10167156077441027,0.4242307035286679,structural_mega_shock_regime
pres_2017,sido_29,B,홍준표,국민의힘,14882.0,885951.0,0.0150134601806438,0.0167977746666796,-0.1784314486035743,0.1784314486035743,0.05593722751562423,0.05593722751562423,0.1453296113055372,0.10701880797321284,False,홍준표,0.6666666666666666,0.36412411922400745,0.3093711064004138,0.22938230994363146,0.34680305574128156,0.18043101793091204,0.3606690416160095,0.08919389026064728,0.011293843363381312,0.005325080553175959,0.0003336371366455815,-0.00421812905348499,0.002215476548119405,0.2758187104953747,0.041372806574306205,True,0.04247766859382601,0.05802237745342691,0.015544708859600895,0.02188828013269127,21.415189232701657,0.047595092098783404,0.0213959279288847,0.05802237745342691,0.052892266902951054,8.239201091924038,13.175988140777621,0.8046722608488021,0.0,-0.005130110550475853,0.051465853619631026,-0.022145347651343125,0.024711715635610323,0.6283247477144487,0.6424829773929308,-0.3413620082142385,0.13218508847444835,0.6720663707529732,0.16420725970562547,-0.08294162635447637,0.0428933887482595,0.6642944488918017,0.11129179026745906,0.35,0.14659663676360551,0.16612396035366475,0.0016633591300989395,-0.0016633591300989395,0.002866856254718588,0.784527801285039,0.0,0.0,0.0,0.8306198017683237,0.04247766859382601,0.015544708859600895,0.21627492877968268,camp_conservative,1.0,1.0,camp_conservative,0.817917641221915,0.0,0.0,0.0,-0.12862675043258234,0.617695169483566,0.038886114722424564,0.04247766859382601,0.012714291603926169,0.628714231315145,0.15501083990517234,0.21627492877968268,0.3874899205867074,-0.3450122519928814,-0.05565374571412243,0.23818067971898355,-0.002192842643930992,0.007385079794474782,-0.03913242596699117,0.10743433745203199,-0.0026477068450772574,0.0101775475945622,-0.06276943651897891,0.22110282917225924,-0.0989436530042192,0.3247278486130897,-0.002428415903305675,0.007467706989213047,-0.018652164248390026,0.07571451122424237,0.28242039084501563,0.9921905405588568,0.0,B,B,0.3946450898135342,0.1453296113055372,0.14337628831387605,B,0.053904801229152255,0.13585477298524457,-0.12862675043258234,-1.0,0.617695169483566,-0.07379965743442403,0.13585477298524457,0.13149027056321466,0.13585477298524457,3.3123305848109263e-09,0.04247766982364722,0.13585477298524457,0.08740435880519064,0.12979847121273785,0.04247766859382601,0.015544708859600895,0.07177609375931095,-0.0006607378510583645,-0.0008127853736771139,-0.005366091537226373,-0.006839614761961851,0.0,0.128894130025368,0.0,0.128894130025368,0.0,none,0.0,0.4568532261251309,0.0,0.788292640885175,0.0,0.0,0.0,0.0,0.0,0.4965710166420303,0.0,-0.03193124139713102,-0.004223166391980865,0.5,mainstream_conservative,none,regime_change,-0.25483165958519005,-0.10193266383407602,-0.14531178841661335,0.6814615485405814,3.0,0.09902439635558664,0.0,1.0,3.0,0.75,0.12584370023813649,2.0,1.0,0.0,1.0,0.0,-0.0,-0.10193266383407602,-0.10193266383407602,0.03418060162298013,A,B,rupture_landslide,1.0,1.0,1.0,1.0,0.8082271806109083,0.026081025309583866,0.16393555360047884,0.10167156077441027,0.0,0.10167156077441027,-0.6333333333333333,-0.475,-0.7916666666666666,0.6333333333333333,0.0,0.0022323574223190447,-0.0022323574223190447,0.10167156077441027,0.03418060162298013,structural_mega_shock_regime
pres_2017,sido_29,C,안철수,제3지대,287222.0,885951.0,0.2777257735810763,0.3241961888688068,-4.647041528773049,4.647041528773049,0.2584846766789408,0.2584846766789408,0.29025237339211246,0.10701880797321284,False,안철수,0.6667111051859752,0.3678264347130574,0.3068986202759448,0.2314637072585482,0.3482203559288142,0.1825784843031394,0.3632073585282943,0.0956858628274345,-0.0018782236230871518,0.007924181988891337,0.0012785891505662467,-0.0026563783484595286,0.006543894431705191,0.0,0.0,False,0.0,0.2045262547140668,0.07881184710772912,0.18334955707472467,13.388767049924905,0.0,0.0,0.2045262547140668,0.1299050093358376,4.5751697476367434,8.813597302288162,0.695825343411272,0.0,-0.0746212453782292,0.051465853619631026,-0.022145347651343125,0.024711715635610323,0.6283247477144487,0.6424829773929308,-0.3413620082142385,0.13218508847444835,0.6720663707529732,0.16420725970562547,-0.08294162635447637,0.0428933887482595,0.6642944488918017,0.11129179026745906,0.35,0.14659663676360551,0.16612396035366475,0.0016633591300989395,-0.0016633591300989395,0.002866856254718588,0.784527801285039,0.0,0.0,0.0,0.8306198017683237,0.0,0.07881184710772912,0.21627492877968268,camp_centrist,1.0,1.0,camp_centrist,0.1820823587780849,0.1682652325774796,1.0,1.0,0.026458372783677478,0.3175214532542322,0.11794443674590545,0.0,0.09184827155702538,0.628714231315145,0.15501083990517234,0.21627492877968268,0.0,0.0,-0.0556568219963307,0.3094309705335324,-0.0016040670296488331,0.006790518285597576,-0.03588639340543286,0.12411087733773839,-0.001196307988501464,0.006310997857285507,-0.049603183856712106,0.22454294973364314,-0.06135670201817089,0.24288730177951046,-0.002009695702903872,0.007707534398695687,-0.01442207107001467,0.07821885007399683,0.22173524306771542,1.0,0.0,C,C,0.2045686360034174,0.29025237339211246,0.2997918357554671,C,0.30368963203622157,0.2961137004437961,0.026458372783677478,0.26458372783677475,0.3175214532542322,0.013610923232140951,0.2961137004437961,0.2822731667154664,0.2961137004437961,0.7800212542139785,0.28961079096136166,0.2961137004437961,0.1428538165818994,0.2769562149610591,0.0,0.07881184710772912,0.19814436785332998,0.0,-0.001531859662081004,-0.005565881010566459,-0.007097740672647463,0.0,0.2749556034954244,0.0,0.2749556034954244,0.0,none,0.0,0.4707398923761571,0.207798089713997,0.6976477399744653,0.07881184710772912,0.026294816682506824,0.002072343072107493,0.0,-0.002072343072107493,0.4965710166420303,0.2340285831208326,0.08508305016328528,0.023823699163201206,0.5,party:국민의당,none,,0.0,0.0,0.0,0.0,0.0,0.0,0.0,0.0,0.0,0.0,0.0,2.0,0.3593302733829944,0.5503003916764837,0.5503003916764837,0.3044695175348371,0.0,0.0,0.0,0.0,A,B,rupture_landslide,1.0,1.0,1.0,1.0,0.8082271806109083,0.026081025309583866,0.16393555360047884,0.10167156077441027,0.0,0.10167156077441027,0.0,0.0,0.0,0.6333333333333333,0.0,0.0,0.0,0.0,0.0,structural_mega_shock_regime
pres_2017,sido_30,A,문재인,더불어민주당,404545.0,814690.0,0.4440173618731646,0.4965630512101321,-5.254568933696752,5.254568933696752,0.44391918362092553,0.44391918362092553,0.36987854574049195,0.10701880797321284,False,문재인,0.6666444429628642,0.3435443544354435,0.3166066606660666,0.2367086708670867,0.3438843884388439,0.204045404540454,0.3703320332033203,0.0727322732273227,-0.009415431051074745,-0.013248292714980103,-0.0016120873233612593,0.00687410118584376,-0.008758642823471134,0.0,0.0,True,0.2909604520079915,0.33507357995907505,0.044113127951083575,0.09381189660572718,25.775082557946845,0.2909604520079915,0.2934074792980918,0.33507357995907505,0.3928242841442269,9.807755693286081,15.967326864660762,0.8306198017683237,0.057750704185151824,0.057750704185151824,0.3559875538459408,-0.0443017595229277,0.07960903668702192,0.6677457391387249,0.33507357995907505,-0.04717231915624476,0.09210037832268887,0.6319554374322668,0.06544523287343759,0.018120106750748113,0.028172681612727103,0.6279194681642525,0.16593274696738985,0.10552825372037294,0.1512827858632375,0.248686401811813,0.05454085661144814,-0.05454085661144814,0.08061763027109302,0.19007980386405646,0.0,0.0,0.0,0.8306198017683237,0.26953580953680817,0.040864892707719404,0.10000000000000009,camp_liberal,1.0,1.0,camp_liberal,0.0,0.8317347674225204,0.0,0.0,0.005041106022204728,0.615528743310253,0.08503004128807637,0.26953580953680817,0.033988752032001246,0.5639880112147739,0.33601198878522603,0.10000000000000009,0.315911080501429,-0.04637527096462085,0.11131056771045314,0.19509385031919735,0.003796909673579825,0.0076041287714295434,0.07501881937242404,0.16230408289258566,0.0038440148335787214,0.007106836594670592,0.11237262037569101,0.2196529496547078,0.1603003550223901,0.3264581704245507,0.004438111606209547,0.009238356012358355,0.0330742353184047,0.059436308700838554,0.5041556339127311,0.9868946833703386,0.0,A,A,0.4007862741830484,0.36987854574049195,0.3649730040401402,A,0.4270274047867472,0.36973080233871,0.005041106022204728,0.05041106022204728,0.615528743310253,0.0013876561720012467,0.36973080233871003,0.36973080233871003,0.36973080233871003,0.21997874247369104,0.3654491785332353,0.36973080233871,0.34737378247839856,0.3669361748561711,0.26953580953680817,0.040864892707719404,0.05653547261164351,0.0026267112794395556,0.0013553402646233757,0.0026937817423201816,0.0066758332863831125,0.0,0.36944991568645164,0.0,0.36944991568645164,0.0,none,0.0,0.5813581831232747,0.0,0.7895535005436113,0.0,0.0,0.0,0.006832040372000272,0.006832040372000272,0.17859011405267752,0.0,-0.014339757277939003,-0.005456208467739365,0.5,mainstream_liberal,none,,0.0,0.0,0.0,0.0,0.0,0.0,0.0,0.0,0.0,0.0,0.0,2.0,0.8514394163236539,0.2924023980820645,0.8514394163236539,0.12011643286355546,0.0,0.0,0.0,0.22388178068692827,A,B,rupture_landslide,1.0,1.0,1.0,1.0,0.8082271806109083,0.026081025309583866,0.16393555360047884,0.10167156077441027,0.0,0.10167156077441027,0.6333333333333333,0.475,0.7916666666666666,0.6333333333333333,0.002311112639433451,0.0,0.002311112639433451,0.10167156077441027,0.22388178068692827,structural_mega_shock_regime
pres_2017,sido_30,B,홍준표,국민의힘,191376.0,814690.0,0.3082382860461767,0.2349061677702917,7.333211827588492,7.333211827588492,0.31567580773536397,0.31567580773536397,0.3437661180001259,0.10701880797321284,False,홍준표,0.6666666666666666,0.36412411922400745,0.3093711064004138,0.22938230994363146,0.34680305574128156,0.18043101793091204,0.3606690416160095,0.08919389026064728,0.011293843363381312,0.005325080553175959,0.0003336371366455815,-0.00421812905348499,0.002215476548119405,0.2758187104953747,0.041372806574306205,True,0.31785737799440494,0.3559875538459408,0.03813017585153583,0.07985127085982358,26.05014405148222,0.31785737799440494,0.3203959983326386,0.3559875538459408,0.39912689479458446,9.807755693286081,16.242388358196138,0.8306198017683237,0.04313934094864369,0.04313934094864369,0.3559875538459408,-0.0443017595229277,0.07960903668702192,0.6677457391387249,0.33507357995907505,-0.04717231915624476,0.09210037832268887,0.6319554374322668,0.06544523287343759,0.018120106750748113,0.028172681612727103,0.6279194681642525,0.16593274696738985,0.10552825372037294,0.1512827858632375,0.248686401811813,0.05454085661144814,-0.05454085661144814,0.08061763027109302,0.19007980386405646,0.0,0.0,0.0,0.8306198017683237,0.2944522016779657,0.03532249054810475,0.10000000000000009,camp_conservative,1.0,1.0,camp_conservative,0.817917641221915,0.0,0.0,0.0,-0.018159301270355394,0.6369786053686542,0.07719956430079462,0.2944522016779657,0.028890888151189224,0.5639880112147739,0.33601198878522603,0.10000000000000009,0.3874899205867074,-0.09303771890874168,-0.05565374571412243,0.23818067971898355,-0.002192842643930992,0.007385079794474782,-0.03913242596699117,0.10743433745203199,-0.0026477068450772574,0.0101775475945622,-0.06276943651897891,0.22110282917225924,-0.0989436530042192,0.3247278486130897,-0.002428415903305675,0.007467706989213047,-0.018652164248390026,0.07571451122424237,0.28242039084501563,0.9921905405588568,0.0,B,B,0.3946450898135342,0.3437661180001259,0.33920689431322193,B,0.2634499016589848,0.34221111366885537,-0.018159301270355394,-0.18159301270355394,0.6369786053686542,-0.002746524986106141,0.3422111136688554,0.3422111136688554,0.3422111136688554,3.3123305848109263e-09,0.29445220312218157,0.34221111366885537,0.363995803592956,0.3449341999093679,0.2925885616514449,0.03509892826245458,0.017246709995468408,-0.001712612774510173,-0.0006905902837924856,-0.0004851967009065893,-0.0028883997592092482,0.0,0.3439914159606446,0.0,0.3439914159606446,0.0,none,0.0,0.4568532261251309,0.0,0.788292640885175,0.0,0.0,0.0,0.0,0.0,0.17859011405267752,0.0,-0.014339757277939003,-0.004987985329550471,0.5,mainstream_conservative,none,regime_change,-0.25483165958519005,-0.10193266383407602,-0.14531178841661335,0.6814615485405814,3.0,0.09902439635558664,0.0,1.0,3.0,0.75,0.12584370023813649,2.0,1.0,0.0,1.0,0.0,-0.0,-0.10193266383407602,-0.10193266383407602,0.24302985307860214,A,B,rupture_landslide,1.0,1.0,1.0,1.0,0.8082271806109083,0.026081025309583866,0.16393555360047884,0.10167156077441027,0.0,0.10167156077441027,-0.6333333333333333,-0.475,-0.7916666666666666,0.6333333333333333,0.0,0.002311112639433451,-0.002311112639433451,0.10167156077441027,0.24302985307860214,structural_mega_shock_regime
pres_2017,sido_30,C,안철수,제3지대,218769.0,814690.0,0.2477443520806587,0.2685307810195761,-2.0786428938917383,2.0786428938917383,0.24040500864371056,0.24040500864371056,0.28635533625938214,0.10701880797321284,False,안철수,0.6667111051859752,0.3678264347130574,0.3068986202759448,0.2314637072585482,0.3482203559288142,0.1825784843031394,0.3632073585282943,0.0956858628274345,-0.0018782236230871518,0.007924181988891337,0.0012785891505662467,-0.0026563783484595286,0.006543894431705191,0.0,0.0,False,0.0,0.3049425585669664,0.2804773317413655,0.08567691953633297,13.388767049924905,0.0,0.0,0.3049425585669664,0.3048116029456035,4.5751697476367434,8.813597302288162,0.695825343411272,0.0,-0.00013095562136289374,0.3559875538459408,-0.0443017595229277,0.07960903668702192,0.6677457391387249,0.33507357995907505,-0.04717231915624476,0.09210037832268887,0.6319554374322668,0.06544523287343759,0.018120106750748113,0.028172681612727103,0.6279194681642525,0.16593274696738985,0.10552825372037294,0.1512827858632375,0.248686401811813,0.05454085661144814,-0.05454085661144814,0.08061763027109302,0.19007980386405646,0.0,0.0,0.0,0.8306198017683237,0.0,0.2598246055294019,0.10000000000000009,camp_centrist,1.0,1.0,camp_centrist,0.1820823587780849,0.1682652325774796,1.0,1.0,0.013118195248150666,0.3641678997747058,0.12375948013831528,0.0,0.27313234860203556,0.5639880112147739,0.33601198878522603,0.10000000000000009,0.0,0.0,-0.0556568219963307,0.3094309705335324,-0.0016040670296488331,0.006790518285597576,-0.03588639340543286,0.12411087733773839,-0.001196307988501464,0.006310997857285507,-0.049603183856712106,0.22454294973364314,-0.06135670201817089,0.24288730177951046,-0.002009695702903872,0.007707534398695687,-0.01442207107001467,0.07821885007399683,0.22173524306771542,1.0,0.0,C,C,0.2045686360034174,0.28635533625938214,0.2958201016466379,C,0.30952269355426804,0.2880580839924346,0.013118195248150666,0.13118195248150666,0.3641678997747058,0.007715839797295219,0.28805808399243465,0.28805808399243465,0.28805808399243465,0.7800212542139785,0.34009861834458316,0.2880580839924346,0.28863041392864536,0.28812962523446095,0.0,0.2598246055294019,0.028305019705059054,0.0,-0.004854348498562106,-0.0007642559838866685,-0.005618604482448775,0.0,0.28655866835290394,0.0,0.28655866835290394,0.0,none,0.0,0.4707398923761571,0.207798089713997,0.6976477399744653,0.2598246055294019,0.026294816682506824,0.006832040372000272,0.0,-0.006832040372000272,0.17859011405267752,0.10252693768515987,0.03692371156464093,0.010444193797289836,0.5,party:국민의당,automatic_regional_party_candidate_fit,,0.0,0.0,0.0,0.0,0.0,0.0,0.0,0.0,0.0,0.0,0.0,2.0,0.3593302733829944,0.5503003916764837,0.5503003916764837,0.3044695175348371,0.0,0.0,0.0,0.0,A,B,rupture_landslide,1.0,1.0,1.0,1.0,0.8082271806109083,0.026081025309583866,0.16393555360047884,0.10167156077441027,0.0,0.10167156077441027,0.0,0.0,0.0,0.6333333333333333,0.0,0.0,0.0,0.0,0.0,structural_mega_shock_regime
pres_2017,sido_31,A,문재인,더불어민주당,282794.0,614916.0,0.371097423954811,0.4598904563434892,-8.87930323886782,8.87930323886782,0.37080605661366955,0.37080605661366955,0.32107677235758586,0.10701880797321284,False,문재인,0.6666444429628642,0.3435443544354435,0.3166066606660666,0.2367086708670867,0.3438843884388439,0.204045404540454,0.3703320332033203,0.0727322732273227,-0.009415431051074745,-0.013248292714980103,-0.0016120873233612593,0.00687410118584376,-0.008758642823471134,0.0,0.0,True,0.14254915400120263,0.18937270301284376,0.046823549011641125,0.08084200231562128,22.418837487252656,0.15144086724290506,0.1033415619389587,0.18937270301284376,0.19312074802800466,8.818906097501891,13.599931389750765,0.8151384269374697,0.0037480450151609057,0.0037480450151609057,0.5121517641710261,-0.13955797896322814,0.07514717896726932,0.7195844215106679,0.17201734243424907,0.07635868335598583,0.08502090681953249,0.5125363223684319,0.23935881987410068,-0.11737390879761128,0.07268918032317088,0.6219616638307828,0.04924920474992186,0.16148631520069892,0.061367859508257794,0.3170302024548283,0.0006782054391432047,-0.0006782054391432047,0.0012473572342713052,0.8101755178856024,0.0,0.0,0.0,0.8306198017683237,0.14254915400120263,0.046823549011641125,0.2379293806641386,camp_liberal,1.0,1.0,camp_liberal,0.0,0.8317347674225204,0.0,0.0,-0.05168281682519677,0.5477159711806809,0.07420708523658077,0.14254915400120263,0.03894477364709432,0.6265168266481206,0.1355537926877408,0.2379293806641386,0.315911080501429,-0.1733619265002264,0.11131056771045314,0.19509385031919735,0.003796909673579825,0.0076041287714295434,0.07501881937242404,0.16230408289258566,0.0038440148335787214,0.007106836594670592,0.11237262037569101,0.2196529496547078,0.1603003550223901,0.3264581704245507,0.004438111606209547,0.009238356012358355,0.0330742353184047,0.059436308700838554,0.5041556339127311,0.9868946833703386,0.0,A,A,0.4007862741830484,0.32107677235758586,0.3177312289783609,A,0.39252940357978067,0.31510123614170255,-0.05168281682519677,-0.5168281682519676,0.5477159711806809,-0.026093156968728447,0.31510123614170255,0.303854759765916,0.31510123614170255,0.21997874247369104,0.2247075128102326,0.31510123614170255,0.26434454497454357,0.3087566497458077,0.14254915400120263,0.046823549011641125,0.11938394673296393,0.0016509530410710371,0.0018455954686600585,0.006760230743091795,0.01025677925282289,0.0,0.3118119286818688,0.0,0.3118119286818688,0.0,none,0.0,0.5813581831232747,0.0,0.7895535005436113,0.0,0.0,0.0,0.0015920499716677809,0.0015920499716677809,0.32889089889745204,0.0,0.0,-5.551115123125783e-17,0.5,mainstream_liberal,none,,0.0,0.0,0.0,0.0,0.0,0.0,0.0,0.0,0.0,0.0,0.0,2.0,0.8514394163236539,0.2924023980820645,0.8514394163236539,0.12011643286355546,0.0,0.0,0.0,0.11619729315380743,A,B,rupture_landslide,1.0,1.0,1.0,1.0,0.8082271806109083,0.026081025309583866,0.16393555360047884,0.10167156077441027,0.0,0.10167156077441027,0.6333333333333333,0.475,0.7916666666666666,0.6333333333333333,0.002358973165175295,0.0,0.002358973165175295,0.10167156077441027,0.11619729315380743,structural_mega_shock_regime
pres_2017,sido_31,B,홍준표,국민의힘,203602.0,614916.0,0.4277502231588573,0.3311049248831442,9.664529827571313,9.664529827571313,0.42835032516088295,0.42835032516088295,0.4545940244245045,0.10701880797321284,False,홍준표,0.6666666666666666,0.36412411922400745,0.3093711064004138,0.22938230994363146,0.34680305574128156,0.18043101793091204,0.3606690416160095,0.08919389026064728,0.011293843363381312,0.005325080553175959,0.0003336371366455815,-0.00421812905348499,0.002215476548119405,0.2758187104953747,0.041372806574306205,True,0.4839676726469179,0.5121517641710261,0.028184091524108223,0.07065061093647593,24.559818448108736,0.4839676726469179,0.5518636097975665,0.5121517641710261,0.589464375625007,9.807755693286081,14.752062754822655,0.8306198017683237,0.07731261145398083,0.07731261145398083,0.5121517641710261,-0.13955797896322814,0.07514717896726932,0.7195844215106679,0.17201734243424907,0.07635868335598583,0.08502090681953249,0.5125363223684319,0.23935881987410068,-0.11737390879761128,0.07268918032317088,0.6219616638307828,0.04924920474992186,0.16148631520069892,0.061367859508257794,0.3170302024548283,0.0006782054391432047,-0.0006782054391432047,0.0012473572342713052,0.8101755178856024,0.0,0.0,0.0,0.8306198017683237,0.4839676726469179,0.028184091524108223,0.2379293806641386,camp_conservative,1.0,1.0,camp_conservative,0.817917641221915,0.0,0.0,0.0,0.04543866600000584,0.6829424563993458,0.06773701530978601,0.4839676726469179,0.023052265659381167,0.6265168266481206,0.1355537926877408,0.2379293806641386,0.3874899205867074,0.09647775206021053,-0.05565374571412243,0.23818067971898355,-0.002192842643930992,0.007385079794474782,-0.03913242596699117,0.10743433745203199,-0.0026477068450772574,0.0101775475945622,-0.06276943651897891,0.22110282917225924,-0.0989436530042192,0.3247278486130897,-0.002428415903305675,0.007467706989213047,-0.018652164248390026,0.07571451122424237,0.28242039084501563,0.9921905405588568,0.0,B,B,0.3946450898135342,0.4545940244245045,0.44985726312756824,B,0.3775130883323107,0.4579278480174968,0.04543866600000584,0.45438666000005834,0.6829424563993458,0.0,0.4579278480174968,0.4839676726469179,0.4579278480174968,3.3123305848109263e-09,0.4839676738840177,0.4579278480174968,0.621106253438691,0.4783251486951461,0.42940243286932755,0.02500645839106117,0.023916257434757362,-0.0018125056835005763,-0.000354806720498635,-0.00048519670090659006,-0.002652509104905801,0.0,0.4768625185625248,0.0,0.4768625185625248,0.0,none,0.0,0.4568532261251309,0.0,0.788292640885175,0.0,0.0,0.0,0.0,0.0,0.32889089889745204,0.0,0.0,-1.1102230246251565e-16,0.5,mainstream_conservative,none,regime_change,-0.25483165958519005,-0.10193266383407602,-0.14531178841661335,0.6814615485405814,3.0,0.09902439635558664,0.0,1.0,3.0,0.75,0.12584370023813649,2.0,1.0,0.0,1.0,0.0,-0.0,-0.10193266383407602,-0.10193266383407602,0.3566701636687568,A,B,rupture_landslide,1.0,1.0,1.0,1.0,0.8082271806109083,0.026081025309583866,0.16393555360047884,0.10167156077441027,0.0,0.10167156077441027,-0.6333333333333333,-0.475,-0.7916666666666666,0.6333333333333333,0.0,0.002358973165175295,-0.002358973165175295,0.10167156077441027,0.3566701636687568,structural_mega_shock_regime
pres_2017,sido_31,C,안철수,제3지대,128520.0,614916.0,0.2011523528863317,0.2090046187733666,-0.7852265887034915,0.7852265887034915,0.2008436182254476,0.2008436182254476,0.22432920321790964,0.10701880797321284,False,안철수,0.6667111051859752,0.3678264347130574,0.3068986202759448,0.2314637072585482,0.3482203559288142,0.1825784843031394,0.3632073585282943,0.0956858628274345,-0.0018782236230871518,0.007924181988891337,0.0012785891505662467,-0.0026563783484595286,0.006543894431705191,0.0,0.0,False,0.0,0.1023599914247035,0.06054615215199144,0.07094557982233661,9.448580348898656,0.0,0.0,0.1023599914247035,0.08369522857813994,3.8107424928010216,5.637837856097633,0.6558099068272571,0.0,-0.01866476284656357,0.5121517641710261,-0.13955797896322814,0.07514717896726932,0.7195844215106679,0.17201734243424907,0.07635868335598583,0.08502090681953249,0.5125363223684319,0.23935881987410068,-0.11737390879761128,0.07268918032317088,0.6219616638307828,0.04924920474992186,0.16148631520069892,0.061367859508257794,0.3170302024548283,0.0006782054391432047,-0.0006782054391432047,0.0012473572342713052,0.8101755178856024,0.0,0.0,0.0,0.8306198017683237,0.0,0.06054615215199144,0.2379293806641386,camp_centrist,1.0,1.0,camp_centrist,0.1820823587780849,0.1682652325774796,1.0,1.0,0.006244150825190928,0.4217007054773521,0.058692970875794705,0.0,0.0735567533812653,0.6265168266481206,0.1355537926877408,0.2379293806641386,0.0,0.0,-0.0556568219963307,0.3094309705335324,-0.0016040670296488331,0.006790518285597576,-0.03588639340543286,0.12411087733773839,-0.001196307988501464,0.006310997857285507,-0.049603183856712106,0.22454294973364314,-0.06135670201817089,0.24288730177951046,-0.002009695702903872,0.007707534398695687,-0.01442207107001467,0.07821885007399683,0.22173524306771542,1.0,0.0,C,C,0.2045686360034174,0.22432920321790964,0.23241150789407083,C,0.22995750808790869,0.22697091584080067,0.006244150825190928,0.06244150825190928,0.4217007054773521,0.004400387053977981,0.22697091584080067,0.212177567587166,0.22697091584080067,0.7800212542139785,0.2913248133057497,0.22697091584080067,0.11454920158676549,0.21291820155904628,0.0,0.06054615215199144,0.15237204940705484,0.0,-0.0015307784794784686,-0.005567443524000888,-0.007098222003479357,0.0,0.21132555275560636,0.0,0.21132555275560636,0.0,none,0.0,0.4707398923761571,0.207798089713997,0.6976477399744653,0.06054615215199144,0.026294816682506824,0.0015920499716677809,0.0,-0.0015920499716677809,0.32889089889745204,0.0,0.0,-5.551115123125783e-17,0.5,party:국민의당,none,,0.0,0.0,0.0,0.0,0.0,0.0,0.0,0.0,0.0,0.0,0.0,2.0,0.3593302733829944,0.5503003916764837,0.5503003916764837,0.3044695175348371,0.0,0.0,0.0,0.0,A,B,rupture_landslide,1.0,1.0,1.0,1.0,0.8082271806109083,0.026081025309583866,0.16393555360047884,0.10167156077441027,0.0,0.10167156077441027,0.0,0.0,0.0,0.6333333333333333,0.0,0.0,0.0,0.0,0.0,structural_mega_shock_regime
pres_2017,sido_36,A,문재인,더불어민주당,77767.0,132988.0,0.459701901477327,0.5847676001277532,-12.50656986504262,12.50656986504262,0.4585702778509685,0.4585702778509685,0.3885713920202974,0.10701880797321284,False,문재인,0.6666444429628642,0.3435443544354435,0.3166066606660666,0.2367086708670867,0.3438843884388439,0.204045404540454,0.3703320332033203,0.0727322732273227,-0.009415431051074745,-0.013248292714980103,-0.0016120873233612593,0.00687410118584376,-0.008758642823471134,0.0,0.0,True,0.34373688470333785,0.39370289000101544,0.049966005297677585,0.0883750623017392,6.824209856621446,0.32638769829012454,0.431002654828546,0.39370289000101544,0.431002654828546,2.9405887290330845,3.883621127588362,0.5951899440147456,0.03729976482753056,0.03729976482753056,0.3418337976592934,-0.052016942202009475,0.0743421170507991,0.4822653296764058,0.39370289000101544,-0.09161544642166086,0.07695537734907397,0.4919608063007132,0.058531211008563705,0.03932552626611459,0.03348527057095656,0.4115552445468326,0.1789204324517101,0.08688456624905108,0.10235904892590543,0.3290578388674091,0.0,0.0,0.0,0.5951899440147456,0.0,0.0,0.0,0.5951899440147456,0.316081691864077,0.04594601334043569,0.09999999999999987,camp_liberal,1.0,1.0,camp_liberal,0.0,0.8317347674225204,0.0,0.0,0.005259027744364597,0.4851749056852126,0.06935847853206657,0.316081691864077,0.0382148967196993,0.6270196691735996,0.27298033082640044,0.09999999999999987,0.315911080501429,0.0001706113626479544,0.11131056771045314,0.19509385031919735,0.003796909673579825,0.0076041287714295434,0.07501881937242404,0.16230408289258566,0.0038440148335787214,0.007106836594670592,0.11237262037569101,0.2196529496547078,0.1603003550223901,0.3264581704245507,0.004438111606209547,0.009238356012358355,0.0330742353184047,0.059436308700838554,0.5041556339127311,0.9868946833703386,0.0,A,A,0.4007862741830484,0.3885713920202974,0.38383110913152113,A,0.5089866019242527,0.38659184592246904,0.005259027744364597,0.05259027744364597,0.4851749056852126,0.0007910972108952927,0.38659184592246904,0.38659184592246904,0.38659184592246904,0.21997874247369104,0.3981294360066898,0.38659184592246904,0.40068688979675954,0.38835372640675536,0.316081691864077,0.04594601334043569,0.0263260212022427,0.0029104373878802623,0.0014398221968395769,0.0011851945816583553,0.005535454166378195,0.0,0.3906578234656736,0.0,0.3906578234656736,0.0,none,0.0,0.5813581831232747,0.0,0.7895535005436113,0.0,0.0,0.0,0.005219715861487974,0.005219715861487974,0.08654786907791578,0.0,-0.008190066100338914,-0.003267398511584807,0.5,mainstream_liberal,none,,0.0,0.0,0.0,0.0,0.0,0.0,0.0,0.0,0.0,0.0,0.0,2.0,0.8514394163236539,0.2924023980820645,0.8514394163236539,0.12011643286355546,0.0,0.0,0.0,0.18812864448466604,A,B,rupture_landslide,1.0,1.0,1.0,1.0,0.8082271806109083,0.026081025309583866,0.16393555360047884,0.10167156077441027,0.0,0.10167156077441027,0.6333333333333333,0.475,0.7916666666666666,0.6333333333333333,0.004318388531528285,0.0,0.004318388531528285,0.10167156077441027,0.18812864448466604,structural_mega_shock_regime
pres_2017,sido_36,B,홍준표,국민의힘,23211.0,132988.0,0.3113617600290748,0.1745342901853223,13.68274698437525,13.68274698437525,0.31714611205495885,0.31714611205495885,0.3483151028964034,0.10701880797321284,False,홍준표,0.6666666666666666,0.36412411922400745,0.3093711064004138,0.22938230994363146,0.34680305574128156,0.18043101793091204,0.3606690416160095,0.08919389026064728,0.011293843363381312,0.005325080553175959,0.0003336371366455815,-0.00421812905348499,0.002215476548119405,0.2758187104953747,0.041372806574306205,True,0.3381431269429358,0.36916596628558385,0.031022839342648045,0.09167321068265556,6.824209856621446,0.2897112111562534,0.47110965889974826,0.3418337976592934,0.47110965889974826,2.9405887290330845,3.883621127588362,0.5951899440147456,0.12927586124045487,0.12927586124045487,0.3418337976592934,-0.052016942202009475,0.0743421170507991,0.4822653296764058,0.39370289000101544,-0.09161544642166086,0.07695537734907397,0.4919608063007132,0.058531211008563705,0.03932552626611459,0.03348527057095656,0.4115552445468326,0.1789204324517101,0.08688456624905108,0.10235904892590543,0.3290578388674091,0.0,0.0,0.0,0.5951899440147456,0.0,0.0,0.0,0.5951899440147456,0.3109379773095227,0.028526911082918837,0.09999999999999987,camp_conservative,1.0,1.0,camp_conservative,0.817917641221915,0.0,0.0,0.0,-0.0473214682272296,0.4790625110942447,0.06769223056284059,0.3109379773095227,0.02333266382428828,0.6270196691735996,0.27298033082640044,0.09999999999999987,0.3874899205867074,-0.07655194327718468,-0.05565374571412243,0.23818067971898355,-0.002192842643930992,0.007385079794474782,-0.03913242596699117,0.10743433745203199,-0.0026477068450772574,0.0101775475945622,-0.06276943651897891,0.22110282917225924,-0.0989436530042192,0.3247278486130897,-0.002428415903305675,0.007467706989213047,-0.018652164248390026,0.07571451122424237,0.28242039084501563,0.9921905405588568,0.0,B,B,0.3946450898135342,0.3483151028964034,0.3440659168881964,B,0.21058871914466815,0.3448682646476186,-0.0473214682272296,-0.473214682272296,0.4790625110942447,-0.004046497071984304,0.3448682646476186,0.3448682646476186,0.3448682646476186,3.3123305848109263e-09,0.31093797854495686,0.3448682646476186,0.37395171485720335,0.3485036959238167,0.30325634874397345,0.027822162383652368,0.017425184796190877,-0.0017568739566960066,-0.0005418091779045252,-0.0004851967009065901,-0.0027838798355071218,0.0,0.347666941243735,0.0,0.347666941243735,0.0,none,0.0,0.4568532261251309,0.0,0.788292640885175,0.0,0.0,0.0,0.0,0.0,0.08654786907791578,0.0,-0.008190066100338914,-0.002869489510007872,0.5,mainstream_conservative,none,regime_change,-0.25483165958519005,-0.10193266383407602,-0.14531178841661335,0.6814615485405814,3.0,0.09902439635558664,0.0,1.0,3.0,0.75,0.12584370023813649,2.0,1.0,0.0,1.0,0.0,-0.0,-0.10193266383407602,-0.10193266383407602,0.17243319954853462,A,B,rupture_landslide,1.0,1.0,1.0,1.0,0.8082271806109083,0.026081025309583866,0.16393555360047884,0.10167156077441027,0.0,0.10167156077441027,-0.6333333333333333,-0.475,-0.7916666666666666,0.6333333333333333,0.0,0.004318388531528285,-0.004318388531528285,0.10167156077441027,0.17243319954853462,structural_mega_shock_regime
pres_2017,sido_36,C,안철수,제3지대,32010.0,132988.0,0.2289363384935981,0.2406981096869244,-1.1761771193326276,1.1761771193326276,0.22428361009407272,0.22428361009407272,0.2631135050832992,0.10701880797321284,False,안철수,0.6667111051859752,0.3678264347130574,0.3068986202759448,0.2314637072585482,0.3482203559288142,0.1825784843031394,0.3632073585282943,0.0956858628274345,-0.0018782236230871518,0.007924181988891337,0.0012785891505662467,-0.0026563783484595286,0.006543894431705191,0.0,0.0,False,0.0,0.2506050853460695,0.21587557654830852,0.05971111832784838,3.9476385753685284,0.0,0.0,0.2506050853460695,0.23854331055353964,1.9738192876842642,1.9738192876842642,0.4967058501632327,0.0,-0.012061774792529872,0.3418337976592934,-0.052016942202009475,0.0743421170507991,0.4822653296764058,0.39370289000101544,-0.09161544642166086,0.07695537734907397,0.4919608063007132,0.058531211008563705,0.03932552626611459,0.03348527057095656,0.4115552445468326,0.1789204324517101,0.08688456624905108,0.10235904892590543,0.3290578388674091,0.0,0.0,0.0,0.5951899440147456,0.0,0.0,0.0,0.5951899440147456,0.0,0.1985074064030459,0.09999999999999987,camp_centrist,1.0,1.0,camp_centrist,0.1820823587780849,0.1682652325774796,1.0,1.0,0.042062440482865004,0.37963235826766273,0.08580891639157052,0.0,0.21143277028241284,0.6270196691735996,0.27298033082640044,0.09999999999999987,0.0,0.0,-0.0556568219963307,0.3094309705335324,-0.0016040670296488331,0.006790518285597576,-0.03588639340543286,0.12411087733773839,-0.001196307988501464,0.006310997857285507,-0.049603183856712106,0.22454294973364314,-0.06135670201817089,0.24288730177951046,-0.002009695702903872,0.007707534398695687,-0.01442207107001467,0.07821885007399683,0.22173524306771542,1.0,0.0,C,C,0.2045686360034174,0.2631135050832992,0.2721029739802825,C,0.28042467893107936,0.26853988942991247,0.042062440482865004,0.42062440482865004,0.37963235826766273,0.02631248815748299,0.26853988942991247,0.2685398894299124,0.26853988942991247,0.7800212542139785,0.29093258544835343,0.26853988942991247,0.2253613953460371,0.26314257766942806,0.0,0.1985074064030459,0.06463517126638216,0.0,-0.004060917623485793,-0.001910913725780497,-0.00597183134926629,0.0,0.2616752352905915,0.0,0.2616752352905915,0.0,none,0.0,0.4707398923761571,0.207798089713997,0.6976477399744653,0.1985074064030459,0.026294816682506824,0.005219715861487974,0.0,-0.005219715861487974,0.08654786907791578,0.06387124066248094,0.023745554230901557,0.006136888021592901,0.5,party:국민의당,automatic_regional_party_candidate_fit,,0.0,0.0,0.0,0.0,0.0,0.0,0.0,0.0,0.0,0.0,0.0,2.0,0.3593302733829944,0.5503003916764837,0.5503003916764837,0.3044695175348371,0.0,0.0,0.0,0.0,A,B,rupture_landslide,1.0,1.0,1.0,1.0,0.8082271806109083,0.026081025309583866,0.16393555360047884,0.10167156077441027,0.0,0.10167156077441027,0.0,0.0,0.0,0.6333333333333333,0.0,0.0,0.0,0.0,0.0,structural_mega_shock_regime
pres_2017,sido_41,A,문재인,더불어민주당,3319812.0,6764465.0,0.4476180170710016,0.4907719646830005,-4.315394761199887,4.315394761199887,0.44269767423055667,0.44269767423055667,0.3832350631468744,0.10701880797321284,False,문재인,0.6666444429628642,0.3435443544354435,0.3166066606660666,0.2367086708670867,0.3438843884388439,0.204045404540454,0.3703320332033203,0.0727322732273227,-0.009415431051074745,-0.013248292714980103,-0.0016120873233612593,0.00687410118584376,-0.008758642823471134,0.0,0.0,True,0.3272417687563004,0.3597453023257291,0.0325035335694287,0.06719553310853536,26.141190420610847,0.3272417687563004,0.3813524506801444,0.3597453023257291,0.4255897917967555,9.807755693286081,16.333434727324768,0.8306198017683237,0.06584448947102639,0.06584448947102639,0.453601531632832,-0.12848423294645323,0.07045005547965039,0.7144223570795761,0.3597453023257291,-0.08526150075796451,0.06786160668289375,0.6930533819199864,0.08733969689674866,0.0008907217795601496,0.021014044881993547,0.7035284932200423,0.0702131619944534,0.1994856155107921,0.07907113810967596,0.2842731956846641,0.004484827183041622,-0.004484827183041622,0.006986849880776321,0.724105453407469,0.0,0.0,0.0,0.8306198017683237,0.3272417687563004,0.0325035335694287,0.10613522782357221,camp_liberal,1.0,1.0,camp_liberal,0.0,0.8317347674225204,0.0,0.0,0.004256075877995582,0.6769339554013551,0.060398507964980634,0.3272417687563004,0.027034318933778865,0.7461356392221257,0.14772913295430215,0.10613522782357221,0.315911080501429,0.01133068825487138,0.11131056771045314,0.19509385031919735,0.003796909673579825,0.0076041287714295434,0.07501881937242404,0.16230408289258566,0.0038440148335787214,0.007106836594670592,0.11237262037569101,0.2196529496547078,0.1603003550223901,0.3264581704245507,0.004438111606209547,0.009238356012358355,0.0330742353184047,0.059436308700838554,0.5041556339127311,0.9868946833703386,0.0,A,A,0.4007862741830484,0.3832350631468744,0.3791721668325008,A,0.4605176719476821,0.3837853974435616,0.004256075877995582,0.04256075877995582,0.6769339554013551,0.000702842302542303,0.38378539744356155,0.3777864930595232,0.3837853974435616,0.21997874247369104,0.3830865315991046,0.3837853974435616,0.40047845291876166,0.3858720293779616,0.3272417687563004,0.0325035335694287,0.026126727052232512,0.0030325769417300814,0.001025122545350087,0.0011837871365059703,0.0052414866235861385,0.0,0.3881049029080322,0.0,0.3881049029080322,0.0,none,0.0,0.5813581831232747,0.0,0.7895535005436113,0.0,0.0,0.0,0.0021172044250922155,0.0021172044250922155,0.07634401555385492,0.0,-2.3509838228968154e-05,-9.174359800079301e-06,0.5,mainstream_liberal,none,,0.0,0.0,0.0,0.0,0.0,0.0,0.0,0.0,0.0,0.0,0.0,2.0,0.8514394163236539,0.2924023980820645,0.8514394163236539,0.12011643286355546,0.0,0.0,0.0,0.2718134930946739,A,B,rupture_landslide,1.0,1.0,1.0,1.0,0.8082271806109083,0.026081025309583866,0.16393555360047884,0.10167156077441027,0.0,0.10167156077441027,0.6333333333333333,0.475,0.7916666666666666,0.6333333333333333,0.00239817595026493,0.0,0.00239817595026493,0.10167156077441027,0.2718134930946739,structural_mega_shock_regime
pres_2017,sido_41,B,홍준표,국민의힘,1637345.0,6764465.0,0.3523436064104691,0.2420511098362414,11.02924965742277,11.02924965742277,0.3568109046679267,0.3568109046679267,0.3884794302948381,0.10701880797321284,False,홍준표,0.6666666666666666,0.36412411922400745,0.3093711064004138,0.22938230994363146,0.34680305574128156,0.18043101793091204,0.3606690416160095,0.08919389026064728,0.011293843363381312,0.005325080553175959,0.0003336371366455815,-0.00421812905348499,0.002215476548119405,0.2758187104953747,0.041372806574306205,True,0.4188938704658252,0.45360153163283196,0.03470766116700674,0.06929441247609451,26.560661340989228,0.4198582140902464,0.4141648471294747,0.45360153163283196,0.4838355989768434,9.807755693286081,16.752905647703145,0.8306198017683237,0.03023406734401146,0.03023406734401146,0.453601531632832,-0.12848423294645323,0.07045005547965039,0.7144223570795761,0.3597453023257291,-0.08526150075796451,0.06786160668289375,0.6930533819199864,0.08733969689674866,0.0008907217795601496,0.021014044881993547,0.7035284932200423,0.0702131619944534,0.1994856155107921,0.07907113810967596,0.2842731956846641,0.004484827183041622,-0.004484827183041622,0.006986849880776321,0.724105453407469,0.0,0.0,0.0,0.8306198017683237,0.4188938704658252,0.03470766116700674,0.10613522782357221,camp_conservative,1.0,1.0,camp_conservative,0.817917641221915,0.0,0.0,0.0,0.002171177131409732,0.6906336026924791,0.06216715998784513,0.4188938704658252,0.028388008354047613,0.7461356392221257,0.14772913295430215,0.10613522782357221,0.3874899205867074,0.03140394987911782,-0.05565374571412243,0.23818067971898355,-0.002192842643930992,0.007385079794474782,-0.03913242596699117,0.10743433745203199,-0.0026477068450772574,0.0101775475945622,-0.06276943651897891,0.22110282917225924,-0.0989436530042192,0.3247278486130897,-0.002428415903305675,0.007467706989213047,-0.018652164248390026,0.07571451122424237,0.28242039084501563,0.9921905405588568,0.0,B,B,0.3946450898135342,0.3884794302948381,0.38436093541445204,B,0.31415036429797694,0.3887639598210382,0.002171177131409732,0.02171177131409732,0.6906336026924791,0.0,0.3887639598210381,0.41889387046582527,0.3887639598210382,3.3123305848109263e-09,0.4188938713067079,0.3887639598210382,0.49486308307803184,0.40202635022816235,0.35270175258581116,0.029223280130943042,0.020101317511408156,-0.0017712961963854887,-0.0004933297504601052,-0.0004851967009065899,-0.0027498226477521838,0.0,0.4011342711540678,0.0,0.4011342711540678,0.0,none,0.0,0.4568532261251309,0.0,0.788292640885175,0.0,0.0,0.0,0.0,0.0,0.07634401555385492,0.0,-2.3509838228968154e-05,-9.430911428520705e-06,0.5,mainstream_conservative,none,regime_change,-0.25483165958519005,-0.10193266383407602,-0.14531178841661335,0.6814615485405814,3.0,0.09902439635558664,0.0,1.0,3.0,0.75,0.12584370023813649,2.0,1.0,0.0,1.0,0.0,-0.0,-0.10193266383407602,-0.10193266383407602,0.2929610598161668,A,B,rupture_landslide,1.0,1.0,1.0,1.0,0.8082271806109083,0.026081025309583866,0.16393555360047884,0.10167156077441027,0.0,0.10167156077441027,-0.6333333333333333,-0.475,-0.7916666666666666,0.6333333333333333,0.0,0.00239817595026493,-0.00239817595026493,0.10167156077441027,0.2929610598161668,structural_mega_shock_regime
pres_2017,sido_41,C,안철수,제3지대,1807308.0,6764465.0,0.2000383765185292,0.267176925480758,-6.713854896222876,6.713854896222876,0.20049142110151666,0.20049142110151666,0.22828550655828747,0.10701880797321284,False,안철수,0.6667111051859752,0.3678264347130574,0.3068986202759448,0.2314637072585482,0.3482203559288142,0.1825784843031394,0.3632073585282943,0.0956858628274345,-0.0018782236230871518,0.007924181988891337,0.0012785891505662467,-0.0026563783484595286,0.006543894431705191,0.0,0.0,False,0.0,0.12903409155200288,0.08051793821786671,0.08665620193402859,14.015293661109137,0.0,0.0,0.12903409155200288,0.12820705578617952,4.5751697476367434,9.440123913472394,0.695825343411272,0.0,-0.0008270357658233529,0.453601531632832,-0.12848423294645323,0.07045005547965039,0.7144223570795761,0.3597453023257291,-0.08526150075796451,0.06786160668289375,0.6930533819199864,0.08733969689674866,0.0008907217795601496,0.021014044881993547,0.7035284932200423,0.0702131619944534,0.1994856155107921,0.07907113810967596,0.2842731956846641,0.004484827183041622,-0.004484827183041622,0.006986849880776321,0.724105453407469,0.0,0.0,0.0,0.8306198017683237,0.0,0.08051793821786671,0.10613522782357221,camp_centrist,1.0,1.0,camp_centrist,0.1820823587780849,0.1682652325774796,1.0,1.0,-0.006427253009405312,0.41118239927172023,0.06769946745914872,0.0,0.09230680566647567,0.7461356392221257,0.14772913295430215,0.10613522782357221,0.0,0.0,-0.0556568219963307,0.3094309705335324,-0.0016040670296488331,0.006790518285597576,-0.03588639340543286,0.12411087733773839,-0.001196307988501464,0.006310997857285507,-0.049603183856712106,0.22454294973364314,-0.06135670201817089,0.24288730177951046,-0.002009695702903872,0.007707534398695687,-0.01442207107001467,0.07821885007399683,0.22173524306771542,1.0,0.0,C,C,0.2045686360034174,0.22828550655828747,0.2364668977530471,C,0.22533196375434095,0.22745064273540028,-0.006427253009405312,-0.06427253009405312,0.41118239927172023,-0.004395957906187967,0.22745064273540025,0.2033196364746516,0.22745064273540028,0.7800212542139785,0.19801959709418746,0.22745064273540028,0.10465846400320634,0.21210162039387606,0.0,0.08051793821786671,0.13158368217600935,0.0,-0.002043559318362856,-0.004826378187029925,-0.006869937505392781,0.0,0.2107608259379,0.0,0.2107608259379,0.0,none,0.0,0.4707398923761571,0.207798089713997,0.6976477399744653,0.08051793821786671,0.026294816682506824,0.0021172044250922155,0.0,-0.0021172044250922155,0.07634401555385492,0.00022535880137150498,8.916956245678434e-05,1.860527122851674e-05,0.5,party:국민의당,none,,0.0,0.0,0.0,0.0,0.0,0.0,0.0,0.0,0.0,0.0,0.0,2.0,0.3593302733829944,0.5503003916764837,0.5503003916764837,0.3044695175348371,0.0,0.0,0.0,0.0,A,B,rupture_landslide,1.0,1.0,1.0,1.0,0.8082271806109083,0.026081025309583866,0.16393555360047884,0.10167156077441027,0.0,0.10167156077441027,0.0,0.0,0.0,0.6333333333333333,0.0,0.0,0.0,0.0,0.0,structural_mega_shock_regime
pres_2017,sido_42,A,문재인,더불어민주당,324768.0,816517.0,0.4002509906731389,0.3977473958484929,0.2503594824646016,0.2503594824646016,0.40099443093854653,0.40099443093854653,0.35119492022719945,0.10701880797321284,False,문재인,0.6666444429628642,0.3435443544354435,0.3166066606660666,0.2367086708670867,0.3438843884388439,0.204045404540454,0.3703320332033203,0.0727322732273227,-0.009415431051074745,-0.013248292714980103,-0.0016120873233612593,0.00687410118584376,-0.008758642823471134,0.0,0.0,True,0.2826118822779607,0.31677720158272715,0.03416531930476646,0.07100928101778915,26.560661340989228,0.2826118822779607,0.2888080456388622,0.31677720158272715,0.340377101413327,9.807755693286081,16.752905647703145,0.8306198017683237,0.023599899830599846,0.023599899830599846,0.5322349917148309,-0.09114513185623052,0.06759156335697082,0.7341932871209937,0.3167772015827272,-0.06723842554742962,0.07133112022737814,0.669080205829688,0.0749887899299322,-0.006979284121691104,0.021559221451570465,0.6873468229802127,0.04553953459011638,0.1475157401862695,0.05104547069202189,0.38683096681868984,0.0047129450716639435,-0.0047129450716639435,0.008122921750542977,0.7073023739570773,0.0,0.0,0.0,0.8306198017683237,0.2826118822779607,0.03416531930476646,0.10445383398324326,camp_liberal,1.0,1.0,camp_liberal,0.0,0.8317347674225204,0.0,0.0,-0.025822740475743247,0.6674662111215303,0.06071860753948053,0.2826118822779607,0.02841648390586608,0.7824726825173447,0.11307348349941211,0.10445383398324326,0.315911080501429,-0.03329919822346833,0.11131056771045314,0.19509385031919735,0.003796909673579825,0.0076041287714295434,0.07501881937242404,0.16230408289258566,0.0038440148335787214,0.007106836594670592,0.11237262037569101,0.2196529496547078,0.1603003550223901,0.3264581704245507,0.004438111606209547,0.009238356012358355,0.0330742353184047,0.059436308700838554,0.5041556339127311,0.9868946833703386,0.0,A,A,0.4007862741830484,0.35119492022719945,0.3477551796975245,A,0.43281535178485,0.35098048015147665,-0.025822740475743247,-0.25822740475743244,0.6674662111215303,-0.005619010950721721,0.35098048015147665,0.3362790982611813,0.35098048015147665,0.21997874247369104,0.3304632680314705,0.35098048015147665,0.3534384583878285,0.35128772743102066,0.2826118822779607,0.03416531930476646,0.034510525848293505,0.002876827597233356,0.001183616506958425,0.0017175939695264664,0.005778038073718248,0.0,0.35352108048855635,0.0,0.35352108048855635,0.0,none,0.0,0.5813581831232747,0.0,0.7895535005436113,0.0,0.0,0.0,0.0012236022821601061,0.0012236022821601061,0.21621580929673706,0.0,0.0,0.0,0.5,mainstream_liberal,none,,0.0,0.0,0.0,0.0,0.0,0.0,0.0,0.0,0.0,0.0,0.0,2.0,0.8514394163236539,0.2924023980820645,0.8514394163236539,0.12011643286355546,0.0,0.0,0.0,0.23474302563509256,A,B,rupture_landslide,1.0,1.0,1.0,1.0,0.8082271806109083,0.026081025309583866,0.16393555360047884,0.10167156077441027,0.0,0.10167156077441027,0.6333333333333333,0.475,0.7916666666666666,0.6333333333333333,0.0024973638710328074,0.0,0.0024973638710328074,0.10167156077441027,0.23474302563509256,structural_mega_shock_regime
pres_2017,sido_42,B,홍준표,국민의힘,284909.0,816517.0,0.412383971845052,0.3489324346822801,6.345153716277191,6.345153716277191,0.411934799916276,0.411934799916276,0.4380727700678472,0.10701880797321284,False,홍준표,0.6666666666666666,0.36412411922400745,0.3093711064004138,0.22938230994363146,0.34680305574128156,0.18043101793091204,0.3606690416160095,0.08919389026064728,0.011293843363381312,0.005325080553175959,0.0003336371366455815,-0.00421812905348499,0.002215476548119405,0.2758187104953747,0.041372806574306205,True,0.49986080023938395,0.5322349917148308,0.032374191475446845,0.06787529594924073,26.560661340989228,0.49986080023938395,0.5248205290869364,0.5322349917148308,0.5672385721785356,9.807755693286081,16.752905647703145,0.8306198017683237,0.035003580463704775,0.035003580463704775,0.5322349917148309,-0.09114513185623052,0.06759156335697082,0.7341932871209937,0.3167772015827272,-0.06723842554742962,0.07133112022737814,0.669080205829688,0.0749887899299322,-0.006979284121691104,0.021559221451570465,0.6873468229802127,0.04553953459011638,0.1475157401862695,0.05104547069202189,0.38683096681868984,0.0047129450716639435,-0.0047129450716639435,0.008122921750542977,0.7073023739570773,0.0,0.0,0.0,0.8306198017683237,0.49986080023938395,0.032374191475446845,0.10445383398324326,camp_conservative,1.0,1.0,camp_conservative,0.817917641221915,0.0,0.0,0.0,0.04361257172918721,0.7096915221944997,0.058360870827026824,0.49986080023938395,0.026479422328064113,0.7824726825173447,0.11307348349941211,0.10445383398324326,0.3874899205867074,0.11237087965267656,-0.05565374571412243,0.23818067971898355,-0.002192842643930992,0.007385079794474782,-0.03913242596699117,0.10743433745203199,-0.0026477068450772574,0.0101775475945622,-0.06276943651897891,0.22110282917225924,-0.0989436530042192,0.3247278486130897,-0.002428415903305675,0.007467706989213047,-0.018652164248390026,0.07571451122424237,0.28242039084501563,0.9921905405588568,0.0,B,B,0.3946450898135342,0.4380727700678472,0.4337821138670841,B,0.36112675395341953,0.44027223937787213,0.04361257172918721,0.4361257172918721,0.7096915221944997,0.0,0.44027223937787213,0.49986080023938395,0.44027223937787213,3.3123305848109263e-09,0.4998608009599063,0.44027223937787213,0.5782231151142377,0.45751609884491784,0.40820248294174055,0.026437810960931413,0.022875804942245875,-0.0018013883643530485,-0.0003921768709463561,-0.0004851967009065886,-0.0026787619362059934,0.0,0.4565475086178121,0.0,0.4565475086178121,0.0,none,0.0,0.4568532261251309,0.0,0.788292640885175,0.0,0.0,0.0,0.0,0.0,0.21621580929673706,0.0,0.0,0.0,0.5,mainstream_conservative,none,regime_change,-0.25483165958519005,-0.10193266383407602,-0.14531178841661335,0.6814615485405814,3.0,0.09902439635558664,0.0,1.0,3.0,0.75,0.12584370023813649,2.0,1.0,0.0,1.0,0.0,-0.0,-0.10193266383407602,-0.10193266383407602,0.3390610654624061,A,B,rupture_landslide,1.0,1.0,1.0,1.0,0.8082271806109083,0.026081025309583866,0.16393555360047884,0.10167156077441027,0.0,0.10167156077441027,-0.6333333333333333,-0.475,-0.7916666666666666,0.6333333333333333,0.0,0.0024973638710328074,-0.0024973638710328074,0.10167156077441027,0.3390610654624061,structural_mega_shock_regime
pres_2017,sido_42,C,안철수,제3지대,206840.0,816517.0,0.187365037481809,0.2533201694692269,-6.595513198741792,6.595513198741792,0.18707076914517745,0.18707076914517745,0.21073230970495344,0.10701880797321284,False,안철수,0.6667111051859752,0.3678264347130574,0.3068986202759448,0.2314637072585482,0.3482203559288142,0.1825784843031394,0.3632073585282943,0.0956858628274345,-0.0018782236230871518,0.007924181988891337,0.0012785891505662467,-0.0026563783484595286,0.006543894431705191,0.0,0.0,False,0.0,0.08369018441301466,0.046533972719198805,0.08264194420008442,13.493638206318675,0.0,0.0,0.08369018441301466,0.13385799022992823,4.5751697476367434,8.918468458681932,0.695825343411272,0.05016780581691356,0.05016780581691356,0.5322349917148309,-0.09114513185623052,0.06759156335697082,0.7341932871209937,0.3167772015827272,-0.06723842554742962,0.07133112022737814,0.669080205829688,0.0749887899299322,-0.006979284121691104,0.021559221451570465,0.6873468229802127,0.04553953459011638,0.1475157401862695,0.05104547069202189,0.38683096681868984,0.0047129450716639435,-0.0047129450716639435,0.008122921750542977,0.7073023739570773,0.0,0.0,0.0,0.8306198017683237,0.0,0.046533972719198805,0.10445383398324326,camp_centrist,1.0,1.0,camp_centrist,0.1820823587780849,0.1682652325774796,1.0,1.0,-0.017789831253443966,0.4840295119434587,0.04753986989378076,0.0,0.058177577265481915,0.7824726825173447,0.11307348349941211,0.10445383398324326,0.0,0.0,-0.0556568219963307,0.3094309705335324,-0.0016040670296488331,0.006790518285597576,-0.03588639340543286,0.12411087733773839,-0.001196307988501464,0.006310997857285507,-0.049603183856712106,0.22454294973364314,-0.06135670201817089,0.24288730177951046,-0.002009695702903872,0.007707534398695687,-0.01442207107001467,0.07821885007399683,0.22173524306771542,1.0,0.0,C,C,0.2045686360034174,0.21073230970495344,0.2184627064353914,C,0.2060578942617305,0.2087472804706512,-0.017789831253443966,-0.17789831253443966,0.4840295119434587,-0.01447254083803127,0.2087472804706512,0.16386010149943472,0.2087472804706512,0.7800212542139785,0.16967593100862308,0.2087472804706512,0.06833842649793373,0.1911961737240615,0.0,0.046533972719198805,0.1446622010048627,0.0,-0.0013101756491735374,-0.005886256354707169,-0.0071964320038807065,0.0,0.18993141089363147,0.0,0.18993141089363147,0.0,none,0.0,0.4707398923761571,0.207798089713997,0.6976477399744653,0.046533972719198805,0.026294816682506824,0.0012236022821601061,0.0,-0.0012236022821601061,0.21621580929673706,0.0,0.0,0.0,0.5,party:국민의당,none,,0.0,0.0,0.0,0.0,0.0,0.0,0.0,0.0,0.0,0.0,0.0,2.0,0.3593302733829944,0.5503003916764837,0.5503003916764837,0.3044695175348371,0.0,0.0,0.0,0.0,A,B,rupture_landslide,1.0,1.0,1.0,1.0,0.8082271806109083,0.026081025309583866,0.16393555360047884,0.10167156077441027,0.0,0.10167156077441027,0.0,0.0,0.0,0.6333333333333333,0.0,0.0,0.0,0.0,0.0,structural_mega_shock_regime
pres_2017,sido_43,A,문재인,더불어민주당,374806.0,841762.0,0.4380335236048492,0.4452637222628979,-0.7230198658048637,0.7230198658048637,0.4362640851441352,0.4362640851441352,0.37667756850020473,0.10701880797321284,False,문재인,0.6666444429628642,0.3435443544354435,0.3166066606660666,0.2367086708670867,0.3438843884388439,0.204045404540454,0.3703320332033203,0.0727322732273227,-0.009415431051074745,-0.013248292714980103,-0.0016120873233612593,0.00687410118584376,-0.008758642823471134,0.0,0.0,True,0.31583708905045615,0.3531936095101479,0.03735652045969173,0.0759748085707562,26.282339669171073,0.31583708905045615,0.3370539295846292,0.3531936095101479,0.3961292408421317,9.807755693286081,16.474583975884993,0.8306198017683237,0.0429356313319838,0.0429356313319838,0.44962206409132693,-0.058863557278985235,0.07346325483968566,0.7084874169962981,0.3531936095101479,-0.06828062210809249,0.07799378160107014,0.6699446871717658,0.0739086250772885,-0.009312688993889207,0.02157369213532074,0.6860008466820772,0.07603001697031389,0.1383347622316147,0.07386739090526542,0.34378564062299083,0.02202405433217216,-0.02202405433217216,0.032554073762912555,0.4551888635015871,0.0,0.0,0.0,0.8306198017683237,0.3085227695503558,0.036491398738630755,0.09999999999999987,camp_liberal,1.0,1.0,camp_liberal,0.0,0.8317347674225204,0.0,0.0,-0.0030208843736662747,0.6592947103222409,0.06790849977954702,0.3085227695503558,0.030351165042797505,0.7133605769887563,0.18663942301124373,0.09999999999999998,0.315911080501429,-0.007388310951073229,0.11131056771045314,0.19509385031919735,0.003796909673579825,0.0076041287714295434,0.07501881937242404,0.16230408289258566,0.0038440148335787214,0.007106836594670592,0.11237262037569101,0.2196529496547078,0.1603003550223901,0.3264581704245507,0.004438111606209547,0.009238356012358355,0.0330742353184047,0.059436308700838554,0.5041556339127311,0.9868946833703386,0.0,A,A,0.4007862741830484,0.37667756850020473,0.3726362258665319,A,0.4532100598684748,0.377092566585476,-0.0030208843736662747,-0.030208843736662747,0.6592947103222409,-0.000599358964761292,0.377092566585476,0.37435821188680996,0.377092566585476,0.21997874247369104,0.37157734936775355,0.377092566585476,0.38272342494753414,0.37779642388073326,0.3085227695503558,0.036491398738630755,0.03278225559174671,0.0029202213701687405,0.0011754960515900003,0.0015170954180024733,0.005612812839761215,0.0,0.38007623214815883,0.0,0.38007623214815883,0.0,none,0.0,0.5813581831232747,0.0,0.7895535005436113,0.0,0.0,0.0,0.0030443178763218492,0.0030443178763218492,0.11276987925689254,0.0,-0.0007470461088695701,-0.0002864939922834209,0.5,mainstream_liberal,none,,0.0,0.0,0.0,0.0,0.0,0.0,0.0,0.0,0.0,0.0,0.0,2.0,0.8514394163236539,0.2924023980820645,0.8514394163236539,0.12011643286355546,0.0,0.0,0.0,0.25626512168493076,A,B,rupture_landslide,1.0,1.0,1.0,1.0,0.8082271806109083,0.026081025309583866,0.16393555360047884,0.10167156077441027,0.0,0.10167156077441027,0.6333333333333333,0.475,0.7916666666666666,0.6333333333333333,0.0024007204116222435,0.0,0.0024007204116222435,0.10167156077441027,0.25626512168493076,structural_mega_shock_regime
pres_2017,sido_43,B,홍준표,국민의힘,255502.0,841762.0,0.3583194677680175,0.303532246813368,5.478722095464949,5.478722095464949,0.3622566362818919,0.3622566362818919,0.3922651545513932,0.10701880797321284,False,홍준표,0.6666666666666666,0.36412411922400745,0.3093711064004138,0.22938230994363146,0.34680305574128156,0.18043101793091204,0.3606690416160095,0.08919389026064728,0.011293843363381312,0.005325080553175959,0.0003336371366455815,-0.00421812905348499,0.002215476548119405,0.2758187104953747,0.041372806574306205,True,0.4144355206757091,0.4496220640913269,0.03518654341561778,0.07369348616433925,26.560661340989228,0.4144355206757091,0.4263655974073329,0.4496220640913269,0.4816035002348181,9.807755693286081,16.752905647703145,0.8306198017683237,0.03198143614349125,0.03198143614349125,0.44962206409132693,-0.058863557278985235,0.07346325483968566,0.7084874169962981,0.3531936095101479,-0.06828062210809249,0.07799378160107014,0.6699446871717658,0.0739086250772885,-0.009312688993889207,0.02157369213532074,0.6860008466820772,0.07603001697031389,0.1383347622316147,0.07386739090526542,0.34378564062299083,0.02202405433217216,-0.02202405433217216,0.032554073762912555,0.4551888635015871,0.0,0.0,0.0,0.8306198017683237,0.40483780743840053,0.03437167515103323,0.09999999999999987,camp_conservative,1.0,1.0,camp_conservative,0.817917641221915,0.0,0.0,0.0,0.011630765620656477,0.6833413935758211,0.06512163729369883,0.40483780743840053,0.02811319946437901,0.7133605769887563,0.18663942301124373,0.09999999999999998,0.3874899205867074,0.01734788685169314,-0.05565374571412243,0.23818067971898355,-0.002192842643930992,0.007385079794474782,-0.03913242596699117,0.10743433745203199,-0.0026477068450772574,0.0101775475945622,-0.06276943651897891,0.22110282917225924,-0.0989436530042192,0.3247278486130897,-0.002428415903305675,0.007467706989213047,-0.018652164248390026,0.07571451122424237,0.28242039084501563,0.9921905405588568,0.0,B,B,0.3946450898135342,0.3922651545513932,0.3880565739897611,B,0.314785804617889,0.3929327632051101,0.011630765620656477,0.11630765620656476,0.6833413935758211,0.0,0.3929327632051101,0.40483780743840053,0.3929327632051101,3.3123305848109263e-09,0.40483780838784506,0.3929327632051101,0.4785027589099447,0.40362901266821444,0.35343970573349487,0.030007856301308842,0.020181450633410727,-0.001767954374179103,-0.0005045630700189804,-0.00048519670090658903,-0.0027577141451046727,0.0,0.4026799178104242,0.0,0.4026799178104242,0.0,none,0.0,0.4568532261251309,0.0,0.788292640885175,0.0,0.0,0.0,0.0,0.0,0.11276987925689254,0.0,-0.0007470461088695701,-0.00030112030601986417,0.5,mainstream_conservative,none,regime_change,-0.25483165958519005,-0.10193266383407602,-0.14531178841661335,0.6814615485405814,3.0,0.09902439635558664,0.0,1.0,3.0,0.75,0.12584370023813649,2.0,1.0,0.0,1.0,0.0,-0.0,-0.10193266383407602,-0.10193266383407602,0.2935740183134102,A,B,rupture_landslide,1.0,1.0,1.0,1.0,0.8082271806109083,0.026081025309583866,0.16393555360047884,0.10167156077441027,0.0,0.10167156077441027,-0.6333333333333333,-0.475,-0.7916666666666666,0.6333333333333333,0.0,0.0024007204116222435,-0.0024007204116222435,0.10167156077441027,0.2935740183134102,structural_mega_shock_regime
pres_2017,sido_43,C,안철수,제3지대,211454.0,841762.0,0.2036470086271332,0.2512040309237341,-4.755702229660094,4.755702229660094,0.2014792785739729,0.2014792785739729,0.2310572769484021,0.10701880797321284,False,안철수,0.6667111051859752,0.3678264347130574,0.3068986202759448,0.2314637072585482,0.3482203559288142,0.1825784843031394,0.3632073585282943,0.0956858628274345,-0.0018782236230871518,0.007924181988891337,0.0012785891505662467,-0.0026563783484595286,0.006543894431705191,0.0,0.0,False,0.0,0.1397240046135909,0.11852112290039862,0.0614990163264298,13.493638206318675,0.0,0.0,0.1397240046135909,0.17376471609934582,4.5751697476367434,8.918468458681932,0.695825343411272,0.03404071148575491,0.03404071148575491,0.44962206409132693,-0.058863557278985235,0.07346325483968566,0.7084874169962981,0.3531936095101479,-0.06828062210809249,0.07799378160107014,0.6699446871717658,0.0739086250772885,-0.009312688993889207,0.02157369213532074,0.6860008466820772,0.07603001697031389,0.1383347622316147,0.07386739090526542,0.34378564062299083,0.02202405433217216,-0.02202405433217216,0.032554073762912555,0.4551888635015871,0.0,0.0,0.0,0.8306198017683237,0.0,0.11577634912157975,0.09999999999999987,camp_centrist,1.0,1.0,camp_centrist,0.1820823587780849,0.1682652325774796,1.0,1.0,-0.0086098812469902,0.4461188941329927,0.06533473185669868,0.0,0.1281750585040672,0.7133605769887563,0.18663942301124373,0.09999999999999998,0.0,0.0,-0.0556568219963307,0.3094309705335324,-0.0016040670296488331,0.006790518285597576,-0.03588639340543286,0.12411087733773839,-0.001196307988501464,0.006310997857285507,-0.049603183856712106,0.22454294973364314,-0.06135670201817089,0.24288730177951046,-0.002009695702903872,0.007707534398695687,-0.01442207107001467,0.07821885007399683,0.22173524306771542,1.0,0.0,C,C,0.2045686360034174,0.2310572769484021,0.23930720014370707,C,0.23200413551363624,0.22997467020941384,-0.0086098812469902,-0.086098812469902,0.4461188941329927,-0.006396944053324399,0.22997467020941384,0.2208039806747895,0.22997467020941384,0.7800212542139785,0.22358484224440142,0.22997467020941384,0.1387738161425211,0.21857456345105225,0.0,0.11577634912157975,0.1027982143294725,0.0,-0.0028514044306078095,-0.0036588891450668568,-0.006510293575674666,0.0,0.217243850041417,0.0,0.217243850041417,0.0,none,0.0,0.4707398923761571,0.207798089713997,0.6976477399744653,0.11577634912157975,0.026294816682506824,0.0030443178763218492,0.0,-0.0030443178763218492,0.11276987925689254,0.006975235672258904,0.002740571727259882,0.000587614298303285,0.5,party:국민의당,automatic_regional_party_candidate_fit,,0.0,0.0,0.0,0.0,0.0,0.0,0.0,0.0,0.0,0.0,0.0,2.0,0.3593302733829944,0.5503003916764837,0.5503003916764837,0.3044695175348371,0.0,0.0,0.0,0.0,A,B,rupture_landslide,1.0,1.0,1.0,1.0,0.8082271806109083,0.026081025309583866,0.16393555360047884,0.10167156077441027,0.0,0.10167156077441027,0.0,0.0,0.0,0.6333333333333333,0.0,0.0,0.0,0.0,0.0,structural_mega_shock_regime
pres_2017,sido_44,A,문재인,더불어민주당,476661.0,1073491.0,0.4223931951273034,0.4440288471043696,-2.163565197706624,2.163565197706624,0.42484310546617987,0.42484310546617987,0.3537353527214531,0.10701880797321284,False,문재인,0.6666444429628642,0.3435443544354435,0.3166066606660666,0.2367086708670867,0.3438843884388439,0.204045404540454,0.3703320332033203,0.0727322732273227,-0.009415431051074745,-0.013248292714980103,-0.0016120873233612593,0.00687410118584376,-0.008758642823471134,0.0,0.0,True,0.25129062298421057,0.28758589233334625,0.036295269349135684,0.07686478830314356,26.282339669171073,0.2528102244281454,0.243838683127572,0.28758589233334625,0.3570197159165026,9.807755693286081,16.474583975884993,0.8306198017683237,0.06943382358315636,0.06943382358315636,0.37352061901945677,0.0008434206052960191,0.07769535298106411,0.6782416274993477,0.28758589233334625,-0.007444095693842134,0.0726054197300357,0.6519763788259987,0.0613738219807657,0.004667061901267602,0.01940006765407801,0.6859351706536148,0.16572649032993772,0.05946744004421939,0.15109473932458364,0.24885405647633047,0.08023357214694928,-0.08023357214694928,0.11859440530521738,0.16612396035366475,0.0,0.0,0.0,0.8306198017683237,0.24285972432915723,0.03507754887112304,0.09999999999999998,camp_liberal,1.0,1.0,camp_liberal,0.0,0.8317347674225204,0.0,0.0,-0.005572496849334618,0.6331138000052345,0.0710677538050751,0.24285972432915723,0.029175216952075617,0.5668151284655512,0.33318487153444887,0.09999999999999998,0.315911080501429,-0.07305135617227179,0.11131056771045314,0.19509385031919735,0.003796909673579825,0.0076041287714295434,0.07501881937242404,0.16230408289258566,0.0038440148335787214,0.007106836594670592,0.11237262037569101,0.2196529496547078,0.1603003550223901,0.3264581704245507,0.004438111606209547,0.009238356012358355,0.0330742353184047,0.059436308700838554,0.5041556339127311,0.9868946833703386,0.0,A,A,0.4007862741830484,0.3537353527214531,0.34906164185001937,A,0.40540137618583055,0.3529337958057059,-0.005572496849334618,-0.055724968493346176,0.6331138000052345,-0.0018362218551980576,0.3529337958057059,0.3529337958057059,0.3529337958057059,0.21997874247369104,0.33815118762793267,0.3529337958057059,0.3132306527808509,0.347970902927599,0.24285972432915723,0.03507754887112304,0.07003362972731875,0.0024957378403868916,0.0012268029601373083,0.0035188083428306723,0.0072413491433548725,0.0,0.3505410270651586,0.0,0.3505410270651586,0.0,none,0.0,0.5813581831232747,0.0,0.7895535005436113,0.0,0.0,0.0,0.0068648895678587556,0.0068648895678587556,0.25790038739686155,0.0,-0.021327129182050802,-0.00775037216563762,0.5,mainstream_liberal,none,,0.0,0.0,0.0,0.0,0.0,0.0,0.0,0.0,0.0,0.0,0.0,2.0,0.8514394163236539,0.2924023980820645,0.8514394163236539,0.12011643286355546,0.0,0.0,0.0,0.20172409607979433,A,B,rupture_landslide,1.0,1.0,1.0,1.0,0.8082271806109083,0.026081025309583866,0.16393555360047884,0.10167156077441027,0.0,0.10167156077441027,0.6333333333333333,0.475,0.7916666666666666,0.6333333333333333,0.002410686479177052,0.0,0.002410686479177052,0.10167156077441027,0.20172409607979433,structural_mega_shock_regime
pres_2017,sido_44,B,홍준표,국민의힘,306614.0,1073491.0,0.3299000999373034,0.2856238059878202,4.427629394948323,4.427629394948323,0.33626174016958527,0.33626174016958527,0.36100603435779544,0.10701880797321284,False,홍준표,0.6666666666666666,0.36412411922400745,0.3093711064004138,0.22938230994363146,0.34680305574128156,0.18043101793091204,0.3606690416160095,0.08919389026064728,0.011293843363381312,0.005325080553175959,0.0003336371366455815,-0.00421812905348499,0.002215476548119405,0.2758187104953747,0.041372806574306205,True,0.3352015471046246,0.37352061901945677,0.03831907191483219,0.08122435212392805,26.560661340989228,0.3363070362994176,0.3297803631325756,0.37352061901945677,0.41743670630737106,9.807755693286081,16.752905647703145,0.8306198017683237,0.043916087287914296,0.043916087287914296,0.37352061901945677,0.0008434206052960191,0.07769535298106411,0.6782416274993477,0.28758589233334625,-0.007444095693842134,0.0726054197300357,0.6519763788259987,0.0613738219807657,0.004667061901267602,0.01940006765407801,0.6859351706536148,0.16572649032993772,0.05946744004421939,0.15109473932458364,0.24885405647633047,0.08023357214694928,-0.08023357214694928,0.11859440530521738,0.16612396035366475,0.0,0.0,0.0,0.8306198017683237,0.32395540413639395,0.037033452069439275,0.09999999999999998,camp_conservative,1.0,1.0,camp_conservative,0.817917641221915,0.0,0.0,0.0,-0.0010158587895125522,0.6481760598620435,0.07483985922136853,0.32395540413639395,0.03029031376294062,0.5668151284655512,0.33318487153444887,0.09999999999999998,0.3874899205867074,-0.06353451645031344,-0.05565374571412243,0.23818067971898355,-0.002192842643930992,0.007385079794474782,-0.03913242596699117,0.10743433745203199,-0.0026477068450772574,0.0101775475945622,-0.06276943651897891,0.22110282917225924,-0.0989436530042192,0.3247278486130897,-0.002428415903305675,0.007467706989213047,-0.018652164248390026,0.07571451122424237,0.28242039084501563,0.9921905405588568,0.0,B,B,0.3946450898135342,0.36100603435779544,0.35623625996445163,B,0.2800121297871124,0.3608095842749156,-0.0010158587895125522,-0.010158587895125522,0.6481760598620435,-0.00011199361610633724,0.3608095842749156,0.3608095842749156,0.3608095842749156,3.3123305848109263e-09,0.32395540557124547,0.3608095842749156,0.3970698146333248,0.36534211306971676,0.3114689618813506,0.035606045534880344,0.01826710565348582,-0.0017212863732013878,-0.0006614345418629293,-0.00048519670090658843,-0.0028679176159709056,0.0,0.3643386646615806,0.0,0.3643386646615806,0.0,none,0.0,0.4568532261251309,0.0,0.788292640885175,0.0,0.0,0.0,0.0,0.0,0.25790038739686155,0.0,-0.021327129182050802,-0.007900709288923558,0.5,mainstream_conservative,none,regime_change,-0.25483165958519005,-0.10193266383407602,-0.14531178841661335,0.6814615485405814,3.0,0.09902439635558664,0.0,1.0,3.0,0.75,0.12584370023813649,2.0,1.0,0.0,1.0,0.0,-0.0,-0.10193266383407602,-0.10193266383407602,0.258712287374873,A,B,rupture_landslide,1.0,1.0,1.0,1.0,0.8082271806109083,0.026081025309583866,0.16393555360047884,0.10167156077441027,0.0,0.10167156077441027,-0.6333333333333333,-0.475,-0.7916666666666666,0.6333333333333333,0.0,0.002410686479177052,-0.002410686479177052,0.10167156077441027,0.258712287374873,structural_mega_shock_regime
pres_2017,sido_44,C,안철수,제3지대,290216.0,1073491.0,0.2477067049353931,0.2703473469078102,-2.2640641972417024,2.2640641972417024,0.23889515436423492,0.23889515436423492,0.2852586129207515,0.10701880797321284,False,안철수,0.6667111051859752,0.3678264347130574,0.3068986202759448,0.2314637072585482,0.3482203559288142,0.1825784843031394,0.3632073585282943,0.0956858628274345,-0.0018782236230871518,0.007924181988891337,0.0012785891505662467,-0.0026563783484595286,0.006543894431705191,0.0,0.0,False,0.0,0.30456351086302863,0.2701370750858605,0.09759072443152697,14.015293661109137,0.0,0.0,0.30456351086302863,0.31240225437402547,4.5751697476367434,9.440123913472394,0.695825343411272,0.007838743510996837,0.007838743510996837,0.37352061901945677,0.0008434206052960191,0.07769535298106411,0.6782416274993477,0.28758589233334625,-0.007444095693842134,0.0726054197300357,0.6519763788259987,0.0613738219807657,0.004667061901267602,0.01940006765407801,0.6859351706536148,0.16572649032993772,0.05946744004421939,0.15109473932458364,0.24885405647633047,0.08023357214694928,-0.08023357214694928,0.11859440530521738,0.16612396035366475,0.0,0.0,0.0,0.8306198017683237,0.0,0.26107387059388654,0.09999999999999998,camp_centrist,1.0,1.0,camp_centrist,0.1820823587780849,0.1682652325774796,1.0,1.0,0.0065883556388471685,0.3686076396875214,0.12258537962339577,0.0,0.2737193408194326,0.5668151284655512,0.33318487153444887,0.09999999999999998,0.0,0.0,-0.0556568219963307,0.3094309705335324,-0.0016040670296488331,0.006790518285597576,-0.03588639340543286,0.12411087733773839,-0.001196307988501464,0.006310997857285507,-0.049603183856712106,0.22454294973364314,-0.06135670201817089,0.24288730177951046,-0.002009695702903872,0.007707534398695687,-0.01442207107001467,0.07821885007399683,0.22173524306771542,1.0,0.0,C,C,0.2045686360034174,0.2852586129207515,0.294702098185529,C,0.3145864940270571,0.2862566199193785,0.0065883556388471685,0.06588355638847168,0.3686076396875214,0.003924826841365191,0.2862566199193785,0.2862566199193785,0.2862566199193785,0.7800212542139785,0.3378934068008219,0.2862566199193785,0.2896995325858244,0.2866869840026843,0.0,0.26107387059388654,0.02561311340879774,0.0,-0.004902233815771079,-0.000695052639996846,-0.005597286455767925,0.0,0.2851203082732608,0.0,0.2851203082732608,0.0,none,0.0,0.4707398923761571,0.207798089713997,0.6976477399744653,0.26107387059388654,0.026294816682506824,0.0068648895678587556,0.0,-0.0068648895678587556,0.25790038739686155,0.15329174383216967,0.05531874273403403,0.015651081454561233,0.5,party:국민의당,automatic_regional_party_candidate_fit,,0.0,0.0,0.0,0.0,0.0,0.0,0.0,0.0,0.0,0.0,0.0,2.0,0.3593302733829944,0.5503003916764837,0.5503003916764837,0.3044695175348371,0.0,0.0,0.0,0.0,A,B,rupture_landslide,1.0,1.0,1.0,1.0,0.8082271806109083,0.026081025309583866,0.16393555360047884,0.10167156077441027,0.0,0.10167156077441027,0.0,0.0,0.0,0.6333333333333333,0.0,0.0,0.0,0.0,0.0,structural_mega_shock_regime
pres_2017,sido_45,A,문재인,더불어민주당,778747.0,1104445.0,0.6899034539661999,0.7051028597153987,-1.5199405749198758,1.5199405749198758,0.6720672651063986,0.6720672651063986,0.5630106812050406,0.10701880797321284,False,문재인,0.6666444429628642,0.3435443544354435,0.3166066606660666,0.2367086708670867,0.3438843884388439,0.204045404540454,0.3703320332033203,0.0727322732273227,-0.009415431051074745,-0.013248292714980103,-0.0016120873233612593,0.00687410118584376,-0.008758642823471134,0.0,0.0,True,0.6288189590851788,0.6362129684401782,0.007394009354999342,0.09320998415272012,26.560661340989228,0.617061309523086,0.8340739824673946,0.6259631071196013,0.8340739824673946,9.807755693286081,16.752905647703145,0.8306198017683237,0.20811087534779327,0.20811087534779327,0.10691983358320271,-0.029403168213452013,0.03338297889350204,0.6539145206207087,0.6259631071196015,-0.28109370655414617,0.09236654081051762,0.7171202971208265,0.13591721193671627,-0.04560106706256037,0.027210070031343972,0.709053741584341,0.08724760664577579,0.3407173593317962,0.1102183010116881,0.16612396035366475,0.0038892718538498304,-0.0038892718538498304,0.006703292836013786,0.7272989073657206,0.0,0.0,0.0,0.8306198017683237,0.6288189590851788,0.007394009354999342,0.19429491583741132,camp_liberal,1.0,1.0,camp_liberal,0.0,0.8317347674225204,0.0,0.0,0.10904063142326889,0.6817152162800247,0.07781943395169369,0.6288189590851788,0.006149854651200318,0.7109845278680531,0.09472055629453557,0.19429491583741132,0.315911080501429,0.3129078785837498,0.11131056771045314,0.19509385031919735,0.003796909673579825,0.0076041287714295434,0.07501881937242404,0.16230408289258566,0.0038440148335787214,0.007106836594670592,0.11237262037569101,0.2196529496547078,0.1603003550223901,0.3264581704245507,0.004438111606209547,0.009238356012358355,0.0330742353184047,0.059436308700838554,0.5041556339127311,0.9868946833703386,0.0,A,A,0.4007862741830484,0.5630106812050406,0.5561321642675173,A,0.6386471517717648,0.5676486151013448,0.10904063142326889,1.0,0.6817152162800247,0.0,0.5676486151013448,0.6288189590851788,0.5676486151013448,0.21997874247369104,0.6923962192002046,0.5676486151013448,0.746504208336517,0.5900055642557415,0.553991144498985,0.006514141543969289,0.029500278212787168,0.0033576321246613933,0.00013436606244449426,0.0008741821044057139,0.004366180291511602,0.0,0.5926212182154349,0.0,0.5926212182154349,0.0,none,0.0,0.5813581831232747,0.0,0.7895535005436113,0.0,0.0,0.0,0.0016453266882565667,0.0016453266882565667,0.44732035153910316,0.0,-0.019508227036061112,-0.011827691116406802,0.5,mainstream_liberal,none,,0.0,0.0,0.0,0.0,0.0,0.0,0.0,0.0,0.0,0.0,0.0,2.0,0.8514394163236539,0.2924023980820645,0.8514394163236539,0.12011643286355546,0.0,0.0,0.0,0.4601560146251537,A,B,rupture_landslide,1.0,1.0,1.0,1.0,0.8082271806109083,0.026081025309583866,0.16393555360047884,0.10167156077441027,0.0,0.10167156077441027,0.6333333333333333,0.475,0.7916666666666666,0.6333333333333333,0.002903517220588417,0.0,0.002903517220588417,0.10167156077441027,0.4601560146251537,structural_mega_shock_regime
pres_2017,sido_45,B,홍준표,국민의힘,40231.0,1104445.0,0.0541666162496822,0.0364266280412613,1.7739988208420885,1.7739988208420885,0.09077838392040995,0.09077838392040995,0.17348007876710048,0.10701880797321284,False,홍준표,0.6666666666666666,0.36412411922400745,0.3093711064004138,0.22938230994363146,0.34680305574128156,0.18043101793091204,0.3606690416160095,0.08919389026064728,0.011293843363381312,0.005325080553175959,0.0003336371366455815,-0.00421812905348499,0.002215476548119405,0.2758187104953747,0.041372806574306205,True,0.08216556878287432,0.10691983358320269,0.02475426480032837,0.035988787882710135,25.383591914052992,0.09093045714266534,0.0391836269269957,0.10691983358320269,0.0846582767690075,9.807755693286081,15.575836220766913,0.8306198017683237,0.0,-0.022261556814195185,0.10691983358320271,-0.029403168213452013,0.03338297889350204,0.6539145206207087,0.6259631071196015,-0.28109370655414617,0.09236654081051762,0.7171202971208265,0.13591721193671627,-0.04560106706256037,0.027210070031343972,0.709053741584341,0.08724760664577579,0.3407173593317962,0.1102183010116881,0.16612396035366475,0.0038892718538498304,-0.0038892718538498304,0.006703292836013786,0.7272989073657206,0.0,0.0,0.0,0.8306198017683237,0.08216556878287432,0.02475426480032837,0.19429491583741132,camp_conservative,1.0,1.0,camp_conservative,0.817917641221915,0.0,0.0,0.0,-0.11915224037118585,0.6401810142955774,0.03936726057774568,0.08216556878287432,0.02024694987566726,0.7109845278680531,0.09472055629453557,0.19429491583741132,0.3874899205867074,-0.3053243518038331,-0.05565374571412243,0.23818067971898355,-0.002192842643930992,0.007385079794474782,-0.03913242596699117,0.10743433745203199,-0.0026477068450772574,0.0101775475945622,-0.06276943651897891,0.22110282917225924,-0.0989436530042192,0.3247278486130897,-0.002428415903305675,0.007467706989213047,-0.018652164248390026,0.07571451122424237,0.28242039084501563,0.9921905405588568,0.0,B,B,0.3946450898135342,0.17348007876710048,0.1713606062598146,B,0.09390264227255804,0.16523909735937276,-0.11915224037118585,-1.0,0.6401810142955774,-0.056873265096094326,0.16523909735937276,0.15072784052053168,0.16523909735937276,3.3123305848109263e-09,0.0821655697401891,0.16523909735937276,0.13902495009769184,0.16196232895166268,0.08216556878287432,0.02475426480032837,0.055042495368459995,-0.0010242688009873364,-0.0010372868776573842,-0.0032978578827936554,-0.005359413561438376,0.0,0.16110585751114917,0.0,0.16110585751114917,0.0,none,0.0,0.4568532261251309,0.0,0.788292640885175,0.0,0.0,0.0,0.0,0.0,0.44732035153910316,0.0,-0.019508227036061112,-0.0032064909862871693,0.5,mainstream_conservative,none,regime_change,-0.25483165958519005,-0.10193266383407602,-0.14531178841661335,0.6814615485405814,3.0,0.09902439635558664,0.0,1.0,3.0,0.75,0.12584370023813649,2.0,1.0,0.0,1.0,0.0,-0.0,-0.10193266383407602,-0.10193266383407602,0.06824834845461263,A,B,rupture_landslide,1.0,1.0,1.0,1.0,0.8082271806109083,0.026081025309583866,0.16393555360047884,0.10167156077441027,0.0,0.10167156077441027,-0.6333333333333333,-0.475,-0.7916666666666666,0.6333333333333333,0.0,0.002903517220588417,-0.002903517220588417,0.10167156077441027,0.06824834845461263,structural_mega_shock_regime
pres_2017,sido_45,C,안철수,제3지대,285467.0,1104445.0,0.2559299297841178,0.25847051224334,-0.2540582459222229,0.2540582459222229,0.23715435097319143,0.23715435097319143,0.2635092400278588,0.10701880797321284,False,안철수,0.6667111051859752,0.3678264347130574,0.3068986202759448,0.2314637072585482,0.3482203559288142,0.1825784843031394,0.3632073585282943,0.0956858628274345,-0.0018782236230871518,0.007924181988891337,0.0012785891505662467,-0.0026563783484595286,0.006543894431705191,0.0,0.0,False,0.0,0.16033910656969846,0.06257228213920786,0.14746881066677708,13.493638206318675,0.0,0.0,0.16033910656969846,0.09911973274529111,4.5751697476367434,8.918468458681932,0.695825343411272,0.0,-0.061219373824407355,0.10691983358320271,-0.029403168213452013,0.03338297889350204,0.6539145206207087,0.6259631071196015,-0.28109370655414617,0.09236654081051762,0.7171202971208265,0.13591721193671627,-0.04560106706256037,0.027210070031343972,0.709053741584341,0.08724760664577579,0.3407173593317962,0.1102183010116881,0.16612396035366475,0.0038892718538498304,-0.0038892718538498304,0.006703292836013786,0.7272989073657206,0.0,0.0,0.0,0.8306198017683237,0.0,0.06257228213920786,0.19429491583741132,camp_centrist,1.0,1.0,camp_centrist,0.1820823587780849,0.1682652325774796,1.0,1.0,0.010111608947916958,0.3232666788622647,0.08919929923906039,0.0,0.068323751767668,0.7109845278680531,0.09472055629453557,0.19429491583741132,0.0,0.0,-0.0556568219963307,0.3094309705335324,-0.0016040670296488331,0.006790518285597576,-0.03588639340543286,0.12411087733773839,-0.001196307988501464,0.006310997857285507,-0.049603183856712106,0.22454294973364314,-0.06135670201817089,0.24288730177951046,-0.002009695702903872,0.007707534398695687,-0.01442207107001467,0.07821885007399683,0.22173524306771542,1.0,0.0,C,C,0.2045686360034174,0.2635092400278588,0.2725072294726681,C,0.26745020595567714,0.26711228753928234,0.010111608947916958,0.10111608947916957,0.3232666788622647,0.005376696690756948,0.26711228753928234,0.2204532003942895,0.26711228753928234,0.7800212542139785,0.22543821105960637,0.26711228753928234,0.11447084156579113,0.24803210679259596,0.0,0.06257228213920786,0.18545982465338812,0.0,-0.0013580403753718148,-0.005817082768723884,-0.007175123144095699,0.0,0.246272924273416,0.0,0.246272924273416,0.0,none,0.0,0.4707398923761571,0.207798089713997,0.6976477399744653,0.06257228213920786,0.026294816682506824,0.0016453266882565667,0.0,-0.0016453266882565667,0.44732035153910316,0.15949326428118915,0.06023840510453346,0.015034182102693722,0.5,party:국민의당,none,,0.0,0.0,0.0,0.0,0.0,0.0,0.0,0.0,0.0,0.0,0.0,2.0,0.3593302733829944,0.5503003916764837,0.5503003916764837,0.3044695175348371,0.0,0.0,0.0,0.0,A,B,rupture_landslide,1.0,1.0,1.0,1.0,0.8082271806109083,0.026081025309583866,0.16393555360047884,0.10167156077441027,0.0,0.10167156077441027,0.0,0.0,0.0,0.6333333333333333,0.0,0.0,0.0,0.0,0.0,structural_mega_shock_regime
pres_2017,sido_46,A,문재인,더불어민주당,737921.0,1146321.0,0.7073198274427102,0.6437297410618774,6.359008638083274,6.359008638083274,0.686778064839545,0.686778064839545,0.5708849832054312,0.10701880797321284,False,문재인,0.6666444429628642,0.3435443544354435,0.3166066606660666,0.2367086708670867,0.3438843884388439,0.204045404540454,0.3703320332033203,0.0727322732273227,-0.009415431051074745,-0.013248292714980103,-0.0016120873233612593,0.00687410118584376,-0.008758642823471134,0.0,0.0,True,0.6321415733363583,0.6565464325561211,0.024404859219762765,0.1091071616895931,26.560661340989228,0.6201594998544948,0.8384971442069943,0.6495410040851991,0.8384971442069943,9.807755693286081,16.752905647703145,0.8306198017683237,0.18895614012179518,0.18895614012179518,0.06646454154960492,-0.00777541248096502,0.019636787344770874,0.6905711294886736,0.649541004085199,-0.3242256467773579,0.11198884724975693,0.6976466757333458,0.14648858137719073,-0.08039152082775533,0.04654004169745572,0.6338802256663322,0.09080002159276652,0.35,0.12426497114374063,0.16612396035366475,0.004804301243804291,-0.004804301243804291,0.008280377232506228,0.70512152628016,0.0,0.0,0.0,0.8306198017683237,0.6321415733363583,0.024404859219762765,0.22487051345189313,camp_liberal,1.0,1.0,camp_liberal,0.0,0.8317347674225204,0.0,0.0,0.1089708627346986,0.6663594071908582,0.09286266853000075,0.6321415733363583,0.020298369907128737,0.6849399682863369,0.09018951826177005,0.22487051345189313,0.315911080501429,0.3162304928349293,0.11131056771045314,0.19509385031919735,0.003796909673579825,0.0076041287714295434,0.07501881937242404,0.16230408289258566,0.0038440148335787214,0.007106836594670592,0.11237262037569101,0.2196529496547078,0.1603003550223901,0.3264581704245507,0.004438111606209547,0.009238356012358355,0.0330742353184047,0.059436308700838554,0.5041556339127311,0.9868946833703386,0.0,A,A,0.4007862741830484,0.5708849832054312,0.5636382492843557,A,0.6551246749986428,0.5759122754872433,0.1089708627346986,1.0,0.6663594071908582,0.0,0.5759122754872432,0.6321415733363583,0.5759122754872432,0.21997874247369104,0.7014480829164512,0.5759122754872433,0.7860521216481856,0.6021797562573611,0.5508060019705149,0.021264766473978142,0.030108987812868065,0.003270837050900484,0.0004297570136275996,0.0008741821044057113,0.004574776168933795,0.0,0.6049542851924878,0.0,0.6049542851924878,0.0,none,0.0,0.5813581831232747,0.0,0.7895535005436113,0.0,0.0,0.0,0.001370446730437356,0.001370446730437356,0.5076348706368385,0.0,-0.025311503717549356,-0.015716436697187697,0.5,mainstream_liberal,none,,0.0,0.0,0.0,0.0,0.0,0.0,0.0,0.0,0.0,0.0,0.0,2.0,0.8514394163236539,0.2924023980820645,0.8514394163236539,0.12011643286355546,0.0,0.0,0.0,0.457510372169552,A,B,rupture_landslide,1.0,1.0,1.0,1.0,0.8082271806109083,0.026081025309583866,0.16393555360047884,0.10167156077441027,0.0,0.10167156077441027,0.6333333333333333,0.475,0.7916666666666666,0.6333333333333333,0.0022348076837193087,0.0,0.0022348076837193087,0.10167156077441027,0.457510372169552,structural_mega_shock_regime
pres_2017,sido_46,B,홍준표,국민의힘,30221.0,1146321.0,0.0281441304351436,0.0263636314768127,0.178049895833094,0.178049895833094,0.0675495266114479,0.0675495266114479,0.15519680407944947,0.10701880797321284,False,홍준표,0.6666666666666666,0.36412411922400745,0.3093711064004138,0.22938230994363146,0.34680305574128156,0.18043101793091204,0.3606690416160095,0.08919389026064728,0.011293843363381312,0.005325080553175959,0.0003336371366455815,-0.00421812905348499,0.002215476548119405,0.2758187104953747,0.041372806574306205,True,0.05279839494997851,0.06646454154960492,0.013666146599626408,0.02324170312074772,24.619573441606658,0.057059150079299764,0.0319041722613293,0.06646454154960492,0.07043493972818783,9.807755693286081,14.811817748320577,0.8306198017683237,0.003970398178582912,0.003970398178582912,0.06646454154960492,-0.00777541248096502,0.019636787344770874,0.6905711294886736,0.649541004085199,-0.3242256467773579,0.11198884724975693,0.6976466757333458,0.14648858137719073,-0.08039152082775533,0.04654004169745572,0.6338802256663322,0.09080002159276652,0.35,0.12426497114374063,0.16612396035366475,0.004804301243804291,-0.004804301243804291,0.008280377232506228,0.70512152628016,0.0,0.0,0.0,0.8306198017683237,0.05279839494997851,0.013666146599626408,0.22487051345189313,camp_conservative,1.0,1.0,camp_conservative,0.817917641221915,0.0,0.0,0.0,-0.1251161467860806,0.6615574440391796,0.03259690905888608,0.05279839494997851,0.011177782391359326,0.6849399682863369,0.09018951826177005,0.22487051345189313,0.3874899205867074,-0.3346915256367289,-0.05565374571412243,0.23818067971898355,-0.002192842643930992,0.007385079794474782,-0.03913242596699117,0.10743433745203199,-0.0026477068450772574,0.0101775475945622,-0.06276943651897891,0.22110282917225924,-0.0989436530042192,0.3247278486130897,-0.002428415903305675,0.007467706989213047,-0.018652164248390026,0.07571451122424237,0.28242039084501563,0.9921905405588568,0.0,B,B,0.3946450898135342,0.15519680407944947,0.15322675761185767,B,0.06360124146348131,0.1454070112608362,-0.1251161467860806,-1.0,0.6615574440391796,-0.07392482152072544,0.14540701126083616,0.13138205267646302,0.14540701126083616,3.3123305848109263e-09,0.05279839599356149,0.1454070112608362,0.09916229083133435,0.13962642120714847,0.05279839494997851,0.013666146599626408,0.07316187965754355,-0.0007634686442722082,-0.000664264943337843,-0.00508469705591045,-0.006512430643520501,0.0,0.13872313657460006,0.0,0.13872313657460006,0.0,none,0.0,0.4568532261251309,0.0,0.788292640885175,0.0,0.0,0.0,0.0,0.0,0.5076348706368385,0.0,-0.025311503717549356,-0.0035958180156952235,0.5,mainstream_conservative,none,regime_change,-0.25483165958519005,-0.10193266383407602,-0.14531178841661335,0.6814615485405814,3.0,0.09902439635558664,0.0,1.0,3.0,0.75,0.12584370023813649,2.0,1.0,0.0,1.0,0.0,-0.0,-0.10193266383407602,-0.10193266383407602,0.043855392347036816,A,B,rupture_landslide,1.0,1.0,1.0,1.0,0.8082271806109083,0.026081025309583866,0.16393555360047884,0.10167156077441027,0.0,0.10167156077441027,-0.6333333333333333,-0.475,-0.7916666666666666,0.6333333333333333,0.0,0.0022348076837193087,-0.0022348076837193087,0.10167156077441027,0.043855392347036816,structural_mega_shock_regime
pres_2017,sido_46,C,안철수,제3지대,378179.0,1146321.0,0.2645360421221461,0.3299066274613098,-6.537058533916362,6.537058533916362,0.24567240854900707,0.24567240854900707,0.2739182127151193,0.10701880797321284,False,안철수,0.6667111051859752,0.3678264347130574,0.3068986202759448,0.2314637072585482,0.3482203559288142,0.1825784843031394,0.3632073585282943,0.0956858628274345,-0.0018782236230871518,0.007924181988891337,0.0012785891505662467,-0.0026563783484595286,0.006543894431705191,0.0,0.0,False,0.0,0.16686754970599985,0.052118512442380874,0.16941623341123724,12.55471041743484,0.0,0.0,0.16686754970599985,0.1088856409824796,4.5751697476367434,7.979540669798097,0.695825343411272,0.0,-0.05798190872352024,0.06646454154960492,-0.00777541248096502,0.019636787344770874,0.6905711294886736,0.649541004085199,-0.3242256467773579,0.11198884724975693,0.6976466757333458,0.14648858137719073,-0.08039152082775533,0.04654004169745572,0.6338802256663322,0.09080002159276652,0.35,0.12426497114374063,0.16612396035366475,0.004804301243804291,-0.004804301243804291,0.008280377232506228,0.70512152628016,0.0,0.0,0.0,0.8306198017683237,0.0,0.052118512442380874,0.22487051345189313,camp_centrist,1.0,1.0,camp_centrist,0.1820823587780849,0.1682652325774796,1.0,1.0,0.01614528405138201,0.3208121756419699,0.10047099416702308,0.0,0.058713365963281985,0.6849399682863369,0.09018951826177005,0.22487051345189313,0.0,0.0,-0.0556568219963307,0.3094309705335324,-0.0016040670296488331,0.006790518285597576,-0.03588639340543286,0.12411087733773839,-0.001196307988501464,0.006310997857285507,-0.049603183856712106,0.22454294973364314,-0.06135670201817089,0.24288730177951046,-0.002009695702903872,0.007707534398695687,-0.01442207107001467,0.07821885007399683,0.22173524306771542,1.0,0.0,C,C,0.2045686360034174,0.2739182127151193,0.28313499310378665,C,0.28127408353787586,0.2786807132519206,0.01614528405138201,0.16145284051382008,0.3208121756419699,0.008469570770135685,0.27868071325192056,0.23647637398717863,0.27868071325192056,0.7800212542139785,0.24575352108998738,0.2786807132519206,0.11478558752048006,0.25819382253549056,0.0,0.052118512442380874,0.2060753100931097,0.0,-0.0010866376630951548,-0.006209311040875611,-0.007295948703970766,0.0,0.25632257823291216,0.0,0.25632257823291216,0.0,none,0.0,0.4707398923761571,0.207798089713997,0.6976477399744653,0.052118512442380874,0.026294816682506824,0.001370446730437356,0.0,-0.001370446730437356,0.5076348706368385,0.19855887117620477,0.07396793187055303,0.019312254712882837,0.5,party:국민의당,none,,0.0,0.0,0.0,0.0,0.0,0.0,0.0,0.0,0.0,0.0,0.0,2.0,0.3593302733829944,0.5503003916764837,0.5503003916764837,0.3044695175348371,0.0,0.0,0.0,0.0,A,B,rupture_landslide,1.0,1.0,1.0,1.0,0.8082271806109083,0.026081025309583866,0.16393555360047884,0.10167156077441027,0.0,0.10167156077441027,0.0,0.0,0.0,0.6333333333333333,0.0,0.0,0.0,0.0,0.0,structural_mega_shock_regime
pres_2017,sido_47,A,문재인,더불어민주당,369726.0,1450868.0,0.2527780326902537,0.2548309405325291,-0.2052907842275408,0.2052907842275408,0.2606614423418861,0.2606614423418861,0.22911947997622195,0.10701880797321284,False,문재인,0.6666444429628642,0.3435443544354435,0.3166066606660666,0.2367086708670867,0.3438843884388439,0.204045404540454,0.3703320332033203,0.0727322732273227,-0.009415431051074745,-0.013248292714980103,-0.0016120873233612593,0.00687410118584376,-0.008758642823471134,0.0,0.0,True,0.11355474657538975,0.13964695661542886,0.026092210040039115,0.03893958461462553,26.282339669171073,0.12284068660902289,0.0680176309592005,0.13964695661542886,0.11434654322900281,9.807755693286081,16.474583975884993,0.8306198017683237,0.0,-0.02530041338642605,0.7069050566370326,-0.11505090120125483,0.05684488773443599,0.7682388083167737,0.13964695661542886,-0.0014139424663663636,0.03508850760933692,0.6769384047400805,0.07156401750919306,-0.009874963363994155,0.016747448533976417,0.71618822352302,0.0430987380739862,0.10506809191353969,0.04687694319661673,0.4123873093522039,0.0046198692726031896,-0.0046198692726031896,0.006971864163169583,0.7245966913821498,0.0,0.0,0.0,0.8306198017683237,0.11355474657538975,0.026092210040039115,0.1007524275291698,camp_liberal,1.0,1.0,camp_liberal,0.0,0.8317347674225204,0.0,0.0,-0.09689750504427556,0.6790296970755966,0.0334562217965948,0.11355474657538975,0.021701798249191485,0.8204598032124224,0.07878776925840784,0.1007524275291698,0.315911080501429,-0.20235633392603927,0.11131056771045314,0.19509385031919735,0.003796909673579825,0.0076041287714295434,0.07501881937242404,0.16230408289258566,0.0038440148335787214,0.007106836594670592,0.11237262037569101,0.2196529496547078,0.1603003550223901,0.3264581704245507,0.004438111606209547,0.009238356012358355,0.0330742353184047,0.059436308700838554,0.5041556339127311,0.9868946833703386,0.0,A,A,0.4007862741830484,0.22911947997622195,0.22709868930523103,A,0.3021268279931589,0.2204334686848511,-0.09689750504427556,-0.9689750504427556,0.6790296970755966,-0.05618071057429103,0.22043346868485109,0.17863320110831113,0.22043346868485106,0.21997874247369104,0.15304977328820007,0.22043346868485109,0.16185616369410286,0.21311130556100757,0.11355474657538975,0.026092210040039115,0.07346434894557871,0.0019053957796431758,0.0014900226943831167,0.006027011940167277,0.009422430414193569,0.0,0.215273851948774,0.0,0.215273851948774,0.0,none,0.0,0.5813581831232747,0.0,0.7895535005436113,0.0,0.0,0.0,0.0013856200696291882,0.0013856200696291882,0.37764748766636763,0.0,0.0,0.0,0.5,mainstream_liberal,none,,0.0,0.0,0.0,0.0,0.0,0.0,0.0,0.0,0.0,0.0,0.0,2.0,0.8514394163236539,0.2924023980820645,0.8514394163236539,0.12011643286355546,0.0,0.0,0.0,0.09432082109030247,A,B,rupture_landslide,1.0,1.0,1.0,1.0,0.8082271806109083,0.026081025309583866,0.16393555360047884,0.10167156077441027,0.0,0.10167156077441027,0.6333333333333333,0.475,0.7916666666666666,0.6333333333333333,0.002387015995937595,0.0,0.002387015995937595,0.10167156077441027,0.09432082109030247,structural_mega_shock_regime
pres_2017,sido_47,B,홍준표,국민의힘,827237.0,1450868.0,0.5810121523178132,0.5701670661182221,1.0845086199591123,1.0845086199591123,0.5707509735447235,0.5707509735447235,0.5813034741238873,0.10701880797321284,False,홍준표,0.6666666666666666,0.36412411922400745,0.3093711064004138,0.22938230994363146,0.34680305574128156,0.18043101793091204,0.3606690416160095,0.08919389026064728,0.011293843363381312,0.005325080553175959,0.0003336371366455815,-0.00421812905348499,0.002215476548119405,0.2758187104953747,0.041372806574306205,True,0.7069050566370326,0.7069050566370326,0.0,0.061894701382896836,26.560661340989228,0.7069050566370326,0.7346950981196686,0.7069050566370326,0.7991042904602096,9.807755693286081,16.752905647703145,0.8306198017683237,0.09219923382317696,0.09219923382317696,0.7069050566370326,-0.11505090120125483,0.05684488773443599,0.7682388083167737,0.13964695661542886,-0.0014139424663663636,0.03508850760933692,0.6769384047400805,0.07156401750919306,-0.009874963363994155,0.016747448533976417,0.71618822352302,0.0430987380739862,0.10506809191353969,0.04687694319661673,0.4123873093522039,0.0046198692726031896,-0.0046198692726031896,0.006971864163169583,0.7245966913821498,0.0,0.0,0.0,0.8306198017683237,0.7069050566370326,0.0,0.1007524275291698,camp_conservative,1.0,1.0,camp_conservative,0.817917641221915,0.0,0.0,0.0,0.12728208680749137,0.738380053659084,0.047714454101464854,0.7069050566370326,0.0,0.8204598032124224,0.07878776925840784,0.1007524275291698,0.3874899205867074,0.31941513605032523,-0.05565374571412243,0.23818067971898355,-0.002192842643930992,0.007385079794474782,-0.03913242596699117,0.10743433745203199,-0.0026477068450772574,0.0101775475945622,-0.06276943651897891,0.22110282917225924,-0.0989436530042192,0.3247278486130897,-0.002428415903305675,0.007467706989213047,-0.018652164248390026,0.07571451122424237,0.28242039084501563,0.9921905405588568,0.0,B,B,0.3946450898135342,0.5813034741238873,0.5761764869395323,B,0.5051578396666185,0.5915853502867704,0.12728208680749137,1.0,0.738380053659084,0.0,0.5915853502867703,0.7069050566370327,0.5915853502867703,3.3123305848109263e-09,0.7069050572317291,0.5915853502867704,0.766508716769119,0.6134507710970639,0.5827782325422107,0.0,0.03067253855485319,-0.0019180578287344896,0.0,-0.00048519670090658887,-0.0024032545296410785,0.0,0.6123908303391415,0.0,0.6123908303391415,0.0,none,0.0,0.4568532261251309,0.0,0.788292640885175,0.0,0.0,0.0,0.0,0.0,0.37764748766636763,0.0,0.0,0.0,0.5,mainstream_conservative,none,regime_change,-0.25483165958519005,-0.10193266383407602,-0.14531178841661335,0.6814615485405814,3.0,0.09902439635558664,0.0,1.0,3.0,0.75,0.12584370023813649,2.0,1.0,0.0,1.0,0.0,-0.0,-0.10193266383407602,-0.10193266383407602,0.48406713998910517,A,B,rupture_landslide,1.0,1.0,1.0,1.0,0.8082271806109083,0.026081025309583866,0.16393555360047884,0.10167156077441027,0.0,0.10167156077441027,-0.6333333333333333,-0.475,-0.7916666666666666,0.6333333333333333,0.0,0.002387015995937595,-0.002387015995937595,0.10167156077441027,0.48406713998910517,structural_mega_shock_regime
pres_2017,sido_47,C,안철수,제3지대,253905.0,1450868.0,0.166209814991933,0.1750019933492488,-0.8792178357315883,0.8792178357315883,0.16858758411339042,0.16858758411339042,0.18957704589989072,0.10701880797321284,False,안철수,0.6667111051859752,0.3678264347130574,0.3068986202759448,0.2314637072585482,0.3482203559288142,0.1825784843031394,0.3632073585282943,0.0956858628274345,-0.0018782236230871518,0.007924181988891337,0.0012785891505662467,-0.0026563783484595286,0.006543894431705191,0.0,0.0,False,0.0,0.07920461572224653,0.05269555921836873,0.056475918109343125,14.015293661109137,0.0,0.0,0.07920461572224653,0.09583058809545571,4.5751697476367434,9.440123913472394,0.695825343411272,0.016625972373209175,0.016625972373209175,0.7069050566370326,-0.11505090120125483,0.05684488773443599,0.7682388083167737,0.13964695661542886,-0.0014139424663663636,0.03508850760933692,0.6769384047400805,0.07156401750919306,-0.009874963363994155,0.016747448533976417,0.71618822352302,0.0430987380739862,0.10506809191353969,0.04687694319661673,0.4123873093522039,0.0046198692726031896,-0.0046198692726031896,0.006971864163169583,0.7245966913821498,0.0,0.0,0.0,0.8306198017683237,0.0,0.05269555921836873,0.1007524275291698,camp_centrist,1.0,1.0,camp_centrist,0.1820823587780849,0.1682652325774796,1.0,1.0,-0.030384581763215818,0.5072117838993774,0.04120404841660599,0.0,0.057085971009216356,0.8204598032124224,0.07878776925840784,0.1007524275291698,0.0,0.0,-0.0556568219963307,0.3094309705335324,-0.0016040670296488331,0.006790518285597576,-0.03588639340543286,0.12411087733773839,-0.001196307988501464,0.006310997857285507,-0.049603183856712106,0.22454294973364314,-0.06135670201817089,0.24288730177951046,-0.002009695702903872,0.007707534398695687,-0.01442207107001467,0.07821885007399683,0.22173524306771542,1.0,0.0,C,C,0.2045686360034174,0.18957704589989072,0.19672482375523673,C,0.19271533234022262,0.18798118102837863,-0.030384581763215818,-0.3038458176321582,0.5072117838993774,-0.025986676154851132,0.1879811810283786,0.11446174225465626,0.18798118102837857,0.7800212542139785,0.14004516948007079,0.1879811810283786,0.07163511953677819,0.17343792334192853,0.0,0.05269555921836873,0.1207423641235598,0.0,-0.0016355677634290148,-0.005416003181201213,-0.007051570944630227,0.0,0.17233531771208457,0.0,0.17233531771208457,0.0,none,0.0,0.4707398923761571,0.207798089713997,0.6976477399744653,0.05269555921836873,0.026294816682506824,0.0013856200696291882,0.0,-0.0013856200696291882,0.37764748766636763,0.0,0.0,0.0,0.5,party:국민의당,none,,0.0,0.0,0.0,0.0,0.0,0.0,0.0,0.0,0.0,0.0,0.0,2.0,0.3593302733829944,0.5503003916764837,0.5503003916764837,0.3044695175348371,0.0,0.0,0.0,0.0,A,B,rupture_landslide,1.0,1.0,1.0,1.0,0.8082271806109083,0.026081025309583866,0.16393555360047884,0.10167156077441027,0.0,0.10167156077441027,0.0,0.0,0.0,0.6333333333333333,0.0,0.0,0.0,0.0,0.0,structural_mega_shock_regime
pres_2017,sido_48,A,문재인,더불어민주당,779731.0,1854494.0,0.3555331397105163,0.4204543113335179,-6.492117162300165,6.492117162300165,0.3276589303359118,0.3276589303359118,0.28243042700386223,0.10701880797321284,False,문재인,0.6666444429628642,0.3435443544354435,0.3166066606660666,0.2367086708670867,0.3438843884388439,0.204045404540454,0.3703320332033203,0.0727322732273227,-0.009415431051074745,-0.013248292714980103,-0.0016120873233612593,0.00687410118584376,-0.008758642823471134,0.0,0.0,True,0.17973445197641025,0.22468187564681383,0.04494742367040358,0.0697589899256158,26.141190420610847,0.1938531976770903,0.1104978477124587,0.22468187564681383,0.20899369293016673,9.807755693286081,16.333434727324768,0.8306198017683237,0.0,-0.015688182716647098,0.5666342241823074,-0.11935655839073717,0.06305559341759472,0.7456825367724356,0.22468187564681386,0.028087777932615854,0.06436480558232865,0.63598489210143,0.13503253270748733,-0.05594702633674943,0.037997595738147955,0.6600467950766404,0.046525546631471085,0.1279138391256655,0.04955357040595396,0.40420235826341083,0.0025947292535475354,-0.0025947292535475354,0.004419911841043089,0.760816870004148,0.0,0.0,0.0,0.8306198017683237,0.17973445197641025,0.04494742367040358,0.15285378860662324,camp_liberal,1.0,1.0,camp_liberal,0.0,0.8317347674225204,0.0,0.0,-0.04638254270383188,0.6453042095458211,0.05605432166653839,0.17973445197641025,0.03738433497274461,0.7161670688350632,0.13097914255831358,0.15285378860662324,0.315911080501429,-0.13617662852501877,0.11131056771045314,0.19509385031919735,0.003796909673579825,0.0076041287714295434,0.07501881937242404,0.16230408289258566,0.0038440148335787214,0.007106836594670592,0.11237262037569101,0.2196529496547078,0.1603003550223901,0.3264581704245507,0.004438111606209547,0.009238356012358355,0.0330742353184047,0.059436308700838554,0.5041556339127311,0.9868946833703386,0.0,A,A,0.4007862741830484,0.28243042700386223,0.2801319512922822,A,0.3750205261931926,0.27922097053182404,-0.04638254270383188,-0.4638254270383188,0.6453042095458211,-0.01821226894452117,0.27922097053182404,0.27922097053182404,0.27922097053182404,0.21997874247369104,0.24217166324669476,0.27922097053182404,0.26736185885102143,0.27773858157172376,0.17973445197641025,0.04494742367040358,0.053056705924909936,0.0023140967628469443,0.0019695050435096333,0.0033399193281539205,0.007623521134510498,0.0,0.27999815928856037,0.0,0.27999815928856037,0.0,none,0.0,0.5813581831232747,0.0,0.7895535005436113,0.0,0.0,0.0,0.0014680425489460053,0.0014680425489460053,0.24583464717012576,0.0,-0.042743337299988415,-0.011971262843148534,0.5,mainstream_liberal,none,,0.0,0.0,0.0,0.0,0.0,0.0,0.0,0.0,0.0,0.0,0.0,2.0,0.8514394163236539,0.2924023980820645,0.8514394163236539,0.12011643286355546,0.0,0.0,0.0,0.14929099487158418,A,B,rupture_landslide,1.0,1.0,1.0,1.0,0.8082271806109083,0.026081025309583866,0.16393555360047884,0.10167156077441027,0.0,0.10167156077441027,0.6333333333333333,0.475,0.7916666666666666,0.6333333333333333,0.004007766459076317,0.0,0.004007766459076317,0.10167156077441027,0.14929099487158418,structural_mega_shock_regime
pres_2017,sido_48,B,홍준표,국민의힘,790491.0,1854494.0,0.4585145245503498,0.4262573912008369,3.2257133349512856,3.2257133349512856,0.5207510053029275,0.5207510053029275,0.542763577736139,0.10701880797321284,False,홍준표,0.6666666666666666,0.36412411922400745,0.3093711064004138,0.22938230994363146,0.34680305574128156,0.18043101793091204,0.3606690416160095,0.08919389026064728,0.011293843363381312,0.005325080553175959,0.0003336371366455815,-0.00421812905348499,0.002215476548119405,0.2758187104953747,0.041372806574306205,True,0.536432616858653,0.5666342241823074,0.0302016073236544,0.06343076870092501,26.560661340989228,0.536432616858653,0.6182138957960588,0.5666342241823074,0.6710648677956272,9.807755693286081,16.752905647703145,0.8306198017683237,0.10443064361331988,0.10443064361331988,0.5666342241823074,-0.11935655839073717,0.06305559341759472,0.7456825367724356,0.22468187564681386,0.028087777932615854,0.06436480558232865,0.63598489210143,0.13503253270748733,-0.05594702633674943,0.037997595738147955,0.6600467950766404,0.046525546631471085,0.1279138391256655,0.04955357040595396,0.40420235826341083,0.0025947292535475354,-0.0025947292535475354,0.004419911841043089,0.760816870004148,0.0,0.0,0.0,0.8306198017683237,0.536432616858653,0.0302016073236544,0.15285378860662324,camp_conservative,1.0,1.0,camp_conservative,0.817917641221915,0.0,0.0,0.0,0.06109117585768542,0.7168465614128033,0.055230474083309715,0.536432616858653,0.024702427423273922,0.7161670688350632,0.13097914255831358,0.15285378860662324,0.3874899205867074,0.14894269627194556,-0.05565374571412243,0.23818067971898355,-0.002192842643930992,0.007385079794474782,-0.03913242596699117,0.10743433745203199,-0.0026477068450772574,0.0101775475945622,-0.06276943651897891,0.22110282917225924,-0.0989436530042192,0.3247278486130897,-0.002428415903305675,0.007467706989213047,-0.018652164248390026,0.07571451122424237,0.28242039084501563,0.9921905405588568,0.0,B,B,0.3946450898135342,0.542763577736139,0.5383464583988526,B,0.4536277232640794,0.5469254442394426,0.06109117585768542,0.6109117585768542,0.7168465614128033,0.0008551665469484675,0.5469254442394426,0.5469254442394426,0.5469254442394426,3.3123305848109263e-09,0.5364326177988015,0.5469254442394426,0.6502338504196666,0.5598389950119707,0.503499594769109,0.02834745049226299,0.02799194975059867,-0.0018158253357164493,-0.00034364792393130867,-0.0004851967009065913,-0.0026446699605543493,0.0,0.5586279870267414,0.0,0.5586279870267414,0.0,none,0.0,0.4568532261251309,0.0,0.788292640885175,0.0,0.0,0.0,0.0,0.0,0.24583464717012576,0.153029702387404,0.03377151389371358,0.018772344048479273,0.5,mainstream_conservative,none,regime_change,-0.25483165958519005,-0.10193266383407602,-0.14531178841661335,0.6814615485405814,3.0,0.09902439635558664,0.0,1.0,3.0,0.75,0.12584370023813649,2.0,1.0,0.0,1.0,0.0,-0.0,-0.10193266383407602,-0.10193266383407602,0.41821673359754863,A,B,rupture_landslide,1.0,1.0,1.0,1.0,0.8082271806109083,0.026081025309583866,0.16393555360047884,0.10167156077441027,0.0,0.10167156077441027,-0.6333333333333333,-0.475,-0.7916666666666666,0.6333333333333333,0.0,0.004007766459076317,-0.004007766459076317,0.10167156077441027,0.41821673359754863,structural_mega_shock_regime
pres_2017,sido_48,C,안철수,제3지대,284272.0,1854494.0,0.1859523357391338,0.153288297465645,3.2664038273488765,3.2664038273488765,0.15159006436116068,0.15159006436116068,0.17480599525999868,0.10701880797321284,False,안철수,0.6667111051859752,0.3678264347130574,0.3068986202759448,0.2314637072585482,0.3482203559288142,0.1825784843031394,0.3632073585282943,0.0956858628274345,-0.0018782236230871518,0.007924181988891337,0.0012785891505662467,-0.0026563783484595286,0.006543894431705191,0.0,0.0,False,0.0,0.08550222597903316,0.0558301115642556,0.06206450181003338,13.493638206318675,0.0,0.0,0.08550222597903316,0.08887169386932775,4.5751697476367434,8.918468458681932,0.695825343411272,0.003369467890294589,0.003369467890294589,0.5666342241823074,-0.11935655839073717,0.06305559341759472,0.7456825367724356,0.22468187564681386,0.028087777932615854,0.06436480558232865,0.63598489210143,0.13503253270748733,-0.05594702633674943,0.037997595738147955,0.6600467950766404,0.046525546631471085,0.1279138391256655,0.04955357040595396,0.40420235826341083,0.0025947292535475354,-0.0025947292535475354,0.004419911841043089,0.760816870004148,0.0,0.0,0.0,0.8306198017683237,0.0,0.0558301115642556,0.15285378860662324,camp_centrist,1.0,1.0,camp_centrist,0.1820823587780849,0.1682652325774796,1.0,1.0,-0.01470863315385353,0.495100255256295,0.04639131469641213,0.0,0.06889238016229504,0.7161670688350632,0.13097914255831358,0.15285378860662324,0.0,0.0,-0.0556568219963307,0.3094309705335324,-0.0016040670296488331,0.006790518285597576,-0.03588639340543286,0.12411087733773839,-0.001196307988501464,0.006310997857285507,-0.049603183856712106,0.22454294973364314,-0.06135670201817089,0.24288730177951046,-0.002009695702903872,0.007707534398695687,-0.01442207107001467,0.07821885007399683,0.22173524306771542,1.0,0.0,C,C,0.2045686360034174,0.17480599525999868,0.18152159030886522,C,0.17135175054272794,0.17385358522873334,-0.01470863315385353,-0.1470863315385353,0.495100255256295,-0.012246781881048358,0.17385358522873334,0.1738535852287334,0.17385358522873334,0.7800212542139785,0.22139571895450383,0.17385358522873334,0.08240429072931196,0.1624224234163057,0.0,0.0558301115642556,0.10659231185205009,0.0,-0.0018503807381353703,-0.00510555778735062,-0.00695593852548599,0.0,0.16137385368469812,0.0,0.16137385368469812,0.0,none,0.0,0.4707398923761571,0.207798089713997,0.6976477399744653,0.0558301115642556,0.026294816682506824,0.0014680425489460053,0.0,-0.0014680425489460053,0.24583464717012576,0.0,-0.042743337299988415,-0.006801081205330933,0.5,party:국민의당,none,,0.0,0.0,0.0,0.0,0.0,0.0,0.0,0.0,0.0,0.0,0.0,2.0,0.3593302733829944,0.5503003916764837,0.5503003916764837,0.3044695175348371,0.0,0.0,0.0,0.0,A,B,rupture_landslide,1.0,1.0,1.0,1.0,0.8082271806109083,0.026081025309583866,0.16393555360047884,0.10167156077441027,0.0,0.10167156077441027,0.0,0.0,0.0,0.6333333333333333,0.0,0.0,0.0,0.0,0.0,structural_mega_shock_regime
pres_2017,sido_50,A,문재인,더불어민주당,169493.0,315417.0,0.4671709287740892,0.5373614008739522,-7.019047209986301,7.019047209986301,0.46108444029798873,0.46108444029798873,0.4007968965966678,0.10701880797321284,False,문재인,0.6666444429628642,0.3435443544354435,0.3166066606660666,0.2367086708670867,0.3438843884388439,0.204045404540454,0.3703320332033203,0.0727322732273227,-0.009415431051074745,-0.013248292714980103,-0.0016120873233612593,0.00687410118584376,-0.008758642823471134,0.0,0.0,True,0.3210003559027886,0.3612261273832601,0.04022577148047152,0.044529763874305864,15.883192929920934,0.3210003559027886,0.4057687598007142,0.3462907734890784,0.48216670081076257,4.804793951831245,11.07839897808969,0.7060895577210272,0.1358759273216842,0.1358759273216842,0.4068585869805284,-0.05180939826094921,0.04464831645490778,0.6370841566690427,0.3462907734890784,-0.040852076440401563,0.0369574608358829,0.6402407443702922,0.12088853017390178,-0.036238510887742076,0.019633583414334875,0.624966101305321,0.08926684101355056,0.13493206237901104,0.07571497671610782,0.32221099744598897,0.0,0.0,0.0,0.7060895577210272,0.0,0.0,0.0,0.7060895577210272,0.3210003559027886,0.04022577148047152,0.1663321123870165,camp_liberal,1.0,1.0,camp_liberal,0.0,0.8317347674225204,0.0,0.0,0.006711780912592886,0.6225952709118755,0.0360210442015229,0.3210003559027886,0.03345717268670143,0.6973055839097728,0.13636230370321073,0.1663321123870165,0.315911080501429,0.005089275401359561,0.11131056771045314,0.19509385031919735,0.003796909673579825,0.0076041287714295434,0.07501881937242404,0.16230408289258566,0.0038440148335787214,0.007106836594670592,0.11237262037569101,0.2196529496547078,0.1603003550223901,0.3264581704245507,0.004438111606209547,0.009238356012358355,0.0330742353184047,0.059436308700838554,0.5041556339127311,0.9868946833703386,0.0,A,A,0.4007862741830484,0.4007968965966678,0.39671552948915983,A,0.5098022738445646,0.4008723152126388,0.006711780912592886,0.06711780912592887,0.6225952709118755,0.0014065626227524324,0.4008723152126388,0.40087231521263883,0.4008723152126388,0.21997874247369104,0.387586692908125,0.4008723152126388,0.42790406637005224,0.4042512841073155,0.3210003559027886,0.04022577148047152,0.04302515672405538,0.0028394910360783764,0.0012109925764897263,0.001860813980120125,0.005911297592688228,0.0,0.4066911393330524,0.0,0.4066911393330524,0.0,none,0.0,0.5813581831232747,0.0,0.7895535005436113,0.0,0.0,0.0,0.0017244975180446677,0.0017244975180446677,0.11778931017433951,0.0,0.0,-1.1102230246251565e-16,0.5,mainstream_liberal,none,,0.0,0.0,0.0,0.0,0.0,0.0,0.0,0.0,0.0,0.0,0.0,2.0,0.8514394163236539,0.2924023980820645,0.8514394163236539,0.12011643286355546,0.0,0.0,0.0,0.2266549993276923,A,B,rupture_landslide,1.0,1.0,1.0,1.0,0.8082271806109083,0.026081025309583866,0.16393555360047884,0.10167156077441027,0.0,0.10167156077441027,0.6333333333333333,0.475,0.7916666666666666,0.6333333333333333,0.003429941823153443,0.0,0.003429941823153443,0.10167156077441027,0.2266549993276923,structural_mega_shock_regime
pres_2017,sido_50,B,홍준표,국민의힘,68063.0,315417.0,0.3366771346721403,0.2157878144935339,12.088932017860644,12.088932017860644,0.34296047552434217,0.34296047552434217,0.3800207883478884,0.10701880797321284,False,홍준표,0.6666666666666666,0.36412411922400745,0.3093711064004138,0.22938230994363146,0.34680305574128156,0.18043101793091204,0.3606690416160095,0.08919389026064728,0.011293843363381312,0.005325080553175959,0.0003336371366455815,-0.00421812905348499,0.002215476548119405,0.2758187104953747,0.041372806574306205,True,0.3763052280069842,0.4068585869805284,0.03055335897354422,0.047693818756507106,15.517887222595105,0.3763052280069842,0.4070614230733321,0.4068585869805284,0.44386270571099895,4.804793951831245,10.71309327076386,0.7060895577210272,0.03700411873047055,0.03700411873047055,0.4068585869805284,-0.05180939826094921,0.04464831645490778,0.6370841566690427,0.3462907734890784,-0.040852076440401563,0.0369574608358829,0.6402407443702922,0.12088853017390178,-0.036238510887742076,0.019633583414334875,0.624966101305321,0.08926684101355056,0.13493206237901104,0.07571497671610782,0.32221099744598897,0.0,0.0,0.0,0.7060895577210272,0.0,0.0,0.0,0.7060895577210272,0.3763052280069842,0.03055335897354422,0.1663321123870165,camp_conservative,1.0,1.0,camp_conservative,0.817917641221915,0.0,0.0,0.0,-0.011296113757637814,0.62061756495854,0.04105905476532611,0.3763052280069842,0.024990131303047718,0.6973055839097728,0.13636230370321073,0.1663321123870165,0.3874899205867074,-0.01118469257972321,-0.05565374571412243,0.23818067971898355,-0.002192842643930992,0.007385079794474782,-0.03913242596699117,0.10743433745203199,-0.0026477068450772574,0.0101775475945622,-0.06276943651897891,0.22110282917225924,-0.0989436530042192,0.3247278486130897,-0.002428415903305675,0.007467706989213047,-0.018652164248390026,0.07571451122424237,0.28242039084501563,0.9921905405588568,0.0,B,B,0.3946450898135342,0.3800207883478884,0.37615098706224337,B,0.2727767706706751,0.3795141801051099,-0.011296113757637814,-0.11296113757637813,0.62061756495854,-0.00011558736600658377,0.3795141801051099,0.37951418010510996,0.3795141801051099,3.3123305848109263e-09,0.37630522900960817,0.3795141801051099,0.46998398223823795,0.3908229053717509,0.3434000703471495,0.02788168975601387,0.019541145268587558,-0.0017740197986949608,-0.00048417453716505894,-0.0004851967009065892,-0.002743391036766609,0.0,0.38979353140385337,0.0,0.38979353140385337,0.0,none,0.0,0.4568532261251309,0.0,0.788292640885175,0.0,0.0,0.0,0.0,0.0,0.11778931017433951,0.0,0.0,-1.1102230246251565e-16,0.5,mainstream_conservative,none,regime_change,-0.25483165958519005,-0.10193266383407602,-0.14531178841661335,0.6814615485405814,3.0,0.09902439635558664,0.0,1.0,3.0,0.75,0.12584370023813649,2.0,1.0,0.0,1.0,0.0,-0.0,-0.10193266383407602,-0.10193266383407602,0.24247120379278841,A,B,rupture_landslide,1.0,1.0,1.0,1.0,0.8082271806109083,0.026081025309583866,0.16393555360047884,0.10167156077441027,0.0,0.10167156077441027,-0.6333333333333333,-0.475,-0.7916666666666666,0.6333333333333333,0.0,0.003429941823153443,-0.003429941823153443,0.10167156077441027,0.24247120379278841,structural_mega_shock_regime
pres_2017,sido_50,C,안철수,제3지대,77861.0,315417.0,0.1961519365537704,0.2468507846325138,-5.069884807874334,5.069884807874334,0.1959550841776691,0.1959550841776691,0.21918231505544375,0.10701880797321284,False,안철수,0.6667111051859752,0.3678264347130574,0.3068986202759448,0.2314637072585482,0.3482203559288142,0.1825784843031394,0.3632073585282943,0.0956858628274345,-0.0018782236230871518,0.007924181988891337,0.0012785891505662467,-0.0026563783484595286,0.006543894431705191,0.0,0.0,False,0.0,0.11069664221707883,0.06558317324919499,0.07004129013893531,11.054745108125461,0.0,0.0,0.11069664221707883,0.08349667380936299,3.8107424928010216,7.2440026153244395,0.6558099068272571,0.0,-0.027199968407715838,0.4068585869805284,-0.05180939826094921,0.04464831645490778,0.6370841566690427,0.3462907734890784,-0.040852076440401563,0.0369574608358829,0.6402407443702922,0.12088853017390178,-0.036238510887742076,0.019633583414334875,0.624966101305321,0.08926684101355056,0.13493206237901104,0.07571497671610782,0.32221099744598897,0.0,0.0,0.0,0.7060895577210272,0.0,0.0,0.0,0.7060895577210272,0.0,0.06558317324919499,0.1663321123870165,camp_centrist,1.0,1.0,camp_centrist,0.1820823587780849,0.1682652325774796,1.0,1.0,0.004584332845044929,0.4161116323597111,0.06120108634347583,0.0,0.07791499971346158,0.6973055839097728,0.13636230370321073,0.1663321123870165,0.0,0.0,-0.0556568219963307,0.3094309705335324,-0.0016040670296488331,0.006790518285597576,-0.03588639340543286,0.12411087733773839,-0.001196307988501464,0.006310997857285507,-0.049603183856712106,0.22454294973364314,-0.06135670201817089,0.24288730177951046,-0.002009695702903872,0.007707534398695687,-0.01442207107001467,0.07821885007399683,0.22173524306771542,1.0,0.0,C,C,0.2045686360034174,0.21918231505544375,0.22713348344859688,C,0.21742095548476034,0.21961350468225135,0.004584332845044929,0.045843328450449285,0.4161116323597111,0.003183740816858237,0.21961350468225135,0.21961350468225133,0.21961350468225135,0.7800212542139785,0.2361080780822669,0.21961350468225135,0.10211195139170981,0.20492581052093367,0.0,0.06558317324919499,0.13934263727173868,0.0,-0.0017227979806895702,-0.005289939012171647,-0.007012736992861217,0.0,0.20351532926309418,0.0,0.20351532926309418,0.0,none,0.0,0.4707398923761571,0.207798089713997,0.6976477399744653,0.06558317324919499,0.026294816682506824,0.0017244975180446677,0.0,-0.0017244975180446677,0.11778931017433951,0.0,0.0,-5.551115123125783e-17,0.5,party:국민의당,none,,0.0,0.0,0.0,0.0,0.0,0.0,0.0,0.0,0.0,0.0,0.0,2.0,0.3593302733829944,0.5503003916764837,0.5503003916764837,0.3044695175348371,0.0,0.0,0.0,0.0,A,B,rupture_landslide,1.0,1.0,1.0,1.0,0.8082271806109083,0.026081025309583866,0.16393555360047884,0.10167156077441027,0.0,0.10167156077441027,0.0,0.0,0.0,0.6333333333333333,0.0,0.0,0.0,0.0,0.0,structural_mega_shock_regime
pres_2022,sido_11,A,윤석열,국민의힘,3255747.0,6200728.0,0.5034286373538117,0.5250588281718925,-2.163019081808082,2.163019081808082,0.4774901833294365,0.4774901833294365,0.5004292338842267,0.10701880797321284,False,윤석열,0.6666888874075062,0.3230576942305769,0.2844165583441655,0.1911608839116088,0.3403459654034596,0.3097740225977402,0.3744475552444756,0.071922807719228,0.008233720131309432,-0.002072361842543827,-0.0030647956802879496,0.013434937670821972,-0.0011099260049330167,0.0,0.0,True,0.35977501335389495,0.3964628293590985,0.036687816005203544,0.08591852348903582,31.197820958317138,0.35977501335389495,0.369159727775748,0.3964628293590985,0.42050555585591637,12.03924121071692,19.158579747600218,0.8575421584413486,0.02404272649681788,0.02404272649681788,0.39646282935909843,-0.05684262336991874,0.08486530144303424,0.694537381804724,0.40888521781645776,-0.018039904943131846,0.07582432676317787,0.7158453804447539,0.08724324657786196,0.02054789350351753,0.025525341970720206,0.6980512006395987,0.08127761364484806,0.02567628751637374,0.06758407518505298,0.41606404118028595,0.002441312509925142,-0.0022518236068016424,0.004118555859335915,0.7901938196558207,0.0,0.0,0.0,0.8575421584413486,0.35977501335389495,0.036687816005203544,0.1946519528244438,camp_conservative,1.0,1.0,camp_conservative,1.0,0.0,0.0,0.0,-0.003036996387165619,0.6900935646294192,0.07219709147387436,0.35977501335389495,0.036687816005203544,0.735880886706783,0.06946716046877327,0.1946519528244438,0.34334374242859717,0.01643127092529778,0.060968831534339685,0.11461624107387122,0.002596814694329423,0.007495525361058078,0.12241999472418712,0.3315423018100357,0.08815273624669787,0.17890201686218404,0.0246341285714548,0.05140132599855259,0.10230930195010633,0.238834850812462,0.0028875598807524593,0.008281135608545162,0.019724038055158533,0.04511537937602073,0.4236934056570263,0.9761887769027295,0.0,A,A,0.5331976316185275,0.5004292338842267,0.5004292338842267,A,0.5016078763291087,0.4998904133939405,-0.003036996387165619,-0.03036996387165619,0.6900935646294192,-0.0011355989440699418,0.4998904133939405,0.4998904133939405,0.4998904133939405,0.4731805483556926,0.4847510402131987,0.4998904133939405,0.4937674745244475,0.4983596786765673,0.35977501335389495,0.036687816005203544,0.10189684931746879,0.0025658483815767545,0.0008547020029893132,0.0032288800722396335,0.006649430456805701,0.0,0.5016078763291087,0.0,0.5016078763291087,0.0,none,0.0,0.4958153465409588,0.0,0.7486915810999256,0.0,0.0,0.0,0.0,0.0,0.1044651408902303,0.0,0.0,0.0,0.5,mainstream_conservative,none,,0.0,0.0,0.0,0.0,0.0,0.0,0.0,0.0,0.0,0.0,0.0,1.0,0.960867040871453,0.7197283374221701,0.960867040871453,0.03290803900551924,0.0,0.0,0.0,0.3085222415047641,A,B,balanced_two_bloc,0.0,0.0,-0.0,0.0,0.8417889022571992,0.002595553918345206,-0.015273559058443143,-0.0,0.0,-0.0,0.0,0.0,0.0,0.6499999999999999,0.0,0.0,0.0,0.0,0.3085222415047641,structural_mega_shock_regime
pres_2022,sido_11,B,이재명,더불어민주당,2944981.0,6200728.0,0.4965713626461882,0.4749411718281074,2.163019081808076,2.163019081808076,0.5225098166705635,0.5225098166705635,0.49957076611577333,0.10701880797321284,False,이재명,0.6666888874075062,0.3369063093690631,0.2954554544545545,0.1953854614538546,0.3495400459954004,0.2527547245275472,0.3508599140085991,0.0752524747525247,-0.008233720131309468,0.002072361842543827,0.003064795680287987,-0.013434937670821972,0.0011099260049330076,0.0,0.0,True,0.376105873352888,0.4088852178164577,0.032779344463569726,0.07457322825187089,31.197820958317138,0.376105873352888,0.4236647343391063,0.4088852178164577,0.4678743434958676,12.03924121071692,19.158579747600218,0.8575421584413486,0.05898912567940989,0.05898912567940989,0.39646282935909843,-0.05684262336991874,0.08486530144303424,0.694537381804724,0.40888521781645776,-0.018039904943131846,0.07582432676317787,0.7158453804447539,0.08724324657786196,0.02054789350351753,0.025525341970720206,0.6980512006395987,0.08127761364484806,0.02567628751637374,0.06758407518505298,0.41606404118028595,0.002441312509925142,-0.0022518236068016424,0.004118555859335915,0.7901938196558207,0.0,0.0,0.0,0.8575421584413486,0.376105873352888,0.032779344463569726,0.1946519528244438,camp_liberal,1.0,1.0,camp_liberal,0.0,1.0,0.0,0.0,0.003036996387165619,0.7027197265269447,0.06673013553785248,0.376105873352888,0.032779344463569726,0.735880886706783,0.06946716046877327,0.1946519528244438,0.3591072742133008,0.01699859913958718,-0.060968831534339685,0.16922028429350217,-0.002596814694329423,0.004647763037501962,-0.12241999472418712,0.2404705289112851,-0.08815273624669787,0.23175971118000244,-0.0246341285714548,0.06338644746411819,-0.10230930195010633,0.2384200342787214,-0.0028875598807524593,0.005220635407707518,-0.019724038055158533,0.04687459542716117,0.4236934056570263,0.9999999999999999,0.0,B,B,0.4668023683814725,0.49957076611577333,0.49957076611577333,B,0.4983921236708913,0.5001095866060595,0.003036996387165619,0.03036996387165619,0.7027197265269447,0.0010196834458686649,0.5001095866060595,0.5001095866060595,0.5001095866060595,0.5268194516443074,0.5152489597868013,0.5001095866060595,0.5062325254755525,0.5016403213234328,0.376105873352888,0.032779344463569726,0.09275510350697513,-0.0026647751346117105,-0.0007586537105200319,-0.0029199770169215725,-0.006343405862053315,0.0,0.4983921236708913,0.0,0.4983921236708913,0.0,none,0.0,0.4102797571355084,0.0,0.770606313796698,0.0,0.0,0.0,0.0,0.0,0.1044651408902303,0.0,0.0,0.0,0.5,mainstream_liberal,none,,0.0,0.0,-0.15622906114316754,1.650547974854209,5.0,0.27995618834416436,0.02209262786093482,0.9268574260991862,4.0,1.0,0.14480206549304864,1.0,1.0,0.7824176245353761,1.0,0.0,-0.0,0.0,0.0,0.32252664243750406,A,B,balanced_two_bloc,0.0,0.0,-0.0,0.0,0.8417889022571992,0.002595553918345206,-0.015273559058443143,-0.0,0.0,-0.0,0.0,0.0,0.0,0.6499999999999999,0.0,0.0,0.0,0.0,0.32252664243750406,structural_mega_shock_regime
pres_2022,sido_26,A,윤석열,국민의힘,1270072.0,2101968.0,0.5887060631513327,0.604229525778243,-1.552346262691029,1.552346262691029,0.5631636792763683,0.5631636792763683,0.5863080962147487,0.10701880797321284,False,윤석열,0.6666888874075062,0.3230576942305769,0.2844165583441655,0.1911608839116088,0.3403459654034596,0.3097740225977402,0.3744475552444756,0.071922807719228,0.008233720131309432,-0.002072361842543827,-0.0030647956802879496,0.013434937670821972,-0.0011099260049330167,0.0,0.0,True,0.4751116221856814,0.5129051898046308,0.03779356761894942,0.09195104361181881,30.76796736953321,0.4751116221856814,0.5154796700756706,0.5129051898046308,0.5801063330679805,12.03924121071692,18.72872615881629,0.8575421584413486,0.0672011432633497,0.0672011432633497,0.5129051898046308,-0.06455444610031974,0.08742309730660798,0.7243598873950355,0.3220379527965024,0.008215506570029618,0.08315346815986698,0.6658746040112226,0.08474357351039231,-0.0006879098355584146,0.028396289233575,0.676820996558206,0.05696044441866817,0.026818543156012134,0.04546126372404432,0.49306208890468745,0.0012303955961407884,-0.0011169008631855884,0.0021942090987438555,0.8208134393925698,0.0,0.0,0.0,0.8575421584413486,0.4751116221856814,0.03779356761894942,0.16505685739886677,camp_conservative,1.0,1.0,camp_conservative,1.0,0.0,0.0,0.0,0.04944380984241775,0.7138432187442121,0.07293061889651412,0.4751116221856814,0.03779356761894942,0.7447755925396167,0.09016755006151661,0.16505685739886677,0.34334374242859717,0.13176787975708426,0.060968831534339685,0.11461624107387122,0.002596814694329423,0.007495525361058078,0.12241999472418712,0.3315423018100357,0.08815273624669787,0.17890201686218404,0.0246341285714548,0.05140132599855259,0.10230930195010633,0.238834850812462,0.0028875598807524593,0.008281135608545162,0.019724038055158533,0.04511537937602073,0.4236934056570263,0.9761887769027295,0.0,A,A,0.5331976316185275,0.5863080962147487,0.5863080962147487,A,0.6019859934842399,0.5948452060799455,0.04944380984241775,0.4944380984241775,0.7138432187442121,0.01289962964588116,0.5948452060799455,0.5948452060799455,0.5948452060799455,0.4731805483556926,0.5958788472615424,0.5948452060799455,0.611088470158968,0.5989060220997011,0.4751116221856814,0.03779356761894942,0.08600083229507027,0.00281955040812875,0.0007326473273854566,0.0022676604745842975,0.005819858210098504,0.0,0.6019859934842399,0.0,0.6019859934842399,0.0,none,0.0,0.4958153465409588,0.0,0.7486915810999256,0.0,0.0,0.0,0.0,0.0,0.18820941253138715,0.0,0.0,0.0,0.5,mainstream_conservative,none,,0.0,0.0,0.0,0.0,0.0,0.0,0.0,0.0,0.0,0.0,0.0,1.0,0.960867040871453,0.7197283374221701,0.960867040871453,0.03290803900551924,0.0,0.0,0.0,0.4074282459896798,A,B,balanced_two_bloc,0.0,0.0,-0.0,0.0,0.8417889022571992,0.002595553918345206,-0.015273559058443143,-0.0,0.0,-0.0,0.0,0.0,0.0,0.6499999999999999,0.0,0.0,0.0,0.0,0.4074282459896798,structural_mega_shock_regime
pres_2022,sido_26,B,이재명,더불어민주당,831896.0,2101968.0,0.4112939368486673,0.3957704742217571,1.5523462626910234,1.5523462626910234,0.4368363207236316,0.4368363207236316,0.4136919037852513,0.10701880797321284,False,이재명,0.6666888874075062,0.3369063093690631,0.2954554544545545,0.1953854614538546,0.3495400459954004,0.2527547245275472,0.3508599140085991,0.0752524747525247,-0.008233720131309468,0.002072361842543827,0.003064795680287987,-0.013434937670821972,0.0011099260049330076,0.0,0.0,True,0.2696639703539352,0.3220379527965024,0.05237398244256719,0.08814052193840394,30.342451190136707,0.28609017333693676,0.1707844604096585,0.3220379527965024,0.3204751196754071,12.03924121071692,18.303209979419787,0.8575421584413486,0.0,-0.0015628331210952862,0.5129051898046308,-0.06455444610031974,0.08742309730660798,0.7243598873950355,0.3220379527965024,0.008215506570029618,0.08315346815986698,0.6658746040112226,0.08474357351039231,-0.0006879098355584146,0.028396289233575,0.676820996558206,0.05696044441866817,0.026818543156012134,0.04546126372404432,0.49306208890468745,0.0012303955961407884,-0.0011169008631855884,0.0021942090987438555,0.8208134393925698,0.0,0.0,0.0,0.8575421584413486,0.2696639703539352,0.05237398244256719,0.16505685739886677,camp_liberal,1.0,1.0,camp_liberal,0.0,1.0,0.0,0.0,-0.04944380984241775,0.6746815621728206,0.07055773738547845,0.2696639703539352,0.05237398244256719,0.7447755925396167,0.09016755006151661,0.16505685739886677,0.3591072742133008,-0.08944330385936561,-0.060968831534339685,0.16922028429350217,-0.002596814694329423,0.004647763037501962,-0.12241999472418712,0.2404705289112851,-0.08815273624669787,0.23175971118000244,-0.0246341285714548,0.06338644746411819,-0.10230930195010633,0.2384200342787214,-0.0028875598807524593,0.005220635407707518,-0.019724038055158533,0.04687459542716117,0.4236934056570263,0.9999999999999999,0.0,B,B,0.4668023683814725,0.4136919037852513,0.4136919037852513,B,0.3980140065157602,0.40515479392005443,-0.04944380984241775,-0.4944380984241775,0.6746815621728206,-0.022408473058764592,0.40515479392005443,0.40515479392005443,0.40515479392005443,0.5268194516443074,0.4041211527384576,0.40515479392005443,0.38891152984103206,0.4010939779002989,0.2696639703539352,0.05237398244256719,0.0790560251037965,-0.002389569531631075,-0.0015160209970508632,-0.003112596961115181,-0.007018187489797119,0.0,0.3980140065157602,0.0,0.3980140065157602,0.0,none,0.0,0.4102797571355084,0.0,0.770606313796698,0.0,0.0,0.0,0.0,0.0,0.18820941253138715,0.0,0.0,0.0,0.5,mainstream_liberal,none,,0.0,0.0,-0.15622906114316754,1.650547974854209,5.0,0.27995618834416436,0.02209262786093482,0.9268574260991862,4.0,1.0,0.14480206549304864,1.0,1.0,0.7824176245353761,1.0,0.0,-0.0,0.0,0.0,0.23124822319117744,A,B,balanced_two_bloc,0.0,0.0,-0.0,0.0,0.8417889022571992,0.002595553918345206,-0.015273559058443143,-0.0,0.0,-0.0,0.0,0.0,0.0,0.6499999999999999,0.0,0.0,0.0,0.0,0.23124822319117744,structural_mega_shock_regime
pres_2022,sido_27,A,윤석열,국민의힘,1199888.0,1544933.0,0.7209014857508865,0.7766605961257409,-5.575911037485437,5.575911037485437,0.6929697720010454,0.6929697720010454,0.7164596840739117,0.10701880797321284,False,윤석열,0.6666888874075062,0.3230576942305769,0.2844165583441655,0.1911608839116088,0.3403459654034596,0.3097740225977402,0.3744475552444756,0.071922807719228,0.008233720131309432,-0.002072361842543827,-0.0030647956802879496,0.013434937670821972,-0.0011099260049330167,0.0,0.0,True,0.5967758726230965,0.6459468445262445,0.04917097190314801,0.10730937991713745,30.76796736953321,0.601616084586772,0.5676396329522535,0.6459468445262445,0.7106160883963528,12.03924121071692,18.72872615881629,0.8575421584413486,0.0646692438701083,0.0646692438701083,0.6459468445262444,-0.0757062785168029,0.10254476049837696,0.7311870266575545,0.2004874702266237,-0.007801474701433386,0.07719032568342099,0.5932816010671064,0.06251244038020981,0.00905827181034749,0.01921955671168561,0.7110554224757158,0.0632253308156884,0.0381634497686761,0.05204427901736983,0.46337096864169647,0.0009256518763012578,-0.0007734423640315578,0.0015491405850325888,0.8314560247921464,0.0,0.0,0.0,0.8575421584413486,0.5967758726230965,0.04917097190314801,0.15356568524713177,camp_conservative,1.0,1.0,camp_conservative,1.0,0.0,0.0,0.0,0.11345507771146736,0.7135924250168885,0.08356088505984595,0.5967758726230965,0.04917097190314801,0.7513865825689107,0.09504773218395754,0.15356568524713177,0.34334374242859717,0.25343213019449934,0.060968831534339685,0.11461624107387122,0.002596814694329423,0.007495525361058078,0.12241999472418712,0.3315423018100357,0.08815273624669787,0.17890201686218404,0.0246341285714548,0.05140132599855259,0.10230930195010633,0.238834850812462,0.0028875598807524593,0.008281135608545162,0.019724038055158533,0.04511537937602073,0.4236934056570263,0.9761887769027295,0.0,A,A,0.5331976316185275,0.7164596840739117,0.7164596840739117,A,0.7411364948794827,0.7319482555265396,0.11345507771146736,1.0,0.7135924250168885,0.02284488160385484,0.7319482555265395,0.7319482555265396,0.7319482555265396,0.4731805483556926,0.7144149058117221,0.7319482555265396,0.7583489799516203,0.7385484366328099,0.5967758726230965,0.04917097190314801,0.09260159210656538,0.002871938677079785,0.0007729752153128665,0.0019800380065060547,0.005624951898898707,0.0,0.7411364948794827,0.0,0.7411364948794827,0.0,none,0.0,0.4958153465409588,0.0,0.7486915810999256,0.0,0.0,0.0,0.0,0.0,0.35039584591782497,0.0,0.0,0.0,0.5,mainstream_conservative,none,,0.0,0.0,0.0,0.0,0.0,0.0,0.0,0.0,0.0,0.0,0.0,1.0,0.960867040871453,0.7197283374221701,0.960867040871453,0.03290803900551924,0.0,0.0,0.0,0.5117604699149295,A,B,balanced_two_bloc,0.0,0.0,-0.0,0.0,0.8417889022571992,0.002595553918345206,-0.015273559058443143,-0.0,0.0,-0.0,0.0,0.0,0.0,0.6499999999999999,0.0,0.0,0.0,0.0,0.5117604699149295,structural_mega_shock_regime
pres_2022,sido_27,B,이재명,더불어민주당,345045.0,1544933.0,0.2790985142491134,0.2233394038742591,5.575911037485423,5.575911037485423,0.3070302279989547,0.3070302279989547,0.28354031592608836,0.10701880797321284,False,이재명,0.6666888874075062,0.3369063093690631,0.2954554544545545,0.1953854614538546,0.3495400459954004,0.2527547245275472,0.3508599140085991,0.0752524747525247,-0.008233720131309468,0.002072361842543827,0.003064795680287987,-0.013434937670821972,0.0011099260049330076,0.0,0.0,True,0.15461070994581416,0.2004874702266237,0.04587676028080953,0.07918529890677004,29.592622365055806,0.16711759563829115,0.0793240031225167,0.2004874702266237,0.18966538479606046,12.03924121071692,17.553381154338886,0.8575421584413486,0.0,-0.010822085430563233,0.6459468445262444,-0.0757062785168029,0.10254476049837696,0.7311870266575545,0.2004874702266237,-0.007801474701433386,0.07719032568342099,0.5932816010671064,0.06251244038020981,0.00905827181034749,0.01921955671168561,0.7110554224757158,0.0632253308156884,0.0381634497686761,0.05204427901736983,0.46337096864169647,0.0009256518763012578,-0.0007734423640315578,0.0015491405850325888,0.8314560247921464,0.0,0.0,0.0,0.8575421584413486,0.15461070994581416,0.04587676028080953,0.15356568524713177,camp_liberal,1.0,1.0,camp_liberal,0.0,1.0,0.0,0.0,-0.11345507771146736,0.6226858820497465,0.06750948514106805,0.15461070994581416,0.04587676028080953,0.7513865825689107,0.09504773218395754,0.15356568524713177,0.3591072742133008,-0.20449656426748664,-0.060968831534339685,0.16922028429350217,-0.002596814694329423,0.004647763037501962,-0.12241999472418712,0.2404705289112851,-0.08815273624669787,0.23175971118000244,-0.0246341285714548,0.06338644746411819,-0.10230930195010633,0.2384200342787214,-0.0028875598807524593,0.005220635407707518,-0.019724038055158533,0.04687459542716117,0.4236934056570263,0.9999999999999999,0.0,B,B,0.4668023683814725,0.28354031592608836,0.28354031592608836,B,0.25886350512051726,0.2680517444734604,-0.11345507771146736,-1.0,0.6226858820497465,-0.054717245510348005,0.26805174447346036,0.26805174447346036,0.2680517444734604,0.5268194516443074,0.28558509418827793,0.2680517444734604,0.2416510200483797,0.2614515633671902,0.15461070994581416,0.04587676028080953,0.06096409314056653,-0.0021017991903178657,-0.002037216841621577,-0.0036822810331676756,-0.007821297065107119,0.0,0.25886350512051726,0.0,0.25886350512051726,0.0,none,0.0,0.4102797571355084,0.0,0.770606313796698,0.0,0.0,0.0,0.0,0.0,0.35039584591782497,0.0,0.0,0.0,0.5,mainstream_liberal,none,,0.0,0.0,-0.15622906114316754,1.650547974854209,5.0,0.27995618834416436,0.02209262786093482,0.9268574260991862,4.0,1.0,0.14480206549304864,1.0,1.0,0.7824176245353761,1.0,0.0,-0.0,0.0,0.0,0.13258520192508277,A,B,balanced_two_bloc,0.0,0.0,-0.0,0.0,0.8417889022571992,0.002595553918345206,-0.015273559058443143,-0.0,0.0,-0.0,0.0,0.0,0.0,0.6499999999999999,0.0,0.0,0.0,0.0,0.13258520192508277,structural_mega_shock_regime
pres_2022,sido_28,A,윤석열,국민의힘,878560.0,1791880.0,0.508666045717096,0.4903009887083649,1.8365057008731036,1.8365057008731036,0.48352777087251997,0.48352777087251997,0.5065236905944154,0.10701880797321284,False,윤석열,0.6666888874075062,0.3230576942305769,0.2844165583441655,0.1911608839116088,0.3403459654034596,0.3097740225977402,0.3744475552444756,0.071922807719228,0.008233720131309432,-0.002072361842543827,-0.0030647956802879496,0.013434937670821972,-0.0011099260049330167,0.0,0.0,True,0.36713222162173303,0.40740280142891894,0.0402705798071859,0.09242341527188375,30.76796736953321,0.3676461830443345,0.3640383688518819,0.40740280142891894,0.42753074496588545,12.03924121071692,18.72872615881629,0.8575421584413486,0.02012794353696651,0.02012794353696651,0.40740280142891894,-0.08479126205349574,0.09196397526320164,0.6851274167745157,0.40422327602355657,-0.00629266741757295,0.08933321083206784,0.6888872292882804,0.09021948323425917,0.038464547717259726,0.030754819325442353,0.6694545008741596,0.06685681773927671,0.023183483304023186,0.05434539174367047,0.4587338951426986,0.002642035349009835,-0.002426928778596235,0.004719637929747778,0.7806589515040679,0.0,0.0,0.0,0.8575421584413486,0.36713222162173303,0.0402705798071859,0.1883739225475245,camp_conservative,1.0,1.0,camp_conservative,1.0,0.0,0.0,0.0,-0.0015908263728001137,0.6834611144236215,0.07740126310812041,0.36713222162173303,0.0402705798071859,0.7327361756558315,0.07888990179664401,0.1883739225475245,0.34334374242859717,0.02378847919313587,0.060968831534339685,0.11461624107387122,0.002596814694329423,0.007495525361058078,0.12241999472418712,0.3315423018100357,0.08815273624669787,0.17890201686218404,0.0246341285714548,0.05140132599855259,0.10230930195010633,0.238834850812462,0.0028875598807524593,0.008281135608545162,0.019724038055158533,0.04511537937602073,0.4236934056570263,0.9761887769027295,0.0,A,A,0.5331976316185275,0.5065236905944154,0.5065236905944154,A,0.5086210866610196,0.5062441796324709,-0.0015908263728001137,-0.015908263728001137,0.6834611144236215,-0.0005752566893494664,0.5062441796324709,0.5062441796324709,0.5062441796324709,0.4731805483556926,0.4935962645805462,0.5062441796324709,0.5027660033131411,0.5053746355526385,0.36713222162173303,0.0402705798071859,0.09797183412371957,0.002581974508837035,0.0009251458412416011,0.003061412516536552,0.006568532866615188,0.0,0.5086210866610196,0.0,0.5086210866610196,0.0,none,0.0,0.4958153465409588,0.0,0.7486915810999256,0.0,0.0,0.0,0.0,0.0,0.08061416741552832,0.0,0.0,0.0,0.5,mainstream_conservative,none,,0.0,0.0,0.0,0.0,0.0,0.0,0.0,0.0,0.0,0.0,0.0,1.0,0.960867040871453,0.7197283374221701,0.960867040871453,0.03290803900551924,0.0,0.0,0.0,0.3148313577628685,A,B,balanced_two_bloc,0.0,0.0,-0.0,0.0,0.8417889022571992,0.002595553918345206,-0.015273559058443143,-0.0,0.0,-0.0,0.0,0.0,0.0,0.6499999999999999,0.0,0.0,0.0,0.0,0.3148313577628685,structural_mega_shock_regime
pres_2022,sido_28,B,이재명,더불어민주당,913320.0,1791880.0,0.491333954282904,0.5096990112916351,-1.836505700873109,1.836505700873109,0.51647222912748,0.51647222912748,0.4934763094055846,0.10701880797321284,False,이재명,0.6666888874075062,0.3369063093690631,0.2954554544545545,0.1953854614538546,0.3495400459954004,0.2527547245275472,0.3508599140085991,0.0752524747525247,-0.008233720131309468,0.002072361842543827,0.003064795680287987,-0.013434937670821972,0.0011099260049330076,0.0,0.0,True,0.36560395403409846,0.40422327602355657,0.03861932198945811,0.08740804955663191,30.76796736953321,0.36560395403409846,0.3851421657405051,0.40422327602355657,0.44250171257795884,12.03924121071692,18.72872615881629,0.8575421584413486,0.03827843655440227,0.03827843655440227,0.40740280142891894,-0.08479126205349574,0.09196397526320164,0.6851274167745157,0.40422327602355657,-0.00629266741757295,0.08933321083206784,0.6888872292882804,0.09021948323425917,0.038464547717259726,0.030754819325442353,0.6694545008741596,0.06685681773927671,0.023183483304023186,0.05434539174367047,0.4587338951426986,0.002642035349009835,-0.002426928778596235,0.004719637929747778,0.7806589515040679,0.0,0.0,0.0,0.8575421584413486,0.36560395403409846,0.03861932198945811,0.1883739225475245,camp_liberal,1.0,1.0,camp_liberal,0.0,1.0,0.0,0.0,0.0015908263728001137,0.684645692679025,0.07612700291468101,0.36560395403409846,0.03861932198945811,0.7327361756558315,0.07888990179664401,0.1883739225475245,0.3591072742133008,0.006496679820797657,-0.060968831534339685,0.16922028429350217,-0.002596814694329423,0.004647763037501962,-0.12241999472418712,0.2404705289112851,-0.08815273624669787,0.23175971118000244,-0.0246341285714548,0.06338644746411819,-0.10230930195010633,0.2384200342787214,-0.0028875598807524593,0.005220635407707518,-0.019724038055158533,0.04687459542716117,0.4236934056570263,0.9999999999999999,0.0,B,B,0.4668023683814725,0.4934763094055846,0.4934763094055846,B,0.49137891333898054,0.493755820367529,0.0015908263728001137,0.015908263728001137,0.684645692679025,0.0005429694791320912,0.493755820367529,0.4937558203675291,0.493755820367529,0.5268194516443074,0.5064037354194538,0.493755820367529,0.4972339966868589,0.4946253644473615,0.36560395403409846,0.03861932198945811,0.09040208842380493,-0.0026271047510117653,-0.0009064920949409459,-0.002886264556789193,-0.006419861402741904,0.0,0.49137891333898054,0.0,0.49137891333898054,0.0,none,0.0,0.4102797571355084,0.0,0.770606313796698,0.0,0.0,0.0,0.0,0.0,0.08061416741552832,0.0,0.0,0.0,0.5,mainstream_liberal,none,,0.0,0.0,-0.15622906114316754,1.650547974854209,5.0,0.27995618834416436,0.02209262786093482,0.9268574260991862,4.0,1.0,0.14480206549304864,1.0,1.0,0.7824176245353761,1.0,0.0,-0.0,0.0,0.0,0.3135208038770924,A,B,balanced_two_bloc,0.0,0.0,-0.0,0.0,0.8417889022571992,0.002595553918345206,-0.015273559058443143,-0.0,0.0,-0.0,0.0,0.0,0.0,0.6499999999999999,0.0,0.0,0.0,0.0,0.3135208038770924,structural_mega_shock_regime
pres_2022,sido_29,A,윤석열,국민의힘,124511.0,954569.0,0.1653307684557077,0.1304371449690038,3.4893623486703884,3.4893623486703884,0.16947925397125185,0.16947925397125185,0.14442198222685151,0.10701880797321284,False,윤석열,0.6666888874075062,0.3230576942305769,0.2844165583441655,0.1911608839116088,0.3403459654034596,0.3097740225977402,0.3744475552444756,0.071922807719228,0.008233720131309432,-0.002072361842543827,-0.0030647956802879496,0.013434937670821972,-0.0011099260049330167,0.0,0.0,True,0.03422107869771724,0.048855715800316286,0.014634637102599046,0.023744321662208055,23.834024979087534,0.038039346662877324,0.0157553095833446,0.048855715800316286,0.04220064130705058,9.672327496584408,14.161697482503126,0.8286545677727731,0.0,-0.006655074493265703,0.04166517255116207,-0.007755871029678868,0.02538395160491226,0.6200712843544898,0.656431603218647,0.03496461567084763,0.09732982991900943,0.7393928117116785,0.1628585041475172,-0.031915635201755305,0.037794250868611344,0.7052806192731433,0.113577052994137,-0.0011110950320880053,0.10367558416600535,0.31402958992374275,0.001155744808085545,-0.0011026502362932666,0.0020760508087656893,0.8227405716740801,0.0,0.0,0.0,0.8575421584413486,0.03422107869771724,0.014634637102599046,0.29471268098103676,camp_conservative,1.0,1.0,camp_conservative,1.0,0.0,0.0,0.0,-0.14734125181324362,0.6310132777406838,0.033839462477842704,0.03422107869771724,0.014634637102599046,0.6906526819163642,0.014634637102599046,0.29471268098103676,0.34334374242859717,-0.30912266373087993,0.060968831534339685,0.11461624107387122,0.002596814694329423,0.007495525361058078,0.12241999472418712,0.3315423018100357,0.08815273624669787,0.17890201686218404,0.0246341285714548,0.05140132599855259,0.10230930195010633,0.238834850812462,0.0028875598807524593,0.008281135608545162,0.019724038055158533,0.04511537937602073,0.4236934056570263,0.9761887769027295,0.0,A,A,0.5331976316185275,0.14442198222685151,0.14442198222685151,A,0.12083312784246825,0.1295105821786462,-0.14734125181324362,-1.0,0.6310132777406838,-0.09466933505937127,0.12951058217864617,0.1295105821786462,0.1295105821786462,0.4731805483556926,0.1805982123008949,0.1295105821786462,0.0870241266896,0.11888896830638465,0.03422107869771724,0.014634637102599046,0.07003325250606837,0.001023045679809089,0.0014291445543815665,0.009302438215107288,0.011754628449297942,0.0,0.12083312784246825,0.0,0.12083312784246825,0.0,none,0.0,0.4958153465409588,0.0,0.7486915810999256,0.0,0.0,0.0,0.0,0.0,0.4557088628202148,0.0,0.0,0.0,0.5,mainstream_conservative,none,,0.0,0.0,0.0,0.0,0.0,0.0,0.0,0.0,0.0,0.0,0.0,1.0,0.960867040871453,0.7197283374221701,0.960867040871453,0.03290803900551924,0.0,0.0,0.0,0.028357453176974932,A,B,balanced_two_bloc,0.0,0.0,-0.0,0.0,0.8417889022571992,0.002595553918345206,-0.015273559058443143,-0.0,0.0,-0.0,0.0,0.0,0.0,0.6499999999999999,0.0,0.0,0.0,0.0,0.028357453176974932,structural_mega_shock_regime
pres_2022,sido_29,B,이재명,더불어민주당,830058.0,954569.0,0.8346692315442924,0.8695628550309961,-3.489362348670366,3.489362348670366,0.8305207460287481,0.8305207460287481,0.8555780177731485,0.10701880797321284,False,이재명,0.6666888874075062,0.3369063093690631,0.2954554544545545,0.1953854614538546,0.3495400459954004,0.2527547245275472,0.3508599140085991,0.0752524747525247,-0.008233720131309468,0.002072361842543827,0.003064795680287987,-0.013434937670821972,0.0011099260049330076,0.0,0.0,True,0.6564316032186469,0.6564316032186469,0.0,0.10052824956289322,30.76796736953321,0.6564316032186469,0.6950193792535173,0.6564316032186469,0.7854527862047843,12.03924121071692,18.72872615881629,0.8575421584413486,0.1290211829861374,0.1290211829861374,0.04166517255116207,-0.007755871029678868,0.02538395160491226,0.6200712843544898,0.656431603218647,0.03496461567084763,0.09732982991900943,0.7393928117116785,0.1628585041475172,-0.031915635201755305,0.037794250868611344,0.7052806192731433,0.113577052994137,-0.0011110950320880053,0.10367558416600535,0.31402958992374275,0.001155744808085545,-0.0011026502362932666,0.0020760508087656893,0.8227405716740801,0.0,0.0,0.0,0.8575421584413486,0.6564316032186469,0.0,0.29471268098103676,camp_liberal,1.0,1.0,camp_liberal,0.0,1.0,0.0,0.0,0.14734125181324362,0.7071255973734075,0.08096479868366173,0.6564316032186469,0.0,0.6906526819163642,0.014634637102599046,0.29471268098103676,0.3591072742133008,0.2973243290053461,-0.060968831534339685,0.16922028429350217,-0.002596814694329423,0.004647763037501962,-0.12241999472418712,0.2404705289112851,-0.08815273624669787,0.23175971118000244,-0.0246341285714548,0.06338644746411819,-0.10230930195010633,0.2384200342787214,-0.0028875598807524593,0.005220635407707518,-0.019724038055158533,0.04687459542716117,0.4236934056570263,0.9999999999999999,0.0,B,B,0.4668023683814725,0.8555780177731485,0.8555780177731485,B,0.8791668721575318,0.8704894178213538,0.14734125181324362,1.0,0.7071255973734075,0.03158583583106345,0.8704894178213537,0.8704894178213538,0.8704894178213538,0.5268194516443074,0.8194017876991051,0.8704894178213538,0.9129758733104,0.8811110316936154,0.6564316032186469,0.0,0.22467942847496847,-0.0026479009284853597,0.0,-0.004026861825647552,-0.006674762754132911,0.0,0.8791668721575318,0.0,0.8791668721575318,0.0,none,0.0,0.4102797571355084,0.0,0.770606313796698,0.0,0.0,0.0,0.0,0.0,0.4557088628202148,0.0,0.0,0.0,0.5,mainstream_liberal,none,,0.0,0.0,-0.15622906114316754,1.650547974854209,5.0,0.27995618834416436,0.02209262786093482,0.9268574260991862,4.0,1.0,0.14480206549304864,1.0,1.0,0.7824176245353761,1.0,0.0,-0.0,0.0,0.0,0.5629177738932334,A,B,balanced_two_bloc,0.0,0.0,-0.0,0.0,0.8417889022571992,0.002595553918345206,-0.015273559058443143,-0.0,0.0,-0.0,0.0,0.0,0.0,0.6499999999999999,0.0,0.0,0.0,0.0,0.5629177738932334,structural_mega_shock_regime
pres_2022,sido_30,A,윤석열,국민의힘,464060.0,899010.0,0.4915971481670131,0.5161899821783642,-2.459283401135109,2.459283401135109,0.46919845095900925,0.46919845095900925,0.4866515992739619,0.10701880797321284,False,윤석열,0.6666888874075062,0.3230576942305769,0.2844165583441655,0.1911608839116088,0.3403459654034596,0.3097740225977402,0.3744475552444756,0.071922807719228,0.008233720131309432,-0.002072361842543827,-0.0030647956802879496,0.013434937670821972,-0.0011099260049330167,0.0,0.0,True,0.30360596677751084,0.3378261222114051,0.034220155433894284,0.07021494763352254,30.76796736953321,0.3091322833525507,0.2703396376506666,0.3378261222114051,0.36713731991516657,12.03924121071692,18.72872615881629,0.8575421584413486,0.02931119770376145,0.02931119770376145,0.3378261222114051,-0.005971708887695937,0.06637384149465712,0.7107795655174356,0.3850231212703664,0.00652611630677008,0.10890062842034726,0.6428710860659472,0.070028979503046,0.039660744284108304,0.032306161573618535,0.6267321020574839,0.1445188729510899,-0.042375256733414995,0.12052830233945995,0.3261896013686966,0.03787052116839332,-0.036314556140805615,0.061661447439365795,0.2557784494445791,0.0,0.0,0.0,0.8575421584413486,0.30360596677751084,0.034220155433894284,0.2771507565182285,camp_conservative,1.0,1.0,camp_conservative,1.0,0.0,0.0,0.0,0.0031905567690899,0.678978663625689,0.06611371017852628,0.30360596677751084,0.034220155433894284,0.6415506454994984,0.08129859798227318,0.2771507565182285,0.34334374242859717,-0.03973777565108633,0.060968831534339685,0.11461624107387122,0.002596814694329423,0.007495525361058078,0.12241999472418712,0.3315423018100357,0.08815273624669787,0.17890201686218404,0.0246341285714548,0.05140132599855259,0.10230930195010633,0.238834850812462,0.0028875598807524593,0.008281135608545162,0.019724038055158533,0.04511537937602073,0.4236934056570263,0.9761887769027295,0.0,A,A,0.5331976316185275,0.4866515992739619,0.4866515992739619,A,0.48755659296271564,0.48737387931084836,0.0031905567690899,0.031905567690899,0.678978663625689,0.0015757769884816653,0.48737387931084836,0.4873738793108483,0.48737387931084836,0.4731805483556926,0.47321722889780227,0.48737387931084836,0.47290216156963055,0.4837559498755439,0.30360596677751084,0.034220155433894284,0.14592982766413876,0.002230626575297577,0.000821280323124788,0.004763781199316994,0.00781568809773936,0.0,0.48755659296271564,0.0,0.48755659296271564,0.0,none,0.0,0.4958153465409588,0.0,0.7486915810999256,0.0,0.0,0.0,0.0,0.0,0.13692339635764225,0.0,0.0,0.0,0.5,mainstream_conservative,none,,0.0,0.0,0.0,0.0,0.0,0.0,0.0,0.0,0.0,0.0,0.0,1.0,0.960867040871453,0.7197283374221701,0.960867040871453,0.03290803900551924,0.0,0.0,0.0,0.26035491606605904,A,B,balanced_two_bloc,0.0,0.0,-0.0,0.0,0.8417889022571992,0.002595553918345206,-0.015273559058443143,-0.0,0.0,-0.0,0.0,0.0,0.0,0.6499999999999999,0.0,0.0,0.0,0.0,0.26035491606605904,structural_mega_shock_regime
pres_2022,sido_30,B,이재명,더불어민주당,434950.0,899010.0,0.508402851832987,0.4838100178216357,2.459283401135126,2.459283401135126,0.5308015490409909,0.5308015490409909,0.5133484007260382,0.10701880797321284,False,이재명,0.6666888874075062,0.3369063093690631,0.2954554544545545,0.1953854614538546,0.3495400459954004,0.2527547245275472,0.3508599140085991,0.0752524747525247,-0.008233720131309468,0.002072361842543827,0.003064795680287987,-0.013434937670821972,0.0011099260049330076,0.0,0.0,True,0.3379446787219875,0.3850231212703664,0.047078442548378896,0.1076035222496948,30.539816074063857,0.3379446787219875,0.3463197445595457,0.3850231212703664,0.431529573461326,12.03924121071692,18.500574863346937,0.8575421584413486,0.04650645219095956,0.04650645219095956,0.3378261222114051,-0.005971708887695937,0.06637384149465712,0.7107795655174356,0.3850231212703664,0.00652611630677008,0.10890062842034726,0.6428710860659472,0.070028979503046,0.039660744284108304,0.032306161573618535,0.6267321020574839,0.1445188729510899,-0.042375256733414995,0.12052830233945995,0.3261896013686966,0.03787052116839332,-0.036314556140805615,0.061661447439365795,0.2557784494445791,0.0,0.0,0.0,0.8575421584413486,0.3379446787219875,0.047078442548378896,0.2771507565182285,camp_liberal,1.0,1.0,camp_liberal,0.0,1.0,0.0,0.0,-0.0031905567690899,0.6330967559175738,0.09427711697438086,0.3379446787219875,0.047078442548378896,0.6415506454994984,0.08129859798227318,0.2771507565182285,0.3591072742133008,-0.021162595491313274,-0.060968831534339685,0.16922028429350217,-0.002596814694329423,0.004647763037501962,-0.12241999472418712,0.2404705289112851,-0.08815273624669787,0.23175971118000244,-0.0246341285714548,0.06338644746411819,-0.10230930195010633,0.2384200342787214,-0.0028875598807524593,0.005220635407707518,-0.019724038055158533,0.04687459542716117,0.4236934056570263,0.9999999999999999,0.0,B,B,0.4668023683814725,0.5133484007260382,0.5133484007260382,B,0.5124434070372843,0.5126261206891517,-0.0031905567690899,-0.031905567690899,0.6330967559175738,-0.0013152941988265065,0.5126261206891517,0.5126261206891517,0.5126261206891517,0.5268194516443074,0.5267827711021977,0.5126261206891517,0.5270978384303695,0.5162440501244562,0.3379446787219875,0.047078442548378896,0.13122092885408976,-0.0023266627788501065,-0.0010587728282182803,-0.004014043775391767,-0.007399479382460154,0.0,0.5124434070372843,0.0,0.5124434070372843,0.0,none,0.0,0.4102797571355084,0.0,0.770606313796698,0.0,0.0,0.0,0.0,0.0,0.13692339635764225,0.0,0.0,0.0,0.5,mainstream_liberal,none,,0.0,0.0,-0.15622906114316754,1.650547974854209,5.0,0.27995618834416436,0.02209262786093482,0.9268574260991862,4.0,1.0,0.14480206549304864,1.0,1.0,0.7824176245353761,1.0,0.0,-0.0,0.0,0.0,0.2898018092250213,A,B,balanced_two_bloc,0.0,0.0,-0.0,0.0,0.8417889022571992,0.002595553918345206,-0.015273559058443143,-0.0,0.0,-0.0,0.0,0.0,0.0,0.6499999999999999,0.0,0.0,0.0,0.0,0.2898018092250213,structural_mega_shock_regime
pres_2022,sido_31,A,윤석열,국민의힘,396321.0,693455.0,0.596584170917146,0.5715160529306603,2.506811798648567,2.506811798648567,0.5702005943906221,0.5702005943906221,0.5883129791643971,0.10701880797321284,False,윤석열,0.6666888874075062,0.3230576942305769,0.2844165583441655,0.1911608839116088,0.3403459654034596,0.3097740225977402,0.3744475552444756,0.071922807719228,0.008233720131309432,-0.002072361842543827,-0.0030647956802879496,0.013434937670821972,-0.0011099260049330167,0.0,0.0,True,0.425230578648918,0.46906532399122575,0.043834745342307746,0.09388442558213805,29.463012987321363,0.4290530291118213,0.4022208770794631,0.46906532399122575,0.5228555758339051,12.03924121071692,17.423771776604443,0.8575421584413486,0.053790251842679326,0.053790251842679326,0.46906532399122575,-0.06180908672136204,0.0925553994788519,0.704632392799139,0.24636072097515505,0.06518397223750594,0.11303486203373174,0.5304672368775948,0.20497955111974908,-0.06306029576017297,0.07185375882472987,0.6158850249022566,0.05289260545125339,0.029844336072403707,0.049444488270078135,0.44545488542308886,0.000488888515281692,-0.00034101620699499203,0.0008821430149422411,0.842559162234994,0.0,0.0,0.0,0.8575421584413486,0.425230578648918,0.043834745342307746,0.2679341034631405,camp_conservative,1.0,1.0,camp_conservative,1.0,0.0,0.0,0.0,0.05922028814505122,0.6853074631571084,0.08062143125990244,0.425230578648918,0.043834745342307746,0.6292783492754594,0.10278754726139999,0.2679341034631405,0.34334374242859717,0.08188683622032084,0.060968831534339685,0.11461624107387122,0.002596814694329423,0.007495525361058078,0.12241999472418712,0.3315423018100357,0.08815273624669787,0.17890201686218404,0.0246341285714548,0.05140132599855259,0.10230930195010633,0.238834850812462,0.0028875598807524593,0.008281135608545162,0.019724038055158533,0.04511537937602073,0.4236934056570263,0.9761887769027295,0.0,A,A,0.5331976316185275,0.5883129791643971,0.5883129791643971,A,0.6122929233309944,0.601343451659145,0.05922028814505122,0.5922028814505121,0.6853074631571084,0.021593114348269812,0.601343451659145,0.601343451659145,0.601343451659145,0.4731805483556926,0.6006488526260836,0.601343451659145,0.6301857425849491,0.608554024390596,0.425230578648918,0.043834745342307746,0.13948870039937028,0.002483523293696831,0.0008362865433327686,0.003619711398198997,0.006939521235228596,0.0,0.6122929233309943,0.0,0.6122929233309943,0.0,none,0.0,0.4958153465409588,0.0,0.7486915810999256,0.0,0.0,0.0,0.0,0.0,0.26983118053655974,0.0,0.0,0.0,0.5,mainstream_conservative,none,,0.0,0.0,0.0,0.0,0.0,0.0,0.0,0.0,0.0,0.0,0.0,1.0,0.960867040871453,0.7197283374221701,0.960867040871453,0.03290803900551924,0.0,0.0,0.0,0.3646531482498568,A,B,balanced_two_bloc,0.0,0.0,-0.0,0.0,0.8417889022571992,0.002595553918345206,-0.015273559058443143,-0.0,0.0,-0.0,0.0,0.0,0.0,0.6499999999999999,0.0,0.0,0.0,0.0,0.3646531482498568,structural_mega_shock_regime
pres_2022,sido_31,B,이재명,더불어민주당,297134.0,693455.0,0.403415829082854,0.4284839470693397,-2.5068117986485614,2.5068117986485614,0.42979940560937796,0.42979940560937796,0.4116870208356029,0.10701880797321284,False,이재명,0.6666888874075062,0.3369063093690631,0.2954554544545545,0.1953854614538546,0.3495400459954004,0.2527547245275472,0.3508599140085991,0.0752524747525247,-0.008233720131309468,0.002072361842543827,0.003064795680287987,-0.013434937670821972,0.0011099260049330076,0.0,0.0,True,0.2040477706265415,0.26300057254563375,0.058952801919092246,0.11079362887095205,27.55143543642205,0.21521813204438342,0.1420584282564163,0.26300057254563375,0.2651125965770869,11.098896454883281,16.45253898153877,0.8473153821095823,0.0021120240314531635,0.0021120240314531635,0.46906532399122575,-0.06180908672136204,0.0925553994788519,0.704632392799139,0.24636072097515505,0.06518397223750594,0.11303486203373174,0.5304672368775948,0.20497955111974908,-0.06306029576017297,0.07185375882472987,0.6158850249022566,0.05289260545125339,0.029844336072403707,0.049444488270078135,0.44545488542308886,0.000488888515281692,-0.00034101620699499203,0.0008821430149422411,0.842559162234994,0.0,0.0,0.0,0.8575421584413486,0.2040477706265415,0.058952801919092246,0.2679341034631405,camp_liberal,1.0,1.0,camp_liberal,0.0,1.0,0.0,0.0,-0.05922028814505122,0.5706089058687697,0.09442107426506888,0.2040477706265415,0.058952801919092246,0.6292783492754594,0.10278754726139999,0.2679341034631405,0.3591072742133008,-0.1550595035867593,-0.060968831534339685,0.16922028429350217,-0.002596814694329423,0.004647763037501962,-0.12241999472418712,0.2404705289112851,-0.08815273624669787,0.23175971118000244,-0.0246341285714548,0.06338644746411819,-0.10230930195010633,0.2384200342787214,-0.0028875598807524593,0.005220635407707518,-0.019724038055158533,0.04687459542716117,0.4236934056570263,0.9999999999999999,0.0,B,B,0.4668023683814725,0.4116870208356029,0.4116870208356029,B,0.38770707666900567,0.39865654834085495,-0.05922028814505122,-0.5922028814505121,0.5706089058687697,-0.032477177561683425,0.39865654834085495,0.39865654834085495,0.39865654834085495,0.5268194516443074,0.3993511473739164,0.39865654834085495,0.36981425741505086,0.391445975609404,0.2040477706265415,0.058952801919092246,0.12844540306377022,-0.0018526906540846952,-0.001748511037558904,-0.0051818017040927335,-0.008783003395736334,0.0,0.3877070766690056,0.0,0.3877070766690056,0.0,none,0.0,0.4102797571355084,0.0,0.770606313796698,0.0,0.0,0.0,0.0,0.0,0.26983118053655974,0.0,0.0,0.0,0.5,mainstream_liberal,none,,0.0,0.0,-0.15622906114316754,1.650547974854209,5.0,0.27995618834416436,0.02209262786093482,0.9268574260991862,4.0,1.0,0.14480206549304864,1.0,1.0,0.7824176245353761,1.0,0.0,-0.0,0.0,0.0,0.17289281473703644,A,B,balanced_two_bloc,0.0,0.0,-0.0,0.0,0.8417889022571992,0.002595553918345206,-0.015273559058443143,-0.0,0.0,-0.0,0.0,0.0,0.0,0.6499999999999999,0.0,0.0,0.0,0.0,0.17289281473703644,structural_mega_shock_regime
pres_2022,sido_36,A,윤석열,국민의힘,101491.0,220840.0,0.4542026679473849,0.4595676374542097,-0.5364969506824746,0.5364969506824746,0.43542453324952224,0.43542453324952224,0.4518497145396971,0.10701880797321284,False,윤석열,0.6666888874075062,0.3230576942305769,0.2844165583441655,0.1911608839116088,0.3403459654034596,0.3097740225977402,0.3744475552444756,0.071922807719228,0.008233720131309432,-0.002072361842543827,-0.0030647956802879496,0.013434937670821972,-0.0011099260049330167,0.0,0.0,True,0.23012715626249203,0.2878783394472349,0.05775118318474287,0.09011341277146337,11.503946196895095,0.2619776089472538,0.1536074476338246,0.2878783394472349,0.34016540938590795,4.804936958731313,6.699009238163782,0.7060957342986359,0.05228706993867305,0.05228706993867305,0.28787833944723484,-0.02590073049998104,0.05793472638280861,0.5850241579626567,0.4438420362173537,-0.005297110873294708,0.08260622534358346,0.587985287913014,0.09182331707207624,0.03995616428972147,0.03832641211151688,0.5152800302126824,0.1479086764595226,-0.03235525993322981,0.07872794077129883,0.4252113175909165,0.00020989110839208695,0.0005693266944428131,0.00030670913959886486,0.701782520101982,0.0,0.0,0.0,0.7060957342986359,0.23012715626249203,0.05775118318474287,0.2682796243354114,camp_conservative,1.0,1.0,camp_conservative,1.0,0.0,0.0,0.0,-0.02500081490850574,0.5821211784604247,0.05451437091873312,0.23012715626249203,0.05775118318474287,0.6191939433276632,0.11252643233692539,0.2682796243354114,0.34334374242859717,-0.11321658616610514,0.060968831534339685,0.11461624107387122,0.002596814694329423,0.007495525361058078,0.12241999472418712,0.3315423018100357,0.08815273624669787,0.17890201686218404,0.0246341285714548,0.05140132599855259,0.10230930195010633,0.238834850812462,0.0028875598807524593,0.008281135608545162,0.019724038055158533,0.04511537937602073,0.4236934056570263,0.9761887769027295,0.0,A,A,0.5331976316185275,0.4518497145396971,0.4518497145396971,A,0.44057526305437045,0.44639289599000564,-0.02500081490850574,-0.25000814908505736,0.5821211784604247,-0.01389349344487824,0.44639289599000564,0.44639289599000564,0.44639289599000564,0.4731805483556926,0.4103171749758773,0.44639289599000564,0.40763645788943,0.43670378646486174,0.23012715626249203,0.05775118318474287,0.14882544701762684,0.001872939730463631,0.0015353581135035639,0.005381759601205095,0.00879005744517229,0.0,0.44057526305437045,0.0,0.44057526305437045,0.0,none,0.0,0.4958153465409588,0.0,0.7486915810999256,0.0,0.0,0.0,0.0,0.0,0.06602569943959935,0.0,0.0,0.0,0.5,mainstream_conservative,none,,0.0,0.0,0.0,0.0,0.0,0.0,0.0,0.0,0.0,0.0,0.0,1.0,0.960867040871453,0.7197283374221701,0.960867040871453,0.03290803900551924,0.0,0.0,0.0,0.16249180338322125,A,B,balanced_two_bloc,0.0,0.0,-0.0,0.0,0.8417889022571992,0.002595553918345206,-0.015273559058443143,-0.0,0.0,-0.0,0.0,0.0,0.0,0.6499999999999999,0.0,0.0,0.0,0.0,0.16249180338322125,structural_mega_shock_regime
pres_2022,sido_36,B,이재명,더불어민주당,119349.0,220840.0,0.5457973320526152,0.5404323625457904,0.5364969506824746,0.5364969506824746,0.5645754667504778,0.5645754667504778,0.548150285460303,0.10701880797321284,False,이재명,0.6666888874075062,0.3369063093690631,0.2954554544545545,0.1953854614538546,0.3495400459954004,0.2527547245275472,0.3508599140085991,0.0752524747525247,-0.008233720131309468,0.002072361842543827,0.003064795680287987,-0.013434937670821972,0.0011099260049330076,0.0,0.0,True,0.38906678706517117,0.4438420362173537,0.054775249152182515,0.08142608384166418,11.503946196895095,0.3873503898100362,0.4782520893528443,0.4438420362173537,0.5063988933981705,4.804936958731313,6.699009238163782,0.7060957342986359,0.06255685718081677,0.06255685718081677,0.28787833944723484,-0.02590073049998104,0.05793472638280861,0.5850241579626567,0.4438420362173537,-0.005297110873294708,0.08260622534358346,0.587985287913014,0.09182331707207624,0.03995616428972147,0.03832641211151688,0.5152800302126824,0.1479086764595226,-0.03235525993322981,0.07872794077129883,0.4252113175909165,0.00020989110839208695,0.0005693266944428131,0.00030670913959886486,0.701782520101982,0.0,0.0,0.0,0.7060957342986359,0.38906678706517117,0.054775249152182515,0.2682796243354114,camp_liberal,1.0,1.0,camp_liberal,0.0,1.0,0.0,0.0,0.02500081490850574,0.5831621562771818,0.07092885583833193,0.38906678706517117,0.054775249152182515,0.6191939433276632,0.11252643233692539,0.2682796243354114,0.3591072742133008,0.029959512851870373,-0.060968831534339685,0.16922028429350217,-0.002596814694329423,0.004647763037501962,-0.12241999472418712,0.2404705289112851,-0.08815273624669787,0.23175971118000244,-0.0246341285714548,0.06338644746411819,-0.10230930195010633,0.2384200342787214,-0.0028875598807524593,0.005220635407707518,-0.019724038055158533,0.04687459542716117,0.4236934056570263,0.9999999999999999,0.0,B,B,0.4668023683814725,0.548150285460303,0.548150285460303,B,0.5594247369456297,0.5536071040099944,0.02500081490850574,0.25000814908505736,0.5831621562771818,0.008162387922593618,0.5536071040099944,0.5536071040099944,0.5536071040099944,0.5268194516443074,0.5896828250241227,0.5536071040099944,0.59236354211057,0.5632962135351383,0.38906678706517117,0.054775249152182515,0.11945417731778457,-0.0024548797061946476,-0.0011289723075289118,-0.003348872134926566,-0.0069327241486501255,0.0,0.5594247369456297,0.0,0.5594247369456297,0.0,none,0.0,0.4102797571355084,0.0,0.770606313796698,0.0,0.0,0.0,0.0,0.0,0.06602569943959935,0.0,0.0,0.0,0.5,mainstream_liberal,none,,0.0,0.0,-0.15622906114316754,1.650547974854209,5.0,0.27995618834416436,0.02209262786093482,0.9268574260991862,4.0,1.0,0.14480206549304864,1.0,1.0,0.7824176245353761,1.0,0.0,-0.0,0.0,0.0,0.27350645792378037,A,B,balanced_two_bloc,0.0,0.0,-0.0,0.0,0.8417889022571992,0.002595553918345206,-0.015273559058443143,-0.0,0.0,-0.0,0.0,0.0,0.0,0.6499999999999999,0.0,0.0,0.0,0.0,0.27350645792378037,structural_mega_shock_regime
pres_2022,sido_41,A,윤석열,국민의힘,3965341.0,8393492.0,0.4739885870438024,0.4724306144490109,0.1557972594791457,0.1557972594791457,0.44557571565976184,0.44557571565976184,0.4685652142990817,0.10701880797321284,False,윤석열,0.6666888874075062,0.3230576942305769,0.2844165583441655,0.1911608839116088,0.3403459654034596,0.3097740225977402,0.3744475552444756,0.071922807719228,0.008233720131309432,-0.002072361842543827,-0.0030647956802879496,0.013434937670821972,-0.0011099260049330167,0.0,0.0,True,0.3618907406339713,0.40298572522812576,0.04109498459415445,0.09311104837407642,31.197820958317138,0.3629623103440983,0.3554402975268128,0.40298572522812576,0.42793165260174576,12.03924121071692,19.158579747600218,0.8575421584413486,0.024945927373620003,0.024945927373620003,0.4029857252281256,-0.08016073581928768,0.09258112198422658,0.6822778824262641,0.39924675762382816,0.007100150060910526,0.07806606246784338,0.7085261921074364,0.09372882142407207,0.022220874972268725,0.024741899718675554,0.7099223430245715,0.07554232573681333,0.02106890781575628,0.05995771102785559,0.4479889290562337,0.003122537435498341,-0.002933880099478941,0.005220236337427107,0.7732733536650956,0.0,0.0,0.0,0.8575421584413486,0.3618907406339713,0.04109498459415445,0.19776751714804597,camp_conservative,1.0,1.0,camp_conservative,1.0,0.0,0.0,0.0,-0.005357691106800649,0.6834220564738105,0.07731483743025883,0.3618907406339713,0.04109498459415445,0.7273890370213368,0.07484344583061714,0.19776751714804597,0.34334374242859717,0.018546998205374143,0.060968831534339685,0.11461624107387122,0.002596814694329423,0.007495525361058078,0.12241999472418712,0.3315423018100357,0.08815273624669787,0.17890201686218404,0.0246341285714548,0.05140132599855259,0.10230930195010633,0.238834850812462,0.0028875598807524593,0.008281135608545162,0.019724038055158533,0.04511537937602073,0.4236934056570263,0.9761887769027295,0.0,A,A,0.5331976316185275,0.4685652142990817,0.4685652142990817,A,0.47402109284889865,0.4676035468913848,-0.005357691106800649,-0.053576911068006494,0.6834220564738105,-0.001602748214074566,0.4676035468913848,0.4676035468913848,0.4676035468913848,0.4731805483556926,0.49088494558398854,0.4676035468913848,0.49546251770645483,0.4745682895951523,0.3618907406339713,0.04109498459415445,0.07158256436702654,0.002710326709241312,0.0010053698706825515,0.0023820045846890117,0.006097701164612875,0.0,0.47783792382262974,0.0,0.47783792382262974,0.0,none,0.0,0.4958153465409588,0.0,0.7486915810999256,0.0,0.0,0.0,0.0,0.0,0.0675075176547934,0.0,-0.007990575298059919,-0.003816830973731089,0.5,mainstream_conservative,none,,0.0,0.0,0.0,0.0,0.0,0.0,0.0,0.0,0.0,0.0,0.0,1.0,0.960867040871453,0.7197283374221701,0.960867040871453,0.03290803900551924,0.0,0.0,0.0,0.31033656684319405,A,B,balanced_two_bloc,0.0,0.0,-0.0,0.0,0.8417889022571992,0.002595553918345206,-0.015273559058443143,-0.0,0.0,-0.0,0.0,0.0,0.0,0.6499999999999999,0.0,0.0,0.0,0.0,0.31033656684319405,structural_mega_shock_regime
pres_2022,sido_41,B,이재명,더불어민주당,4428151.0,8393492.0,0.5260114129561976,0.5275693855509891,-0.1557972594791512,0.1557972594791512,0.5544242843402382,0.5544242843402382,0.5314347857009183,0.10701880797321284,False,이재명,0.6666888874075062,0.3369063093690631,0.2954554544545545,0.1953854614538546,0.3495400459954004,0.2527547245275472,0.3508599140085991,0.0752524747525247,-0.008233720131309468,0.002072361842543827,0.003064795680287987,-0.013434937670821972,0.0011099260049330076,0.0,0.0,True,0.36549829638736553,0.3992467576238282,0.03374846123646269,0.07743966030521528,30.84729304219779,0.3654982963873655,0.408721806274588,0.3992467576238282,0.45445767734360687,12.03924121071692,18.80805183148087,0.8575421584413486,0.05521091971977865,0.05521091971977865,0.4029857252281256,-0.08016073581928768,0.09258112198422658,0.6822778824262641,0.39924675762382816,0.007100150060910526,0.07806606246784338,0.7085261921074364,0.09372882142407207,0.022220874972268725,0.024741899718675554,0.7099223430245715,0.07554232573681333,0.02106890781575628,0.05995771102785559,0.4479889290562337,0.003122537435498341,-0.002933880099478941,0.005220236337427107,0.7732733536650956,0.0,0.0,0.0,0.8575421584413486,0.36549829638736553,0.03374846123646269,0.19776751714804597,camp_liberal,1.0,1.0,camp_liberal,0.0,1.0,0.0,0.0,0.005357691106800649,0.6992528431813912,0.06830207200874314,0.36549829638736553,0.03374846123646269,0.7273890370213368,0.07484344583061714,0.19776751714804597,0.3591072742133008,0.006391022174064731,-0.060968831534339685,0.16922028429350217,-0.002596814694329423,0.004647763037501962,-0.12241999472418712,0.2404705289112851,-0.08815273624669787,0.23175971118000244,-0.0246341285714548,0.06338644746411819,-0.10230930195010633,0.2384200342787214,-0.0028875598807524593,0.005220635407707518,-0.019724038055158533,0.04687459542716117,0.4236934056570263,0.9999999999999999,0.0,B,B,0.4668023683814725,0.5314347857009183,0.5314347857009183,B,0.5259789071511013,0.5323964531086153,0.005357691106800649,0.053576911068006494,0.6992528431813912,0.002259659726237223,0.5323964531086153,0.5323964531086152,0.5323964531086153,0.5268194516443074,0.5091150544160115,0.5323964531086153,0.5045374822935451,0.5254317104048477,0.36549829638736553,0.03374846123646269,0.1261849527810195,-0.0024723614694172123,-0.0007457159908696932,-0.0037924978760216508,-0.007010575336308556,0.0,0.5221620761773703,0.0,0.5221620761773703,0.0,none,0.0,0.4102797571355084,0.0,0.770606313796698,0.0,0.0,0.0,0.0,0.0,0.0675075176547934,0.03060572823119251,0.007312288817536336,0.003816830973730978,0.5,mainstream_liberal,none,,0.0,0.0,-0.15622906114316754,1.650547974854209,5.0,0.27995618834416436,0.02209262786093482,0.9268574260991862,4.0,1.0,0.14480206549304864,1.0,1.0,0.7824176245353761,1.0,0.0,-0.0,0.0,0.0,0.3134301979906572,A,B,balanced_two_bloc,0.0,0.0,-0.0,0.0,0.8417889022571992,0.002595553918345206,-0.015273559058443143,-0.0,0.0,-0.0,0.0,0.0,0.0,0.6499999999999999,0.0,0.0,0.0,0.0,0.3134301979906572,structural_mega_shock_regime
pres_2022,sido_42,A,윤석열,국민의힘,544980.0,964624.0,0.5627189572646475,0.5649660488162965,-0.2247091551649038,0.2247091551649038,0.543597452815027,0.543597452815027,0.5683454005241556,0.10701880797321284,False,윤석열,0.6666888874075062,0.3230576942305769,0.2844165583441655,0.1911608839116088,0.3403459654034596,0.3097740225977402,0.3744475552444756,0.071922807719228,0.008233720131309432,-0.002072361842543827,-0.0030647956802879496,0.013434937670821972,-0.0011099260049330167,0.0,0.0,True,0.4451148070870279,0.4854711144299904,0.04035630734296253,0.08770107096291596,31.197820958317138,0.4484334167321657,0.4251380360860149,0.4854711144299904,0.5135492151136362,12.03924121071692,19.158579747600218,0.8575421584413486,0.028078100683645746,0.028078100683645746,0.4854711144299904,-0.08034989431652012,0.08567463867121602,0.7203365975998348,0.3539913838563417,-0.018937087409907738,0.08187379123996226,0.6837507597498849,0.07618900969913066,0.035940950112948344,0.0262000436175194,0.6794946247568059,0.05413623376384359,0.027891925480040602,0.044000265525772776,0.4952083068395026,0.003296923651232923,-0.002987415239709623,0.005878015268113859,0.7629654820583965,0.0,0.0,0.0,0.8575421584413486,0.4451148070870279,0.04035630734296253,0.16053750171366787,camp_conservative,1.0,1.0,camp_conservative,1.0,0.0,0.0,0.0,0.03457882322491569,0.7114191539509566,0.07144509344231204,0.4451148070870279,0.04035630734296253,0.762861690354721,0.07660080793161123,0.16053750171366787,0.34334374242859717,0.10177106465843072,0.060968831534339685,0.11461624107387122,0.002596814694329423,0.007495525361058078,0.12241999472418712,0.3315423018100357,0.08815273624669787,0.17890201686218404,0.0246341285714548,0.05140132599855259,0.10230930195010633,0.238834850812462,0.0028875598807524593,0.008281135608545162,0.019724038055158533,0.04511537937602073,0.4236934056570263,0.9761887769027295,0.0,A,A,0.5331976316185275,0.5683454005241556,0.5683454005241556,A,0.5777748791743795,0.5738273213956733,0.03457882322491569,0.3457882322491569,0.7114191539509566,0.01028664995046669,0.5738273213956733,0.5738273213956733,0.5738273213956733,0.4731805483556926,0.5573240424811231,0.5738273213956733,0.5775919190218978,0.5747684708022294,0.4451148070870279,0.04035630734296253,0.08929735637223896,0.0027524661966989933,0.0008151813659842553,0.0024534641774293328,0.0060211117401125815,0.0,0.5777748791743795,0.0,0.5777748791743795,0.0,none,0.0,0.4958153465409588,0.0,0.7486915810999256,0.0,0.0,0.0,0.0,0.0,0.19549426115589136,0.0,0.0,0.0,0.5,mainstream_conservative,none,,0.0,0.0,0.0,0.0,0.0,0.0,0.0,0.0,0.0,0.0,0.0,1.0,0.960867040871453,0.7197283374221701,0.960867040871453,0.03290803900551924,0.0,0.0,0.0,0.38170471242361437,A,B,balanced_two_bloc,0.0,0.0,-0.0,0.0,0.8417889022571992,0.002595553918345206,-0.015273559058443143,-0.0,0.0,-0.0,0.0,0.0,0.0,0.6499999999999999,0.0,0.0,0.0,0.0,0.38170471242361437,structural_mega_shock_regime
pres_2022,sido_42,B,이재명,더불어민주당,419644.0,964624.0,0.4372810427353525,0.4350339511837034,0.2247091551649038,0.2247091551649038,0.456402547184973,0.456402547184973,0.4316545994758444,0.10701880797321284,False,이재명,0.6666888874075062,0.3369063093690631,0.2954554544545545,0.1953854614538546,0.3495400459954004,0.2527547245275472,0.3508599140085991,0.0752524747525247,-0.008233720131309468,0.002072361842543827,0.003064795680287987,-0.013434937670821972,0.0011099260049330076,0.0,0.0,True,0.317746883267693,0.3539913838563417,0.0362445005886487,0.08138668132615234,31.197820958317138,0.3185968169652259,0.3126306048688357,0.3539913838563417,0.37315929776739115,12.03924121071692,19.158579747600218,0.8575421584413486,0.01916791391104944,0.01916791391104944,0.4854711144299904,-0.08034989431652012,0.08567463867121602,0.7203365975998348,0.3539913838563417,-0.018937087409907738,0.08187379123996226,0.6837507597498849,0.07618900969913066,0.035940950112948344,0.0262000436175194,0.6794946247568059,0.05413623376384359,0.027891925480040602,0.044000265525772776,0.4952083068395026,0.003296923651232923,-0.002987415239709623,0.005878015268113859,0.7629654820583965,0.0,0.0,0.0,0.8575421584413486,0.317746883267693,0.0362445005886487,0.16053750171366787,camp_liberal,1.0,1.0,camp_liberal,0.0,1.0,0.0,0.0,-0.03457882322491569,0.6864856268302656,0.06937019971101988,0.317746883267693,0.0362445005886487,0.762861690354721,0.07660080793161123,0.16053750171366787,0.3591072742133008,-0.04136039094560778,-0.060968831534339685,0.16922028429350217,-0.002596814694329423,0.004647763037501962,-0.12241999472418712,0.2404705289112851,-0.08815273624669787,0.23175971118000244,-0.0246341285714548,0.06338644746411819,-0.10230930195010633,0.2384200342787214,-0.0028875598807524593,0.005220635407707518,-0.019724038055158533,0.04687459542716117,0.4236934056570263,0.9999999999999999,0.0,B,B,0.4668023683814725,0.4316545994758444,0.4316545994758444,B,0.4222251208256204,0.4261726786043267,-0.03457882322491569,-0.3457882322491569,0.6864856268302656,-0.012093651104561932,0.4261726786043267,0.4261726786043267,0.4261726786043267,0.5268194516443074,0.44267595751887695,0.4261726786043267,0.42240808097810223,0.42523152919777063,0.317746883267693,0.0362445005886487,0.07124014534142892,-0.0026558205692560626,-0.0009895834451196048,-0.0026456561223803447,-0.006291060136756012,0.0,0.4222251208256204,0.0,0.4222251208256204,0.0,none,0.0,0.4102797571355084,0.0,0.770606313796698,0.0,0.0,0.0,0.0,0.0,0.19549426115589136,0.0,0.0,0.0,0.5,mainstream_liberal,none,,0.0,0.0,-0.15622906114316754,1.650547974854209,5.0,0.27995618834416436,0.02209262786093482,0.9268574260991862,4.0,1.0,0.14480206549304864,1.0,1.0,0.7824176245353761,1.0,0.0,-0.0,0.0,0.0,0.2724813481153887,A,B,balanced_two_bloc,0.0,0.0,-0.0,0.0,0.8417889022571992,0.002595553918345206,-0.015273559058443143,-0.0,0.0,-0.0,0.0,0.0,0.0,0.6499999999999999,0.0,0.0,0.0,0.0,0.2724813481153887,structural_mega_shock_regime
pres_2022,sido_43,A,윤석열,국민의힘,511921.0,967774.0,0.5254341596642972,0.5289678223454426,-0.3533662681145411,0.3533662681145411,0.5004342062204885,0.5004342062204885,0.525109785419834,0.10701880797321284,False,윤석열,0.6666888874075062,0.3230576942305769,0.2844165583441655,0.1911608839116088,0.3403459654034596,0.3097740225977402,0.3744475552444756,0.071922807719228,0.008233720131309432,-0.002072361842543827,-0.0030647956802879496,0.013434937670821972,-0.0011099260049330167,0.0,0.0,True,0.3797096886479079,0.41749601425501076,0.03778632560710288,0.07969743923304523,31.197820958317138,0.3839849815061864,0.3539740476642726,0.41749601425501076,0.44248277249166773,12.03924121071692,19.158579747600218,0.8575421584413486,0.02498675823665697,0.02498675823665697,0.4174960142550109,-0.04285866411383871,0.07751684906763076,0.7153506444217919,0.383253658771146,-0.02814108545148447,0.08413845615818615,0.6910062923474257,0.08112009714416445,0.03439086861002576,0.024606042187123815,0.6966155042714304,0.07602098125195926,0.014511488363206634,0.055059593936010065,0.4828749993879733,0.0155065026856802,-0.0133476122363103,0.024822281549624535,0.5325949848814775,0.0,0.0,0.0,0.8575421584413486,0.3797096886479079,0.03778632560710288,0.19925032697384326,camp_conservative,1.0,1.0,camp_conservative,1.0,0.0,0.0,0.0,0.01608063312083219,0.7044161661820992,0.06676741951567786,0.3797096886479079,0.03778632560710288,0.7265897513084518,0.07415992171770491,0.19925032697384326,0.34334374242859717,0.03636594621931072,0.060968831534339685,0.11461624107387122,0.002596814694329423,0.007495525361058078,0.12241999472418712,0.3315423018100357,0.08815273624669787,0.17890201686218404,0.0246341285714548,0.05140132599855259,0.10230930195010633,0.238834850812462,0.0028875598807524593,0.008281135608545162,0.019724038055158533,0.04511537937602073,0.4236934056570263,0.9761887769027295,0.0,A,A,0.5331976316185275,0.525109785419834,0.525109785419834,A,0.5300001529428453,0.5280537198298552,0.01608063312083219,0.16080633120832188,0.7044161661820992,0.006063608425654065,0.5280537198298552,0.5280537198298552,0.5280537198298552,0.4731805483556926,0.5090821000498409,0.5280537198298552,0.5227108905908636,0.5267180125201073,0.3797096886479079,0.03778632560710288,0.10922199826509654,0.0025622198848334185,0.0008328988293082283,0.0032746584059967585,0.006669777120138405,0.0,0.5300001529428453,0.0,0.5300001529428453,0.0,none,0.0,0.4958153465409588,0.0,0.7486915810999256,0.0,0.0,0.0,0.0,0.0,0.10230215289008217,0.0,0.0,0.0,0.5,mainstream_conservative,none,,0.0,0.0,0.0,0.0,0.0,0.0,0.0,0.0,0.0,0.0,0.0,1.0,0.960867040871453,0.7197283374221701,0.960867040871453,0.03290803900551924,0.0,0.0,0.0,0.32561706598421936,A,B,balanced_two_bloc,0.0,0.0,-0.0,0.0,0.8417889022571992,0.002595553918345206,-0.015273559058443143,-0.0,0.0,-0.0,0.0,0.0,0.0,0.6499999999999999,0.0,0.0,0.0,0.0,0.32561706598421936,structural_mega_shock_regime
pres_2022,sido_43,B,이재명,더불어민주당,455853.0,967774.0,0.4745658403357028,0.4710321776545573,0.3533662681145577,0.3533662681145577,0.4995657937795115,0.4995657937795115,0.474890214580166,0.10701880797321284,False,이재명,0.6666888874075062,0.3369063093690631,0.2954554544545545,0.1953854614538546,0.3495400459954004,0.2527547245275472,0.3508599140085991,0.0752524747525247,-0.008233720131309468,0.002072361842543827,0.003064795680287987,-0.013434937670821972,0.0011099260049330076,0.0,0.0,True,0.34688006266054394,0.383253658771146,0.036373596110602036,0.08263179152109071,30.9675687468011,0.34688006266054394,0.362847469252688,0.383253658771146,0.42218891846150947,12.03924121071692,18.92832753608418,0.8575421584413486,0.03893525969036349,0.03893525969036349,0.4174960142550109,-0.04285866411383871,0.07751684906763076,0.7153506444217919,0.383253658771146,-0.02814108545148447,0.08413845615818615,0.6910062923474257,0.08112009714416445,0.03439086861002576,0.024606042187123815,0.6966155042714304,0.07602098125195926,0.014511488363206634,0.055059593936010065,0.4828749993879733,0.0155065026856802,-0.0133476122363103,0.024822281549624535,0.5325949848814775,0.0,0.0,0.0,0.8575421584413486,0.34688006266054394,0.036373596110602036,0.19925032697384326,camp_liberal,1.0,1.0,camp_liberal,0.0,1.0,0.0,0.0,-0.01608063312083219,0.6873079609873739,0.07147537824193605,0.34688006266054394,0.036373596110602036,0.7265897513084518,0.07415992171770491,0.19925032697384326,0.3591072742133008,-0.012227211552756856,-0.060968831534339685,0.16922028429350217,-0.002596814694329423,0.004647763037501962,-0.12241999472418712,0.2404705289112851,-0.08815273624669787,0.23175971118000244,-0.0246341285714548,0.06338644746411819,-0.10230930195010633,0.2384200342787214,-0.0028875598807524593,0.005220635407707518,-0.019724038055158533,0.04687459542716117,0.4236934056570263,0.9999999999999999,0.0,B,B,0.4668023683814725,0.474890214580166,0.474890214580166,B,0.46999984705715464,0.47194628017014484,-0.01608063312083219,-0.16080633120832188,0.6873079609873739,-0.005745540603206246,0.47194628017014484,0.47194628017014484,0.47194628017014484,0.5268194516443074,0.4909178999501591,0.47194628017014484,0.4772891094091364,0.4732819874798927,0.34688006266054394,0.036373596110602036,0.09002832870874672,-0.0026049671559525115,-0.0008922817771109148,-0.003003953930916286,-0.006501202863979712,0.0,0.46999984705715464,0.0,0.46999984705715464,0.0,none,0.0,0.4102797571355084,0.0,0.770606313796698,0.0,0.0,0.0,0.0,0.0,0.10230215289008217,0.0,0.0,0.0,0.5,mainstream_liberal,none,,0.0,0.0,-0.15622906114316754,1.650547974854209,5.0,0.27995618834416436,0.02209262786093482,0.9268574260991862,4.0,1.0,0.14480206549304864,1.0,1.0,0.7824176245353761,1.0,0.0,-0.0,0.0,0.0,0.2974642776541931,A,B,balanced_two_bloc,0.0,0.0,-0.0,0.0,0.8417889022571992,0.002595553918345206,-0.015273559058443143,-0.0,0.0,-0.0,0.0,0.0,0.0,0.6499999999999999,0.0,0.0,0.0,0.0,0.2974642776541931,structural_mega_shock_regime
pres_2022,sido_44,A,윤석열,국민의힘,670283.0,1260274.0,0.5244299721566522,0.5318545078980356,-0.7424535741383353,0.7424535741383353,0.5000007359389147,0.5000007359389147,0.5195319586667848,0.10701880797321284,False,윤석열,0.6666888874075062,0.3230576942305769,0.2844165583441655,0.1911608839116088,0.3403459654034596,0.3097740225977402,0.3744475552444756,0.071922807719228,0.008233720131309432,-0.002072361842543827,-0.0030647956802879496,0.013434937670821972,-0.0011099260049330167,0.0,0.0,True,0.33544392470186785,0.364166207188101,0.028722282486233153,0.06691284159769986,31.197820958317138,0.3374044241158365,0.3236424620327487,0.364166207188101,0.3952728795066845,12.03924121071692,19.158579747600218,0.8575421584413486,0.031106672318583495,0.031106672318583495,0.364166207188101,0.0015762026271776142,0.061904660317166176,0.729366911150226,0.34318438713917837,0.015606358053014913,0.10224757503926495,0.6345383743070419,0.06841759541857126,0.045438266933142235,0.026309901044198298,0.667014312895502,0.1369528987065959,-0.047564841148943604,0.12592792928136787,0.279918013370076,0.05572742161897103,-0.053316027281324535,0.09070230916118358,0.17150843168826974,0.0,0.0,0.0,0.8575421584413486,0.33544392470186785,0.028722282486233153,0.2926494056727207,camp_conservative,1.0,1.0,camp_conservative,1.0,0.0,0.0,0.0,0.021090679956930078,0.6887480632185538,0.06308602654222398,0.33544392470186785,0.028722282486233153,0.6344260270882275,0.07292456723905189,0.2926494056727207,0.34334374242859717,-0.007899817726729319,0.060968831534339685,0.11461624107387122,0.002596814694329423,0.007495525361058078,0.12241999472418712,0.3315423018100357,0.08815273624669787,0.17890201686218404,0.0246341285714548,0.05140132599855259,0.10230930195010633,0.238834850812462,0.0028875598807524593,0.008281135608545162,0.019724038055158533,0.04511537937602073,0.4236934056570263,0.9761887769027295,0.0,A,A,0.5331976316185275,0.5195319586667848,0.5195319586667848,A,0.5265552701915408,0.524393819236809,0.021090679956930078,0.21090679956930078,0.6887480632185538,0.009969527963986091,0.524393819236809,0.524393819236809,0.524393819236809,0.4731805483556926,0.5084264176688295,0.524393819236809,0.5176297467262012,0.522702801109157,0.33544392470186785,0.028722282486233153,0.158536593921056,0.002280909175826246,0.0006379694482903528,0.004789704847464979,0.007708583471581577,0.0,0.5265552701915408,0.0,0.5265552701915408,0.0,none,0.0,0.4958153465409588,0.0,0.7486915810999256,0.0,0.0,0.0,0.0,0.0,0.2002721565650572,0.0,0.0,0.0,0.5,mainstream_conservative,none,,0.0,0.0,0.0,0.0,0.0,0.0,0.0,0.0,0.0,0.0,0.0,1.0,0.960867040871453,0.7197283374221701,0.960867040871453,0.03290803900551924,0.0,0.0,0.0,0.287657307224877,A,B,balanced_two_bloc,0.0,0.0,-0.0,0.0,0.8417889022571992,0.002595553918345206,-0.015273559058443143,-0.0,0.0,-0.0,0.0,0.0,0.0,0.6499999999999999,0.0,0.0,0.0,0.0,0.287657307224877,structural_mega_shock_regime
pres_2022,sido_44,B,이재명,더불어민주당,589991.0,1260274.0,0.4755700278433477,0.4681454921019644,0.7424535741383353,0.7424535741383353,0.4999992640610853,0.4999992640610853,0.48046804133321525,0.10701880797321284,False,이재명,0.6666888874075062,0.3369063093690631,0.2954554544545545,0.1953854614538546,0.3495400459954004,0.2527547245275472,0.3508599140085991,0.0752524747525247,-0.008233720131309468,0.002072361842543827,0.003064795680287987,-0.013434937670821972,0.0011099260049330076,0.0,0.0,True,0.29898210238635964,0.34318438713917837,0.04420228475281873,0.10181515548563805,30.9675687468011,0.29898210238635964,0.3294784791754518,0.34318438713917837,0.3950093311947398,12.03924121071692,18.92832753608418,0.8575421584413486,0.05182494405556143,0.05182494405556143,0.364166207188101,0.0015762026271776142,0.061904660317166176,0.729366911150226,0.34318438713917837,0.015606358053014913,0.10224757503926495,0.6345383743070419,0.06841759541857126,0.045438266933142235,0.026309901044198298,0.667014312895502,0.1369528987065959,-0.047564841148943604,0.12592792928136787,0.279918013370076,0.05572742161897103,-0.053316027281324535,0.09070230916118358,0.17150843168826974,0.0,0.0,0.0,0.8575421584413486,0.29898210238635964,0.04420228475281873,0.2926494056727207,camp_liberal,1.0,1.0,camp_liberal,0.0,1.0,0.0,0.0,-0.021090679956930078,0.6253132902014018,0.08982817077161301,0.29898210238635964,0.04420228475281873,0.6344260270882275,0.07292456723905189,0.2926494056727207,0.3591072742133008,-0.06012517182694116,-0.060968831534339685,0.16922028429350217,-0.002596814694329423,0.004647763037501962,-0.12241999472418712,0.2404705289112851,-0.08815273624669787,0.23175971118000244,-0.0246341285714548,0.06338644746411819,-0.10230930195010633,0.2384200342787214,-0.0028875598807524593,0.005220635407707518,-0.019724038055158533,0.04687459542716117,0.4236934056570263,0.9999999999999999,0.0,B,B,0.4668023683814725,0.48046804133321525,0.48046804133321525,B,0.4734447298084593,0.4756061807631911,-0.021090679956930078,-0.21090679956930078,0.6253132902014018,-0.009515665205537595,0.4756061807631911,0.47560618076319106,0.4756061807631911,0.5268194516443074,0.49157358233117054,0.4756061807631911,0.4823702532737988,0.47729719889084304,0.29898210238635964,0.04420228475281873,0.13411281175166467,-0.002226379502237698,-0.0010752057837707214,-0.00443726573679534,-0.0077388510228037595,0.0,0.4734447298084593,0.0,0.4734447298084593,0.0,none,0.0,0.4102797571355084,0.0,0.770606313796698,0.0,0.0,0.0,0.0,0.0,0.2002721565650572,0.0,0.0,0.0,0.5,mainstream_liberal,none,,0.0,0.0,-0.15622906114316754,1.650547974854209,5.0,0.27995618834416436,0.02209262786093482,0.9268574260991862,4.0,1.0,0.14480206549304864,1.0,1.0,0.7824176245353761,1.0,0.0,-0.0,0.0,0.0,0.2563897574157311,A,B,balanced_two_bloc,0.0,0.0,-0.0,0.0,0.8417889022571992,0.002595553918345206,-0.015273559058443143,-0.0,0.0,-0.0,0.0,0.0,0.0,0.6499999999999999,0.0,0.0,0.0,0.0,0.2563897574157311,structural_mega_shock_regime
pres_2022,sido_45,A,윤석열,국민의힘,176809.0,1193672.0,0.1969547865487613,0.148122407203419,4.883237934534238,4.883237934534238,0.1997277954452551,0.1997277954452551,0.18297188401685122,0.10701880797321284,False,윤석열,0.6666888874075062,0.3230576942305769,0.2844165583441655,0.1911608839116088,0.3403459654034596,0.3097740225977402,0.3744475552444756,0.071922807719228,0.008233720131309432,-0.002072361842543827,-0.0030647956802879496,0.013434937670821972,-0.0011099260049330167,0.0,0.0,True,0.06603002021323738,0.08859338144134808,0.0225633612281107,0.03928017470157991,28.344474446779973,0.07221687391148834,0.0287875082089077,0.08859338144134808,0.07158236401176506,12.03924121071692,16.305233236063053,0.8575421584413486,0.0,-0.017011017429583025,0.0885933814413481,-0.0241340818792483,0.0378817111356137,0.6231502704965886,0.6395443304299089,0.010913290346580062,0.07082291315276511,0.7694642334524493,0.13732116537754474,0.0013819221721361463,0.02103320964494046,0.7612537120102235,0.09831085098536037,0.005975108905821938,0.08844080609545009,0.34617215921673816,0.002715413657147277,-0.002497980581025477,0.004851738685007117,0.7786170362523417,0.0,0.0,0.0,0.8575421584413486,0.06603002021323738,0.0225633612281107,0.2718622881287429,camp_conservative,1.0,1.0,camp_conservative,1.0,0.0,0.0,0.0,-0.13883921758735468,0.6391991874284741,0.0393819643492651,0.06603002021323738,0.0225633612281107,0.698411855397149,0.029725856474108026,0.2718622881287429,0.34334374242859717,-0.27731372221535977,0.060968831534339685,0.11461624107387122,0.002596814694329423,0.007495525361058078,0.12241999472418712,0.3315423018100357,0.08815273624669787,0.17890201686218404,0.0246341285714548,0.05140132599855259,0.10230930195010633,0.238834850812462,0.0028875598807524593,0.008281135608545162,0.019724038055158533,0.04511537937602073,0.4236934056570263,0.9761887769027295,0.0,A,A,0.5331976316185275,0.18297188401685122,0.18297188401685122,A,0.16081194948326916,0.16678939459242226,-0.13883921758735468,-1.0,0.6391991874284741,-0.08009674343685015,0.16678939459242226,0.16678939459242226,0.16678939459242226,0.4731805483556926,0.20873566385399034,0.16678939459242226,0.13393712789085177,0.15857632791702964,0.06603002021323738,0.0225633612281107,0.06998294647568155,0.0014799463176545901,0.001651966358796023,0.006969280153258483,0.010101192829709095,0.0,0.16081194948326916,0.0,0.16081194948326916,0.0,none,0.0,0.4958153465409588,0.0,0.7486915810999256,0.0,0.0,0.0,0.0,0.0,0.41804048080359213,0.0,0.0,0.0,0.5,mainstream_conservative,none,,0.0,0.0,0.0,0.0,0.0,0.0,0.0,0.0,0.0,0.0,0.0,1.0,0.960867040871453,0.7197283374221701,0.960867040871453,0.03290803900551924,0.0,0.0,0.0,0.05662352605558546,A,B,balanced_two_bloc,0.0,0.0,-0.0,0.0,0.8417889022571992,0.002595553918345206,-0.015273559058443143,-0.0,0.0,-0.0,0.0,0.0,0.0,0.6499999999999999,0.0,0.0,0.0,0.0,0.05662352605558546,structural_mega_shock_regime
pres_2022,sido_45,B,이재명,더불어민주당,1016863.0,1193672.0,0.8030452134512387,0.851877592796581,-4.883237934534234,4.883237934534234,0.8002722045547449,0.8002722045547449,0.8170281159831488,0.10701880797321284,False,이재명,0.6666888874075062,0.3369063093690631,0.2954554544545545,0.1953854614538546,0.3495400459954004,0.2527547245275472,0.3508599140085991,0.0752524747525247,-0.008233720131309468,0.002072361842543827,0.003064795680287987,-0.013434937670821972,0.0011099260049330076,0.0,0.0,True,0.6323818351839117,0.639544330429909,0.007162495245997325,0.0759495574283713,31.197820958317138,0.6323818351839118,0.725685462312399,0.639544330429909,0.8003829901042177,12.03924121071692,19.158579747600218,0.8575421584413486,0.16083865967430866,0.16083865967430866,0.0885933814413481,-0.0241340818792483,0.0378817111356137,0.6231502704965886,0.6395443304299089,0.010913290346580062,0.07082291315276511,0.7694642334524493,0.13732116537754474,0.0013819221721361463,0.02103320964494046,0.7612537120102235,0.09831085098536037,0.005975108905821938,0.08844080609545009,0.34617215921673816,0.002715413657147277,-0.002497980581025477,0.004851738685007117,0.7786170362523417,0.0,0.0,0.0,0.8575421584413486,0.6323818351839117,0.007162495245997325,0.2718622881287429,camp_liberal,1.0,1.0,camp_liberal,0.0,1.0,0.0,0.0,0.13883921758735468,0.7329527992277213,0.06111320750466197,0.6323818351839117,0.007162495245997325,0.698411855397149,0.029725856474108026,0.2718622881287429,0.3591072742133008,0.27327456097061087,-0.060968831534339685,0.16922028429350217,-0.002596814694329423,0.004647763037501962,-0.12241999472418712,0.2404705289112851,-0.08815273624669787,0.23175971118000244,-0.0246341285714548,0.06338644746411819,-0.10230930195010633,0.2384200342787214,-0.0028875598807524593,0.005220635407707518,-0.019724038055158533,0.04687459542716117,0.4236934056570263,0.9999999999999999,0.0,B,B,0.4668023683814725,0.8170281159831488,0.8170281159831488,B,0.8391880505167308,0.8332106054075777,0.13883921758735468,1.0,0.7329527992277213,0.03211678190115999,0.8332106054075777,0.8332106054075776,0.8332106054075777,0.5268194516443074,0.7912643361460097,0.8332106054075777,0.8660628721091482,0.8414236720829704,0.6323818351839117,0.007162495245997325,0.20187934165306143,-0.0026712070338621857,-9.882922283880001e-05,-0.0037888831337117793,-0.0065589193904127645,0.0,0.8391880505167308,0.0,0.8391880505167308,0.0,none,0.0,0.4102797571355084,0.0,0.770606313796698,0.0,0.0,0.0,0.0,0.0,0.41804048080359213,0.0,0.0,0.0,0.5,mainstream_liberal,none,,0.0,0.0,-0.15622906114316754,1.650547974854209,5.0,0.27995618834416436,0.02209262786093482,0.9268574260991862,4.0,1.0,0.14480206549304864,1.0,1.0,0.7824176245353761,1.0,0.0,-0.0,0.0,0.0,0.5422940839027128,A,B,balanced_two_bloc,0.0,0.0,-0.0,0.0,0.8417889022571992,0.002595553918345206,-0.015273559058443143,-0.0,0.0,-0.0,0.0,0.0,0.0,0.6499999999999999,0.0,0.0,0.0,0.0,0.5422940839027128,structural_mega_shock_regime
pres_2022,sido_46,A,윤석열,국민의힘,145549.0,1240421.0,0.1771923486934623,0.117338549291212,5.985379940225028,5.985379940225028,0.1812163998709299,0.1812163998709299,0.15966369950937653,0.10701880797321284,False,윤석열,0.6666888874075062,0.3230576942305769,0.2844165583441655,0.1911608839116088,0.3403459654034596,0.3097740225977402,0.3744475552444756,0.071922807719228,0.008233720131309432,-0.002072361842543827,-0.0030647956802879496,0.013434937670821972,-0.0011099260049330167,0.0,0.0,True,0.04593001409096781,0.059107053876207676,0.013177039785239868,0.023728514844359724,26.170428208560693,0.04972076432011571,0.0249502418567046,0.059107053876207676,0.05961337373186529,11.068928822028504,15.10149938653219,0.8469652695155189,0.0005063198556576123,0.0005063198556576123,0.05501871461743293,-0.007882587737064427,0.0235708760657306,0.6650715115533813,0.6622543550013832,0.01082796780943207,0.08284918720040968,0.7577931427729043,0.1384136351255204,-0.009511411862629798,0.03809369037491398,0.6841632761468821,0.10675172915620508,0.006106819713703415,0.10427219985761811,0.2870999195412371,0.003353529324153971,-0.003090231573260871,0.005993348979885277,0.7612120845810554,0.0,0.0,0.0,0.8575421584413486,0.04593001409096781,0.013177039785239868,0.2786385911224092,camp_conservative,1.0,1.0,camp_conservative,1.0,0.0,0.0,0.0,-0.14642130812963244,0.6607366512728076,0.031742064351234736,0.04593001409096781,0.013177039785239868,0.708184369092351,0.013177039785239868,0.2786385911224092,0.34334374242859717,-0.29741372833762936,0.060968831534339685,0.11461624107387122,0.002596814694329423,0.007495525361058078,0.12241999472418712,0.3315423018100357,0.08815273624669787,0.17890201686218404,0.0246341285714548,0.05140132599855259,0.10230930195010633,0.238834850812462,0.0028875598807524593,0.008281135608545162,0.019724038055158533,0.04511537937602073,0.4236934056570263,0.9761887769027295,0.0,A,A,0.5331976316185275,0.15966369950937653,0.15966369950937653,A,0.1348122053710802,0.14395842467471018,-0.14642130812963244,-1.0,0.6607366512728076,-0.0926388880032381,0.14395842467471018,0.14395842467471018,0.14395842467471018,0.4731805483556926,0.18401149434261155,0.14395842467471018,0.09921942650777038,0.13277367513297525,0.04593001409096781,0.013177039785239868,0.07366662125676757,0.0012294970503917535,0.0011522365310103375,0.00876178981605153,0.011143523397453621,0.0,0.1348122053710802,0.0,0.1348122053710802,0.0,none,0.0,0.4958153465409588,0.0,0.7486915810999256,0.0,0.0,0.0,0.0,0.0,0.47869117422574153,0.0,0.0,0.0,0.5,mainstream_conservative,none,,0.0,0.0,0.0,0.0,0.0,0.0,0.0,0.0,0.0,0.0,0.0,1.0,0.960867040871453,0.7197283374221701,0.960867040871453,0.03290803900551924,0.0,0.0,0.0,0.03890112676340813,A,B,balanced_two_bloc,0.0,0.0,-0.0,0.0,0.8417889022571992,0.002595553918345206,-0.015273559058443143,-0.0,0.0,-0.0,0.0,0.0,0.0,0.6499999999999999,0.0,0.0,0.0,0.0,0.03890112676340813,structural_mega_shock_regime
pres_2022,sido_46,B,이재명,더불어민주당,1094872.0,1240421.0,0.8228076513065378,0.882661450708788,-5.985379940225021,5.985379940225021,0.81878360012907,0.81878360012907,0.8403363004906235,0.10701880797321284,False,이재명,0.6666888874075062,0.3369063093690631,0.2954554544545545,0.1953854614538546,0.3495400459954004,0.2527547245275472,0.3508599140085991,0.0752524747525247,-0.008233720131309468,0.002072361842543827,0.003064795680287987,-0.013434937670821972,0.0011099260049330076,0.0,0.0,True,0.6622543550013832,0.6622543550013832,0.0,0.08768231860318537,31.197820958317138,0.6622543550013832,0.7123368281681409,0.6622543550013832,0.7933777495694453,12.03924121071692,19.158579747600218,0.8575421584413486,0.1311233945680621,0.1311233945680621,0.05501871461743293,-0.007882587737064427,0.0235708760657306,0.6650715115533813,0.6622543550013832,0.01082796780943207,0.08284918720040968,0.7577931427729043,0.1384136351255204,-0.009511411862629798,0.03809369037491398,0.6841632761468821,0.10675172915620508,0.006106819713703415,0.10427219985761811,0.2870999195412371,0.003353529324153971,-0.003090231573260871,0.005993348979885277,0.7612120845810554,0.0,0.0,0.0,0.8575421584413486,0.6622543550013832,0.0,0.2786385911224092,camp_liberal,1.0,1.0,camp_liberal,0.0,1.0,0.0,0.0,0.14642130812963244,0.7196158436614775,0.07060777191133479,0.6622543550013832,0.0,0.708184369092351,0.013177039785239868,0.2786385911224092,0.3591072742133008,0.3031470807880824,-0.060968831534339685,0.16922028429350217,-0.002596814694329423,0.004647763037501962,-0.12241999472418712,0.2404705289112851,-0.08815273624669787,0.23175971118000244,-0.0246341285714548,0.06338644746411819,-0.10230930195010633,0.2384200342787214,-0.0028875598807524593,0.005220635407707518,-0.019724038055158533,0.04687459542716117,0.4236934056570263,0.9999999999999999,0.0,B,B,0.4668023683814725,0.8403363004906235,0.8403363004906235,B,0.8651877946289198,0.8560415753252898,0.14642130812963244,1.0,0.7196158436614775,0.029423071590993274,0.8560415753252898,0.8560415753252898,0.8560415753252898,0.5268194516443074,0.8159885056573885,0.8560415753252898,0.9007805734922296,0.8672263248670248,0.6622543550013832,0.0,0.2049719698656416,-0.0027141588357398735,0.0,-0.003732467874999708,-0.006446626710739581,0.0,0.8651877946289198,0.0,0.8651877946289198,0.0,none,0.0,0.4102797571355084,0.0,0.770606313796698,0.0,0.0,0.0,0.0,0.0,0.47869117422574153,0.0,0.0,0.0,0.5,mainstream_liberal,none,,0.0,0.0,-0.15622906114316754,1.650547974854209,5.0,0.27995618834416436,0.02209262786093482,0.9268574260991862,4.0,1.0,0.14480206549304864,1.0,1.0,0.7824176245353761,1.0,0.0,-0.0,0.0,0.0,0.5679110290250693,A,B,balanced_two_bloc,0.0,0.0,-0.0,0.0,0.8417889022571992,0.002595553918345206,-0.015273559058443143,-0.0,0.0,-0.0,0.0,0.0,0.0,0.6499999999999999,0.0,0.0,0.0,0.0,0.5679110290250693,structural_mega_shock_regime
pres_2022,sido_47,A,윤석열,국민의힘,1278922.0,1697293.0,0.7467533193447419,0.7535072775945362,-0.6753958249794301,0.6753958249794301,0.7192806247581941,0.7192806247581941,0.7421754553726321,0.10701880797321284,False,윤석열,0.6666888874075062,0.3230576942305769,0.2844165583441655,0.1911608839116088,0.3403459654034596,0.3097740225977402,0.3744475552444756,0.071922807719228,0.008233720131309432,-0.002072361842543827,-0.0030647956802879496,0.013434937670821972,-0.0011099260049330167,0.0,0.0,True,0.6193883477981766,0.6583478801861018,0.038959532387925155,0.09475559862694341,31.197820958317138,0.6193883477981766,0.6455402249261654,0.6583478801861018,0.7374702052740011,12.03924121071692,19.158579747600218,0.8575421584413486,0.07912232508789929,0.07912232508789929,0.6583478801861017,-0.07177886111889686,0.09012017667423908,0.7484406096316893,0.18309290703485082,0.007001767053809671,0.06916539488650546,0.6030846428741587,0.06638532703841503,0.010186388289166667,0.018471471390277234,0.721441965670677,0.0549398842844474,0.017049574654418108,0.04355478785210668,0.5016234623247182,0.0032473505288226207,-0.0028328611443948206,0.005212870107662683,0.7735895140486534,0.0,0.0,0.0,0.8575421584413486,0.6193883477981766,0.038959532387925155,0.1585592127790474,camp_conservative,1.0,1.0,camp_conservative,1.0,0.0,0.0,0.0,0.1216737882637769,0.7290471016810857,0.07348358262986712,0.6193883477981766,0.038959532387925155,0.7624238096410529,0.07901697757989967,0.1585592127790474,0.34334374242859717,0.2760446053695795,0.060968831534339685,0.11461624107387122,0.002596814694329423,0.007495525361058078,0.12241999472418712,0.3315423018100357,0.08815273624669787,0.17890201686218404,0.0246341285714548,0.05140132599855259,0.10230930195010633,0.238834850812462,0.0028875598807524593,0.008281135608545162,0.019724038055158533,0.04511537937602073,0.4236934056570263,0.9761887769027295,0.0,A,A,0.5331976316185275,0.7421754553726321,0.7421754553726321,A,0.7646034877844149,0.7568050535546275,0.1216737882637769,1.0,0.7290471016810857,0.023236701740350273,0.7568050535546275,0.7568050535546275,0.7568050535546275,0.4731805483556926,0.7318047798284796,0.7568050535546275,0.7783462937049284,0.7621903635922027,0.6193883477981766,0.038959532387925155,0.10384248340610092,0.0028883011048901146,0.0005934526062717375,0.002151521390585047,0.005633275101746899,0.0,0.7646034877844149,0.0,0.7646034877844149,0.0,none,0.0,0.4958153465409588,0.0,0.7486915810999256,0.0,0.0,0.0,0.0,0.0,0.3812512930617966,0.0,0.0,0.0,0.5,mainstream_conservative,none,,0.0,0.0,0.0,0.0,0.0,0.0,0.0,0.0,0.0,0.0,0.0,1.0,0.960867040871453,0.7197283374221701,0.960867040871453,0.03290803900551924,0.0,0.0,0.0,0.5311516206842691,A,B,balanced_two_bloc,0.0,0.0,-0.0,0.0,0.8417889022571992,0.002595553918345206,-0.015273559058443143,-0.0,0.0,-0.0,0.0,0.0,0.0,0.6499999999999999,0.0,0.0,0.0,0.0,0.5311516206842691,structural_mega_shock_regime
pres_2022,sido_47,B,이재명,더불어민주당,418371.0,1697293.0,0.2532466806552582,0.2464927224054637,0.6753958249794412,0.6753958249794412,0.28071937524180585,0.28071937524180585,0.2578245446273679,0.10701880797321284,False,이재명,0.6666888874075062,0.3369063093690631,0.2954554544545545,0.1953854614538546,0.3495400459954004,0.2527547245275472,0.3508599140085991,0.0752524747525247,-0.008233720131309468,0.002072361842543827,0.003064795680287987,-0.013434937670821972,0.0011099260049330076,0.0,0.0,True,0.1430354618428763,0.18309290703485082,0.04005744519197452,0.0708638265229101,30.9675687468011,0.1531922616783187,0.0818953802689459,0.18309290703485082,0.15655090490248477,12.03924121071692,18.92832753608418,0.8575421584413486,0.0,-0.026542002132366044,0.6583478801861017,-0.07177886111889686,0.09012017667423908,0.7484406096316893,0.18309290703485082,0.007001767053809671,0.06916539488650546,0.6030846428741587,0.06638532703841503,0.010186388289166667,0.018471471390277234,0.721441965670677,0.0549398842844474,0.017049574654418108,0.04355478785210668,0.5016234623247182,0.0032473505288226207,-0.0028328611443948206,0.005212870107662683,0.7735895140486534,0.0,0.0,0.0,0.8575421584413486,0.1430354618428763,0.04005744519197452,0.1585592127790474,camp_liberal,1.0,1.0,camp_liberal,0.0,1.0,0.0,0.0,-0.1216737882637769,0.6333700511244004,0.060242523367204884,0.1430354618428763,0.04005744519197452,0.7624238096410529,0.07901697757989967,0.1585592127790474,0.3591072742133008,-0.2160718123704245,-0.060968831534339685,0.16922028429350217,-0.002596814694329423,0.004647763037501962,-0.12241999472418712,0.2404705289112851,-0.08815273624669787,0.23175971118000244,-0.0246341285714548,0.06338644746411819,-0.10230930195010633,0.2384200342787214,-0.0028875598807524593,0.005220635407707518,-0.019724038055158533,0.04687459542716117,0.4236934056570263,0.9999999999999999,0.0,B,B,0.4668023683814725,0.2578245446273679,0.2578245446273679,B,0.2353965122155851,0.24319494644537254,-0.1216737882637769,-1.0,0.6333700511244004,-0.054699239059048284,0.24319494644537254,0.24319494644537254,0.24319494644537254,0.5268194516443074,0.2681952201715204,0.24319494644537254,0.22165370629507167,0.23780963640779731,0.1430354618428763,0.04005744519197452,0.0547167293729465,-0.002137751219081065,-0.0019556429096992465,-0.0036334964251857585,-0.007726890553966069,0.0,0.2353965122155851,0.0,0.2353965122155851,0.0,none,0.0,0.4102797571355084,0.0,0.770606313796698,0.0,0.0,0.0,0.0,0.0,0.3812512930617966,0.0,0.0,0.0,0.5,mainstream_liberal,none,,0.0,0.0,-0.15622906114316754,1.650547974854209,5.0,0.27995618834416436,0.02209262786093482,0.9268574260991862,4.0,1.0,0.14480206549304864,1.0,1.0,0.7824176245353761,1.0,0.0,-0.0,0.0,0.0,0.1226589386823953,A,B,balanced_two_bloc,0.0,0.0,-0.0,0.0,0.8417889022571992,0.002595553918345206,-0.015273559058443143,-0.0,0.0,-0.0,0.0,0.0,0.0,0.6499999999999999,0.0,0.0,0.0,0.0,0.1226589386823953,structural_mega_shock_regime
pres_2022,sido_48,A,윤석열,국민의힘,1237346.0,2031476.0,0.6103168574534876,0.6090868403110373,0.1230017142450301,0.1230017142450301,0.5878051561414714,0.5878051561414714,0.6050321889507134,0.10701880797321284,False,윤석열,0.6666888874075062,0.3230576942305769,0.2844165583441655,0.1911608839116088,0.3403459654034596,0.3097740225977402,0.3744475552444756,0.071922807719228,0.008233720131309432,-0.002072361842543827,-0.0030647956802879496,0.013434937670821972,-0.0011099260049330167,0.0,0.0,True,0.4877819278281912,0.5233338834017527,0.0355519555735615,0.08615817891250246,31.197820958317138,0.4877819278281912,0.5455620437956205,0.5233338834017527,0.6048740622129207,12.03924121071692,19.158579747600218,0.8575421584413486,0.08154017881116804,0.08154017881116804,0.5233338834017526,-0.06520447373233229,0.08223785864527143,0.7345380366723177,0.27563768003101685,0.02163904513440995,0.08364802786788468,0.6372614146393553,0.12315687485856876,-0.014534952208451662,0.034007450595556626,0.689123650018736,0.050618080266162276,0.024387468211088927,0.040134998545645936,0.5154818329925819,0.001830312617960726,-0.001551381761577326,0.003197234050221562,0.8046433266577434,0.0,0.0,0.0,0.8575421584413486,0.4877819278281912,0.0355519555735615,0.20102843656723046,camp_conservative,1.0,1.0,camp_conservative,1.0,0.0,0.0,0.0,0.06471047666112292,0.7213353275037707,0.0690739721424056,0.4877819278281912,0.0355519555735615,0.7146987960404576,0.08427276739231199,0.20102843656723046,0.34334374242859717,0.14443818539959402,0.060968831534339685,0.11461624107387122,0.002596814694329423,0.007495525361058078,0.12241999472418712,0.3315423018100357,0.08815273624669787,0.17890201686218404,0.0246341285714548,0.05140132599855259,0.10230930195010633,0.238834850812462,0.0028875598807524593,0.008281135608545162,0.019724038055158533,0.04511537937602073,0.4236934056570263,0.9761887769027295,0.0,A,A,0.5331976316185275,0.6050321889507134,0.6050321889507134,A,0.6282124592454889,0.6174755991557727,0.06471047666112292,0.6471047666112292,0.7213353275037707,0.017466777008917522,0.6174755991557727,0.6174755991557727,0.6174755991557727,0.4731805483556926,0.6227809079643067,0.6174755991557727,0.6474640377184515,0.6249727087964423,0.4877819278281912,0.0355519555735615,0.1016388253946896,0.00277400693086266,0.0006604473486073819,0.0025682224644325386,0.00600267674390258,0.0,0.6282124592454889,0.0,0.6282124592454889,0.0,none,0.0,0.4958153465409588,0.0,0.7486915810999256,0.0,0.0,0.0,0.0,0.0,0.23895817673660644,0.0,0.0,0.0,0.5,mainstream_conservative,none,,0.0,0.0,0.0,0.0,0.0,0.0,0.0,0.0,0.0,0.0,0.0,1.0,0.960867040871453,0.7197283374221701,0.960867040871453,0.03290803900551924,0.0,0.0,0.0,0.4182935672384692,A,B,balanced_two_bloc,0.0,0.0,-0.0,0.0,0.8417889022571992,0.002595553918345206,-0.015273559058443143,-0.0,0.0,-0.0,0.0,0.0,0.0,0.6499999999999999,0.0,0.0,0.0,0.0,0.4182935672384692,structural_mega_shock_regime
pres_2022,sido_48,B,이재명,더불어민주당,794130.0,2031476.0,0.3896831425465124,0.3909131596889627,-0.1230017142450301,0.1230017142450301,0.41219484385852856,0.41219484385852856,0.39496781104928663,0.10701880797321284,False,이재명,0.6666888874075062,0.3369063093690631,0.2954554544545545,0.1953854614538546,0.3495400459954004,0.2527547245275472,0.3508599140085991,0.0752524747525247,-0.008233720131309468,0.002072361842543827,0.003064795680287987,-0.013434937670821972,0.0011099260049330076,0.0,0.0,True,0.22691686821226636,0.27563768003101685,0.04872081181875049,0.08925822643515327,30.84729304219779,0.23947609922669877,0.1513150624103321,0.27563768003101685,0.27166862372848055,12.03924121071692,18.80805183148087,0.8575421584413486,0.0,-0.0039690563025363,0.5233338834017526,-0.06520447373233229,0.08223785864527143,0.7345380366723177,0.27563768003101685,0.02163904513440995,0.08364802786788468,0.6372614146393553,0.12315687485856876,-0.014534952208451662,0.034007450595556626,0.689123650018736,0.050618080266162276,0.024387468211088927,0.040134998545645936,0.5154818329925819,0.001830312617960726,-0.001551381761577326,0.003197234050221562,0.8046433266577434,0.0,0.0,0.0,0.8575421584413486,0.22691686821226636,0.04872081181875049,0.20102843656723046,camp_liberal,1.0,1.0,camp_liberal,0.0,1.0,0.0,0.0,-0.06471047666112292,0.6569558450070931,0.07037916368801153,0.22691686821226636,0.04872081181875049,0.7146987960404576,0.08427276739231199,0.20102843656723046,0.3591072742133008,-0.13219040600103443,-0.060968831534339685,0.16922028429350217,-0.002596814694329423,0.004647763037501962,-0.12241999472418712,0.2404705289112851,-0.08815273624669787,0.23175971118000244,-0.0246341285714548,0.06338644746411819,-0.10230930195010633,0.2384200342787214,-0.0028875598807524593,0.005220635407707518,-0.019724038055158533,0.04687459542716117,0.4236934056570263,0.9999999999999999,0.0,B,B,0.4668023683814725,0.39496781104928663,0.39496781104928663,B,0.37178754075451115,0.38252440084422734,-0.06471047666112292,-0.6471047666112292,0.6569558450070931,-0.03490293995990153,0.38252440084422734,0.38252440084422734,0.38252440084422734,0.5268194516443074,0.3772190920356932,0.38252440084422734,0.35253596228154843,0.37502729120355766,0.22691686821226636,0.04872081181875049,0.0993896111725408,-0.002150536396344715,-0.0015082988596151925,-0.004185161048397048,-0.007843996304356955,0.0,0.37178754075451115,0.0,0.37178754075451115,0.0,none,0.0,0.4102797571355084,0.0,0.770606313796698,0.0,0.0,0.0,0.0,0.0,0.23895817673660644,0.0,0.0,0.0,0.5,mainstream_liberal,none,,0.0,0.0,-0.15622906114316754,1.650547974854209,5.0,0.27995618834416436,0.02209262786093482,0.9268574260991862,4.0,1.0,0.14480206549304864,1.0,1.0,0.7824176245353761,1.0,0.0,-0.0,0.0,0.0,0.19459078095349794,A,B,balanced_two_bloc,0.0,0.0,-0.0,0.0,0.8417889022571992,0.002595553918345206,-0.015273559058443143,-0.0,0.0,-0.0,0.0,0.0,0.0,0.6499999999999999,0.0,0.0,0.0,0.0,0.19459078095349794,structural_mega_shock_regime
pres_2022,sido_50,A,윤석열,국민의힘,173014.0,386144.0,0.4801562072345902,0.4480554780130173,3.210072922157292,3.210072922157292,0.45782067727554876,0.45782067727554876,0.4779957033916272,0.10701880797321284,False,윤석열,0.6666888874075062,0.3230576942305769,0.2844165583441655,0.1911608839116088,0.3403459654034596,0.3097740225977402,0.3744475552444756,0.071922807719228,0.008233720131309432,-0.002072361842543827,-0.0030647956802879496,0.013434937670821972,-0.0011099260049330167,0.0,0.0,True,0.3035746401137592,0.3475075550873969,0.043932914973637716,0.08126238345826262,19.49472466299691,0.3035746401137592,0.3096060321222771,0.3475075550873969,0.37982207496769427,6.5480626406353055,12.946662022361604,0.7660288554166051,0.03231451988029738,0.03231451988029738,0.34750755508739695,-0.054831788171207374,0.07494715877543351,0.621599685407876,0.39203910534235137,0.026470526603778022,0.05866176116164628,0.6643713296088475,0.1402905383422355,0.012739233672250577,0.027410135465311403,0.6556872962396386,0.08529097750446576,-0.004092668149900558,0.049929435336250085,0.4833242072004108,6.550456838123929e-05,0.0002400337631996607,0.00010292199982871988,0.7644540940633404,0.0,0.0,0.0,0.766028855416605,0.3035746401137592,0.043932914973637716,0.2588896127354199,camp_conservative,1.0,1.0,camp_conservative,1.0,0.0,0.0,0.0,-0.015856027390101238,0.6295420012849843,0.06265450044620831,0.3035746401137592,0.043932914973637716,0.6612270894783898,0.07988329778619041,0.2588896127354199,0.34334374242859717,-0.03976910231483799,0.060968831534339685,0.11461624107387122,0.002596814694329423,0.007495525361058078,0.12241999472418712,0.3315423018100357,0.08815273624669787,0.17890201686218404,0.0246341285714548,0.05140132599855259,0.10230930195010633,0.238834850812462,0.0028875598807524593,0.008281135608545162,0.019724038055158533,0.04511537937602073,0.4236934056570263,0.9761887769027295,0.0,A,A,0.5331976316185275,0.4779957033916272,0.4779957033916272,A,0.4772583865033266,0.474643387154989,-0.015856027390101238,-0.15856027390101238,0.6295420012849843,-0.007056691192150613,0.474643387154989,0.474643387154989,0.474643387154989,0.4731805483556926,0.4638753916824287,0.474643387154989,0.47038779777538,0.4735794898100868,0.3035746401137592,0.043932914973637716,0.1260719347226899,0.0022783240395227193,0.0010770426320677357,0.004203969808701819,0.0075593364802922745,0.0,0.4772583865033266,0.0,0.4772583865033266,0.0,none,0.0,0.4958153465409588,0.0,0.7486915810999256,0.0,0.0,0.0,0.0,0.0,0.1321976997223029,0.0,0.0,0.0,0.5,mainstream_conservative,none,,0.0,0.0,0.0,0.0,0.0,0.0,0.0,0.0,0.0,0.0,0.0,1.0,0.960867040871453,0.7197283374221701,0.960867040871453,0.03290803900551924,0.0,0.0,0.0,0.23254693409985078,A,B,balanced_two_bloc,0.0,0.0,-0.0,0.0,0.8417889022571992,0.002595553918345206,-0.015273559058443143,-0.0,0.0,-0.0,0.0,0.0,0.0,0.6499999999999999,0.0,0.0,0.0,0.0,0.23254693409985078,structural_mega_shock_regime
pres_2022,sido_50,B,이재명,더불어민주당,213130.0,386144.0,0.5198437927654098,0.5519445219869826,-3.210072922157281,3.210072922157281,0.5421793227244512,0.5421793227244512,0.5220042966083729,0.10701880797321284,False,이재명,0.6666888874075062,0.3369063093690631,0.2954554544545545,0.1953854614538546,0.3495400459954004,0.2527547245275472,0.3508599140085991,0.0752524747525247,-0.008233720131309468,0.002072361842543827,0.003064795680287987,-0.013434937670821972,0.0011099260049330076,0.0,0.0,True,0.3576524493646306,0.3936028321771833,0.035950382812552695,0.06268305150641457,19.80147990782998,0.3576524493646306,0.4558027838733273,0.39203910534235137,0.5055733058187856,6.5480626406353055,13.253417267194674,0.7660288554166051,0.1135342004764342,0.1135342004764342,0.34750755508739695,-0.054831788171207374,0.07494715877543351,0.621599685407876,0.39203910534235137,0.026470526603778022,0.05866176116164628,0.6643713296088475,0.1402905383422355,0.012739233672250577,0.027410135465311403,0.6556872962396386,0.08529097750446576,-0.004092668149900558,0.049929435336250085,0.4833242072004108,6.550456838123929e-05,0.0002400337631996607,0.00010292199982871988,0.7644540940633404,0.0,0.0,0.0,0.766028855416605,0.3576524493646306,0.035950382812552695,0.2588896127354199,camp_liberal,1.0,1.0,camp_liberal,0.0,1.0,0.0,0.0,0.015856027390101238,0.65647134209742,0.05240556643365824,0.3576524493646306,0.035950382812552695,0.6612270894783898,0.07988329778619041,0.2588896127354199,0.3591072742133008,-0.0014548248486702109,-0.060968831534339685,0.16922028429350217,-0.002596814694329423,0.004647763037501962,-0.12241999472418712,0.2404705289112851,-0.08815273624669787,0.23175971118000244,-0.0246341285714548,0.06338644746411819,-0.10230930195010633,0.2384200342787214,-0.0028875598807524593,0.005220635407707518,-0.019724038055158533,0.04687459542716117,0.4236934056570263,0.9999999999999999,0.0,B,B,0.4668023683814725,0.5220042966083729,0.5220042966083729,B,0.5227416134966735,0.525356612845011,0.015856027390101238,0.15856027390101238,0.65647134209742,0.006382770012259328,0.525356612845011,0.525356612845011,0.525356612845011,0.5268194516443074,0.5361246083175714,0.525356612845011,0.5296122022246201,0.5264205101899133,0.3576524493646306,0.035950382812552695,0.13281767801273003,-0.0024147450861179997,-0.0007928781997375177,-0.003984346846891799,-0.0071919701327473155,0.0,0.5227416134966735,0.0,0.5227416134966735,0.0,none,0.0,0.4102797571355084,0.0,0.770606313796698,0.0,0.0,0.0,0.0,0.0,0.1321976997223029,0.0,0.0,0.0,0.5,mainstream_liberal,none,,0.0,0.0,-0.15622906114316754,1.650547974854209,5.0,0.27995618834416436,0.02209262786093482,0.9268574260991862,4.0,1.0,0.14480206549304864,1.0,1.0,0.7824176245353761,1.0,0.0,-0.0,0.0,0.0,0.2739720964237333,A,B,balanced_two_bloc,0.0,0.0,-0.0,0.0,0.8417889022571992,0.002595553918345206,-0.015273559058443143,-0.0,0.0,-0.0,0.0,0.0,0.0,0.6499999999999999,0.0,0.0,0.0,0.0,0.2739720964237333,structural_mega_shock_regime
