election_id,issue_name,issue_evidence_count,issue_speaker_count,issue_committee_count,issue_directional_count,issue_confidence_quality,issue_raw_strength,negative_share,neutral_share,positive_share,issue_character,character_score,character_intensity,character_multiplier,informational_score,accountability_score,performance_score,polarized_score,mixed_score,directional_share,directional_balance,polarization,issue_available_date,issue_percentile,attention_multiplier,character_multiplier_raw,salience_multiplier,character_gain,slot,link_evidence_count,link_consistency,link_reliability,target_signed_evidence,target_absolute_evidence,target_directional_balance,target_negative_mass,target_positive_mass,target_attribution_confidence,same_bloc_target_evidence_count,cross_bloc_target_evidence_count,speaker_bloc_known_count,target_source_types,link_available_date,responsibility_available_date,link_multiplier_raw,link_multiplier,available_date,source_model,link_gain
pres_2002,candidate_competence,31,31,14,0,0.13254257693548382,0.6288631096707576,0.0,1.0,0.0,informational_context,-0.35,0.35,0.9998642700833864,1.0,0.0,0.0,0.0,0.0,0.0,0.0,0.0,2002-10-21,0.5263157894736842,1.0011921500809846,0.9981444039229033,0.9998642700833864,0.04,A,0,0.0,0.0,0.0,0.0,0.0,0.0,0.0,0.0,0.0,0.0,0.0,,,,1.0,1.0,2002-10-21,stance_nli_ambiguity_v14,0.01
pres_2002,candidate_competence,31,31,14,0,0.13254257693548382,0.6288631096707576,0.0,1.0,0.0,informational_context,-0.35,0.35,0.9998642700833864,1.0,0.0,0.0,0.0,0.0,0.0,0.0,0.0,2002-10-21,0.5263157894736842,1.0011921500809846,0.9981444039229033,0.9998642700833864,0.04,B,0,0.0,0.0,0.0,0.0,0.0,0.0,0.0,0.0,0.0,0.0,0.0,,,,1.0,1.0,2002-10-21,stance_nli_ambiguity_v14,0.01
pres_2002,candidate_competence,31,31,14,0,0.13254257693548382,0.6288631096707576,0.0,1.0,0.0,informational_context,-0.35,0.35,0.9998642700833864,1.0,0.0,0.0,0.0,0.0,0.0,0.0,0.0,2002-10-21,0.5263157894736842,1.0011921500809846,0.9981444039229033,0.9998642700833864,0.04,C,0,0.0,0.0,0.0,0.0,0.0,0.0,0.0,0.0,0.0,0.0,0.0,,,,1.0,1.0,2002-10-21,stance_nli_ambiguity_v14,0.01
pres_2002,corruption_integrity,202,148,28,1,0.13207978089108913,0.8694117068873731,0.007139391202121415,0.9928606087978785,0.0,informational_context,-0.34071879143724215,0.34071879143724215,0.9999198792811032,0.9928606087978786,0.007139391202121416,0.0,0.0,0.0070884202953844875,0.007139391202121416,-0.007139391202121416,0.0,2002-11-01,1.0,1.0226415956178219,0.9981999174672597,0.9999198792811032,0.04,A,1,1.0,0.3769183548970101,-0.5165497005,0.5165497005,-1.0,0.5165497005,0.0,0.3769183548970101,0.0,1.0,1.0,government,2000-11-15,2002-11-25,1.0037691835489702,1.002509635939814,2002-11-25,stance_nli_ambiguity_v14,0.01
pres_2002,corruption_integrity,202,148,28,1,0.13207978089108913,0.8694117068873731,0.007139391202121415,0.9928606087978785,0.0,informational_context,-0.34071879143724215,0.34071879143724215,0.9999198792811032,0.9928606087978786,0.007139391202121416,0.0,0.0,0.0070884202953844875,0.007139391202121416,-0.007139391202121416,0.0,2002-11-01,1.0,1.0226415956178219,0.9981999174672597,0.9999198792811032,0.04,B,0,0.0,0.0,0.0,0.0,0.0,0.0,0.0,0.0,0.0,0.0,0.0,,,,1.0,0.9987451820300931,2002-11-01,stance_nli_ambiguity_v14,0.01
pres_2002,corruption_integrity,202,148,28,1,0.13207978089108913,0.8694117068873731,0.007139391202121415,0.9928606087978785,0.0,informational_context,-0.34071879143724215,0.34071879143724215,0.9999198792811032,0.9928606087978786,0.007139391202121416,0.0,0.0,0.0070884202953844875,0.007139391202121416,-0.007139391202121416,0.0,2002-11-01,1.0,1.0226415956178219,0.9981999174672597,0.9999198792811032,0.04,C,0,0.0,0.0,0.0,0.0,0.0,0.0,0.0,0.0,0.0,0.0,0.0,,,,1.0,0.9987451820300931,2002-11-01,stance_nli_ambiguity_v14,0.01
pres_2002,economy_growth,156,123,27,4,0.13495282413461537,0.8447546717116171,0.03704810779468189,0.9629518922053181,0.0,informational_context,-0.3018374598669135,0.3018374598669135,1.0000909032866256,0.9629518922053181,0.03704810779468189,0.0,0.0,0.035675545503515524,0.03704810779468189,-0.03704810779468189,0.0,2002-11-05,0.9473684210526315,1.020309682116093,0.9983706472944537,1.0000909032866256,0.04,A,4,1.0,0.4715335809414224,-2.2587843095,2.2587843095,-1.0,2.2587843095,0.0,0.4715335809414224,1.0,3.0,4.0,government,2001-09-26,2002-11-25,1.0047153358094143,1.0031386239842546,2002-11-25,stance_nli_ambiguity_v14,0.01
pres_2002,economy_growth,156,123,27,4,0.13495282413461537,0.8447546717116171,0.03704810779468189,0.9629518922053181,0.0,informational_context,-0.3018374598669135,0.3018374598669135,1.0000909032866256,0.9629518922053181,0.03704810779468189,0.0,0.0,0.035675545503515524,0.03704810779468189,-0.03704810779468189,0.0,2002-11-05,0.9473684210526315,1.020309682116093,0.9983706472944537,1.0000909032866256,0.04,B,0,0.0,0.0,0.0,0.0,0.0,0.0,0.0,0.0,0.0,0.0,0.0,,,,1.0,0.9984306880078729,2002-11-05,stance_nli_ambiguity_v14,0.01
pres_2002,economy_growth,156,123,27,4,0.13495282413461537,0.8447546717116171,0.03704810779468189,0.9629518922053181,0.0,informational_context,-0.3018374598669135,0.3018374598669135,1.0000909032866256,0.9629518922053181,0.03704810779468189,0.0,0.0,0.035675545503515524,0.03704810779468189,-0.03704810779468189,0.0,2002-11-05,0.9473684210526315,1.020309682116093,0.9983706472944537,1.0000909032866256,0.04,C,0,0.0,0.0,0.0,0.0,0.0,0.0,0.0,0.0,0.0,0.0,0.0,,,,1.0,0.9984306880078729,2002-11-05,stance_nli_ambiguity_v14,0.01
pres_2002,education,110,74,24,0,0.10861132122727277,0.7938514245913654,0.0,1.0,0.0,informational_context,-0.35,0.35,1.0001998849543166,1.0,0.0,0.0,0.0,0.0,0.0,0.0,0.0,2002-11-01,0.8947368421052632,1.017504389282536,0.9984794415028182,1.0001998849543166,0.04,A,0,0.0,0.0,0.0,0.0,0.0,0.0,0.0,0.0,0.0,0.0,0.0,,,,1.0,1.0,2002-11-01,stance_nli_ambiguity_v14,0.01
pres_2002,education,110,74,24,0,0.10861132122727277,0.7938514245913654,0.0,1.0,0.0,informational_context,-0.35,0.35,1.0001998849543166,1.0,0.0,0.0,0.0,0.0,0.0,0.0,0.0,2002-11-01,0.8947368421052632,1.017504389282536,0.9984794415028182,1.0001998849543166,0.04,B,0,0.0,0.0,0.0,0.0,0.0,0.0,0.0,0.0,0.0,0.0,0.0,,,,1.0,1.0,2002-11-01,stance_nli_ambiguity_v14,0.01
pres_2002,education,110,74,24,0,0.10861132122727277,0.7938514245913654,0.0,1.0,0.0,informational_context,-0.35,0.35,1.0001998849543166,1.0,0.0,0.0,0.0,0.0,0.0,0.0,0.0,2002-11-01,0.8947368421052632,1.017504389282536,0.9984794415028182,1.0001998849543166,0.04,C,0,0.0,0.0,0.0,0.0,0.0,0.0,0.0,0.0,0.0,0.0,0.0,,,,1.0,1.0,2002-11-01,stance_nli_ambiguity_v14,0.01
pres_2002,endorsement_event,66,58,20,1,0.12910219250000016,0.733153151109716,0.0,0.9784636449477672,0.021536355052232923,informational_context,-0.3284636449477671,0.3284636449477671,1.0000239257153045,0.9784636449477672,0.0,0.021536355052232923,0.0,0.021072540463297085,0.021536355052232923,0.021536355052232923,0.0,2002-10-18,0.7368421052631579,1.0106967576131578,0.9983037849312281,1.0000239257153045,0.04,A,1,1.0,0.369743183566618,0.50671645,0.50671645,1.0,0.0,0.50671645,0.369743183566618,0.0,0.0,0.0,government,2001-06-19,2002-11-25,1.0036974318356662,1.002461920296284,2002-11-25,stance_nli_ambiguity_v14,0.01
pres_2002,endorsement_event,66,58,20,1,0.12910219250000016,0.733153151109716,0.0,0.9784636449477672,0.021536355052232923,informational_context,-0.3284636449477671,0.3284636449477671,1.0000239257153045,0.9784636449477672,0.0,0.021536355052232923,0.0,0.021072540463297085,0.021536355052232923,0.021536355052232923,0.0,2002-10-18,0.7368421052631579,1.0106967576131578,0.9983037849312281,1.0000239257153045,0.04,B,0,0.0,0.0,0.0,0.0,0.0,0.0,0.0,0.0,0.0,0.0,0.0,,,,1.0,0.9987690398518579,2002-10-18,stance_nli_ambiguity_v14,0.01
pres_2002,endorsement_event,66,58,20,1,0.12910219250000016,0.733153151109716,0.0,0.9784636449477672,0.021536355052232923,informational_context,-0.3284636449477671,0.3284636449477671,1.0000239257153045,0.9784636449477672,0.0,0.021536355052232923,0.0,0.021072540463297085,0.021536355052232923,0.021536355052232923,0.0,2002-10-18,0.7368421052631579,1.0106967576131578,0.9983037849312281,1.0000239257153045,0.04,C,0,0.0,0.0,0.0,0.0,0.0,0.0,0.0,0.0,0.0,0.0,0.0,,,,1.0,0.9987690398518579,2002-10-18,stance_nli_ambiguity_v14,0.01
pres_2002,external_shock,17,17,8,1,0.17862647323529407,0.530131766486179,0.0792943347013002,0.9207056652986998,0.0,informational_context,-0.24691736488830973,0.24691736488830973,0.9999557844514917,0.9207056652986998,0.0792943347013002,0.0,0.0,0.07300674318557838,0.0792943347013002,-0.0792943347013002,0.0,2002-10-01,0.3684210526315789,0.9937967027724458,0.9982357608771779,0.9999557844514917,0.04,A,1,1.0,0.3782550352694747,-0.518381561,0.518381561,-1.0,0.518381561,0.0,0.3782550352694747,0.0,0.0,0.0,government,1997-11-18,2002-11-25,1.0037825503526947,1.0025185247528992,2002-11-25,stance_nli_ambiguity_v14,0.01
pres_2002,external_shock,17,17,8,1,0.17862647323529407,0.530131766486179,0.0792943347013002,0.9207056652986998,0.0,informational_context,-0.24691736488830973,0.24691736488830973,0.9999557844514917,0.9207056652986998,0.0792943347013002,0.0,0.0,0.07300674318557838,0.0792943347013002,-0.0792943347013002,0.0,2002-10-01,0.3684210526315789,0.9937967027724458,0.9982357608771779,0.9999557844514917,0.04,B,0,0.0,0.0,0.0,0.0,0.0,0.0,0.0,0.0,0.0,0.0,0.0,,,,1.0,0.9987407376235505,2002-10-01,stance_nli_ambiguity_v14,0.01
pres_2002,external_shock,17,17,8,1,0.17862647323529407,0.530131766486179,0.0792943347013002,0.9207056652986998,0.0,informational_context,-0.24691736488830973,0.24691736488830973,0.9999557844514917,0.9207056652986998,0.0792943347013002,0.0,0.0,0.07300674318557838,0.0792943347013002,-0.0792943347013002,0.0,2002-10-01,0.3684210526315789,0.9937967027724458,0.9982357608771779,0.9999557844514917,0.04,C,0,0.0,0.0,0.0,0.0,0.0,0.0,0.0,0.0,0.0,0.0,0.0,,,,1.0,0.9987407376235505,2002-10-01,stance_nli_ambiguity_v14,0.01
pres_2002,family_legal_risk,36,34,11,0,0.09589194083333333,0.6427765537692125,0.0,1.0,0.0,informational_context,-0.35,0.35,1.0003782631080278,1.0,0.0,0.0,0.0,0.0,0.0,0.0,0.0,2002-10-10,0.5789473684210527,1.0034607113921052,0.9986575128283334,1.0003782631080278,0.04,A,0,0.0,0.0,0.0,0.0,0.0,0.0,0.0,0.0,0.0,0.0,0.0,,,,1.0,1.0,2002-10-10,stance_nli_ambiguity_v14,0.01
pres_2002,family_legal_risk,36,34,11,0,0.09589194083333333,0.6427765537692125,0.0,1.0,0.0,informational_context,-0.35,0.35,1.0003782631080278,1.0,0.0,0.0,0.0,0.0,0.0,0.0,0.0,2002-10-10,0.5789473684210527,1.0034607113921052,0.9986575128283334,1.0003782631080278,0.04,B,0,0.0,0.0,0.0,0.0,0.0,0.0,0.0,0.0,0.0,0.0,0.0,,,,1.0,1.0,2002-10-10,stance_nli_ambiguity_v14,0.01
pres_2002,family_legal_risk,36,34,11,0,0.09589194083333333,0.6427765537692125,0.0,1.0,0.0,informational_context,-0.35,0.35,1.0003782631080278,1.0,0.0,0.0,0.0,0.0,0.0,0.0,0.0,2002-10-10,0.5789473684210527,1.0034607113921052,0.9986575128283334,1.0003782631080278,0.04,C,0,0.0,0.0,0.0,0.0,0.0,0.0,0.0,0.0,0.0,0.0,0.0,,,,1.0,1.0,2002-10-10,stance_nli_ambiguity_v14,0.01
pres_2002,foreign_policy,31,29,10,0,0.12719291838709673,0.6185866317325875,0.0,1.0,0.0,informational_context,-0.35,0.35,0.9999392943522809,1.0,0.0,0.0,0.0,0.0,0.0,0.0,0.0,2002-09-23,0.47368421052631576,0.9988134811385398,0.9982192991425807,0.9999392943522809,0.04,A,0,0.0,0.0,0.0,0.0,0.0,0.0,0.0,0.0,0.0,0.0,0.0,,,,1.0,1.0,2002-09-23,stance_nli_ambiguity_v14,0.01
pres_2002,foreign_policy,31,29,10,0,0.12719291838709673,0.6185866317325875,0.0,1.0,0.0,informational_context,-0.35,0.35,0.9999392943522809,1.0,0.0,0.0,0.0,0.0,0.0,0.0,0.0,2002-09-23,0.47368421052631576,0.9988134811385398,0.9982192991425807,0.9999392943522809,0.04,B,0,0.0,0.0,0.0,0.0,0.0,0.0,0.0,0.0,0.0,0.0,0.0,,,,1.0,1.0,2002-09-23,stance_nli_ambiguity_v14,0.01
pres_2002,foreign_policy,31,29,10,0,0.12719291838709673,0.6185866317325875,0.0,1.0,0.0,informational_context,-0.35,0.35,0.9999392943522809,1.0,0.0,0.0,0.0,0.0,0.0,0.0,0.0,2002-09-23,0.47368421052631576,0.9988134811385398,0.9982192991425807,0.9999392943522809,0.04,C,0,0.0,0.0,0.0,0.0,0.0,0.0,0.0,0.0,0.0,0.0,0.0,,,,1.0,1.0,2002-09-23,stance_nli_ambiguity_v14,0.01
pres_2002,gaffe_event,6,6,5,0,0.10577597,0.36836469829422963,0.0,1.0,0.0,informational_context,-0.35,0.35,1.00023964826836,1.0,0.0,0.0,0.0,0.0,0.0,0.0,0.0,2001-11-29,0.15789473684210525,0.9848683288315789,0.99851913642,1.00023964826836,0.04,A,0,0.0,0.0,0.0,0.0,0.0,0.0,0.0,0.0,0.0,0.0,0.0,,,,1.0,1.0,2001-11-29,stance_nli_ambiguity_v14,0.01
pres_2002,gaffe_event,6,6,5,0,0.10577597,0.36836469829422963,0.0,1.0,0.0,informational_context,-0.35,0.35,1.00023964826836,1.0,0.0,0.0,0.0,0.0,0.0,0.0,0.0,2001-11-29,0.15789473684210525,0.9848683288315789,0.99851913642,1.00023964826836,0.04,B,0,0.0,0.0,0.0,0.0,0.0,0.0,0.0,0.0,0.0,0.0,0.0,,,,1.0,1.0,2001-11-29,stance_nli_ambiguity_v14,0.01
pres_2002,gaffe_event,6,6,5,0,0.10577597,0.36836469829422963,0.0,1.0,0.0,informational_context,-0.35,0.35,1.00023964826836,1.0,0.0,0.0,0.0,0.0,0.0,0.0,0.0,2001-11-29,0.15789473684210525,0.9848683288315789,0.99851913642,1.00023964826836,0.04,C,0,0.0,0.0,0.0,0.0,0.0,0.0,0.0,0.0,0.0,0.0,0.0,,,,1.0,1.0,2001-11-29,stance_nli_ambiguity_v14,0.01
pres_2002,gender_generation,9,8,8,0,0.11703552500000006,0.4327739653143268,0.0,1.0,0.0,informational_context,-0.35,0.35,1.0000817428853692,1.0,0.0,0.0,0.0,0.0,0.0,0.0,0.0,2002-07-30,0.3157894736842105,0.9917692119210526,0.99836150265,1.0000817428853692,0.04,A,0,0.0,0.0,0.0,0.0,0.0,0.0,0.0,0.0,0.0,0.0,0.0,,,,1.0,1.0,2002-07-30,stance_nli_ambiguity_v14,0.01
pres_2002,gender_generation,9,8,8,0,0.11703552500000006,0.4327739653143268,0.0,1.0,0.0,informational_context,-0.35,0.35,1.0000817428853692,1.0,0.0,0.0,0.0,0.0,0.0,0.0,0.0,2002-07-30,0.3157894736842105,0.9917692119210526,0.99836150265,1.0000817428853692,0.04,B,0,0.0,0.0,0.0,0.0,0.0,0.0,0.0,0.0,0.0,0.0,0.0,,,,1.0,1.0,2002-07-30,stance_nli_ambiguity_v14,0.01
pres_2002,gender_generation,9,8,8,0,0.11703552500000006,0.4327739653143268,0.0,1.0,0.0,informational_context,-0.35,0.35,1.0000817428853692,1.0,0.0,0.0,0.0,0.0,0.0,0.0,0.0,2002-07-30,0.3157894736842105,0.9917692119210526,0.99836150265,1.0000817428853692,0.04,C,0,0.0,0.0,0.0,0.0,0.0,0.0,0.0,0.0,0.0,0.0,0.0,,,,1.0,1.0,2002-07-30,stance_nli_ambiguity_v14,0.01
pres_2002,housing,9,9,6,0,0.1300307466666667,0.42933305400131294,0.0,1.0,0.0,informational_context,-0.35,0.35,0.9998994962997515,1.0,0.0,0.0,0.0,0.0,0.0,0.0,0.0,2002-10-02,0.2631578947368421,0.9892944455578947,0.9981795695466666,0.9998994962997515,0.04,A,0,0.0,0.0,0.0,0.0,0.0,0.0,0.0,0.0,0.0,0.0,0.0,,,,1.0,1.0,2002-10-02,stance_nli_ambiguity_v14,0.01
pres_2002,housing,9,9,6,0,0.1300307466666667,0.42933305400131294,0.0,1.0,0.0,informational_context,-0.35,0.35,0.9998994962997515,1.0,0.0,0.0,0.0,0.0,0.0,0.0,0.0,2002-10-02,0.2631578947368421,0.9892944455578947,0.9981795695466666,0.9998994962997515,0.04,B,0,0.0,0.0,0.0,0.0,0.0,0.0,0.0,0.0,0.0,0.0,0.0,,,,1.0,1.0,2002-10-02,stance_nli_ambiguity_v14,0.01
pres_2002,housing,9,9,6,0,0.1300307466666667,0.42933305400131294,0.0,1.0,0.0,informational_context,-0.35,0.35,0.9998994962997515,1.0,0.0,0.0,0.0,0.0,0.0,0.0,0.0,2002-10-02,0.2631578947368421,0.9892944455578947,0.9981795695466666,0.9998994962997515,0.04,C,0,0.0,0.0,0.0,0.0,0.0,0.0,0.0,0.0,0.0,0.0,0.0,,,,1.0,1.0,2002-10-02,stance_nli_ambiguity_v14,0.01
pres_2002,inflation_livelihood,24,23,10,1,0.13199831875000007,0.5829133980463665,0.06089294284218379,0.9391070571578163,0.0,informational_context,-0.2708391743051611,0.2708391743051611,1.0002905868413838,0.9391070571578163,0.06089294284218379,0.0,0.0,0.05718499235420233,0.06089294284218379,-0.06089294284218379,0.0,2002-10-21,0.42105263157894735,0.9964252684671052,0.9985699873736033,1.0002905868413838,0.04,A,1,1.0,0.38190642729127894,-0.5233856299999999,0.5233856299999999,-1.0,0.5233856299999999,0.0,0.38190642729127894,0.0,0.0,0.0,government,1996-12-16,2002-11-25,1.0038190642729128,1.0025428058023444,2002-11-25,stance_nli_ambiguity_v14,0.01
pres_2002,inflation_livelihood,24,23,10,1,0.13199831875000007,0.5829133980463665,0.06089294284218379,0.9391070571578163,0.0,informational_context,-0.2708391743051611,0.2708391743051611,1.0002905868413838,0.9391070571578163,0.06089294284218379,0.0,0.0,0.05718499235420233,0.06089294284218379,-0.06089294284218379,0.0,2002-10-21,0.42105263157894735,0.9964252684671052,0.9985699873736033,1.0002905868413838,0.04,B,0,0.0,0.0,0.0,0.0,0.0,0.0,0.0,0.0,0.0,0.0,0.0,,,,1.0,0.9987285970988279,2002-10-21,stance_nli_ambiguity_v14,0.01
pres_2002,inflation_livelihood,24,23,10,1,0.13199831875000007,0.5829133980463665,0.06089294284218379,0.9391070571578163,0.0,informational_context,-0.2708391743051611,0.2708391743051611,1.0002905868413838,0.9391070571578163,0.06089294284218379,0.0,0.0,0.05718499235420233,0.06089294284218379,-0.06089294284218379,0.0,2002-10-21,0.42105263157894735,0.9964252684671052,0.9985699873736033,1.0002905868413838,0.04,C,0,0.0,0.0,0.0,0.0,0.0,0.0,0.0,0.0,0.0,0.0,0.0,,,,1.0,0.9987285970988279,2002-10-21,stance_nli_ambiguity_v14,0.01
pres_2002,jobs_labor,55,44,10,0,0.12514377836363644,0.6944598263437275,0.0,1.0,0.0,informational_context,-0.35,0.35,0.9999680317437858,1.0,0.0,0.0,0.0,0.0,0.0,0.0,0.0,2002-11-01,0.6842105263157895,1.008290533103732,0.9982479871029091,0.9999680317437858,0.04,A,0,0.0,0.0,0.0,0.0,0.0,0.0,0.0,0.0,0.0,0.0,0.0,,,,1.0,1.0,2002-11-01,stance_nli_ambiguity_v14,0.01
pres_2002,jobs_labor,55,44,10,0,0.12514377836363644,0.6944598263437275,0.0,1.0,0.0,informational_context,-0.35,0.35,0.9999680317437858,1.0,0.0,0.0,0.0,0.0,0.0,0.0,0.0,2002-11-01,0.6842105263157895,1.008290533103732,0.9982479871029091,0.9999680317437858,0.04,B,0,0.0,0.0,0.0,0.0,0.0,0.0,0.0,0.0,0.0,0.0,0.0,,,,1.0,1.0,2002-11-01,stance_nli_ambiguity_v14,0.01
pres_2002,jobs_labor,55,44,10,0,0.12514377836363644,0.6944598263437275,0.0,1.0,0.0,informational_context,-0.35,0.35,0.9999680317437858,1.0,0.0,0.0,0.0,0.0,0.0,0.0,0.0,2002-11-01,0.6842105263157895,1.008290533103732,0.9982479871029091,0.9999680317437858,0.04,C,0,0.0,0.0,0.0,0.0,0.0,0.0,0.0,0.0,0.0,0.0,0.0,,,,1.0,1.0,2002-11-01,stance_nli_ambiguity_v14,0.01
pres_2002,regime_change,4,4,4,0,0.10581237999999998,0.3105568545147834,0.0,1.0,0.0,informational_context,-0.35,0.35,1.0002391376500457,1.0,0.0,0.0,0.0,0.0,0.0,0.0,0.0,2002-09-24,0.10526315789473684,0.9825398045263158,0.99851862668,1.0002391376500457,0.04,A,0,0.0,0.0,0.0,0.0,0.0,0.0,0.0,0.0,0.0,0.0,0.0,,,,1.0,1.0,2002-09-24,stance_nli_ambiguity_v14,0.01
pres_2002,regime_change,4,4,4,0,0.10581237999999998,0.3105568545147834,0.0,1.0,0.0,informational_context,-0.35,0.35,1.0002391376500457,1.0,0.0,0.0,0.0,0.0,0.0,0.0,0.0,2002-09-24,0.10526315789473684,0.9825398045263158,0.99851862668,1.0002391376500457,0.04,B,0,0.0,0.0,0.0,0.0,0.0,0.0,0.0,0.0,0.0,0.0,0.0,,,,1.0,1.0,2002-09-24,stance_nli_ambiguity_v14,0.01
pres_2002,regime_change,4,4,4,0,0.10581237999999998,0.3105568545147834,0.0,1.0,0.0,informational_context,-0.35,0.35,1.0002391376500457,1.0,0.0,0.0,0.0,0.0,0.0,0.0,0.0,2002-09-24,0.10526315789473684,0.9825398045263158,0.99851862668,1.0002391376500457,0.04,C,0,0.0,0.0,0.0,0.0,0.0,0.0,0.0,0.0,0.0,0.0,0.0,,,,1.0,1.0,2002-09-24,stance_nli_ambiguity_v14,0.01
pres_2002,regional_dev,91,82,22,0,0.11854046054945053,0.7817181109060116,0.0,1.0,0.0,informational_context,-0.35,0.35,1.0000606374842844,1.0,0.0,0.0,0.0,0.0,0.0,0.0,0.0,2002-11-01,0.7894736842105263,1.0129515211221516,0.9983404335523077,1.0000606374842844,0.04,A,0,0.0,0.0,0.0,0.0,0.0,0.0,0.0,0.0,0.0,0.0,0.0,,,,1.0,1.0,2002-11-01,stance_nli_ambiguity_v14,0.01
pres_2002,regional_dev,91,82,22,0,0.11854046054945053,0.7817181109060116,0.0,1.0,0.0,informational_context,-0.35,0.35,1.0000606374842844,1.0,0.0,0.0,0.0,0.0,0.0,0.0,0.0,2002-11-01,0.7894736842105263,1.0129515211221516,0.9983404335523077,1.0000606374842844,0.04,B,0,0.0,0.0,0.0,0.0,0.0,0.0,0.0,0.0,0.0,0.0,0.0,,,,1.0,1.0,2002-11-01,stance_nli_ambiguity_v14,0.01
pres_2002,regional_dev,91,82,22,0,0.11854046054945053,0.7817181109060116,0.0,1.0,0.0,informational_context,-0.35,0.35,1.0000606374842844,1.0,0.0,0.0,0.0,0.0,0.0,0.0,0.0,2002-11-01,0.7894736842105263,1.0129515211221516,0.9983404335523077,1.0000606374842844,0.04,C,0,0.0,0.0,0.0,0.0,0.0,0.0,0.0,0.0,0.0,0.0,0.0,,,,1.0,1.0,2002-11-01,stance_nli_ambiguity_v14,0.01
pres_2002,security_nk,95,76,15,1,0.14027818189473706,0.7828480288487637,0.0,0.9857322822692669,0.014267717730733038,informational_context,-0.335732282269267,0.335732282269267,0.9998359809339235,0.985732282269267,0.0,0.01426771773073304,0.0,0.014064149961489166,0.01426771773073304,0.01426771773073304,0.0,2002-10-28,0.8421052631578947,1.0156038066996123,0.9981161634335959,0.9998359809339235,0.04,A,1,1.0,0.3588472782881148,0.4917841005,0.4917841005,1.0,0.0,0.4917841005,0.3588472782881148,0.0,0.0,0.0,government,2002-09-17,2002-11-25,1.0035884727828812,1.0023894570214251,2002-11-25,stance_nli_ambiguity_v14,0.01
pres_2002,security_nk,95,76,15,1,0.14027818189473706,0.7828480288487637,0.0,0.9857322822692669,0.014267717730733038,informational_context,-0.335732282269267,0.335732282269267,0.9998359809339235,0.985732282269267,0.0,0.01426771773073304,0.0,0.014064149961489166,0.01426771773073304,0.01426771773073304,0.0,2002-10-28,0.8421052631578947,1.0156038066996123,0.9981161634335959,0.9998359809339235,0.04,B,0,0.0,0.0,0.0,0.0,0.0,0.0,0.0,0.0,0.0,0.0,0.0,,,,1.0,0.9988052714892877,2002-10-28,stance_nli_ambiguity_v14,0.01
pres_2002,security_nk,95,76,15,1,0.14027818189473706,0.7828480288487637,0.0,0.9857322822692669,0.014267717730733038,informational_context,-0.335732282269267,0.335732282269267,0.9998359809339235,0.985732282269267,0.0,0.01426771773073304,0.0,0.014064149961489166,0.01426771773073304,0.01426771773073304,0.0,2002-10-28,0.8421052631578947,1.0156038066996123,0.9981161634335959,0.9998359809339235,0.04,C,0,0.0,0.0,0.0,0.0,0.0,0.0,0.0,0.0,0.0,0.0,0.0,,,,1.0,0.9988052714892877,2002-10-28,stance_nli_ambiguity_v14,0.01
pres_2002,unification_event,8,7,5,0,0.1321622725000001,0.4011731621046084,0.0,1.0,0.0,informational_context,-0.35,0.35,0.9998696035195247,1.0,0.0,0.0,0.0,0.0,0.0,0.0,0.0,2001-09-28,0.21052631578947367,0.9868907526342106,0.998149728185,0.9998696035195247,0.04,A,0,0.0,0.0,0.0,0.0,0.0,0.0,0.0,0.0,0.0,0.0,0.0,,,,1.0,1.0,2001-09-28,stance_nli_ambiguity_v14,0.01
pres_2002,unification_event,8,7,5,0,0.1321622725000001,0.4011731621046084,0.0,1.0,0.0,informational_context,-0.35,0.35,0.9998696035195247,1.0,0.0,0.0,0.0,0.0,0.0,0.0,0.0,2001-09-28,0.21052631578947367,0.9868907526342106,0.998149728185,0.9998696035195247,0.04,B,0,0.0,0.0,0.0,0.0,0.0,0.0,0.0,0.0,0.0,0.0,0.0,,,,1.0,1.0,2001-09-28,stance_nli_ambiguity_v14,0.01
pres_2002,unification_event,8,7,5,0,0.1321622725000001,0.4011731621046084,0.0,1.0,0.0,informational_context,-0.35,0.35,0.9998696035195247,1.0,0.0,0.0,0.0,0.0,0.0,0.0,0.0,2001-09-28,0.21052631578947367,0.9868907526342106,0.998149728185,0.9998696035195247,0.04,C,0,0.0,0.0,0.0,0.0,0.0,0.0,0.0,0.0,0.0,0.0,0.0,,,,1.0,1.0,2001-09-28,stance_nli_ambiguity_v14,0.01
pres_2002,welfare_pension,48,39,13,0,0.12030354218750006,0.6814626195071896,0.0,1.0,0.0,informational_context,-0.35,0.35,1.0000359118107298,1.0,0.0,0.0,0.0,0.0,0.0,0.0,0.0,2002-10-21,0.631578947368421,1.0058963344325658,0.998315750409375,1.0000359118107298,0.04,A,0,0.0,0.0,0.0,0.0,0.0,0.0,0.0,0.0,0.0,0.0,0.0,,,,1.0,1.0,2002-10-21,stance_nli_ambiguity_v14,0.01
pres_2002,welfare_pension,48,39,13,0,0.12030354218750006,0.6814626195071896,0.0,1.0,0.0,informational_context,-0.35,0.35,1.0000359118107298,1.0,0.0,0.0,0.0,0.0,0.0,0.0,0.0,2002-10-21,0.631578947368421,1.0058963344325658,0.998315750409375,1.0000359118107298,0.04,B,0,0.0,0.0,0.0,0.0,0.0,0.0,0.0,0.0,0.0,0.0,0.0,,,,1.0,1.0,2002-10-21,stance_nli_ambiguity_v14,0.01
pres_2002,welfare_pension,48,39,13,0,0.12030354218750006,0.6814626195071896,0.0,1.0,0.0,informational_context,-0.35,0.35,1.0000359118107298,1.0,0.0,0.0,0.0,0.0,0.0,0.0,0.0,2002-10-21,0.631578947368421,1.0058963344325658,0.998315750409375,1.0000359118107298,0.04,C,0,0.0,0.0,0.0,0.0,0.0,0.0,0.0,0.0,0.0,0.0,0.0,,,,1.0,1.0,2002-10-21,stance_nli_ambiguity_v14,0.01
pres_2002,withdrawal_event,2,2,2,0,0.18653902000000006,0.21770357432980883,0.0,1.0,0.0,informational_context,-0.35,0.35,0.999107017330303,1.0,0.0,0.0,0.0,0.0,0.0,0.0,0.0,2001-09-27,0.05263157894736842,0.9787671964842105,0.99738845372,0.999107017330303,0.04,A,0,0.0,0.0,0.0,0.0,0.0,0.0,0.0,0.0,0.0,0.0,0.0,,,,1.0,1.0,2001-09-27,stance_nli_ambiguity_v14,0.01
pres_2002,withdrawal_event,2,2,2,0,0.18653902000000006,0.21770357432980883,0.0,1.0,0.0,informational_context,-0.35,0.35,0.999107017330303,1.0,0.0,0.0,0.0,0.0,0.0,0.0,0.0,2001-09-27,0.05263157894736842,0.9787671964842105,0.99738845372,0.999107017330303,0.04,B,0,0.0,0.0,0.0,0.0,0.0,0.0,0.0,0.0,0.0,0.0,0.0,,,,1.0,1.0,2001-09-27,stance_nli_ambiguity_v14,0.01
pres_2002,withdrawal_event,2,2,2,0,0.18653902000000006,0.21770357432980883,0.0,1.0,0.0,informational_context,-0.35,0.35,0.999107017330303,1.0,0.0,0.0,0.0,0.0,0.0,0.0,0.0,2001-09-27,0.05263157894736842,0.9787671964842105,0.99738845372,0.999107017330303,0.04,C,0,0.0,0.0,0.0,0.0,0.0,0.0,0.0,0.0,0.0,0.0,0.0,,,,1.0,1.0,2001-09-27,stance_nli_ambiguity_v14,0.01
pres_2007,candidate_competence,19,18,11,0,0.10683710815789471,0.5508559461618759,0.0,1.0,0.0,informational_context,-0.35,0.35,1.0001353348442024,1.0,0.0,0.0,0.0,0.0,0.0,0.0,0.0,2007-11-02,0.42105263157894735,0.9965047249216067,0.9985042804857894,1.0001353348442024,0.04,A,0,0.0,0.0,0.0,0.0,0.0,0.0,0.0,0.0,0.0,0.0,0.0,,,,1.0,1.0,2007-11-02,stance_nli_ambiguity_v14,0.01
pres_2007,candidate_competence,19,18,11,0,0.10683710815789471,0.5508559461618759,0.0,1.0,0.0,informational_context,-0.35,0.35,1.0001353348442024,1.0,0.0,0.0,0.0,0.0,0.0,0.0,0.0,2007-11-02,0.42105263157894735,0.9965047249216067,0.9985042804857894,1.0001353348442024,0.04,B,0,0.0,0.0,0.0,0.0,0.0,0.0,0.0,0.0,0.0,0.0,0.0,,,,1.0,1.0,2007-11-02,stance_nli_ambiguity_v14,0.01
pres_2007,candidate_competence,19,18,11,0,0.10683710815789471,0.5508559461618759,0.0,1.0,0.0,informational_context,-0.35,0.35,1.0001353348442024,1.0,0.0,0.0,0.0,0.0,0.0,0.0,0.0,2007-11-02,0.42105263157894735,0.9965047249216067,0.9985042804857894,1.0001353348442024,0.04,C,0,0.0,0.0,0.0,0.0,0.0,0.0,0.0,0.0,0.0,0.0,0.0,,,,1.0,1.0,2007-11-02,stance_nli_ambiguity_v14,0.01
pres_2007,corruption_integrity,189,129,24,0,0.11872548357142865,0.862356399903908,0.0,1.0,0.0,informational_context,-0.35,0.35,0.9999686257135529,1.0,0.0,0.0,0.0,0.0,0.0,0.0,0.0,2007-12-06,1.0,1.0223745096714285,0.99833784323,0.9999686257135529,0.04,A,0,0.0,0.0,0.0,0.0,0.0,0.0,0.0,0.0,0.0,0.0,0.0,,,,1.0,1.0,2007-12-06,stance_nli_ambiguity_v14,0.01
pres_2007,corruption_integrity,189,129,24,0,0.11872548357142865,0.862356399903908,0.0,1.0,0.0,informational_context,-0.35,0.35,0.9999686257135529,1.0,0.0,0.0,0.0,0.0,0.0,0.0,0.0,2007-12-06,1.0,1.0223745096714285,0.99833784323,0.9999686257135529,0.04,B,0,0.0,0.0,0.0,0.0,0.0,0.0,0.0,0.0,0.0,0.0,0.0,,,,1.0,1.0,2007-12-06,stance_nli_ambiguity_v14,0.01
pres_2007,corruption_integrity,189,129,24,0,0.11872548357142865,0.862356399903908,0.0,1.0,0.0,informational_context,-0.35,0.35,0.9999686257135529,1.0,0.0,0.0,0.0,0.0,0.0,0.0,0.0,2007-12-06,1.0,1.0223745096714285,0.99833784323,0.9999686257135529,0.04,C,0,0.0,0.0,0.0,0.0,0.0,0.0,0.0,0.0,0.0,0.0,0.0,,,,1.0,1.0,2007-12-06,stance_nli_ambiguity_v14,0.01
pres_2007,economy_growth,152,129,25,1,0.133915762138158,0.842211952997706,0.009033976241408573,0.9909660237585913,0.0,informational_context,-0.33825583088616884,0.33825583088616884,0.9998186263639343,0.9909660237585914,0.009033976241408575,0.0,0.0,0.00895236351467824,0.009033976241408575,-0.009033976241408575,0.0,2007-11-13,0.9473684210526315,1.0202911241645776,0.9981880885043681,0.9998186263639343,0.04,A,0,0.0,0.0,0.0,0.0,0.0,0.0,0.0,0.0,0.0,0.0,0.0,,,,1.0,0.9988016741471607,2007-11-13,stance_nli_ambiguity_v14,0.01
pres_2007,economy_growth,152,129,25,1,0.133915762138158,0.842211952997706,0.009033976241408573,0.9909660237585913,0.0,informational_context,-0.33825583088616884,0.33825583088616884,0.9998186263639343,0.9909660237585914,0.009033976241408575,0.0,0.0,0.00895236351467824,0.009033976241408575,-0.009033976241408575,0.0,2007-11-13,0.9473684210526315,1.0202911241645776,0.9981880885043681,0.9998186263639343,0.04,B,1,1.0,0.3599290681593716,-0.493266645,0.493266645,-1.0,0.493266645,0.0,0.3599290681593716,0.0,1.0,1.0,government,2005-10-28,2007-11-25,1.0035992906815938,1.0023966517056788,2007-11-25,stance_nli_ambiguity_v14,0.01
pres_2007,economy_growth,152,129,25,1,0.133915762138158,0.842211952997706,0.009033976241408573,0.9909660237585913,0.0,informational_context,-0.33825583088616884,0.33825583088616884,0.9998186263639343,0.9909660237585914,0.009033976241408575,0.0,0.0,0.00895236351467824,0.009033976241408575,-0.009033976241408575,0.0,2007-11-13,0.9473684210526315,1.0202911241645776,0.9981880885043681,0.9998186263639343,0.04,C,0,0.0,0.0,0.0,0.0,0.0,0.0,0.0,0.0,0.0,0.0,0.0,,,,1.0,0.9988016741471607,2007-11-13,stance_nli_ambiguity_v14,0.01
pres_2007,education,84,68,19,0,0.11462645482142877,0.7638774146645115,0.0,1.0,0.0,informational_context,-0.35,0.35,1.0000261058566045,1.0,0.0,0.0,0.0,0.0,0.0,0.0,0.0,2007-11-01,0.7894736842105263,1.0129062010558272,0.9983952296325,1.0000261058566045,0.04,A,0,0.0,0.0,0.0,0.0,0.0,0.0,0.0,0.0,0.0,0.0,0.0,,,,1.0,1.0,2007-11-01,stance_nli_ambiguity_v14,0.01
pres_2007,education,84,68,19,0,0.11462645482142877,0.7638774146645115,0.0,1.0,0.0,informational_context,-0.35,0.35,1.0000261058566045,1.0,0.0,0.0,0.0,0.0,0.0,0.0,0.0,2007-11-01,0.7894736842105263,1.0129062010558272,0.9983952296325,1.0000261058566045,0.04,B,0,0.0,0.0,0.0,0.0,0.0,0.0,0.0,0.0,0.0,0.0,0.0,,,,1.0,1.0,2007-11-01,stance_nli_ambiguity_v14,0.01
pres_2007,education,84,68,19,0,0.11462645482142877,0.7638774146645115,0.0,1.0,0.0,informational_context,-0.35,0.35,1.0000261058566045,1.0,0.0,0.0,0.0,0.0,0.0,0.0,0.0,2007-11-01,0.7894736842105263,1.0129062010558272,0.9983952296325,1.0000261058566045,0.04,C,0,0.0,0.0,0.0,0.0,0.0,0.0,0.0,0.0,0.0,0.0,0.0,,,,1.0,1.0,2007-11-01,stance_nli_ambiguity_v14,0.01
pres_2007,endorsement_event,50,44,18,2,0.16709198799999997,0.6940434636156279,0.05521372083995109,0.944786279160049,0.0,informational_context,-0.2782221629080636,0.2782221629080636,0.9997709122735833,0.944786279160049,0.05521372083995109,0.0,0.0,0.05216516587095904,0.05521372083995109,-0.05521372083995109,0.0,2007-11-06,0.631578947368421,1.0061425894105263,0.9981404522277613,0.9997709122735833,0.04,A,0,0.0,0.0,0.0,0.0,0.0,0.0,0.0,0.0,0.0,0.0,0.0,,,,1.0,0.9986515926434136,2007-11-06,stance_nli_ambiguity_v14,0.01
pres_2007,endorsement_event,50,44,18,2,0.16709198799999997,0.6940434636156279,0.05521372083995109,0.944786279160049,0.0,informational_context,-0.2782221629080636,0.2782221629080636,0.9997709122735833,0.944786279160049,0.05521372083995109,0.0,0.0,0.05216516587095904,0.05521372083995109,-0.05521372083995109,0.0,2007-11-06,0.631578947368421,1.0061425894105263,0.9981404522277613,0.9997709122735833,0.04,B,2,1.0,0.4050684041920035,-1.0435912059999999,1.0435912059999999,-1.0,1.0435912059999999,0.0,0.4050684041920035,0.0,2.0,2.0,government|person,2006-12-11,2007-11-25,1.00405068404192,1.0026968147131725,2007-11-25,stance_nli_ambiguity_v14,0.01
pres_2007,endorsement_event,50,44,18,2,0.16709198799999997,0.6940434636156279,0.05521372083995109,0.944786279160049,0.0,informational_context,-0.2782221629080636,0.2782221629080636,0.9997709122735833,0.944786279160049,0.05521372083995109,0.0,0.0,0.05216516587095904,0.05521372083995109,-0.05521372083995109,0.0,2007-11-06,0.631578947368421,1.0061425894105263,0.9981404522277613,0.9997709122735833,0.04,C,0,0.0,0.0,0.0,0.0,0.0,0.0,0.0,0.0,0.0,0.0,0.0,,,,1.0,0.9986515926434136,2007-11-06,stance_nli_ambiguity_v14,0.01
pres_2007,external_shock,10,10,6,0,0.11929002250000006,0.4431578753114399,0.0,1.0,0.0,informational_context,-0.35,0.35,0.999960709258131,1.0,0.0,0.0,0.0,0.0,0.0,0.0,0.0,2007-11-08,0.2631578947368421,0.9893961997868421,0.998329939685,0.999960709258131,0.04,A,0,0.0,0.0,0.0,0.0,0.0,0.0,0.0,0.0,0.0,0.0,0.0,,,,1.0,1.0,2007-11-08,stance_nli_ambiguity_v14,0.01
pres_2007,external_shock,10,10,6,0,0.11929002250000006,0.4431578753114399,0.0,1.0,0.0,informational_context,-0.35,0.35,0.999960709258131,1.0,0.0,0.0,0.0,0.0,0.0,0.0,0.0,2007-11-08,0.2631578947368421,0.9893961997868421,0.998329939685,0.999960709258131,0.04,B,0,0.0,0.0,0.0,0.0,0.0,0.0,0.0,0.0,0.0,0.0,0.0,,,,1.0,1.0,2007-11-08,stance_nli_ambiguity_v14,0.01
pres_2007,external_shock,10,10,6,0,0.11929002250000006,0.4431578753114399,0.0,1.0,0.0,informational_context,-0.35,0.35,0.999960709258131,1.0,0.0,0.0,0.0,0.0,0.0,0.0,0.0,2007-11-08,0.2631578947368421,0.9893961997868421,0.998329939685,0.999960709258131,0.04,C,0,0.0,0.0,0.0,0.0,0.0,0.0,0.0,0.0,0.0,0.0,0.0,,,,1.0,1.0,2007-11-08,stance_nli_ambiguity_v14,0.01
pres_2007,family_legal_risk,37,37,15,0,0.13849476391891885,0.6550560526512218,0.0,1.0,0.0,informational_context,-0.35,0.35,0.9996914036856765,1.0,0.0,0.0,0.0,0.0,0.0,0.0,0.0,2007-11-01,0.5789473684210527,1.003595246622902,0.9980610733051352,0.9996914036856765,0.04,A,0,0.0,0.0,0.0,0.0,0.0,0.0,0.0,0.0,0.0,0.0,0.0,,,,1.0,1.0,2007-11-01,stance_nli_ambiguity_v14,0.01
pres_2007,family_legal_risk,37,37,15,0,0.13849476391891885,0.6550560526512218,0.0,1.0,0.0,informational_context,-0.35,0.35,0.9996914036856765,1.0,0.0,0.0,0.0,0.0,0.0,0.0,0.0,2007-11-01,0.5789473684210527,1.003595246622902,0.9980610733051352,0.9996914036856765,0.04,B,0,0.0,0.0,0.0,0.0,0.0,0.0,0.0,0.0,0.0,0.0,0.0,,,,1.0,1.0,2007-11-01,stance_nli_ambiguity_v14,0.01
pres_2007,family_legal_risk,37,37,15,0,0.13849476391891885,0.6550560526512218,0.0,1.0,0.0,informational_context,-0.35,0.35,0.9996914036856765,1.0,0.0,0.0,0.0,0.0,0.0,0.0,0.0,2007-11-01,0.5789473684210527,1.003595246622902,0.9980610733051352,0.9996914036856765,0.04,C,0,0.0,0.0,0.0,0.0,0.0,0.0,0.0,0.0,0.0,0.0,0.0,,,,1.0,1.0,2007-11-01,stance_nli_ambiguity_v14,0.01
pres_2007,foreign_policy,35,31,11,0,0.11146439500000005,0.6360564760019337,0.0,1.0,0.0,informational_context,-0.35,0.35,1.0000704470071449,1.0,0.0,0.0,0.0,0.0,0.0,0.0,0.0,2007-06-25,0.5263157894736842,1.0011699625210526,0.99843949847,1.0000704470071449,0.04,A,0,0.0,0.0,0.0,0.0,0.0,0.0,0.0,0.0,0.0,0.0,0.0,,,,1.0,1.0,2007-06-25,stance_nli_ambiguity_v14,0.01
pres_2007,foreign_policy,35,31,11,0,0.11146439500000005,0.6360564760019337,0.0,1.0,0.0,informational_context,-0.35,0.35,1.0000704470071449,1.0,0.0,0.0,0.0,0.0,0.0,0.0,0.0,2007-06-25,0.5263157894736842,1.0011699625210526,0.99843949847,1.0000704470071449,0.04,B,0,0.0,0.0,0.0,0.0,0.0,0.0,0.0,0.0,0.0,0.0,0.0,,,,1.0,1.0,2007-06-25,stance_nli_ambiguity_v14,0.01
pres_2007,foreign_policy,35,31,11,0,0.11146439500000005,0.6360564760019337,0.0,1.0,0.0,informational_context,-0.35,0.35,1.0000704470071449,1.0,0.0,0.0,0.0,0.0,0.0,0.0,0.0,2007-06-25,0.5263157894736842,1.0011699625210526,0.99843949847,1.0000704470071449,0.04,C,0,0.0,0.0,0.0,0.0,0.0,0.0,0.0,0.0,0.0,0.0,0.0,,,,1.0,1.0,2007-06-25,stance_nli_ambiguity_v14,0.01
pres_2007,gaffe_event,4,4,4,0,0.10018114000000006,0.31027529251478336,0.0,1.0,0.0,informational_context,-0.35,0.35,1.0002286706135264,1.0,0.0,0.0,0.0,0.0,0.0,0.0,0.0,2007-11-13,0.05263157894736842,0.9803125480210526,0.99859746404,1.0002286706135264,0.04,A,0,0.0,0.0,0.0,0.0,0.0,0.0,0.0,0.0,0.0,0.0,0.0,,,,1.0,1.0,2007-11-13,stance_nli_ambiguity_v14,0.01
pres_2007,gaffe_event,4,4,4,0,0.10018114000000006,0.31027529251478336,0.0,1.0,0.0,informational_context,-0.35,0.35,1.0002286706135264,1.0,0.0,0.0,0.0,0.0,0.0,0.0,0.0,2007-11-13,0.05263157894736842,0.9803125480210526,0.99859746404,1.0002286706135264,0.04,B,0,0.0,0.0,0.0,0.0,0.0,0.0,0.0,0.0,0.0,0.0,0.0,,,,1.0,1.0,2007-11-13,stance_nli_ambiguity_v14,0.01
pres_2007,gaffe_event,4,4,4,0,0.10018114000000006,0.31027529251478336,0.0,1.0,0.0,informational_context,-0.35,0.35,1.0002286706135264,1.0,0.0,0.0,0.0,0.0,0.0,0.0,0.0,2007-11-13,0.05263157894736842,0.9803125480210526,0.99859746404,1.0002286706135264,0.04,C,0,0.0,0.0,0.0,0.0,0.0,0.0,0.0,0.0,0.0,0.0,0.0,,,,1.0,1.0,2007-11-13,stance_nli_ambiguity_v14,0.01
pres_2007,gender_generation,6,6,5,0,0.08525460499999993,0.3673386300442296,0.0,1.0,0.0,informational_context,-0.35,0.35,1.0004379834579564,1.0,0.0,0.0,0.0,0.0,0.0,0.0,0.0,2006-12-06,0.15789473684210525,0.9851491475105263,0.99880643553,1.0004379834579564,0.04,A,0,0.0,0.0,0.0,0.0,0.0,0.0,0.0,0.0,0.0,0.0,0.0,,,,1.0,1.0,2006-12-06,stance_nli_ambiguity_v14,0.01
pres_2007,gender_generation,6,6,5,0,0.08525460499999993,0.3673386300442296,0.0,1.0,0.0,informational_context,-0.35,0.35,1.0004379834579564,1.0,0.0,0.0,0.0,0.0,0.0,0.0,0.0,2006-12-06,0.15789473684210525,0.9851491475105263,0.99880643553,1.0004379834579564,0.04,B,0,0.0,0.0,0.0,0.0,0.0,0.0,0.0,0.0,0.0,0.0,0.0,,,,1.0,1.0,2006-12-06,stance_nli_ambiguity_v14,0.01
pres_2007,gender_generation,6,6,5,0,0.08525460499999993,0.3673386300442296,0.0,1.0,0.0,informational_context,-0.35,0.35,1.0004379834579564,1.0,0.0,0.0,0.0,0.0,0.0,0.0,0.0,2006-12-06,0.15789473684210525,0.9851491475105263,0.99880643553,1.0004379834579564,0.04,C,0,0.0,0.0,0.0,0.0,0.0,0.0,0.0,0.0,0.0,0.0,0.0,,,,1.0,1.0,2006-12-06,stance_nli_ambiguity_v14,0.01
pres_2007,housing,31,28,8,2,0.15770432403225812,0.6104521894896909,0.09297338243158965,0.9070266175684104,0.0,informational_context,-0.22913460283893344,0.22913460283893344,1.0001857158152714,0.9070266175684104,0.09297338243158965,0.0,0.0,0.08432933259081903,0.09297338243158965,-0.09297338243158965,0.0,2007-11-01,0.47368421052631576,0.9987813638694397,0.9985545792938755,1.0001857158152714,0.04,A,0,0.0,0.0,0.0,0.0,0.0,0.0,0.0,0.0,0.0,0.0,0.0,,,,1.0,0.9981231980053457,2007-11-01,stance_nli_ambiguity_v14,0.01
pres_2007,housing,31,28,8,2,0.15770432403225812,0.6104521894896909,0.09297338243158965,0.9070266175684104,0.0,informational_context,-0.22913460283893344,0.22913460283893344,1.0001857158152714,0.9070266175684104,0.09297338243158965,0.0,0.0,0.08432933259081903,0.09297338243158965,-0.09297338243158965,0.0,2007-11-01,0.47368421052631576,0.9987813638694397,0.9985545792938755,1.0001857158152714,0.04,B,2,1.0,0.5640993010897909,-1.4533077964999999,1.4533077964999999,-1.0,1.4533077964999999,0.0,0.5640993010897909,2.0,0.0,2.0,government,2007-10-25,2007-11-25,1.0056409930108978,1.0037536039893087,2007-11-25,stance_nli_ambiguity_v14,0.01
pres_2007,housing,31,28,8,2,0.15770432403225812,0.6104521894896909,0.09297338243158965,0.9070266175684104,0.0,informational_context,-0.22913460283893344,0.22913460283893344,1.0001857158152714,0.9070266175684104,0.09297338243158965,0.0,0.0,0.08432933259081903,0.09297338243158965,-0.09297338243158965,0.0,2007-11-01,0.47368421052631576,0.9987813638694397,0.9985545792938755,1.0001857158152714,0.04,C,0,0.0,0.0,0.0,0.0,0.0,0.0,0.0,0.0,0.0,0.0,0.0,,,,1.0,0.9981231980053457,2007-11-01,stance_nli_ambiguity_v14,0.01
pres_2007,inflation_livelihood,14,14,5,1,0.14600262571428566,0.4852194492655081,0.10380964550612906,0.896190354493871,0.0,informational_context,-0.21504746084203222,0.21504746084203222,1.000375546345968,0.896190354493871,0.10380964550612906,0.0,0.0,0.09303320300602089,0.10380964550612906,-0.10380964550612906,0.0,2007-10-29,0.3684210526315789,0.9939684072330827,0.9987441002425549,1.000375546345968,0.04,A,0,0.0,0.0,0.0,0.0,0.0,0.0,0.0,0.0,0.0,0.0,0.0,,,,1.0,0.9987076504723624,2007-10-29,stance_nli_ambiguity_v14,0.01
pres_2007,inflation_livelihood,14,14,5,1,0.14600262571428566,0.4852194492655081,0.10380964550612906,0.896190354493871,0.0,informational_context,-0.21504746084203222,0.21504746084203222,1.000375546345968,0.896190354493871,0.10380964550612906,0.0,0.0,0.09303320300602089,0.10380964550612906,-0.10380964550612906,0.0,2007-10-29,0.3684210526315789,0.9939684072330827,0.9987441002425549,1.000375546345968,0.04,B,1,1.0,0.38820655685162275,-0.532019675,0.532019675,-1.0,0.532019675,0.0,0.38820655685162275,0.0,1.0,1.0,person,2006-02-22,2007-11-25,1.0038820655685163,1.0025846990552751,2007-11-25,stance_nli_ambiguity_v14,0.01
pres_2007,inflation_livelihood,14,14,5,1,0.14600262571428566,0.4852194492655081,0.10380964550612906,0.896190354493871,0.0,informational_context,-0.21504746084203222,0.21504746084203222,1.000375546345968,0.896190354493871,0.10380964550612906,0.0,0.0,0.09303320300602089,0.10380964550612906,-0.10380964550612906,0.0,2007-10-29,0.3684210526315789,0.9939684072330827,0.9987441002425549,1.000375546345968,0.04,C,0,0.0,0.0,0.0,0.0,0.0,0.0,0.0,0.0,0.0,0.0,0.0,,,,1.0,0.9987076504723624,2007-10-29,stance_nli_ambiguity_v14,0.01
pres_2007,jobs_labor,70,57,13,1,0.12412181349999996,0.7375748106276737,0.0,0.9787640425329978,0.021235957467002207,informational_context,-0.32876404253299774,0.32876404253299774,0.9999985597340494,0.9787640425329978,0.0,0.021235957467002207,0.0,0.02078499157746188,0.021235957467002207,0.021235957467002207,0.0,2007-11-09,0.6842105263157895,1.008283002836316,0.9983677284330885,0.9999985597340494,0.04,A,0,0.0,0.0,0.0,0.0,0.0,0.0,0.0,0.0,0.0,0.0,0.0,,,,1.0,1.0,2007-11-09,stance_nli_ambiguity_v14,0.01
pres_2007,jobs_labor,70,57,13,1,0.12412181349999996,0.7375748106276737,0.0,0.9787640425329978,0.021235957467002207,informational_context,-0.32876404253299774,0.32876404253299774,0.9999985597340494,0.9787640425329978,0.0,0.021235957467002207,0.0,0.02078499157746188,0.021235957467002207,0.021235957467002207,0.0,2007-11-09,0.6842105263157895,1.008283002836316,0.9983677284330885,0.9999985597340494,0.04,B,0,0.0,0.0,0.0,0.0,0.0,0.0,0.0,0.0,0.0,0.0,0.0,,,,1.0,1.0,2007-11-09,stance_nli_ambiguity_v14,0.01
pres_2007,jobs_labor,70,57,13,1,0.12412181349999996,0.7375748106276737,0.0,0.9787640425329978,0.021235957467002207,informational_context,-0.32876404253299774,0.32876404253299774,0.9999985597340494,0.9787640425329978,0.0,0.021235957467002207,0.0,0.02078499157746188,0.021235957467002207,0.021235957467002207,0.0,2007-11-09,0.6842105263157895,1.008283002836316,0.9983677284330885,0.9999985597340494,0.04,C,0,0.0,0.0,0.0,0.0,0.0,0.0,0.0,0.0,0.0,0.0,0.0,,,,1.0,1.0,2007-11-09,stance_nli_ambiguity_v14,0.01
pres_2007,regime_change,6,6,5,0,0.15461044750000008,0.3708064221692296,0.0,1.0,0.0,informational_context,-0.35,0.35,0.9994654155665122,1.0,0.0,0.0,0.0,0.0,0.0,0.0,0.0,2007-06-26,0.21052631578947367,0.9866308263973684,0.997835453735,0.9994654155665122,0.04,A,0,0.0,0.0,0.0,0.0,0.0,0.0,0.0,0.0,0.0,0.0,0.0,,,,1.0,1.0,2007-06-26,stance_nli_ambiguity_v14,0.01
pres_2007,regime_change,6,6,5,0,0.15461044750000008,0.3708064221692296,0.0,1.0,0.0,informational_context,-0.35,0.35,0.9994654155665122,1.0,0.0,0.0,0.0,0.0,0.0,0.0,0.0,2007-06-26,0.21052631578947367,0.9866308263973684,0.997835453735,0.9994654155665122,0.04,B,0,0.0,0.0,0.0,0.0,0.0,0.0,0.0,0.0,0.0,0.0,0.0,,,,1.0,1.0,2007-06-26,stance_nli_ambiguity_v14,0.01
pres_2007,regime_change,6,6,5,0,0.15461044750000008,0.3708064221692296,0.0,1.0,0.0,informational_context,-0.35,0.35,0.9994654155665122,1.0,0.0,0.0,0.0,0.0,0.0,0.0,0.0,2007-06-26,0.21052631578947367,0.9866308263973684,0.997835453735,0.9994654155665122,0.04,C,0,0.0,0.0,0.0,0.0,0.0,0.0,0.0,0.0,0.0,0.0,0.0,,,,1.0,1.0,2007-06-26,stance_nli_ambiguity_v14,0.01
pres_2007,regional_dev,114,103,21,1,0.1112793328947369,0.8135243441763171,0.012935005144613735,0.9870649948553863,0.0,informational_context,-0.3331844933120022,0.3331844933120022,1.000148013108688,0.9870649948553863,0.012935005144613735,0.0,0.0,0.012767690786522552,0.012935005144613735,-0.012935005144613735,0.0,2007-11-01,0.8947368421052632,1.0175465157825485,0.9985169380741348,1.000148013108688,0.04,A,0,0.0,0.0,0.0,0.0,0.0,0.0,0.0,0.0,0.0,0.0,0.0,,,,1.0,0.9987591664348382,2007-11-01,stance_nli_ambiguity_v14,0.01
pres_2007,regional_dev,114,103,21,1,0.1112793328947369,0.8135243441763171,0.012935005144613735,0.9870649948553863,0.0,informational_context,-0.3331844933120022,0.3331844933120022,1.000148013108688,0.9870649948553863,0.012935005144613735,0.0,0.0,0.012767690786522552,0.012935005144613735,-0.012935005144613735,0.0,2007-11-01,0.8947368421052632,1.0175465157825485,0.9985169380741348,1.000148013108688,0.04,B,1,1.0,0.3727125437830199,-0.5107858249999999,0.5107858249999999,-1.0,0.5107858249999999,0.0,0.3727125437830199,0.0,1.0,1.0,government,2004-12-02,2007-11-25,1.0037271254378302,1.0024816671303236,2007-11-25,stance_nli_ambiguity_v14,0.01
pres_2007,regional_dev,114,103,21,1,0.1112793328947369,0.8135243441763171,0.012935005144613735,0.9870649948553863,0.0,informational_context,-0.3331844933120022,0.3331844933120022,1.000148013108688,0.9870649948553863,0.012935005144613735,0.0,0.0,0.012767690786522552,0.012935005144613735,-0.012935005144613735,0.0,2007-11-01,0.8947368421052632,1.0175465157825485,0.9985169380741348,1.000148013108688,0.04,C,0,0.0,0.0,0.0,0.0,0.0,0.0,0.0,0.0,0.0,0.0,0.0,,,,1.0,0.9987591664348382,2007-11-01,stance_nli_ambiguity_v14,0.01
pres_2007,security_nk,91,74,20,1,0.11686901483516496,0.7761442976888614,0.0,0.9844225643831291,0.015577435616870904,informational_context,-0.3344225643831291,0.3344225643831291,1.000067598466124,0.9844225643831291,0.0,0.015577435616870904,0.0,0.015334779116473147,0.015577435616870904,0.015577435616870904,0.0,2007-10-22,0.8421052631578947,1.0152834707293232,0.9984366545744757,1.000067598466124,0.04,A,0,0.0,0.0,0.0,0.0,0.0,0.0,0.0,0.0,0.0,0.0,0.0,,,,1.0,0.9984427124583231,2007-10-22,stance_nli_ambiguity_v14,0.01
pres_2007,security_nk,91,74,20,1,0.11686901483516496,0.7761442976888614,0.0,0.9844225643831291,0.015577435616870904,informational_context,-0.3344225643831291,0.3344225643831291,1.000067598466124,0.9844225643831291,0.0,0.015577435616870904,0.0,0.015334779116473147,0.015577435616870904,0.015577435616870904,0.0,2007-10-22,0.8421052631578947,1.0152834707293232,0.9984366545744757,1.000067598466124,0.04,B,1,1.0,0.4679149406106631,0.6412564400000001,0.6412564400000001,1.0,0.0,0.6412564400000001,0.4679149406106631,0.0,1.0,1.0,person,2005-10-25,2007-11-25,1.0046791494061067,1.0031145750833539,2007-11-25,stance_nli_ambiguity_v14,0.01
pres_2007,security_nk,91,74,20,1,0.11686901483516496,0.7761442976888614,0.0,0.9844225643831291,0.015577435616870904,informational_context,-0.3344225643831291,0.3344225643831291,1.000067598466124,0.9844225643831291,0.0,0.015577435616870904,0.0,0.015334779116473147,0.015577435616870904,0.015577435616870904,0.0,2007-10-22,0.8421052631578947,1.0152834707293232,0.9984366545744757,1.000067598466124,0.04,C,0,0.0,0.0,0.0,0.0,0.0,0.0,0.0,0.0,0.0,0.0,0.0,,,,1.0,0.9984427124583231,2007-10-22,stance_nli_ambiguity_v14,0.01
pres_2007,unification_event,11,11,7,0,0.12900120181818184,0.4619607879753677,0.0,1.0,0.0,informational_context,-0.35,0.35,0.9998245306630412,1.0,0.0,0.0,0.0,0.0,0.0,0.0,0.0,2007-11-07,0.3157894736842105,0.9916810437760766,0.9981939831745454,0.9998245306630412,0.04,A,0,0.0,0.0,0.0,0.0,0.0,0.0,0.0,0.0,0.0,0.0,0.0,,,,1.0,1.0,2007-11-07,stance_nli_ambiguity_v14,0.01
pres_2007,unification_event,11,11,7,0,0.12900120181818184,0.4619607879753677,0.0,1.0,0.0,informational_context,-0.35,0.35,0.9998245306630412,1.0,0.0,0.0,0.0,0.0,0.0,0.0,0.0,2007-11-07,0.3157894736842105,0.9916810437760766,0.9981939831745454,0.9998245306630412,0.04,B,0,0.0,0.0,0.0,0.0,0.0,0.0,0.0,0.0,0.0,0.0,0.0,,,,1.0,1.0,2007-11-07,stance_nli_ambiguity_v14,0.01
pres_2007,unification_event,11,11,7,0,0.12900120181818184,0.4619607879753677,0.0,1.0,0.0,informational_context,-0.35,0.35,0.9998245306630412,1.0,0.0,0.0,0.0,0.0,0.0,0.0,0.0,2007-11-07,0.3157894736842105,0.9916810437760766,0.9981939831745454,0.9998245306630412,0.04,C,0,0.0,0.0,0.0,0.0,0.0,0.0,0.0,0.0,0.0,0.0,0.0,,,,1.0,1.0,2007-11-07,stance_nli_ambiguity_v14,0.01
pres_2007,welfare_pension,72,63,18,0,0.10474219416666666,0.7446194690788723,0.0,1.0,0.0,informational_context,-0.35,0.35,1.0001647115485977,1.0,0.0,0.0,0.0,0.0,0.0,0.0,0.0,2007-11-20,0.7368421052631579,1.0104659786815788,0.9985336092816667,1.0001647115485977,0.04,A,0,0.0,0.0,0.0,0.0,0.0,0.0,0.0,0.0,0.0,0.0,0.0,,,,1.0,1.0,2007-11-20,stance_nli_ambiguity_v14,0.01
pres_2007,welfare_pension,72,63,18,0,0.10474219416666666,0.7446194690788723,0.0,1.0,0.0,informational_context,-0.35,0.35,1.0001647115485977,1.0,0.0,0.0,0.0,0.0,0.0,0.0,0.0,2007-11-20,0.7368421052631579,1.0104659786815788,0.9985336092816667,1.0001647115485977,0.04,B,0,0.0,0.0,0.0,0.0,0.0,0.0,0.0,0.0,0.0,0.0,0.0,,,,1.0,1.0,2007-11-20,stance_nli_ambiguity_v14,0.01
pres_2007,welfare_pension,72,63,18,0,0.10474219416666666,0.7446194690788723,0.0,1.0,0.0,informational_context,-0.35,0.35,1.0001647115485977,1.0,0.0,0.0,0.0,0.0,0.0,0.0,0.0,2007-11-20,0.7368421052631579,1.0104659786815788,0.9985336092816667,1.0001647115485977,0.04,C,0,0.0,0.0,0.0,0.0,0.0,0.0,0.0,0.0,0.0,0.0,0.0,,,,1.0,1.0,2007-11-20,stance_nli_ambiguity_v14,0.01
pres_2007,withdrawal_event,5,5,4,0,0.14065651899999998,0.3397722676489964,0.0,1.0,0.0,informational_context,-0.35,0.35,0.9996610896774366,1.0,0.0,0.0,0.0,0.0,0.0,0.0,0.0,2007-06-26,0.10526315789473684,0.9819896339105263,0.998030808734,0.9996610896774366,0.04,A,0,0.0,0.0,0.0,0.0,0.0,0.0,0.0,0.0,0.0,0.0,0.0,,,,1.0,1.0,2007-06-26,stance_nli_ambiguity_v14,0.01
pres_2007,withdrawal_event,5,5,4,0,0.14065651899999998,0.3397722676489964,0.0,1.0,0.0,informational_context,-0.35,0.35,0.9996610896774366,1.0,0.0,0.0,0.0,0.0,0.0,0.0,0.0,2007-06-26,0.10526315789473684,0.9819896339105263,0.998030808734,0.9996610896774366,0.04,B,0,0.0,0.0,0.0,0.0,0.0,0.0,0.0,0.0,0.0,0.0,0.0,,,,1.0,1.0,2007-06-26,stance_nli_ambiguity_v14,0.01
pres_2007,withdrawal_event,5,5,4,0,0.14065651899999998,0.3397722676489964,0.0,1.0,0.0,informational_context,-0.35,0.35,0.9996610896774366,1.0,0.0,0.0,0.0,0.0,0.0,0.0,0.0,2007-06-26,0.10526315789473684,0.9819896339105263,0.998030808734,0.9996610896774366,0.04,C,0,0.0,0.0,0.0,0.0,0.0,0.0,0.0,0.0,0.0,0.0,0.0,,,,1.0,1.0,2007-06-26,stance_nli_ambiguity_v14,0.01
pres_2012,candidate_competence,22,21,14,0,0.11751978795454548,0.5759414107940343,0.0,1.0,0.0,informational_context,-0.35,0.35,1.0001414390020624,1.0,0.0,0.0,0.0,0.0,0.0,0.0,0.0,2012-10-12,0.3684210526315789,0.9941183169055023,0.9983547229686364,1.0001414390020624,0.04,A,0,0.0,0.0,0.0,0.0,0.0,0.0,0.0,0.0,0.0,0.0,0.0,,,,1.0,1.0,2012-10-12,stance_nli_ambiguity_v14,0.01
pres_2012,candidate_competence,22,21,14,0,0.11751978795454548,0.5759414107940343,0.0,1.0,0.0,informational_context,-0.35,0.35,1.0001414390020624,1.0,0.0,0.0,0.0,0.0,0.0,0.0,0.0,2012-10-12,0.3684210526315789,0.9941183169055023,0.9983547229686364,1.0001414390020624,0.04,B,0,0.0,0.0,0.0,0.0,0.0,0.0,0.0,0.0,0.0,0.0,0.0,,,,1.0,1.0,2012-10-12,stance_nli_ambiguity_v14,0.01
pres_2012,corruption_integrity,164,114,21,0,0.12074885564024398,0.8488412708717029,0.0,1.0,0.0,informational_context,-0.35,0.35,1.0000961511493733,1.0,0.0,0.0,0.0,0.0,0.0,0.0,0.0,2012-11-12,1.0,1.0224149771128048,0.9983095160210366,1.0000961511493733,0.04,A,0,0.0,0.0,0.0,0.0,0.0,0.0,0.0,0.0,0.0,0.0,0.0,,,,1.0,1.0,2012-11-12,stance_nli_ambiguity_v14,0.01
pres_2012,corruption_integrity,164,114,21,0,0.12074885564024398,0.8488412708717029,0.0,1.0,0.0,informational_context,-0.35,0.35,1.0000961511493733,1.0,0.0,0.0,0.0,0.0,0.0,0.0,0.0,2012-11-12,1.0,1.0224149771128048,0.9983095160210366,1.0000961511493733,0.04,B,0,0.0,0.0,0.0,0.0,0.0,0.0,0.0,0.0,0.0,0.0,0.0,,,,1.0,1.0,2012-11-12,stance_nli_ambiguity_v14,0.01
pres_2012,economy_growth,131,108,28,1,0.11921659377862603,0.8272278049345659,0.010694184420950924,0.9893058155790491,0.0,informational_context,-0.33609756025276377,0.33609756025276377,1.000184055914553,0.9893058155790491,0.010694184420950924,0.0,0.0,0.010579818840521615,0.010694184420950924,-0.010694184420950924,0.0,2012-11-14,0.9473684210526315,1.020028086414986,0.9983972637475743,1.000184055914553,0.04,A,0,0.0,0.0,0.0,0.0,0.0,0.0,0.0,0.0,0.0,0.0,0.0,,,,1.0,1.0,2012-11-14,stance_nli_ambiguity_v14,0.01
pres_2012,economy_growth,131,108,28,1,0.11921659377862603,0.8272278049345659,0.010694184420950924,0.9893058155790491,0.0,informational_context,-0.33609756025276377,0.33609756025276377,1.000184055914553,0.9893058155790491,0.010694184420950924,0.0,0.0,0.010579818840521615,0.010694184420950924,-0.010694184420950924,0.0,2012-11-14,0.9473684210526315,1.020028086414986,0.9983972637475743,1.000184055914553,0.04,B,0,0.0,0.0,0.0,0.0,0.0,0.0,0.0,0.0,0.0,0.0,0.0,,,,1.0,1.0,2012-11-14,stance_nli_ambiguity_v14,0.01
pres_2012,education,107,85,24,0,0.1137103563551401,0.7988755755174786,0.0,1.0,0.0,informational_context,-0.35,0.35,1.0001948664907048,1.0,0.0,0.0,0.0,0.0,0.0,0.0,0.0,2012-12-03,0.8947368421052632,1.0175849003635022,0.998408055011028,1.0001948664907048,0.04,A,0,0.0,0.0,0.0,0.0,0.0,0.0,0.0,0.0,0.0,0.0,0.0,,,,1.0,1.0,2012-12-03,stance_nli_ambiguity_v14,0.01
pres_2012,education,107,85,24,0,0.1137103563551401,0.7988755755174786,0.0,1.0,0.0,informational_context,-0.35,0.35,1.0001948664907048,1.0,0.0,0.0,0.0,0.0,0.0,0.0,0.0,2012-12-03,0.8947368421052632,1.0175849003635022,0.998408055011028,1.0001948664907048,0.04,B,0,0.0,0.0,0.0,0.0,0.0,0.0,0.0,0.0,0.0,0.0,0.0,,,,1.0,1.0,2012-12-03,stance_nli_ambiguity_v14,0.01
pres_2012,endorsement_event,54,47,18,1,0.1547316847222223,0.7042091482601882,0.025277661822846836,0.9747223381771531,0.0,informational_context,-0.3171390396302991,0.3171390396302991,0.9998232893550119,0.9747223381771531,0.025277661822846836,0.0,0.0,0.024638701635616628,0.025277661822846836,-0.025277661822846836,0.0,2012-10-18,0.631578947368421,1.0060775351827485,0.9980371416842726,0.9998232893550119,0.04,A,1,1.0,0.36953608813554617,-0.506432635,0.506432635,-1.0,0.506432635,0.0,0.36953608813554617,0.0,1.0,1.0,government,2008-11-14,2012-11-25,1.0036953608813555,1.0018442728138723,2012-11-25,stance_nli_ambiguity_v14,0.01
pres_2012,endorsement_event,54,47,18,1,0.1547316847222223,0.7042091482601882,0.025277661822846836,0.9747223381771531,0.0,informational_context,-0.3171390396302991,0.3171390396302991,0.9998232893550119,0.9747223381771531,0.025277661822846836,0.0,0.0,0.024638701635616628,0.025277661822846836,-0.025277661822846836,0.0,2012-10-18,0.631578947368421,1.0060775351827485,0.9980371416842726,0.9998232893550119,0.04,B,0,0.0,0.0,0.0,0.0,0.0,0.0,0.0,0.0,0.0,0.0,0.0,,,,1.0,0.9981557271861278,2012-10-18,stance_nli_ambiguity_v14,0.01
pres_2012,external_shock,28,27,14,2,0.1757083621428573,0.6142870234755625,0.09659312874927772,0.9034068712507223,0.0,informational_context,-0.22442893262593896,0.22442893262593896,1.0002094759722133,0.9034068712507223,0.09659312874927772,0.0,0.0,0.08726289622770318,0.09659312874927772,-0.09659312874927772,0.0,2011-10-04,0.42105263157894735,0.9962872367511278,0.9984226383932331,1.0002094759722133,0.04,A,2,1.0,0.5438361815527398,-1.4011032474999998,1.4011032474999998,-1.0,1.4011032474999998,0.0,0.5438361815527398,2.0,0.0,2.0,government|person,2008-11-07,2012-11-25,1.0054383618155274,1.0027118070139058,2012-11-25,stance_nli_ambiguity_v14,0.01
pres_2012,external_shock,28,27,14,2,0.1757083621428573,0.6142870234755625,0.09659312874927772,0.9034068712507223,0.0,informational_context,-0.22442893262593896,0.22442893262593896,1.0002094759722133,0.9034068712507223,0.09659312874927772,0.0,0.0,0.08726289622770318,0.09659312874927772,-0.09659312874927772,0.0,2011-10-04,0.42105263157894735,0.9962872367511278,0.9984226383932331,1.0002094759722133,0.04,B,0,0.0,0.0,0.0,0.0,0.0,0.0,0.0,0.0,0.0,0.0,0.0,,,,1.0,0.997288192986094,2011-10-04,stance_nli_ambiguity_v14,0.01
pres_2012,family_legal_risk,39,35,21,0,0.11151804192307699,0.655729015283795,0.0,1.0,0.0,informational_context,-0.35,0.35,1.000225613821734,1.0,0.0,0.0,0.0,0.0,0.0,0.0,0.0,2012-10-26,0.5263157894736842,1.001170018991498,0.9984387474130769,1.000225613821734,0.04,A,0,0.0,0.0,0.0,0.0,0.0,0.0,0.0,0.0,0.0,0.0,0.0,,,,1.0,1.0,2012-10-26,stance_nli_ambiguity_v14,0.01
pres_2012,family_legal_risk,39,35,21,0,0.11151804192307699,0.655729015283795,0.0,1.0,0.0,informational_context,-0.35,0.35,1.000225613821734,1.0,0.0,0.0,0.0,0.0,0.0,0.0,0.0,2012-10-26,0.5263157894736842,1.001170018991498,0.9984387474130769,1.000225613821734,0.04,B,0,0.0,0.0,0.0,0.0,0.0,0.0,0.0,0.0,0.0,0.0,0.0,,,,1.0,1.0,2012-10-26,stance_nli_ambiguity_v14,0.01
pres_2012,foreign_policy,44,40,17,0,0.1328689695454547,0.6752094196724563,0.0,1.0,0.0,informational_context,-0.35,0.35,0.9999261658822493,1.0,0.0,0.0,0.0,0.0,0.0,0.0,0.0,2012-11-19,0.5789473684210527,1.0035774809564593,0.9981398344263637,0.9999261658822493,0.04,A,0,0.0,0.0,0.0,0.0,0.0,0.0,0.0,0.0,0.0,0.0,0.0,,,,1.0,1.0,2012-11-19,stance_nli_ambiguity_v14,0.01
pres_2012,foreign_policy,44,40,17,0,0.1328689695454547,0.6752094196724563,0.0,1.0,0.0,informational_context,-0.35,0.35,0.9999261658822493,1.0,0.0,0.0,0.0,0.0,0.0,0.0,0.0,2012-11-19,0.5789473684210527,1.0035774809564593,0.9981398344263637,0.9999261658822493,0.04,B,0,0.0,0.0,0.0,0.0,0.0,0.0,0.0,0.0,0.0,0.0,0.0,,,,1.0,1.0,2012-11-19,stance_nli_ambiguity_v14,0.01
pres_2012,gaffe_event,7,7,5,0,0.15930339571428578,0.39116230782597583,0.0,1.0,0.0,informational_context,-0.35,0.35,0.9995554215948009,1.0,0.0,0.0,0.0,0.0,0.0,0.0,0.0,2012-07-25,0.05263157894736842,0.9792545708135338,0.99776975246,0.9995554215948009,0.04,A,0,0.0,0.0,0.0,0.0,0.0,0.0,0.0,0.0,0.0,0.0,0.0,,,,1.0,1.0,2012-07-25,stance_nli_ambiguity_v14,0.01
pres_2012,gaffe_event,7,7,5,0,0.15930339571428578,0.39116230782597583,0.0,1.0,0.0,informational_context,-0.35,0.35,0.9995554215948009,1.0,0.0,0.0,0.0,0.0,0.0,0.0,0.0,2012-07-25,0.05263157894736842,0.9792545708135338,0.99776975246,0.9995554215948009,0.04,B,0,0.0,0.0,0.0,0.0,0.0,0.0,0.0,0.0,0.0,0.0,0.0,,,,1.0,1.0,2012-07-25,stance_nli_ambiguity_v14,0.01
pres_2012,gender_generation,9,9,7,0,0.16183937666666673,0.43612949053357897,0.0,1.0,0.0,informational_context,-0.35,0.35,0.9995198543218378,1.0,0.0,0.0,0.0,0.0,0.0,0.0,0.0,2012-11-06,0.15789473684210525,0.9841011453719298,0.9977342487266667,0.9995198543218378,0.04,A,0,0.0,0.0,0.0,0.0,0.0,0.0,0.0,0.0,0.0,0.0,0.0,,,,1.0,1.0,2012-11-06,stance_nli_ambiguity_v14,0.01
pres_2012,gender_generation,9,9,7,0,0.16183937666666673,0.43612949053357897,0.0,1.0,0.0,informational_context,-0.35,0.35,0.9995198543218378,1.0,0.0,0.0,0.0,0.0,0.0,0.0,0.0,2012-11-06,0.15789473684210525,0.9841011453719298,0.9977342487266667,0.9995198543218378,0.04,B,0,0.0,0.0,0.0,0.0,0.0,0.0,0.0,0.0,0.0,0.0,0.0,,,,1.0,1.0,2012-11-06,stance_nli_ambiguity_v14,0.01
pres_2012,housing,17,12,4,1,0.15708858647058835,0.48851070485784,0.08034306166706252,0.9196569383329375,0.0,informational_context,-0.24555401983281874,0.24555401983281874,1.00024394981012,0.9196569383329375,0.08034306166706252,0.0,0.0,0.07388805410902512,0.08034306166706252,-0.08034306166706252,0.0,2012-10-11,0.2631578947368421,0.9890381081281734,0.9984570506448917,1.00024394981012,0.04,A,1,1.0,0.3710941106658024,-0.508567835,0.508567835,-1.0,0.508567835,0.0,0.3710941106658024,0.0,1.0,1.0,government,2010-09-15,2012-11-25,1.003710941106658,1.001852034158484,2012-11-25,stance_nli_ambiguity_v14,0.01
pres_2012,housing,17,12,4,1,0.15708858647058835,0.48851070485784,0.08034306166706252,0.9196569383329375,0.0,informational_context,-0.24555401983281874,0.24555401983281874,1.00024394981012,0.9196569383329375,0.08034306166706252,0.0,0.0,0.07388805410902512,0.08034306166706252,-0.08034306166706252,0.0,2012-10-11,0.2631578947368421,0.9890381081281734,0.9984570506448917,1.00024394981012,0.04,B,0,0.0,0.0,0.0,0.0,0.0,0.0,0.0,0.0,0.0,0.0,0.0,,,,1.0,0.9981479658415157,2012-10-11,stance_nli_ambiguity_v14,0.01
pres_2012,inflation_livelihood,29,28,11,1,0.1389830127586207,0.6145030410926258,0.05023631767941172,0.9497636823205883,0.0,informational_context,-0.28469278701676476,0.28469278701676476,1.000204129577833,0.9497636823205883,0.05023631767941172,0.0,0.0,0.04771263006542494,0.05023631767941172,-0.05023631767941172,0.0,2012-11-12,0.47368421052631576,0.9988010705128857,0.9984173015499904,1.000204129577833,0.04,A,1,1.0,0.3849177586002854,-0.5275125245,0.5275125245,-1.0,0.5275125245,0.0,0.3849177586002854,0.0,1.0,1.0,party,2012-07-18,,1.0038491775860028,1.0019208918660436,2012-11-12,stance_nli_ambiguity_v14,0.01
pres_2012,inflation_livelihood,29,28,11,1,0.1389830127586207,0.6145030410926258,0.05023631767941172,0.9497636823205883,0.0,informational_context,-0.28469278701676476,0.28469278701676476,1.000204129577833,0.9497636823205883,0.05023631767941172,0.0,0.0,0.04771263006542494,0.05023631767941172,-0.05023631767941172,0.0,2012-11-12,0.47368421052631576,0.9988010705128857,0.9984173015499904,1.000204129577833,0.04,B,0,0.0,0.0,0.0,0.0,0.0,0.0,0.0,0.0,0.0,0.0,0.0,,,,1.0,0.9980791081339567,2012-11-12,stance_nli_ambiguity_v14,0.01
pres_2012,jobs_labor,63,47,18,2,0.14093940095238106,0.718146476393239,0.04588796160033975,0.9541120383996602,0.0,informational_context,-0.2903456499195583,0.2903456499195583,1.0001498854439332,0.9541120383996603,0.045887961600339755,0.0,0.0,0.043782256580505496,0.045887961600339755,-0.045887961600339755,0.0,2012-11-12,0.6842105263157895,1.0084069219017544,0.9983631543212483,1.0001498854439332,0.04,A,2,1.0,0.40755095083167747,-1.0499870735,1.0499870735,-1.0,1.0499870735,0.0,0.40755095083167747,0.0,2.0,2.0,government|person,2011-02-28,2012-11-25,1.0040755095083167,1.0020336107541759,2012-11-25,stance_nli_ambiguity_v14,0.01
pres_2012,jobs_labor,63,47,18,2,0.14093940095238106,0.718146476393239,0.04588796160033975,0.9541120383996602,0.0,informational_context,-0.2903456499195583,0.2903456499195583,1.0001498854439332,0.9541120383996603,0.045887961600339755,0.0,0.0,0.043782256580505496,0.045887961600339755,-0.045887961600339755,0.0,2012-11-12,0.6842105263157895,1.0084069219017544,0.9983631543212483,1.0001498854439332,0.04,B,0,0.0,0.0,0.0,0.0,0.0,0.0,0.0,0.0,0.0,0.0,0.0,,,,1.0,0.997966389245824,2012-11-12,stance_nli_ambiguity_v14,0.01
pres_2012,regime_change,12,12,5,0,0.14336811124999985,0.4635245082450591,0.0,1.0,0.0,informational_context,-0.35,0.35,0.9997789148397938,1.0,0.0,0.0,0.0,0.0,0.0,0.0,0.0,2012-11-22,0.21052631578947367,0.9867610008171053,0.9979928464425,0.9997789148397938,0.04,A,0,0.0,0.0,0.0,0.0,0.0,0.0,0.0,0.0,0.0,0.0,0.0,,,,1.0,1.0,2012-11-22,stance_nli_ambiguity_v14,0.01
pres_2012,regime_change,12,12,5,0,0.14336811124999985,0.4635245082450591,0.0,1.0,0.0,informational_context,-0.35,0.35,0.9997789148397938,1.0,0.0,0.0,0.0,0.0,0.0,0.0,0.0,2012-11-22,0.21052631578947367,0.9867610008171053,0.9979928464425,0.9997789148397938,0.04,B,0,0.0,0.0,0.0,0.0,0.0,0.0,0.0,0.0,0.0,0.0,0.0,,,,1.0,1.0,2012-11-22,stance_nli_ambiguity_v14,0.01
pres_2012,regional_dev,90,85,30,0,0.10875825533333344,0.7820975629267358,0.0,1.0,0.0,informational_context,-0.35,0.35,1.0002643199811259,1.0,0.0,0.0,0.0,0.0,0.0,0.0,0.0,2012-11-05,0.8421052631578947,1.015172481388772,0.9984773844253333,1.0002643199811259,0.04,A,0,0.0,0.0,0.0,0.0,0.0,0.0,0.0,0.0,0.0,0.0,0.0,,,,1.0,1.0,2012-11-05,stance_nli_ambiguity_v14,0.01
pres_2012,regional_dev,90,85,30,0,0.10875825533333344,0.7820975629267358,0.0,1.0,0.0,informational_context,-0.35,0.35,1.0002643199811259,1.0,0.0,0.0,0.0,0.0,0.0,0.0,0.0,2012-11-05,0.8421052631578947,1.015172481388772,0.9984773844253333,1.0002643199811259,0.04,B,0,0.0,0.0,0.0,0.0,0.0,0.0,0.0,0.0,0.0,0.0,0.0,,,,1.0,1.0,2012-11-05,stance_nli_ambiguity_v14,0.01
pres_2012,security_nk,92,72,17,0,0.11951885402173926,0.7758560757604684,0.0,1.0,0.0,informational_context,-0.35,0.35,1.000113401990027,1.0,0.0,0.0,0.0,0.0,0.0,0.0,0.0,2012-12-12,0.7894736842105263,1.0129628498886727,0.9983267360436956,1.000113401990027,0.04,A,0,0.0,0.0,0.0,0.0,0.0,0.0,0.0,0.0,0.0,0.0,0.0,,,,1.0,1.0,2012-12-12,stance_nli_ambiguity_v14,0.01
pres_2012,security_nk,92,72,17,0,0.11951885402173926,0.7758560757604684,0.0,1.0,0.0,informational_context,-0.35,0.35,1.000113401990027,1.0,0.0,0.0,0.0,0.0,0.0,0.0,0.0,2012-12-12,0.7894736842105263,1.0129628498886727,0.9983267360436956,1.000113401990027,0.04,B,0,0.0,0.0,0.0,0.0,0.0,0.0,0.0,0.0,0.0,0.0,0.0,,,,1.0,1.0,2012-12-12,stance_nli_ambiguity_v14,0.01
pres_2012,unification_event,8,8,8,0,0.15263843312499994,0.42438516831586764,0.0,1.0,0.0,informational_context,-0.35,0.35,0.9996488980633368,1.0,0.0,0.0,0.0,0.0,0.0,0.0,0.0,2012-10-18,0.10526315789473684,0.9818004457927632,0.99786306193625,0.9996488980633368,0.04,A,0,0.0,0.0,0.0,0.0,0.0,0.0,0.0,0.0,0.0,0.0,0.0,,,,1.0,1.0,2012-10-18,stance_nli_ambiguity_v14,0.01
pres_2012,unification_event,8,8,8,0,0.15263843312499994,0.42438516831586764,0.0,1.0,0.0,informational_context,-0.35,0.35,0.9996488980633368,1.0,0.0,0.0,0.0,0.0,0.0,0.0,0.0,2012-10-18,0.10526315789473684,0.9818004457927632,0.99786306193625,0.9996488980633368,0.04,B,0,0.0,0.0,0.0,0.0,0.0,0.0,0.0,0.0,0.0,0.0,0.0,,,,1.0,1.0,2012-10-18,stance_nli_ambiguity_v14,0.01
pres_2012,welfare_pension,68,55,18,0,0.10876862367647058,0.7321484839104073,0.0,1.0,0.0,informational_context,-0.35,0.35,1.0002641745645404,1.0,0.0,0.0,0.0,0.0,0.0,0.0,0.0,2012-11-05,0.7368421052631579,1.0105041238032508,0.9984772392685294,1.0002641745645404,0.04,A,0,0.0,0.0,0.0,0.0,0.0,0.0,0.0,0.0,0.0,0.0,0.0,,,,1.0,1.0,2012-11-05,stance_nli_ambiguity_v14,0.01
pres_2012,welfare_pension,68,55,18,0,0.10876862367647058,0.7321484839104073,0.0,1.0,0.0,informational_context,-0.35,0.35,1.0002641745645404,1.0,0.0,0.0,0.0,0.0,0.0,0.0,0.0,2012-11-05,0.7368421052631579,1.0105041238032508,0.9984772392685294,1.0002641745645404,0.04,B,0,0.0,0.0,0.0,0.0,0.0,0.0,0.0,0.0,0.0,0.0,0.0,,,,1.0,1.0,2012-11-05,stance_nli_ambiguity_v14,0.01
pres_2012,withdrawal_event,16,16,10,0,0.16639280593750003,0.5287307150920724,0.0,1.0,0.0,informational_context,-0.35,0.35,0.9994559922247497,1.0,0.0,0.0,0.0,0.0,0.0,0.0,0.0,2012-12-03,0.3157894736842105,0.9914055266930921,0.997670500716875,0.9994559922247497,0.04,A,0,0.0,0.0,0.0,0.0,0.0,0.0,0.0,0.0,0.0,0.0,0.0,,,,1.0,1.0,2012-12-03,stance_nli_ambiguity_v14,0.01
pres_2012,withdrawal_event,16,16,10,0,0.16639280593750003,0.5287307150920724,0.0,1.0,0.0,informational_context,-0.35,0.35,0.9994559922247497,1.0,0.0,0.0,0.0,0.0,0.0,0.0,0.0,2012-12-03,0.3157894736842105,0.9914055266930921,0.997670500716875,0.9994559922247497,0.04,B,0,0.0,0.0,0.0,0.0,0.0,0.0,0.0,0.0,0.0,0.0,0.0,,,,1.0,1.0,2012-12-03,stance_nli_ambiguity_v14,0.01
pres_2017,candidate_competence,27,24,17,0,0.11537004444444454,0.6017442563981672,0.0,1.0,0.0,informational_context,-0.35,0.35,1.0000371727095487,1.0,0.0,0.0,0.0,0.0,0.0,0.0,0.0,2017-02-13,0.42105263157894735,0.9964777788070175,0.9983848193777778,1.0000371727095487,0.04,A,0,0.0,0.0,0.0,0.0,0.0,0.0,0.0,0.0,0.0,0.0,0.0,,,,1.0,1.0,2017-02-13,stance_nli_ambiguity_v14,0.01
pres_2017,candidate_competence,27,24,17,0,0.11537004444444454,0.6017442563981672,0.0,1.0,0.0,informational_context,-0.35,0.35,1.0000371727095487,1.0,0.0,0.0,0.0,0.0,0.0,0.0,0.0,2017-02-13,0.42105263157894735,0.9964777788070175,0.9983848193777778,1.0000371727095487,0.04,B,0,0.0,0.0,0.0,0.0,0.0,0.0,0.0,0.0,0.0,0.0,0.0,,,,1.0,1.0,2017-02-13,stance_nli_ambiguity_v14,0.01
pres_2017,candidate_competence,27,24,17,0,0.11537004444444454,0.6017442563981672,0.0,1.0,0.0,informational_context,-0.35,0.35,1.0000371727095487,1.0,0.0,0.0,0.0,0.0,0.0,0.0,0.0,2017-02-13,0.42105263157894735,0.9964777788070175,0.9983848193777778,1.0000371727095487,0.04,C,0,0.0,0.0,0.0,0.0,0.0,0.0,0.0,0.0,0.0,0.0,0.0,,,,1.0,1.0,2017-02-13,stance_nli_ambiguity_v14,0.01
pres_2017,corruption_integrity,185,131,31,0,0.12213687189189193,0.8604733666208405,0.0,1.0,0.0,informational_context,-0.35,0.35,0.9999422803353821,1.0,0.0,0.0,0.0,0.0,0.0,0.0,0.0,2017-03-15,1.0,1.0224427374378378,0.9982900837935135,0.9999422803353821,0.04,A,0,0.0,0.0,0.0,0.0,0.0,0.0,0.0,0.0,0.0,0.0,0.0,,,,1.0,1.0,2017-03-15,stance_nli_ambiguity_v14,0.01
pres_2017,corruption_integrity,185,131,31,0,0.12213687189189193,0.8604733666208405,0.0,1.0,0.0,informational_context,-0.35,0.35,0.9999422803353821,1.0,0.0,0.0,0.0,0.0,0.0,0.0,0.0,2017-03-15,1.0,1.0224427374378378,0.9982900837935135,0.9999422803353821,0.04,B,0,0.0,0.0,0.0,0.0,0.0,0.0,0.0,0.0,0.0,0.0,0.0,,,,1.0,1.0,2017-03-15,stance_nli_ambiguity_v14,0.01
pres_2017,corruption_integrity,185,131,31,0,0.12213687189189193,0.8604733666208405,0.0,1.0,0.0,informational_context,-0.35,0.35,0.9999422803353821,1.0,0.0,0.0,0.0,0.0,0.0,0.0,0.0,2017-03-15,1.0,1.0224427374378378,0.9982900837935135,0.9999422803353821,0.04,C,0,0.0,0.0,0.0,0.0,0.0,0.0,0.0,0.0,0.0,0.0,0.0,,,,1.0,1.0,2017-03-15,stance_nli_ambiguity_v14,0.01
pres_2017,economy_growth,128,109,29,2,0.141241832265625,0.8261102177456654,0.02184547470502485,0.9781545252949752,0.0,informational_context,-0.32160088288346766,0.32160088288346766,0.9998350794965215,0.9781545252949752,0.02184547470502485,0.0,0.0,0.02136824993993697,0.02184547470502485,-0.02184547470502485,0.0,2017-03-30,0.9473684210526315,1.0204222222615953,0.9981830600817319,0.9998350794965215,0.04,A,0,0.0,0.0,0.0,0.0,0.0,0.0,0.0,0.0,0.0,0.0,0.0,,,,1.0,1.0,2017-03-30,stance_nli_ambiguity_v14,0.01
pres_2017,economy_growth,128,109,29,2,0.141241832265625,0.8261102177456654,0.02184547470502485,0.9781545252949752,0.0,informational_context,-0.32160088288346766,0.32160088288346766,0.9998350794965215,0.9781545252949752,0.02184547470502485,0.0,0.0,0.02136824993993697,0.02184547470502485,-0.02184547470502485,0.0,2017-03-30,0.9473684210526315,1.0204222222615953,0.9981830600817319,0.9998350794965215,0.04,B,0,0.0,0.0,0.0,0.0,0.0,0.0,0.0,0.0,0.0,0.0,0.0,,,,1.0,1.0,2017-03-30,stance_nli_ambiguity_v14,0.01
pres_2017,economy_growth,128,109,29,2,0.141241832265625,0.8261102177456654,0.02184547470502485,0.9781545252949752,0.0,informational_context,-0.32160088288346766,0.32160088288346766,0.9998350794965215,0.9781545252949752,0.02184547470502485,0.0,0.0,0.02136824993993697,0.02184547470502485,-0.02184547470502485,0.0,2017-03-30,0.9473684210526315,1.0204222222615953,0.9981830600817319,0.9998350794965215,0.04,C,0,0.0,0.0,0.0,0.0,0.0,0.0,0.0,0.0,0.0,0.0,0.0,,,,1.0,1.0,2017-03-30,stance_nli_ambiguity_v14,0.01
pres_2017,education,94,79,21,1,0.11708452015957435,0.782748135243576,0.01564326986902021,0.9843567301309798,0.0,informational_context,-0.3296637491702737,0.3296637491702737,1.0001085303600155,0.9843567301309798,0.01564326986902021,0.0,0.0,0.015398557976825216,0.01564326986902021,-0.01564326986902021,0.0,2017-02-28,0.8947368421052632,1.0176381766340985,0.9984560591245757,1.0001085303600155,0.04,A,0,0.0,0.0,0.0,0.0,0.0,0.0,0.0,0.0,0.0,0.0,0.0,,,,1.0,1.0,2017-02-28,stance_nli_ambiguity_v14,0.01
pres_2017,education,94,79,21,1,0.11708452015957435,0.782748135243576,0.01564326986902021,0.9843567301309798,0.0,informational_context,-0.3296637491702737,0.3296637491702737,1.0001085303600155,0.9843567301309798,0.01564326986902021,0.0,0.0,0.015398557976825216,0.01564326986902021,-0.01564326986902021,0.0,2017-02-28,0.8947368421052632,1.0176381766340985,0.9984560591245757,1.0001085303600155,0.04,B,0,0.0,0.0,0.0,0.0,0.0,0.0,0.0,0.0,0.0,0.0,0.0,,,,1.0,1.0,2017-02-28,stance_nli_ambiguity_v14,0.01
pres_2017,education,94,79,21,1,0.11708452015957435,0.782748135243576,0.01564326986902021,0.9843567301309798,0.0,informational_context,-0.3296637491702737,0.3296637491702737,1.0001085303600155,0.9843567301309798,0.01564326986902021,0.0,0.0,0.015398557976825216,0.01564326986902021,-0.01564326986902021,0.0,2017-02-28,0.8947368421052632,1.0176381766340985,0.9984560591245757,1.0001085303600155,0.04,C,0,0.0,0.0,0.0,0.0,0.0,0.0,0.0,0.0,0.0,0.0,0.0,,,,1.0,1.0,2017-02-28,stance_nli_ambiguity_v14,0.01
pres_2017,endorsement_event,41,40,18,0,0.14246989329268295,0.6690305715662018,0.0,1.0,0.0,informational_context,-0.35,0.35,0.9996571469121222,1.0,0.0,0.0,0.0,0.0,0.0,0.0,0.0,2017-02-17,0.5789473684210527,1.0036077996630295,0.9980054214939025,0.9996571469121222,0.04,A,0,0.0,0.0,0.0,0.0,0.0,0.0,0.0,0.0,0.0,0.0,0.0,,,,1.0,1.0,2017-02-17,stance_nli_ambiguity_v14,0.01
pres_2017,endorsement_event,41,40,18,0,0.14246989329268295,0.6690305715662018,0.0,1.0,0.0,informational_context,-0.35,0.35,0.9996571469121222,1.0,0.0,0.0,0.0,0.0,0.0,0.0,0.0,2017-02-17,0.5789473684210527,1.0036077996630295,0.9980054214939025,0.9996571469121222,0.04,B,0,0.0,0.0,0.0,0.0,0.0,0.0,0.0,0.0,0.0,0.0,0.0,,,,1.0,1.0,2017-02-17,stance_nli_ambiguity_v14,0.01
pres_2017,endorsement_event,41,40,18,0,0.14246989329268295,0.6690305715662018,0.0,1.0,0.0,informational_context,-0.35,0.35,0.9996571469121222,1.0,0.0,0.0,0.0,0.0,0.0,0.0,0.0,2017-02-17,0.5789473684210527,1.0036077996630295,0.9980054214939025,0.9996571469121222,0.04,C,0,0.0,0.0,0.0,0.0,0.0,0.0,0.0,0.0,0.0,0.0,0.0,,,,1.0,1.0,2017-02-17,stance_nli_ambiguity_v14,0.01
pres_2017,external_shock,38,35,15,1,0.12978584026315798,0.6541988396051082,0.036254144267495354,0.9637458557325046,0.0,informational_context,-0.302869612452256,0.302869612452256,1.0000800967691559,0.9637458557325046,0.036254144267495354,0.0,0.0,0.03493978129092699,0.036254144267495354,-0.036254144267495354,0.0,2016-11-22,0.5263157894736842,1.0011892482529086,0.9984276725143083,1.0000800967691559,0.04,A,0,0.0,0.0,0.0,0.0,0.0,0.0,0.0,0.0,0.0,0.0,0.0,,,,1.0,0.9988055810297671,2016-11-22,stance_nli_ambiguity_v14,0.01
pres_2017,external_shock,38,35,15,1,0.12978584026315798,0.6541988396051082,0.036254144267495354,0.9637458557325046,0.0,informational_context,-0.302869612452256,0.302869612452256,1.0000800967691559,0.9637458557325046,0.036254144267495354,0.0,0.0,0.03493978129092699,0.036254144267495354,-0.036254144267495354,0.0,2016-11-22,0.5263157894736842,1.0011892482529086,0.9984276725143083,1.0000800967691559,0.04,B,1,1.0,0.3587541938847148,-0.49165653249999997,0.49165653249999997,-1.0,0.49165653249999997,0.0,0.3587541938847148,0.0,1.0,1.0,person,2014-06-20,2017-04-15,1.0035875419388471,1.002388837940466,2017-04-15,stance_nli_ambiguity_v14,0.01
pres_2017,external_shock,38,35,15,1,0.12978584026315798,0.6541988396051082,0.036254144267495354,0.9637458557325046,0.0,informational_context,-0.302869612452256,0.302869612452256,1.0000800967691559,0.9637458557325046,0.036254144267495354,0.0,0.0,0.03493978129092699,0.036254144267495354,-0.036254144267495354,0.0,2016-11-22,0.5263157894736842,1.0011892482529086,0.9984276725143083,1.0000800967691559,0.04,C,0,0.0,0.0,0.0,0.0,0.0,0.0,0.0,0.0,0.0,0.0,0.0,,,,1.0,0.9988055810297671,2016-11-22,stance_nli_ambiguity_v14,0.01
pres_2017,family_legal_risk,27,25,18,0,0.1323827816666667,0.6047194701262398,0.0,1.0,0.0,informational_context,-0.35,0.35,0.9997986001970048,1.0,0.0,0.0,0.0,0.0,0.0,0.0,0.0,2017-01-17,0.47368421052631576,0.9988080181245614,0.9981466410566666,0.9997986001970048,0.04,A,0,0.0,0.0,0.0,0.0,0.0,0.0,0.0,0.0,0.0,0.0,0.0,,,,1.0,1.0,2017-01-17,stance_nli_ambiguity_v14,0.01
pres_2017,family_legal_risk,27,25,18,0,0.1323827816666667,0.6047194701262398,0.0,1.0,0.0,informational_context,-0.35,0.35,0.9997986001970048,1.0,0.0,0.0,0.0,0.0,0.0,0.0,0.0,2017-01-17,0.47368421052631576,0.9988080181245614,0.9981466410566666,0.9997986001970048,0.04,B,0,0.0,0.0,0.0,0.0,0.0,0.0,0.0,0.0,0.0,0.0,0.0,,,,1.0,1.0,2017-01-17,stance_nli_ambiguity_v14,0.01
pres_2017,family_legal_risk,27,25,18,0,0.1323827816666667,0.6047194701262398,0.0,1.0,0.0,informational_context,-0.35,0.35,0.9997986001970048,1.0,0.0,0.0,0.0,0.0,0.0,0.0,0.0,2017-01-17,0.47368421052631576,0.9988080181245614,0.9981466410566666,0.9997986001970048,0.04,C,0,0.0,0.0,0.0,0.0,0.0,0.0,0.0,0.0,0.0,0.0,0.0,,,,1.0,1.0,2017-01-17,stance_nli_ambiguity_v14,0.01
pres_2017,foreign_policy,56,47,17,1,0.1374721085714286,0.7067935246835851,0.02444606534449252,0.9755539346555074,0.0,informational_context,-0.3182201150521597,0.3182201150521597,0.999902274832858,0.9755539346555074,0.02444606534449252,0.0,0.0,0.02384845523366532,0.02444606534449252,-0.02444606534449252,0.0,2017-02-23,0.631578947368421,1.0059866953082708,0.9982501443917575,0.999902274832858,0.04,A,0,0.0,0.0,0.0,0.0,0.0,0.0,0.0,0.0,0.0,0.0,0.0,,,,1.0,0.9987986274496247,2017-02-23,stance_nli_ambiguity_v14,0.01
pres_2017,foreign_policy,56,47,17,1,0.1374721085714286,0.7067935246835851,0.02444606534449252,0.9755539346555074,0.0,informational_context,-0.3182201150521597,0.3182201150521597,0.999902274832858,0.9755539346555074,0.02444606534449252,0.0,0.0,0.02384845523366532,0.02444606534449252,-0.02444606534449252,0.0,2017-02-23,0.631578947368421,1.0059866953082708,0.9982501443917575,0.999902274832858,0.04,B,1,1.0,0.36084527472055566,-0.49452226499999996,0.49452226499999996,-1.0,0.49452226499999996,0.0,0.36084527472055566,0.0,1.0,1.0,government,2013-11-28,2017-04-15,1.0036084527472056,1.0024027451007504,2017-04-15,stance_nli_ambiguity_v14,0.01
pres_2017,foreign_policy,56,47,17,1,0.1374721085714286,0.7067935246835851,0.02444606534449252,0.9755539346555074,0.0,informational_context,-0.3182201150521597,0.3182201150521597,0.999902274832858,0.9755539346555074,0.02444606534449252,0.0,0.0,0.02384845523366532,0.02444606534449252,-0.02444606534449252,0.0,2017-02-23,0.631578947368421,1.0059866953082708,0.9982501443917575,0.999902274832858,0.04,C,0,0.0,0.0,0.0,0.0,0.0,0.0,0.0,0.0,0.0,0.0,0.0,,,,1.0,0.9987986274496247,2017-02-23,stance_nli_ambiguity_v14,0.01
pres_2017,gaffe_event,6,6,4,0,0.13544391250000015,0.36273990218088853,0.0,1.0,0.0,informational_context,-0.35,0.35,0.9997556734378011,1.0,0.0,0.0,0.0,0.0,0.0,0.0,0.0,2016-11-01,0.10526315789473684,0.9820719382236842,0.998103785225,0.9997556734378011,0.04,A,0,0.0,0.0,0.0,0.0,0.0,0.0,0.0,0.0,0.0,0.0,0.0,,,,1.0,1.0,2016-11-01,stance_nli_ambiguity_v14,0.01
pres_2017,gaffe_event,6,6,4,0,0.13544391250000015,0.36273990218088853,0.0,1.0,0.0,informational_context,-0.35,0.35,0.9997556734378011,1.0,0.0,0.0,0.0,0.0,0.0,0.0,0.0,2016-11-01,0.10526315789473684,0.9820719382236842,0.998103785225,0.9997556734378011,0.04,B,0,0.0,0.0,0.0,0.0,0.0,0.0,0.0,0.0,0.0,0.0,0.0,,,,1.0,1.0,2016-11-01,stance_nli_ambiguity_v14,0.01
pres_2017,gaffe_event,6,6,4,0,0.13544391250000015,0.36273990218088853,0.0,1.0,0.0,informational_context,-0.35,0.35,0.9997556734378011,1.0,0.0,0.0,0.0,0.0,0.0,0.0,0.0,2016-11-01,0.10526315789473684,0.9820719382236842,0.998103785225,0.9997556734378011,0.04,C,0,0.0,0.0,0.0,0.0,0.0,0.0,0.0,0.0,0.0,0.0,0.0,,,,1.0,1.0,2016-11-01,stance_nli_ambiguity_v14,0.01
pres_2017,gender_generation,17,17,9,0,0.141302095882353,0.5323732511625153,0.0,1.0,0.0,informational_context,-0.35,0.35,0.999673523134166,1.0,0.0,0.0,0.0,0.0,0.0,0.0,0.0,2017-02-13,0.3157894736842105,0.9915904056092879,0.9980217706576471,0.999673523134166,0.04,A,0,0.0,0.0,0.0,0.0,0.0,0.0,0.0,0.0,0.0,0.0,0.0,,,,1.0,1.0,2017-02-13,stance_nli_ambiguity_v14,0.01
pres_2017,gender_generation,17,17,9,0,0.141302095882353,0.5323732511625153,0.0,1.0,0.0,informational_context,-0.35,0.35,0.999673523134166,1.0,0.0,0.0,0.0,0.0,0.0,0.0,0.0,2017-02-13,0.3157894736842105,0.9915904056092879,0.9980217706576471,0.999673523134166,0.04,B,0,0.0,0.0,0.0,0.0,0.0,0.0,0.0,0.0,0.0,0.0,0.0,,,,1.0,1.0,2017-02-13,stance_nli_ambiguity_v14,0.01
pres_2017,gender_generation,17,17,9,0,0.141302095882353,0.5323732511625153,0.0,1.0,0.0,informational_context,-0.35,0.35,0.999673523134166,1.0,0.0,0.0,0.0,0.0,0.0,0.0,0.0,2017-02-13,0.3157894736842105,0.9915904056092879,0.9980217706576471,0.999673523134166,0.04,C,0,0.0,0.0,0.0,0.0,0.0,0.0,0.0,0.0,0.0,0.0,0.0,,,,1.0,1.0,2017-02-13,stance_nli_ambiguity_v14,0.01
pres_2017,housing,16,16,8,0,0.11438913812500004,0.5183069583089204,0.0,1.0,0.0,informational_context,-0.35,0.35,1.0000509281259842,1.0,0.0,0.0,0.0,0.0,0.0,0.0,0.0,2016-10-11,0.21052631578947367,0.9870965468217106,0.99839855206625,1.0000509281259842,0.04,A,0,0.0,0.0,0.0,0.0,0.0,0.0,0.0,0.0,0.0,0.0,0.0,,,,1.0,1.0,2016-10-11,stance_nli_ambiguity_v14,0.01
pres_2017,housing,16,16,8,0,0.11438913812500004,0.5183069583089204,0.0,1.0,0.0,informational_context,-0.35,0.35,1.0000509281259842,1.0,0.0,0.0,0.0,0.0,0.0,0.0,0.0,2016-10-11,0.21052631578947367,0.9870965468217106,0.99839855206625,1.0000509281259842,0.04,B,0,0.0,0.0,0.0,0.0,0.0,0.0,0.0,0.0,0.0,0.0,0.0,,,,1.0,1.0,2016-10-11,stance_nli_ambiguity_v14,0.01
pres_2017,housing,16,16,8,0,0.11438913812500004,0.5183069583089204,0.0,1.0,0.0,informational_context,-0.35,0.35,1.0000509281259842,1.0,0.0,0.0,0.0,0.0,0.0,0.0,0.0,2016-10-11,0.21052631578947367,0.9870965468217106,0.99839855206625,1.0000509281259842,0.04,C,0,0.0,0.0,0.0,0.0,0.0,0.0,0.0,0.0,0.0,0.0,0.0,,,,1.0,1.0,2016-10-11,stance_nli_ambiguity_v14,0.01
pres_2017,inflation_livelihood,26,23,12,3,0.15571733269230767,0.5980402547950217,0.15989592466662456,0.8401040753333755,0.0,informational_context,-0.14213529793338808,0.14213529793338808,1.0007682440960852,0.8401040753333755,0.15989592466662456,0.0,0.0,0.1343292179416297,0.15989592466662456,-0.15989592466662456,0.0,2016-10-05,0.3684210526315789,0.9939172771963563,0.9991146828209755,1.0007682440960852,0.04,A,0,0.0,0.0,0.0,0.0,0.0,0.0,0.0,0.0,0.0,0.0,0.0,,,,1.0,0.9986127449073221,2016-10-05,stance_nli_ambiguity_v14,0.01
pres_2017,inflation_livelihood,26,23,12,3,0.15571733269230767,0.5980402547950217,0.15989592466662456,0.8401040753333755,0.0,informational_context,-0.14213529793338808,0.14213529793338808,1.0007682440960852,0.8401040753333755,0.15989592466662456,0.0,0.0,0.1343292179416297,0.15989592466662456,-0.15989592466662456,0.0,2016-10-05,0.3684210526315789,0.9939172771963563,0.9991146828209755,1.0007682440960852,0.04,B,3,1.0,0.41675467284570333,-1.544738864,1.544738864,-1.0,1.544738864,0.0,0.41675467284570333,0.0,3.0,3.0,government|person,2014-02-24,2017-04-15,1.004167546728457,1.002774510185356,2017-04-15,stance_nli_ambiguity_v14,0.01
pres_2017,inflation_livelihood,26,23,12,3,0.15571733269230767,0.5980402547950217,0.15989592466662456,0.8401040753333755,0.0,informational_context,-0.14213529793338808,0.14213529793338808,1.0007682440960852,0.8401040753333755,0.15989592466662456,0.0,0.0,0.1343292179416297,0.15989592466662456,-0.15989592466662456,0.0,2016-10-05,0.3684210526315789,0.9939172771963563,0.9991146828209755,1.0007682440960852,0.04,C,0,0.0,0.0,0.0,0.0,0.0,0.0,0.0,0.0,0.0,0.0,0.0,,,,1.0,0.9986127449073221,2016-10-05,stance_nli_ambiguity_v14,0.01
pres_2017,jobs_labor,65,58,18,0,0.12553240669230772,0.7315232707754064,0.0,1.0,0.0,informational_context,-0.35,0.35,0.9998946641723754,1.0,0.0,0.0,0.0,0.0,0.0,0.0,0.0,2017-02-13,0.6842105263157895,1.0082933966808907,0.9982425463063077,0.9998946641723754,0.04,A,0,0.0,0.0,0.0,0.0,0.0,0.0,0.0,0.0,0.0,0.0,0.0,,,,1.0,1.0,2017-02-13,stance_nli_ambiguity_v14,0.01
pres_2017,jobs_labor,65,58,18,0,0.12553240669230772,0.7315232707754064,0.0,1.0,0.0,informational_context,-0.35,0.35,0.9998946641723754,1.0,0.0,0.0,0.0,0.0,0.0,0.0,0.0,2017-02-13,0.6842105263157895,1.0082933966808907,0.9982425463063077,0.9998946641723754,0.04,B,0,0.0,0.0,0.0,0.0,0.0,0.0,0.0,0.0,0.0,0.0,0.0,,,,1.0,1.0,2017-02-13,stance_nli_ambiguity_v14,0.01
pres_2017,jobs_labor,65,58,18,0,0.12553240669230772,0.7315232707754064,0.0,1.0,0.0,informational_context,-0.35,0.35,0.9998946641723754,1.0,0.0,0.0,0.0,0.0,0.0,0.0,0.0,2017-02-13,0.6842105263157895,1.0082933966808907,0.9982425463063077,0.9998946641723754,0.04,C,0,0.0,0.0,0.0,0.0,0.0,0.0,0.0,0.0,0.0,0.0,0.0,,,,1.0,1.0,2017-02-13,stance_nli_ambiguity_v14,0.01
pres_2017,regime_change,17,17,7,1,0.16256853382352948,0.5247368476375077,0.07812680811622943,0.9218731918837706,0.0,informational_context,-0.2484351494489017,0.2484351494489017,1.0000368432675912,0.9218731918837706,0.07812680811622943,0.0,0.0,0.07202300996979931,0.07812680811622943,-0.07812680811622943,0.0,2017-03-17,0.2631578947368421,0.9889861928374613,0.9983844904801545,1.0000368432675912,0.04,A,0,0.0,0.0,0.0,0.0,0.0,0.0,0.0,0.0,0.0,0.0,0.0,,,,1.0,0.9987885793781899,2017-03-17,stance_nli_ambiguity_v14,0.01
pres_2017,regime_change,17,17,7,1,0.16256853382352948,0.5247368476375077,0.07812680811622943,0.9218731918837706,0.0,informational_context,-0.2484351494489017,0.2484351494489017,1.0000368432675912,0.9218731918837706,0.07812680811622943,0.0,0.0,0.07202300996979931,0.07812680811622943,-0.07812680811622943,0.0,2017-03-17,0.2631578947368421,0.9889861928374613,0.9983844904801545,1.0000368432675912,0.04,B,1,1.0,0.36386698250923216,-0.49866338000000004,0.49866338000000004,-1.0,0.49866338000000004,0.0,0.36386698250923216,0.0,1.0,1.0,government,2016-02-17,2017-04-15,1.0036386698250923,1.0024228412436202,2017-04-15,stance_nli_ambiguity_v14,0.01
pres_2017,regime_change,17,17,7,1,0.16256853382352948,0.5247368476375077,0.07812680811622943,0.9218731918837706,0.0,informational_context,-0.2484351494489017,0.2484351494489017,1.0000368432675912,0.9218731918837706,0.07812680811622943,0.0,0.0,0.07202300996979931,0.07812680811622943,-0.07812680811622943,0.0,2017-03-17,0.2631578947368421,0.9889861928374613,0.9983844904801545,1.0000368432675912,0.04,C,0,0.0,0.0,0.0,0.0,0.0,0.0,0.0,0.0,0.0,0.0,0.0,,,,1.0,0.9987885793781899,2017-03-17,stance_nli_ambiguity_v14,0.01
pres_2017,regional_dev,70,68,28,0,0.11436382621428562,0.7464942221568477,0.0,1.0,0.0,informational_context,-0.35,0.35,1.0000512830792208,1.0,0.0,0.0,0.0,0.0,0.0,0.0,0.0,2017-03-20,0.7368421052631579,1.010557130985188,0.998398906433,1.0000512830792208,0.04,A,0,0.0,0.0,0.0,0.0,0.0,0.0,0.0,0.0,0.0,0.0,0.0,,,,1.0,1.0,2017-03-20,stance_nli_ambiguity_v14,0.01
pres_2017,regional_dev,70,68,28,0,0.11436382621428562,0.7464942221568477,0.0,1.0,0.0,informational_context,-0.35,0.35,1.0000512830792208,1.0,0.0,0.0,0.0,0.0,0.0,0.0,0.0,2017-03-20,0.7368421052631579,1.010557130985188,0.998398906433,1.0000512830792208,0.04,B,0,0.0,0.0,0.0,0.0,0.0,0.0,0.0,0.0,0.0,0.0,0.0,,,,1.0,1.0,2017-03-20,stance_nli_ambiguity_v14,0.01
pres_2017,regional_dev,70,68,28,0,0.11436382621428562,0.7464942221568477,0.0,1.0,0.0,informational_context,-0.35,0.35,1.0000512830792208,1.0,0.0,0.0,0.0,0.0,0.0,0.0,0.0,2017-03-20,0.7368421052631579,1.010557130985188,0.998398906433,1.0000512830792208,0.04,C,0,0.0,0.0,0.0,0.0,0.0,0.0,0.0,0.0,0.0,0.0,0.0,,,,1.0,1.0,2017-03-20,stance_nli_ambiguity_v14,0.01
pres_2017,security_nk,87,75,22,0,0.12708182568965498,0.7730821367286734,0.0,1.0,0.0,informational_context,-0.35,0.35,0.9998729364057996,1.0,0.0,0.0,0.0,0.0,0.0,0.0,0.0,2017-04-13,0.8421052631578947,1.0154232249831217,0.9982208544403448,0.9998729364057996,0.04,A,0,0.0,0.0,0.0,0.0,0.0,0.0,0.0,0.0,0.0,0.0,0.0,,,,1.0,1.0,2017-04-13,stance_nli_ambiguity_v14,0.01
pres_2017,security_nk,87,75,22,0,0.12708182568965498,0.7730821367286734,0.0,1.0,0.0,informational_context,-0.35,0.35,0.9998729364057996,1.0,0.0,0.0,0.0,0.0,0.0,0.0,0.0,2017-04-13,0.8421052631578947,1.0154232249831217,0.9982208544403448,0.9998729364057996,0.04,B,0,0.0,0.0,0.0,0.0,0.0,0.0,0.0,0.0,0.0,0.0,0.0,,,,1.0,1.0,2017-04-13,stance_nli_ambiguity_v14,0.01
pres_2017,security_nk,87,75,22,0,0.12708182568965498,0.7730821367286734,0.0,1.0,0.0,informational_context,-0.35,0.35,0.9998729364057996,1.0,0.0,0.0,0.0,0.0,0.0,0.0,0.0,2017-04-13,0.8421052631578947,1.0154232249831217,0.9982208544403448,0.9998729364057996,0.04,C,0,0.0,0.0,0.0,0.0,0.0,0.0,0.0,0.0,0.0,0.0,0.0,,,,1.0,1.0,2017-04-13,stance_nli_ambiguity_v14,0.01
pres_2017,unification_event,4,4,4,0,0.04824170875000003,0.30767832095228337,0.0,1.0,0.0,informational_context,-0.35,0.35,1.0009785247977123,1.0,0.0,0.0,0.0,0.0,0.0,0.0,0.0,2015-10-08,0.05263157894736842,0.981241990475,0.9993246160775,1.0009785247977123,0.04,A,0,0.0,0.0,0.0,0.0,0.0,0.0,0.0,0.0,0.0,0.0,0.0,,,,1.0,1.0,2015-10-08,stance_nli_ambiguity_v14,0.01
pres_2017,unification_event,4,4,4,0,0.04824170875000003,0.30767832095228337,0.0,1.0,0.0,informational_context,-0.35,0.35,1.0009785247977123,1.0,0.0,0.0,0.0,0.0,0.0,0.0,0.0,2015-10-08,0.05263157894736842,0.981241990475,0.9993246160775,1.0009785247977123,0.04,B,0,0.0,0.0,0.0,0.0,0.0,0.0,0.0,0.0,0.0,0.0,0.0,,,,1.0,1.0,2015-10-08,stance_nli_ambiguity_v14,0.01
pres_2017,unification_event,4,4,4,0,0.04824170875000003,0.30767832095228337,0.0,1.0,0.0,informational_context,-0.35,0.35,1.0009785247977123,1.0,0.0,0.0,0.0,0.0,0.0,0.0,0.0,2015-10-08,0.05263157894736842,0.981241990475,0.9993246160775,1.0009785247977123,0.04,C,0,0.0,0.0,0.0,0.0,0.0,0.0,0.0,0.0,0.0,0.0,0.0,,,,1.0,1.0,2015-10-08,stance_nli_ambiguity_v14,0.01
pres_2017,welfare_pension,86,69,24,0,0.1079512378488372,0.7665677403583726,0.0,1.0,0.0,informational_context,-0.35,0.35,1.0001412078983882,1.0,0.0,0.0,0.0,0.0,0.0,0.0,0.0,2017-03-30,0.7894736842105263,1.0128289090698286,0.9984886826701163,1.0001412078983882,0.04,A,0,0.0,0.0,0.0,0.0,0.0,0.0,0.0,0.0,0.0,0.0,0.0,,,,1.0,1.0,2017-03-30,stance_nli_ambiguity_v14,0.01
pres_2017,welfare_pension,86,69,24,0,0.1079512378488372,0.7665677403583726,0.0,1.0,0.0,informational_context,-0.35,0.35,1.0001412078983882,1.0,0.0,0.0,0.0,0.0,0.0,0.0,0.0,2017-03-30,0.7894736842105263,1.0128289090698286,0.9984886826701163,1.0001412078983882,0.04,B,0,0.0,0.0,0.0,0.0,0.0,0.0,0.0,0.0,0.0,0.0,0.0,,,,1.0,1.0,2017-03-30,stance_nli_ambiguity_v14,0.01
pres_2017,welfare_pension,86,69,24,0,0.1079512378488372,0.7665677403583726,0.0,1.0,0.0,informational_context,-0.35,0.35,1.0001412078983882,1.0,0.0,0.0,0.0,0.0,0.0,0.0,0.0,2017-03-30,0.7894736842105263,1.0128289090698286,0.9984886826701163,1.0001412078983882,0.04,C,0,0.0,0.0,0.0,0.0,0.0,0.0,0.0,0.0,0.0,0.0,0.0,,,,1.0,1.0,2017-03-30,stance_nli_ambiguity_v14,0.01
pres_2017,withdrawal_event,10,10,7,0,0.1597382380000001,0.4503862911187059,0.0,1.0,0.0,informational_context,-0.35,0.35,0.9994149899722666,1.0,0.0,0.0,0.0,0.0,0.0,0.0,0.0,2017-03-24,0.15789473684210525,0.9841298977957895,0.997763664668,0.9994149899722666,0.04,A,0,0.0,0.0,0.0,0.0,0.0,0.0,0.0,0.0,0.0,0.0,0.0,,,,1.0,1.0,2017-03-24,stance_nli_ambiguity_v14,0.01
pres_2017,withdrawal_event,10,10,7,0,0.1597382380000001,0.4503862911187059,0.0,1.0,0.0,informational_context,-0.35,0.35,0.9994149899722666,1.0,0.0,0.0,0.0,0.0,0.0,0.0,0.0,2017-03-24,0.15789473684210525,0.9841298977957895,0.997763664668,0.9994149899722666,0.04,B,0,0.0,0.0,0.0,0.0,0.0,0.0,0.0,0.0,0.0,0.0,0.0,,,,1.0,1.0,2017-03-24,stance_nli_ambiguity_v14,0.01
pres_2017,withdrawal_event,10,10,7,0,0.1597382380000001,0.4503862911187059,0.0,1.0,0.0,informational_context,-0.35,0.35,0.9994149899722666,1.0,0.0,0.0,0.0,0.0,0.0,0.0,0.0,2017-03-24,0.15789473684210525,0.9841298977957895,0.997763664668,0.9994149899722666,0.04,C,0,0.0,0.0,0.0,0.0,0.0,0.0,0.0,0.0,0.0,0.0,0.0,,,,1.0,1.0,2017-03-24,stance_nli_ambiguity_v14,0.01
pres_2022,candidate_competence,19,18,13,0,0.13099208973684207,0.5551843302522198,0.0,1.0,0.0,informational_context,-0.35,0.35,0.9999240742004897,1.0,0.0,0.0,0.0,0.0,0.0,0.0,0.0,2021-05-04,0.3157894736842105,0.9916663740756233,0.9981661107436842,0.9999240742004897,0.04,A,0,0.0,0.0,0.0,0.0,0.0,0.0,0.0,0.0,0.0,0.0,0.0,,,,1.0,1.0,2021-05-04,stance_nli_ambiguity_v14,0.01
pres_2022,candidate_competence,19,18,13,0,0.13099208973684207,0.5551843302522198,0.0,1.0,0.0,informational_context,-0.35,0.35,0.9999240742004897,1.0,0.0,0.0,0.0,0.0,0.0,0.0,0.0,2021-05-04,0.3157894736842105,0.9916663740756233,0.9981661107436842,0.9999240742004897,0.04,B,0,0.0,0.0,0.0,0.0,0.0,0.0,0.0,0.0,0.0,0.0,0.0,,,,1.0,1.0,2021-05-04,stance_nli_ambiguity_v14,0.01
pres_2022,corruption_integrity,184,125,23,0,0.11789641236413062,0.8597410421924494,0.0,1.0,0.0,informational_context,-0.35,0.35,1.0001077365799753,1.0,0.0,0.0,0.0,0.0,0.0,0.0,0.0,2022-02-25,1.0,1.0223579282472826,0.9983494502269021,1.0001077365799753,0.04,A,0,0.0,0.0,0.0,0.0,0.0,0.0,0.0,0.0,0.0,0.0,0.0,,,,1.0,1.0,2022-02-25,stance_nli_ambiguity_v14,0.01
pres_2022,corruption_integrity,184,125,23,0,0.11789641236413062,0.8597410421924494,0.0,1.0,0.0,informational_context,-0.35,0.35,1.0001077365799753,1.0,0.0,0.0,0.0,0.0,0.0,0.0,0.0,2022-02-25,1.0,1.0223579282472826,0.9983494502269021,1.0001077365799753,0.04,B,0,0.0,0.0,0.0,0.0,0.0,0.0,0.0,0.0,0.0,0.0,0.0,,,,1.0,1.0,2022-02-25,stance_nli_ambiguity_v14,0.01
pres_2022,economy_growth,133,114,22,6,0.14897861082706776,0.8301672968309131,0.06445441920309523,0.9355455807969048,0.0,informational_context,-0.26620925503597614,0.26620925503597614,1.0001720199693207,0.9355455807969048,0.06445441920309523,0.0,0.0,0.060300047048286905,0.06445441920309523,-0.06445441920309523,0.0,2021-11-08,0.9473684210526315,1.0205606698779581,0.9984136205998173,1.0001720199693207,0.04,A,0,0.0,0.0,0.0,0.0,0.0,0.0,0.0,0.0,0.0,0.0,0.0,,,,1.0,0.9977099275401788,2021-11-08,stance_nli_ambiguity_v14,0.01
pres_2022,economy_growth,133,114,22,6,0.14897861082706776,0.8301672968309131,0.06445441920309523,0.9355455807969048,0.0,informational_context,-0.26620925503597614,0.26620925503597614,1.0001720199693207,0.9355455807969048,0.06445441920309523,0.0,0.0,0.060300047048286905,0.06445441920309523,-0.06445441920309523,0.0,2021-11-08,0.9473684210526315,1.0205606698779581,0.9984136205998173,1.0001720199693207,0.04,B,6,1.0,0.45906578587770186,-3.1525529555,3.1525529555,-1.0,3.1525529555,0.0,0.45906578587770186,0.0,6.0,6.0,government|person,2021-10-12,2022-02-14,1.004590657858777,1.0022900724598212,2022-02-14,stance_nli_ambiguity_v14,0.01
pres_2022,education,77,64,20,1,0.11415791149350657,0.7523242179736707,0.01986984409005854,0.9801301559099415,0.0,informational_context,-0.32416920268292393,0.32416920268292393,1.0002783271017959,0.9801301559099415,0.01986984409005854,0.0,0.0,0.019475033385895308,0.01986984409005854,-0.01986984409005854,0.0,2021-11-29,0.8421052631578947,1.0152463714204374,0.998519740834048,1.0002783271017959,0.04,A,0,0.0,0.0,0.0,0.0,0.0,0.0,0.0,0.0,0.0,0.0,0.0,,,,1.0,0.9980611009020314,2021-11-29,stance_nli_ambiguity_v14,0.01
pres_2022,education,77,64,20,1,0.11415791149350657,0.7523242179736707,0.01986984409005854,0.9801301559099415,0.0,informational_context,-0.32416920268292393,0.32416920268292393,1.0002783271017959,0.9801301559099415,0.01986984409005854,0.0,0.0,0.019475033385895308,0.01986984409005854,-0.01986984409005854,0.0,2021-11-29,0.8421052631578947,1.0152463714204374,0.998519740834048,1.0002783271017959,0.04,B,1,1.0,0.38853314616035345,-0.5324672509999999,0.5324672509999999,-1.0,0.5324672509999999,0.0,0.38853314616035345,0.0,0.0,0.0,government,2021-05-06,2022-02-14,1.0038853314616036,1.0019388990979687,2022-02-14,stance_nli_ambiguity_v14,0.01
pres_2022,endorsement_event,57,51,25,1,0.15480136815789475,0.7136744584060661,0.0,0.9765942427927096,0.023405757207290406,informational_context,-0.3265942427927096,0.3265942427927096,0.999735342223021,0.9765942427927096,0.0,0.023405757207290406,0.0,0.02285792773684378,0.023405757207290406,0.023405757207290406,0.0,2021-12-02,0.7368421052631579,1.0109402234878115,0.9979777105753279,0.999735342223021,0.04,A,0,0.0,0.0,0.0,0.0,0.0,0.0,0.0,0.0,0.0,0.0,0.0,,,,1.0,0.9981971636547776,2021-12-02,stance_nli_ambiguity_v14,0.01
pres_2022,endorsement_event,57,51,25,1,0.15480136815789475,0.7136744584060661,0.0,0.9765942427927096,0.023405757207290406,informational_context,-0.3265942427927096,0.3265942427927096,0.999735342223021,0.9765942427927096,0.0,0.023405757207290406,0.0,0.02285792773684378,0.023405757207290406,0.023405757207290406,0.0,2021-12-02,0.7368421052631579,1.0109402234878115,0.9979777105753279,0.999735342223021,0.04,B,1,1.0,0.36121848686113334,0.49503373549999996,0.49503373549999996,1.0,0.0,0.49503373549999996,0.36121848686113334,0.0,0.0,0.0,government,2018-10-20,2022-02-14,1.0036121848686113,1.001802836345222,2022-02-14,stance_nli_ambiguity_v14,0.01
pres_2022,external_shock,45,43,13,3,0.1528007976666667,0.682152657444437,0.0938015586871273,0.9061984413128727,0.0,informational_context,-0.2280579737067345,0.2280579737067345,1.000364840755272,0.9061984413128727,0.0938015586871273,0.0,0.0,0.08500282627499273,0.0938015586871273,-0.0938015586871273,0.0,2022-02-25,0.47368421052631576,0.9987865254761403,0.9986061023881347,1.000364840755272,0.04,A,0,0.0,0.0,0.0,0.0,0.0,0.0,0.0,0.0,0.0,0.0,0.0,,,,1.0,0.9978980977458254,2022-02-25,stance_nli_ambiguity_v14,0.01
pres_2022,external_shock,45,43,13,3,0.1528007976666667,0.682152657444437,0.0938015586871273,0.9061984413128727,0.0,informational_context,-0.2280579737067345,0.2280579737067345,1.000364840755272,0.9061984413128727,0.0938015586871273,0.0,0.0,0.08500282627499273,0.0938015586871273,-0.0938015586871273,0.0,2022-02-25,0.47368421052631576,0.9987865254761403,0.9986061023881347,1.000364840755272,0.04,B,3,1.0,0.421265910602054,-1.5614601745,1.5614601745,-1.0,1.5614601745,0.0,0.421265910602054,0.0,3.0,3.0,person,2021-04-20,2022-02-14,1.0042126591060205,1.0021019022541748,2022-02-25,stance_nli_ambiguity_v14,0.01
pres_2022,family_legal_risk,35,34,18,0,0.11819639542857147,0.644367980731654,0.0,1.0,0.0,informational_context,-0.35,0.35,1.000103529420479,1.0,0.0,0.0,0.0,0.0,0.0,0.0,0.0,2022-01-06,0.42105263157894735,0.9964688534881203,0.998345250464,1.000103529420479,0.04,A,0,0.0,0.0,0.0,0.0,0.0,0.0,0.0,0.0,0.0,0.0,0.0,,,,1.0,1.0,2022-01-06,stance_nli_ambiguity_v14,0.01
pres_2022,family_legal_risk,35,34,18,0,0.11819639542857147,0.644367980731654,0.0,1.0,0.0,informational_context,-0.35,0.35,1.000103529420479,1.0,0.0,0.0,0.0,0.0,0.0,0.0,0.0,2022-01-06,0.42105263157894735,0.9964688534881203,0.998345250464,1.000103529420479,0.04,B,0,0.0,0.0,0.0,0.0,0.0,0.0,0.0,0.0,0.0,0.0,0.0,,,,1.0,1.0,2022-01-06,stance_nli_ambiguity_v14,0.01
pres_2022,foreign_policy,47,41,14,0,0.16401135457446825,0.6843008772778713,0.0,1.0,0.0,informational_context,-0.35,0.35,0.9994609903464553,1.0,0.0,0.0,0.0,0.0,0.0,0.0,0.0,2021-10-06,0.5263157894736842,1.0012252751100783,0.9977038410359574,0.9994609903464553,0.04,A,0,0.0,0.0,0.0,0.0,0.0,0.0,0.0,0.0,0.0,0.0,0.0,,,,1.0,1.0,2021-10-06,stance_nli_ambiguity_v14,0.01
pres_2022,foreign_policy,47,41,14,0,0.16401135457446825,0.6843008772778713,0.0,1.0,0.0,informational_context,-0.35,0.35,0.9994609903464553,1.0,0.0,0.0,0.0,0.0,0.0,0.0,0.0,2021-10-06,0.5263157894736842,1.0012252751100783,0.9977038410359574,0.9994609903464553,0.04,B,0,0.0,0.0,0.0,0.0,0.0,0.0,0.0,0.0,0.0,0.0,0.0,,,,1.0,1.0,2021-10-06,stance_nli_ambiguity_v14,0.01
pres_2022,gaffe_event,3,3,3,0,0.11112362500000006,0.26849820446505734,0.0,1.0,0.0,informational_context,-0.35,0.35,1.0002027225977004,1.0,0.0,0.0,0.0,0.0,0.0,0.0,0.0,2020-10-26,0.15789473684210525,0.9847951503947369,0.99844426925,1.0002027225977004,0.04,A,0,0.0,0.0,0.0,0.0,0.0,0.0,0.0,0.0,0.0,0.0,0.0,,,,1.0,1.0,2020-10-26,stance_nli_ambiguity_v14,0.01
pres_2022,gaffe_event,3,3,3,0,0.11112362500000006,0.26849820446505734,0.0,1.0,0.0,informational_context,-0.35,0.35,1.0002027225977004,1.0,0.0,0.0,0.0,0.0,0.0,0.0,0.0,2020-10-26,0.15789473684210525,0.9847951503947369,0.99844426925,1.0002027225977004,0.04,B,0,0.0,0.0,0.0,0.0,0.0,0.0,0.0,0.0,0.0,0.0,0.0,,,,1.0,1.0,2020-10-26,stance_nli_ambiguity_v14,0.01
pres_2022,gender_generation,17,17,10,0,0.14837219147058828,0.5364426257904706,0.0,1.0,0.0,informational_context,-0.35,0.35,0.9996803242401574,1.0,0.0,0.0,0.0,0.0,0.0,0.0,0.0,2021-10-20,0.2631578947368421,0.9891206845018576,0.9979227893194118,0.9996803242401574,0.04,A,0,0.0,0.0,0.0,0.0,0.0,0.0,0.0,0.0,0.0,0.0,0.0,,,,1.0,1.0,2021-10-20,stance_nli_ambiguity_v14,0.01
pres_2022,gender_generation,17,17,10,0,0.14837219147058828,0.5364426257904706,0.0,1.0,0.0,informational_context,-0.35,0.35,0.9996803242401574,1.0,0.0,0.0,0.0,0.0,0.0,0.0,0.0,2021-10-20,0.2631578947368421,0.9891206845018576,0.9979227893194118,0.9996803242401574,0.04,B,0,0.0,0.0,0.0,0.0,0.0,0.0,0.0,0.0,0.0,0.0,0.0,,,,1.0,1.0,2021-10-20,stance_nli_ambiguity_v14,0.01
pres_2022,housing,52,43,13,5,0.222900717596154,0.6993291502119525,0.12706067571668825,0.8729393242833118,0.0,informational_context,-0.18482112156830524,0.18482112156830524,1.000110420646943,0.8729393242833118,0.12706067571668825,0.0,0.0,0.11091626040310684,0.12706067571668825,-0.12706067571668825,0.0,2021-11-05,0.631578947368421,1.0064363195662955,0.99835212957502,1.000110420646943,0.04,A,0,0.0,0.0,0.0,0.0,0.0,0.0,0.0,0.0,0.0,0.0,0.0,,,,1.0,0.9977229896560811,2021-11-05,stance_nli_ambiguity_v14,0.01
pres_2022,housing,52,43,13,5,0.222900717596154,0.6993291502119525,0.12706067571668825,0.8729393242833118,0.0,informational_context,-0.18482112156830524,0.18482112156830524,1.000110420646943,0.8729393242833118,0.12706067571668825,0.0,0.0,0.11091626040310684,0.12706067571668825,-0.12706067571668825,0.0,2021-11-05,0.631578947368421,1.0064363195662955,0.99835212957502,1.000110420646943,0.04,B,4,1.0,0.45644139055148364,-2.186488286,2.186488286,-1.0,2.186488286,0.0,0.45644139055148364,0.0,3.0,3.0,government|person,2021-11-05,2022-02-14,1.0045644139055148,1.0022770103439191,2022-02-14,stance_nli_ambiguity_v14,0.01
pres_2022,inflation_livelihood,34,33,13,1,0.14796867779411763,0.641567415246298,0.043638833215033875,0.9563611667849661,0.0,informational_context,-0.29326951682045593,0.29326951682045593,1.000022348126244,0.9563611667849661,0.043638833215033875,0.0,0.0,0.04173448545066433,0.043638833215033875,-0.043638833215033875,0.0,2022-02-08,0.3684210526315789,0.9939580595905573,0.9982642118943503,1.000022348126244,0.04,A,0,0.0,0.0,0.0,0.0,0.0,0.0,0.0,0.0,0.0,0.0,0.0,,,,1.0,0.9980162975148058,2022-02-08,stance_nli_ambiguity_v14,0.01
pres_2022,inflation_livelihood,34,33,13,1,0.14796867779411763,0.641567415246298,0.043638833215033875,0.9563611667849661,0.0,informational_context,-0.29326951682045593,0.29326951682045593,1.000022348126244,0.9563611667849661,0.043638833215033875,0.0,0.0,0.04173448545066433,0.043638833215033875,-0.043638833215033875,0.0,2022-02-08,0.3684210526315789,0.9939580595905573,0.9982642118943503,1.000022348126244,0.04,B,1,1.0,0.39752907645573177,-0.5447957699999999,0.5447957699999999,-1.0,0.5447957699999999,0.0,0.39752907645573177,0.0,1.0,1.0,person,2018-02-21,2022-02-14,1.0039752907645574,1.001983702485194,2022-02-14,stance_nli_ambiguity_v14,0.01
pres_2022,jobs_labor,108,93,24,2,0.13470591972222215,0.8056331700057952,0.02636953505542357,0.9736304649445764,0.0,informational_context,-0.31571960442794933,0.31571960442794933,1.0000570252100165,0.9736304649445764,0.02636953505542357,0.0,0.0,0.02567418267638436,0.02636953505542357,-0.02636953505542357,0.0,2021-11-10,0.8947368421052632,1.017916409258772,0.9982988280124478,1.0000570252100165,0.04,A,0,0.0,0.0,0.0,0.0,0.0,0.0,0.0,0.0,0.0,0.0,0.0,,,,1.0,0.9981195900705704,2021-11-10,stance_nli_ambiguity_v14,0.01
pres_2022,jobs_labor,108,93,24,2,0.13470591972222215,0.8056331700057952,0.02636953505542357,0.9736304649445764,0.0,informational_context,-0.31571960442794933,0.31571960442794933,1.0000570252100165,0.9736304649445764,0.02636953505542357,0.0,0.0,0.02567418267638436,0.02636953505542357,-0.02636953505542357,0.0,2021-11-10,0.8947368421052632,1.017916409258772,0.9982988280124478,1.0000570252100165,0.04,B,1,1.0,0.3767905064956718,-0.51637449,0.51637449,-1.0,0.51637449,0.0,0.3767905064956718,0.0,1.0,1.0,government,2018-07-27,2022-02-14,1.0037679050649566,1.0018804099294296,2022-02-14,stance_nli_ambiguity_v14,0.01
pres_2022,regime_change,2,2,2,0,0.13467148750000005,0.21511019770480883,0.0,1.0,0.0,informational_context,-0.35,0.35,0.9998724719099763,1.0,0.0,0.0,0.0,0.0,0.0,0.0,0.0,2021-09-13,0.05263157894736842,0.9796953523289473,0.998114599175,0.9998724719099763,0.04,A,0,0.0,0.0,0.0,0.0,0.0,0.0,0.0,0.0,0.0,0.0,0.0,,,,1.0,1.0,2021-09-13,stance_nli_ambiguity_v14,0.01
pres_2022,regime_change,2,2,2,0,0.13467148750000005,0.21511019770480883,0.0,1.0,0.0,informational_context,-0.35,0.35,0.9998724719099763,1.0,0.0,0.0,0.0,0.0,0.0,0.0,0.0,2021-09-13,0.05263157894736842,0.9796953523289473,0.998114599175,0.9998724719099763,0.04,B,0,0.0,0.0,0.0,0.0,0.0,0.0,0.0,0.0,0.0,0.0,0.0,,,,1.0,1.0,2021-09-13,stance_nli_ambiguity_v14,0.01
pres_2022,regional_dev,54,50,22,0,0.10374991777777803,0.7049440815108422,0.0,1.0,0.0,informational_context,-0.35,0.35,1.000306136310143,1.0,0.0,0.0,0.0,0.0,0.0,0.0,0.0,2021-11-10,0.6842105263157895,1.0081328941309942,0.9985475011511111,1.000306136310143,0.04,A,0,0.0,0.0,0.0,0.0,0.0,0.0,0.0,0.0,0.0,0.0,0.0,,,,1.0,1.0,2021-11-10,stance_nli_ambiguity_v14,0.01
pres_2022,regional_dev,54,50,22,0,0.10374991777777803,0.7049440815108422,0.0,1.0,0.0,informational_context,-0.35,0.35,1.000306136310143,1.0,0.0,0.0,0.0,0.0,0.0,0.0,0.0,2021-11-10,0.6842105263157895,1.0081328941309942,0.9985475011511111,1.000306136310143,0.04,B,0,0.0,0.0,0.0,0.0,0.0,0.0,0.0,0.0,0.0,0.0,0.0,,,,1.0,1.0,2021-11-10,stance_nli_ambiguity_v14,0.01
pres_2022,security_nk,71,60,16,0,0.13642334098591535,0.7422716062922255,0.0,1.0,0.0,informational_context,-0.35,0.35,0.9998479027662369,1.0,0.0,0.0,0.0,0.0,0.0,0.0,0.0,2021-10-21,0.7894736842105263,1.013158586053521,0.9980900732261971,0.9998479027662369,0.04,A,0,0.0,0.0,0.0,0.0,0.0,0.0,0.0,0.0,0.0,0.0,0.0,,,,1.0,1.0,2021-10-21,stance_nli_ambiguity_v14,0.01
pres_2022,security_nk,71,60,16,0,0.13642334098591535,0.7422716062922255,0.0,1.0,0.0,informational_context,-0.35,0.35,0.9998479027662369,1.0,0.0,0.0,0.0,0.0,0.0,0.0,0.0,2021-10-21,0.7894736842105263,1.013158586053521,0.9980900732261971,0.9998479027662369,0.04,B,0,0.0,0.0,0.0,0.0,0.0,0.0,0.0,0.0,0.0,0.0,0.0,,,,1.0,1.0,2021-10-21,stance_nli_ambiguity_v14,0.01
pres_2022,unification_event,3,3,3,0,0.10879801500000014,0.26838192396505733,0.0,1.0,0.0,informational_context,-0.35,0.35,1.0002353384795826,1.0,0.0,0.0,0.0,0.0,0.0,0.0,0.0,2021-11-16,0.10526315789473684,0.9824926629210526,0.99847682779,1.0002353384795826,0.04,A,0,0.0,0.0,0.0,0.0,0.0,0.0,0.0,0.0,0.0,0.0,0.0,,,,1.0,1.0,2021-11-16,stance_nli_ambiguity_v14,0.01
pres_2022,unification_event,3,3,3,0,0.10879801500000014,0.26838192396505733,0.0,1.0,0.0,informational_context,-0.35,0.35,1.0002353384795826,1.0,0.0,0.0,0.0,0.0,0.0,0.0,0.0,2021-11-16,0.10526315789473684,0.9824926629210526,0.99847682779,1.0002353384795826,0.04,B,0,0.0,0.0,0.0,0.0,0.0,0.0,0.0,0.0,0.0,0.0,0.0,,,,1.0,1.0,2021-11-16,stance_nli_ambiguity_v14,0.01
pres_2022,welfare_pension,51,43,17,0,0.1275964302941177,0.6927254862496625,0.0,1.0,0.0,informational_context,-0.35,0.35,0.9999716971584646,1.0,0.0,0.0,0.0,0.0,0.0,0.0,0.0,2021-10-19,0.5789473684210527,1.0035608308325077,0.9982136499758824,0.9999716971584646,0.04,A,0,0.0,0.0,0.0,0.0,0.0,0.0,0.0,0.0,0.0,0.0,0.0,,,,1.0,1.0,2021-10-19,stance_nli_ambiguity_v14,0.01
pres_2022,welfare_pension,51,43,17,0,0.1275964302941177,0.6927254862496625,0.0,1.0,0.0,informational_context,-0.35,0.35,0.9999716971584646,1.0,0.0,0.0,0.0,0.0,0.0,0.0,0.0,2021-10-19,0.5789473684210527,1.0035608308325077,0.9982136499758824,0.9999716971584646,0.04,B,0,0.0,0.0,0.0,0.0,0.0,0.0,0.0,0.0,0.0,0.0,0.0,,,,1.0,1.0,2021-10-19,stance_nli_ambiguity_v14,0.01
pres_2022,withdrawal_event,8,8,6,0,0.15789629499999996,0.4148500344992686,0.0,1.0,0.0,informational_context,-0.35,0.35,0.9995467519577244,1.0,0.0,0.0,0.0,0.0,0.0,0.0,0.0,2021-02-18,0.21052631578947367,0.9865927797421052,0.99778945187,0.9995467519577244,0.04,A,0,0.0,0.0,0.0,0.0,0.0,0.0,0.0,0.0,0.0,0.0,0.0,,,,1.0,1.0,2021-02-18,stance_nli_ambiguity_v14,0.01
pres_2022,withdrawal_event,8,8,6,0,0.15789629499999996,0.4148500344992686,0.0,1.0,0.0,informational_context,-0.35,0.35,0.9995467519577244,1.0,0.0,0.0,0.0,0.0,0.0,0.0,0.0,2021-02-18,0.21052631578947367,0.9865927797421052,0.99778945187,0.9995467519577244,0.04,B,0,0.0,0.0,0.0,0.0,0.0,0.0,0.0,0.0,0.0,0.0,0.0,,,,1.0,1.0,2021-02-18,stance_nli_ambiguity_v14,0.01
