election_id,region_id,candidate_name,bloc,contest_votes,official_pred,err_pp,abs_err_pp,reproduced_legacy_pred,replacement_base_pred,base_stage_prediction,frozen_reproduction_difference,frozen_reproduction_guard_required,candidate_name_y,landscape_confidence,landscape_axis_conservative,landscape_axis_liberal,landscape_axis_progressive,landscape_axis_centrist,landscape_axis_anti_establishment,landscape_axis_reform,landscape_axis_regionalist,landscape_bloc_alignment,landscape_left_right,landscape_centrist,landscape_reform_anti_establishment,landscape_regionalist,landscape_legacy_confidence,landscape_legacy_blend,major_party_core_eligible,durable_core_raw,recent_bloc_base,critical_support_raw,bloc_vote_volatility,layer_effective_elections,direct_party_core_raw,candidate_ballot_core_raw,direct_party_recent_base,candidate_ballot_recent_base,direct_party_effective_elections,candidate_ballot_effective_elections,direct_party_reliability,candidate_personal_vote_raw,candidate_conversion_gap_raw,regional_accent_conservative_share,regional_accent_conservative_trend,regional_accent_conservative_volatility,regional_accent_conservative_reliability,regional_accent_liberal_share,regional_accent_liberal_trend,regional_accent_liberal_volatility,regional_accent_liberal_reliability,regional_accent_progressive_share,regional_accent_progressive_trend,regional_accent_progressive_volatility,regional_accent_progressive_reliability,regional_accent_centrist_share,regional_accent_centrist_trend,regional_accent_centrist_volatility,regional_accent_centrist_reliability,regional_accent_regionalist_share,regional_accent_regionalist_trend,regional_accent_regionalist_volatility,regional_accent_regionalist_reliability,regional_accent_reform_share,regional_accent_reform_trend,regional_accent_reform_volatility,regional_accent_reform_reliability,core_voting_mass,critical_voting_mass,swing_voting_mass,candidate_camp,candidate_camp_origin_weight,candidate_camp_claim,candidate_source_camp,candidate_claim_camp_conservative,candidate_claim_camp_liberal,candidate_claim_camp_progressive,candidate_claim_camp_centrist,regional_accent_signal,regional_accent_reliability,regional_accent_volatility,camp_core_voting_mass,camp_critical_voting_mass,camp_core_total,camp_critical_total,camp_swing_voting_mass,camp_core_regional_mean,camp_core_regional_lean,issue_pref_economy,issue_attention_economy,issue_pref_housing,issue_attention_housing,issue_pref_integrity_candidate,issue_attention_integrity_candidate,issue_pref_regime,issue_attention_regime,issue_pref_social,issue_attention_social,issue_pref_security,issue_attention_security,issue_pref_coalition,issue_attention_coalition,issue_pref_regional,issue_attention_regional,issue_preference_strength,issue_attention_strength,nonvoter_reservoir,join_slot,preliminary_slot,preliminary_mean_share,shadow_pred,pre_hierarchy_pred,slot,layer_pred,camp_regional_anchored_pred,regional_accent_signal_diagnostic,regional_accent_signal_scaled,regional_accent_reliability_diagnostic,regional_accent_log_shift,regional_accent_anchored_pred,camp_terrain_pred,camp_floor_anchored_pred,national_contestable_profile,camp_composition_pred,camp_anchored_pred,terrain_pred,anchored_pred,core_voting_mass_effective,critical_voting_mass_effective,swing_voting_mass_effective,core_preference_log_shift,critical_preference_log_shift,swing_preference_log_shift,preference_log_shift,turnout_log_shift,layer_pred_diagnostic,regional_offset_gain,regional_offset_target,regional_offset_shift,regional_offset_profile_source,regional_offset_profile_reliability,wasted_vote_resistance,major_party_gravity,strategic_transfer_confidence,strategic_lane_reservoir,strategic_lane_pressure,strategic_lane_transfer_out,strategic_lane_transfer_in,strategic_lane_transfer_net,lineage_identity_distinctiveness,lineage_identity_score,lineage_identity_log_shift,lineage_identity_transfer,lineage_identity_gain,lineage_identity_candidate_lineage,lineage_identity_evidence,direct_mega_issue,direct_mega_score,direct_mega_log_shift,government_direction_score,government_evidence_weight,government_evidence_count,government_negative_evidence_mass,government_positive_evidence_mass,government_negative_share,government_negative_issue_count,government_rejection_breadth,government_rejection_strength,mega_issue_intensity_response,party_base_resistance,conversion_resistance,incumbent_burden_resistance,incumbent_burden_exposure,government_burden_log_shift,rupture_extra_log_shift,incumbent_shock_log_shift,regime_core_floor,dominant_slot,runner_up_slot,contest_regime,dominance_activation,regime_base_activation,regime_rejection_activation,regime_certainty,regime_reliability,structural_score_gap,directional_advantage,cumulative_rejection_advantage,dominant_cumulative_rejection,runner_cumulative_rejection,contest_regime_log_shift,critical_regime_log_shift,swing_regime_log_shift,automatic_contest_response_gain,rejection_beneficiary_transfer_in,rejection_beneficiary_transfer_out,rejection_beneficiary_transfer_net,rejection_beneficiary_rate,rejection_beneficiary_core_floor,selected_stage,v24_pre_extension_pred,strong_veto_transfer_in,strong_veto_transfer_out,strong_veto_transfer_net,strong_veto_rate,strong_veto_projected_margin,strong_veto_rupture_floor_activation,strong_veto_effective_floor,v24_post_strong_veto_pred,v24_post_lineage_ceiling_pred,weak_lane_refusal_transfer_in,weak_lane_refusal_transfer_out,weak_lane_refusal_transfer_net,weak_lane_refusal_reservoir,weak_lane_refusal_rate,weak_lane_refusal_floor,v24_post_weak_lane_refusal_pred,predicted_share,v27_prior_election_vote_weight,v26_pre_regional_polarization_pred
pres_2025,sido_11,이재명,더불어민주당,6439139.0,,0.0,0.0,0.0,0.3333333333333333,0.3523805184331374,0.0,False,이재명,0.6666666666666665,0.2896721245338289,0.2694803092555142,0.1927200456185204,0.3388533344108213,0.4916281666208978,0.4620622309416932,0.0444649943024245,-0.0133271234205082,0.009654995848395,-0.0014988873637945,0.0113748022201705,-0.0042965297210332,0.0,0.0,0.0,0.3943268321224833,0.4212125409088231,0.0268857087863397,0.0656505871287893,35.06250786664815,0.3943268321224833,0.4255274279248547,0.4212125409088231,0.4682090657078718,14.02907786819996,21.03342999844819,0.8752267587415122,0.0469965247990487,0.0469965247990487,0.0,0.0,0.0,0.0,0.0,0.0,0.0,0.0,0.0,0.0,0.0,0.0,0.0,0.0,0.0,0.0,0.0,0.0,0.0,0.0,0.0,0.0,0.0,0.0,0.3845110885888714,0.0262164588122875,0.0999999999999998,0.0,1.0,1.0,0.0,0.0,0.8355622415872942,0.0,0.0,0.0,0.0,0.0,0.3845110885888714,0.0219054830916759,0.7611241181323437,0.1388758818676564,0.0999999999999998,0.3820726113902847,0.0024384771985867,0.0,0.0,0.0,0.0,0.0,0.0,0.0,0.0,0.0,0.0,0.0,0.0,0.0,0.0,0.0,0.0,0.0,0.0,0.0,A,B,0.3232966614252271,0.3523805184331374,0.3534587962857938,A,0.5603377818537754,0.3523805184331374,0.0,0.0,0.0,0.0,0.3523805184331374,0.3845110885888714,0.3523805184331374,3.5995272633130793e-09,0.3845110894487117,0.3523805184331374,0.4459655992444726,0.3640786535345543,0.3237977736675173,0.0220769471903093,0.0182039326767276,0.0,0.0,0.0,0.0,0.0,0.3640786535345543,0.0,0.3640786535345543,0.0,none,0.0,0.0,0.0,0.0,0.0,0.0,0.0,0.0,0.0,0.0,0.0,0.0,0.0,0.0,,none,,0.0,0.0,0.0,0.0,0.0,0.0,0.0,0.0,0.0,0.0,0.0,2.0,1.0,0.0,1.0,0.0,0.0,0.0,0.0,0.283396475934739,A,B,rupture_landslide,1.0,1.0,1.0,1.0,0.8635527978308968,0.0783808307225959,0.2865126822542734,0.1357048353688699,-0.0,0.1357048353688699,0.6499999999999999,0.4874999999999999,0.8124999999999999,0.6499999999999999,0.0,0.0,0.0,0.0,0.283396475934739,structural_mega_shock_regime,0.4161129900509476,0.0463481024475822,0.0,0.0463481024475822,0.1572516557269645,0.1079866174347145,0.894435410009439,0.0,0.4624610924985298,0.5550538265456989,0.0052839553080764,0.0,0.0052839553080764,0.0,0.0,0.0,0.5603377818537754,0.5603377818537754,6439139.0,0.5603377818537754
pres_2025,sido_26,이재명,더불어민주당,2180178.0,,0.0,0.0,0.0,0.3333333333333333,0.2654923950258293,0.0,False,이재명,0.6666666666666665,0.2896721245338289,0.2694803092555142,0.1927200456185204,0.3388533344108213,0.4916281666208978,0.4620622309416932,0.0444649943024245,-0.0133271234205082,0.009654995848395,-0.0014988873637945,0.0113748022201705,-0.0042965297210332,0.0,0.0,0.0,0.3054198612100216,0.3395769866689582,0.0341571254589366,0.0793605811254056,34.35675871001022,0.3088718342321752,0.2812058620466623,0.3395769866689582,0.3379298708265014,14.02907786819996,20.32768084181026,0.8752267587415122,0.0,-0.0016471158424568,0.0,0.0,0.0,0.0,0.0,0.0,0.0,0.0,0.0,0.0,0.0,0.0,0.0,0.0,0.0,0.0,0.0,0.0,0.0,0.0,0.0,0.0,0.0,0.0,0.2967645799337299,0.0331891480416677,0.0999999999999999,0.0,1.0,1.0,0.0,0.0,0.8355622415872942,0.0,0.0,0.0,0.0,0.0,0.2967645799337299,0.0277315989340684,0.777238187091744,0.122761812908256,0.0999999999999998,0.3820726113902847,-0.0853080314565548,0.0,0.0,0.0,0.0,0.0,0.0,0.0,0.0,0.0,0.0,0.0,0.0,0.0,0.0,0.0,0.0,0.0,0.0,0.0,A,B,0.3232966614252271,0.2654923950258293,0.2661079217451679,A,0.48373341675938786,0.2654923950258293,0.0,0.0,0.0,0.0,0.2654923950258293,0.2967645799337299,0.2654923950258293,3.5995272633130793e-09,0.2967645807355671,0.2654923950258293,0.3565029674779806,0.2768687165823482,0.2365682831760702,0.0264569975771606,0.0138434358291173,0.0,0.0,0.0,0.0,0.0,0.2768687165823482,0.0,0.2768687165823482,0.0,none,0.0,0.0,0.0,0.0,0.0,0.0,0.0,0.0,0.0,0.0,0.0,0.0,0.0,0.0,,none,,0.0,0.0,0.0,0.0,0.0,0.0,0.0,0.0,0.0,0.0,0.0,2.0,1.0,0.0,1.0,0.0,0.0,0.0,0.0,0.2070508917052361,A,B,rupture_landslide,1.0,1.0,1.0,1.0,0.8635527978308968,0.0783808307225959,0.2865126822542734,0.1357048353688699,-0.0,0.1357048353688699,0.6499999999999999,0.4874999999999999,0.8124999999999999,0.6499999999999999,0.0,0.0,0.0,0.0,0.2070508917052361,structural_mega_shock_regime,0.3523057912504577,0.0632144408473214,0.0,0.0632144408473214,0.1572516557269645,0.1079866174347145,0.894435410009439,0.0,0.4155202320977792,0.4811180713502018,0.002615345409186,0.0,0.002615345409186,0.0,0.0,0.0,0.4837334167593879,0.48373341675938786,2180178.0,0.4837334167593879
pres_2025,sido_27,이재명,더불어민주당,1596806.0,,0.0,0.0,0.0,0.3333333333333333,0.1064386228236592,0.0,False,이재명,0.6666666666666665,0.2896721245338289,0.2694803092555142,0.1927200456185204,0.3388533344108213,0.4916281666208978,0.4620622309416932,0.0444649943024245,-0.0133271234205082,0.009654995848395,-0.0014988873637945,0.0113748022201705,-0.0042965297210332,0.0,0.0,0.0,0.1748212876601016,0.2080641789691696,0.033242891309068,0.0663556337948098,33.667672371790005,0.1818766670726151,0.1253310540761785,0.2080641789691696,0.190743456122455,14.02907786819996,19.63859450359005,0.8752267587415122,0.0,-0.0173207228467145,0.0,0.0,0.0,0.0,0.0,0.0,0.0,0.0,0.0,0.0,0.0,0.0,0.0,0.0,0.0,0.0,0.0,0.0,0.0,0.0,0.0,0.0,0.0,0.0,0.1671013094632183,0.0317749099233781,0.0999999999999999,0.0,1.0,1.0,0.0,0.0,0.8355622415872942,0.0,0.0,0.0,0.0,0.0,0.1671013094632183,0.0265499149618121,0.7677312446850216,0.1322687553149784,0.0999999999999999,0.3820726113902847,-0.2149713019270663,0.0,0.0,0.0,0.0,0.0,0.0,0.0,0.0,0.0,0.0,0.0,0.0,0.0,0.0,0.0,0.0,0.0,0.0,0.0,A,B,0.3232966614252271,0.1064386228236592,0.106667740228563,A,0.33717181259739076,0.1064386228236593,0.0,0.0,0.0,0.0,0.1064386228236593,0.1671013094632183,0.1064386228236593,3.5995272633130793e-09,0.167101310299276,0.1064386228236593,0.2095200816689624,0.1193238051793221,0.0952462086681007,0.0181114062522552,0.0059661902589661,0.0,0.0,0.0,0.0,0.0,0.1193238051793221,0.0,0.1193238051793221,0.0,none,0.0,0.0,0.0,0.0,0.0,0.0,0.0,0.0,0.0,0.0,0.0,0.0,0.0,0.0,,none,,0.0,0.0,0.0,0.0,0.0,0.0,0.0,0.0,0.0,0.0,0.0,2.0,1.0,0.0,1.0,0.0,0.0,0.0,0.0,0.0833620304949995,A,B,rupture_landslide,1.0,1.0,1.0,1.0,0.8635527978308968,0.0783808307225959,0.2865126822542734,0.1357048353688699,-0.0,0.1357048353688699,0.6499999999999999,0.4874999999999999,0.8124999999999999,0.6499999999999999,0.0,0.0,0.0,0.0,0.0833620304949995,structural_mega_shock_regime,0.2097602916114894,0.0844598448954416,0.0,0.0844598448954416,0.1572516557269645,0.1079866174347145,0.894435410009439,0.0,0.2942201365069311,0.3353515241632354,0.0018202884341554,0.0,0.0018202884341554,0.0,0.0,0.0,0.3371718125973908,0.33717181259739076,1596806.0,0.3371718125973908
pres_2025,sido_28,이재명,더불어민주당,1867054.0,,0.0,0.0,0.0,0.3333333333333333,0.3693532463920286,0.0,False,이재명,0.6666666666666665,0.2896721245338289,0.2694803092555142,0.1927200456185204,0.3388533344108213,0.4916281666208978,0.4620622309416932,0.0444649943024245,-0.0133271234205082,0.009654995848395,-0.0014988873637945,0.0113748022201705,-0.0042965297210332,0.0,0.0,0.0,0.3933174165746846,0.4272914162253518,0.0339739996506671,0.082563239526873,34.70813157875724,0.3933174165746846,0.4124647625273149,0.4272914162253518,0.4568958200477477,14.02907786819996,20.67905371055728,0.8752267587415122,0.0296044038223959,0.0296044038223959,0.0,0.0,0.0,0.0,0.0,0.0,0.0,0.0,0.0,0.0,0.0,0.0,0.0,0.0,0.0,0.0,0.0,0.0,0.0,0.0,0.0,0.0,0.0,0.0,0.385499735361537,0.0332987234294473,0.1,0.0,1.0,1.0,0.0,0.0,0.8355622415872942,0.0,0.0,0.0,0.0,0.0,0.385499735361537,0.0278231559907043,0.7629448654001488,0.1370551345998511,0.1,0.3820726113902847,0.0034271239712522,0.0,0.0,0.0,0.0,0.0,0.0,0.0,0.0,0.0,0.0,0.0,0.0,0.0,0.0,0.0,0.0,0.0,0.0,0.0,A,B,0.3232966614252271,0.3693532463920286,0.3704243347324691,A,0.5797932756119916,0.3693532463920286,0.0,0.0,0.0,0.0,0.3693532463920286,0.385499735361537,0.3693532463920286,3.5995272633130793e-09,0.3854997362148234,0.3693532463920286,0.4557337834301872,0.3801508135217983,0.3324287212315238,0.0287145516141845,0.0190075406760899,0.0,0.0,0.0,0.0,0.0,0.3801508135217984,0.0,0.3801508135217984,0.0,none,0.0,0.0,0.0,0.0,0.0,0.0,0.0,0.0,0.0,0.0,0.0,0.0,0.0,0.0,,none,,0.0,0.0,0.0,0.0,0.0,0.0,0.0,0.0,0.0,0.0,0.0,2.0,1.0,0.0,1.0,0.0,0.0,0.0,0.0,0.2909505121960523,A,B,rupture_landslide,1.0,1.0,1.0,1.0,0.8635527978308968,0.0783808307225959,0.2865126822542734,0.1357048353688699,-0.0,0.1357048353688699,0.6499999999999999,0.4874999999999999,0.8124999999999999,0.6499999999999999,0.0,0.0,0.0,0.0,0.2909505121960523,structural_mega_shock_regime,0.4347787730025504,0.0457803255816071,0.0,0.0457803255816071,0.1572516557269645,0.1079866174347145,0.894435410009439,0.0,0.4805590985841576,0.5751648304140491,0.0046284451979423,0.0,0.0046284451979423,0.0,0.0,0.0,0.5797932756119915,0.5797932756119916,1867054.0,0.5797932756119915
pres_2025,sido_29,이재명,더불어민주당,978601.0,,0.0,0.0,0.0,0.3333333333333333,0.700105317364182,0.0,False,이재명,0.6666666666666665,0.2896721245338289,0.2694803092555142,0.1927200456185204,0.3388533344108213,0.4916281666208978,0.4620622309416932,0.0444649943024245,-0.0133271234205082,0.009654995848395,-0.0014988873637945,0.0113748022201705,-0.0042965297210332,0.0,0.0,0.0,0.6863614049784048,0.6867728656799058,0.0004114607015009,0.0831226153602848,34.70813157875724,0.6863614049784047,0.7516571637595643,0.6867728656799058,0.7935430509068995,14.02907786819996,20.67905371055728,0.8752267587415122,0.1067701852269936,0.1067701852269936,0.0,0.0,0.0,0.0,0.0,0.0,0.0,0.0,0.0,0.0,0.0,0.0,0.0,0.0,0.0,0.0,0.0,0.0,0.0,0.0,0.0,0.0,0.0,0.0,0.6863614049784048,0.0004114607015009,0.160869101038261,0.0,1.0,1.0,0.0,0.0,0.8355622415872942,0.0,0.0,0.0,0.0,0.0,0.6863614049784048,0.0003438010260712,0.7304862471969895,0.1086446517647494,0.160869101038261,0.3820726113902847,0.3042887935881201,0.0,0.0,0.0,0.0,0.0,0.0,0.0,0.0,0.0,0.0,0.0,0.0,0.0,0.0,0.0,0.0,0.0,0.0,0.0,A,B,0.3232966614252271,0.700105317364182,0.7024431149121395,A,0.8526893547967096,0.700105317364182,0.0,0.0,0.0,0.0,0.700105317364182,0.6992667207970238,0.700105317364182,3.5995272633130793e-09,0.686361405948527,0.700105317364182,0.7993981787163883,0.7125169250332078,0.6764855384755257,0.0004055403060216,0.0356258462516604,0.0,0.0,0.0,0.0,0.0,0.7125169250332078,0.0,0.7125169250332078,0.0,none,0.0,0.0,0.0,0.0,0.0,0.0,0.0,0.0,0.0,0.0,0.0,0.0,0.0,0.0,,none,,0.0,0.0,0.0,0.0,0.0,0.0,0.0,0.0,0.0,0.0,0.0,2.0,1.0,0.0,1.0,0.0,0.0,0.0,0.0,0.5920782451754409,A,B,rupture_landslide,1.0,1.0,1.0,1.0,0.8635527978308968,0.0783808307225959,0.2865126822542734,0.1357048353688699,-0.0,0.1357048353688699,0.6499999999999999,0.4874999999999999,0.8124999999999999,0.6499999999999999,0.0,0.0,0.0,0.0,0.5920782451754409,structural_mega_shock_regime,0.7183228813866611,0.0021521138296298,0.0,0.0021521138296298,0.1572516557269645,0.1079866174347145,0.894435410009439,0.0,0.720474995216291,0.8326628480126592,0.0200265067840502,0.0,0.0200265067840502,0.0,0.0,0.0,0.8526893547967095,0.8526893547967096,978601.0,0.8526893547967095
pres_2025,sido_30,이재명,더불어민주당,936401.0,,0.0,0.0,0.0,0.3333333333333333,0.3406719355358107,0.0,False,이재명,0.6666666666666665,0.2896721245338289,0.2694803092555142,0.1927200456185204,0.3388533344108213,0.4916281666208978,0.4620622309416932,0.0444649943024245,-0.0133271234205082,0.009654995848395,-0.0014988873637945,0.0113748022201705,-0.0042965297210332,0.0,0.0,0.0,0.3694777649206199,0.409166057516259,0.0396882925956391,0.0971202791007463,34.522429958879755,0.3694777649206199,0.3704285830542227,0.409166057516259,0.4463664696038951,14.02907786819996,20.4933520906798,0.8752267587415122,0.037200412087636,0.037200412087636,0.0,0.0,0.0,0.0,0.0,0.0,0.0,0.0,0.0,0.0,0.0,0.0,0.0,0.0,0.0,0.0,0.0,0.0,0.0,0.0,0.0,0.0,0.0,0.0,0.360628023190121,0.0387376775044405,0.0999999999999999,0.0,1.0,1.0,0.0,0.0,0.8355622415872942,0.0,0.0,0.0,0.0,0.0,0.360628023190121,0.032367740649496,0.6887439079916914,0.2112560920083086,0.0999999999999999,0.3820726113902847,-0.0214445882001636,0.0,0.0,0.0,0.0,0.0,0.0,0.0,0.0,0.0,0.0,0.0,0.0,0.0,0.0,0.0,0.0,0.0,0.0,0.0,A,B,0.3232966614252271,0.3406719355358107,0.3418806297597143,A,0.5296804542073682,0.3406719355358106,0.0,0.0,0.0,0.0,0.3406719355358107,0.360628023190121,0.3406719355358107,3.5995272633130793e-09,0.3606280243104958,0.3406719355358106,0.4334328942481426,0.3522670553748522,0.3021929600218655,0.032460742584244,0.0176133527687426,0.0,0.0,0.0,0.0,0.0,0.3522670553748521,0.0,0.3522670553748521,0.0,none,0.0,0.0,0.0,0.0,0.0,0.0,0.0,0.0,0.0,0.0,0.0,0.0,0.0,0.0,,none,,0.0,0.0,0.0,0.0,0.0,0.0,0.0,0.0,0.0,0.0,0.0,2.0,1.0,0.0,1.0,0.0,0.0,0.0,0.0,0.2644873649144407,A,B,rupture_landslide,1.0,1.0,1.0,1.0,0.8635527978308968,0.0783808307225959,0.2865126822542734,0.1357048353688699,-0.0,0.1357048353688699,0.6499999999999999,0.4874999999999999,0.8124999999999999,0.6499999999999999,0.0,0.0,0.0,0.0,0.2644873649144407,structural_mega_shock_regime,0.4012939989166196,0.0422445514285632,0.0,0.0422445514285632,0.1572516557269645,0.1079866174347145,0.894435410009439,0.0,0.4435385503451829,0.5201615453067967,0.0095189089005714,0.0,0.0095189089005714,0.0,0.0,0.0,0.5296804542073682,0.5296804542073682,936401.0,0.5296804542073682
pres_2025,sido_31,이재명,더불어민주당,728390.0,,0.0,0.0,0.0,0.3333333333333333,0.2594374417440143,0.0,False,이재명,0.6666666666666665,0.2896721245338289,0.2694803092555142,0.1927200456185204,0.3388533344108213,0.4916281666208978,0.4620622309416932,0.0444649943024245,-0.0133271234205082,0.009654995848395,-0.0014988873637945,0.0113748022201705,-0.0042965297210332,0.0,0.0,0.0,0.2457411422180484,0.3059443086361247,0.0602031664180763,0.1133420463343305,31.930221309628195,0.2596533381291737,0.1541746935159604,0.3059443086361247,0.2997813670850028,13.163478905420616,18.76674240420758,0.8681041459895431,0.0,-0.0061629415511219,0.0,0.0,0.0,0.0,0.0,0.0,0.0,0.0,0.0,0.0,0.0,0.0,0.0,0.0,0.0,0.0,0.0,0.0,0.0,0.0,0.0,0.0,0.0,0.0,0.2457411422180484,0.0602031664180763,0.1577469575465357,0.0,1.0,1.0,0.0,0.0,0.8355622415872942,0.0,0.0,0.0,0.0,0.0,0.2457411422180484,0.0503034926829407,0.694167092866242,0.1480859495872222,0.1577469575465357,0.3820726113902847,-0.1363314691722362,0.0,0.0,0.0,0.0,0.0,0.0,0.0,0.0,0.0,0.0,0.0,0.0,0.0,0.0,0.0,0.0,0.0,0.0,0.0,A,B,0.3232966614252271,0.2594374417440143,0.2601355700891575,A,0.49541341948482476,0.2594374417440143,0.0,0.0,0.0,0.0,0.2594374417440143,0.2594374417440143,0.2594374417440143,3.5995272633130793e-09,0.2457411433189023,0.2594374417440143,0.3468697757448996,0.270366483494125,0.2063060441592554,0.0505421151601632,0.0135183241747062,0.0,0.0,0.0,0.0,0.0,0.270366483494125,0.0,0.270366483494125,0.0,none,0.0,0.0,0.0,0.0,0.0,0.0,0.0,0.0,0.0,0.0,0.0,0.0,0.0,0.0,,none,,0.0,0.0,0.0,0.0,0.0,0.0,0.0,0.0,0.0,0.0,0.0,2.0,1.0,0.0,1.0,0.0,0.0,0.0,0.0,0.1790951322773514,A,B,rupture_landslide,1.0,1.0,1.0,1.0,0.8635527978308968,0.0783808307225959,0.2865126822542734,0.1357048353688699,-0.0,0.1357048353688699,0.6499999999999999,0.4874999999999999,0.8124999999999999,0.6499999999999999,0.0,0.0,0.0,0.0,0.1790951322773514,structural_mega_shock_regime,0.3494522277407578,0.059254197379349,0.0,0.059254197379349,0.1572516557269645,0.1079866174347145,0.894435410009439,0.0,0.4087064251201069,0.4927309984042533,0.0026824210805714,0.0,0.0026824210805714,0.0,0.0,0.0,0.4954134194848247,0.49541341948482476,728390.0,0.4954134194848247
pres_2025,sido_36,이재명,더불어민주당,229891.0,,0.0,0.0,0.0,0.3333333333333333,0.3899478948066707,0.0,False,이재명,0.6666666666666665,0.2896721245338289,0.2694803092555142,0.1927200456185204,0.3388533344108213,0.4916281666208978,0.4620622309416932,0.0444649943024245,-0.0133271234205082,0.009654995848395,-0.0014988873637945,0.0113748022201705,-0.0042965297210332,0.0,0.0,0.0,0.438544925344059,0.4709459123658089,0.0324009870217499,0.0803724902869325,15.790646940971822,0.438544925344059,0.4782520893528443,0.4709459123658089,0.482140147534863,6.549710037541216,9.240936903430606,0.766073938037883,0.0111942351690541,0.0111942351690541,0.0,0.0,0.0,0.0,0.0,0.0,0.0,0.0,0.0,0.0,0.0,0.0,0.0,0.0,0.0,0.0,0.0,0.0,0.0,0.0,0.0,0.0,0.0,0.0,0.4308259472584656,0.0318306862513641,0.0999999999999999,0.0,1.0,1.0,0.0,0.0,0.8355622415872942,0.0,0.0,0.0,0.0,0.0,0.4308259472584656,0.0265965195554517,0.682276405747414,0.2177235942525859,0.0999999999999999,0.3820726113902847,0.0487533358681809,0.0,0.0,0.0,0.0,0.0,0.0,0.0,0.0,0.0,0.0,0.0,0.0,0.0,0.0,0.0,0.0,0.0,0.0,0.0,A,B,0.3232966614252271,0.3899478948066707,0.3912537876285638,A,0.6148375424528862,0.3899478948066707,0.0,0.0,0.0,0.0,0.3899478948066707,0.4308259472584657,0.3899478948066707,3.5995272633130793e-09,0.4308259484021204,0.3899478948066707,0.5016514229904968,0.403910835829649,0.3573157565632124,0.026399537474954,0.0201955417914824,0.0,0.0,0.0,0.0,0.0,0.403910835829649,0.0,0.403910835829649,0.0,none,0.0,0.0,0.0,0.0,0.0,0.0,0.0,0.0,0.0,0.0,0.0,0.0,0.0,0.0,,none,,0.0,0.0,0.0,0.0,0.0,0.0,0.0,0.0,0.0,0.0,0.0,2.0,1.0,0.0,1.0,0.0,0.0,0.0,0.0,0.2737302887533657,A,B,rupture_landslide,1.0,1.0,1.0,1.0,0.8635527978308968,0.0783808307225959,0.2865126822542734,0.1357048353688699,-0.0,0.1357048353688699,0.6499999999999999,0.4874999999999999,0.8124999999999999,0.6499999999999999,0.0,0.0,0.0,0.0,0.2737302887533657,structural_mega_shock_regime,0.4762539087239936,0.0351271836913437,0.0,0.0351271836913437,0.1572516557269645,0.1079866174347145,0.894435410009439,0.0,0.5113810924153374,0.60524690974091,0.0095906327119762,0.0,0.0095906327119762,0.0,0.0,0.0,0.6148375424528862,0.6148375424528862,229891.0,0.6148375424528862
pres_2025,sido_41,이재명,더불어민주당,8691376.0,,0.0,0.0,0.0,0.3333333333333333,0.3787615487114466,0.0,False,이재명,0.6666666666666665,0.2896721245338289,0.2694803092555142,0.1927200456185204,0.3388533344108213,0.4916281666208978,0.4620622309416932,0.0444649943024245,-0.0133271234205082,0.009654995848395,-0.0014988873637945,0.0113748022201705,-0.0042965297210332,0.0,0.0,0.0,0.3944024483838901,0.4257402265847109,0.0313377782008207,0.0767549849167038,34.775343292054046,0.3944024483838901,0.4212375645405484,0.4257402265847109,0.4703347355294481,14.02907786819996,20.746265423854087,0.8752267587415122,0.0445945089447372,0.0445945089447372,0.0,0.0,0.0,0.0,0.0,0.0,0.0,0.0,0.0,0.0,0.0,0.0,0.0,0.0,0.0,0.0,0.0,0.0,0.0,0.0,0.0,0.0,0.0,0.0,0.3871212311133439,0.0307592392673244,0.0999999999999999,0.0,1.0,1.0,0.0,0.0,0.8355622415872942,0.0,0.0,0.0,0.0,0.0,0.3871212311133439,0.0257012589117255,0.7597735145667994,0.1402264854332006,0.0999999999999999,0.3820726113902847,0.0050486197230592,0.0,0.0,0.0,0.0,0.0,0.0,0.0,0.0,0.0,0.0,0.0,0.0,0.0,0.0,0.0,0.0,0.0,0.0,0.0,A,B,0.3232966614252271,0.3787615487114466,0.3798739800118507,A,0.5842650498437261,0.3787615487114466,0.0,0.0,0.0,0.0,0.3787615487114466,0.3871212311133439,0.3787615487114466,3.5995272633130793e-09,0.3871212319780457,0.3787615487114466,0.455756625251813,0.3883859332789924,0.3418078343695979,0.0271588022454448,0.0194192966639496,0.0,0.0,0.0,0.0,0.0,0.3883859332789924,0.0,0.3883859332789924,0.0,none,0.0,0.0,0.0,0.0,0.0,0.0,0.0,0.0,0.0,0.0,0.0,0.0,0.0,0.0,,none,,0.0,0.0,0.0,0.0,0.0,0.0,0.0,0.0,0.0,0.0,0.0,2.0,1.0,0.0,1.0,0.0,0.0,0.0,0.0,0.2991593629877588,A,B,rupture_landslide,1.0,1.0,1.0,1.0,0.8635527978308968,0.0783808307225959,0.2865126822542734,0.1357048353688699,-0.0,0.1357048353688699,0.6499999999999999,0.4874999999999999,0.8124999999999999,0.6499999999999999,0.0,0.0,0.0,0.0,0.2991593629877588,structural_mega_shock_regime,0.4411159942557763,0.0444291402303492,0.0,0.0444291402303492,0.1572516557269645,0.1079866174347145,0.894435410009439,0.0,0.4855451344861255,0.5791151061287568,0.0051499437149692,0.0,0.0051499437149692,0.0,0.0,0.0,0.5842650498437261,0.5842650498437261,8691376.0,0.5842650498437261
pres_2025,sido_42,이재명,더불어민주당,1005840.0,,0.0,0.0,0.0,0.3333333333333333,0.2782012061925487,0.0,False,이재명,0.6666666666666665,0.2896721245338289,0.2694803092555142,0.1927200456185204,0.3388533344108213,0.4916281666208978,0.4620622309416932,0.0444649943024245,-0.0133271234205082,0.009654995848395,-0.0014988873637945,0.0113748022201705,-0.0042965297210332,0.0,0.0,0.0,0.3423429278880955,0.3725187825114813,0.0301758546233857,0.0747601160972957,35.06250786664815,0.342374967974541,0.342118181454272,0.3725187825114813,0.3892322366437145,14.02907786819996,21.03342999844819,0.8752267587415122,0.0167134541322331,0.0167134541322331,0.0,0.0,0.0,0.0,0.0,0.0,0.0,0.0,0.0,0.0,0.0,0.0,0.0,0.0,0.0,0.0,0.0,0.0,0.0,0.0,0.0,0.0,0.0,0.0,0.3335209513957015,0.0293982405456899,0.0999999999999999,0.0,1.0,1.0,0.0,0.0,0.8355622415872942,0.0,0.0,0.0,0.0,0.0,0.3335209513957015,0.0245640597690791,0.7854029767162176,0.1145970232837823,0.0999999999999998,0.3820726113902847,-0.0485516599945832,0.0,0.0,0.0,0.0,0.0,0.0,0.0,0.0,0.0,0.0,0.0,0.0,0.0,0.0,0.0,0.0,0.0,0.0,0.0,A,B,0.3232966614252271,0.2782012061925487,0.2788860351605815,A,0.5051488724279717,0.2782012061925487,0.0,0.0,0.0,0.0,0.2782012061925487,0.3335209513957015,0.2782012061925487,3.5995272633130793e-09,0.3335209521681493,0.2782012061925487,0.3907393125606462,0.2922684694885609,0.2551636208905856,0.0224914251235472,0.014613423474428,0.0,0.0,0.0,0.0,0.0,0.2922684694885609,0.0,0.2922684694885609,0.0,none,0.0,0.0,0.0,0.0,0.0,0.0,0.0,0.0,0.0,0.0,0.0,0.0,0.0,0.0,,none,,0.0,0.0,0.0,0.0,0.0,0.0,0.0,0.0,0.0,0.0,0.0,2.0,1.0,0.0,1.0,0.0,0.0,0.0,0.0,0.2233260288608153,A,B,rupture_landslide,1.0,1.0,1.0,1.0,0.8635527978308968,0.0783808307225959,0.2865126822542734,0.1357048353688699,-0.0,0.1357048353688699,0.6499999999999999,0.4874999999999999,0.8124999999999999,0.6499999999999999,0.0,0.0,0.0,0.0,0.2233260288608153,structural_mega_shock_regime,0.3672539199912193,0.0597046603015373,0.0,0.0597046603015373,0.1572516557269645,0.1079866174347145,0.894435410009439,0.0,0.4269585802927567,0.5025091765629206,0.002639695865051,0.0,0.002639695865051,0.0,0.0,0.0,0.5051488724279716,0.5051488724279717,1005840.0,0.5051488724279716
pres_2025,sido_43,이재명,더불어민주당,1010209.0,,0.0,0.0,0.0,0.3333333333333333,0.322293086117793,0.0,False,이재명,0.6666666666666665,0.2896721245338289,0.2694803092555142,0.1927200456185204,0.3388533344108213,0.4916281666208978,0.4620622309416932,0.0444649943024245,-0.0133271234205082,0.009654995848395,-0.0014988873637945,0.0113748022201705,-0.0042965297210332,0.0,0.0,0.0,0.3694278398156161,0.3997848725511403,0.0303570327355242,0.0740523736347662,34.87546419219996,0.3694278398156161,0.386712091884954,0.3997848725511403,0.432456498624689,14.02907786819996,20.846386324000004,0.8752267587415122,0.0326716260735486,0.0326716260735486,0.0,0.0,0.0,0.0,0.0,0.0,0.0,0.0,0.0,0.0,0.0,0.0,0.0,0.0,0.0,0.0,0.0,0.0,0.0,0.0,0.0,0.0,0.0,0.0,0.362910001186268,0.0298214416963249,0.1,0.0,1.0,1.0,0.0,0.0,0.8355622415872942,0.0,0.0,0.0,0.0,0.0,0.362910001186268,0.024917670671146,0.7609169750732592,0.1390830249267407,0.1,0.3820726113902847,-0.0191626102040167,0.0,0.0,0.0,0.0,0.0,0.0,0.0,0.0,0.0,0.0,0.0,0.0,0.0,0.0,0.0,0.0,0.0,0.0,0.0,A,B,0.3232966614252271,0.322293086117793,0.3232091130776831,A,0.5338519741019603,0.322293086117793,0.0,0.0,0.0,0.0,0.322293086117793,0.362910001186268,0.322293086117793,3.5995272633130793e-09,0.3629100020468538,0.322293086117793,0.4249607514943723,0.3351265442898654,0.2941952775882941,0.024174939487078,0.0167563272144932,0.0,0.0,0.0,0.0,0.0,0.3351265442898654,0.0,0.3351265442898654,0.0,none,0.0,0.0,0.0,0.0,0.0,0.0,0.0,0.0,0.0,0.0,0.0,0.0,0.0,0.0,,none,,0.0,0.0,0.0,0.0,0.0,0.0,0.0,0.0,0.0,0.0,0.0,2.0,1.0,0.0,1.0,0.0,0.0,0.0,0.0,0.2574875792406621,A,B,rupture_landslide,1.0,1.0,1.0,1.0,0.8635527978308968,0.0783808307225959,0.2865126822542734,0.1357048353688699,-0.0,0.1357048353688699,0.6499999999999999,0.4874999999999999,0.8124999999999999,0.6499999999999999,0.0,0.0,0.0,0.0,0.2574875792406621,structural_mega_shock_regime,0.3934913265324714,0.0517212185637317,0.0,0.0517212185637317,0.1572516557269645,0.1079866174347145,0.894435410009439,0.0,0.4452125450962031,0.5295771308163483,0.0042748432856119,0.0,0.0042748432856119,0.0,0.0,0.0,0.5338519741019602,0.5338519741019603,1010209.0,0.5338519741019602
pres_2025,sido_44,이재명,더불어민주당,1312113.0,,0.0,0.0,0.0,0.3333333333333333,0.3018377570099669,0.0,False,이재명,0.6666666666666665,0.2896721245338289,0.2694803092555142,0.1927200456185204,0.3388533344108213,0.4916281666208978,0.4620622309416932,0.0444649943024245,-0.0133271234205082,0.009654995848395,-0.0014988873637945,0.0113748022201705,-0.0042965297210332,0.0,0.0,0.0,0.3334651714290529,0.3724872301504685,0.0390220587214155,0.0960706500280008,34.87546419219996,0.3334651714290529,0.3527074205802574,0.3724872301504685,0.4146261582870291,14.02907786819996,20.846386324000004,0.8752267587415122,0.0421389281365606,0.0421389281365606,0.0,0.0,0.0,0.0,0.0,0.0,0.0,0.0,0.0,0.0,0.0,0.0,0.0,0.0,0.0,0.0,0.0,0.0,0.0,0.0,0.0,0.0,0.0,0.0,0.3334651714290529,0.0390220587214155,0.1149520178630706,0.0,1.0,1.0,0.0,0.0,0.8355622415872942,0.0,0.0,0.0,0.0,0.0,0.3334651714290529,0.032605358856617,0.6981691486185684,0.1868788335183609,0.1149520178630706,0.3820726113902847,-0.0486074399612317,0.0,0.0,0.0,0.0,0.0,0.0,0.0,0.0,0.0,0.0,0.0,0.0,0.0,0.0,0.0,0.0,0.0,0.0,0.0,A,B,0.3232966614252271,0.3018377570099669,0.3029128911835335,A,0.5003511106717979,0.3018377570099669,0.0,0.0,0.0,0.0,0.3018377570099669,0.3334651714290529,0.3018377570099669,3.5995272633130793e-09,0.3334651725155013,0.3018377570099669,0.4071840893860274,0.3150060485569745,0.2679054759642813,0.0313502701648444,0.0157503024278487,0.0,0.0,0.0,0.0,0.0,0.3150060485569745,0.0,0.3150060485569745,0.0,none,0.0,0.0,0.0,0.0,0.0,0.0,0.0,0.0,0.0,0.0,0.0,0.0,0.0,0.0,,none,,0.0,0.0,0.0,0.0,0.0,0.0,0.0,0.0,0.0,0.0,0.0,2.0,1.0,0.0,1.0,0.0,0.0,0.0,0.0,0.23447804137732,A,B,rupture_landslide,1.0,1.0,1.0,1.0,0.8635527978308968,0.0783808307225959,0.2865126822542734,0.1357048353688699,-0.0,0.1357048353688699,0.6499999999999999,0.4874999999999999,0.8124999999999999,0.6499999999999999,0.0,0.0,0.0,0.0,0.23447804137732,structural_mega_shock_regime,0.3660066807435325,0.0470236534052222,0.0,0.0470236534052222,0.1572516557269645,0.1079866174347145,0.894435410009439,0.0,0.4130303341487548,0.4925264592366458,0.007824651435152,0.0,0.007824651435152,0.0,0.0,0.0,0.5003511106717979,0.5003511106717979,1312113.0,0.5003511106717979
pres_2025,sido_45,이재명,더불어민주당,1225419.0,,0.0,0.0,0.0,0.3333333333333333,0.6819502195142253,0.0,False,이재명,0.6666666666666665,0.2896721245338289,0.2694803092555142,0.1927200456185204,0.3388533344108213,0.4916281666208978,0.4620622309416932,0.0444649943024245,-0.0133271234205082,0.009654995848395,-0.0014988873637945,0.0113748022201705,-0.0042965297210332,0.0,0.0,0.0,0.644310072607243,0.6763162953130104,0.0320062227057673,0.0805274636457205,35.06250786664815,0.6443100726072432,0.7728680178506913,0.6763162953130104,0.811990451808847,14.02907786819996,21.03342999844819,0.8752267587415122,0.1356741564958365,0.1356741564958365,0.0,0.0,0.0,0.0,0.0,0.0,0.0,0.0,0.0,0.0,0.0,0.0,0.0,0.0,0.0,0.0,0.0,0.0,0.0,0.0,0.0,0.0,0.0,0.0,0.644310072607243,0.0320062227057673,0.1409623202593469,0.0,1.0,1.0,0.0,0.0,0.8355622415872942,0.0,0.0,0.0,0.0,0.0,0.644310072607243,0.0267431911887731,0.723602840395488,0.1354348393451651,0.1409623202593469,0.3820726113902847,0.2622374612169583,0.0,0.0,0.0,0.0,0.0,0.0,0.0,0.0,0.0,0.0,0.0,0.0,0.0,0.0,0.0,0.0,0.0,0.0,0.0,A,B,0.3232966614252271,0.6819502195142253,0.6839717764779605,A,0.837443653822233,0.6819502195142253,0.0,0.0,0.0,0.0,0.6819502195142253,0.6814211833195698,0.6819502195142253,3.5995272633130793e-09,0.6443100736021421,0.6819502195142253,0.7724455805571067,0.6932621396445855,0.6274312677285858,0.0311677649337703,0.0346631069822293,0.0,0.0,0.0,0.0,0.0,0.6932621396445855,0.0,0.6932621396445855,0.0,none,0.0,0.0,0.0,0.0,0.0,0.0,0.0,0.0,0.0,0.0,0.0,0.0,0.0,0.0,,none,,0.0,0.0,0.0,0.0,0.0,0.0,0.0,0.0,0.0,0.0,0.0,2.0,1.0,0.0,1.0,0.0,0.0,0.0,0.0,0.5491446347871681,A,B,rupture_landslide,1.0,1.0,1.0,1.0,0.8635527978308968,0.0783808307225959,0.2865126822542734,0.1357048353688699,-0.0,0.1357048353688699,0.6499999999999999,0.4874999999999999,0.8124999999999999,0.6499999999999999,0.0,0.0,0.0,0.0,0.5491446347871681,structural_mega_shock_regime,0.7124182349808731,0.0073224191110341,0.0,0.0073224191110341,0.1572516557269645,0.1079866174347145,0.894435410009439,0.0,0.7197406540919072,0.8224100420686504,0.0150336117535823,0.0,0.0150336117535823,0.0,0.0,0.0,0.8374436538222327,0.837443653822233,1225419.0,0.8374436538222327
pres_2025,sido_46,이재명,더불어민주당,1271616.0,,0.0,0.0,0.0,0.3333333333333333,0.6984483363688382,0.0,False,이재명,0.6666666666666665,0.2896721245338289,0.2694803092555142,0.1927200456185204,0.3388533344108213,0.4916281666208978,0.4620622309416932,0.0444649943024245,-0.0133271234205082,0.009654995848395,-0.0014988873637945,0.0113748022201705,-0.0042965297210332,0.0,0.0,0.0,0.6714632431517412,0.6971405852923903,0.025677342140649,0.0854310337134301,35.06250786664815,0.6714632431517412,0.7574243429463532,0.6971405852923903,0.8108050370888935,14.02907786819996,21.03342999844819,0.8752267587415122,0.1136644517965032,0.1136644517965032,0.0,0.0,0.0,0.0,0.0,0.0,0.0,0.0,0.0,0.0,0.0,0.0,0.0,0.0,0.0,0.0,0.0,0.0,0.0,0.0,0.0,0.0,0.0,0.0,0.6714632431517412,0.025677342140649,0.1493351010181369,0.0,1.0,1.0,0.0,0.0,0.8355622415872942,0.0,0.0,0.0,0.0,0.0,0.6714632431517412,0.0214550175570446,0.7273241088973031,0.1233407900845598,0.1493351010181369,0.3820726113902847,0.2893906317614565,0.0,0.0,0.0,0.0,0.0,0.0,0.0,0.0,0.0,0.0,0.0,0.0,0.0,0.0,0.0,0.0,0.0,0.0,0.0,A,B,0.3232966614252271,0.6984483363688382,0.7006626600905091,A,0.8518819213144151,0.6984483363688382,0.0,0.0,0.0,0.0,0.6984483363688382,0.6971469691003029,0.6984483363688382,3.5995272633130793e-09,0.6714632441332455,0.6984483363688382,0.8014434381599805,0.7113227240927309,0.6508668691182099,0.0248897187698844,0.0355661362046365,0.0,0.0,0.0,0.0,0.0,0.7113227240927309,0.0,0.7113227240927309,0.0,none,0.0,0.0,0.0,0.0,0.0,0.0,0.0,0.0,0.0,0.0,0.0,0.0,0.0,0.0,,none,,0.0,0.0,0.0,0.0,0.0,0.0,0.0,0.0,0.0,0.0,0.0,2.0,1.0,0.0,1.0,0.0,0.0,0.0,0.0,0.5696561002305669,A,B,rupture_landslide,1.0,1.0,1.0,1.0,0.8635527978308968,0.0783808307225959,0.2865126822542734,0.1357048353688699,-0.0,0.1357048353688699,0.6499999999999999,0.4874999999999999,0.8124999999999999,0.6499999999999999,0.0,0.0,0.0,0.0,0.5696561002305669,structural_mega_shock_regime,0.7223334169372928,0.003573592112214,0.0,0.003573592112214,0.1572516557269645,0.1079866174347145,0.894435410009439,0.0,0.7259070090495068,0.8339188789222218,0.0179630423921931,0.0,0.0179630423921931,0.0,0.0,0.0,0.851881921314415,0.8518819213144151,1271616.0,0.851881921314415
pres_2025,sido_47,이재명,더불어민주당,1757696.0,,0.0,0.0,0.0,0.3333333333333333,0.0944583348579092,0.0,False,이재명,0.6666666666666665,0.2896721245338289,0.2694803092555142,0.1927200456185204,0.3388533344108213,0.4916281666208978,0.4620622309416932,0.0444649943024245,-0.0133271234205082,0.009654995848395,-0.0014988873637945,0.0113748022201705,-0.0042965297210332,0.0,0.0,0.0,0.1635333392321462,0.1969446246718237,0.0334112854396775,0.0644380069746611,34.87546419219996,0.171680287498159,0.1063862534261016,0.1969446246718237,0.1710065093236525,14.02907786819996,20.846386324000004,0.8752267587415122,0.0,-0.0259381153481711,0.0,0.0,0.0,0.0,0.0,0.0,0.0,0.0,0.0,0.0,0.0,0.0,0.0,0.0,0.0,0.0,0.0,0.0,0.0,0.0,0.0,0.0,0.0,0.0,0.1586881966543839,0.0324213806140214,0.0999999999999998,0.0,1.0,1.0,0.0,0.0,0.8355622415872942,0.0,0.0,0.0,0.0,0.0,0.1586881966543839,0.0270900814612066,0.7797074132548529,0.120292586745147,0.0999999999999999,0.3820726113902847,-0.2233844147359007,0.0,0.0,0.0,0.0,0.0,0.0,0.0,0.0,0.0,0.0,0.0,0.0,0.0,0.0,0.0,0.0,0.0,0.0,0.0,A,B,0.3232966614252271,0.0944583348579092,0.0946514200534746,A,0.3266097057919623,0.0944583348579092,0.0,0.0,0.0,0.0,0.0944583348579092,0.1586881966543839,0.0944583348579092,3.5995272633130793e-09,0.1586881974473331,0.0944583348579092,0.2005554107541963,0.1077204693449451,0.084973599460953,0.0173608464167448,0.0053860234672472,0.0,0.0,0.0,0.0,0.0,0.1077204693449451,0.0,0.1077204693449451,0.0,none,0.0,0.0,0.0,0.0,0.0,0.0,0.0,0.0,0.0,0.0,0.0,0.0,0.0,0.0,,none,,0.0,0.0,0.0,0.0,0.0,0.0,0.0,0.0,0.0,0.0,0.0,2.0,1.0,0.0,1.0,0.0,0.0,0.0,0.0,0.0743711680348094,A,B,rupture_landslide,1.0,1.0,1.0,1.0,0.8635527978308968,0.0783808307225959,0.2865126822542734,0.1357048353688699,-0.0,0.1357048353688699,0.6499999999999999,0.4874999999999999,0.8124999999999999,0.6499999999999999,0.0,0.0,0.0,0.0,0.0743711680348094,structural_mega_shock_regime,0.1971021654345634,0.0876774909508171,0.0,0.0876774909508171,0.1572516557269645,0.1079866174347145,0.894435410009439,0.0,0.2847796563853806,0.3251843179861456,0.0014253878058166,0.0,0.0014253878058166,0.0,0.0,0.0,0.3266097057919623,0.3266097057919623,1757696.0,0.3266097057919623
pres_2025,sido_48,이재명,더불어민주당,2124344.0,,0.0,0.0,0.0,0.3333333333333333,0.2539192933562397,0.0,False,이재명,0.6666666666666665,0.2896721245338289,0.2694803092555142,0.1927200456185204,0.3388533344108213,0.4916281666208978,0.4620622309416932,0.0444649943024245,-0.0133271234205082,0.009654995848395,-0.0014988873637945,0.0113748022201705,-0.0042965297210332,0.0,0.0,0.0,0.2554997213001066,0.3013257575051536,0.0458260362050469,0.0846815067431006,34.775343292054046,0.2689031205111503,0.1614810556849558,0.3013257575051536,0.2994169710099452,14.02907786819996,20.746265423854087,0.8752267587415122,0.0,-0.0019087864952083,0.0,0.0,0.0,0.0,0.0,0.0,0.0,0.0,0.0,0.0,0.0,0.0,0.0,0.0,0.0,0.0,0.0,0.0,0.0,0.0,0.0,0.0,0.0,0.0,0.2554997213001066,0.0458260362050469,0.1125856127150621,0.0,1.0,1.0,0.0,0.0,0.8355622415872942,0.0,0.0,0.0,0.0,0.0,0.2554997213001066,0.0382905055345495,0.7588392181737231,0.1285751691112147,0.112585612715062,0.3820726113902847,-0.126572890090178,0.0,0.0,0.0,0.0,0.0,0.0,0.0,0.0,0.0,0.0,0.0,0.0,0.0,0.0,0.0,0.0,0.0,0.0,0.0,A,B,0.3232966614252271,0.2539192933562397,0.2544792023549241,A,0.47367296577887047,0.2539192933562397,0.0,0.0,0.0,0.0,0.2539192933562397,0.2554997213001066,0.2539192933562397,3.5995272633130793e-09,0.2554997221681714,0.2539192933562397,0.3299134167278414,0.2634185587776899,0.212189626484995,0.0380580043538103,0.0131709279388845,0.0,0.0,0.0,0.0,0.0,0.2634185587776899,0.0,0.2634185587776899,0.0,none,0.0,0.0,0.0,0.0,0.0,0.0,0.0,0.0,0.0,0.0,0.0,0.0,0.0,0.0,,none,,0.0,0.0,0.0,0.0,0.0,0.0,0.0,0.0,0.0,0.0,0.0,2.0,1.0,0.0,1.0,0.0,0.0,0.0,0.0,0.1857140390270343,A,B,rupture_landslide,1.0,1.0,1.0,1.0,0.8635527978308968,0.0783808307225959,0.2865126822542734,0.1357048353688699,-0.0,0.1357048353688699,0.6499999999999999,0.4874999999999999,0.8124999999999999,0.6499999999999999,0.0,0.0,0.0,0.0,0.1857140390270343,structural_mega_shock_regime,0.3423259975382087,0.0658186363249611,0.0,0.0658186363249611,0.1572516557269645,0.1079866174347145,0.894435410009439,0.0,0.4081446338631699,0.4714752105591843,0.002197755219686,0.0,0.002197755219686,0.0,0.0,0.0,0.4736729657788704,0.47367296577887047,2124344.0,0.4736729657788704
pres_2025,sido_50,이재명,더불어민주당,405238.0,,0.0,0.0,0.0,0.3333333333333333,0.4069932252335725,0.0,False,이재명,0.6666666666666665,0.2896721245338289,0.2694803092555142,0.1927200456185204,0.3388533344108213,0.4916281666208978,0.4620622309416932,0.0444649943024245,-0.0133271234205082,0.009654995848395,-0.0014988873637945,0.0113748022201705,-0.0042965297210332,0.0,0.0,0.0,0.3908225738046021,0.4314061579966288,0.0405835841920266,0.075000329686795,23.170173341986587,0.3908225738046021,0.4558027838733273,0.4314061579966288,0.5176706126785382,8.142187280770322,15.027986061216264,0.8028038780360507,0.0862644546819094,0.0862644546819094,0.0,0.0,0.0,0.0,0.0,0.0,0.0,0.0,0.0,0.0,0.0,0.0,0.0,0.0,0.0,0.0,0.0,0.0,0.0,0.0,0.0,0.0,0.0,0.0,0.3908225738046021,0.0405835841920266,0.145283230037314,0.0,1.0,1.0,0.0,0.0,0.8355622415872942,0.0,0.0,0.0,0.0,0.0,0.3908225738046021,0.0339101105791364,0.7132533605414471,0.1414634094212389,0.145283230037314,0.3820726113902847,0.0087499624143174,0.0,0.0,0.0,0.0,0.0,0.0,0.0,0.0,0.0,0.0,0.0,0.0,0.0,0.0,0.0,0.0,0.0,0.0,0.0,A,B,0.3232966614252271,0.4069932252335725,0.4081193268898652,A,0.6348705016827755,0.4069932252335725,0.0,0.0,0.0,0.0,0.4069932252335725,0.4069932252335725,0.4069932252335725,3.5995272633130793e-09,0.3908225748367545,0.4069932252335725,0.4905354483618662,0.4174360031246093,0.3592582989603121,0.0373059040080668,0.0208718001562304,0.0,0.0,0.0,0.0,0.0,0.4174360031246093,0.0,0.4174360031246093,0.0,none,0.0,0.0,0.0,0.0,0.0,0.0,0.0,0.0,0.0,0.0,0.0,0.0,0.0,0.0,,none,,0.0,0.0,0.0,0.0,0.0,0.0,0.0,0.0,0.0,0.0,0.0,2.0,1.0,0.0,1.0,0.0,0.0,0.0,0.0,0.2884139556219734,A,B,rupture_landslide,1.0,1.0,1.0,1.0,0.8635527978308968,0.0783808307225959,0.2865126822542734,0.1357048353688699,-0.0,0.1357048353688699,0.6499999999999999,0.4874999999999999,0.8124999999999999,0.6499999999999999,0.0,0.0,0.0,0.0,0.2884139556219734,structural_mega_shock_regime,0.4899520677758879,0.0396907357860576,0.0,0.0396907357860576,0.1572516557269645,0.1079866174347145,0.894435410009439,0.0,0.5296428035619456,0.6299761867846246,0.0048943148981506,0.0,0.0048943148981506,0.0,0.0,0.0,0.6348705016827754,0.6348705016827755,405238.0,0.6348705016827754
pres_2025,sido_11,김문수,국민의힘,6439139.0,,0.0,0.0,0.0,0.3333333333333333,0.397118850358676,0.0,False,김문수,0.6666666666666665,0.3039798473671175,0.2854430103182108,0.2059941231017316,0.3380180462866254,0.4157732321866589,0.3952119947262228,0.0404072443721303,-0.0247493876306958,0.0094478848886181,-0.0020557461132584,-0.0361935879963992,-0.0070016963412293,0.0,0.0,0.0,0.3862271525665093,0.4190325835763422,0.0328054310098329,0.0820542635674238,35.06250786664815,0.3862271525665093,0.408949928545479,0.4190325835763422,0.4442192487169692,14.02907786819996,21.03342999844819,0.8752267587415122,0.0251866651406269,0.0251866651406269,0.0,0.0,0.0,0.0,0.0,0.0,0.0,0.0,0.0,0.0,0.0,0.0,0.0,0.0,0.0,0.0,0.0,0.0,0.0,0.0,0.0,0.0,0.0,0.0,0.3766130295434722,0.0319888249078112,0.0999999999999998,0.0,1.0,1.0,0.0,0.8404784394951577,0.0,0.0,0.0,0.0,0.0,0.0,0.3766130295434722,0.026885917639801,0.7611241181323437,0.1388758818676564,0.0999999999999998,0.3574392489243773,0.0191737806190949,0.0,0.0,0.0,0.0,0.0,0.0,0.0,0.0,0.0,0.0,0.0,0.0,0.0,0.0,0.0,0.0,0.0,0.0,0.0,B,A,0.43836686369178,0.397118850358676,0.3983340266774979,B,0.3482935757513488,0.397118850358676,0.0,0.0,0.0,0.0,0.397118850358676,0.3946876768224572,0.397118850358676,0.1624725683156397,0.4154238075791737,0.397118850358676,0.448313739487151,0.4035182114997353,0.3533310084882348,0.0300112924365136,0.0201759105749868,0.0,0.0,0.0,0.0,0.0,0.4035182114997353,0.0,0.4035182114997353,0.0,none,0.0,0.0,0.0,0.0,0.0,0.0,0.0,0.0,0.0,0.0,0.0,0.0,0.0,0.0,,none,regime_change,-0.3212603539057819,-0.1285041415623128,-0.1758110803387189,6.417923106449169,17.0,1.2793337124490471,0.1509917175733914,0.894435410009439,13.0,1.0,0.1572516557269645,2.0,0.9469018075427992,0.0,0.9469018075427992,0.045822611103696,-0.0080561227620817,-0.1285041415623128,-0.1365602643243945,0.3092447533220275,A,B,rupture_landslide,1.0,1.0,1.0,1.0,0.8635527978308968,0.0783808307225959,0.2865126822542734,0.1357048353688699,-0.0,0.1357048353688699,-0.6499999999999999,-0.4874999999999999,-0.8124999999999999,0.6499999999999999,0.0,0.0,0.0,0.0,0.3092447533220275,structural_mega_shock_regime,0.3273837022128248,0.0,0.0463481024475822,-0.0463481024475822,0.1572516557269645,0.1079866174347145,0.894435410009439,0.032645295591172,0.2810355997652425,0.3373038025804502,0.0109897731708986,0.0,0.0109897731708986,0.0,0.0,0.0,0.3482935757513488,0.3482935757513488,6439139.0,0.3482935757513488
pres_2025,sido_26,김문수,국민의힘,2180178.0,,0.0,0.0,0.0,0.3333333333333333,0.5445721505043485,0.0,False,김문수,0.6666666666666665,0.3039798473671175,0.2854430103182108,0.2059941231017316,0.3380180462866254,0.4157732321866589,0.3952119947262228,0.0404072443721303,-0.0247493876306958,0.0094478848886181,-0.0020557461132584,-0.0361935879963992,-0.0070016963412293,0.0,0.0,0.0,0.4944868503042001,0.5284094714852404,0.0339226211810402,0.0858177284496879,34.70813157875724,0.4944868503042001,0.5371305070588704,0.5284094714852404,0.5832521294356061,14.02907786819996,20.67905371055728,0.8752267587415122,0.0548426579503656,0.0548426579503656,0.0,0.0,0.0,0.0,0.0,0.0,0.0,0.0,0.0,0.0,0.0,0.0,0.0,0.0,0.0,0.0,0.0,0.0,0.0,0.0,0.0,0.0,0.0,0.0,0.4804736071580141,0.032961289371158,0.0999999999999999,0.0,1.0,1.0,0.0,0.8404784394951577,0.0,0.0,0.0,0.0,0.0,0.0,0.4804736071580141,0.0277032530544192,0.777238187091744,0.122761812908256,0.0999999999999998,0.3574392489243773,0.1230343582336368,0.0,0.0,0.0,0.0,0.0,0.0,0.0,0.0,0.0,0.0,0.0,0.0,0.0,0.0,0.0,0.0,0.0,0.0,0.0,B,A,0.43836686369178,0.5445721505043485,0.5458347053478139,B,0.4519187975136127,0.5445721505043485,0.0,0.0,0.0,0.0,0.5445721505043485,0.5366814684811324,0.5445721505043485,0.1624725683156397,0.5166662910238665,0.5445721505043485,0.5678921115796071,0.5474871456387558,0.4804736071580141,0.032961289371158,0.0340522491095835,0.0,0.0,0.0,0.0,0.0,0.5474871456387558,0.0,0.5474871456387558,0.0,none,0.0,0.0,0.0,0.0,0.0,0.0,0.0,0.0,0.0,0.0,0.0,0.0,0.0,0.0,,none,regime_change,-0.3212603539057819,-0.1285041415623128,-0.1758110803387189,6.417923106449169,17.0,1.2793337124490471,0.1509917175733914,0.894435410009439,13.0,1.0,0.1572516557269645,2.0,0.9469018075427992,0.0,0.9469018075427992,0.045822611103696,-0.0080561227620817,-0.1285041415623128,-0.1365602643243945,0.4205233578537513,A,B,rupture_landslide,1.0,1.0,1.0,1.0,0.8635527978308968,0.0783808307225959,0.2865126822542734,0.1357048353688699,-0.0,0.1357048353688699,-0.6499999999999999,-0.4874999999999999,-0.8124999999999999,0.6499999999999999,0.0,0.0,0.0,0.0,0.4205233578537513,structural_mega_shock_regime,0.446387766967516,0.0,0.0632144408473214,-0.0632144408473214,0.1572516557269645,0.1079866174347145,0.894435410009439,0.0443923758532852,0.3831733261201945,0.4436645857773989,0.0082542117362137,0.0,0.0082542117362137,0.0,0.0,0.0,0.4519187975136127,0.4519187975136127,2180178.0,0.4519187975136127
pres_2025,sido_27,김문수,국민의힘,1596806.0,,0.0,0.0,0.0,0.3333333333333333,0.717184389690446,0.0,False,김문수,0.6666666666666665,0.3039798473671175,0.2854430103182108,0.2059941231017316,0.3380180462866254,0.4157732321866589,0.3952119947262228,0.0404072443721303,-0.0247493876306958,0.0094478848886181,-0.0020557461132584,-0.0361935879963992,-0.0070016963412293,0.0,0.0,0.0,0.6283786705201846,0.66520694488739,0.0368282743672053,0.0943778054107497,34.70813157875724,0.6283786705201846,0.6601757110006092,0.66520694488739,0.7292601792113835,14.02907786819996,20.67905371055728,0.8752267587415122,0.0640532343239935,0.0640532343239935,0.0,0.0,0.0,0.0,0.0,0.0,0.0,0.0,0.0,0.0,0.0,0.0,0.0,0.0,0.0,0.0,0.0,0.0,0.0,0.0,0.0,0.0,0.0,0.0,0.6006299352218033,0.0352019651290739,0.0999999999999999,0.0,1.0,1.0,0.0,0.8404784394951577,0.0,0.0,0.0,0.0,0.0,0.0,0.6006299352218033,0.0295864927188469,0.7677312446850216,0.1322687553149784,0.0999999999999999,0.3574392489243773,0.243190686297426,0.0,0.0,0.0,0.0,0.0,0.0,0.0,0.0,0.0,0.0,0.0,0.0,0.0,0.0,0.0,0.0,0.0,0.0,0.0,B,A,0.43836686369178,0.717184389690446,0.7187281848077088,B,0.589929561854841,0.7171843896904461,0.0,0.0,0.0,0.0,0.7171843896904461,0.6930473209596222,0.7171843896904461,0.1624725683156397,0.6383672364373048,0.7171843896904461,0.7075503393199218,0.7159801333941306,0.6006299352218033,0.0352019651290739,0.0801482330432533,0.0,0.0,0.0,0.0,0.0,0.7159801333941306,0.0,0.7159801333941306,0.0,none,0.0,0.0,0.0,0.0,0.0,0.0,0.0,0.0,0.0,0.0,0.0,0.0,0.0,0.0,,none,regime_change,-0.3212603539057819,-0.1285041415623128,-0.1758110803387189,6.417923106449169,17.0,1.2793337124490471,0.1509917175733914,0.894435410009439,13.0,1.0,0.1572516557269645,2.0,0.9469018075427992,0.0,0.9469018075427992,0.045822611103696,-0.0080561227620817,-0.1285041415623128,-0.1365602643243945,0.5256873914073034,A,B,rupture_landslide,1.0,1.0,1.0,1.0,0.8635527978308968,0.0783808307225959,0.2865126822542734,0.1357048353688699,-0.0,0.1357048353688699,-0.6499999999999999,-0.4874999999999999,-0.8124999999999999,0.6499999999999999,0.0,0.0,0.0,0.0,0.5256873914073034,structural_mega_shock_regime,0.5925938505965357,0.0,0.0844598448954416,-0.0844598448954416,0.1572516557269645,0.1079866174347145,0.894435410009439,0.0554939739371195,0.508134005701094,0.5791701251794428,0.0107594366753981,0.0,0.0107594366753981,0.0,0.0,0.0,0.589929561854841,0.589929561854841,1596806.0,0.589929561854841
pres_2025,sido_28,김문수,국민의힘,1867054.0,,0.0,0.0,0.0,0.3333333333333333,0.393212859296991,0.0,False,김문수,0.6666666666666665,0.3039798473671175,0.2854430103182108,0.2059941231017316,0.3380180462866254,0.4157732321866589,0.3952119947262228,0.0404072443721303,-0.0247493876306958,0.0094478848886181,-0.0020557461132584,-0.0361935879963992,-0.0070016963412293,0.0,0.0,0.0,0.3850994691507506,0.4205718920010272,0.0354724228502765,0.0858531053053135,34.70813157875724,0.3857918909105355,0.3802424497579217,0.4205718920010272,0.4415565920479869,14.02907786819996,20.67905371055728,0.8752267587415122,0.0209847000469597,0.0209847000469597,0.0,0.0,0.0,0.0,0.0,0.0,0.0,0.0,0.0,0.0,0.0,0.0,0.0,0.0,0.0,0.0,0.0,0.0,0.0,0.0,0.0,0.0,0.0,0.0,0.3774451300386118,0.0347673635724126,0.1,0.0,1.0,1.0,0.0,0.8404784394951577,0.0,0.0,0.0,0.0,0.0,0.0,0.3774451300386118,0.0292212194807022,0.7629448654001488,0.1370551345998511,0.1,0.3574392489243773,0.0200058811142345,0.0,0.0,0.0,0.0,0.0,0.0,0.0,0.0,0.0,0.0,0.0,0.0,0.0,0.0,0.0,0.0,0.0,0.0,0.0,B,A,0.43836686369178,0.393212859296991,0.3943531381845285,B,0.3413218765203253,0.393212859296991,0.0,0.0,0.0,0.0,0.393212859296991,0.3922073623220679,0.393212859296991,0.1624725683156397,0.4159600865894594,0.393212859296991,0.4515337795407236,0.4005029743274574,0.348387068782292,0.0320907568287925,0.0200251487163728,0.0,0.0,0.0,0.0,0.0,0.4005029743274575,0.0,0.4005029743274575,0.0,none,0.0,0.0,0.0,0.0,0.0,0.0,0.0,0.0,0.0,0.0,0.0,0.0,0.0,0.0,,none,regime_change,-0.3212603539057819,-0.1285041415623128,-0.1758110803387189,6.417923106449169,17.0,1.2793337124490471,0.1509917175733914,0.894435410009439,13.0,1.0,0.1572516557269645,2.0,0.9469018075427992,0.0,0.9469018075427992,0.045822611103696,-0.0080561227620817,-0.1285041415623128,-0.1365602643243945,0.3049176849977817,A,B,rupture_landslide,1.0,1.0,1.0,1.0,0.8635527978308968,0.0783808307225959,0.2865126822542734,0.1357048353688699,-0.0,0.1357048353688699,-0.6499999999999999,-0.4874999999999999,-0.8124999999999999,0.6499999999999999,0.0,0.0,0.0,0.0,0.3049176849977817,structural_mega_shock_regime,0.3233162913419552,0.0,0.0457803255816071,-0.0457803255816071,0.1572516557269645,0.1079866174347145,0.894435410009439,0.0321885103976618,0.277535965760348,0.3321733521447311,0.0091485243755942,0.0,0.0091485243755942,0.0,0.0,0.0,0.3413218765203253,0.3413218765203253,1867054.0,0.3413218765203253
pres_2025,sido_29,김문수,국민의힘,978601.0,,0.0,0.0,0.0,0.3333333333333333,0.0266116475723556,0.0,False,김문수,0.6666666666666665,0.3039798473671175,0.2854430103182108,0.2059941231017316,0.3380180462866254,0.4157732321866589,0.3952119947262228,0.0404072443721303,-0.0247493876306958,0.0094478848886181,-0.0020557461132584,-0.0361935879963992,-0.0070016963412293,0.0,0.0,0.0,0.0441248422185846,0.0604502164028905,0.0163253741843058,0.0283979393508973,27.57613235441446,0.0488950200682868,0.0157553095833446,0.0604502164028905,0.0602561186616932,11.8945387484917,15.68159360592276,0.8560585539252171,0.0,-0.0001940977411972,0.0,0.0,0.0,0.0,0.0,0.0,0.0,0.0,0.0,0.0,0.0,0.0,0.0,0.0,0.0,0.0,0.0,0.0,0.0,0.0,0.0,0.0,0.0,0.0,0.0441248422185846,0.0163253741843058,0.160869101038261,0.0,1.0,1.0,0.0,0.8404784394951577,0.0,0.0,0.0,0.0,0.0,0.0,0.0441248422185846,0.0137211250185999,0.7304862471969895,0.1086446517647494,0.160869101038261,0.3574392489243773,-0.3133144067057926,0.0,0.0,0.0,0.0,0.0,0.0,0.0,0.0,0.0,0.0,0.0,0.0,0.0,0.0,0.0,0.0,0.0,0.0,0.0,B,A,0.43836686369178,0.0266116475723556,0.0267005094091375,B,0.026935327223753993,0.0266116475723556,0.0,0.0,0.0,0.0,0.0266116475723556,0.0441248422185846,0.0266116475723556,0.1624725683156397,0.0879134338328762,0.0266116475723556,0.0647312082250023,0.0313765926539364,0.0217577854715218,0.0080499775497178,0.0015688296326968,0.0,0.0,0.0,0.0,0.0,0.0313765926539364,0.0,0.0313765926539364,0.0,none,0.0,0.0,0.0,0.0,0.0,0.0,0.0,0.0,0.0,0.0,0.0,0.0,0.0,0.0,,none,regime_change,-0.3212603539057819,-0.1285041415623128,-0.1758110803387189,6.417923106449169,17.0,1.2793337124490471,0.1509917175733914,0.894435410009439,13.0,1.0,0.1572516557269645,2.0,0.9469018075427992,0.0,0.9469018075427992,0.045822611103696,-0.0080561227620817,-0.1285041415623128,-0.1365602643243945,0.018625938367366,A,B,rupture_landslide,1.0,1.0,1.0,1.0,0.8635527978308968,0.0783808307225959,0.2865126822542734,0.1357048353688699,-0.0,0.1357048353688699,-0.6499999999999999,-0.4874999999999999,-0.8124999999999999,0.6499999999999999,0.0,0.0,0.0,0.0,0.018625938367366,structural_mega_shock_regime,0.0236857944018509,0.0,0.0021521138296298,-0.0021521138296298,0.1572516557269645,0.1079866174347145,0.894435410009439,0.01,0.021533680572221,0.024886770411897,0.002048556811857,0.0,0.002048556811857,0.0,0.0,0.0,0.026935327223754,0.026935327223753993,978601.0,0.026935327223754
pres_2025,sido_30,김문수,국민의힘,936401.0,,0.0,0.0,0.0,0.3333333333333333,0.369020143893199,0.0,False,김문수,0.6666666666666665,0.3039798473671175,0.2854430103182108,0.2059941231017316,0.3380180462866254,0.4157732321866589,0.3952119947262228,0.0404072443721303,-0.0247493876306958,0.0094478848886181,-0.0020557461132584,-0.0361935879963992,-0.0070016963412293,0.0,0.0,0.0,0.336167784963076,0.374518998186977,0.0383512132239009,0.0864377008318506,34.70813157875724,0.3402986535741092,0.3071916462593319,0.374518998186977,0.4006143721958844,14.02907786819996,20.67905371055728,0.8752267587415122,0.0260953740089074,0.0260953740089074,0.0,0.0,0.0,0.0,0.0,0.0,0.0,0.0,0.0,0.0,0.0,0.0,0.0,0.0,0.0,0.0,0.0,0.0,0.0,0.0,0.0,0.0,0.0,0.0,0.3281158848015703,0.0374326238951067,0.0999999999999999,0.0,1.0,1.0,0.0,0.8404784394951577,0.0,0.0,0.0,0.0,0.0,0.0,0.3281158848015703,0.0314613133175684,0.6887439079916914,0.2112560920083086,0.0999999999999999,0.3574392489243773,-0.0293233641228069,0.0,0.0,0.0,0.0,0.0,0.0,0.0,0.0,0.0,0.0,0.0,0.0,0.0,0.0,0.0,0.0,0.0,0.0,0.0,B,A,0.43836686369178,0.369020143893199,0.3703294167445898,B,0.3187804814614799,0.369020143893199,0.0,0.0,0.0,0.0,0.369020143893199,0.3665555938857123,0.369020143893199,0.1624725683156397,0.3786864614740493,0.369020143893199,0.402450523085997,0.3731989412922988,0.318233758366124,0.0363052358615598,0.0186599470646149,0.0,0.0,0.0,0.0,0.0,0.3731989412922987,0.0,0.3731989412922987,0.0,none,0.0,0.0,0.0,0.0,0.0,0.0,0.0,0.0,0.0,0.0,0.0,0.0,0.0,0.0,,none,regime_change,-0.3212603539057819,-0.1285041415623128,-0.1758110803387189,6.417923106449169,17.0,1.2793337124490471,0.1509917175733914,0.894435410009439,13.0,1.0,0.1572516557269645,2.0,0.9469018075427992,0.0,0.9469018075427992,0.045822611103696,-0.0080561227620817,-0.1285041415623128,-0.1365602643243945,0.2785267008569123,A,B,rupture_landslide,1.0,1.0,1.0,1.0,0.8635527978308968,0.0783808307225959,0.2865126822542734,0.1357048353688699,-0.0,0.1357048353688699,-0.6499999999999999,-0.4874999999999999,-0.8124999999999999,0.6499999999999999,0.0,0.0,0.0,0.0,0.2785267008569123,structural_mega_shock_regime,0.2980455244124123,0.0,0.0422445514285632,-0.0422445514285632,0.1572516557269645,0.1079866174347145,0.894435410009439,0.0294025569773835,0.255800972983849,0.299991577495821,0.0187889039656589,0.0,0.0187889039656589,0.0,0.0,0.0,0.3187804814614799,0.3187804814614799,936401.0,0.3187804814614799
pres_2025,sido_31,김문수,국민의힘,728390.0,,0.0,0.0,0.0,0.3333333333333333,0.5201925617763008,0.0,False,김문수,0.6666666666666665,0.3039798473671175,0.2854430103182108,0.2059941231017316,0.3380180462866254,0.4157732321866589,0.3952119947262228,0.0404072443721303,-0.0247493876306958,0.0094478848886181,-0.0020557461132584,-0.0361935879963992,-0.0070016963412293,0.0,0.0,0.0,0.4484259506481935,0.4827338193426405,0.034307868694447,0.0848725033746591,33.597475020756164,0.4484259506481935,0.5135872522495861,0.4827338193426405,0.530642913871738,14.02907786819996,19.568397152556205,0.8752267587415122,0.0479090945290974,0.0479090945290974,0.0,0.0,0.0,0.0,0.0,0.0,0.0,0.0,0.0,0.0,0.0,0.0,0.0,0.0,0.0,0.0,0.0,0.0,0.0,0.0,0.0,0.0,0.0,0.0,0.4484259506481935,0.034307868694447,0.1577469575465357,0.0,1.0,1.0,0.0,0.8404784394951577,0.0,0.0,0.0,0.0,0.0,0.0,0.4484259506481935,0.0288350239427136,0.694167092866242,0.1480859495872222,0.1577469575465357,0.3574392489243773,0.0909867017238162,0.0,0.0,0.0,0.0,0.0,0.0,0.0,0.0,0.0,0.0,0.0,0.0,0.0,0.0,0.0,0.0,0.0,0.0,0.0,B,A,0.43836686369178,0.5201925617763008,0.5215923642484012,B,0.4408555021955335,0.5201925617763008,0.0,0.0,0.0,0.0,0.5201925617763008,0.5201925617763008,0.5201925617763008,0.1624725683156397,0.4981154085456538,0.5201925617763008,0.5647926133011903,0.525767568216912,0.4484259506481935,0.034307868694447,0.0430337488742714,0.0,0.0,0.0,0.0,0.0,0.525767568216912,0.0,0.525767568216912,0.0,none,0.0,0.0,0.0,0.0,0.0,0.0,0.0,0.0,0.0,0.0,0.0,0.0,0.0,0.0,,none,regime_change,-0.3212603539057819,-0.1285041415623128,-0.1758110803387189,6.417923106449169,17.0,1.2793337124490471,0.1509917175733914,0.894435410009439,13.0,1.0,0.1572516557269645,2.0,0.9469018075427992,0.0,0.9469018075427992,0.045822611103696,-0.0080561227620817,-0.1285041415623128,-0.1365602643243945,0.3924743913213997,A,B,rupture_landslide,1.0,1.0,1.0,1.0,0.8635527978308968,0.0783808307225959,0.2865126822542734,0.1357048353688699,-0.0,0.1357048353688699,-0.6499999999999999,-0.4874999999999999,-0.8124999999999999,0.6499999999999999,0.0,0.0,0.0,0.0,0.3924743913213997,structural_mega_shock_regime,0.4182426763113705,0.0,0.059254197379349,-0.059254197379349,0.1572516557269645,0.1079866174347145,0.894435410009439,0.0414313982016385,0.3589884789320214,0.4327917076121765,0.0080637945833569,0.0,0.0080637945833569,0.0,0.0,0.0,0.4408555021955334,0.4408555021955335,728390.0,0.4408555021955334
pres_2025,sido_36,김문수,국민의힘,229891.0,,0.0,0.0,0.0,0.3333333333333333,0.3359793198926427,0.0,False,김문수,0.6666666666666665,0.3039798473671175,0.2854430103182108,0.2059941231017316,0.3380180462866254,0.4157732321866589,0.3952119947262228,0.0404072443721303,-0.0247493876306958,0.0094478848886181,-0.0020557461132584,-0.0361935879963992,-0.0070016963412293,0.0,0.0,0.0,0.2559556202393945,0.3251123239837605,0.0691567037443659,0.0893025189887792,15.790646940971822,0.2795695060226276,0.1786235678694976,0.3251123239837605,0.3832719266525608,6.549710037541216,9.240936903430606,0.766073938037883,0.0581596026688003,0.0581596026688003,0.0,0.0,0.0,0.0,0.0,0.0,0.0,0.0,0.0,0.0,0.0,0.0,0.0,0.0,0.0,0.0,0.0,0.0,0.0,0.0,0.0,0.0,0.0,0.0,0.2514504584889483,0.0679394531280104,0.0999999999999999,0.0,1.0,1.0,0.0,0.8404784394951577,0.0,0.0,0.0,0.0,0.0,0.0,0.2514504584889483,0.0571016455451846,0.682276405747414,0.2177235942525859,0.0999999999999999,0.3574392489243773,-0.1059887904354289,0.0,0.0,0.0,0.0,0.0,0.0,0.0,0.0,0.0,0.0,0.0,0.0,0.0,0.0,0.0,0.0,0.0,0.0,0.0,B,A,0.43836686369178,0.3359793198926427,0.3371044778637347,B,0.2602657333238313,0.3359793198926427,0.0,0.0,0.0,0.0,0.3359793198926427,0.3263436273019748,0.3359793198926427,0.1624725683156397,0.3030718268616423,0.3359793198926427,0.3529878436062231,0.3381053853568402,0.2514504584889483,0.0679394531280104,0.0187154737398814,0.0,0.0,0.0,0.0,0.0,0.3381053853568402,0.0,0.3381053853568402,0.0,none,0.0,0.0,0.0,0.0,0.0,0.0,0.0,0.0,0.0,0.0,0.0,0.0,0.0,0.0,,none,regime_change,-0.3212603539057819,-0.1285041415623128,-0.1758110803387189,6.417923106449169,17.0,1.2793337124490471,0.1509917175733914,0.894435410009439,13.0,1.0,0.1572516557269645,2.0,0.9469018075427992,0.0,0.9469018075427992,0.045822611103696,-0.0080561227620817,-0.1285041415623128,-0.1365602643243945,0.1926296429560599,A,B,rupture_landslide,1.0,1.0,1.0,1.0,0.8635527978308968,0.0783808307225959,0.2865126822542734,0.1357048353688699,-0.0,0.1357048353688699,-0.6499999999999999,-0.4874999999999999,-0.8124999999999999,0.6499999999999999,0.0,0.0,0.0,0.0,0.1926296429560599,structural_mega_shock_regime,0.2437168332329146,0.0,0.0351271836913437,-0.0351271836913437,0.1572516557269645,0.1079866174347145,0.894435410009439,0.0203348692786846,0.2085896495415709,0.246877021191151,0.0133887121326802,0.0,0.0133887121326802,0.0,0.0,0.0,0.2602657333238313,0.2602657333238313,229891.0,0.2602657333238313
pres_2025,sido_41,김문수,국민의힘,8691376.0,,0.0,0.0,0.0,0.3333333333333333,0.3807741636137668,0.0,False,김문수,0.6666666666666665,0.3039798473671175,0.2854430103182108,0.2059941231017316,0.3380180462866254,0.4157732321866589,0.3952119947262228,0.0404072443721303,-0.0247493876306958,0.0094478848886181,-0.0020557461132584,-0.0361935879963992,-0.0070016963412293,0.0,0.0,0.0,0.3796613597430361,0.4140284498217219,0.0343670900786858,0.0848998576787313,35.06250786664815,0.3796613597430361,0.3964684107227149,0.4140284498217219,0.4380737484866995,14.02907786819996,21.03342999844819,0.8752267587415122,0.0240452986649775,0.0240452986649775,0.0,0.0,0.0,0.0,0.0,0.0,0.0,0.0,0.0,0.0,0.0,0.0,0.0,0.0,0.0,0.0,0.0,0.0,0.0,0.0,0.0,0.0,0.0,0.0,0.3726522834534555,0.0337326258383021,0.0999999999999999,0.0,1.0,1.0,0.0,0.8404784394951577,0.0,0.0,0.0,0.0,0.0,0.0,0.3726522834534555,0.0283515447246502,0.7597735145667994,0.1402264854332006,0.0999999999999999,0.3574392489243773,0.0152130345290782,0.0,0.0,0.0,0.0,0.0,0.0,0.0,0.0,0.0,0.0,0.0,0.0,0.0,0.0,0.0,0.0,0.0,0.0,0.0,B,A,0.43836686369178,0.3807741636137668,0.3818925060100058,B,0.33108904095143865,0.3807741636137668,0.0,0.0,0.0,0.0,0.3807741636137668,0.3805010336192954,0.3807741636137668,0.1624725683156397,0.4116824975192272,0.3807741636137668,0.4444623256531344,0.3887351838686878,0.3386442214865687,0.0306542031886846,0.0194367591934343,0.0,0.0,0.0,0.0,0.0,0.3887351838686878,0.0,0.3887351838686878,0.0,none,0.0,0.0,0.0,0.0,0.0,0.0,0.0,0.0,0.0,0.0,0.0,0.0,0.0,0.0,,none,regime_change,-0.3212603539057819,-0.1285041415623128,-0.1758110803387189,6.417923106449169,17.0,1.2793337124490471,0.1509917175733914,0.894435410009439,13.0,1.0,0.1572516557269645,2.0,0.9469018075427992,0.0,0.9469018075427992,0.045822611103696,-0.0080561227620817,-0.1285041415623128,-0.1365602643243945,0.2963904843382323,A,B,rupture_landslide,1.0,1.0,1.0,1.0,0.8635527978308968,0.0783808307225959,0.2865126822542734,0.1357048353688699,-0.0,0.1357048353688699,-0.6499999999999999,-0.4874999999999999,-0.8124999999999999,0.6499999999999999,0.0,0.0,0.0,0.0,0.2963904843382323,structural_mega_shock_regime,0.3138236177246087,0.0,0.0444291402303492,-0.0444291402303492,0.1572516557269645,0.1079866174347145,0.894435410009439,0.0312883399562692,0.2693944774942595,0.3213098028254407,0.0097792381259978,0.0,0.0097792381259978,0.0,0.0,0.0,0.3310890409514386,0.33108904095143865,8691376.0,0.3310890409514386
pres_2025,sido_42,김문수,국민의힘,1005840.0,,0.0,0.0,0.0,0.3333333333333333,0.5201608370295832,0.0,False,김문수,0.6666666666666665,0.3039798473671175,0.2854430103182108,0.2059941231017316,0.3380180462866254,0.4157732321866589,0.3952119947262228,0.0404072443721303,-0.0247493876306958,0.0094478848886181,-0.0020557461132584,-0.0361935879963992,-0.0070016963412293,0.0,0.0,0.0,0.463834775479181,0.4964654761653584,0.0326307006861774,0.0788350004127853,35.06250786664815,0.4648969683578414,0.4563839821762946,0.4964654761653584,0.5225532316804461,14.02907786819996,21.03342999844819,0.8752267587415122,0.0260877555150876,0.0260877555150876,0.0,0.0,0.0,0.0,0.0,0.0,0.0,0.0,0.0,0.0,0.0,0.0,0.0,0.0,0.0,0.0,0.0,0.0,0.0,0.0,0.0,0.0,0.0,0.0,0.4518820253205162,0.0317898266650324,0.0999999999999999,0.0,1.0,1.0,0.0,0.8404784394951577,0.0,0.0,0.0,0.0,0.0,0.0,0.4518820253205162,0.026718663907248,0.7854029767162176,0.1145970232837823,0.0999999999999998,0.3574392489243773,0.0944427763961389,0.0,0.0,0.0,0.0,0.0,0.0,0.0,0.0,0.0,0.0,0.0,0.0,0.0,0.0,0.0,0.0,0.0,0.0,0.0,B,A,0.43836686369178,0.5201608370295832,0.5214412815470937,B,0.433382825633542,0.5201608370295832,0.0,0.0,0.0,0.0,0.5201608370295832,0.5061670177952571,0.5201608370295832,0.1624725683156397,0.4867481548463234,0.5201608370295832,0.5356879356885069,0.5221017243619487,0.4518820253205162,0.0317898266650324,0.0384298723764,0.0,0.0,0.0,0.0,0.0,0.5221017243619486,0.0,0.5221017243619486,0.0,none,0.0,0.0,0.0,0.0,0.0,0.0,0.0,0.0,0.0,0.0,0.0,0.0,0.0,0.0,,none,regime_change,-0.3212603539057819,-0.1285041415623128,-0.1758110803387189,6.417923106449169,17.0,1.2793337124490471,0.1509917175733914,0.894435410009439,13.0,1.0,0.1572516557269645,2.0,0.9469018075427992,0.0,0.9469018075427992,0.045822611103696,-0.0080561227620817,-0.1285041415623128,-0.1365602643243945,0.3954992403548253,A,B,rupture_landslide,1.0,1.0,1.0,1.0,0.8635527978308968,0.0783808307225959,0.2865126822542734,0.1357048353688699,-0.0,0.1357048353688699,-0.6499999999999999,-0.4874999999999999,-0.8124999999999999,0.6499999999999999,0.0,0.0,0.0,0.0,0.3954992403548253,structural_mega_shock_regime,0.4214265921731644,0.0,0.0597046603015373,-0.0597046603015373,0.1572516557269645,0.1079866174347145,0.894435410009439,0.0417507151496354,0.3617219318716271,0.4257288611108957,0.0076539645226462,0.0,0.0076539645226462,0.0,0.0,0.0,0.4333828256335419,0.433382825633542,1005840.0,0.4333828256335419
pres_2025,sido_43,김문수,국민의힘,1010209.0,,0.0,0.0,0.0,0.3333333333333333,0.4449826893705119,0.0,False,김문수,0.6666666666666665,0.3039798473671175,0.2854430103182108,0.2059941231017316,0.3380180462866254,0.4157732321866589,0.3952119947262228,0.0404072443721303,-0.0247493876306958,0.0094478848886181,-0.0020557461132584,-0.0361935879963992,-0.0070016963412293,0.0,0.0,0.0,0.4051551517290758,0.439070246930344,0.0339150952012682,0.0796026500304333,35.06250786664815,0.4073680382306719,0.3896327732068853,0.439070246930344,0.4631906916945971,14.02907786819996,21.03342999844819,0.8752267587415122,0.024120444764253,0.024120444764253,0.0,0.0,0.0,0.0,0.0,0.0,0.0,0.0,0.0,0.0,0.0,0.0,0.0,0.0,0.0,0.0,0.0,0.0,0.0,0.0,0.0,0.0,0.0,0.0,0.3980069738869912,0.0333167290420443,0.1,0.0,1.0,1.0,0.0,0.8404784394951577,0.0,0.0,0.0,0.0,0.0,0.0,0.3980069738869912,0.0280019924343404,0.7609169750732592,0.1390830249267407,0.1,0.3574392489243773,0.0405677249626139,0.0,0.0,0.0,0.0,0.0,0.0,0.0,0.0,0.0,0.0,0.0,0.0,0.0,0.0,0.0,0.0,0.0,0.0,0.0,B,A,0.43836686369178,0.4449826893705119,0.4462474268337251,B,0.3832559492145016,0.4449826893705119,0.0,0.0,0.0,0.0,0.4449826893705119,0.4381610624294849,0.4449826893705119,0.1624725683156397,0.4368514069875109,0.4449826893705119,0.4758219718660867,0.4488375996824588,0.3934596427765112,0.0329360769218246,0.0224418799841229,0.0,0.0,0.0,0.0,0.0,0.4488375996824588,0.0,0.4488375996824588,0.0,none,0.0,0.0,0.0,0.0,0.0,0.0,0.0,0.0,0.0,0.0,0.0,0.0,0.0,0.0,,none,regime_change,-0.3212603539057819,-0.1285041415623128,-0.1758110803387189,6.417923106449169,17.0,1.2793337124490471,0.1509917175733914,0.894435410009439,13.0,1.0,0.1572516557269645,2.0,0.9469018075427992,0.0,0.9469018075427992,0.045822611103696,-0.0080561227620817,-0.1285041415623128,-0.1365602643243945,0.3443664078428792,A,B,rupture_landslide,1.0,1.0,1.0,1.0,0.8635527978308968,0.0783808307225959,0.2865126822542734,0.1357048353688699,-0.0,0.1357048353688699,-0.6499999999999999,-0.4874999999999999,-0.8124999999999999,0.6499999999999999,0.0,0.0,0.0,0.0,0.3443664078428792,structural_mega_shock_regime,0.3652602053788193,0.0,0.0517212185637317,-0.0517212185637317,0.1572516557269645,0.1079866174347145,0.894435410009439,0.0363528986504558,0.3135389868150876,0.3729523771634058,0.0103035720510957,0.0,0.0103035720510957,0.0,0.0,0.0,0.3832559492145015,0.3832559492145016,1010209.0,0.3832559492145015
pres_2025,sido_44,김문수,국민의힘,1312113.0,,0.0,0.0,0.0,0.3333333333333333,0.406713730088299,0.0,False,김문수,0.6666666666666665,0.3039798473671175,0.2854430103182108,0.2059941231017316,0.3380180462866254,0.4157732321866589,0.3952119947262228,0.0404072443721303,-0.0247493876306958,0.0094478848886181,-0.0020557461132584,-0.0361935879963992,-0.0070016963412293,0.0,0.0,0.0,0.3647039771895155,0.401201483316801,0.0364975061272854,0.0843021640206724,35.06250786664815,0.3681395597747147,0.34060494938432,0.401201483316801,0.4271938827317429,14.02907786819996,21.03342999844819,0.8752267587415122,0.0259923994149419,0.0259923994149419,0.0,0.0,0.0,0.0,0.0,0.0,0.0,0.0,0.0,0.0,0.0,0.0,0.0,0.0,0.0,0.0,0.0,0.0,0.0,0.0,0.0,0.0,0.0,0.0,0.3647039771895155,0.0364975061272854,0.1149520178630706,0.0,1.0,1.0,0.0,0.8404784394951577,0.0,0.0,0.0,0.0,0.0,0.0,0.3647039771895155,0.0306753669953258,0.6981691486185684,0.1868788335183609,0.1149520178630706,0.3574392489243773,0.0072647282651382,0.0,0.0,0.0,0.0,0.0,0.0,0.0,0.0,0.0,0.0,0.0,0.0,0.0,0.0,0.0,0.0,0.0,0.0,0.0,B,A,0.43836686369178,0.406713730088299,0.4081624283373461,B,0.3581732683651117,0.406713730088299,0.0,0.0,0.0,0.0,0.406713730088299,0.4027292438696606,0.406713730088299,0.1624725683156397,0.4137432108103528,0.406713730088299,0.4479540472830673,0.4118687697376451,0.355680812303025,0.0355945189477377,0.0205934384868823,0.0,0.0,0.0,0.0,0.0,0.4118687697376451,0.0,0.4118687697376451,0.0,none,0.0,0.0,0.0,0.0,0.0,0.0,0.0,0.0,0.0,0.0,0.0,0.0,0.0,0.0,,none,regime_change,-0.3212603539057819,-0.1285041415623128,-0.1758110803387189,6.417923106449169,17.0,1.2793337124490471,0.1509917175733914,0.894435410009439,13.0,1.0,0.1572516557269645,2.0,0.9469018075427992,0.0,0.9469018075427992,0.045822611103696,-0.0080561227620817,-0.1285041415623128,-0.1365602643243945,0.3113013644985247,A,B,rupture_landslide,1.0,1.0,1.0,1.0,0.8635527978308968,0.0783808307225959,0.2865126822542734,0.1357048353688699,-0.0,0.1357048353688699,-0.6499999999999999,-0.4874999999999999,-0.8124999999999999,0.6499999999999999,0.0,0.0,0.0,0.0,0.3113013644985247,structural_mega_shock_regime,0.3318967938219851,0.0,0.0470236534052222,-0.0470236534052222,0.1572516557269645,0.1079866174347145,0.894435410009439,0.0328624009067889,0.2848731404167628,0.3397027956076456,0.018470472757466,0.0,0.018470472757466,0.0,0.0,0.0,0.3581732683651117,0.3581732683651117,1312113.0,0.3581732683651117
pres_2025,sido_45,김문수,국민의힘,1225419.0,,0.0,0.0,0.0,0.3333333333333333,0.0753525973453761,0.0,False,김문수,0.6666666666666665,0.3039798473671175,0.2854430103182108,0.2059941231017316,0.3380180462866254,0.4157732321866589,0.3952119947262228,0.0404072443721303,-0.0247493876306958,0.0094478848886181,-0.0020557461132584,-0.0361935879963992,-0.0070016963412293,0.0,0.0,0.0,0.0792927677882449,0.1021156325992748,0.0228228648110299,0.0413158881152042,32.49056649950156,0.0861656965070761,0.0310823416987099,0.1021156325992748,0.0841060340280479,14.02907786819996,18.4614886313016,0.8752267587415122,0.0,-0.0180095985712269,0.0,0.0,0.0,0.0,0.0,0.0,0.0,0.0,0.0,0.0,0.0,0.0,0.0,0.0,0.0,0.0,0.0,0.0,0.0,0.0,0.0,0.0,0.0,0.0,0.0792927677882449,0.0228228648110299,0.1409623202593469,0.0,1.0,1.0,0.0,0.8404784394951577,0.0,0.0,0.0,0.0,0.0,0.0,0.0792927677882449,0.0191821258011833,0.723602840395488,0.1354348393451651,0.1409623202593469,0.3574392489243773,-0.2781464811361323,0.0,0.0,0.0,0.0,0.0,0.0,0.0,0.0,0.0,0.0,0.0,0.0,0.0,0.0,0.0,0.0,0.0,0.0,0.0,B,A,0.43836686369178,0.0753525973453761,0.0755759707875132,B,0.05978712596339999,0.0753525973453761,0.0,0.0,0.0,0.0,0.0753525973453761,0.0792927677882449,0.0753525973453761,0.1624725683156397,0.1241997241843378,0.0753525973453761,0.1127375095586474,0.080025711372035,0.0590329510577707,0.0169914747456625,0.0040012855686017,0.0,0.0,0.0,0.0,0.0,0.080025711372035,0.0,0.080025711372035,0.0,none,0.0,0.0,0.0,0.0,0.0,0.0,0.0,0.0,0.0,0.0,0.0,0.0,0.0,0.0,,none,regime_change,-0.3212603539057819,-0.1285041415623128,-0.1758110803387189,6.417923106449169,17.0,1.2793337124490471,0.1509917175733914,0.894435410009439,13.0,1.0,0.1572516557269645,2.0,0.9469018075427992,0.0,0.9469018075427992,0.045822611103696,-0.0080561227620817,-0.1285041415623128,-0.1365602643243945,0.051667218413239,A,B,rupture_landslide,1.0,1.0,1.0,1.0,0.8635527978308968,0.0783808307225959,0.2865126822542734,0.1357048353688699,-0.0,0.1357048353688699,-0.6499999999999999,-0.4874999999999999,-0.8124999999999999,0.6499999999999999,0.0,0.0,0.0,0.0,0.051667218413239,structural_mega_shock_regime,0.0565649730502557,0.0,0.0073224191110341,-0.0073224191110341,0.1572516557269645,0.1079866174347145,0.894435410009439,0.01,0.0492425539392215,0.0562668936741089,0.0035202322892911,0.0,0.0035202322892911,0.0,0.0,0.0,0.0597871259634,0.05978712596339999,1225419.0,0.0597871259634
pres_2025,sido_46,김문수,국민의힘,1271616.0,,0.0,0.0,0.0,0.3333333333333333,0.0420446663237796,0.0,False,김문수,0.6666666666666665,0.3039798473671175,0.2854430103182108,0.2059941231017316,0.3380180462866254,0.4157732321866589,0.3952119947262228,0.0404072443721303,-0.0247493876306958,0.0094478848886181,-0.0020557461132584,-0.0361935879963992,-0.0070016963412293,0.0,0.0,0.0,0.0558608657455619,0.070458678090062,0.0145978123445001,0.0265562601745266,29.556926110993608,0.0605716425203903,0.0249502418567046,0.070458678090062,0.0711762555385461,13.123366003681324,16.433560107312285,0.8677543081670337,0.000717577448484,0.000717577448484,0.0,0.0,0.0,0.0,0.0,0.0,0.0,0.0,0.0,0.0,0.0,0.0,0.0,0.0,0.0,0.0,0.0,0.0,0.0,0.0,0.0,0.0,0.0,0.0,0.0558608657455619,0.0145978123445001,0.1493351010181369,0.0,1.0,1.0,0.0,0.8404784394951577,0.0,0.0,0.0,0.0,0.0,0.0,0.0558608657455619,0.0122691465393485,0.7273241088973031,0.1233407900845598,0.1493351010181369,0.3574392489243773,-0.3015783831788153,0.0,0.0,0.0,0.0,0.0,0.0,0.0,0.0,0.0,0.0,0.0,0.0,0.0,0.0,0.0,0.0,0.0,0.0,0.0,B,A,0.43836686369178,0.0420446663237796,0.0421779625135802,B,0.03595828241480381,0.0420446663237796,0.0,0.0,0.0,0.0,0.0420446663237796,0.0558608657455619,0.0420446663237796,0.1624725683156397,0.1001632180907728,0.0420446663237796,0.0767374225827975,0.0463812608561569,0.0349332769678097,0.0091289208455393,0.0023190630428078,0.0,0.0,0.0,0.0,0.0,0.0463812608561569,0.0,0.0463812608561569,0.0,none,0.0,0.0,0.0,0.0,0.0,0.0,0.0,0.0,0.0,0.0,0.0,0.0,0.0,0.0,,none,regime_change,-0.3212603539057819,-0.1285041415623128,-0.1758110803387189,6.417923106449169,17.0,1.2793337124490471,0.1509917175733914,0.894435410009439,13.0,1.0,0.1572516557269645,2.0,0.9469018075427992,0.0,0.9469018075427992,0.045822611103696,-0.0080561227620817,-0.1285041415623128,-0.1365602643243945,0.0303135015872091,A,B,rupture_landslide,1.0,1.0,1.0,1.0,0.8635527978308968,0.0783808307225959,0.2865126822542734,0.1357048353688699,-0.0,0.1357048353688699,-0.6499999999999999,-0.4874999999999999,-0.8124999999999999,0.6499999999999999,0.0,0.0,0.0,0.0,0.0303135015872091,structural_mega_shock_regime,0.0327253067428353,0.0,0.003573592112214,-0.003573592112214,0.1572516557269645,0.1079866174347145,0.894435410009439,0.01,0.0291517146306213,0.0334893655528408,0.002468916861963,0.0,0.002468916861963,0.0,0.0,0.0,0.0359582824148038,0.03595828241480381,1271616.0,0.0359582824148038
pres_2025,sido_47,김문수,국민의힘,1757696.0,,0.0,0.0,0.0,0.3333333333333333,0.7380324221875305,0.0,False,김문수,0.6666666666666665,0.3039798473671175,0.2854430103182108,0.2059941231017316,0.3380180462866254,0.4157732321866589,0.3952119947262228,0.0404072443721303,-0.0247493876306958,0.0094478848886181,-0.0020557461132584,-0.0361935879963992,-0.0070016963412293,0.0,0.0,0.0,0.6399804670992242,0.6723413733283973,0.032360906229173,0.0831489450104281,35.06250786664815,0.6399804670992241,0.6786815057190065,0.6723413733283973,0.7459637565621581,14.02907786819996,21.03342999844819,0.8752267587415122,0.0736223832337608,0.0736223832337608,0.0,0.0,0.0,0.0,0.0,0.0,0.0,0.0,0.0,0.0,0.0,0.0,0.0,0.0,0.0,0.0,0.0,0.0,0.0,0.0,0.0,0.0,0.0,0.0,0.621019216600469,0.0314021218897708,0.0999999999999998,0.0,1.0,1.0,0.0,0.8404784394951577,0.0,0.0,0.0,0.0,0.0,0.0,0.621019216600469,0.0263928064027513,0.7797074132548529,0.120292586745147,0.0999999999999999,0.3574392489243773,0.2635799676760917,0.0,0.0,0.0,0.0,0.0,0.0,0.0,0.0,0.0,0.0,0.0,0.0,0.0,0.0,0.0,0.0,0.0,0.0,0.0,B,A,0.43836686369178,0.7380324221875305,0.739541057024107,B,0.6111023116449241,0.7380324221875305,0.0,0.0,0.0,0.0,0.7380324221875305,0.7116171355845122,0.7380324221875305,0.1624725683156397,0.6568107189498489,0.7380324221875305,0.7262245807089929,0.7365564420027133,0.621019216600469,0.0314021218897708,0.0841351035124734,0.0,0.0,0.0,0.0,0.0,0.7365564420027133,0.0,0.7365564420027133,0.0,none,0.0,0.0,0.0,0.0,0.0,0.0,0.0,0.0,0.0,0.0,0.0,0.0,0.0,0.0,,none,regime_change,-0.3212603539057819,-0.1285041415623128,-0.1758110803387189,6.417923106449169,17.0,1.2793337124490471,0.1509917175733914,0.894435410009439,13.0,1.0,0.1572516557269645,2.0,0.9469018075427992,0.0,0.9469018075427992,0.045822611103696,-0.0080561227620817,-0.1285041415623128,-0.1365602643243945,0.5435326360614217,A,B,rupture_landslide,1.0,1.0,1.0,1.0,0.8635527978308968,0.0783808307225959,0.2865126822542734,0.1357048353688699,-0.0,0.1357048353688699,-0.6499999999999999,-0.4874999999999999,-0.8124999999999999,0.6499999999999999,0.0,0.0,0.0,0.0,0.5435326360614217,structural_mega_shock_regime,0.6149394391789997,0.0,0.0876774909508171,-0.0876774909508171,0.1572516557269645,0.1079866174347145,0.894435410009439,0.0573777998723127,0.5272619482281826,0.6020701029381181,0.009032208706806,0.0,0.009032208706806,0.0,0.0,0.0,0.6111023116449241,0.6111023116449241,1757696.0,0.6111023116449241
pres_2025,sido_48,김문수,국민의힘,2124344.0,,0.0,0.0,0.0,0.3333333333333333,0.5654123533763195,0.0,False,김문수,0.6666666666666665,0.3039798473671175,0.2854430103182108,0.2059941231017316,0.3380180462866254,0.4157732321866589,0.3952119947262228,0.0404072443721303,-0.0247493876306958,0.0094478848886181,-0.0020557461132584,-0.0361935879963992,-0.0070016963412293,0.0,0.0,0.0,0.5033394968736166,0.5345387197941365,0.0311992229205199,0.0792490297266733,35.06250786664815,0.5033394968736166,0.5592474198556946,0.5345387197941365,0.6034287846130807,14.02907786819996,21.03342999844819,0.8752267587415122,0.0688900648189442,0.0688900648189442,0.0,0.0,0.0,0.0,0.0,0.0,0.0,0.0,0.0,0.0,0.0,0.0,0.0,0.0,0.0,0.0,0.0,0.0,0.0,0.0,0.0,0.0,0.0,0.0,0.5033394968736166,0.0311992229205199,0.1125856127150621,0.0,1.0,1.0,0.0,0.8404784394951577,0.0,0.0,0.0,0.0,0.0,0.0,0.5033394968736166,0.0262222741937001,0.7588392181737231,0.1285751691112147,0.112585612715062,0.3574392489243773,0.1459002479492392,0.0,0.0,0.0,0.0,0.0,0.0,0.0,0.0,0.0,0.0,0.0,0.0,0.0,0.0,0.0,0.0,0.0,0.0,0.0,B,A,0.43836686369178,0.5654123533763195,0.5666591253739817,B,0.4685494753471147,0.5654123533763195,0.0,0.0,0.0,0.0,0.5654123533763195,0.5650082123692551,0.5654123533763195,0.1624725683156397,0.5425215084739394,0.5654123533763195,0.5981960160356746,0.5695103112087389,0.5033394968736166,0.0311992229205199,0.0349715914146023,0.0,0.0,0.0,0.0,0.0,0.5695103112087389,0.0,0.5695103112087389,0.0,none,0.0,0.0,0.0,0.0,0.0,0.0,0.0,0.0,0.0,0.0,0.0,0.0,0.0,0.0,,none,regime_change,-0.3212603539057819,-0.1285041415623128,-0.1758110803387189,6.417923106449169,17.0,1.2793337124490471,0.1509917175733914,0.894435410009439,13.0,1.0,0.1572516557269645,2.0,0.9469018075427992,0.0,0.9469018075427992,0.045822611103696,-0.0080561227620817,-0.1285041415623128,-0.1365602643243945,0.4405361963952789,A,B,rupture_landslide,1.0,1.0,1.0,1.0,0.8635527978308968,0.0783808307225959,0.2865126822542734,0.1357048353688699,-0.0,0.1357048353688699,-0.6499999999999999,-0.4874999999999999,-0.8124999999999999,0.6499999999999999,0.0,0.0,0.0,0.0,0.4405361963952789,structural_mega_shock_regime,0.4650611012338497,0.0,0.0658186363249611,-0.0658186363249611,0.1572516557269645,0.1079866174347145,0.894435410009439,0.0465050229484688,0.3992424649088886,0.4611917187919979,0.0073577565551168,0.0,0.0073577565551168,0.0,0.0,0.0,0.4685494753471148,0.4685494753471147,2124344.0,0.4685494753471148
pres_2025,sido_50,김문수,국민의힘,405238.0,,0.0,0.0,0.0,0.3333333333333333,0.3664341848142571,0.0,False,김문수,0.6666666666666665,0.3039798473671175,0.2854430103182108,0.2059941231017316,0.3380180462866254,0.4157732321866589,0.3952119947262228,0.0404072443721303,-0.0247493876306958,0.0094478848886181,-0.0020557461132584,-0.0361935879963992,-0.0070016963412293,0.0,0.0,0.0,0.3224307867368449,0.3571212800042179,0.034690493267373,0.0686804326344245,22.91768621704156,0.3224307867368449,0.378568215632677,0.3571212800042179,0.3911859117684718,8.142187280770322,14.775498936271234,0.8028038780360507,0.0340646317642538,0.0340646317642538,0.0,0.0,0.0,0.0,0.0,0.0,0.0,0.0,0.0,0.0,0.0,0.0,0.0,0.0,0.0,0.0,0.0,0.0,0.0,0.0,0.0,0.0,0.0,0.0,0.3224307867368449,0.034690493267373,0.145283230037314,0.0,1.0,1.0,0.0,0.8404784394951577,0.0,0.0,0.0,0.0,0.0,0.0,0.3224307867368449,0.0291566116466789,0.7132533605414471,0.1414634094212389,0.145283230037314,0.3574392489243773,-0.0350084621875323,0.0,0.0,0.0,0.0,0.0,0.0,0.0,0.0,0.0,0.0,0.0,0.0,0.0,0.0,0.0,0.0,0.0,0.0,0.0,B,A,0.43836686369178,0.3664341848142571,0.3674480644487517,B,0.29274603576887304,0.3664341848142571,0.0,0.0,0.0,0.0,0.3664341848142571,0.3664341848142571,0.3664341848142571,0.1624725683156397,0.3690192497055548,0.3664341848142571,0.4103580219701233,0.3719246644587404,0.3190063724528254,0.0343220587829779,0.018596233222937,0.0,0.0,0.0,0.0,0.0,0.3719246644587404,0.0,0.3719246644587404,0.0,none,0.0,0.0,0.0,0.0,0.0,0.0,0.0,0.0,0.0,0.0,0.0,0.0,0.0,0.0,,none,regime_change,-0.3212603539057819,-0.1285041415623128,-0.1758110803387189,6.417923106449169,17.0,1.2793337124490471,0.1509917175733914,0.894435410009439,13.0,1.0,0.1572516557269645,2.0,0.9469018075427992,0.0,0.9469018075427992,0.045822611103696,-0.0080561227620817,-0.1285041415623128,-0.1365602643243945,0.256099552923341,A,B,rupture_landslide,1.0,1.0,1.0,1.0,0.8635527978308968,0.0783808307225959,0.2865126822542734,0.1357048353688699,-0.0,0.1357048353688699,-0.6499999999999999,-0.4874999999999999,-0.8124999999999999,0.6499999999999999,0.0,0.0,0.0,0.0,0.256099552923341,structural_mega_shock_regime,0.2794377017012574,0.0,0.0396907357860576,-0.0396907357860576,0.1572516557269645,0.1079866174347145,0.894435410009439,0.0270350443011184,0.2397469659151997,0.2851636581573534,0.0075823776115196,0.0,0.0075823776115196,0.0,0.0,0.0,0.292746035768873,0.29274603576887304,405238.0,0.292746035768873
pres_2025,sido_11,이준석,제3지대,6439139.0,,0.0,0.0,0.0,0.3333333333333333,0.2505006312081866,0.0,False,이준석,0.6666666666666665,0.2693955478524616,0.2903968019198479,0.2175240293476766,0.3464336156720926,0.5081001920681283,0.4859221561626372,0.0678571279773684,0.0380765110512041,-0.0191028807370131,0.0035546334770529,0.0248187857762286,0.0112982260622626,0.0,0.0,0.0,0.0,0.1076423708738509,0.082729945525615,0.0575911307601245,20.562455359817918,0.0,0.0,0.1076423708738509,0.0895016509244357,7.703506159879082,12.85894919993883,0.7938889338505946,0.0,-0.0181407199494152,0.0,0.0,0.0,0.0,0.0,0.0,0.0,0.0,0.0,0.0,0.0,0.0,0.0,0.0,0.0,0.0,0.0,0.0,0.0,0.0,0.0,0.0,0.0,0.0,0.0,0.0806705981475576,0.0999999999999998,0.0,1.0,1.0,0.0,0.1595215605048424,0.1644377584127059,1.0,1.0,0.0,0.0,0.0,0.0,0.0900844811361794,0.7611241181323437,0.1388758818676564,0.0999999999999998,0.0,0.0,0.0,0.0,0.0,0.0,0.0,0.0,0.0,0.0,0.0,0.0,0.0,0.0,0.0,0.0,0.0,0.0,0.0,0.0,0.0,C,C,0.2383364748829927,0.2505006312081866,0.2482071770367082,C,0.09136864239487581,0.2505006312081866,0.0,0.0,0.0,0.0,0.2505006312081866,0.2208012345886713,0.2505006312081866,0.8375274280848329,0.2000651029721145,0.2505006312081866,0.1057206612683763,0.2324031349657102,0.0,0.0806705981475576,0.1517325368181526,0.0,0.0,0.0,0.0,0.0,0.2324031349657102,0.0,0.2324031349657102,0.0,none,0.0,0.0,0.0,0.0,0.0,0.0,0.0,0.0,0.0,0.0,0.0,0.0,0.0,0.0,,none,,0.0,0.0,0.0,0.0,0.0,0.0,0.0,0.0,0.0,0.0,0.0,2.0,0.254959332242485,0.8016929594719435,0.8016929594719435,0.1556018280230727,0.0,0.0,0.0,0.0,A,B,rupture_landslide,1.0,1.0,1.0,1.0,0.8635527978308968,0.0783808307225959,0.2865126822542734,0.1357048353688699,-0.0,0.1357048353688699,0.0,0.0,0.0,0.6499999999999999,0.0,0.0,0.0,0.0,0.0,structural_mega_shock_regime,0.2565033077362275,0.0,0.0,0.0,0.1572516557269645,0.1079866174347145,0.894435410009439,0.0,0.2565033077362275,0.107642370873851,0.0,0.0162737284789751,-0.0162737284789751,0.097642370873851,0.1666666666666666,0.01,0.0913686423948758,0.09136864239487581,6439139.0,0.0913686423948758
pres_2025,sido_26,이준석,제3지대,2180178.0,,0.0,0.0,0.0,0.3333333333333333,0.1899354544698222,0.0,False,이준석,0.6666666666666665,0.2693955478524616,0.2903968019198479,0.2175240293476766,0.3464336156720926,0.5081001920681283,0.4859221561626372,0.0678571279773684,0.0380765110512041,-0.0191028807370131,0.0035546334770529,0.0248187857762286,0.0112982260622626,0.0,0.0,0.0,0.0,0.0752173428723992,0.0582624734076545,0.0419409468204353,18.864695230349472,0.0,0.0,0.0752173428723992,0.0729983789466817,7.703506159879082,11.16118907047039,0.7938889338505946,0.0,-0.0022189639257175,0.0,0.0,0.0,0.0,0.0,0.0,0.0,0.0,0.0,0.0,0.0,0.0,0.0,0.0,0.0,0.0,0.0,0.0,0.0,0.0,0.0,0.0,0.0,0.0,0.0,0.0566113754954301,0.0999999999999999,0.0,1.0,1.0,0.0,0.1595215605048424,0.1644377584127059,1.0,1.0,0.0,0.0,0.0,0.0,0.0673269609197682,0.777238187091744,0.122761812908256,0.0999999999999998,0.0,0.0,0.0,0.0,0.0,0.0,0.0,0.0,0.0,0.0,0.0,0.0,0.0,0.0,0.0,0.0,0.0,0.0,0.0,0.0,0.0,C,C,0.2383364748829927,0.1899354544698222,0.1880573729070182,C,0.06434778572699938,0.1899354544698222,0.0,0.0,0.0,0.0,0.1899354544698222,0.1665539515851377,0.1899354544698222,0.8375274280848329,0.1865691282405664,0.1899354544698222,0.0756049209424123,0.175644137778896,0.0,0.0566113754954301,0.1190327622834658,0.0,0.0,0.0,0.0,0.0,0.175644137778896,0.0,0.175644137778896,0.0,none,0.0,0.0,0.0,0.0,0.0,0.0,0.0,0.0,0.0,0.0,0.0,0.0,0.0,0.0,,none,,0.0,0.0,0.0,0.0,0.0,0.0,0.0,0.0,0.0,0.0,0.0,2.0,0.254959332242485,0.8016929594719435,0.8016929594719435,0.1556018280230727,0.0,0.0,0.0,0.0,A,B,rupture_landslide,1.0,1.0,1.0,1.0,0.8635527978308968,0.0783808307225959,0.2865126822542734,0.1357048353688699,-0.0,0.1357048353688699,0.0,0.0,0.0,0.6499999999999999,0.0,0.0,0.0,0.0,0.0,structural_mega_shock_regime,0.2013064417820263,0.0,0.0,0.0,0.1572516557269645,0.1079866174347145,0.894435410009439,0.0,0.2013064417820263,0.0752173428723992,0.0,0.0108695571453998,-0.0108695571453998,0.0652173428723992,0.1666666666666666,0.01,0.0643477857269994,0.06434778572699938,2180178.0,0.0643477857269994
pres_2025,sido_27,이준석,제3지대,1596806.0,,0.0,0.0,0.0,0.3333333333333333,0.1763769874858946,0.0,False,이준석,0.6666666666666665,0.2693955478524616,0.2903968019198479,0.2175240293476766,0.3464336156720926,0.5081001920681283,0.4859221561626372,0.0678571279773684,0.0380765110512041,-0.0191028807370131,0.0035546334770529,0.0248187857762286,0.0112982260622626,0.0,0.0,0.0,0.0,0.0854783506573217,0.0683083251586159,0.042839703557464,18.864695230349472,0.0,0.0,0.0854783506573217,0.0783735838600078,7.703506159879082,11.16118907047039,0.7938889338505946,0.0,-0.0071047667973138,0.0,0.0,0.0,0.0,0.0,0.0,0.0,0.0,0.0,0.0,0.0,0.0,0.0,0.0,0.0,0.0,0.0,0.0,0.0,0.0,0.0,0.0,0.0,0.0,0.0,0.0652918802625263,0.0999999999999999,0.0,1.0,1.0,0.0,0.1595215605048424,0.1644377584127059,1.0,1.0,0.0,0.0,0.0,0.0,0.0761323476343192,0.7677312446850216,0.1322687553149784,0.0999999999999999,0.0,0.0,0.0,0.0,0.0,0.0,0.0,0.0,0.0,0.0,0.0,0.0,0.0,0.0,0.0,0.0,0.0,0.0,0.0,0.0,0.0,C,C,0.2383364748829927,0.1763769874858946,0.1746040749637281,C,0.0728986255477681,0.1763769874858946,0.0,0.0,0.0,0.0,0.1763769874858946,0.1398513695771595,0.1763769874858946,0.8375274280848329,0.1945314532634192,0.1763769874858946,0.0829295790111158,0.1646960614265472,0.0,0.0652918802625263,0.0994041811640209,0.0,0.0,0.0,0.0,0.0,0.1646960614265472,0.0,0.1646960614265472,0.0,none,0.0,0.0,0.0,0.0,0.0,0.0,0.0,0.0,0.0,0.0,0.0,0.0,0.0,0.0,,none,,0.0,0.0,0.0,0.0,0.0,0.0,0.0,0.0,0.0,0.0,0.0,2.0,0.254959332242485,0.8016929594719435,0.8016929594719435,0.1556018280230727,0.0,0.0,0.0,0.0,A,B,rupture_landslide,1.0,1.0,1.0,1.0,0.8635527978308968,0.0783808307225959,0.2865126822542734,0.1357048353688699,-0.0,0.1357048353688699,0.0,0.0,0.0,0.6499999999999999,0.0,0.0,0.0,0.0,0.0,structural_mega_shock_regime,0.1976458577919748,0.0,0.0,0.0,0.1572516557269645,0.1079866174347145,0.894435410009439,0.0,0.1976458577919748,0.0854783506573217,0.0,0.0125797251095536,-0.0125797251095536,0.0754783506573217,0.1666666666666666,0.01,0.0728986255477681,0.0728986255477681,1596806.0,0.0728986255477681
pres_2025,sido_28,이준석,제3지대,1867054.0,,0.0,0.0,0.0,0.3333333333333333,0.2374338943109804,0.0,False,이준석,0.6666666666666665,0.2693955478524616,0.2903968019198479,0.2175240293476766,0.3464336156720926,0.5081001920681283,0.4859221561626372,0.0678571279773684,0.0380765110512041,-0.0191028807370131,0.0035546334770529,0.0248187857762286,0.0112982260622626,0.0,0.0,0.0,0.0,0.0926618174412197,0.0703881001312281,0.0574302538437323,17.25848575697267,0.0,0.0,0.0926618174412197,0.1152049319759918,7.084291665759753,10.174194091212918,0.7798397416566509,0.022543114534772,0.022543114534772,0.0,0.0,0.0,0.0,0.0,0.0,0.0,0.0,0.0,0.0,0.0,0.0,0.0,0.0,0.0,0.0,0.0,0.0,0.0,0.0,0.0,0.0,0.0,0.0,0.0,0.0689890475979911,0.1,0.0,1.0,1.0,0.0,0.1595215605048424,0.1644377584127059,1.0,1.0,0.0,0.0,0.0,0.0,0.0800107591284445,0.7629448654001488,0.1370551345998511,0.1,0.0,0.0,0.0,0.0,0.0,0.0,0.0,0.0,0.0,0.0,0.0,0.0,0.0,0.0,0.0,0.0,0.0,0.0,0.0,0.0,0.0,C,C,0.2383364748829927,0.2374338943109804,0.2352225270830022,C,0.07888484786768313,0.2374338943109804,0.0,0.0,0.0,0.0,0.2374338943109804,0.2222929023163951,0.2374338943109804,0.8375274280848329,0.1985401771957172,0.2374338943109804,0.0927324370290891,0.2193462121507439,0.0,0.0689890475979911,0.1503571645527528,0.0,0.0,0.0,0.0,0.0,0.219346212150744,0.0,0.219346212150744,0.0,none,0.0,0.0,0.0,0.0,0.0,0.0,0.0,0.0,0.0,0.0,0.0,0.0,0.0,0.0,,none,,0.0,0.0,0.0,0.0,0.0,0.0,0.0,0.0,0.0,0.0,0.0,2.0,0.254959332242485,0.8016929594719435,0.8016929594719435,0.1556018280230727,0.0,0.0,0.0,0.0,A,B,rupture_landslide,1.0,1.0,1.0,1.0,0.8635527978308968,0.0783808307225959,0.2865126822542734,0.1357048353688699,-0.0,0.1357048353688699,0.0,0.0,0.0,0.6499999999999999,0.0,0.0,0.0,0.0,0.0,structural_mega_shock_regime,0.2419049356554943,0.0,0.0,0.0,0.1572516557269645,0.1079866174347145,0.894435410009439,0.0,0.2419049356554943,0.0926618174412197,0.0,0.0137769695735366,-0.0137769695735366,0.0826618174412197,0.1666666666666666,0.01,0.0788848478676831,0.07888484786768313,1867054.0,0.0788848478676831
pres_2025,sido_29,이준석,제3지대,978601.0,,0.0,0.0,0.0,0.3333333333333333,0.2732830350634623,0.0,False,이준석,0.6666666666666665,0.2693955478524616,0.2903968019198479,0.2175240293476766,0.3464336156720926,0.5081001920681283,0.4859221561626372,0.0678571279773684,0.0380765110512041,-0.0191028807370131,0.0035546334770529,0.0248187857762286,0.0112982260622626,0.0,0.0,0.0,0.0,0.1424503815754437,0.0919078168789426,0.1085602666600448,19.18332548749526,0.0,0.0,0.1424503815754437,0.1530872239956539,7.703506159879082,11.47981932761618,0.7938889338505946,0.0106368424202101,0.0106368424202101,0.0,0.0,0.0,0.0,0.0,0.0,0.0,0.0,0.0,0.0,0.0,0.0,0.0,0.0,0.0,0.0,0.0,0.0,0.0,0.0,0.0,0.0,0.0,0.0,0.0,0.0919078168789426,0.160869101038261,0.0,1.0,1.0,0.0,0.1595215605048424,0.1644377584127059,1.0,1.0,0.0,0.0,0.0,0.0,0.0945797257200783,0.7304862471969895,0.1086446517647494,0.160869101038261,0.0,0.0,0.0,0.0,0.0,0.0,0.0,0.0,0.0,0.0,0.0,0.0,0.0,0.0,0.0,0.0,0.0,0.0,0.0,0.0,0.0,C,C,0.2383364748829927,0.2732830350634623,0.270856375678723,C,0.12037531797953642,0.2732830350634623,0.0,0.0,0.0,0.0,0.2732830350634623,0.2566084369843915,0.2732830350634623,0.8375274280848329,0.2257251602185968,0.2732830350634623,0.1358706130586094,0.2561064823128557,0.0,0.0919078168789426,0.1641986654339131,0.0,0.0,0.0,0.0,0.0,0.2561064823128557,0.0,0.2561064823128557,0.0,none,0.0,0.0,0.0,0.0,0.0,0.0,0.0,0.0,0.0,0.0,0.0,0.0,0.0,0.0,,none,,0.0,0.0,0.0,0.0,0.0,0.0,0.0,0.0,0.0,0.0,0.0,2.0,0.254959332242485,0.8016929594719435,0.8016929594719435,0.1556018280230727,0.0,0.0,0.0,0.0,A,B,rupture_landslide,1.0,1.0,1.0,1.0,0.8635527978308968,0.0783808307225959,0.2865126822542734,0.1357048353688699,-0.0,0.1357048353688699,0.0,0.0,0.0,0.6499999999999999,0.0,0.0,0.0,0.0,0.0,structural_mega_shock_regime,0.2579913242114879,0.0,0.0,0.0,0.1572516557269645,0.1079866174347145,0.894435410009439,0.0,0.2579913242114879,0.1424503815754437,0.0,0.0220750635959072,-0.0220750635959072,0.1324503815754437,0.1666666666666666,0.01,0.1203753179795364,0.12037531797953642,978601.0,0.1203753179795364
pres_2025,sido_30,이준석,제3지대,936401.0,,0.0,0.0,0.0,0.3333333333333333,0.2903079205709903,0.0,False,이준석,0.6666666666666665,0.2693955478524616,0.2903968019198479,0.2175240293476766,0.3464336156720926,0.5081001920681283,0.4859221561626372,0.0678571279773684,0.0380765110512041,-0.0191028807370131,0.0035546334770529,0.0248187857762286,0.0112982260622626,0.0,0.0,0.0,0.0,0.1798468771973821,0.1384007697048743,0.1093007594056117,18.19998107654564,0.0,0.0,0.1798468771973821,0.2116626239080898,7.703506159879082,10.496474916666552,0.7938889338505946,0.0318157467107076,0.0318157467107076,0.0,0.0,0.0,0.0,0.0,0.0,0.0,0.0,0.0,0.0,0.0,0.0,0.0,0.0,0.0,0.0,0.0,0.0,0.0,0.0,0.0,0.0,0.0,0.0,0.0,0.1350857906087613,0.0999999999999999,0.0,1.0,1.0,0.0,0.1595215605048424,0.1644377584127059,1.0,1.0,0.0,0.0,0.0,0.0,0.1474270380412441,0.6887439079916914,0.2112560920083086,0.0999999999999999,0.0,0.0,0.0,0.0,0.0,0.0,0.0,0.0,0.0,0.0,0.0,0.0,0.0,0.0,0.0,0.0,0.0,0.0,0.0,0.0,0.0,C,C,0.2383364748829927,0.2903079205709903,0.2877899534956958,C,0.1515390643311518,0.2903079205709903,0.0,0.0,0.0,0.0,0.2903079205709903,0.2728163829241666,0.2903079205709903,0.8375274280848329,0.2606855142154548,0.2903079205709903,0.1641165826658603,0.2745340033328491,0.0,0.1350857906087613,0.1394482127240877,0.0,0.0,0.0,0.0,0.0,0.274534003332849,0.0,0.274534003332849,0.0,none,0.0,0.0,0.0,0.0,0.0,0.0,0.0,0.0,0.0,0.0,0.0,0.0,0.0,0.0,,none,,0.0,0.0,0.0,0.0,0.0,0.0,0.0,0.0,0.0,0.0,0.0,2.0,0.254959332242485,0.8016929594719435,0.8016929594719435,0.1556018280230727,0.0,0.0,0.0,0.0,A,B,rupture_landslide,1.0,1.0,1.0,1.0,0.8635527978308968,0.0783808307225959,0.2865126822542734,0.1357048353688699,-0.0,0.1357048353688699,0.0,0.0,0.0,0.6499999999999999,0.0,0.0,0.0,0.0,0.0,structural_mega_shock_regime,0.300660476670968,0.0,0.0,0.0,0.1572516557269645,0.1079866174347145,0.894435410009439,0.0,0.300660476670968,0.1798468771973821,0.0,0.0283078128662303,-0.0283078128662303,0.1698468771973821,0.1666666666666666,0.01,0.1515390643311518,0.1515390643311518,936401.0,0.1515390643311518
pres_2025,sido_31,이준석,제3지대,728390.0,,0.0,0.0,0.0,0.3333333333333333,0.2203699964796849,0.0,False,이준석,0.6666666666666665,0.2693955478524616,0.2903968019198479,0.2175240293476766,0.3464336156720926,0.5081001920681283,0.4859221561626372,0.0678571279773684,0.0380765110512041,-0.0191028807370131,0.0035546334770529,0.0248187857762286,0.0112982260622626,0.0,0.0,0.0,0.0,0.0744772939835702,0.0535749144746988,0.0496100003184011,16.2721663205037,0.0,0.0,0.0744772939835702,0.0695998732501447,7.084291665759753,9.187874654743949,0.7798397416566509,0.0,-0.0048774207334254,0.0,0.0,0.0,0.0,0.0,0.0,0.0,0.0,0.0,0.0,0.0,0.0,0.0,0.0,0.0,0.0,0.0,0.0,0.0,0.0,0.0,0.0,0.0,0.0,0.0,0.0535749144746988,0.1577469575465357,0.0,1.0,1.0,0.0,0.1595215605048424,0.1644377584127059,1.0,1.0,0.0,0.0,0.0,0.0,0.0689474329615678,0.694167092866242,0.1480859495872222,0.1577469575465357,0.0,0.0,0.0,0.0,0.0,0.0,0.0,0.0,0.0,0.0,0.0,0.0,0.0,0.0,0.0,0.0,0.0,0.0,0.0,0.0,0.0,C,C,0.2383364748829927,0.2203699964796849,0.2182720656624414,C,0.0637310783196418,0.2203699964796849,0.0,0.0,0.0,0.0,0.2203699964796849,0.2203699964796848,0.2203699964796849,0.8375274280848329,0.2561434481354439,0.2203699964796849,0.0883376109539099,0.203865948288963,0.0,0.0535749144746988,0.1502910338142642,0.0,0.0,0.0,0.0,0.0,0.203865948288963,0.0,0.203865948288963,0.0,none,0.0,0.0,0.0,0.0,0.0,0.0,0.0,0.0,0.0,0.0,0.0,0.0,0.0,0.0,,none,,0.0,0.0,0.0,0.0,0.0,0.0,0.0,0.0,0.0,0.0,0.0,2.0,0.254959332242485,0.8016929594719435,0.8016929594719435,0.1556018280230727,0.0,0.0,0.0,0.0,A,B,rupture_landslide,1.0,1.0,1.0,1.0,0.8635527978308968,0.0783808307225959,0.2865126822542734,0.1357048353688699,-0.0,0.1357048353688699,0.0,0.0,0.0,0.6499999999999999,0.0,0.0,0.0,0.0,0.0,structural_mega_shock_regime,0.2323050959478715,0.0,0.0,0.0,0.1572516557269645,0.1079866174347145,0.894435410009439,0.0,0.2323050959478715,0.0744772939835702,0.0,0.0107462156639283,-0.0107462156639283,0.0644772939835702,0.1666666666666666,0.01,0.0637310783196418,0.0637310783196418,728390.0,0.0637310783196418
pres_2025,sido_36,이준석,제3지대,229891.0,,0.0,0.0,0.0,0.3333333333333333,0.2740727853006866,0.0,False,이준석,0.6666666666666665,0.2693955478524616,0.2903968019198479,0.2175240293476766,0.3464336156720926,0.5081001920681283,0.4859221561626372,0.0678571279773684,0.0380765110512041,-0.0191028807370131,0.0035546334770529,0.0248187857762286,0.0112982260622626,0.0,0.0,0.0,0.0,0.147876069067939,0.1200667912195482,0.0740183850537063,10.320618549881312,0.0,0.0,0.147876069067939,0.1992689782991794,4.692358538095219,5.628260011786095,0.7011516958311023,0.0513929092312404,0.0513929092312404,0.0,0.0,0.0,0.0,0.0,0.0,0.0,0.0,0.0,0.0,0.0,0.0,0.0,0.0,0.0,0.0,0.0,0.0,0.0,0.0,0.0,0.0,0.0,0.0,0.0,0.1179534548732113,0.0999999999999999,0.0,1.0,1.0,0.0,0.1595215605048424,0.1644377584127059,1.0,1.0,0.0,0.0,0.0,0.0,0.1340254291519496,0.682276405747414,0.2177235942525859,0.0999999999999999,0.0,0.0,0.0,0.0,0.0,0.0,0.0,0.0,0.0,0.0,0.0,0.0,0.0,0.0,0.0,0.0,0.0,0.0,0.0,0.0,0.0,C,C,0.2383364748829927,0.2740727853006866,0.2716417345077014,C,0.12489672422328246,0.2740727853006866,0.0,0.0,0.0,0.0,0.2740727853006866,0.2428304254395596,0.2740727853006866,0.8375274280848329,0.2661022247362374,0.2740727853006866,0.14536073340328,0.2579837788135108,0.0,0.1179534548732113,0.1400303239402994,0.0,0.0,0.0,0.0,0.0,0.2579837788135108,0.0,0.2579837788135108,0.0,none,0.0,0.0,0.0,0.0,0.0,0.0,0.0,0.0,0.0,0.0,0.0,0.0,0.0,0.0,,none,,0.0,0.0,0.0,0.0,0.0,0.0,0.0,0.0,0.0,0.0,0.0,2.0,0.254959332242485,0.8016929594719435,0.8016929594719435,0.1556018280230727,0.0,0.0,0.0,0.0,A,B,rupture_landslide,1.0,1.0,1.0,1.0,0.8635527978308968,0.0783808307225959,0.2865126822542734,0.1357048353688699,-0.0,0.1357048353688699,0.0,0.0,0.0,0.6499999999999999,0.0,0.0,0.0,0.0,0.0,structural_mega_shock_regime,0.2800292580430917,0.0,0.0,0.0,0.1572516557269645,0.1079866174347145,0.894435410009439,0.0,0.2800292580430917,0.147876069067939,0.0,0.0229793448446565,-0.0229793448446565,0.137876069067939,0.1666666666666666,0.01,0.1248967242232825,0.12489672422328246,229891.0,0.1248967242232825
pres_2025,sido_41,이준석,제3지대,8691376.0,,0.0,0.0,0.0,0.3333333333333333,0.2404642876747866,0.0,False,이준석,0.6666666666666665,0.2693955478524616,0.2903968019198479,0.2175240293476766,0.3464336156720926,0.5081001920681283,0.4859221561626372,0.0678571279773684,0.0380765110512041,-0.0191028807370131,0.0035546334770529,0.0248187857762286,0.0112982260622626,0.0,0.0,0.0,0.0,0.0995750910458024,0.0771590842453019,0.0580584616978025,19.5803392882785,0.0,0.0,0.0995750910458024,0.1093337179838235,7.703506159879082,11.876833128399417,0.7938889338505946,0.0097586269380211,0.0097586269380211,0.0,0.0,0.0,0.0,0.0,0.0,0.0,0.0,0.0,0.0,0.0,0.0,0.0,0.0,0.0,0.0,0.0,0.0,0.0,0.0,0.0,0.0,0.0,0.0,0.0,0.075734620327574,0.0999999999999999,0.0,1.0,1.0,0.0,0.1595215605048424,0.1644377584127059,1.0,1.0,0.0,0.0,0.0,0.0,0.0861736817968248,0.7597735145667994,0.1402264854332006,0.0999999999999999,0.0,0.0,0.0,0.0,0.0,0.0,0.0,0.0,0.0,0.0,0.0,0.0,0.0,0.0,0.0,0.0,0.0,0.0,0.0,0.0,0.0,C,C,0.2383364748829927,0.2404642876747866,0.2382335139781434,C,0.08464590920483529,0.2404642876747866,0.0,0.0,0.0,0.0,0.2404642876747866,0.2323777352673607,0.2404642876747866,0.8375274280848329,0.201196270502727,0.2404642876747866,0.0997810490950526,0.2228788828523198,0.0,0.075734620327574,0.1471442625247458,0.0,0.0,0.0,0.0,0.0,0.2228788828523198,0.0,0.2228788828523198,0.0,none,0.0,0.0,0.0,0.0,0.0,0.0,0.0,0.0,0.0,0.0,0.0,0.0,0.0,0.0,,none,,0.0,0.0,0.0,0.0,0.0,0.0,0.0,0.0,0.0,0.0,0.0,2.0,0.254959332242485,0.8016929594719435,0.8016929594719435,0.1556018280230727,0.0,0.0,0.0,0.0,A,B,rupture_landslide,1.0,1.0,1.0,1.0,0.8635527978308968,0.0783808307225959,0.2865126822542734,0.1357048353688699,-0.0,0.1357048353688699,0.0,0.0,0.0,0.6499999999999999,0.0,0.0,0.0,0.0,0.0,structural_mega_shock_regime,0.2450603880196149,0.0,0.0,0.0,0.1572516557269645,0.1079866174347145,0.894435410009439,0.0,0.2450603880196149,0.0995750910458024,0.0,0.014929181840967,-0.014929181840967,0.0895750910458024,0.1666666666666666,0.01,0.0846459092048353,0.08464590920483529,8691376.0,0.0846459092048353
pres_2025,sido_42,이준석,제3지대,1005840.0,,0.0,0.0,0.0,0.3333333333333333,0.201637956777868,0.0,False,이준석,0.6666666666666665,0.2693955478524616,0.2903968019198479,0.2175240293476766,0.3464336156720926,0.5081001920681283,0.4859221561626372,0.0678571279773684,0.0380765110512041,-0.0191028807370131,0.0035546334770529,0.0248187857762286,0.0112982260622626,0.0,0.0,0.0,0.0,0.0717619623261836,0.0548216785811606,0.0491905493063567,18.7792991198309,0.0,0.0,0.0717619623261836,0.1067430720885106,7.703506159879082,11.075792959951816,0.7938889338505946,0.034981109762327,0.034981109762327,0.0,0.0,0.0,0.0,0.0,0.0,0.0,0.0,0.0,0.0,0.0,0.0,0.0,0.0,0.0,0.0,0.0,0.0,0.0,0.0,0.0,0.0,0.0,0.0,0.0,0.05340895607306,0.0999999999999999,0.0,1.0,1.0,0.0,0.1595215605048424,0.1644377584127059,1.0,1.0,0.0,0.0,0.0,0.0,0.0633142996074552,0.7854029767162176,0.1145970232837823,0.0999999999999998,0.0,0.0,0.0,0.0,0.0,0.0,0.0,0.0,0.0,0.0,0.0,0.0,0.0,0.0,0.0,0.0,0.0,0.0,0.0,0.0,0.0,C,C,0.2383364748829927,0.201637956777868,0.1996726832923248,C,0.061468301938486326,0.201637956777868,0.0,0.0,0.0,0.0,0.201637956777868,0.1603120308090415,0.201637956777868,0.8375274280848329,0.1797308929855272,0.201637956777868,0.0735727517508468,0.1856298061494904,0.0,0.05340895607306,0.1322208500764304,0.0,0.0,0.0,0.0,0.0,0.1856298061494904,0.0,0.1856298061494904,0.0,none,0.0,0.0,0.0,0.0,0.0,0.0,0.0,0.0,0.0,0.0,0.0,0.0,0.0,0.0,,none,,0.0,0.0,0.0,0.0,0.0,0.0,0.0,0.0,0.0,0.0,0.0,2.0,0.254959332242485,0.8016929594719435,0.8016929594719435,0.1556018280230727,0.0,0.0,0.0,0.0,A,B,rupture_landslide,1.0,1.0,1.0,1.0,0.8635527978308968,0.0783808307225959,0.2865126822542734,0.1357048353688699,-0.0,0.1357048353688699,0.0,0.0,0.0,0.6499999999999999,0.0,0.0,0.0,0.0,0.0,structural_mega_shock_regime,0.2113194878356162,0.0,0.0,0.0,0.1572516557269645,0.1079866174347145,0.894435410009439,0.0,0.2113194878356162,0.0717619623261836,0.0,0.0102936603876972,-0.0102936603876972,0.0617619623261836,0.1666666666666666,0.01,0.0614683019384863,0.061468301938486326,1005840.0,0.0614683019384863
pres_2025,sido_43,이준석,제3지대,1010209.0,,0.0,0.0,0.0,0.3333333333333333,0.2327242245116949,0.0,False,이준석,0.6666666666666665,0.2693955478524616,0.2903968019198479,0.2175240293476766,0.3464336156720926,0.5081001920681283,0.4859221561626372,0.0678571279773684,0.0380765110512041,-0.0191028807370131,0.0035546334770529,0.0248187857762286,0.0112982260622626,0.0,0.0,0.0,0.0,0.0974704920202459,0.0773088185396187,0.0554299793603765,19.25736049128249,0.0,0.0,0.0974704920202459,0.1248170805628044,7.703506159879082,11.553854331403413,0.7938889338505946,0.0273465885425585,0.0273465885425585,0.0,0.0,0.0,0.0,0.0,0.0,0.0,0.0,0.0,0.0,0.0,0.0,0.0,0.0,0.0,0.0,0.0,0.0,0.0,0.0,0.0,0.0,0.0,0.0,0.0,0.0759448541883714,0.1,0.0,1.0,1.0,0.0,0.1595215605048424,0.1644377584127059,1.0,1.0,0.0,0.0,0.0,0.0,0.0861633618212542,0.7609169750732592,0.1390830249267407,0.1,0.0,0.0,0.0,0.0,0.0,0.0,0.0,0.0,0.0,0.0,0.0,0.0,0.0,0.0,0.0,0.0,0.0,0.0,0.0,0.0,0.0,C,C,0.2383364748829927,0.2327242245116949,0.2305434600885917,C,0.08289207668353821,0.2327242245116949,0.0,0.0,0.0,0.0,0.2327242245116949,0.198928936384247,0.2327242245116949,0.8375274280848329,0.2002385909656352,0.2327242245116949,0.0992172766395409,0.2160358560276757,0.0,0.0759448541883714,0.1400910018393042,0.0,0.0,0.0,0.0,0.0,0.2160358560276757,0.0,0.2160358560276757,0.0,none,0.0,0.0,0.0,0.0,0.0,0.0,0.0,0.0,0.0,0.0,0.0,0.0,0.0,0.0,,none,,0.0,0.0,0.0,0.0,0.0,0.0,0.0,0.0,0.0,0.0,0.0,2.0,0.254959332242485,0.8016929594719435,0.8016929594719435,0.1556018280230727,0.0,0.0,0.0,0.0,A,B,rupture_landslide,1.0,1.0,1.0,1.0,0.8635527978308968,0.0783808307225959,0.2865126822542734,0.1357048353688699,-0.0,0.1357048353688699,0.0,0.0,0.0,0.6499999999999999,0.0,0.0,0.0,0.0,0.0,structural_mega_shock_regime,0.2412484680887093,0.0,0.0,0.0,0.1572516557269645,0.1079866174347145,0.894435410009439,0.0,0.2412484680887093,0.0974704920202459,0.0,0.0145784153367076,-0.0145784153367076,0.0874704920202459,0.1666666666666666,0.01,0.0828920766835382,0.08289207668353821,1010209.0,0.0828920766835382
pres_2025,sido_44,이준석,제3지대,1312113.0,,0.0,0.0,0.0,0.3333333333333333,0.2914485129017339,0.0,False,이준석,0.6666666666666665,0.2693955478524616,0.2903968019198479,0.2175240293476766,0.3464336156720926,0.5081001920681283,0.4859221561626372,0.0678571279773684,0.0380765110512041,-0.0191028807370131,0.0035546334770529,0.0248187857762286,0.0112982260622626,0.0,0.0,0.0,0.0,0.1677707451557085,0.1113592686696599,0.1231612195439112,19.097197014263703,0.0,0.0,0.1677707451557085,0.1942733835110736,7.703506159879082,11.39369085438462,0.7938889338505946,0.0265026383553651,0.0265026383553651,0.0,0.0,0.0,0.0,0.0,0.0,0.0,0.0,0.0,0.0,0.0,0.0,0.0,0.0,0.0,0.0,0.0,0.0,0.0,0.0,0.0,0.0,0.0,0.0,0.0,0.1113592686696599,0.1149520178630706,0.0,1.0,1.0,0.0,0.1595215605048424,0.1644377584127059,1.0,1.0,0.0,0.0,0.0,0.0,0.123598107666418,0.6981691486185684,0.1868788335183609,0.1149520178630706,0.0,0.0,0.0,0.0,0.0,0.0,0.0,0.0,0.0,0.0,0.0,0.0,0.0,0.0,0.0,0.0,0.0,0.0,0.0,0.0,0.0,C,C,0.2383364748829927,0.2914485129017339,0.2889246804791203,C,0.1414756209630904,0.2914485129017339,0.0,0.0,0.0,0.0,0.2914485129017339,0.2638055847012865,0.2914485129017339,0.8375274280848329,0.2527916166741458,0.2914485129017339,0.1448618633309054,0.2731251817053804,0.0,0.1113592686696599,0.1617659130357205,0.0,0.0,0.0,0.0,0.0,0.2731251817053804,0.0,0.2731251817053804,0.0,none,0.0,0.0,0.0,0.0,0.0,0.0,0.0,0.0,0.0,0.0,0.0,0.0,0.0,0.0,,none,,0.0,0.0,0.0,0.0,0.0,0.0,0.0,0.0,0.0,0.0,0.0,2.0,0.254959332242485,0.8016929594719435,0.8016929594719435,0.1556018280230727,0.0,0.0,0.0,0.0,A,B,rupture_landslide,1.0,1.0,1.0,1.0,0.8635527978308968,0.0783808307225959,0.2865126822542734,0.1357048353688699,-0.0,0.1357048353688699,0.0,0.0,0.0,0.6499999999999999,0.0,0.0,0.0,0.0,0.0,structural_mega_shock_regime,0.3020965254344823,0.0,0.0,0.0,0.1572516557269645,0.1079866174347145,0.894435410009439,0.0,0.3020965254344823,0.1677707451557085,0.0,0.026295124192618,-0.026295124192618,0.1577707451557085,0.1666666666666666,0.01,0.1414756209630904,0.1414756209630904,1312113.0,0.1414756209630904
pres_2025,sido_45,이준석,제3지대,1225419.0,,0.0,0.0,0.0,0.3333333333333333,0.2426971831403986,0.0,False,이준석,0.6666666666666665,0.2693955478524616,0.2903968019198479,0.2175240293476766,0.3464336156720926,0.5081001920681283,0.4859221561626372,0.0678571279773684,0.0380765110512041,-0.0191028807370131,0.0035546334770529,0.0248187857762286,0.0112982260622626,0.0,0.0,0.0,0.0,0.1213230642572406,0.0806057518283677,0.0913219494772717,19.25736049128249,0.0,0.0,0.1213230642572406,0.1353111438143049,7.703506159879082,11.553854331403413,0.7938889338505946,0.0139880795570642,0.0139880795570642,0.0,0.0,0.0,0.0,0.0,0.0,0.0,0.0,0.0,0.0,0.0,0.0,0.0,0.0,0.0,0.0,0.0,0.0,0.0,0.0,0.0,0.0,0.0,0.0,0.0,0.0806057518283677,0.1409623202593469,0.0,1.0,1.0,0.0,0.1595215605048424,0.1644377584127059,1.0,1.0,0.0,0.0,0.0,0.0,0.0895095223552085,0.723602840395488,0.1354348393451651,0.1409623202593469,0.0,0.0,0.0,0.0,0.0,0.0,0.0,0.0,0.0,0.0,0.0,0.0,0.0,0.0,0.0,0.0,0.0,0.0,0.0,0.0,0.0,C,C,0.2383364748829927,0.2426971831403986,0.2404522527345262,C,0.10276922021436713,0.2426971831403986,0.0,0.0,0.0,0.0,0.2426971831403986,0.2392860488921852,0.2426971831403986,0.8375274280848329,0.23149020221352,0.2426971831403986,0.114816909884246,0.2267121489833795,0.0,0.0806057518283677,0.1461063971550117,0.0,0.0,0.0,0.0,0.0,0.2267121489833795,0.0,0.2267121489833795,0.0,none,0.0,0.0,0.0,0.0,0.0,0.0,0.0,0.0,0.0,0.0,0.0,0.0,0.0,0.0,,none,,0.0,0.0,0.0,0.0,0.0,0.0,0.0,0.0,0.0,0.0,0.0,2.0,0.254959332242485,0.8016929594719435,0.8016929594719435,0.1556018280230727,0.0,0.0,0.0,0.0,A,B,rupture_landslide,1.0,1.0,1.0,1.0,0.8635527978308968,0.0783808307225959,0.2865126822542734,0.1357048353688699,-0.0,0.1357048353688699,0.0,0.0,0.0,0.6499999999999999,0.0,0.0,0.0,0.0,0.0,structural_mega_shock_regime,0.2310167919688711,0.0,0.0,0.0,0.1572516557269645,0.1079866174347145,0.894435410009439,0.0,0.2310167919688711,0.1213230642572406,0.0,0.0185538440428734,-0.0185538440428734,0.1113230642572406,0.1666666666666666,0.01,0.1027692202143671,0.10276922021436713,1225419.0,0.1027692202143671
pres_2025,sido_46,이준석,제3지대,1271616.0,,0.0,0.0,0.0,0.3333333333333333,0.2595069973073821,0.0,False,이준석,0.6666666666666665,0.2693955478524616,0.2903968019198479,0.2175240293476766,0.3464336156720926,0.5081001920681283,0.4859221561626372,0.0678571279773684,0.0380765110512041,-0.0191028807370131,0.0035546334770529,0.0248187857762286,0.0112982260622626,0.0,0.0,0.0,0.0,0.1325917555249373,0.0830656355994106,0.1080809549481558,18.346529149548196,0.0,0.0,0.1325917555249373,0.1576093301799937,7.703506159879082,10.64302298966911,0.7938889338505946,0.0250175746550564,0.0250175746550564,0.0,0.0,0.0,0.0,0.0,0.0,0.0,0.0,0.0,0.0,0.0,0.0,0.0,0.0,0.0,0.0,0.0,0.0,0.0,0.0,0.0,0.0,0.0,0.0,0.0,0.0830656355994106,0.1493351010181369,0.0,1.0,1.0,0.0,0.1595215605048424,0.1644377584127059,1.0,1.0,0.0,0.0,0.0,0.0,0.0896166259881666,0.7273241088973031,0.1233407900845598,0.1493351010181369,0.0,0.0,0.0,0.0,0.0,0.0,0.0,0.0,0.0,0.0,0.0,0.0,0.0,0.0,0.0,0.0,0.0,0.0,0.0,0.0,0.0,C,C,0.2383364748829927,0.2595069973073821,0.2571593773959107,C,0.11215979627078111,0.2595069973073821,0.0,0.0,0.0,0.0,0.2595069973073821,0.2469921651541351,0.2595069973073821,0.8375274280848329,0.2283735377759816,0.2595069973073821,0.121819139257222,0.2422960150511121,0.0,0.0830656355994106,0.1592303794517015,0.0,0.0,0.0,0.0,0.0,0.2422960150511121,0.0,0.2422960150511121,0.0,none,0.0,0.0,0.0,0.0,0.0,0.0,0.0,0.0,0.0,0.0,0.0,0.0,0.0,0.0,,none,,0.0,0.0,0.0,0.0,0.0,0.0,0.0,0.0,0.0,0.0,0.0,2.0,0.254959332242485,0.8016929594719435,0.8016929594719435,0.1556018280230727,0.0,0.0,0.0,0.0,A,B,rupture_landslide,1.0,1.0,1.0,1.0,0.8635527978308968,0.0783808307225959,0.2865126822542734,0.1357048353688699,-0.0,0.1357048353688699,0.0,0.0,0.0,0.6499999999999999,0.0,0.0,0.0,0.0,0.0,structural_mega_shock_regime,0.2449412763198717,0.0,0.0,0.0,0.1572516557269645,0.1079866174347145,0.894435410009439,0.0,0.2449412763198717,0.1325917555249373,0.0,0.0204319592541562,-0.0204319592541562,0.1225917555249373,0.1666666666666666,0.01,0.1121597962707811,0.11215979627078111,1271616.0,0.1121597962707811
pres_2025,sido_47,이준석,제3지대,1757696.0,,0.0,0.0,0.0,0.3333333333333333,0.1675092429545603,0.0,False,이준석,0.6666666666666665,0.2693955478524616,0.2903968019198479,0.2175240293476766,0.3464336156720926,0.5081001920681283,0.4859221561626372,0.0678571279773684,0.0380765110512041,-0.0191028807370131,0.0035546334770529,0.0248187857762286,0.0112982260622626,0.0,0.0,0.0,0.0,0.0727455790757362,0.05819322485265,0.037223933397706,19.5803392882785,0.0,0.0,0.0727455790757362,0.0799764625524561,7.703506159879082,11.876833128399417,0.7938889338505946,0.0072308834767198,0.0072308834767198,0.0,0.0,0.0,0.0,0.0,0.0,0.0,0.0,0.0,0.0,0.0,0.0,0.0,0.0,0.0,0.0,0.0,0.0,0.0,0.0,0.0,0.0,0.0,0.0,0.0,0.0564690842413547,0.0999999999999998,0.0,1.0,1.0,0.0,0.1595215605048424,0.1644377584127059,1.0,1.0,0.0,0.0,0.0,0.0,0.0668096988811891,0.7797074132548529,0.120292586745147,0.0999999999999999,0.0,0.0,0.0,0.0,0.0,0.0,0.0,0.0,0.0,0.0,0.0,0.0,0.0,0.0,0.0,0.0,0.0,0.0,0.0,0.0,0.0,C,C,0.2383364748829927,0.1675092429545603,0.1658075229224183,C,0.06228798256311351,0.1675092429545603,0.0,0.0,0.0,0.0,0.1675092429545603,0.1296946677611037,0.1675092429545603,0.8375274280848329,0.1845010836028179,0.1675092429545603,0.0732200085368107,0.1557230886523416,0.0,0.0564690842413547,0.0992540044109868,0.0,0.0,0.0,0.0,0.0,0.1557230886523416,0.0,0.1557230886523416,0.0,none,0.0,0.0,0.0,0.0,0.0,0.0,0.0,0.0,0.0,0.0,0.0,0.0,0.0,0.0,,none,,0.0,0.0,0.0,0.0,0.0,0.0,0.0,0.0,0.0,0.0,0.0,2.0,0.254959332242485,0.8016929594719435,0.8016929594719435,0.1556018280230727,0.0,0.0,0.0,0.0,A,B,rupture_landslide,1.0,1.0,1.0,1.0,0.8635527978308968,0.0783808307225959,0.2865126822542734,0.1357048353688699,-0.0,0.1357048353688699,0.0,0.0,0.0,0.6499999999999999,0.0,0.0,0.0,0.0,0.0,structural_mega_shock_regime,0.1879583953864367,0.0,0.0,0.0,0.1572516557269645,0.1079866174347145,0.894435410009439,0.0,0.1879583953864367,0.0727455790757363,0.0,0.0104575965126227,-0.0104575965126227,0.0627455790757363,0.1666666666666666,0.01,0.0622879825631135,0.06228798256311351,1757696.0,0.0622879825631135
pres_2025,sido_48,이준석,제3지대,2124344.0,,0.0,0.0,0.0,0.3333333333333333,0.1806683532674408,0.0,False,이준석,0.6666666666666665,0.2693955478524616,0.2903968019198479,0.2175240293476766,0.3464336156720926,0.5081001920681283,0.4859221561626372,0.0678571279773684,0.0380765110512041,-0.0191028807370131,0.0035546334770529,0.0248187857762286,0.0112982260622626,0.0,0.0,0.0,0.0,0.0673330706488178,0.0515499099856478,0.0400499518406206,19.25736049128249,0.0,0.0,0.0673330706488178,0.06670888162598,7.703506159879082,11.553854331403413,0.7938889338505946,0.0,-0.0006241890228378,0.0,0.0,0.0,0.0,0.0,0.0,0.0,0.0,0.0,0.0,0.0,0.0,0.0,0.0,0.0,0.0,0.0,0.0,0.0,0.0,0.0,0.0,0.0,0.0,0.0,0.0515499099856478,0.1125856127150621,0.0,1.0,1.0,0.0,0.1595215605048424,0.1644377584127059,1.0,1.0,0.0,0.0,0.0,0.0,0.064062389382965,0.7588392181737231,0.1285751691112147,0.112585612715062,0.0,0.0,0.0,0.0,0.0,0.0,0.0,0.0,0.0,0.0,0.0,0.0,0.0,0.0,0.0,0.0,0.0,0.0,0.0,0.0,0.0,C,C,0.2383364748829927,0.1806683532674408,0.1788616722710942,C,0.05777755887401479,0.1806683532674408,0.0,0.0,0.0,0.0,0.1806683532674408,0.1794920663306382,0.1806683532674408,0.8375274280848329,0.2019787693578892,0.1806683532674408,0.0718905672364839,0.1670711300135712,0.0,0.0515499099856478,0.1155212200279234,0.0,0.0,0.0,0.0,0.0,0.1670711300135712,0.0,0.1670711300135712,0.0,none,0.0,0.0,0.0,0.0,0.0,0.0,0.0,0.0,0.0,0.0,0.0,0.0,0.0,0.0,,none,,0.0,0.0,0.0,0.0,0.0,0.0,0.0,0.0,0.0,0.0,0.0,2.0,0.254959332242485,0.8016929594719435,0.8016929594719435,0.1556018280230727,0.0,0.0,0.0,0.0,A,B,rupture_landslide,1.0,1.0,1.0,1.0,0.8635527978308968,0.0783808307225959,0.2865126822542734,0.1357048353688699,-0.0,0.1357048353688699,0.0,0.0,0.0,0.6499999999999999,0.0,0.0,0.0,0.0,0.0,structural_mega_shock_regime,0.1926129012279414,0.0,0.0,0.0,0.1572516557269645,0.1079866174347145,0.894435410009439,0.0,0.1926129012279414,0.0673330706488178,0.0,0.0095555117748029,-0.0095555117748029,0.0573330706488178,0.1666666666666666,0.01,0.0577775588740148,0.05777755887401479,2124344.0,0.0577775588740148
pres_2025,sido_50,이준석,제3지대,405238.0,,0.0,0.0,0.0,0.3333333333333333,0.2265725899521701,0.0,False,이준석,0.6666666666666665,0.2693955478524616,0.2903968019198479,0.2175240293476766,0.3464336156720926,0.5081001920681283,0.4859221561626372,0.0678571279773684,0.0380765110512041,-0.0191028807370131,0.0035546334770529,0.0248187857762286,0.0112982260622626,0.0,0.0,0.0,0.0,0.0848601550580219,0.0661893319618392,0.0515054103444907,13.861389329695085,0.0,0.0,0.0848601550580219,0.109895775919071,6.253568420319005,7.607820909376077,0.7576805694036156,0.025035620861049,0.025035620861049,0.0,0.0,0.0,0.0,0.0,0.0,0.0,0.0,0.0,0.0,0.0,0.0,0.0,0.0,0.0,0.0,0.0,0.0,0.0,0.0,0.0,0.0,0.0,0.0,0.0,0.0661893319618392,0.145283230037314,0.0,1.0,1.0,0.0,0.1595215605048424,0.1644377584127059,1.0,1.0,0.0,0.0,0.0,0.0,0.0783966871954235,0.7132533605414471,0.1414634094212389,0.145283230037314,0.0,0.0,0.0,0.0,0.0,0.0,0.0,0.0,0.0,0.0,0.0,0.0,0.0,0.0,0.0,0.0,0.0,0.0,0.0,0.0,0.0,C,C,0.2383364748829927,0.2265725899521701,0.2244326086613831,C,0.07238346254835162,0.2265725899521701,0.0,0.0,0.0,0.0,0.2265725899521701,0.2265725899521702,0.2265725899521701,0.8375274280848329,0.2401581754576907,0.2265725899521701,0.0991065296680104,0.2106393324166502,0.0,0.0661893319618392,0.1444500004548109,0.0,0.0,0.0,0.0,0.0,0.2106393324166502,0.0,0.2106393324166502,0.0,none,0.0,0.0,0.0,0.0,0.0,0.0,0.0,0.0,0.0,0.0,0.0,0.0,0.0,0.0,,none,,0.0,0.0,0.0,0.0,0.0,0.0,0.0,0.0,0.0,0.0,0.0,2.0,0.254959332242485,0.8016929594719435,0.8016929594719435,0.1556018280230727,0.0,0.0,0.0,0.0,A,B,rupture_landslide,1.0,1.0,1.0,1.0,0.8635527978308968,0.0783808307225959,0.2865126822542734,0.1357048353688699,-0.0,0.1357048353688699,0.0,0.0,0.0,0.6499999999999999,0.0,0.0,0.0,0.0,0.0,structural_mega_shock_regime,0.2306102305228546,0.0,0.0,0.0,0.1572516557269645,0.1079866174347145,0.894435410009439,0.0,0.2306102305228546,0.0848601550580219,0.0,0.0124766925096703,-0.0124766925096703,0.0748601550580219,0.1666666666666666,0.01,0.0723834625483516,0.07238346254835162,405238.0,0.0723834625483516
